PT_N2_01,PT_N2_03,PT_N2_04,PT_N2_23,PT_GO2_01,PT_GO2_02,PT_H2_01,PT_H2_02,PT_GO2_04_2,PT_FU_05,PT_FU_06,PT_GO2_03_2
-92.95637512207031,-78.23738098144531,-80.7672119140625,-66.73816680908203,-67.19813537597656,-80.53722381591797,-69.95794677734375,-93.64633178710938,108.25556945800781,43.30222702026367,43.30222702026367,-285.1030578613281
-82.1471176147461,-90.65653228759766,-75.47756958007812,-92.95637512207031,-73.17772674560547,-76.39750671386719,-70.64789581298828,-79.15731811523438,108.25556945800781,43.30222702026367,43.30222702026367,-285.51885986328125
-74.32764434814453,-92.72639465332031,-81.22718048095703,-92.72639465332031,-75.2475814819336,-81.22718048095703,-67.6581039428711,-82.3770980834961,108.25556945800781,43.30222702026367,43.30222702026367,-285.1492614746094
-85.82686614990234,-87.20677185058594,-90.65653228759766,-78.69734954833984,-93.87631225585938,-74.32764434814453,-72.71775817871094,-92.49640655517578,108.25556945800781,43.30222702026367,43.30222702026367,-285.5650634765625
-89.04664611816406,-73.86767578125,-84.67694091796875,-95.02623748779297,-76.85747528076172,-77.31744384765625,-72.71775817871094,-88.58667755126953,108.25556945800781,43.30222702026367,43.30222702026367,-286.5198974609375
-90.42655181884766,-89.96658325195312,-91.57646942138672,-78.00739288330078,-80.30724334716797,-84.67694091796875,-78.92733764648438,-67.19813537597656,108.25556945800781,43.30222702026367,43.30222702026367,-284.7796325683594
-93.64633178710938,-76.16751861572266,-78.00739288330078,-89.04664611816406,-67.19813537597656,-77.31744384765625,-63.97835159301758,-78.69734954833984,108.25556945800781,43.30222702026367,43.30222702026367,-285.31866455078125
-75.0176010131836,-71.33785247802734,-82.60708618164062,-82.1471176147461,-75.93753814697266,-83.52702331542969,-60.75857162475586,-81.68714904785156,108.25556945800781,43.30222702026367,43.30222702026367,-283.8863830566406
-70.87788391113281,-77.54742431640625,-62.82843017578125,-82.1471176147461,-53.39907455444336,-71.79782104492188,-65.81822967529297,-55.46893310546875,108.25556945800781,43.30222702026367,43.30222702026367,-283.6707763671875
-58.68871307373047,-69.49797821044922,-56.15888595581055,-90.19656372070312,-63.28839874267578,-67.8880844116211,-38.45009231567383,-67.6581039428711,108.25556945800781,43.30222702026367,43.30222702026367,-284.37921142578125
-58.68871307373047,-72.2577896118164,-65.35826110839844,-61.90849304199219,-57.768775939941406,-63.058414459228516,-61.448524475097656,-53.85904312133789,108.25556945800781,43.30222702026367,43.30222702026367,-284.4562072753906
-71.56783294677734,-55.698917388916016,-67.8880844116211,-61.448524475097656,-56.848838806152344,-62.13847732543945,-39.140045166015625,-75.47756958007812,108.25556945800781,43.30222702026367,43.30222702026367,-283.4859619140625
-65.81822967529297,-61.448524475097656,-64.43832397460938,-68.57804107666016,-62.82843017578125,-61.67850875854492,-54.31901168823242,-57.768775939941406,108.25556945800781,43.30222702026367,43.30222702026367,-284.5486145019531
-69.95794677734375,-60.75857162475586,-73.17772674560547,-59.60865020751953,-57.99876022338867,-65.35826110839844,-39.82999801635742,-74.55763244628906,108.25556945800781,43.30222702026367,43.30222702026367,-283.6553649902344
-79.6172866821289,-79.6172866821289,-75.70755004882812,-68.80802154541016,-47.64946365356445,-59.60865020751953,-54.54899597167969,-81.91712951660156,108.25556945800781,43.30222702026367,43.30222702026367,-283.6553649902344
-65.35826110839844,-67.19813537597656,-69.95794677734375,-83.52702331542969,-53.39907455444336,-81.45716094970703,-54.77898025512695,-68.34805297851562,108.25556945800781,43.30222702026367,43.30222702026367,-285.0722351074219
-86.05684661865234,-69.26799011230469,-74.78761291503906,-86.9767837524414,-60.29860305786133,-84.67694091796875,-59.60865020751953,-74.32764434814453,108.25556945800781,43.30222702026367,43.30222702026367,-284.8258361816406
-66.04821014404297,-101.23580932617188,-73.17772674560547,-87.43675231933594,-80.53722381591797,-64.20833587646484,-74.09766387939453,-77.08745574951172,108.25556945800781,43.30222702026367,43.30222702026367,-284.718017578125
-70.18792724609375,-90.19656372070312,-90.42655181884766,-75.2475814819336,-94.56626892089844,-72.4877700805664,-70.41791534423828,-90.19656372070312,108.25556945800781,43.30222702026367,43.30222702026367,-285.5034484863281
-88.356689453125,-74.55763244628906,-98.93596649169922,-79.3873062133789,-81.68714904785156,-88.81665802001953,-67.8880844116211,-90.88652038574219,108.25556945800781,43.30222702026367,43.30222702026367,-286.4429016113281
-90.42655181884766,-78.46736145019531,-82.1471176147461,-90.65653228759766,-80.7672119140625,-77.77741241455078,-75.47756958007812,-85.13690948486328,108.25556945800781,43.30222702026367,43.30222702026367,-286.1348876953125
-69.95794677734375,-99.62592315673828,-86.9767837524414,-97.0960922241211,-78.23738098144531,-65.81822967529297,-69.72795867919922,-68.80802154541016,108.25556945800781,43.30222702026367,43.30222702026367,-286.78173828125
-72.02780151367188,-84.90692901611328,-71.79782104492188,-91.11650085449219,-82.1471176147461,-85.13690948486328,-91.80645751953125,-85.59687805175781,108.25556945800781,43.30222702026367,43.30222702026367,-286.3042907714844
-63.058414459228516,-76.39750671386719,-59.378665924072266,-76.16751861572266,-75.2475814819336,-79.84727478027344,-87.66674041748047,-80.53722381591797,108.25556945800781,43.30222702026367,43.30222702026367,-285.1184387207031
-70.87788391113281,-64.66830444335938,-84.67694091796875,-74.32764434814453,-70.87788391113281,-57.99876022338867,-46.959510803222656,-68.80802154541016,108.25556945800781,43.30222702026367,43.30222702026367,-285.5496520996094
-81.22718048095703,-66.5081787109375,-66.04821014404297,-54.77898025512695,-45.11963653564453,-61.67850875854492,-43.73973083496094,-71.79782104492188,108.25556945800781,43.30222702026367,43.30222702026367,-285.5650634765625
-82.83706665039062,-63.97835159301758,-63.97835159301758,-73.40770721435547,-47.18949508666992,-57.768775939941406,-52.24915313720703,-66.04821014404297,108.25556945800781,43.30222702026367,43.30222702026367,-284.7950439453125
-60.75857162475586,-73.17772674560547,-68.34805297851562,-60.29860305786133,-71.56783294677734,-49.02936935424805,-51.559200286865234,-66.73816680908203,108.25556945800781,43.30222702026367,43.30222702026367,-284.6410217285156
-65.81822967529297,-69.03800964355469,-68.34805297851562,-63.97835159301758,-68.57804107666016,-51.0992317199707,-51.32921600341797,-66.04821014404297,108.25556945800781,43.30222702026367,43.30222702026367,-284.4562072753906
-70.41791534423828,-79.15731811523438,-58.918697357177734,-71.79782104492188,-44.19969940185547,-43.73973083496094,-44.429683685302734,-46.499542236328125,108.25556945800781,43.30222702026367,43.30222702026367,-286.07330322265625
-57.07882308959961,-73.6376953125,-72.2577896118164,-60.75857162475586,-73.86767578125,-51.0992317199707,-51.32921600341797,-67.8880844116211,108.25556945800781,43.30222702026367,43.30222702026367,-284.48699951171875
-54.31901168823242,-90.19656372070312,-61.90849304199219,-76.39750671386719,-75.2475814819336,-58.4587287902832,-77.77741241455078,-58.68871307373047,108.25556945800781,43.30222702026367,43.30222702026367,-285.9500732421875
-58.22874450683594,-87.20677185058594,-64.66830444335938,-80.53722381591797,-77.77741241455078,-61.67850875854492,-71.33785247802734,-68.11807250976562,108.25556945800781,43.30222702026367,43.30222702026367,-285.4418640136719
-91.11650085449219,-68.57804107666016,-79.3873062133789,-91.57646942138672,-58.918697357177734,-88.126708984375,-63.058414459228516,-80.07725524902344,108.25556945800781,43.30222702026367,43.30222702026367,-285.1800537109375
-79.3873062133789,-90.19656372070312,-69.72795867919922,-83.52702331542969,-74.55763244628906,-80.9971923828125,-65.1282730102539,-90.88652038574219,108.25556945800781,43.30222702026367,43.30222702026367,-284.517822265625
-89.27662658691406,-76.62748718261719,-84.21697235107422,-92.95637512207031,-68.57804107666016,-99.62592315673828,-69.26799011230469,-87.66674041748047,108.25556945800781,43.30222702026367,43.30222702026367,-285.3802490234375
-101.00582885742188,-87.66674041748047,-89.04664611816406,-94.79624938964844,-72.94773864746094,-84.21697235107422,-74.09766387939453,-73.17772674560547,108.25556945800781,43.30222702026367,43.30222702026367,-285.3494567871094
-101.00582885742188,-80.30724334716797,-84.21697235107422,-96.40614318847656,-70.41791534423828,-85.36689758300781,-76.85747528076172,-90.88652038574219,108.25556945800781,43.30222702026367,43.30222702026367,-285.7190856933594
-85.59687805175781,-89.27662658691406,-72.2577896118164,-94.1063003540039,-73.40770721435547,-77.54742431640625,-80.07725524902344,-72.71775817871094,108.25556945800781,43.30222702026367,43.30222702026367,-286.1502990722656
-82.1471176147461,-75.0176010131836,-80.9971923828125,-89.04664611816406,-64.43832397460938,-94.1063003540039,-66.04821014404297,-83.75700378417969,108.25556945800781,43.30222702026367,43.30222702026367,-285.5496520996094
-71.79782104492188,-78.23738098144531,-75.70755004882812,-68.57804107666016,-76.62748718261719,-69.26799011230469,-66.2781982421875,-76.62748718261719,108.25556945800781,43.30222702026367,43.30222702026367,-285.6420593261719
-79.3873062133789,-69.49797821044922,-73.6376953125,-78.46736145019531,-69.49797821044922,-58.68871307373047,-73.6376953125,-60.29860305786133,108.25556945800781,43.30222702026367,43.30222702026367,-285.0106506347656
-64.20833587646484,-78.00739288330078,-71.10786437988281,-58.918697357177734,-74.78761291503906,-53.85904312133789,-55.46893310546875,-73.40770721435547,108.25556945800781,43.30222702026367,43.30222702026367,-284.6102294921875
-74.78761291503906,-57.99876022338867,-57.768775939941406,-71.56783294677734,-67.19813537597656,-60.528587341308594,-40.51995086669922,-63.058414459228516,108.25556945800781,43.30222702026367,43.30222702026367,-284.70263671875
-64.43832397460938,-81.45716094970703,-52.70912170410156,-66.5081787109375,-58.4587287902832,-70.87788391113281,-38.680076599121094,-58.4587287902832,108.25556945800781,43.30222702026367,43.30222702026367,-284.6410217285156
-70.87788391113281,-56.15888595581055,-79.84727478027344,-58.4587287902832,-57.768775939941406,-68.80802154541016,-41.209903717041016,-74.55763244628906,108.25556945800781,43.30222702026367,43.30222702026367,-284.1636047363281
-62.36846160888672,-72.94773864746094,-69.95794677734375,-61.90849304199219,-67.19813537597656,-51.559200286865234,-54.54899597167969,-70.64789581298828,108.25556945800781,43.30222702026367,43.30222702026367,-284.3175964355469
-73.86767578125,-67.42811584472656,-66.96814727783203,-67.8880844116211,-64.8982925415039,-57.07882308959961,-56.848838806152344,-71.56783294677734,108.25556945800781,43.30222702026367,43.30222702026367,-284.67181396484375
-53.169090270996094,-72.02780151367188,-78.46736145019531,-62.598445892333984,-85.82686614990234,-61.90849304199219,-59.8386344909668,-75.70755004882812,108.25556945800781,43.30222702026367,43.30222702026367,-284.7796325683594
-73.40770721435547,-70.41791534423828,-85.13690948486328,-69.26799011230469,-71.10786437988281,-80.7672119140625,-51.32921600341797,-90.88652038574219,108.25556945800781,43.30222702026367,43.30222702026367,-284.3022155761719
-67.8880844116211,-73.86767578125,-77.31744384765625,-88.126708984375,-57.07882308959961,-76.62748718261719,-73.17772674560547,-87.43675231933594,108.25556945800781,43.30222702026367,43.30222702026367,-285.9346923828125
-65.35826110839844,-79.84727478027344,-58.68871307373047,-66.04821014404297,-73.6376953125,-58.918697357177734,-55.00896453857422,-77.77741241455078,108.25556945800781,43.30222702026367,43.30222702026367,-284.517822265625
-98.93596649169922,-91.80645751953125,-84.21697235107422,-101.4657974243164,-87.66674041748047,-85.82686614990234,-84.21697235107422,-87.66674041748047,108.25556945800781,43.30222702026367,43.30222702026367,-286.3042907714844
-102.38573455810547,-83.98699188232422,-87.43675231933594,-72.71775817871094,-94.1063003540039,-85.13690948486328,-78.69734954833984,-68.11807250976562,108.25556945800781,43.30222702026367,43.30222702026367,-284.85662841796875
-80.07725524902344,-90.65653228759766,-63.97835159301758,-77.54742431640625,-76.39750671386719,-79.84727478027344,-91.57646942138672,-90.88652038574219,108.25556945800781,43.30222702026367,43.30222702026367,-285.6882629394531
-75.47756958007812,-88.126708984375,-88.126708984375,-73.86767578125,-93.41634368896484,-71.33785247802734,-73.86767578125,-89.5066146850586,108.25556945800781,43.30222702026367,43.30222702026367,-285.70367431640625
-79.6172866821289,-78.69734954833984,-80.7672119140625,-82.1471176147461,-76.62748718261719,-76.16751861572266,-62.598445892333984,-73.40770721435547,108.25556945800781,43.30222702026367,43.30222702026367,-285.7806701660156
-60.06861877441406,-95.02623748779297,-66.96814727783203,-79.15731811523438,-71.10786437988281,-57.07882308959961,-66.2781982421875,-69.49797821044922,108.25556945800781,43.30222702026367,43.30222702026367,-284.5948181152344
-83.52702331542969,-65.58824157714844,-88.81665802001953,-70.41791534423828,-64.43832397460938,-73.40770721435547,-46.959510803222656,-77.77741241455078,108.25556945800781,43.30222702026367,43.30222702026367,-286.08868408203125
-80.7672119140625,-73.86767578125,-71.79782104492188,-57.308807373046875,-63.28839874267578,-66.96814727783203,-65.1282730102539,-60.29860305786133,108.25556945800781,43.30222702026367,43.30222702026367,-285.5034484863281
-63.28839874267578,-65.35826110839844,-65.35826110839844,-69.26799011230469,-60.528587341308594,-64.20833587646484,-52.93910598754883,-57.99876022338867,108.25556945800781,43.30222702026367,43.30222702026367,-284.8258361816406
-67.19813537597656,-75.93753814697266,-55.46893310546875,-80.53722381591797,-45.11963653564453,-57.99876022338867,-55.46893310546875,-52.4791374206543,108.25556945800781,43.30222702026367,43.30222702026367,-284.8104248046875
-74.55763244628906,-58.68871307373047,-80.07725524902344,-57.768775939941406,-57.768775939941406,-66.73816680908203,-40.51995086669922,-81.91712951660156,108.25556945800781,43.30222702026367,43.30222702026367,-283.2241516113281
-66.2781982421875,-71.56783294677734,-57.07882308959961,-69.95794677734375,-61.21854019165039,-64.66830444335938,-50.409278869628906,-67.6581039428711,108.25556945800781,43.30222702026367,43.30222702026367,-284.10198974609375
-69.72795867919922,-66.73816680908203,-75.47756958007812,-63.28839874267578,-67.6581039428711,-72.02780151367188,-44.65966796875,-81.45716094970703,108.25556945800781,43.30222702026367,43.30222702026367,-283.6553649902344
-69.72795867919922,-74.32764434814453,-75.2475814819336,-77.08745574951172,-69.03800964355469,-65.58824157714844,-60.29860305786133,-63.97835159301758,108.25556945800781,43.30222702026367,43.30222702026367,-285.6728820800781
-75.70755004882812,-84.90692901611328,-83.98699188232422,-70.64789581298828,-69.49797821044922,-56.848838806152344,-67.8880844116211,-82.3770980834961,108.25556945800781,43.30222702026367,43.30222702026367,-285.13385009765625
-76.85747528076172,-79.15731811523438,-80.7672119140625,-80.07725524902344,-78.69734954833984,-83.98699188232422,-59.8386344909668,-91.11650085449219,108.25556945800781,43.30222702026367,43.30222702026367,-284.4254150390625
-77.54742431640625,-86.7468032836914,-72.4877700805664,-93.41634368896484,-78.46736145019531,-82.1471176147461,-70.87788391113281,-74.09766387939453,108.25556945800781,43.30222702026367,43.30222702026367,-285.7652893066406
-75.0176010131836,-88.356689453125,-94.79624938964844,-74.32764434814453,-96.8661117553711,-75.70755004882812,-71.56783294677734,-89.5066146850586,108.25556945800781,43.30222702026367,43.30222702026367,-285.7344665527344
-90.19656372070312,-74.32764434814453,-86.51681518554688,-85.13690948486328,-79.84727478027344,-80.53722381591797,-76.62748718261719,-79.6172866821289,108.25556945800781,43.30222702026367,43.30222702026367,-285.9654846191406
-89.96658325195312,-72.4877700805664,-89.96658325195312,-83.06705474853516,-80.7672119140625,-84.44696044921875,-77.31744384765625,-84.21697235107422,108.25556945800781,43.30222702026367,43.30222702026367,-285.7190856933594
-82.3770980834961,-84.44696044921875,-85.59687805175781,-81.91712951660156,-79.84727478027344,-84.44696044921875,-65.58824157714844,-86.05684661865234,108.25556945800781,43.30222702026367,43.30222702026367,-285.41107177734375
-67.19813537597656,-81.91712951660156,-74.78761291503906,-99.16595458984375,-75.93753814697266,-81.91712951660156,-63.28839874267578,-64.66830444335938,108.25556945800781,43.30222702026367,43.30222702026367,-285.5650634765625
-91.57646942138672,-73.86767578125,-71.56783294677734,-77.31744384765625,-52.24915313720703,-71.56783294677734,-63.97835159301758,-76.16751861572266,108.25556945800781,43.30222702026367,43.30222702026367,-285.04144287109375
-62.598445892333984,-78.23738098144531,-75.93753814697266,-58.22874450683594,-82.1471176147461,-59.60865020751953,-61.90849304199219,-73.86767578125,108.25556945800781,43.30222702026367,43.30222702026367,-284.9336242675781
-58.22874450683594,-74.32764434814453,-74.55763244628906,-57.768775939941406,-79.6172866821289,-58.22874450683594,-55.46893310546875,-69.49797821044922,108.25556945800781,43.30222702026367,43.30222702026367,-284.718017578125
-70.18792724609375,-56.61885452270508,-79.3873062133789,-62.598445892333984,-57.768775939941406,-63.51838302612305,-46.039573669433594,-69.26799011230469,108.25556945800781,43.30222702026367,43.30222702026367,-285.0106506347656
-64.8982925415039,-70.18792724609375,-66.5081787109375,-60.06861877441406,-67.8880844116211,-48.79938507080078,-54.54899597167969,-68.34805297851562,108.25556945800781,43.30222702026367,43.30222702026367,-284.533203125
-52.93910598754883,-83.75700378417969,-65.58824157714844,-76.39750671386719,-49.48933792114258,-52.70912170410156,-52.4791374206543,-58.22874450683594,108.25556945800781,43.30222702026367,43.30222702026367,-284.0711975097656
-68.80802154541016,-83.98699188232422,-69.49797821044922,-72.71775817871094,-80.53722381591797,-69.26799011230469,-54.54899597167969,-58.68871307373047,108.25556945800781,43.30222702026367,43.30222702026367,-284.4100036621094
-60.75857162475586,-72.94773864746094,-71.10786437988281,-70.41791534423828,-69.03800964355469,-71.79782104492188,-60.29860305786133,-84.44696044921875,108.25556945800781,43.30222702026367,43.30222702026367,-284.8104248046875
-69.26799011230469,-84.44696044921875,-57.308807373046875,-74.32764434814453,-68.80802154541016,-60.528587341308594,-64.20833587646484,-71.56783294677734,108.25556945800781,43.30222702026367,43.30222702026367,-284.4100036621094
-73.86767578125,-82.1471176147461,-68.57804107666016,-81.91712951660156,-76.39750671386719,-68.11807250976562,-74.55763244628906,-66.73816680908203,108.25556945800781,43.30222702026367,43.30222702026367,-285.6266784667969
-78.00739288330078,-91.11650085449219,-65.81822967529297,-102.845703125,-72.02780151367188,-79.3873062133789,-69.49797821044922,-66.96814727783203,108.25556945800781,43.30222702026367,43.30222702026367,-285.6728820800781
-74.55763244628906,-102.15574645996094,-73.86767578125,-89.04664611816406,-86.05684661865234,-66.73816680908203,-85.13690948486328,-77.31744384765625,108.25556945800781,43.30222702026367,43.30222702026367,-286.2118835449219
-87.20677185058594,-95.94617462158203,-74.55763244628906,-101.23580932617188,-67.8880844116211,-83.29703521728516,-80.53722381591797,-71.56783294677734,108.25556945800781,43.30222702026367,43.30222702026367,-286.0116882324219
-101.23580932617188,-86.7468032836914,-87.43675231933594,-71.56783294677734,-86.51681518554688,-87.66674041748047,-84.90692901611328,-77.31744384765625,108.25556945800781,43.30222702026367,43.30222702026367,-287.30535888671875
-69.72795867919922,-85.59687805175781,-85.59687805175781,-83.75700378417969,-69.95794677734375,-81.45716094970703,-79.3873062133789,-72.2577896118164,108.25556945800781,43.30222702026367,43.30222702026367,-285.0260314941406
-84.21697235107422,-90.88652038574219,-65.81822967529297,-92.26642608642578,-74.32764434814453,-82.60708618164062,-54.54899597167969,-84.67694091796875,108.25556945800781,43.30222702026367,43.30222702026367,-285.3956604003906
-94.3362808227539,-87.43675231933594,-84.44696044921875,-87.20677185058594,-58.4587287902832,-70.41791534423828,-49.71932601928711,-82.60708618164062,108.25556945800781,43.30222702026367,43.30222702026367,-284.8720397949219
-63.97835159301758,-75.0176010131836,-71.10786437988281,-68.34805297851562,-64.66830444335938,-67.8880844116211,-64.66830444335938,-60.988555908203125,108.25556945800781,43.30222702026367,43.30222702026367,-285.79608154296875
-58.68871307373047,-74.09766387939453,-74.32764434814453,-66.04821014404297,-78.23738098144531,-56.15888595581055,-56.15888595581055,-70.87788391113281,108.25556945800781,43.30222702026367,43.30222702026367,-284.6410217285156
-84.21697235107422,-61.21854019165039,-65.58824157714844,-78.00739288330078,-44.65966796875,-74.32764434814453,-51.0992317199707,-65.58824157714844,108.25556945800781,43.30222702026367,43.30222702026367,-284.6872253417969
-53.85904312133789,-85.59687805175781,-61.21854019165039,-72.02780151367188,-45.80958938598633,-72.71775817871094,-57.99876022338867,-70.41791534423828,108.25556945800781,43.30222702026367,43.30222702026367,-284.8874206542969
-53.39907455444336,-66.5081787109375,-62.82843017578125,-88.81665802001953,-57.768775939941406,-63.28839874267578,-38.22010803222656,-57.53879165649414,108.25556945800781,43.30222702026367,43.30222702026367,-283.5013732910156
-69.72795867919922,-51.7891845703125,-77.31744384765625,-68.11807250976562,-64.20833587646484,-52.019168853759766,-68.57804107666016,-57.308807373046875,108.25556945800781,43.30222702026367,43.30222702026367,-284.10198974609375
-75.2475814819336,-70.64789581298828,-71.56783294677734,-57.99876022338867,-50.409278869628906,-60.988555908203125,-52.70912170410156,-74.55763244628906,108.25556945800781,43.30222702026367,43.30222702026367,-285.5034484863281
-73.17772674560547,-79.84727478027344,-54.77898025512695,-76.16751861572266,-50.409278869628906,-72.94773864746094,-62.13847732543945,-80.53722381591797,108.25556945800781,43.30222702026367,43.30222702026367,-284.74884033203125
-89.04664611816406,-71.79782104492188,-72.94773864746094,-75.93753814697266,-82.1471176147461,-60.988555908203125,-64.20833587646484,-78.23738098144531,108.25556945800781,43.30222702026367,43.30222702026367,-285.1184387207031
-86.05684661865234,-70.64789581298828,-77.77741241455078,-89.7365951538086,-65.35826110839844,-89.96658325195312,-56.15888595581055,-75.70755004882812,108.25556945800781,43.30222702026367,43.30222702026367,-284.74884033203125
-70.18792724609375,-84.67694091796875,-67.42811584472656,-97.32608032226562,-81.68714904785156,-86.7468032836914,-67.19813537597656,-64.43832397460938,108.25556945800781,43.30222702026367,43.30222702026367,-285.98089599609375
-84.67694091796875,-73.17772674560547,-66.96814727783203,-82.3770980834961,-60.29860305786133,-69.72795867919922,-72.4877700805664,-67.42811584472656,108.25556945800781,43.30222702026367,43.30222702026367,-285.41107177734375
-89.27662658691406,-97.0960922241211,-67.19813537597656,-103.07568359375,-74.32764434814453,-84.21697235107422,-75.70755004882812,-86.05684661865234,108.25556945800781,43.30222702026367,43.30222702026367,-284.6102294921875
-86.7468032836914,-89.96658325195312,-76.62748718261719,-89.96658325195312,-90.19656372070312,-68.80802154541016,-83.75700378417969,-87.43675231933594,108.25556945800781,43.30222702026367,43.30222702026367,-285.2108459472656
-85.36689758300781,-75.0176010131836,-97.32608032226562,-90.88652038574219,-83.06705474853516,-66.04821014404297,-83.52702331542969,-85.82686614990234,108.25556945800781,43.30222702026367,43.30222702026367,-285.1800537109375
-94.3362808227539,-76.62748718261719,-77.31744384765625,-91.11650085449219,-62.598445892333984,-85.36689758300781,-57.308807373046875,-81.45716094970703,108.25556945800781,43.30222702026367,43.30222702026367,-284.8720397949219
-85.36689758300781,-66.04821014404297,-88.81665802001953,-71.33785247802734,-71.56783294677734,-77.31744384765625,-50.17929458618164,-88.356689453125,108.25556945800781,43.30222702026367,43.30222702026367,-284.0711975097656
-69.26799011230469,-69.49797821044922,-87.89672088623047,-79.84727478027344,-75.47756958007812,-58.4587287902832,-45.11963653564453,-66.2781982421875,108.25556945800781,43.30222702026367,43.30222702026367,-285.457275390625
-57.768775939941406,-59.60865020751953,-63.51838302612305,-73.6376953125,-80.9971923828125,-64.8982925415039,-55.92890167236328,-45.57960510253906,108.25556945800781,43.30222702026367,43.30222702026367,-286.3042907714844
-62.598445892333984,-73.40770721435547,-68.11807250976562,-56.38887023925781,-73.17772674560547,-52.93910598754883,-55.00896453857422,-70.18792724609375,108.25556945800781,43.30222702026367,43.30222702026367,-284.65643310546875
-80.7672119140625,-61.90849304199219,-60.528587341308594,-71.79782104492188,-43.279762268066406,-72.94773864746094,-53.39907455444336,-64.8982925415039,108.25556945800781,43.30222702026367,43.30222702026367,-284.28680419921875
-59.378665924072266,-69.72795867919922,-69.26799011230469,-67.19813537597656,-62.598445892333984,-57.53879165649414,-54.54899597167969,-66.5081787109375,108.25556945800781,43.30222702026367,43.30222702026367,-284.517822265625
-51.32921600341797,-75.2475814819336,-62.13847732543945,-71.10786437988281,-59.378665924072266,-54.54899597167969,-49.25935363769531,-62.82843017578125,108.25556945800781,43.30222702026367,43.30222702026367,-283.9787902832031
-59.378665924072266,-76.85747528076172,-66.96814727783203,-75.0176010131836,-61.448524475097656,-66.04821014404297,-49.949310302734375,-69.72795867919922,108.25556945800781,43.30222702026367,43.30222702026367,-283.90179443359375
-78.46736145019531,-69.26799011230469,-56.15888595581055,-72.4877700805664,-60.06861877441406,-87.20677185058594,-62.598445892333984,-78.69734954833984,108.25556945800781,43.30222702026367,43.30222702026367,-284.8720397949219
-73.6376953125,-82.3770980834961,-60.528587341308594,-86.9767837524414,-78.00739288330078,-83.75700378417969,-51.559200286865234,-63.97835159301758,108.25556945800781,43.30222702026367,43.30222702026367,-284.2406005859375
-80.07725524902344,-90.65653228759766,-64.8982925415039,-101.00582885742188,-68.80802154541016,-75.93753814697266,-71.10786437988281,-68.80802154541016,108.25556945800781,43.30222702026367,43.30222702026367,-284.7950439453125
-84.67694091796875,-91.11650085449219,-73.17772674560547,-88.126708984375,-77.31744384765625,-81.91712951660156,-71.10786437988281,-89.7365951538086,108.25556945800781,43.30222702026367,43.30222702026367,-285.8268737792969
-102.15574645996094,-80.7672119140625,-83.52702331542969,-77.31744384765625,-96.63612365722656,-80.9971923828125,-78.92733764648438,-72.71775817871094,108.25556945800781,43.30222702026367,43.30222702026367,-284.5486145019531
-75.70755004882812,-72.94773864746094,-81.91712951660156,-89.5066146850586,-87.43675231933594,-73.6376953125,-71.10786437988281,-78.69734954833984,108.25556945800781,43.30222702026367,43.30222702026367,-284.6410217285156
-76.62748718261719,-105.37553405761719,-79.84727478027344,-89.96658325195312,-71.33785247802734,-98.24601745605469,-62.82843017578125,-82.60708618164062,108.25556945800781,43.30222702026367,43.30222702026367,-286.1502990722656
-86.05684661865234,-83.98699188232422,-66.2781982421875,-78.00739288330078,-80.9971923828125,-89.7365951538086,-72.4877700805664,-64.66830444335938,108.25556945800781,43.30222702026367,43.30222702026367,-286.412109375
-78.23738098144531,-69.95794677734375,-79.15731811523438,-67.42811584472656,-59.378665924072266,-67.19813537597656,-50.409278869628906,-79.3873062133789,108.25556945800781,43.30222702026367,43.30222702026367,-285.5650634765625
-71.56783294677734,-69.95794677734375,-85.82686614990234,-84.44696044921875,-74.09766387939453,-80.53722381591797,-51.0992317199707,-69.26799011230469,108.25556945800781,43.30222702026367,43.30222702026367,-285.7806701660156
-80.07725524902344,-95.4862060546875,-73.40770721435547,-85.13690948486328,-77.08745574951172,-63.74836730957031,-60.75857162475586,-68.80802154541016,108.25556945800781,43.30222702026367,43.30222702026367,-283.5937805175781
-66.96814727783203,-76.16751861572266,-64.20833587646484,-78.92733764648438,-55.698917388916016,-61.90849304199219,-59.8386344909668,-60.528587341308594,108.25556945800781,43.30222702026367,43.30222702026367,-284.9336242675781
-75.70755004882812,-57.768775939941406,-62.36846160888672,-75.70755004882812,-49.949310302734375,-75.2475814819336,-43.50974655151367,-66.04821014404297,108.25556945800781,43.30222702026367,43.30222702026367,-283.82476806640625
-74.32764434814453,-62.13847732543945,-63.74836730957031,-70.87788391113281,-57.99876022338867,-62.36846160888672,-49.71932601928711,-64.66830444335938,108.25556945800781,43.30222702026367,43.30222702026367,-284.28680419921875
-67.6581039428711,-54.089027404785156,-76.85747528076172,-69.95794677734375,-64.20833587646484,-46.26955795288086,-68.80802154541016,-62.82843017578125,108.25556945800781,43.30222702026367,43.30222702026367,-284.7796325683594
-64.66830444335938,-74.55763244628906,-53.85904312133789,-84.67694091796875,-50.17929458618164,-59.148681640625,-58.68871307373047,-57.53879165649414,108.25556945800781,43.30222702026367,43.30222702026367,-283.96337890625
-66.04821014404297,-73.86767578125,-69.03800964355469,-61.448524475097656,-79.3873062133789,-63.97835159301758,-59.60865020751953,-75.70755004882812,108.25556945800781,43.30222702026367,43.30222702026367,-284.8720397949219
-61.448524475097656,-71.79782104492188,-53.629058837890625,-79.84727478027344,-75.2475814819336,-81.91712951660156,-60.988555908203125,-57.308807373046875,108.25556945800781,43.30222702026367,43.30222702026367,-285.24163818359375
-79.84727478027344,-74.55763244628906,-86.28683471679688,-69.03800964355469,-71.10786437988281,-80.7672119140625,-54.54899597167969,-93.87631225585938,108.25556945800781,43.30222702026367,43.30222702026367,-284.3638000488281
-83.75700378417969,-92.72639465332031,-69.49797821044922,-85.36689758300781,-72.94773864746094,-82.3770980834961,-66.96814727783203,-91.80645751953125,108.25556945800781,43.30222702026367,43.30222702026367,-284.4562072753906
-89.7365951538086,-78.69734954833984,-82.60708618164062,-91.11650085449219,-66.5081787109375,-97.32608032226562,-70.87788391113281,-87.20677185058594,108.25556945800781,43.30222702026367,43.30222702026367,-285.79608154296875
-83.75700378417969,-82.1471176147461,-69.03800964355469,-86.51681518554688,-81.68714904785156,-80.07725524902344,-63.28839874267578,-85.36689758300781,108.25556945800781,43.30222702026367,43.30222702026367,-285.7498779296875
-101.4657974243164,-84.21697235107422,-84.67694091796875,-89.96658325195312,-80.9971923828125,-73.6376953125,-74.09766387939453,-91.11650085449219,108.25556945800781,43.30222702026367,43.30222702026367,-286.3966979980469
-75.0176010131836,-95.02623748779297,-82.3770980834961,-88.356689453125,-72.02780151367188,-86.51681518554688,-63.51838302612305,-83.75700378417969,108.25556945800781,43.30222702026367,43.30222702026367,-285.5034484863281
-86.7468032836914,-91.80645751953125,-94.56626892089844,-80.7672119140625,-80.07725524902344,-78.69734954833984,-61.90849304199219,-83.29703521728516,108.25556945800781,43.30222702026367,43.30222702026367,-284.4254150390625
-62.36846160888672,-70.64789581298828,-78.92733764648438,-88.356689453125,-73.17772674560547,-63.28839874267578,-63.28839874267578,-68.57804107666016,108.25556945800781,43.30222702026367,43.30222702026367,-284.5948181152344
-77.54742431640625,-84.67694091796875,-59.60865020751953,-90.88652038574219,-65.35826110839844,-70.41791534423828,-57.99876022338867,-67.6581039428711,108.25556945800781,43.30222702026367,43.30222702026367,-283.9325866699219
-74.32764434814453,-70.87788391113281,-67.19813537597656,-68.57804107666016,-63.28839874267578,-68.57804107666016,-54.31901168823242,-65.58824157714844,108.25556945800781,43.30222702026367,43.30222702026367,-284.6872253417969
-53.85904312133789,-78.69734954833984,-70.64789581298828,-76.39750671386719,-50.63926315307617,-58.4587287902832,-59.378665924072266,-77.77741241455078,108.25556945800781,43.30222702026367,43.30222702026367,-284.5024108886719
-66.5081787109375,-66.73816680908203,-70.41791534423828,-62.36846160888672,-76.16751861572266,-51.559200286865234,-51.559200286865234,-68.57804107666016,108.25556945800781,43.30222702026367,43.30222702026367,-284.4100036621094
-62.82843017578125,-73.86767578125,-49.71932601928711,-86.05684661865234,-53.39907455444336,-61.90849304199219,-55.238948822021484,-53.169090270996094,108.25556945800781,43.30222702026367,43.30222702026367,-284.70263671875
-76.39750671386719,-71.79782104492188,-68.80802154541016,-50.63926315307617,-55.698917388916016,-63.51838302612305,-59.148681640625,-79.15731811523438,108.25556945800781,43.30222702026367,43.30222702026367,-284.8258361816406
-61.448524475097656,-70.87788391113281,-57.07882308959961,-84.44696044921875,-51.32921600341797,-63.058414459228516,-58.4587287902832,-66.2781982421875,108.25556945800781,43.30222702026367,43.30222702026367,-283.378173828125
-74.09766387939453,-64.66830444335938,-73.6376953125,-66.73816680908203,-69.95794677734375,-74.78761291503906,-51.0992317199707,-80.53722381591797,108.25556945800781,43.30222702026367,43.30222702026367,-284.2251892089844
-80.30724334716797,-63.28839874267578,-91.34648895263672,-72.71775817871094,-69.95794677734375,-76.85747528076172,-49.25935363769531,-87.43675231933594,108.25556945800781,43.30222702026367,43.30222702026367,-284.7334289550781
-65.1282730102539,-80.53722381591797,-67.19813537597656,-95.4862060546875,-76.16751861572266,-83.75700378417969,-57.308807373046875,-63.74836730957031,108.25556945800781,43.30222702026367,43.30222702026367,-285.79608154296875
-76.85747528076172,-66.5081787109375,-80.9971923828125,-85.59687805175781,-79.3873062133789,-97.0960922241211,-68.57804107666016,-85.82686614990234,108.25556945800781,43.30222702026367,43.30222702026367,-285.6728820800781
-81.22718048095703,-65.1282730102539,-65.81822967529297,-83.29703521728516,-64.8982925415039,-74.55763244628906,-73.86767578125,-68.34805297851562,108.25556945800781,43.30222702026367,43.30222702026367,-284.8874206542969
-91.80645751953125,-96.63612365722656,-76.16751861572266,-74.55763244628906,-74.78761291503906,-76.16751861572266,-89.27662658691406,-86.51681518554688,108.25556945800781,43.30222702026367,43.30222702026367,-285.42645263671875
-93.64633178710938,-77.08745574951172,-72.71775817871094,-89.27662658691406,-81.91712951660156,-80.07725524902344,-60.988555908203125,-84.44696044921875,108.25556945800781,43.30222702026367,43.30222702026367,-285.4880676269531
-86.9767837524414,-92.03643798828125,-69.03800964355469,-83.29703521728516,-80.53722381591797,-82.3770980834961,-60.29860305786133,-84.44696044921875,108.25556945800781,43.30222702026367,43.30222702026367,-285.84228515625
-82.83706665039062,-81.22718048095703,-79.3873062133789,-82.1471176147461,-66.96814727783203,-79.15731811523438,-61.21854019165039,-79.84727478027344,108.25556945800781,43.30222702026367,43.30222702026367,-285.5034484863281
-66.04821014404297,-67.19813537597656,-72.02780151367188,-77.77741241455078,-86.51681518554688,-69.72795867919922,-66.73816680908203,-54.54899597167969,108.25556945800781,43.30222702026367,43.30222702026367,-286.4737243652344
-71.56783294677734,-81.22718048095703,-67.42811584472656,-85.82686614990234,-52.24915313720703,-65.1282730102539,-67.8880844116211,-56.15888595581055,108.25556945800781,43.30222702026367,43.30222702026367,-285.47265625
-75.2475814819336,-73.86767578125,-69.49797821044922,-66.96814727783203,-66.96814727783203,-57.07882308959961,-57.07882308959961,-74.09766387939453,108.25556945800781,43.30222702026367,43.30222702026367,-284.65643310546875
-73.86767578125,-59.148681640625,-81.22718048095703,-61.21854019165039,-63.74836730957031,-69.95794677734375,-38.680076599121094,-78.92733764648438,108.25556945800781,43.30222702026367,43.30222702026367,-283.76318359375
-66.73816680908203,-75.47756958007812,-65.58824157714844,-58.68871307373047,-56.38887023925781,-51.559200286865234,-63.51838302612305,-64.8982925415039,108.25556945800781,43.30222702026367,43.30222702026367,-284.2098083496094
-80.7672119140625,-60.06861877441406,-66.2781982421875,-77.77741241455078,-48.33941650390625,-73.86767578125,-41.209903717041016,-63.97835159301758,108.25556945800781,43.30222702026367,43.30222702026367,-283.53216552734375
-70.64789581298828,-61.67850875854492,-68.80802154541016,-59.148681640625,-61.448524475097656,-67.42811584472656,-47.64946365356445,-69.49797821044922,108.25556945800781,43.30222702026367,43.30222702026367,-283.6553649902344
-58.918697357177734,-54.54899597167969,-66.5081787109375,-69.95794677734375,-78.92733764648438,-60.29860305786133,-55.46893310546875,-53.629058837890625,108.25556945800781,43.30222702026367,43.30222702026367,-283.8555908203125
-72.94773864746094,-76.85747528076172,-75.0176010131836,-71.33785247802734,-73.17772674560547,-62.13847732543945,-58.22874450683594,-71.10786437988281,108.25556945800781,43.30222702026367,43.30222702026367,-285.0722351074219
-80.07725524902344,-81.68714904785156,-79.6172866821289,-78.69734954833984,-75.93753814697266,-67.8880844116211,-68.80802154541016,-83.52702331542969,108.25556945800781,43.30222702026367,43.30222702026367,-285.22625732421875
-75.47756958007812,-86.51681518554688,-68.11807250976562,-86.9767837524414,-76.39750671386719,-80.9971923828125,-67.8880844116211,-84.44696044921875,108.25556945800781,43.30222702026367,43.30222702026367,-284.3946228027344
-72.94773864746094,-83.98699188232422,-64.66830444335938,-85.13690948486328,-85.13690948486328,-89.27662658691406,-84.67694091796875,-74.09766387939453,108.25556945800781,43.30222702026367,43.30222702026367,-286.1502990722656
-97.32608032226562,-81.91712951660156,-82.83706665039062,-85.59687805175781,-80.7672119140625,-70.41791534423828,-75.0176010131836,-92.03643798828125,108.25556945800781,43.30222702026367,43.30222702026367,-285.84228515625
-85.59687805175781,-95.94617462158203,-69.03800964355469,-101.4657974243164,-76.16751861572266,-82.83706665039062,-75.0176010131836,-86.05684661865234,108.25556945800781,43.30222702026367,43.30222702026367,-285.90386962890625
-75.0176010131836,-88.58667755126953,-86.28683471679688,-98.70598602294922,-73.17772674560547,-80.7672119140625,-68.11807250976562,-105.60551452636719,108.25556945800781,43.30222702026367,43.30222702026367,-286.3042907714844
-85.13690948486328,-77.54742431640625,-81.45716094970703,-92.26642608642578,-72.71775817871094,-89.7365951538086,-63.51838302612305,-84.21697235107422,108.25556945800781,43.30222702026367,43.30222702026367,-285.2108459472656
-66.5081787109375,-97.0960922241211,-70.41791534423828,-85.36689758300781,-77.31744384765625,-69.95794677734375,-69.95794677734375,-72.71775817871094,108.25556945800781,43.30222702026367,43.30222702026367,-285.5650634765625
-75.70755004882812,-74.55763244628906,-74.09766387939453,-83.29703521728516,-53.39907455444336,-86.51681518554688,-52.4791374206543,-73.6376953125,108.25556945800781,43.30222702026367,43.30222702026367,-284.8258361816406
-76.39750671386719,-91.11650085449219,-69.95794677734375,-79.15731811523438,-52.70912170410156,-52.93910598754883,-57.53879165649414,-67.42811584472656,108.25556945800781,43.30222702026367,43.30222702026367,-284.5024108886719
-64.66830444335938,-71.10786437988281,-59.148681640625,-71.56783294677734,-68.57804107666016,-52.019168853759766,-70.64789581298828,-57.07882308959961,108.25556945800781,43.30222702026367,43.30222702026367,-284.74884033203125
-75.93753814697266,-67.8880844116211,-65.81822967529297,-74.55763244628906,-60.988555908203125,-54.089027404785156,-52.70912170410156,-69.03800964355469,108.25556945800781,43.30222702026367,43.30222702026367,-284.56402587890625
-69.72795867919922,-56.848838806152344,-60.06861877441406,-72.02780151367188,-66.04821014404297,-63.28839874267578,-37.9901237487793,-62.598445892333984,108.25556945800781,43.30222702026367,43.30222702026367,-284.10198974609375
-73.86767578125,-68.34805297851562,-63.51838302612305,-63.51838302612305,-58.68871307373047,-56.38887023925781,-55.698917388916016,-69.26799011230469,108.25556945800781,43.30222702026367,43.30222702026367,-284.3946228027344
-47.18949508666992,-75.0176010131836,-59.8386344909668,-68.34805297851562,-63.28839874267578,-58.4587287902832,-54.31901168823242,-59.148681640625,108.25556945800781,43.30222702026367,43.30222702026367,-284.56402587890625
-53.169090270996094,-87.43675231933594,-60.988555908203125,-76.16751861572266,-70.41791534423828,-56.38887023925781,-68.57804107666016,-69.03800964355469,108.25556945800781,43.30222702026367,43.30222702026367,-284.3022155761719
-72.4877700805664,-80.07725524902344,-58.22874450683594,-62.82843017578125,-67.42811584472656,-72.2577896118164,-75.93753814697266,-79.15731811523438,108.25556945800781,43.30222702026367,43.30222702026367,-284.47161865234375
-67.42811584472656,-79.3873062133789,-80.7672119140625,-64.20833587646484,-86.7468032836914,-70.18792724609375,-65.81822967529297,-79.84727478027344,108.25556945800781,43.30222702026367,43.30222702026367,-285.70367431640625
-72.94773864746094,-79.15731811523438,-76.62748718261719,-85.59687805175781,-71.33785247802734,-83.75700378417969,-76.39750671386719,-70.64789581298828,108.25556945800781,43.30222702026367,43.30222702026367,-286.227294921875
-84.44696044921875,-87.89672088623047,-88.126708984375,-79.3873062133789,-75.70755004882812,-83.06705474853516,-76.62748718261719,-69.95794677734375,108.25556945800781,43.30222702026367,43.30222702026367,-284.9336242675781
-78.69734954833984,-101.23580932617188,-72.94773864746094,-89.04664611816406,-84.67694091796875,-67.19813537597656,-89.7365951538086,-73.6376953125,108.25556945800781,43.30222702026367,43.30222702026367,-286.227294921875
-102.15574645996094,-80.9971923828125,-83.98699188232422,-94.56626892089844,-67.42811584472656,-96.63612365722656,-72.71775817871094,-89.7365951538086,108.25556945800781,43.30222702026367,43.30222702026367,-285.8268737792969
-92.03643798828125,-81.68714904785156,-83.75700378417969,-87.20677185058594,-78.46736145019531,-83.98699188232422,-76.16751861572266,-89.27662658691406,108.25556945800781,43.30222702026367,43.30222702026367,-286.0116882324219
-78.46736145019531,-98.47599792480469,-71.56783294677734,-88.81665802001953,-83.06705474853516,-73.17772674560547,-58.22874450683594,-81.22718048095703,108.25556945800781,43.30222702026367,43.30222702026367,-285.99627685546875
-89.7365951538086,-88.356689453125,-84.90692901611328,-77.31744384765625,-57.308807373046875,-68.34805297851562,-60.06861877441406,-91.11650085449219,108.25556945800781,43.30222702026367,43.30222702026367,-286.18109130859375
-80.07725524902344,-72.71775817871094,-57.768775939941406,-75.2475814819336,-50.63926315307617,-63.74836730957031,-61.21854019165039,-72.71775817871094,108.25556945800781,43.30222702026367,43.30222702026367,-285.3802490234375
-69.95794677734375,-79.15731811523438,-57.768775939941406,-67.42811584472656,-66.73816680908203,-72.02780151367188,-43.279762268066406,-62.598445892333984,108.25556945800781,43.30222702026367,43.30222702026367,-286.1348876953125
-73.86767578125,-70.18792724609375,-55.00896453857422,-72.2577896118164,-63.74836730957031,-72.2577896118164,-44.19969940185547,-59.378665924072266,108.25556945800781,43.30222702026367,43.30222702026367,-285.42645263671875
-74.78761291503906,-92.26642608642578,-69.95794677734375,-76.85747528076172,-70.18792724609375,-54.54899597167969,-57.53879165649414,-52.70912170410156,108.25556945800781,43.30222702026367,43.30222702026367,-283.6399841308594
-49.71932601928711,-56.15888595581055,-60.988555908203125,-49.48933792114258,-56.15888595581055,-65.1282730102539,-57.07882308959961,-85.59687805175781,108.25556945800781,43.30222702026367,43.30222702026367,-283.4089660644531
-52.4791374206543,-66.2781982421875,-70.18792724609375,-60.29860305786133,-70.41791534423828,-55.238948822021484,-52.4791374206543,-69.95794677734375,108.25556945800781,43.30222702026367,43.30222702026367,-284.2713928222656
-66.73816680908203,-74.32764434814453,-58.22874450683594,-72.2577896118164,-42.58980941772461,-64.43832397460938,-59.8386344909668,-71.10786437988281,108.25556945800781,43.30222702026367,43.30222702026367,-283.2241516113281
-69.26799011230469,-93.87631225585938,-74.09766387939453,-82.1471176147461,-52.93910598754883,-50.409278869628906,-56.848838806152344,-63.97835159301758,108.25556945800781,43.30222702026367,43.30222702026367,-283.7477722167969
-64.43832397460938,-73.86767578125,-71.10786437988281,-86.05684661865234,-59.60865020751953,-69.72795867919922,-67.19813537597656,-63.28839874267578,108.25556945800781,43.30222702026367,43.30222702026367,-284.3022155761719
-76.39750671386719,-82.60708618164062,-60.988555908203125,-100.08589172363281,-69.26799011230469,-79.15731811523438,-72.02780151367188,-62.598445892333984,108.25556945800781,43.30222702026367,43.30222702026367,-286.0578918457031
-81.68714904785156,-89.27662658691406,-68.80802154541016,-74.55763244628906,-78.23738098144531,-79.6172866821289,-87.43675231933594,-78.00739288330078,108.25556945800781,43.30222702026367,43.30222702026367,-285.99627685546875
-70.64789581298828,-100.31587219238281,-84.44696044921875,-92.49640655517578,-69.26799011230469,-96.17615509033203,-66.2781982421875,-86.28683471679688,108.25556945800781,43.30222702026367,43.30222702026367,-285.7344665527344
-96.40614318847656,-73.40770721435547,-82.3770980834961,-86.9767837524414,-87.89672088623047,-69.03800964355469,-72.4877700805664,-88.356689453125,108.25556945800781,43.30222702026367,43.30222702026367,-285.6882629394531
-79.15731811523438,-88.356689453125,-65.81822967529297,-81.68714904785156,-81.45716094970703,-84.44696044921875,-90.65653228759766,-86.9767837524414,108.25556945800781,43.30222702026367,43.30222702026367,-285.5342712402344
-86.51681518554688,-94.3362808227539,-69.72795867919922,-83.75700378417969,-82.83706665039062,-88.81665802001953,-58.918697357177734,-83.98699188232422,108.25556945800781,43.30222702026367,43.30222702026367,-286.08868408203125
-84.44696044921875,-95.25621795654297,-69.95794677734375,-80.7672119140625,-79.6172866821289,-60.528587341308594,-84.44696044921875,-73.86767578125,108.25556945800781,43.30222702026367,43.30222702026367,-284.9798278808594
-64.8982925415039,-97.32608032226562,-68.34805297851562,-76.16751861572266,-73.86767578125,-58.918697357177734,-72.4877700805664,-70.87788391113281,108.25556945800781,43.30222702026367,43.30222702026367,-286.027099609375
-73.40770721435547,-80.53722381591797,-61.67850875854492,-92.26642608642578,-56.15888595581055,-69.95794677734375,-62.598445892333984,-60.528587341308594,108.25556945800781,43.30222702026367,43.30222702026367,-284.7950439453125
-73.40770721435547,-68.80802154541016,-78.23738098144531,-60.75857162475586,-63.28839874267578,-68.11807250976562,-41.89985656738281,-82.60708618164062,108.25556945800781,43.30222702026367,43.30222702026367,-283.8401794433594
-67.8880844116211,-77.31744384765625,-60.988555908203125,-84.44696044921875,-49.48933792114258,-59.378665924072266,-60.988555908203125,-50.17929458618164,108.25556945800781,43.30222702026367,43.30222702026367,-284.76422119140625
-83.29703521728516,-69.49797821044922,-69.26799011230469,-52.24915313720703,-74.78761291503906,-63.97835159301758,-59.148681640625,-49.25935363769531,108.25556945800781,43.30222702026367,43.30222702026367,-283.53216552734375
-68.11807250976562,-74.78761291503906,-56.848838806152344,-71.10786437988281,-66.96814727783203,-51.32921600341797,-56.61885452270508,-65.58824157714844,108.25556945800781,43.30222702026367,43.30222702026367,-284.6256103515625
-57.99876022338867,-80.53722381591797,-54.31901168823242,-71.79782104492188,-64.43832397460938,-47.87944793701172,-63.97835159301758,-56.38887023925781,108.25556945800781,43.30222702026367,43.30222702026367,-284.3638000488281
-62.82843017578125,-81.68714904785156,-60.75857162475586,-73.17772674560547,-65.81822967529297,-53.169090270996094,-70.18792724609375,-58.4587287902832,108.25556945800781,43.30222702026367,43.30222702026367,-285.61126708984375
-73.6376953125,-67.42811584472656,-69.95794677734375,-79.6172866821289,-56.38887023925781,-82.83706665039062,-48.33941650390625,-72.94773864746094,108.25556945800781,43.30222702026367,43.30222702026367,-284.533203125
-75.2475814819336,-82.60708618164062,-70.18792724609375,-92.95637512207031,-63.97835159301758,-77.77741241455078,-72.94773864746094,-60.528587341308594,108.25556945800781,43.30222702026367,43.30222702026367,-285.13385009765625
-74.32764434814453,-82.3770980834961,-78.92733764648438,-91.80645751953125,-69.95794677734375,-90.88652038574219,-59.60865020751953,-79.84727478027344,108.25556945800781,43.30222702026367,43.30222702026367,-285.41107177734375
-89.96658325195312,-82.83706665039062,-78.69734954833984,-90.88652038574219,-85.82686614990234,-64.20833587646484,-82.83706665039062,-86.51681518554688,108.25556945800781,43.30222702026367,43.30222702026367,-285.90386962890625
-82.1471176147461,-89.5066146850586,-79.6172866821289,-105.83550262451172,-86.05684661865234,-90.42655181884766,-92.26642608642578,-88.58667755126953,108.25556945800781,43.30222702026367,43.30222702026367,-285.5342712402344
-79.6172866821289,-90.19656372070312,-90.19656372070312,-82.3770980834961,-70.64789581298828,-86.9767837524414,-80.30724334716797,-82.1471176147461,108.25556945800781,43.30222702026367,43.30222702026367,-285.0722351074219
-75.2475814819336,-99.39593505859375,-72.71775817871094,-92.49640655517578,-84.90692901611328,-72.02780151367188,-78.46736145019531,-84.67694091796875,108.25556945800781,43.30222702026367,43.30222702026367,-285.1492614746094
-76.85747528076172,-88.356689453125,-82.1471176147461,-85.59687805175781,-72.2577896118164,-82.60708618164062,-79.6172866821289,-73.6376953125,108.25556945800781,43.30222702026367,43.30222702026367,-285.6420593261719
-64.8982925415039,-67.8880844116211,-74.09766387939453,-71.33785247802734,-59.378665924072266,-75.93753814697266,-53.39907455444336,-63.51838302612305,108.25556945800781,43.30222702026367,43.30222702026367,-285.3802490234375
-66.5081787109375,-77.08745574951172,-67.42811584472656,-94.56626892089844,-75.0176010131836,-80.07725524902344,-67.19813537597656,-60.06861877441406,108.25556945800781,43.30222702026367,43.30222702026367,-285.5034484863281
-75.47756958007812,-85.82686614990234,-71.79782104492188,-83.29703521728516,-85.36689758300781,-73.40770721435547,-59.378665924072266,-61.90849304199219,108.25556945800781,43.30222702026367,43.30222702026367,-284.5948181152344
-54.31901168823242,-61.21854019165039,-62.598445892333984,-59.60865020751953,-68.11807250976562,-66.73816680908203,-66.04821014404297,-75.2475814819336,108.25556945800781,43.30222702026367,43.30222702026367,-285.5958557128906
-73.86767578125,-64.8982925415039,-67.42811584472656,-57.768775939941406,-57.53879165649414,-64.43832397460938,-46.26955795288086,-76.85747528076172,108.25556945800781,43.30222702026367,43.30222702026367,-283.7015686035156
-51.7891845703125,-67.42811584472656,-70.87788391113281,-56.38887023925781,-73.17772674560547,-51.0992317199707,-51.7891845703125,-71.56783294677734,108.25556945800781,43.30222702026367,43.30222702026367,-284.56402587890625
-55.46893310546875,-84.21697235107422,-57.308807373046875,-70.18792724609375,-61.448524475097656,-48.569400787353516,-58.4587287902832,-57.768775939941406,108.25556945800781,43.30222702026367,43.30222702026367,-284.2406005859375
-61.21854019165039,-69.72795867919922,-66.04821014404297,-73.6376953125,-50.63926315307617,-72.71775817871094,-41.209903717041016,-65.58824157714844,108.25556945800781,43.30222702026367,43.30222702026367,-283.90179443359375
-71.56783294677734,-71.79782104492188,-73.86767578125,-69.26799011230469,-78.92733764648438,-57.53879165649414,-57.53879165649414,-75.2475814819336,108.25556945800781,43.30222702026367,43.30222702026367,-284.6102294921875
-75.93753814697266,-61.448524475097656,-89.5066146850586,-75.0176010131836,-70.87788391113281,-75.47756958007812,-52.019168853759766,-67.6581039428711,108.25556945800781,43.30222702026367,43.30222702026367,-285.5342712402344
-70.41791534423828,-67.19813537597656,-84.67694091796875,-91.57646942138672,-79.3873062133789,-89.27662658691406,-61.21854019165039,-75.0176010131836,108.25556945800781,43.30222702026367,43.30222702026367,-284.4254150390625
-78.69734954833984,-86.7468032836914,-63.058414459228516,-100.54586029052734,-67.8880844116211,-78.92733764648438,-73.6376953125,-78.23738098144531,108.25556945800781,43.30222702026367,43.30222702026367,-284.6102294921875
-86.9767837524414,-74.09766387939453,-84.67694091796875,-84.44696044921875,-82.3770980834961,-83.98699188232422,-74.55763244628906,-83.75700378417969,108.25556945800781,43.30222702026367,43.30222702026367,-286.7663269042969
-69.49797821044922,-86.05684661865234,-81.45716094970703,-81.68714904785156,-79.84727478027344,-84.44696044921875,-83.06705474853516,-75.93753814697266,108.25556945800781,43.30222702026367,43.30222702026367,-286.4891052246094
-71.10786437988281,-95.4862060546875,-81.22718048095703,-92.26642608642578,-80.07725524902344,-74.78761291503906,-84.67694091796875,-81.91712951660156,108.25556945800781,43.30222702026367,43.30222702026367,-285.5342712402344
-93.87631225585938,-78.92733764648438,-80.9971923828125,-94.56626892089844,-67.42811584472656,-93.64633178710938,-62.82843017578125,-86.51681518554688,108.25556945800781,43.30222702026367,43.30222702026367,-285.0260314941406
-101.6957778930664,-81.45716094970703,-79.6172866821289,-86.05684661865234,-84.21697235107422,-69.03800964355469,-72.02780151367188,-88.58667755126953,108.25556945800781,43.30222702026367,43.30222702026367,-285.79608154296875
-73.40770721435547,-84.90692901611328,-62.82843017578125,-64.43832397460938,-70.64789581298828,-57.308807373046875,-57.308807373046875,-74.55763244628906,108.25556945800781,43.30222702026367,43.30222702026367,-285.79608154296875
-91.11650085449219,-78.00739288330078,-76.85747528076172,-80.9971923828125,-58.4587287902832,-70.64789581298828,-59.8386344909668,-77.08745574951172,108.25556945800781,43.30222702026367,43.30222702026367,-284.90283203125
-73.40770721435547,-83.75700378417969,-55.238948822021484,-89.96658325195312,-55.00896453857422,-61.448524475097656,-63.058414459228516,-53.169090270996094,108.25556945800781,43.30222702026367,43.30222702026367,-285.22625732421875
-65.35826110839844,-73.17772674560547,-59.148681640625,-80.30724334716797,-54.54899597167969,-63.51838302612305,-63.28839874267578,-52.4791374206543,108.25556945800781,43.30222702026367,43.30222702026367,-285.0106506347656
-62.36846160888672,-61.67850875854492,-65.81822967529297,-78.00739288330078,-50.86924743652344,-75.2475814819336,-41.209903717041016,-61.90849304199219,108.25556945800781,43.30222702026367,43.30222702026367,-284.47161865234375
-74.55763244628906,-55.00896453857422,-79.6172866821289,-63.97835159301758,-59.148681640625,-58.918697357177734,-49.25935363769531,-64.66830444335938,108.25556945800781,43.30222702026367,43.30222702026367,-285.13385009765625
-80.9971923828125,-57.99876022338867,-61.21854019165039,-76.16751861572266,-44.19969940185547,-76.85747528076172,-46.959510803222656,-62.598445892333984,108.25556945800781,43.30222702026367,43.30222702026367,-283.90179443359375
-66.5081787109375,-54.31901168823242,-61.90849304199219,-75.0176010131836,-66.5081787109375,-80.07725524902344,-57.07882308959961,-65.1282730102539,108.25556945800781,43.30222702026367,43.30222702026367,-283.8555908203125
-69.26799011230469,-69.95794677734375,-73.40770721435547,-65.81822967529297,-69.26799011230469,-73.40770721435547,-49.25935363769531,-83.75700378417969,108.25556945800781,43.30222702026367,43.30222702026367,-283.99420166015625
-71.10786437988281,-89.04664611816406,-68.11807250976562,-80.7672119140625,-76.16751861572266,-62.36846160888672,-74.32764434814453,-68.57804107666016,108.25556945800781,43.30222702026367,43.30222702026367,-286.3351135253906
-81.45716094970703,-83.06705474853516,-81.22718048095703,-68.80802154541016,-87.66674041748047,-71.10786437988281,-67.8880844116211,-75.2475814819336,108.25556945800781,43.30222702026367,43.30222702026367,-285.6882629394531
-82.60708618164062,-78.46736145019531,-66.04821014404297,-86.7468032836914,-64.20833587646484,-66.04821014404297,-68.80802154541016,-58.4587287902832,108.25556945800781,43.30222702026367,43.30222702026367,-285.0106506347656
-70.87788391113281,-88.58667755126953,-75.70755004882812,-97.0960922241211,-88.126708984375,-91.11650085449219,-77.54742431640625,-68.34805297851562,108.25556945800781,43.30222702026367,43.30222702026367,-285.6420593261719
-82.3770980834961,-77.08745574951172,-85.13690948486328,-79.84727478027344,-90.42655181884766,-89.27662658691406,-84.67694091796875,-77.31744384765625,108.25556945800781,43.30222702026367,43.30222702026367,-285.857666015625
-85.36689758300781,-106.52545166015625,-84.67694091796875,-93.87631225585938,-73.17772674560547,-70.64789581298828,-73.17772674560547,-68.80802154541016,108.25556945800781,43.30222702026367,43.30222702026367,-285.9192810058594
-84.44696044921875,-91.34648895263672,-76.16751861572266,-99.85590362548828,-68.57804107666016,-83.52702331542969,-83.98699188232422,-70.87788391113281,108.25556945800781,43.30222702026367,43.30222702026367,-286.027099609375
-67.6581039428711,-89.04664611816406,-75.93753814697266,-85.59687805175781,-81.22718048095703,-62.36846160888672,-72.4877700805664,-75.0176010131836,108.25556945800781,43.30222702026367,43.30222702026367,-285.9346923828125
-71.33785247802734,-82.3770980834961,-79.6172866821289,-85.82686614990234,-66.73816680908203,-83.52702331542969,-53.39907455444336,-80.07725524902344,108.25556945800781,43.30222702026367,43.30222702026367,-284.6256103515625
-78.00739288330078,-71.56783294677734,-63.74836730957031,-75.93753814697266,-70.87788391113281,-55.238948822021484,-77.31744384765625,-64.43832397460938,108.25556945800781,43.30222702026367,43.30222702026367,-285.4418640136719
-78.23738098144531,-59.148681640625,-79.3873062133789,-68.34805297851562,-64.20833587646484,-69.26799011230469,-49.02936935424805,-76.16751861572266,108.25556945800781,43.30222702026367,43.30222702026367,-284.37921142578125
-53.39907455444336,-69.49797821044922,-69.03800964355469,-55.698917388916016,-76.16751861572266,-55.46893310546875,-54.089027404785156,-60.29860305786133,108.25556945800781,43.30222702026367,43.30222702026367,-285.3648681640625
-71.10786437988281,-79.6172866821289,-55.698917388916016,-68.34805297851562,-39.600013732910156,-57.99876022338867,-57.768775939941406,-69.26799011230469,108.25556945800781,43.30222702026367,43.30222702026367,-284.9644470214844
-83.06705474853516,-65.58824157714844,-63.058414459228516,-61.67850875854492,-68.11807250976562,-48.109432220458984,-50.17929458618164,-65.35826110839844,108.25556945800781,43.30222702026367,43.30222702026367,-284.74884033203125
-78.92733764648438,-59.148681640625,-61.67850875854492,-75.70755004882812,-50.86924743652344,-76.85747528076172,-43.9697151184082,-63.28839874267578,108.25556945800781,43.30222702026367,43.30222702026367,-284.08660888671875
-53.629058837890625,-90.65653228759766,-60.528587341308594,-73.17772674560547,-70.41791534423828,-49.949310302734375,-67.6581039428711,-57.308807373046875,108.25556945800781,43.30222702026367,43.30222702026367,-284.48699951171875
-63.51838302612305,-79.15731811523438,-79.6172866821289,-62.36846160888672,-82.83706665039062,-63.28839874267578,-59.378665924072266,-69.95794677734375,108.25556945800781,43.30222702026367,43.30222702026367,-284.9182434082031
-78.69734954833984,-85.13690948486328,-81.22718048095703,-67.42811584472656,-69.95794677734375,-76.85747528076172,-79.3873062133789,-66.73816680908203,108.25556945800781,43.30222702026367,43.30222702026367,-284.3022155761719
-91.34648895263672,-70.64789581298828,-79.6172866821289,-90.42655181884766,-61.448524475097656,-88.356689453125,-68.11807250976562,-80.30724334716797,108.25556945800781,43.30222702026367,43.30222702026367,-285.4880676269531
-80.30724334716797,-75.47756958007812,-98.70598602294922,-86.9767837524414,-81.22718048095703,-59.8386344909668,-80.53722381591797,-86.51681518554688,108.25556945800781,43.30222702026367,43.30222702026367,-285.6882629394531
-63.97835159301758,-81.22718048095703,-83.52702331542969,-89.7365951538086,-98.93596649169922,-78.23738098144531,-75.0176010131836,-77.77741241455078,108.25556945800781,43.30222702026367,43.30222702026367,-286.9049377441406
-92.03643798828125,-78.46736145019531,-81.45716094970703,-92.03643798828125,-73.40770721435547,-93.41634368896484,-65.35826110839844,-89.5066146850586,108.25556945800781,43.30222702026367,43.30222702026367,-284.9336242675781
-88.81665802001953,-84.90692901611328,-80.53722381591797,-86.9767837524414,-80.7672119140625,-87.66674041748047,-72.94773864746094,-84.44696044921875,108.25556945800781,43.30222702026367,43.30222702026367,-285.41107177734375
-85.13690948486328,-93.18636322021484,-70.64789581298828,-103.99562072753906,-74.09766387939453,-80.30724334716797,-76.39750671386719,-69.49797821044922,108.25556945800781,43.30222702026367,43.30222702026367,-285.99627685546875
-88.126708984375,-71.10786437988281,-93.87631225585938,-69.95794677734375,-73.40770721435547,-79.3873062133789,-53.169090270996094,-95.94617462158203,108.25556945800781,43.30222702026367,43.30222702026367,-285.3648681640625
-66.73816680908203,-82.60708618164062,-72.02780151367188,-79.84727478027344,-66.04821014404297,-72.94773864746094,-60.29860305786133,-77.31744384765625,108.25556945800781,43.30222702026367,43.30222702026367,-284.37921142578125
-79.3873062133789,-59.148681640625,-85.82686614990234,-65.58824157714844,-64.43832397460938,-71.56783294677734,-56.38887023925781,-59.378665924072266,108.25556945800781,43.30222702026367,43.30222702026367,-285.42645263671875
-60.988555908203125,-60.988555908203125,-67.42811584472656,-74.32764434814453,-82.83706665039062,-62.13847732543945,-60.29860305786133,-48.33941650390625,108.25556945800781,43.30222702026367,43.30222702026367,-283.9787902832031
-73.40770721435547,-68.57804107666016,-62.82843017578125,-65.81822967529297,-58.68871307373047,-55.238948822021484,-53.39907455444336,-61.21854019165039,108.25556945800781,43.30222702026367,43.30222702026367,-284.2098083496094
-54.31901168823242,-83.52702331542969,-57.53879165649414,-67.8880844116211,-61.90849304199219,-51.559200286865234,-63.28839874267578,-63.51838302612305,108.25556945800781,43.30222702026367,43.30222702026367,-283.76318359375
-66.2781982421875,-69.26799011230469,-83.52702331542969,-69.03800964355469,-64.66830444335938,-55.698917388916016,-35.69028091430664,-57.99876022338867,108.25556945800781,43.30222702026367,43.30222702026367,-284.65643310546875
-66.5081787109375,-69.49797821044922,-66.96814727783203,-67.19813537597656,-63.28839874267578,-71.33785247802734,-41.89985656738281,-77.31744384765625,108.25556945800781,43.30222702026367,43.30222702026367,-283.7477722167969
-71.10786437988281,-81.22718048095703,-58.22874450683594,-91.80645751953125,-56.61885452270508,-66.04821014404297,-64.8982925415039,-52.93910598754883,108.25556945800781,43.30222702026367,43.30222702026367,-284.90283203125
-76.39750671386719,-70.41791534423828,-76.16751861572266,-68.80802154541016,-72.4877700805664,-80.07725524902344,-49.949310302734375,-91.80645751953125,108.25556945800781,43.30222702026367,43.30222702026367,-285.3494567871094
-76.62748718261719,-64.20833587646484,-61.21854019165039,-79.3873062133789,-66.2781982421875,-91.57646942138672,-72.71775817871094,-83.06705474853516,108.25556945800781,43.30222702026367,43.30222702026367,-285.1030578613281
-83.52702331542969,-69.03800964355469,-96.8661117553711,-78.00739288330078,-77.77741241455078,-80.53722381591797,-56.848838806152344,-88.58667755126953,108.25556945800781,43.30222702026367,43.30222702026367,-285.99627685546875
-66.04821014404297,-97.32608032226562,-78.23738098144531,-88.81665802001953,-79.15731811523438,-77.31744384765625,-74.09766387939453,-82.1471176147461,108.25556945800781,43.30222702026367,43.30222702026367,-284.9798278808594
-85.82686614990234,-84.21697235107422,-82.1471176147461,-81.22718048095703,-80.9971923828125,-91.57646942138672,-61.21854019165039,-102.38573455810547,108.25556945800781,43.30222702026367,43.30222702026367,-285.33404541015625
-78.23738098144531,-84.67694091796875,-89.5066146850586,-83.29703521728516,-89.27662658691406,-76.85747528076172,-76.16751861572266,-90.88652038574219,108.25556945800781,43.30222702026367,43.30222702026367,-285.99627685546875
-71.56783294677734,-89.5066146850586,-90.88652038574219,-79.3873062133789,-87.20677185058594,-77.31744384765625,-71.79782104492188,-81.45716094970703,108.25556945800781,43.30222702026367,43.30222702026367,-286.2118835449219
-78.23738098144531,-76.39750671386719,-80.7672119140625,-92.49640655517578,-62.36846160888672,-75.93753814697266,-73.17772674560547,-87.66674041748047,108.25556945800781,43.30222702026367,43.30222702026367,-286.36590576171875
-88.126708984375,-97.55606079101562,-80.30724334716797,-79.15731811523438,-72.02780151367188,-70.41791534423828,-48.569400787353516,-65.35826110839844,108.25556945800781,43.30222702026367,43.30222702026367,-285.2570495605469
-74.32764434814453,-74.32764434814453,-87.89672088623047,-69.26799011230469,-65.81822967529297,-53.85904312133789,-63.97835159301758,-76.62748718261719,108.25556945800781,43.30222702026367,43.30222702026367,-284.9644470214844
-59.148681640625,-72.2577896118164,-73.86767578125,-72.94773864746094,-72.02780151367188,-55.00896453857422,-53.169090270996094,-70.41791534423828,108.25556945800781,43.30222702026367,43.30222702026367,-284.8720397949219
-77.31744384765625,-62.13847732543945,-80.53722381591797,-59.148681640625,-61.448524475097656,-65.35826110839844,-40.05998229980469,-80.9971923828125,108.25556945800781,43.30222702026367,43.30222702026367,-283.91717529296875
-84.67694091796875,-62.13847732543945,-63.058414459228516,-69.95794677734375,-55.238948822021484,-52.019168853759766,-52.24915313720703,-68.80802154541016,108.25556945800781,43.30222702026367,43.30222702026367,-284.48699951171875
-55.46893310546875,-82.83706665039062,-54.089027404785156,-72.71775817871094,-67.8880844116211,-47.41947937011719,-63.74836730957031,-53.39907455444336,108.25556945800781,43.30222702026367,43.30222702026367,-284.19439697265625
-63.97835159301758,-69.49797821044922,-68.11807250976562,-68.80802154541016,-58.68871307373047,-59.60865020751953,-50.86924743652344,-65.58824157714844,108.25556945800781,43.30222702026367,43.30222702026367,-284.3022155761719
-60.29860305786133,-78.46736145019531,-69.26799011230469,-63.51838302612305,-64.66830444335938,-62.36846160888672,-42.58980941772461,-66.96814727783203,108.25556945800781,43.30222702026367,43.30222702026367,-284.1174011230469
-72.4877700805664,-70.18792724609375,-54.31901168823242,-70.18792724609375,-47.87944793701172,-65.35826110839844,-63.058414459228516,-73.40770721435547,108.25556945800781,43.30222702026367,43.30222702026367,-284.10198974609375
-74.78761291503906,-61.67850875854492,-90.65653228759766,-71.56783294677734,-71.10786437988281,-80.30724334716797,-50.409278869628906,-90.88652038574219,108.25556945800781,43.30222702026367,43.30222702026367,-284.3484191894531
-68.34805297851562,-78.92733764648438,-80.30724334716797,-74.78761291503906,-80.07725524902344,-68.57804107666016,-64.20833587646484,-77.54742431640625,108.25556945800781,43.30222702026367,43.30222702026367,-285.31866455078125
-83.29703521728516,-80.07725524902344,-75.47756958007812,-87.43675231933594,-78.23738098144531,-72.02780151367188,-83.98699188232422,-68.11807250976562,108.25556945800781,43.30222702026367,43.30222702026367,-286.8279113769531
-84.67694091796875,-92.95637512207031,-65.1282730102539,-93.87631225585938,-79.6172866821289,-86.28683471679688,-66.96814727783203,-92.03643798828125,108.25556945800781,43.30222702026367,43.30222702026367,-284.85662841796875
-69.26799011230469,-98.93596649169922,-86.9767837524414,-95.4862060546875,-68.34805297851562,-94.1063003540039,-80.07725524902344,-92.95637512207031,108.25556945800781,43.30222702026367,43.30222702026367,-286.027099609375
-69.49797821044922,-89.96658325195312,-90.88652038574219,-97.32608032226562,-95.7161865234375,-77.31744384765625,-76.39750671386719,-66.96814727783203,108.25556945800781,43.30222702026367,43.30222702026367,-286.8741149902344
-87.66674041748047,-73.40770721435547,-93.41634368896484,-89.7365951538086,-82.83706665039062,-67.19813537597656,-75.2475814819336,-87.43675231933594,108.25556945800781,43.30222702026367,43.30222702026367,-286.07330322265625
-76.85747528076172,-82.83706665039062,-77.08745574951172,-72.2577896118164,-84.44696044921875,-75.70755004882812,-72.02780151367188,-84.44696044921875,108.25556945800781,43.30222702026367,43.30222702026367,-285.51885986328125
-71.10786437988281,-80.30724334716797,-53.85904312133789,-84.21697235107422,-75.47756958007812,-81.68714904785156,-63.28839874267578,-61.21854019165039,108.25556945800781,43.30222702026367,43.30222702026367,-285.88848876953125
-57.07882308959961,-66.5081787109375,-66.73816680908203,-64.43832397460938,-63.74836730957031,-71.10786437988281,-63.28839874267578,-93.18636322021484,108.25556945800781,43.30222702026367,43.30222702026367,-284.8104248046875
-67.19813537597656,-76.39750671386719,-70.87788391113281,-79.6172866821289,-45.80958938598633,-60.528587341308594,-52.019168853759766,-86.05684661865234,108.25556945800781,43.30222702026367,43.30222702026367,-285.4418640136719
-72.94773864746094,-71.10786437988281,-57.768775939941406,-69.72795867919922,-63.51838302612305,-54.31901168823242,-58.22874450683594,-54.54899597167969,108.25556945800781,43.30222702026367,43.30222702026367,-285.47265625
-63.51838302612305,-73.86767578125,-57.07882308959961,-71.10786437988281,-63.97835159301758,-43.73973083496094,-65.1282730102539,-57.768775939941406,108.25556945800781,43.30222702026367,43.30222702026367,-283.9325866699219
-69.72795867919922,-57.53879165649414,-49.02936935424805,-68.34805297851562,-46.72952651977539,-67.8880844116211,-53.85904312133789,-69.49797821044922,108.25556945800781,43.30222702026367,43.30222702026367,-283.1009521484375
-59.148681640625,-66.73816680908203,-63.51838302612305,-71.79782104492188,-51.32921600341797,-63.74836730957031,-47.87944793701172,-64.43832397460938,108.25556945800781,43.30222702026367,43.30222702026367,-283.5629577636719
-72.94773864746094,-65.35826110839844,-72.2577896118164,-63.97835159301758,-66.5081787109375,-73.17772674560547,-45.57960510253906,-81.22718048095703,108.25556945800781,43.30222702026367,43.30222702026367,-283.5629577636719
-61.67850875854492,-87.20677185058594,-59.60865020751953,-75.2475814819336,-75.70755004882812,-53.629058837890625,-74.09766387939453,-58.918697357177734,108.25556945800781,43.30222702026367,43.30222702026367,-285.7806701660156
-69.03800964355469,-80.9971923828125,-81.91712951660156,-72.4877700805664,-73.17772674560547,-72.94773864746094,-67.8880844116211,-75.47756958007812,108.25556945800781,43.30222702026367,43.30222702026367,-285.84228515625
-93.87631225585938,-71.33785247802734,-79.84727478027344,-92.49640655517578,-56.848838806152344,-89.7365951538086,-65.58824157714844,-80.30724334716797,108.25556945800781,43.30222702026367,43.30222702026367,-285.3494567871094
-68.11807250976562,-100.31587219238281,-73.86767578125,-87.89672088623047,-74.09766387939453,-86.7468032836914,-63.74836730957031,-80.07725524902344,108.25556945800781,43.30222702026367,43.30222702026367,-285.6882629394531
-70.18792724609375,-87.66674041748047,-82.1471176147461,-104.91556549072266,-87.66674041748047,-88.356689453125,-89.5066146850586,-79.6172866821289,108.25556945800781,43.30222702026367,43.30222702026367,-285.99627685546875
-84.44696044921875,-78.23738098144531,-97.32608032226562,-75.70755004882812,-78.00739288330078,-84.21697235107422,-67.8880844116211,-81.22718048095703,108.25556945800781,43.30222702026367,43.30222702026367,-287.12054443359375
-74.55763244628906,-85.82686614990234,-88.356689453125,-90.88652038574219,-63.74836730957031,-81.45716094970703,-82.1471176147461,-86.05684661865234,108.25556945800781,43.30222702026367,43.30222702026367,-285.6882629394531
-89.04664611816406,-88.81665802001953,-69.72795867919922,-87.89672088623047,-60.528587341308594,-62.36846160888672,-68.34805297851562,-67.19813537597656,108.25556945800781,43.30222702026367,43.30222702026367,-287.50555419921875
-72.02780151367188,-84.44696044921875,-79.15731811523438,-103.53565216064453,-77.77741241455078,-79.3873062133789,-53.169090270996094,-59.378665924072266,108.25556945800781,43.30222702026367,43.30222702026367,-285.70367431640625
-85.82686614990234,-101.23580932617188,-81.91712951660156,-86.28683471679688,-88.126708984375,-71.10786437988281,-69.49797821044922,-83.06705474853516,108.25556945800781,43.30222702026367,43.30222702026367,-283.8709716796875
-73.6376953125,-78.23738098144531,-79.6172866821289,-61.448524475097656,-70.18792724609375,-71.56783294677734,-68.34805297851562,-59.148681640625,108.25556945800781,43.30222702026367,43.30222702026367,-283.9325866699219
-70.18792724609375,-71.56783294677734,-69.72795867919922,-59.148681640625,-71.79782104492188,-69.49797821044922,-63.97835159301758,-51.7891845703125,108.25556945800781,43.30222702026367,43.30222702026367,-283.62457275390625
-82.3770980834961,-70.64789581298828,-69.95794677734375,-67.8880844116211,-68.80802154541016,-49.48933792114258,-54.54899597167969,-70.18792724609375,108.25556945800781,43.30222702026367,43.30222702026367,-284.6410217285156
-64.66830444335938,-74.32764434814453,-62.36846160888672,-80.07725524902344,-46.039573669433594,-58.918697357177734,-59.8386344909668,-49.949310302734375,108.25556945800781,43.30222702026367,43.30222702026367,-284.74884033203125
-74.32764434814453,-60.75857162475586,-63.51838302612305,-75.70755004882812,-49.25935363769531,-78.00739288330078,-45.57960510253906,-66.5081787109375,108.25556945800781,43.30222702026367,43.30222702026367,-284.533203125
-77.08745574951172,-63.28839874267578,-62.598445892333984,-69.26799011230469,-58.4587287902832,-55.238948822021484,-55.00896453857422,-68.11807250976562,108.25556945800781,43.30222702026367,43.30222702026367,-284.4562072753906
-56.848838806152344,-73.6376953125,-73.6376953125,-63.28839874267578,-74.32764434814453,-63.97835159301758,-60.29860305786133,-67.8880844116211,108.25556945800781,43.30222702026367,43.30222702026367,-285.287841796875
-85.13690948486328,-69.49797821044922,-71.56783294677734,-66.73816680908203,-76.16751861572266,-72.2577896118164,-68.57804107666016,-61.448524475097656,108.25556945800781,43.30222702026367,43.30222702026367,-285.9654846191406
-84.44696044921875,-67.19813537597656,-89.7365951538086,-74.55763244628906,-69.03800964355469,-69.72795867919922,-80.30724334716797,-69.95794677734375,108.25556945800781,43.30222702026367,43.30222702026367,-284.3484191894531
-80.30724334716797,-81.45716094970703,-87.66674041748047,-75.47756958007812,-76.16751861572266,-84.67694091796875,-60.75857162475586,-75.0176010131836,108.25556945800781,43.30222702026367,43.30222702026367,-286.75091552734375
-69.26799011230469,-85.13690948486328,-86.05684661865234,-77.77741241455078,-83.52702331542969,-78.00739288330078,-75.0176010131836,-80.30724334716797,108.25556945800781,43.30222702026367,43.30222702026367,-286.36590576171875
-75.2475814819336,-103.99562072753906,-77.31744384765625,-90.19656372070312,-81.91712951660156,-68.57804107666016,-80.53722381591797,-80.7672119140625,108.25556945800781,43.30222702026367,43.30222702026367,-285.1184387207031
-82.3770980834961,-87.43675231933594,-87.66674041748047,-82.3770980834961,-85.13690948486328,-83.29703521728516,-77.31744384765625,-85.82686614990234,108.25556945800781,43.30222702026367,43.30222702026367,-285.98089599609375
-83.52702331542969,-87.43675231933594,-81.91712951660156,-89.96658325195312,-80.07725524902344,-85.36689758300781,-78.00739288330078,-76.85747528076172,108.25556945800781,43.30222702026367,43.30222702026367,-286.3197021484375
-84.67694091796875,-91.11650085449219,-83.75700378417969,-77.31744384765625,-72.02780151367188,-58.68871307373047,-60.988555908203125,-79.84727478027344,108.25556945800781,43.30222702026367,43.30222702026367,-286.3042907714844
-87.66674041748047,-84.67694091796875,-82.60708618164062,-78.00739288330078,-76.16751861572266,-60.528587341308594,-63.51838302612305,-81.45716094970703,108.25556945800781,43.30222702026367,43.30222702026367,-285.51885986328125
-76.62748718261719,-82.1471176147461,-63.28839874267578,-94.1063003540039,-58.918697357177734,-67.6581039428711,-56.15888595581055,-83.75700378417969,108.25556945800781,43.30222702026367,43.30222702026367,-285.2108459472656
-73.17772674560547,-77.08745574951172,-62.13847732543945,-81.22718048095703,-63.97835159301758,-68.57804107666016,-57.768775939941406,-63.51838302612305,108.25556945800781,43.30222702026367,43.30222702026367,-284.65643310546875
-68.80802154541016,-75.93753814697266,-59.148681640625,-77.31744384765625,-66.73816680908203,-67.19813537597656,-46.039573669433594,-74.78761291503906,108.25556945800781,43.30222702026367,43.30222702026367,-283.71697998046875
-67.19813537597656,-74.55763244628906,-73.40770721435547,-57.53879165649414,-78.00739288330078,-53.169090270996094,-53.85904312133789,-70.41791534423828,108.25556945800781,43.30222702026367,43.30222702026367,-284.3946228027344
-50.17929458618164,-83.52702331542969,-57.07882308959961,-67.6581039428711,-58.68871307373047,-61.448524475097656,-58.4587287902832,-66.5081787109375,108.25556945800781,43.30222702026367,43.30222702026367,-283.3935546875
-69.03800964355469,-55.46893310546875,-53.629058837890625,-70.64789581298828,-62.36846160888672,-81.91712951660156,-46.039573669433594,-64.20833587646484,108.25556945800781,43.30222702026367,43.30222702026367,-284.8104248046875
-65.58824157714844,-58.22874450683594,-64.8982925415039,-75.0176010131836,-52.93910598754883,-75.93753814697266,-44.19969940185547,-63.97835159301758,108.25556945800781,43.30222702026367,43.30222702026367,-284.3484191894531
-81.91712951660156,-63.058414459228516,-70.18792724609375,-80.30724334716797,-63.74836730957031,-56.38887023925781,-61.21854019165039,-77.08745574951172,108.25556945800781,43.30222702026367,43.30222702026367,-285.0568542480469
-93.87631225585938,-68.11807250976562,-69.95794677734375,-82.60708618164062,-55.92890167236328,-88.81665802001953,-56.61885452270508,-75.70755004882812,108.25556945800781,43.30222702026367,43.30222702026367,-284.9644470214844
-79.84727478027344,-63.28839874267578,-74.32764434814453,-86.51681518554688,-82.60708618164062,-83.98699188232422,-57.768775939941406,-75.93753814697266,108.25556945800781,43.30222702026367,43.30222702026367,-285.9346923828125
-78.46736145019531,-70.87788391113281,-75.47756958007812,-65.1282730102539,-72.71775817871094,-77.77741241455078,-66.2781982421875,-95.7161865234375,108.25556945800781,43.30222702026367,43.30222702026367,-285.5496520996094
-84.67694091796875,-74.55763244628906,-80.7672119140625,-87.66674041748047,-72.4877700805664,-90.65653228759766,-80.9971923828125,-90.19656372070312,108.25556945800781,43.30222702026367,43.30222702026367,-285.5650634765625
-90.65653228759766,-99.85590362548828,-70.87788391113281,-84.90692901611328,-59.8386344909668,-66.96814727783203,-72.4877700805664,-82.1471176147461,108.25556945800781,43.30222702026367,43.30222702026367,-284.9798278808594
-80.07725524902344,-90.42655181884766,-91.80645751953125,-74.55763244628906,-95.25621795654297,-80.07725524902344,-75.70755004882812,-78.00739288330078,108.25556945800781,43.30222702026367,43.30222702026367,-286.07330322265625
-81.22718048095703,-79.15731811523438,-95.02623748779297,-94.1063003540039,-86.51681518554688,-88.81665802001953,-60.06861877441406,-79.15731811523438,108.25556945800781,43.30222702026367,43.30222702026367,-286.412109375
-91.57646942138672,-84.67694091796875,-81.45716094970703,-85.59687805175781,-69.49797821044922,-80.30724334716797,-68.11807250976562,-80.30724334716797,108.25556945800781,43.30222702026367,43.30222702026367,-285.3956604003906
-82.1471176147461,-80.7672119140625,-80.30724334716797,-73.40770721435547,-74.32764434814453,-77.54742431640625,-61.90849304199219,-89.5066146850586,108.25556945800781,43.30222702026367,43.30222702026367,-284.517822265625
-62.82843017578125,-85.36689758300781,-73.6376953125,-81.45716094970703,-60.06861877441406,-84.67694091796875,-52.24915313720703,-73.17772674560547,108.25556945800781,43.30222702026367,43.30222702026367,-285.0260314941406
-67.42811584472656,-74.32764434814453,-61.90849304199219,-90.88652038574219,-55.00896453857422,-63.51838302612305,-64.43832397460938,-51.559200286865234,108.25556945800781,43.30222702026367,43.30222702026367,-285.2570495605469
-70.41791534423828,-78.00739288330078,-56.38887023925781,-59.60865020751953,-61.67850875854492,-58.22874450683594,-71.56783294677734,-62.36846160888672,108.25556945800781,43.30222702026367,43.30222702026367,-284.8258361816406
-69.72795867919922,-69.72795867919922,-56.848838806152344,-71.79782104492188,-57.99876022338867,-63.058414459228516,-50.17929458618164,-68.11807250976562,108.25556945800781,43.30222702026367,43.30222702026367,-284.2098083496094
-70.64789581298828,-55.92890167236328,-66.96814727783203,-67.42811584472656,-63.058414459228516,-54.31901168823242,-66.2781982421875,-51.7891845703125,108.25556945800781,43.30222702026367,43.30222702026367,-283.378173828125
-58.22874450683594,-68.34805297851562,-62.36846160888672,-77.77741241455078,-49.949310302734375,-61.90849304199219,-60.988555908203125,-50.409278869628906,108.25556945800781,43.30222702026367,43.30222702026367,-284.7796325683594
-67.6581039428711,-78.00739288330078,-52.24915313720703,-88.356689453125,-56.38887023925781,-61.21854019165039,-59.8386344909668,-52.4791374206543,108.25556945800781,43.30222702026367,43.30222702026367,-284.94903564453125
-71.10786437988281,-78.00739288330078,-62.82843017578125,-73.86767578125,-75.93753814697266,-62.13847732543945,-74.78761291503906,-63.51838302612305,108.25556945800781,43.30222702026367,43.30222702026367,-285.9192810058594
-79.84727478027344,-75.47756958007812,-74.09766387939453,-78.69734954833984,-75.0176010131836,-72.2577896118164,-64.66830444335938,-81.91712951660156,108.25556945800781,43.30222702026367,43.30222702026367,-285.22625732421875
-89.27662658691406,-86.9767837524414,-86.28683471679688,-71.10786437988281,-73.86767578125,-80.07725524902344,-77.08745574951172,-77.77741241455078,108.25556945800781,43.30222702026367,43.30222702026367,-285.6728820800781
-62.598445892333984,-100.54586029052734,-70.18792724609375,-86.05684661865234,-83.06705474853516,-64.8982925415039,-89.27662658691406,-76.39750671386719,108.25556945800781,43.30222702026367,43.30222702026367,-286.65850830078125
-71.79782104492188,-85.13690948486328,-87.66674041748047,-73.6376953125,-90.65653228759766,-82.83706665039062,-78.23738098144531,-90.42655181884766,108.25556945800781,43.30222702026367,43.30222702026367,-286.3197021484375
-76.85747528076172,-84.67694091796875,-88.126708984375,-89.27662658691406,-66.73816680908203,-84.44696044921875,-79.3873062133789,-80.07725524902344,108.25556945800781,43.30222702026367,43.30222702026367,-285.0722351074219
-75.47756958007812,-92.72639465332031,-80.9971923828125,-94.1063003540039,-82.3770980834961,-75.0176010131836,-76.62748718261719,-82.1471176147461,108.25556945800781,43.30222702026367,43.30222702026367,-286.6893310546875
-90.19656372070312,-84.21697235107422,-78.92733764648438,-80.53722381591797,-78.69734954833984,-83.75700378417969,-61.448524475097656,-96.8661117553711,108.25556945800781,43.30222702026367,43.30222702026367,-284.9798278808594
-88.356689453125,-74.09766387939453,-90.65653228759766,-69.95794677734375,-74.55763244628906,-83.98699188232422,-60.29860305786133,-97.0960922241211,108.25556945800781,43.30222702026367,43.30222702026367,-284.57940673828125
-78.46736145019531,-83.75700378417969,-64.43832397460938,-69.03800964355469,-70.41791534423828,-80.07725524902344,-50.86924743652344,-75.2475814819336,108.25556945800781,43.30222702026367,43.30222702026367,-286.27349853515625
-81.91712951660156,-67.42811584472656,-90.42655181884766,-68.80802154541016,-64.66830444335938,-71.79782104492188,-49.02936935424805,-80.07725524902344,108.25556945800781,43.30222702026367,43.30222702026367,-285.857666015625
-73.17772674560547,-72.4877700805664,-67.42811584472656,-67.19813537597656,-60.988555908203125,-64.8982925415039,-47.87944793701172,-76.85747528076172,108.25556945800781,43.30222702026367,43.30222702026367,-283.7477722167969
-71.10786437988281,-59.378665924072266,-81.45716094970703,-66.2781982421875,-62.82843017578125,-44.889652252197266,-49.25935363769531,-68.34805297851562,108.25556945800781,43.30222702026367,43.30222702026367,-284.4562072753906
-57.99876022338867,-67.6581039428711,-68.11807250976562,-61.448524475097656,-62.13847732543945,-61.90849304199219,-52.70912170410156,-59.148681640625,108.25556945800781,43.30222702026367,43.30222702026367,-284.9336242675781
-66.2781982421875,-70.87788391113281,-61.448524475097656,-73.40770721435547,-61.21854019165039,-66.96814727783203,-47.64946365356445,-65.1282730102539,108.25556945800781,43.30222702026367,43.30222702026367,-284.2406005859375
-65.81822967529297,-74.78761291503906,-66.5081787109375,-66.96814727783203,-54.31901168823242,-61.90849304199219,-60.06861877441406,-52.93910598754883,108.25556945800781,43.30222702026367,43.30222702026367,-284.47161865234375
-68.80802154541016,-75.0176010131836,-56.848838806152344,-88.356689453125,-53.39907455444336,-64.8982925415039,-59.60865020751953,-69.95794677734375,108.25556945800781,43.30222702026367,43.30222702026367,-283.6553649902344
-74.55763244628906,-67.8880844116211,-74.78761291503906,-76.85747528076172,-72.4877700805664,-72.4877700805664,-51.7891845703125,-76.85747528076172,108.25556945800781,43.30222702026367,43.30222702026367,-284.85662841796875
-64.66830444335938,-93.18636322021484,-65.35826110839844,-85.82686614990234,-78.92733764648438,-62.82843017578125,-76.62748718261719,-63.058414459228516,108.25556945800781,43.30222702026367,43.30222702026367,-286.8125305175781
-81.91712951660156,-69.26799011230469,-73.17772674560547,-87.89672088623047,-82.3770980834961,-75.70755004882812,-57.53879165649414,-79.3873062133789,108.25556945800781,43.30222702026367,43.30222702026367,-285.6728820800781
-82.83706665039062,-89.5066146850586,-66.04821014404297,-92.72639465332031,-75.0176010131836,-83.06705474853516,-73.86767578125,-80.30724334716797,108.25556945800781,43.30222702026367,43.30222702026367,-285.4880676269531
-75.70755004882812,-96.8661117553711,-72.94773864746094,-87.89672088623047,-89.5066146850586,-75.0176010131836,-92.72639465332031,-77.77741241455078,108.25556945800781,43.30222702026367,43.30222702026367,-286.6893310546875
-94.56626892089844,-84.67694091796875,-84.21697235107422,-86.51681518554688,-89.96658325195312,-72.02780151367188,-74.32764434814453,-91.57646942138672,108.25556945800781,43.30222702026367,43.30222702026367,-286.4891052246094
-69.95794677734375,-104.45559692382812,-82.1471176147461,-88.126708984375,-79.84727478027344,-81.45716094970703,-70.18792724609375,-88.356689453125,108.25556945800781,43.30222702026367,43.30222702026367,-285.4880676269531
-86.28683471679688,-83.98699188232422,-84.44696044921875,-81.91712951660156,-76.16751861572266,-73.86767578125,-71.56783294677734,-90.88652038574219,108.25556945800781,43.30222702026367,43.30222702026367,-285.7344665527344
-91.11650085449219,-72.02780151367188,-75.0176010131836,-78.92733764648438,-90.19656372070312,-71.33785247802734,-65.35826110839844,-74.32764434814453,108.25556945800781,43.30222702026367,43.30222702026367,-285.1492614746094
-78.23738098144531,-79.84727478027344,-89.5066146850586,-85.59687805175781,-71.56783294677734,-89.5066146850586,-67.8880844116211,-77.54742431640625,108.25556945800781,43.30222702026367,43.30222702026367,-286.3042907714844
-65.1282730102539,-79.3873062133789,-50.17929458618164,-63.97835159301758,-63.74836730957031,-66.2781982421875,-72.02780151367188,-57.53879165649414,108.25556945800781,43.30222702026367,43.30222702026367,-284.76422119140625
-74.32764434814453,-77.31744384765625,-50.409278869628906,-80.9971923828125,-52.24915313720703,-60.06861877441406,-63.74836730957031,-54.31901168823242,108.25556945800781,43.30222702026367,43.30222702026367,-284.94903564453125
-61.448524475097656,-67.42811584472656,-57.768775939941406,-79.84727478027344,-50.409278869628906,-59.8386344909668,-45.57960510253906,-79.3873062133789,108.25556945800781,43.30222702026367,43.30222702026367,-285.5496520996094
-54.31901168823242,-66.73816680908203,-63.28839874267578,-75.47756958007812,-50.63926315307617,-59.148681640625,-57.768775939941406,-46.039573669433594,108.25556945800781,43.30222702026367,43.30222702026367,-284.3638000488281
-69.72795867919922,-76.16751861572266,-51.559200286865234,-83.98699188232422,-54.31901168823242,-57.99876022338867,-57.308807373046875,-48.33941650390625,108.25556945800781,43.30222702026367,43.30222702026367,-284.76422119140625
-67.8880844116211,-74.32764434814453,-59.148681640625,-76.62748718261719,-53.629058837890625,-63.058414459228516,-59.8386344909668,-51.559200286865234,108.25556945800781,43.30222702026367,43.30222702026367,-283.76318359375
-75.70755004882812,-76.62748718261719,-60.988555908203125,-77.54742431640625,-49.949310302734375,-59.148681640625,-56.38887023925781,-64.66830444335938,108.25556945800781,43.30222702026367,43.30222702026367,-286.027099609375
-86.51681518554688,-71.10786437988281,-73.17772674560547,-78.69734954833984,-87.66674041748047,-64.43832397460938,-59.378665924072266,-70.41791534423828,108.25556945800781,43.30222702026367,43.30222702026367,-285.9346923828125
-69.95794677734375,-85.82686614990234,-85.82686614990234,-69.03800964355469,-90.65653228759766,-67.6581039428711,-66.73816680908203,-82.83706665039062,108.25556945800781,43.30222702026367,43.30222702026367,-285.33404541015625
-80.9971923828125,-86.9767837524414,-60.988555908203125,-83.06705474853516,-80.30724334716797,-89.04664611816406,-58.22874450683594,-78.46736145019531,108.25556945800781,43.30222702026367,43.30222702026367,-284.517822265625
-74.09766387939453,-85.82686614990234,-87.43675231933594,-89.96658325195312,-74.09766387939453,-89.04664611816406,-84.67694091796875,-69.72795867919922,108.25556945800781,43.30222702026367,43.30222702026367,-285.7652893066406
-84.21697235107422,-91.57646942138672,-68.80802154541016,-107.21540832519531,-78.46736145019531,-85.36689758300781,-59.148681640625,-98.24601745605469,108.25556945800781,43.30222702026367,43.30222702026367,-287.0589294433594
-92.49640655517578,-75.0176010131836,-90.42655181884766,-92.03643798828125,-87.20677185058594,-69.95794677734375,-74.32764434814453,-87.66674041748047,108.25556945800781,43.30222702026367,43.30222702026367,-286.2118835449219
-95.94617462158203,-84.90692901611328,-80.53722381591797,-85.36689758300781,-79.6172866821289,-74.09766387939453,-72.4877700805664,-90.42655181884766,108.25556945800781,43.30222702026367,43.30222702026367,-286.1040954589844
-69.72795867919922,-85.59687805175781,-86.51681518554688,-72.02780151367188,-83.52702331542969,-81.45716094970703,-72.02780151367188,-73.40770721435547,108.25556945800781,43.30222702026367,43.30222702026367,-286.36590576171875
-78.23738098144531,-84.90692901611328,-70.87788391113281,-88.356689453125,-71.56783294677734,-75.47756958007812,-72.2577896118164,-66.5081787109375,108.25556945800781,43.30222702026367,43.30222702026367,-285.9654846191406
-77.77741241455078,-64.43832397460938,-68.80802154541016,-76.62748718261719,-78.00739288330078,-57.308807373046875,-61.21854019165039,-71.56783294677734,108.25556945800781,43.30222702026367,43.30222702026367,-285.0260314941406
-75.0176010131836,-77.31744384765625,-69.72795867919922,-60.29860305786133,-63.51838302612305,-72.4877700805664,-42.819793701171875,-84.21697235107422,108.25556945800781,43.30222702026367,43.30222702026367,-285.4418640136719
-62.598445892333984,-62.82843017578125,-65.81822967529297,-72.02780151367188,-55.92890167236328,-66.5081787109375,-45.3496208190918,-64.20833587646484,108.25556945800781,43.30222702026367,43.30222702026367,-284.08660888671875
-83.98699188232422,-67.19813537597656,-66.96814727783203,-74.09766387939453,-56.61885452270508,-59.148681640625,-52.4791374206543,-66.2781982421875,108.25556945800781,43.30222702026367,43.30222702026367,-284.4408264160156
-66.2781982421875,-78.92733764648438,-48.569400787353516,-83.29703521728516,-55.00896453857422,-58.4587287902832,-50.17929458618164,-72.4877700805664,108.25556945800781,43.30222702026367,43.30222702026367,-283.5475769042969
-75.93753814697266,-56.38887023925781,-62.598445892333984,-71.33785247802734,-63.51838302612305,-54.54899597167969,-53.85904312133789,-72.4877700805664,108.25556945800781,43.30222702026367,43.30222702026367,-284.9182434082031
-68.80802154541016,-60.75857162475586,-67.42811584472656,-64.20833587646484,-65.81822967529297,-71.33785247802734,-46.499542236328125,-69.26799011230469,108.25556945800781,43.30222702026367,43.30222702026367,-284.0711975097656
-86.28683471679688,-75.0176010131836,-76.62748718261719,-58.918697357177734,-72.4877700805664,-75.70755004882812,-66.73816680908203,-65.35826110839844,108.25556945800781,43.30222702026367,43.30222702026367,-286.18109130859375
-90.65653228759766,-70.64789581298828,-74.32764434814453,-85.13690948486328,-52.93910598754883,-87.89672088623047,-59.8386344909668,-80.07725524902344,108.25556945800781,43.30222702026367,43.30222702026367,-285.0260314941406
-88.81665802001953,-75.93753814697266,-76.85747528076172,-84.90692901611328,-59.148681640625,-85.36689758300781,-67.19813537597656,-83.75700378417969,108.25556945800781,43.30222702026367,43.30222702026367,-285.5342712402344
-77.08745574951172,-84.67694091796875,-74.32764434814453,-89.96658325195312,-76.62748718261719,-79.84727478027344,-69.95794677734375,-81.91712951660156,108.25556945800781,43.30222702026367,43.30222702026367,-285.2108459472656
-75.2475814819336,-87.20677185058594,-90.42655181884766,-81.68714904785156,-75.70755004882812,-81.91712951660156,-78.46736145019531,-74.55763244628906,108.25556945800781,43.30222702026367,43.30222702026367,-285.7652893066406
-103.07568359375,-90.88652038574219,-87.66674041748047,-79.3873062133789,-92.49640655517578,-74.55763244628906,-74.09766387939453,-78.23738098144531,108.25556945800781,43.30222702026367,43.30222702026367,-286.1965026855469
-91.34648895263672,-84.67694091796875,-69.72795867919922,-86.51681518554688,-77.77741241455078,-101.6957778930664,-73.86767578125,-88.126708984375,108.25556945800781,43.30222702026367,43.30222702026367,-286.2118835449219
-85.13690948486328,-94.56626892089844,-83.75700378417969,-93.41634368896484,-95.25621795654297,-86.28683471679688,-78.46736145019531,-96.17615509033203,108.25556945800781,43.30222702026367,43.30222702026367,-285.8268737792969
-74.55763244628906,-92.72639465332031,-99.62592315673828,-88.58667755126953,-57.07882308959961,-57.768775939941406,-62.598445892333984,-75.70755004882812,108.25556945800781,43.30222702026367,43.30222702026367,-285.9192810058594
-85.59687805175781,-84.90692901611328,-69.72795867919922,-81.45716094970703,-66.5081787109375,-61.67850875854492,-67.19813537597656,-76.62748718261719,108.25556945800781,43.30222702026367,43.30222702026367,-284.5024108886719
-72.4877700805664,-80.9971923828125,-61.21854019165039,-57.99876022338867,-62.36846160888672,-52.019168853759766,-42.58980941772461,-68.34805297851562,108.25556945800781,43.30222702026367,43.30222702026367,-285.13385009765625
-66.2781982421875,-75.70755004882812,-75.93753814697266,-91.57646942138672,-58.22874450683594,-68.80802154541016,-34.77034378051758,-50.409278869628906,108.25556945800781,43.30222702026367,43.30222702026367,-284.9182434082031
-73.17772674560547,-60.988555908203125,-66.2781982421875,-53.85904312133789,-55.698917388916016,-63.51838302612305,-56.38887023925781,-76.39750671386719,108.25556945800781,43.30222702026367,43.30222702026367,-285.70367431640625
-63.28839874267578,-72.4877700805664,-68.80802154541016,-67.42811584472656,-53.169090270996094,-63.97835159301758,-50.17929458618164,-65.35826110839844,108.25556945800781,43.30222702026367,43.30222702026367,-283.8555908203125
-72.4877700805664,-59.60865020751953,-64.66830444335938,-75.70755004882812,-49.48933792114258,-78.00739288330078,-47.87944793701172,-65.81822967529297,108.25556945800781,43.30222702026367,43.30222702026367,-283.947998046875
-46.959510803222656,-65.58824157714844,-66.96814727783203,-74.78761291503906,-76.62748718261719,-55.698917388916016,-55.00896453857422,-44.65966796875,108.25556945800781,43.30222702026367,43.30222702026367,-285.3648681640625
-84.44696044921875,-65.1282730102539,-67.6581039428711,-76.39750671386719,-59.60865020751953,-67.6581039428711,-57.99876022338867,-72.71775817871094,108.25556945800781,43.30222702026367,43.30222702026367,-284.7796325683594
-58.22874450683594,-87.43675231933594,-66.04821014404297,-75.47756958007812,-70.18792724609375,-63.28839874267578,-69.03800964355469,-71.33785247802734,108.25556945800781,43.30222702026367,43.30222702026367,-284.3946228027344
-74.32764434814453,-79.84727478027344,-81.91712951660156,-73.86767578125,-85.82686614990234,-68.34805297851562,-67.8880844116211,-86.28683471679688,108.25556945800781,43.30222702026367,43.30222702026367,-285.1184387207031
-76.85747528076172,-96.17615509033203,-78.00739288330078,-89.5066146850586,-61.90849304199219,-69.95794677734375,-66.73816680908203,-78.00739288330078,108.25556945800781,43.30222702026367,43.30222702026367,-284.4254150390625
-70.41791534423828,-85.82686614990234,-92.26642608642578,-76.39750671386719,-96.40614318847656,-74.55763244628906,-71.10786437988281,-89.27662658691406,108.25556945800781,43.30222702026367,43.30222702026367,-285.6420593261719
-82.60708618164062,-90.42655181884766,-67.8880844116211,-96.63612365722656,-75.93753814697266,-86.51681518554688,-75.0176010131836,-86.05684661865234,108.25556945800781,43.30222702026367,43.30222702026367,-285.6420593261719
-85.59687805175781,-91.11650085449219,-89.96658325195312,-96.8661117553711,-72.02780151367188,-85.13690948486328,-65.58824157714844,-102.845703125,108.25556945800781,43.30222702026367,43.30222702026367,-285.3802490234375
-84.21697235107422,-94.1063003540039,-76.85747528076172,-100.54586029052734,-70.87788391113281,-83.06705474853516,-78.69734954833984,-75.2475814819336,108.25556945800781,43.30222702026367,43.30222702026367,-286.2118835449219
-86.51681518554688,-75.2475814819336,-89.04664611816406,-89.5066146850586,-82.83706665039062,-79.15731811523438,-69.72795867919922,-78.92733764648438,108.25556945800781,43.30222702026367,43.30222702026367,-286.1965026855469
-85.13690948486328,-73.17772674560547,-88.356689453125,-69.72795867919922,-72.02780151367188,-80.07725524902344,-56.15888595581055,-90.19656372070312,108.25556945800781,43.30222702026367,43.30222702026367,-285.3032531738281
-82.1471176147461,-61.90849304199219,-55.698917388916016,-75.93753814697266,-67.8880844116211,-87.20677185058594,-61.21854019165039,-75.0176010131836,108.25556945800781,43.30222702026367,43.30222702026367,-285.857666015625
-73.86767578125,-79.15731811523438,-60.988555908203125,-73.6376953125,-70.87788391113281,-55.698917388916016,-69.03800964355469,-57.07882308959961,108.25556945800781,43.30222702026367,43.30222702026367,-286.18109130859375
-70.41791534423828,-78.69734954833984,-56.15888595581055,-78.46736145019531,-60.988555908203125,-66.73816680908203,-54.089027404785156,-68.34805297851562,108.25556945800781,43.30222702026367,43.30222702026367,-284.533203125
-69.26799011230469,-69.72795867919922,-81.45716094970703,-67.19813537597656,-63.058414459228516,-44.65966796875,-44.19969940185547,-66.96814727783203,108.25556945800781,43.30222702026367,43.30222702026367,-284.4254150390625
-57.768775939941406,-70.64789581298828,-67.19813537597656,-55.698917388916016,-78.00739288330078,-55.00896453857422,-52.4791374206543,-65.1282730102539,108.25556945800781,43.30222702026367,43.30222702026367,-284.8258361816406
-57.07882308959961,-69.49797821044922,-69.26799011230469,-58.22874450683594,-67.42811584472656,-59.378665924072266,-50.409278869628906,-64.43832397460938,108.25556945800781,43.30222702026367,43.30222702026367,-284.4254150390625
-68.80802154541016,-70.64789581298828,-71.56783294677734,-67.8880844116211,-63.058414459228516,-59.148681640625,-53.85904312133789,-69.49797821044922,108.25556945800781,43.30222702026367,43.30222702026367,-284.5948181152344
-87.43675231933594,-71.10786437988281,-72.2577896118164,-57.53879165649414,-67.6581039428711,-73.6376953125,-68.34805297851562,-76.85747528076172,108.25556945800781,43.30222702026367,43.30222702026367,-285.79608154296875
-62.13847732543945,-75.47756958007812,-73.40770721435547,-68.80802154541016,-72.02780151367188,-72.2577896118164,-69.49797821044922,-75.0176010131836,108.25556945800781,43.30222702026367,43.30222702026367,-285.6266784667969
-90.88652038574219,-70.41791534423828,-74.09766387939453,-82.83706665039062,-80.9971923828125,-64.8982925415039,-65.58824157714844,-81.68714904785156,108.25556945800781,43.30222702026367,43.30222702026367,-285.98089599609375
-75.2475814819336,-68.11807250976562,-69.26799011230469,-83.29703521728516,-61.90849304199219,-72.2577896118164,-65.58824157714844,-64.66830444335938,108.25556945800781,43.30222702026367,43.30222702026367,-285.88848876953125
-87.66674041748047,-86.7468032836914,-97.55606079101562,-78.00739288330078,-75.2475814819336,-75.2475814819336,-91.11650085449219,-77.54742431640625,108.25556945800781,43.30222702026367,43.30222702026367,-285.6266784667969
-81.68714904785156,-70.41791534423828,-83.98699188232422,-93.64633178710938,-84.90692901611328,-101.00582885742188,-73.40770721435547,-87.89672088623047,108.25556945800781,43.30222702026367,43.30222702026367,-286.027099609375
-69.49797821044922,-74.09766387939453,-80.07725524902344,-89.7365951538086,-101.23580932617188,-83.52702331542969,-80.9971923828125,-68.11807250976562,108.25556945800781,43.30222702026367,43.30222702026367,-287.39776611328125
-73.86767578125,-87.66674041748047,-87.20677185058594,-90.19656372070312,-66.73816680908203,-80.53722381591797,-78.69734954833984,-92.26642608642578,108.25556945800781,43.30222702026367,43.30222702026367,-287.0127258300781
-75.70755004882812,-99.62592315673828,-66.96814727783203,-85.13690948486328,-78.00739288330078,-63.28839874267578,-87.66674041748047,-75.0176010131836,108.25556945800781,43.30222702026367,43.30222702026367,-286.8125305175781
-78.00739288330078,-77.77741241455078,-71.33785247802734,-81.22718048095703,-70.64789581298828,-75.2475814819336,-65.35826110839844,-81.45716094970703,108.25556945800781,43.30222702026367,43.30222702026367,-285.2724609375
-73.6376953125,-72.2577896118164,-90.19656372070312,-75.93753814697266,-74.09766387939453,-57.99876022338867,-42.58980941772461,-69.49797821044922,108.25556945800781,43.30222702026367,43.30222702026367,-285.8114929199219
-61.448524475097656,-75.93753814697266,-77.31744384765625,-58.22874450683594,-66.2781982421875,-66.73816680908203,-61.21854019165039,-58.68871307373047,108.25556945800781,43.30222702026367,43.30222702026367,-285.1954345703125
-76.16751861572266,-67.42811584472656,-72.02780151367188,-61.448524475097656,-58.918697357177734,-70.64789581298828,-47.87944793701172,-81.45716094970703,108.25556945800781,43.30222702026367,43.30222702026367,-283.6399841308594
-61.448524475097656,-80.53722381591797,-52.70912170410156,-69.49797821044922,-64.8982925415039,-49.71932601928711,-60.75857162475586,-61.67850875854492,108.25556945800781,43.30222702026367,43.30222702026367,-283.6861877441406
-66.96814727783203,-75.70755004882812,-53.85904312133789,-69.95794677734375,-65.58824157714844,-69.95794677734375,-37.9901237487793,-61.448524475097656,108.25556945800781,43.30222702026367,43.30222702026367,-284.19439697265625
-69.26799011230469,-56.848838806152344,-76.16751861572266,-66.73816680908203,-60.06861877441406,-58.68871307373047,-62.82843017578125,-52.93910598754883,108.25556945800781,43.30222702026367,43.30222702026367,-285.2108459472656
-72.02780151367188,-59.148681640625,-76.85747528076172,-65.58824157714844,-60.75857162475586,-66.73816680908203,-47.64946365356445,-75.47756958007812,108.25556945800781,43.30222702026367,43.30222702026367,-283.8709716796875
-68.80802154541016,-59.60865020751953,-77.31744384765625,-80.30724334716797,-71.33785247802734,-66.04821014404297,-47.87944793701172,-66.2781982421875,108.25556945800781,43.30222702026367,43.30222702026367,-285.287841796875
-64.43832397460938,-79.6172866821289,-75.2475814819336,-77.54742431640625,-73.86767578125,-75.47756958007812,-70.41791534423828,-71.33785247802734,108.25556945800781,43.30222702026367,43.30222702026367,-285.8730773925781
-78.46736145019531,-85.36689758300781,-70.18792724609375,-88.81665802001953,-61.90849304199219,-75.93753814697266,-78.00739288330078,-63.74836730957031,108.25556945800781,43.30222702026367,43.30222702026367,-285.857666015625
-80.07725524902344,-86.05684661865234,-80.07725524902344,-92.72639465332031,-71.79782104492188,-88.58667755126953,-64.43832397460938,-84.44696044921875,108.25556945800781,43.30222702026367,43.30222702026367,-284.90283203125
-76.16751861572266,-93.18636322021484,-86.51681518554688,-97.55606079101562,-66.5081787109375,-87.66674041748047,-79.6172866821289,-90.42655181884766,108.25556945800781,43.30222702026367,43.30222702026367,-286.1348876953125
-79.3873062133789,-89.27662658691406,-76.85747528076172,-106.52545166015625,-73.86767578125,-80.9971923828125,-78.92733764648438,-75.2475814819336,108.25556945800781,43.30222702026367,43.30222702026367,-285.13385009765625
-89.04664611816406,-94.56626892089844,-71.10786437988281,-105.60551452636719,-74.09766387939453,-78.92733764648438,-78.46736145019531,-70.64789581298828,108.25556945800781,43.30222702026367,43.30222702026367,-286.027099609375
-95.94617462158203,-80.30724334716797,-69.95794677734375,-85.82686614990234,-81.68714904785156,-100.54586029052734,-70.87788391113281,-89.5066146850586,108.25556945800781,43.30222702026367,43.30222702026367,-286.4275207519531
-81.91712951660156,-83.29703521728516,-73.40770721435547,-82.1471176147461,-79.3873062133789,-69.72795867919922,-81.22718048095703,-68.57804107666016,108.25556945800781,43.30222702026367,43.30222702026367,-286.4891052246094
-74.78761291503906,-78.92733764648438,-78.69734954833984,-72.4877700805664,-73.17772674560547,-78.00739288330078,-53.629058837890625,-87.20677185058594,108.25556945800781,43.30222702026367,43.30222702026367,-284.57940673828125
-87.66674041748047,-69.03800964355469,-74.55763244628906,-82.3770980834961,-52.019168853759766,-82.60708618164062,-55.698917388916016,-72.02780151367188,108.25556945800781,43.30222702026367,43.30222702026367,-284.7796325683594
-80.7672119140625,-73.6376953125,-70.18792724609375,-61.90849304199219,-70.64789581298828,-51.7891845703125,-58.68871307373047,-75.2475814819336,108.25556945800781,43.30222702026367,43.30222702026367,-284.94903564453125
-57.308807373046875,-65.81822967529297,-67.8880844116211,-78.23738098144531,-47.18949508666992,-77.31744384765625,-54.54899597167969,-67.42811584472656,108.25556945800781,43.30222702026367,43.30222702026367,-284.4254150390625
-60.29860305786133,-69.72795867919922,-54.77898025512695,-72.2577896118164,-66.5081787109375,-48.569400787353516,-68.57804107666016,-48.569400787353516,108.25556945800781,43.30222702026367,43.30222702026367,-285.8114929199219
-54.77898025512695,-72.4877700805664,-66.96814727783203,-76.62748718261719,-47.87944793701172,-55.698917388916016,-44.889652252197266,-80.53722381591797,108.25556945800781,43.30222702026367,43.30222702026367,-284.9182434082031
-69.95794677734375,-67.6581039428711,-57.07882308959961,-71.79782104492188,-59.148681640625,-63.74836730957031,-52.4791374206543,-60.29860305786133,108.25556945800781,43.30222702026367,43.30222702026367,-284.1174011230469
-55.238948822021484,-69.49797821044922,-74.78761291503906,-58.4587287902832,-81.91712951660156,-66.2781982421875,-57.53879165649414,-71.10786437988281,108.25556945800781,43.30222702026367,43.30222702026367,-284.70263671875
-60.75857162475586,-74.78761291503906,-78.00739288330078,-69.03800964355469,-79.6172866821289,-59.8386344909668,-58.918697357177734,-75.0176010131836,108.25556945800781,43.30222702026367,43.30222702026367,-284.9644470214844
-75.47756958007812,-81.45716094970703,-73.17772674560547,-74.78761291503906,-74.09766387939453,-81.68714904785156,-54.54899597167969,-92.26642608642578,108.25556945800781,43.30222702026367,43.30222702026367,-285.5034484863281
-60.75857162475586,-82.1471176147461,-79.84727478027344,-86.9767837524414,-60.988555908203125,-92.26642608642578,-72.4877700805664,-88.126708984375,108.25556945800781,43.30222702026367,43.30222702026367,-285.4880676269531
-77.54742431640625,-82.3770980834961,-78.46736145019531,-87.66674041748047,-83.75700378417969,-76.16751861572266,-80.7672119140625,-73.86767578125,108.25556945800781,43.30222702026367,43.30222702026367,-286.5045166015625
-85.13690948486328,-71.79782104492188,-68.80802154541016,-90.88652038574219,-84.21697235107422,-81.91712951660156,-62.13847732543945,-81.91712951660156,108.25556945800781,43.30222702026367,43.30222702026367,-286.0578918457031
-83.75700378417969,-90.65653228759766,-80.9971923828125,-89.5066146850586,-77.31744384765625,-78.23738098144531,-75.2475814819336,-85.59687805175781,108.25556945800781,43.30222702026367,43.30222702026367,-285.7806701660156
-89.5066146850586,-89.7365951538086,-69.95794677734375,-93.18636322021484,-75.47756958007812,-85.59687805175781,-75.47756958007812,-75.2475814819336,108.25556945800781,43.30222702026367,43.30222702026367,-286.18109130859375
-86.51681518554688,-80.07725524902344,-87.66674041748047,-84.21697235107422,-80.7672119140625,-80.9971923828125,-78.00739288330078,-78.92733764648438,108.25556945800781,43.30222702026367,43.30222702026367,-286.73553466796875
-83.06705474853516,-86.7468032836914,-83.98699188232422,-77.77741241455078,-57.07882308959961,-69.03800964355469,-62.36846160888672,-93.18636322021484,108.25556945800781,43.30222702026367,43.30222702026367,-284.5948181152344
-78.00739288330078,-87.66674041748047,-66.96814727783203,-69.49797821044922,-69.49797821044922,-74.32764434814453,-49.25935363769531,-65.1282730102539,108.25556945800781,43.30222702026367,43.30222702026367,-286.1195068359375
-80.7672119140625,-61.448524475097656,-86.9767837524414,-66.5081787109375,-64.20833587646484,-68.80802154541016,-44.429683685302734,-82.60708618164062,108.25556945800781,43.30222702026367,43.30222702026367,-283.7939758300781
-67.6581039428711,-74.55763244628906,-51.7891845703125,-85.36689758300781,-65.1282730102539,-71.56783294677734,-42.359825134277344,-79.15731811523438,108.25556945800781,43.30222702026367,43.30222702026367,-285.7652893066406
-66.04821014404297,-72.2577896118164,-52.70912170410156,-83.52702331542969,-56.61885452270508,-61.90849304199219,-55.00896453857422,-55.92890167236328,108.25556945800781,43.30222702026367,43.30222702026367,-284.3330078125
-72.71775817871094,-57.768775939941406,-76.39750671386719,-62.36846160888672,-59.148681640625,-58.22874450683594,-50.409278869628906,-63.51838302612305,108.25556945800781,43.30222702026367,43.30222702026367,-284.19439697265625
-59.60865020751953,-78.23738098144531,-56.38887023925781,-69.03800964355469,-67.42811584472656,-50.86924743652344,-69.95794677734375,-54.089027404785156,108.25556945800781,43.30222702026367,43.30222702026367,-285.1184387207031
-76.62748718261719,-57.07882308959961,-60.528587341308594,-67.42811584472656,-73.6376953125,-55.46893310546875,-52.70912170410156,-62.598445892333984,108.25556945800781,43.30222702026367,43.30222702026367,-284.85662841796875
-64.8982925415039,-88.81665802001953,-74.55763244628906,-82.3770980834961,-81.22718048095703,-68.11807250976562,-64.20833587646484,-66.5081787109375,108.25556945800781,43.30222702026367,43.30222702026367,-283.5937805175781
-65.1282730102539,-76.62748718261719,-60.988555908203125,-91.80645751953125,-68.34805297851562,-76.62748718261719,-48.569400787353516,-88.58667755126953,108.25556945800781,43.30222702026367,43.30222702026367,-285.857666015625
-74.55763244628906,-75.0176010131836,-80.9971923828125,-65.58824157714844,-73.40770721435547,-82.60708618164062,-53.169090270996094,-84.44696044921875,108.25556945800781,43.30222702026367,43.30222702026367,-285.9346923828125
-82.60708618164062,-69.72795867919922,-92.03643798828125,-70.87788391113281,-75.93753814697266,-86.51681518554688,-61.448524475097656,-84.90692901611328,108.25556945800781,43.30222702026367,43.30222702026367,-285.1800537109375
-82.1471176147461,-92.26642608642578,-73.17772674560547,-89.96658325195312,-85.13690948486328,-68.57804107666016,-88.81665802001953,-75.0176010131836,108.25556945800781,43.30222702026367,43.30222702026367,-286.1656799316406
-103.76564025878906,-85.36689758300781,-81.68714904785156,-81.91712951660156,-95.7161865234375,-80.53722381591797,-78.69734954833984,-69.26799011230469,108.25556945800781,43.30222702026367,43.30222702026367,-284.6256103515625
-88.126708984375,-94.79624938964844,-101.6957778930664,-86.05684661865234,-83.52702331542969,-73.6376953125,-61.448524475097656,-84.67694091796875,108.25556945800781,43.30222702026367,43.30222702026367,-286.5198974609375
-85.59687805175781,-73.6376953125,-82.3770980834961,-87.89672088623047,-94.3362808227539,-78.92733764648438,-72.71775817871094,-66.96814727783203,108.25556945800781,43.30222702026367,43.30222702026367,-284.7950439453125
-91.11650085449219,-83.75700378417969,-91.57646942138672,-77.31744384765625,-76.39750671386719,-86.51681518554688,-54.089027404785156,-92.26642608642578,108.25556945800781,43.30222702026367,43.30222702026367,-286.6739196777344
-98.47599792480469,-80.07725524902344,-76.62748718261719,-82.3770980834961,-65.81822967529297,-66.96814727783203,-67.19813537597656,-79.15731811523438,108.25556945800781,43.30222702026367,43.30222702026367,-285.2724609375
-75.47756958007812,-87.43675231933594,-57.768775939941406,-91.11650085449219,-66.2781982421875,-70.18792724609375,-63.51838302612305,-72.71775817871094,108.25556945800781,43.30222702026367,43.30222702026367,-284.3330078125
-64.20833587646484,-75.93753814697266,-68.57804107666016,-75.2475814819336,-64.8982925415039,-65.58824157714844,-55.00896453857422,-65.1282730102539,108.25556945800781,43.30222702026367,43.30222702026367,-285.0722351074219
-69.26799011230469,-75.2475814819336,-54.77898025512695,-84.90692901611328,-60.528587341308594,-68.11807250976562,-53.169090270996094,-67.6581039428711,108.25556945800781,43.30222702026367,43.30222702026367,-284.00958251953125
-62.82843017578125,-70.41791534423828,-65.1282730102539,-71.79782104492188,-48.569400787353516,-72.94773864746094,-41.66987228393555,-67.19813537597656,108.25556945800781,43.30222702026367,43.30222702026367,-284.0557861328125
-66.96814727783203,-71.56783294677734,-70.41791534423828,-56.61885452270508,-59.378665924072266,-53.85904312133789,-65.1282730102539,-69.95794677734375,108.25556945800781,43.30222702026367,43.30222702026367,-284.28680419921875
-64.8982925415039,-63.74836730957031,-61.67850875854492,-71.56783294677734,-67.19813537597656,-48.33941650390625,-66.73816680908203,-54.31901168823242,108.25556945800781,43.30222702026367,43.30222702026367,-283.4551696777344
-69.95794677734375,-67.8880844116211,-79.15731811523438,-62.36846160888672,-62.82843017578125,-70.64789581298828,-37.070186614990234,-79.6172866821289,108.25556945800781,43.30222702026367,43.30222702026367,-284.4100036621094
-74.09766387939453,-75.0176010131836,-63.74836730957031,-85.36689758300781,-60.528587341308594,-69.03800964355469,-60.06861877441406,-60.988555908203125,108.25556945800781,43.30222702026367,43.30222702026367,-285.1954345703125
-63.51838302612305,-77.54742431640625,-80.7672119140625,-64.43832397460938,-88.356689453125,-67.8880844116211,-65.1282730102539,-79.3873062133789,108.25556945800781,43.30222702026367,43.30222702026367,-285.5342712402344
-77.77741241455078,-64.8982925415039,-76.39750671386719,-79.6172866821289,-92.03643798828125,-73.17772674560547,-66.73816680908203,-72.4877700805664,108.25556945800781,43.30222702026367,43.30222702026367,-285.287841796875
-87.66674041748047,-72.02780151367188,-95.7161865234375,-80.30724334716797,-77.08745574951172,-78.69734954833984,-70.18792724609375,-72.02780151367188,108.25556945800781,43.30222702026367,43.30222702026367,-285.99627685546875
-83.29703521728516,-86.51681518554688,-100.31587219238281,-90.42655181884766,-83.06705474853516,-72.4877700805664,-66.5081787109375,-83.29703521728516,108.25556945800781,43.30222702026367,43.30222702026367,-286.412109375
-93.87631225585938,-73.40770721435547,-77.77741241455078,-91.34648895263672,-87.43675231933594,-73.6376953125,-74.09766387939453,-85.36689758300781,108.25556945800781,43.30222702026367,43.30222702026367,-285.7344665527344
-72.94773864746094,-86.7468032836914,-73.40770721435547,-103.30567169189453,-86.51681518554688,-94.1063003540039,-71.33785247802734,-69.03800964355469,108.25556945800781,43.30222702026367,43.30222702026367,-286.2580871582031
-72.4877700805664,-90.88652038574219,-88.58667755126953,-83.06705474853516,-82.1471176147461,-93.41634368896484,-72.2577896118164,-89.5066146850586,108.25556945800781,43.30222702026367,43.30222702026367,-286.9049377441406
-66.04821014404297,-85.59687805175781,-80.7672119140625,-88.356689453125,-80.7672119140625,-69.03800964355469,-72.94773864746094,-60.988555908203125,108.25556945800781,43.30222702026367,43.30222702026367,-286.797119140625
-60.988555908203125,-74.78761291503906,-57.308807373046875,-70.18792724609375,-69.95794677734375,-67.8880844116211,-78.23738098144531,-79.6172866821289,108.25556945800781,43.30222702026367,43.30222702026367,-285.2108459472656
-77.31744384765625,-60.988555908203125,-86.05684661865234,-67.6581039428711,-67.6581039428711,-74.78761291503906,-45.57960510253906,-88.58667755126953,108.25556945800781,43.30222702026367,43.30222702026367,-284.00958251953125
-74.32764434814453,-71.10786437988281,-58.4587287902832,-74.78761291503906,-67.8880844116211,-53.85904312133789,-45.80958938598633,-67.6581039428711,108.25556945800781,43.30222702026367,43.30222702026367,-284.718017578125
-76.62748718261719,-59.60865020751953,-78.69734954833984,-63.51838302612305,-56.61885452270508,-59.60865020751953,-66.96814727783203,-52.019168853759766,108.25556945800781,43.30222702026367,43.30222702026367,-285.657470703125
-66.96814727783203,-76.62748718261719,-49.25935363769531,-67.42811584472656,-58.918697357177734,-78.00739288330078,-46.499542236328125,-62.82843017578125,108.25556945800781,43.30222702026367,43.30222702026367,-284.76422119140625
-69.72795867919922,-61.21854019165039,-65.1282730102539,-76.85747528076172,-47.64946365356445,-76.62748718261719,-43.9697151184082,-61.90849304199219,108.25556945800781,43.30222702026367,43.30222702026367,-284.1328125
-75.2475814819336,-57.99876022338867,-82.83706665039062,-60.75857162475586,-59.60865020751953,-66.73816680908203,-40.05998229980469,-80.30724334716797,108.25556945800781,43.30222702026367,43.30222702026367,-283.53216552734375
-72.94773864746094,-82.3770980834961,-56.61885452270508,-91.11650085449219,-52.24915313720703,-64.66830444335938,-64.66830444335938,-55.46893310546875,108.25556945800781,43.30222702026367,43.30222702026367,-285.1492614746094
-71.33785247802734,-81.91712951660156,-56.848838806152344,-93.64633178710938,-59.60865020751953,-68.80802154541016,-68.80802154541016,-56.15888595581055,108.25556945800781,43.30222702026367,43.30222702026367,-284.9182434082031
-70.41791534423828,-83.06705474853516,-83.52702331542969,-89.5066146850586,-64.20833587646484,-73.17772674560547,-65.35826110839844,-93.64633178710938,108.25556945800781,43.30222702026367,43.30222702026367,-286.227294921875
-75.0176010131836,-87.20677185058594,-68.11807250976562,-88.81665802001953,-83.75700378417969,-63.74836730957031,-80.9971923828125,-77.54742431640625,108.25556945800781,43.30222702026367,43.30222702026367,-284.4408264160156
-69.49797821044922,-86.51681518554688,-78.92733764648438,-107.90535736083984,-74.09766387939453,-85.36689758300781,-56.15888595581055,-89.96658325195312,108.25556945800781,43.30222702026367,43.30222702026367,-284.65643310546875
-89.96658325195312,-87.43675231933594,-83.75700378417969,-80.30724334716797,-97.55606079101562,-75.47756958007812,-74.09766387939453,-88.58667755126953,108.25556945800781,43.30222702026367,43.30222702026367,-285.7498779296875
-80.30724334716797,-90.42655181884766,-96.63612365722656,-82.3770980834961,-83.52702331542969,-71.79782104492188,-80.53722381591797,-88.356689453125,108.25556945800781,43.30222702026367,43.30222702026367,-285.84228515625
-82.3770980834961,-104.91556549072266,-86.9767837524414,-98.24601745605469,-72.71775817871094,-66.96814727783203,-65.58824157714844,-72.4877700805664,108.25556945800781,43.30222702026367,43.30222702026367,-286.0116882324219
-72.2577896118164,-86.7468032836914,-85.82686614990234,-91.11650085449219,-99.85590362548828,-86.28683471679688,-80.53722381591797,-96.8661117553711,108.25556945800781,43.30222702026367,43.30222702026367,-284.7796325683594
-94.1063003540039,-73.86767578125,-76.85747528076172,-69.49797821044922,-88.81665802001953,-69.26799011230469,-66.5081787109375,-69.49797821044922,108.25556945800781,43.30222702026367,43.30222702026367,-285.33404541015625
-78.00739288330078,-70.87788391113281,-83.98699188232422,-66.5081787109375,-70.64789581298828,-78.23738098144531,-49.949310302734375,-84.44696044921875,108.25556945800781,43.30222702026367,43.30222702026367,-285.24163818359375
-61.448524475097656,-73.6376953125,-63.74836730957031,-87.66674041748047,-66.5081787109375,-72.02780151367188,-52.93910598754883,-52.70912170410156,108.25556945800781,43.30222702026367,43.30222702026367,-285.0106506347656
-89.04664611816406,-63.28839874267578,-66.96814727783203,-74.55763244628906,-43.9697151184082,-78.69734954833984,-51.559200286865234,-67.6581039428711,108.25556945800781,43.30222702026367,43.30222702026367,-284.57940673828125
-71.10786437988281,-68.34805297851562,-62.82843017578125,-73.40770721435547,-46.72952651977539,-68.80802154541016,-46.959510803222656,-63.97835159301758,108.25556945800781,43.30222702026367,43.30222702026367,-283.8863830566406
-70.18792724609375,-69.03800964355469,-67.42811584472656,-68.11807250976562,-74.32764434814453,-50.409278869628906,-54.089027404785156,-70.18792724609375,108.25556945800781,43.30222702026367,43.30222702026367,-284.47161865234375
-65.58824157714844,-76.62748718261719,-61.67850875854492,-77.77741241455078,-50.63926315307617,-60.528587341308594,-57.07882308959961,-52.93910598754883,108.25556945800781,43.30222702026367,43.30222702026367,-284.8874206542969
-57.308807373046875,-71.56783294677734,-72.02780151367188,-57.07882308959961,-71.56783294677734,-59.60865020751953,-55.92890167236328,-64.66830444335938,108.25556945800781,43.30222702026367,43.30222702026367,-285.0568542480469
-53.169090270996094,-81.91712951660156,-67.19813537597656,-78.46736145019531,-58.68871307373047,-81.91712951660156,-50.86924743652344,-66.5081787109375,108.25556945800781,43.30222702026367,43.30222702026367,-285.04144287109375
-75.70755004882812,-69.72795867919922,-62.82843017578125,-78.23738098144531,-71.10786437988281,-89.7365951538086,-63.74836730957031,-76.39750671386719,108.25556945800781,43.30222702026367,43.30222702026367,-285.457275390625
-80.9971923828125,-82.1471176147461,-67.19813537597656,-83.29703521728516,-78.46736145019531,-63.51838302612305,-58.68871307373047,-78.69734954833984,108.25556945800781,43.30222702026367,43.30222702026367,-285.33404541015625
-86.7468032836914,-90.19656372070312,-67.42811584472656,-83.29703521728516,-57.53879165649414,-66.5081787109375,-68.11807250976562,-74.78761291503906,108.25556945800781,43.30222702026367,43.30222702026367,-285.5342712402344
-85.36689758300781,-75.0176010131836,-67.8880844116211,-83.98699188232422,-70.87788391113281,-96.40614318847656,-80.53722381591797,-89.7365951538086,108.25556945800781,43.30222702026367,43.30222702026367,-284.48699951171875
-66.73816680908203,-92.03643798828125,-88.126708984375,-97.55606079101562,-70.64789581298828,-75.0176010131836,-74.55763244628906,-90.65653228759766,108.25556945800781,43.30222702026367,43.30222702026367,-286.5353088378906
-87.89672088623047,-95.4862060546875,-96.8661117553711,-79.84727478027344,-80.30724334716797,-68.57804107666016,-80.30724334716797,-89.7365951538086,108.25556945800781,43.30222702026367,43.30222702026367,-285.88848876953125
-89.7365951538086,-86.7468032836914,-75.70755004882812,-91.34648895263672,-85.13690948486328,-66.96814727783203,-79.6172866821289,-83.29703521728516,108.25556945800781,43.30222702026367,43.30222702026367,-285.1184387207031
-82.60708618164062,-88.356689453125,-93.87631225585938,-76.62748718261719,-75.70755004882812,-72.02780151367188,-86.7468032836914,-78.00739288330078,108.25556945800781,43.30222702026367,43.30222702026367,-285.7190856933594
-75.47756958007812,-76.62748718261719,-75.70755004882812,-87.43675231933594,-70.18792724609375,-78.00739288330078,-58.22874450683594,-76.39750671386719,108.25556945800781,43.30222702026367,43.30222702026367,-285.5650634765625
-65.58824157714844,-93.64633178710938,-66.73816680908203,-79.15731811523438,-71.10786437988281,-60.75857162475586,-62.36846160888672,-69.49797821044922,108.25556945800781,43.30222702026367,43.30222702026367,-284.2098083496094
-90.42655181884766,-62.36846160888672,-68.11807250976562,-79.84727478027344,-48.109432220458984,-83.75700378417969,-48.569400787353516,-68.57804107666016,108.25556945800781,43.30222702026367,43.30222702026367,-284.19439697265625
-68.57804107666016,-75.70755004882812,-55.698917388916016,-80.53722381591797,-50.63926315307617,-64.20833587646484,-66.73816680908203,-54.54899597167969,108.25556945800781,43.30222702026367,43.30222702026367,-284.94903564453125
-71.33785247802734,-57.308807373046875,-75.47756958007812,-69.72795867919922,-62.36846160888672,-54.77898025512695,-57.99876022338867,-52.019168853759766,108.25556945800781,43.30222702026367,43.30222702026367,-285.8114929199219
-49.71932601928711,-71.33785247802734,-67.6581039428711,-78.23738098144531,-43.50974655151367,-63.97835159301758,-55.238948822021484,-70.18792724609375,108.25556945800781,43.30222702026367,43.30222702026367,-284.5486145019531
-68.11807250976562,-74.32764434814453,-59.8386344909668,-59.8386344909668,-58.918697357177734,-65.1282730102539,-55.238948822021484,-54.089027404785156,108.25556945800781,43.30222702026367,43.30222702026367,-283.4551696777344
-67.19813537597656,-69.95794677734375,-55.92890167236328,-75.2475814819336,-59.8386344909668,-62.598445892333984,-58.68871307373047,-63.74836730957031,108.25556945800781,43.30222702026367,43.30222702026367,-284.3638000488281
-74.09766387939453,-72.4877700805664,-74.09766387939453,-75.0176010131836,-69.49797821044922,-66.73816680908203,-58.68871307373047,-73.40770721435547,108.25556945800781,43.30222702026367,43.30222702026367,-284.90283203125
-88.81665802001953,-70.41791534423828,-78.23738098144531,-85.13690948486328,-60.06861877441406,-83.06705474853516,-59.8386344909668,-77.77741241455078,108.25556945800781,43.30222702026367,43.30222702026367,-285.33404541015625
-68.80802154541016,-81.91712951660156,-82.83706665039062,-66.2781982421875,-82.83706665039062,-71.79782104492188,-70.41791534423828,-80.30724334716797,108.25556945800781,43.30222702026367,43.30222702026367,-285.70367431640625
-70.41791534423828,-95.94617462158203,-66.04821014404297,-84.90692901611328,-83.06705474853516,-67.6581039428711,-86.9767837524414,-79.15731811523438,108.25556945800781,43.30222702026367,43.30222702026367,-285.61126708984375
-69.26799011230469,-85.82686614990234,-66.5081787109375,-87.89672088623047,-85.82686614990234,-86.9767837524414,-91.57646942138672,-82.1471176147461,108.25556945800781,43.30222702026367,43.30222702026367,-285.88848876953125
-79.6172866821289,-89.5066146850586,-74.78761291503906,-105.37553405761719,-72.94773864746094,-82.1471176147461,-63.74836730957031,-103.30567169189453,108.25556945800781,43.30222702026367,43.30222702026367,-286.9665222167969
-82.1471176147461,-88.58667755126953,-79.6172866821289,-86.51681518554688,-79.6172866821289,-73.17772674560547,-84.67694091796875,-80.7672119140625,108.25556945800781,43.30222702026367,43.30222702026367,-286.3504943847656
-85.82686614990234,-89.04664611816406,-78.69734954833984,-86.28683471679688,-77.54742431640625,-82.60708618164062,-78.23738098144531,-81.68714904785156,108.25556945800781,43.30222702026367,43.30222702026367,-286.2580871582031
-80.53722381591797,-82.83706665039062,-81.45716094970703,-79.15731811523438,-84.44696044921875,-65.58824157714844,-65.58824157714844,-82.83706665039062,108.25556945800781,43.30222702026367,43.30222702026367,-285.61126708984375
-68.34805297851562,-82.83706665039062,-84.44696044921875,-69.95794677734375,-86.28683471679688,-65.1282730102539,-61.67850875854492,-80.30724334716797,108.25556945800781,43.30222702026367,43.30222702026367,-285.6266784667969
-83.29703521728516,-62.82843017578125,-85.36689758300781,-68.80802154541016,-62.13847732543945,-72.4877700805664,-46.959510803222656,-79.6172866821289,108.25556945800781,43.30222702026367,43.30222702026367,-284.76422119140625
-71.79782104492188,-57.308807373046875,-70.87788391113281,-79.3873062133789,-69.26799011230469,-71.79782104492188,-48.569400787353516,-62.36846160888672,108.25556945800781,43.30222702026367,43.30222702026367,-285.5496520996094
-66.04821014404297,-67.6581039428711,-75.0176010131836,-59.60865020751953,-59.60865020751953,-59.378665924072266,-66.73816680908203,-50.63926315307617,108.25556945800781,43.30222702026367,43.30222702026367,-284.10198974609375
-60.75857162475586,-71.56783294677734,-73.40770721435547,-57.308807373046875,-75.2475814819336,-54.31901168823242,-53.169090270996094,-69.72795867919922,108.25556945800781,43.30222702026367,43.30222702026367,-284.3638000488281
-67.42811584472656,-68.11807250976562,-63.058414459228516,-66.2781982421875,-57.53879165649414,-63.74836730957031,-51.32921600341797,-63.058414459228516,108.25556945800781,43.30222702026367,43.30222702026367,-284.4254150390625
-62.598445892333984,-73.17772674560547,-45.80958938598633,-79.84727478027344,-55.46893310546875,-62.82843017578125,-62.36846160888672,-55.238948822021484,108.25556945800781,43.30222702026367,43.30222702026367,-285.0106506347656
-66.04821014404297,-76.39750671386719,-65.1282730102539,-72.94773864746094,-65.81822967529297,-64.66830444335938,-59.378665924072266,-63.97835159301758,108.25556945800781,43.30222702026367,43.30222702026367,-285.24163818359375
-72.2577896118164,-80.9971923828125,-65.35826110839844,-86.9767837524414,-54.31901168823242,-68.34805297851562,-67.42811584472656,-58.918697357177734,108.25556945800781,43.30222702026367,43.30222702026367,-285.3494567871094
-68.57804107666016,-80.30724334716797,-60.75857162475586,-89.04664611816406,-75.2475814819336,-81.68714904785156,-78.00739288330078,-69.72795867919922,108.25556945800781,43.30222702026367,43.30222702026367,-285.0722351074219
-72.71775817871094,-98.93596649169922,-69.95794677734375,-82.83706665039062,-72.2577896118164,-84.44696044921875,-60.988555908203125,-80.30724334716797,108.25556945800781,43.30222702026367,43.30222702026367,-285.4418640136719
-78.00739288330078,-86.7468032836914,-79.84727478027344,-79.3873062133789,-80.30724334716797,-79.6172866821289,-75.70755004882812,-82.1471176147461,108.25556945800781,43.30222702026367,43.30222702026367,-286.1656799316406
-85.82686614990234,-93.87631225585938,-72.4877700805664,-102.38573455810547,-74.32764434814453,-83.06705474853516,-72.94773864746094,-80.7672119140625,108.25556945800781,43.30222702026367,43.30222702026367,-285.1030578613281
-88.81665802001953,-82.83706665039062,-83.52702331542969,-89.5066146850586,-81.45716094970703,-80.07725524902344,-87.43675231933594,-77.77741241455078,108.25556945800781,43.30222702026367,43.30222702026367,-286.8125305175781
-86.05684661865234,-82.1471176147461,-84.67694091796875,-83.52702331542969,-79.84727478027344,-87.89672088623047,-72.02780151367188,-82.1471176147461,108.25556945800781,43.30222702026367,43.30222702026367,-285.8114929199219
-77.08745574951172,-95.94617462158203,-75.2475814819336,-88.126708984375,-88.126708984375,-72.02780151367188,-80.07725524902344,-71.79782104492188,108.25556945800781,43.30222702026367,43.30222702026367,-286.7663269042969
-75.2475814819336,-69.49797821044922,-75.0176010131836,-80.9971923828125,-70.18792724609375,-78.69734954833984,-71.10786437988281,-75.47756958007812,108.25556945800781,43.30222702026367,43.30222702026367,-285.3032531738281
-85.82686614990234,-87.20677185058594,-85.59687805175781,-73.86767578125,-71.10786437988281,-68.57804107666016,-52.70912170410156,-76.85747528076172,108.25556945800781,43.30222702026367,43.30222702026367,-283.90179443359375
-67.8880844116211,-84.21697235107422,-57.768775939941406,-76.16751861572266,-71.56783294677734,-60.528587341308594,-75.70755004882812,-58.22874450683594,108.25556945800781,43.30222702026367,43.30222702026367,-285.98089599609375
-83.06705474853516,-63.51838302612305,-66.73816680908203,-79.6172866821289,-54.31901168823242,-79.3873062133789,-50.63926315307617,-66.73816680908203,108.25556945800781,43.30222702026367,43.30222702026367,-284.56402587890625
-62.13847732543945,-72.4877700805664,-70.41791534423828,-64.43832397460938,-63.74836730957031,-51.32921600341797,-54.77898025512695,-69.03800964355469,108.25556945800781,43.30222702026367,43.30222702026367,-284.48699951171875
-68.80802154541016,-76.85747528076172,-50.86924743652344,-82.3770980834961,-55.46893310546875,-62.82843017578125,-54.31901168823242,-64.66830444335938,108.25556945800781,43.30222702026367,43.30222702026367,-283.7939758300781
-69.72795867919922,-52.019168853759766,-75.47756958007812,-61.67850875854492,-61.448524475097656,-65.81822967529297,-40.97991943359375,-77.54742431640625,108.25556945800781,43.30222702026367,43.30222702026367,-283.42437744140625
-64.20833587646484,-75.2475814819336,-73.6376953125,-63.28839874267578,-65.58824157714844,-45.3496208190918,-43.04977798461914,-63.058414459228516,108.25556945800781,43.30222702026367,43.30222702026367,-285.1184387207031
-52.019168853759766,-70.18792724609375,-53.629058837890625,-57.53879165649414,-62.82843017578125,-48.569400787353516,-37.76013946533203,-63.51838302612305,108.25556945800781,43.30222702026367,43.30222702026367,-283.34735107421875
-73.86767578125,-78.92733764648438,-66.73816680908203,-90.65653228759766,-58.22874450683594,-72.4877700805664,-66.04821014404297,-63.74836730957031,108.25556945800781,43.30222702026367,43.30222702026367,-284.2406005859375
-80.07725524902344,-73.6376953125,-74.55763244628906,-87.20677185058594,-70.64789581298828,-78.69734954833984,-62.598445892333984,-73.17772674560547,108.25556945800781,43.30222702026367,43.30222702026367,-285.51885986328125
-84.67694091796875,-69.26799011230469,-90.65653228759766,-85.13690948486328,-80.9971923828125,-78.46736145019531,-77.54742431640625,-71.33785247802734,108.25556945800781,43.30222702026367,43.30222702026367,-286.7663269042969
-82.3770980834961,-87.89672088623047,-87.66674041748047,-82.3770980834961,-90.88652038574219,-72.02780151367188,-74.09766387939453,-89.27662658691406,108.25556945800781,43.30222702026367,43.30222702026367,-286.08868408203125
-75.47756958007812,-87.20677185058594,-86.7468032836914,-86.51681518554688,-66.5081787109375,-84.67694091796875,-80.07725524902344,-91.11650085449219,108.25556945800781,43.30222702026367,43.30222702026367,-285.3802490234375
-81.22718048095703,-78.23738098144531,-99.39593505859375,-93.87631225585938,-89.5066146850586,-78.00739288330078,-61.21854019165039,-84.44696044921875,108.25556945800781,43.30222702026367,43.30222702026367,-286.1656799316406
-78.00739288330078,-89.5066146850586,-65.58824157714844,-82.3770980834961,-82.83706665039062,-88.356689453125,-79.84727478027344,-69.26799011230469,108.25556945800781,43.30222702026367,43.30222702026367,-285.8268737792969
-100.08589172363281,-77.77741241455078,-78.92733764648438,-79.6172866821289,-91.57646942138672,-71.56783294677734,-72.02780151367188,-80.53722381591797,108.25556945800781,43.30222702026367,43.30222702026367,-285.9654846191406
-83.52702331542969,-89.7365951538086,-63.97835159301758,-88.126708984375,-60.528587341308594,-75.0176010131836,-72.94773864746094,-74.32764434814453,108.25556945800781,43.30222702026367,43.30222702026367,-285.3032531738281
-58.68871307373047,-87.66674041748047,-71.33785247802734,-79.6172866821289,-60.29860305786133,-86.7468032836914,-53.85904312133789,-71.79782104492188,108.25556945800781,43.30222702026367,43.30222702026367,-285.1954345703125
-70.18792724609375,-69.72795867919922,-69.72795867919922,-72.71775817871094,-66.04821014404297,-63.058414459228516,-55.698917388916016,-62.36846160888672,108.25556945800781,43.30222702026367,43.30222702026367,-284.7796325683594
-56.15888595581055,-89.27662658691406,-62.598445892333984,-72.2577896118164,-56.848838806152344,-61.90849304199219,-49.25935363769531,-65.1282730102539,108.25556945800781,43.30222702026367,43.30222702026367,-284.0711975097656
-65.35826110839844,-69.49797821044922,-64.8982925415039,-65.35826110839844,-53.85904312133789,-60.988555908203125,-57.53879165649414,-56.15888595581055,108.25556945800781,43.30222702026367,43.30222702026367,-284.94903564453125
-50.86924743652344,-66.04821014404297,-48.33941650390625,-67.8880844116211,-62.36846160888672,-59.8386344909668,-66.73816680908203,-68.11807250976562,108.25556945800781,43.30222702026367,43.30222702026367,-284.4408264160156
-53.85904312133789,-66.96814727783203,-71.79782104492188,-54.54899597167969,-72.94773864746094,-58.4587287902832,-52.019168853759766,-59.8386344909668,108.25556945800781,43.30222702026367,43.30222702026367,-284.718017578125
-72.02780151367188,-61.21854019165039,-81.68714904785156,-61.21854019165039,-60.528587341308594,-71.10786437988281,-46.72952651977539,-82.60708618164062,108.25556945800781,43.30222702026367,43.30222702026367,-284.00958251953125
-62.598445892333984,-73.6376953125,-73.40770721435547,-63.74836730957031,-75.47756958007812,-57.99876022338867,-60.528587341308594,-78.69734954833984,108.25556945800781,43.30222702026367,43.30222702026367,-284.718017578125
-74.32764434814453,-76.16751861572266,-77.31744384765625,-79.6172866821289,-69.72795867919922,-78.69734954833984,-66.2781982421875,-78.46736145019531,108.25556945800781,43.30222702026367,43.30222702026367,-285.47265625
-64.43832397460938,-81.45716094970703,-83.75700378417969,-68.80802154541016,-88.58667755126953,-69.03800964355469,-67.19813537597656,-78.00739288330078,108.25556945800781,43.30222702026367,43.30222702026367,-286.0116882324219
-76.85747528076172,-86.51681518554688,-82.3770980834961,-89.04664611816406,-71.10786437988281,-88.81665802001953,-60.06861877441406,-83.06705474853516,108.25556945800781,43.30222702026367,43.30222702026367,-285.1492614746094
-95.4862060546875,-74.09766387939453,-68.80802154541016,-85.82686614990234,-76.16751861572266,-101.6957778930664,-80.30724334716797,-93.41634368896484,108.25556945800781,43.30222702026367,43.30222702026367,-284.517822265625
-73.17772674560547,-85.82686614990234,-70.87788391113281,-101.00582885742188,-85.36689758300781,-91.11650085449219,-67.19813537597656,-72.71775817871094,108.25556945800781,43.30222702026367,43.30222702026367,-285.7806701660156
-92.03643798828125,-109.51525115966797,-91.11650085449219,-94.1063003540039,-93.87631225585938,-84.67694091796875,-72.02780151367188,-71.10786437988281,108.25556945800781,43.30222702026367,43.30222702026367,-286.07330322265625
-74.78761291503906,-88.356689453125,-71.33785247802734,-68.11807250976562,-70.87788391113281,-58.68871307373047,-65.81822967529297,-83.06705474853516,108.25556945800781,43.30222702026367,43.30222702026367,-286.5198974609375
-89.5066146850586,-101.23580932617188,-75.2475814819336,-81.45716094970703,-54.31901168823242,-70.87788391113281,-70.41791534423828,-86.51681518554688,108.25556945800781,43.30222702026367,43.30222702026367,-284.2406005859375
-94.3362808227539,-70.18792724609375,-76.39750671386719,-80.53722381591797,-67.8880844116211,-63.74836730957031,-61.90849304199219,-77.54742431640625,108.25556945800781,43.30222702026367,43.30222702026367,-285.31866455078125
-87.89672088623047,-69.49797821044922,-74.55763244628906,-83.75700378417969,-56.848838806152344,-78.00739288330078,-47.41947937011719,-66.96814727783203,108.25556945800781,43.30222702026367,43.30222702026367,-284.90283203125
-73.6376953125,-77.31744384765625,-81.68714904785156,-61.448524475097656,-60.06861877441406,-57.07882308959961,-69.72795867919922,-58.918697357177734,108.25556945800781,43.30222702026367,43.30222702026367,-284.74884033203125
-69.49797821044922,-61.90849304199219,-68.80802154541016,-78.00739288330078,-48.569400787353516,-60.75857162475586,-54.54899597167969,-70.87788391113281,108.25556945800781,43.30222702026367,43.30222702026367,-284.517822265625
-60.988555908203125,-73.40770721435547,-49.949310302734375,-87.43675231933594,-53.85904312133789,-60.75857162475586,-58.68871307373047,-50.17929458618164,108.25556945800781,43.30222702026367,43.30222702026367,-285.0568542480469
-67.42811584472656,-77.08745574951172,-50.86924743652344,-86.51681518554688,-59.378665924072266,-60.29860305786133,-54.089027404785156,-47.87944793701172,108.25556945800781,43.30222702026367,43.30222702026367,-285.04144287109375
-56.38887023925781,-72.02780151367188,-71.79782104492188,-56.61885452270508,-78.23738098144531,-52.24915313720703,-53.39907455444336,-71.10786437988281,108.25556945800781,43.30222702026367,43.30222702026367,-284.4562072753906
-80.07725524902344,-67.19813537597656,-66.5081787109375,-74.55763244628906,-61.21854019165039,-68.57804107666016,-55.00896453857422,-70.41791534423828,108.25556945800781,43.30222702026367,43.30222702026367,-284.76422119140625
-77.54742431640625,-61.448524475097656,-70.41791534423828,-81.45716094970703,-56.848838806152344,-87.20677185058594,-56.15888595581055,-70.41791534423828,108.25556945800781,43.30222702026367,43.30222702026367,-284.85662841796875
-68.80802154541016,-80.30724334716797,-77.54742431640625,-92.49640655517578,-61.90849304199219,-72.02780151367188,-71.56783294677734,-71.79782104492188,108.25556945800781,43.30222702026367,43.30222702026367,-284.4100036621094
-97.55606079101562,-76.62748718261719,-77.31744384765625,-81.22718048095703,-89.04664611816406,-65.35826110839844,-68.80802154541016,-82.83706665039062,108.25556945800781,43.30222702026367,43.30222702026367,-285.7190856933594
-75.70755004882812,-88.126708984375,-78.23738098144531,-87.89672088623047,-78.92733764648438,-83.75700378417969,-71.33785247802734,-85.13690948486328,108.25556945800781,43.30222702026367,43.30222702026367,-284.9182434082031
-87.20677185058594,-74.32764434814453,-84.21697235107422,-95.94617462158203,-66.2781982421875,-104.2256088256836,-67.8880844116211,-85.13690948486328,108.25556945800781,43.30222702026367,43.30222702026367,-285.90386962890625
-85.82686614990234,-93.64633178710938,-68.34805297851562,-104.2256088256836,-74.55763244628906,-83.06705474853516,-78.46736145019531,-77.54742431640625,108.25556945800781,43.30222702026367,43.30222702026367,-286.36590576171875
-78.23738098144531,-90.88652038574219,-89.04664611816406,-73.40770721435547,-95.7161865234375,-70.64789581298828,-75.0176010131836,-92.95637512207031,108.25556945800781,43.30222702026367,43.30222702026367,-285.9192810058594
-90.19656372070312,-80.53722381591797,-97.32608032226562,-74.55763244628906,-77.77741241455078,-85.59687805175781,-66.5081787109375,-83.29703521728516,108.25556945800781,43.30222702026367,43.30222702026367,-286.2118835449219
-87.89672088623047,-67.19813537597656,-92.26642608642578,-77.77741241455078,-72.4877700805664,-73.6376953125,-74.09766387939453,-66.04821014404297,108.25556945800781,43.30222702026367,43.30222702026367,-286.4429016113281
-83.29703521728516,-63.74836730957031,-78.46736145019531,-84.67694091796875,-72.94773864746094,-53.39907455444336,-72.94773864746094,-73.86767578125,108.25556945800781,43.30222702026367,43.30222702026367,-285.1954345703125
-61.21854019165039,-88.126708984375,-72.71775817871094,-83.98699188232422,-49.48933792114258,-56.38887023925781,-59.8386344909668,-75.47756958007812,108.25556945800781,43.30222702026367,43.30222702026367,-285.13385009765625
-70.41791534423828,-75.0176010131836,-60.988555908203125,-79.84727478027344,-54.089027404785156,-63.74836730957031,-63.97835159301758,-54.54899597167969,108.25556945800781,43.30222702026367,43.30222702026367,-284.5024108886719
-67.8880844116211,-73.86767578125,-52.4791374206543,-83.98699188232422,-56.15888595581055,-62.13847732543945,-56.38887023925781,-48.33941650390625,108.25556945800781,43.30222702026367,43.30222702026367,-284.8258361816406
-72.02780151367188,-63.058414459228516,-78.69734954833984,-60.29860305786133,-62.13847732543945,-67.42811584472656,-36.38023376464844,-80.30724334716797,108.25556945800781,43.30222702026367,43.30222702026367,-283.71697998046875
-66.2781982421875,-60.06861877441406,-64.20833587646484,-75.0176010131836,-54.31901168823242,-48.569400787353516,-51.32921600341797,-67.8880844116211,108.25556945800781,43.30222702026367,43.30222702026367,-284.76422119140625
-61.67850875854492,-69.26799011230469,-64.66830444335938,-67.19813537597656,-55.698917388916016,-63.51838302612305,-60.988555908203125,-52.24915313720703,108.25556945800781,43.30222702026367,43.30222702026367,-284.8720397949219
-78.92733764648438,-75.0176010131836,-75.2475814819336,-60.75857162475586,-76.85747528076172,-72.4877700805664,-65.1282730102539,-52.4791374206543,108.25556945800781,43.30222702026367,43.30222702026367,-283.5013732910156
-82.3770980834961,-73.6376953125,-75.0176010131836,-77.77741241455078,-60.29860305786133,-72.02780151367188,-61.21854019165039,-76.16751861572266,108.25556945800781,43.30222702026367,43.30222702026367,-284.9952392578125
-64.43832397460938,-82.83706665039062,-82.1471176147461,-70.18792724609375,-65.1282730102539,-75.70755004882812,-74.55763244628906,-86.7468032836914,108.25556945800781,43.30222702026367,43.30222702026367,-286.1195068359375
-77.54742431640625,-75.0176010131836,-81.45716094970703,-104.45559692382812,-82.3770980834961,-79.15731811523438,-81.91712951660156,-83.29703521728516,108.25556945800781,43.30222702026367,43.30222702026367,-285.1646423339844
-72.94773864746094,-86.9767837524414,-68.80802154541016,-71.10786437988281,-76.62748718261719,-64.66830444335938,-66.5081787109375,-85.59687805175781,108.25556945800781,43.30222702026367,43.30222702026367,-286.65850830078125
-85.82686614990234,-71.33785247802734,-74.32764434814453,-87.43675231933594,-64.66830444335938,-80.53722381591797,-70.41791534423828,-78.92733764648438,108.25556945800781,43.30222702026367,43.30222702026367,-287.7673645019531
-95.94617462158203,-98.01602935791016,-101.4657974243164,-87.20677185058594,-81.91712951660156,-71.10786437988281,-55.46893310546875,-80.53722381591797,108.25556945800781,43.30222702026367,43.30222702026367,-286.2580871582031
-98.70598602294922,-108.8252944946289,-89.7365951538086,-96.40614318847656,-98.70598602294922,-88.126708984375,-80.53722381591797,-99.39593505859375,108.25556945800781,43.30222702026367,43.30222702026367,-285.3032531738281
-68.11807250976562,-84.67694091796875,-64.66830444335938,-74.55763244628906,-75.47756958007812,-64.8982925415039,-64.43832397460938,-80.07725524902344,108.25556945800781,43.30222702026367,43.30222702026367,-286.3197021484375
-89.27662658691406,-84.21697235107422,-82.60708618164062,-87.43675231933594,-59.378665924072266,-87.89672088623047,-52.93910598754883,-76.62748718261719,108.25556945800781,43.30222702026367,43.30222702026367,-284.8258361816406
-83.98699188232422,-81.91712951660156,-76.62748718261719,-77.31744384765625,-72.71775817871094,-61.21854019165039,-63.28839874267578,-78.46736145019531,108.25556945800781,43.30222702026367,43.30222702026367,-284.8104248046875
-57.768775939941406,-76.62748718261719,-76.39750671386719,-61.90849304199219,-83.98699188232422,-59.8386344909668,-60.528587341308594,-73.17772674560547,108.25556945800781,43.30222702026367,43.30222702026367,-284.6872253417969
-65.81822967529297,-78.00739288330078,-57.99876022338867,-86.7468032836914,-54.77898025512695,-65.81822967529297,-60.75857162475586,-52.4791374206543,108.25556945800781,43.30222702026367,43.30222702026367,-284.67181396484375
-71.33785247802734,-57.308807373046875,-76.16751861572266,-66.73816680908203,-61.90849304199219,-64.66830444335938,-41.89985656738281,-71.79782104492188,108.25556945800781,43.30222702026367,43.30222702026367,-285.31866455078125
-83.29703521728516,-69.26799011230469,-68.11807250976562,-52.70912170410156,-49.48933792114258,-61.90849304199219,-55.698917388916016,-81.22718048095703,108.25556945800781,43.30222702026367,43.30222702026367,-284.718017578125
-61.21854019165039,-61.21854019165039,-72.94773864746094,-74.55763244628906,-67.42811584472656,-57.99876022338867,-41.66987228393555,-60.06861877441406,108.25556945800781,43.30222702026367,43.30222702026367,-284.6410217285156
-64.66830444335938,-72.02780151367188,-53.85904312133789,-81.22718048095703,-59.60865020751953,-66.5081787109375,-57.308807373046875,-55.46893310546875,108.25556945800781,43.30222702026367,43.30222702026367,-285.0568542480469
-54.77898025512695,-87.89672088623047,-65.35826110839844,-89.04664611816406,-54.089027404785156,-69.49797821044922,-65.1282730102539,-58.68871307373047,108.25556945800781,43.30222702026367,43.30222702026367,-284.9798278808594
-78.46736145019531,-84.67694091796875,-64.20833587646484,-96.40614318847656,-60.06861877441406,-73.86767578125,-70.64789581298828,-64.8982925415039,108.25556945800781,43.30222702026367,43.30222702026367,-285.4880676269531
-76.16751861572266,-80.30724334716797,-66.5081787109375,-85.13690948486328,-73.86767578125,-78.23738098144531,-68.57804107666016,-77.31744384765625,108.25556945800781,43.30222702026367,43.30222702026367,-285.1184387207031
-88.126708984375,-72.71775817871094,-83.29703521728516,-92.49640655517578,-67.19813537597656,-95.94617462158203,-65.58824157714844,-85.13690948486328,108.25556945800781,43.30222702026367,43.30222702026367,-285.88848876953125
-67.6581039428711,-92.26642608642578,-89.7365951538086,-93.18636322021484,-95.25621795654297,-75.0176010131836,-75.0176010131836,-68.11807250976562,108.25556945800781,43.30222702026367,43.30222702026367,-286.797119140625
-85.13690948486328,-86.28683471679688,-95.7161865234375,-75.70755004882812,-76.39750671386719,-73.86767578125,-88.58667755126953,-91.57646942138672,108.25556945800781,43.30222702026367,43.30222702026367,-285.7344665527344
-88.81665802001953,-80.07725524902344,-83.06705474853516,-96.40614318847656,-71.56783294677734,-94.56626892089844,-65.58824157714844,-86.7468032836914,108.25556945800781,43.30222702026367,43.30222702026367,-285.1646423339844
-86.7468032836914,-93.41634368896484,-74.55763244628906,-101.6957778930664,-71.79782104492188,-81.22718048095703,-79.84727478027344,-74.32764434814453,108.25556945800781,43.30222702026367,43.30222702026367,-286.4891052246094
-81.68714904785156,-86.51681518554688,-85.82686614990234,-84.67694091796875,-76.85747528076172,-71.56783294677734,-66.04821014404297,-84.90692901611328,108.25556945800781,43.30222702026367,43.30222702026367,-285.5342712402344
-80.07725524902344,-87.89672088623047,-69.95794677734375,-66.5081787109375,-70.41791534423828,-71.56783294677734,-81.68714904785156,-69.72795867919922,108.25556945800781,43.30222702026367,43.30222702026367,-285.4880676269531
-74.55763244628906,-80.30724334716797,-57.53879165649414,-86.28683471679688,-63.74836730957031,-68.80802154541016,-63.28839874267578,-68.11807250976562,108.25556945800781,43.30222702026367,43.30222702026367,-285.1492614746094
-71.56783294677734,-76.62748718261719,-76.39750671386719,-63.51838302612305,-56.61885452270508,-64.43832397460938,-60.528587341308594,-79.3873062133789,108.25556945800781,43.30222702026367,43.30222702026367,-285.79608154296875
-66.2781982421875,-73.6376953125,-69.03800964355469,-60.528587341308594,-61.67850875854492,-65.58824157714844,-50.409278869628906,-57.53879165649414,108.25556945800781,43.30222702026367,43.30222702026367,-283.4705810546875
-56.848838806152344,-70.18792724609375,-72.4877700805664,-53.85904312133789,-71.33785247802734,-53.39907455444336,-53.169090270996094,-64.8982925415039,108.25556945800781,43.30222702026367,43.30222702026367,-284.6102294921875
-63.74836730957031,-67.6581039428711,-54.31901168823242,-68.57804107666016,-58.22874450683594,-67.42811584472656,-54.54899597167969,-69.26799011230469,108.25556945800781,43.30222702026367,43.30222702026367,-284.10198974609375
-55.238948822021484,-66.96814727783203,-72.2577896118164,-60.29860305786133,-71.56783294677734,-53.85904312133789,-51.7891845703125,-70.18792724609375,108.25556945800781,43.30222702026367,43.30222702026367,-284.3175964355469
-71.79782104492188,-55.698917388916016,-84.21697235107422,-65.1282730102539,-62.598445892333984,-69.26799011230469,-40.05998229980469,-83.29703521728516,108.25556945800781,43.30222702026367,43.30222702026367,-283.6707763671875
-77.08745574951172,-59.60865020751953,-83.52702331542969,-69.95794677734375,-66.04821014404297,-72.4877700805664,-48.569400787353516,-83.29703521728516,108.25556945800781,43.30222702026367,43.30222702026367,-283.96337890625
-87.89672088623047,-81.91712951660156,-80.30724334716797,-69.26799011230469,-67.8880844116211,-77.31744384765625,-75.47756958007812,-74.32764434814453,108.25556945800781,43.30222702026367,43.30222702026367,-286.1348876953125
-79.3873062133789,-66.5081787109375,-93.18636322021484,-77.54742431640625,-75.93753814697266,-78.46736145019531,-63.97835159301758,-73.40770721435547,108.25556945800781,43.30222702026367,43.30222702026367,-285.9654846191406
-89.7365951538086,-73.17772674560547,-93.64633178710938,-88.58667755126953,-80.9971923828125,-72.4877700805664,-81.45716094970703,-69.95794677734375,108.25556945800781,43.30222702026367,43.30222702026367,-286.1348876953125
-74.78761291503906,-89.7365951538086,-87.20677185058594,-78.46736145019531,-93.41634368896484,-73.6376953125,-74.78761291503906,-91.34648895263672,108.25556945800781,43.30222702026367,43.30222702026367,-285.6882629394531
-85.82686614990234,-89.96658325195312,-78.23738098144531,-90.19656372070312,-84.44696044921875,-90.88652038574219,-71.56783294677734,-88.356689453125,108.25556945800781,43.30222702026367,43.30222702026367,-285.33404541015625
-83.29703521728516,-91.11650085449219,-79.15731811523438,-96.17615509033203,-73.86767578125,-83.75700378417969,-81.91712951660156,-74.32764434814453,108.25556945800781,43.30222702026367,43.30222702026367,-286.55072021484375
-91.80645751953125,-80.07725524902344,-100.31587219238281,-82.1471176147461,-78.46736145019531,-85.59687805175781,-60.528587341308594,-92.49640655517578,108.25556945800781,43.30222702026367,43.30222702026367,-285.9500732421875
-82.3770980834961,-67.6581039428711,-73.17772674560547,-85.13690948486328,-74.55763244628906,-89.96658325195312,-66.73816680908203,-79.6172866821289,108.25556945800781,43.30222702026367,43.30222702026367,-285.5650634765625
-76.39750671386719,-67.42811584472656,-81.91712951660156,-80.9971923828125,-76.85747528076172,-67.42811584472656,-52.4791374206543,-73.40770721435547,108.25556945800781,43.30222702026367,43.30222702026367,-285.6728820800781
-64.43832397460938,-77.31744384765625,-48.79938507080078,-74.78761291503906,-69.49797821044922,-70.41791534423828,-79.6172866821289,-68.11807250976562,108.25556945800781,43.30222702026367,43.30222702026367,-285.287841796875
-63.28839874267578,-73.17772674560547,-71.56783294677734,-56.38887023925781,-74.09766387939453,-56.38887023925781,-56.61885452270508,-75.2475814819336,108.25556945800781,43.30222702026367,43.30222702026367,-284.8104248046875
-85.36689758300781,-61.90849304199219,-64.20833587646484,-73.40770721435547,-43.73973083496094,-75.93753814697266,-44.429683685302734,-66.04821014404297,108.25556945800781,43.30222702026367,43.30222702026367,-283.99420166015625
-69.26799011230469,-75.47756958007812,-53.169090270996094,-78.23738098144531,-46.26955795288086,-60.29860305786133,-62.82843017578125,-49.949310302734375,108.25556945800781,43.30222702026367,43.30222702026367,-284.5486145019531
-70.64789581298828,-70.18792724609375,-69.26799011230469,-60.06861877441406,-60.988555908203125,-66.5081787109375,-42.12984085083008,-70.41791534423828,108.25556945800781,43.30222702026367,43.30222702026367,-283.7785949707031
-78.23738098144531,-75.2475814819336,-76.62748718261719,-63.28839874267578,-45.11963653564453,-57.07882308959961,-49.25935363769531,-81.91712951660156,108.25556945800781,43.30222702026367,43.30222702026367,-283.90179443359375
-66.73816680908203,-91.57646942138672,-66.5081787109375,-77.31744384765625,-57.53879165649414,-81.91712951660156,-55.92890167236328,-71.10786437988281,108.25556945800781,43.30222702026367,43.30222702026367,-284.90283203125
-60.528587341308594,-73.6376953125,-53.85904312133789,-73.86767578125,-73.17772674560547,-74.55763244628906,-80.9971923828125,-71.33785247802734,108.25556945800781,43.30222702026367,43.30222702026367,-285.3802490234375
-81.91712951660156,-74.09766387939453,-76.62748718261719,-85.82686614990234,-72.94773864746094,-75.0176010131836,-72.02780151367188,-74.09766387939453,108.25556945800781,43.30222702026367,43.30222702026367,-286.0116882324219
-80.30724334716797,-88.356689453125,-68.11807250976562,-103.76564025878906,-69.03800964355469,-80.07725524902344,-66.73816680908203,-74.09766387939453,108.25556945800781,43.30222702026367,43.30222702026367,-285.33404541015625
-92.26642608642578,-75.0176010131836,-99.16595458984375,-78.23738098144531,-79.15731811523438,-88.81665802001953,-57.768775939941406,-101.4657974243164,108.25556945800781,43.30222702026367,43.30222702026367,-285.7344665527344
-84.21697235107422,-90.88652038574219,-83.06705474853516,-74.32764434814453,-78.69734954833984,-79.15731811523438,-92.95637512207031,-82.1471176147461,108.25556945800781,43.30222702026367,43.30222702026367,-286.3966979980469
-87.89672088623047,-92.72639465332031,-104.2256088256836,-89.04664611816406,-85.13690948486328,-69.03800964355469,-60.29860305786133,-83.98699188232422,108.25556945800781,43.30222702026367,43.30222702026367,-286.2118835449219
-80.07725524902344,-87.20677185058594,-86.7468032836914,-82.83706665039062,-85.13690948486328,-76.62748718261719,-69.72795867919922,-87.43675231933594,108.25556945800781,43.30222702026367,43.30222702026367,-285.90386962890625
-81.45716094970703,-89.27662658691406,-82.3770980834961,-108.5953140258789,-72.4877700805664,-85.13690948486328,-54.54899597167969,-79.6172866821289,108.25556945800781,43.30222702026367,43.30222702026367,-285.1492614746094
-79.3873062133789,-86.7468032836914,-59.378665924072266,-97.78604888916016,-66.5081787109375,-75.93753814697266,-73.40770721435547,-60.988555908203125,108.25556945800781,43.30222702026367,43.30222702026367,-286.1040954589844
-90.88652038574219,-68.34805297851562,-72.02780151367188,-83.75700378417969,-59.378665924072266,-82.1471176147461,-61.67850875854492,-75.0176010131836,108.25556945800781,43.30222702026367,43.30222702026367,-285.1954345703125
-56.38887023925781,-87.43675231933594,-61.448524475097656,-74.32764434814453,-65.35826110839844,-60.528587341308594,-50.86924743652344,-67.19813537597656,108.25556945800781,43.30222702026367,43.30222702026367,-284.8412170410156
-67.42811584472656,-68.11807250976562,-69.49797821044922,-76.85747528076172,-48.79938507080078,-80.7672119140625,-47.41947937011719,-69.03800964355469,108.25556945800781,43.30222702026367,43.30222702026367,-284.6410217285156
-62.36846160888672,-70.64789581298828,-68.11807250976562,-80.9971923828125,-48.569400787353516,-58.918697357177734,-47.87944793701172,-82.3770980834961,108.25556945800781,43.30222702026367,43.30222702026367,-285.4880676269531
-65.35826110839844,-71.56783294677734,-57.53879165649414,-76.85747528076172,-56.38887023925781,-62.36846160888672,-59.60865020751953,-52.4791374206543,108.25556945800781,43.30222702026367,43.30222702026367,-284.94903564453125
-74.78761291503906,-73.6376953125,-73.40770721435547,-68.80802154541016,-45.57960510253906,-56.61885452270508,-46.499542236328125,-79.84727478027344,108.25556945800781,43.30222702026367,43.30222702026367,-284.2251892089844
-54.77898025512695,-78.92733764648438,-63.28839874267578,-75.47756958007812,-64.66830444335938,-56.15888595581055,-55.00896453857422,-64.66830444335938,108.25556945800781,43.30222702026367,43.30222702026367,-284.0404052734375
-71.56783294677734,-75.0176010131836,-59.60865020751953,-86.51681518554688,-66.5081787109375,-73.6376953125,-63.058414459228516,-61.21854019165039,108.25556945800781,43.30222702026367,43.30222702026367,-284.65643310546875
-72.2577896118164,-79.6172866821289,-64.20833587646484,-94.3362808227539,-63.97835159301758,-75.70755004882812,-69.49797821044922,-60.75857162475586,108.25556945800781,43.30222702026367,43.30222702026367,-285.7190856933594
-83.29703521728516,-75.47756958007812,-83.75700378417969,-80.9971923828125,-78.00739288330078,-83.75700378417969,-59.378665924072266,-83.98699188232422,108.25556945800781,43.30222702026367,43.30222702026367,-284.8874206542969
-101.00582885742188,-82.60708618164062,-81.68714904785156,-69.03800964355469,-85.59687805175781,-85.13690948486328,-80.7672119140625,-70.64789581298828,108.25556945800781,43.30222702026367,43.30222702026367,-284.3946228027344
-86.7468032836914,-83.75700378417969,-81.45716094970703,-95.02623748779297,-64.8982925415039,-100.54586029052734,-70.64789581298828,-89.04664611816406,108.25556945800781,43.30222702026367,43.30222702026367,-285.857666015625
-82.3770980834961,-95.02623748779297,-75.0176010131836,-86.7468032836914,-68.80802154541016,-96.17615509033203,-79.6172866821289,-93.18636322021484,108.25556945800781,43.30222702026367,43.30222702026367,-286.027099609375
-74.09766387939453,-78.69734954833984,-86.05684661865234,-77.31744384765625,-62.82843017578125,-77.08745574951172,-61.21854019165039,-75.2475814819336,108.25556945800781,43.30222702026367,43.30222702026367,-286.36590576171875
-94.56626892089844,-80.9971923828125,-68.34805297851562,-85.59687805175781,-67.6581039428711,-87.89672088623047,-78.46736145019531,-91.57646942138672,108.25556945800781,43.30222702026367,43.30222702026367,-285.42645263671875
-95.4862060546875,-80.53722381591797,-79.6172866821289,-65.35826110839844,-60.528587341308594,-70.18792724609375,-62.598445892333984,-89.5066146850586,108.25556945800781,43.30222702026367,43.30222702026367,-286.2889099121094
-61.67850875854492,-79.6172866821289,-58.4587287902832,-66.5081787109375,-69.72795867919922,-52.24915313720703,-53.39907455444336,-71.56783294677734,108.25556945800781,43.30222702026367,43.30222702026367,-285.7498779296875
-67.42811584472656,-80.07725524902344,-68.57804107666016,-95.25621795654297,-69.03800964355469,-74.09766387939453,-41.209903717041016,-62.13847732543945,108.25556945800781,43.30222702026367,43.30222702026367,-284.7796325683594
-78.23738098144531,-68.80802154541016,-75.47756958007812,-65.1282730102539,-63.51838302612305,-67.6581039428711,-43.04977798461914,-78.69734954833984,108.25556945800781,43.30222702026367,43.30222702026367,-283.9325866699219
-67.6581039428711,-77.54742431640625,-72.94773864746094,-62.13847732543945,-80.30724334716797,-56.848838806152344,-57.07882308959961,-65.81822967529297,108.25556945800781,43.30222702026367,43.30222702026367,-285.0260314941406
-64.8982925415039,-77.77741241455078,-54.54899597167969,-68.80802154541016,-68.11807250976562,-72.02780151367188,-39.82999801635742,-72.4877700805664,108.25556945800781,43.30222702026367,43.30222702026367,-285.31866455078125
-52.70912170410156,-67.6581039428711,-71.79782104492188,-56.61885452270508,-75.2475814819336,-56.848838806152344,-54.54899597167969,-67.8880844116211,108.25556945800781,43.30222702026367,43.30222702026367,-284.517822265625
-61.90849304199219,-64.43832397460938,-63.74836730957031,-65.81822967529297,-57.308807373046875,-66.04821014404297,-51.0992317199707,-66.2781982421875,108.25556945800781,43.30222702026367,43.30222702026367,-284.0557861328125
-66.96814727783203,-72.71775817871094,-56.848838806152344,-75.2475814819336,-60.06861877441406,-69.03800964355469,-63.51838302612305,-59.148681640625,108.25556945800781,43.30222702026367,43.30222702026367,-284.74884033203125
-70.87788391113281,-62.598445892333984,-69.03800964355469,-76.16751861572266,-72.4877700805664,-57.308807373046875,-59.148681640625,-72.2577896118164,108.25556945800781,43.30222702026367,43.30222702026367,-285.5034484863281
-76.85747528076172,-80.07725524902344,-75.93753814697266,-79.3873062133789,-75.2475814819336,-74.09766387939453,-60.988555908203125,-79.84727478027344,108.25556945800781,43.30222702026367,43.30222702026367,-285.33404541015625
-82.83706665039062,-82.83706665039062,-81.45716094970703,-76.85747528076172,-75.93753814697266,-83.06705474853516,-60.988555908203125,-94.1063003540039,108.25556945800781,43.30222702026367,43.30222702026367,-285.4880676269531
-82.1471176147461,-70.87788391113281,-95.94617462158203,-80.30724334716797,-78.69734954833984,-74.55763244628906,-91.34648895263672,-74.09766387939453,108.25556945800781,43.30222702026367,43.30222702026367,-285.0260314941406
-85.36689758300781,-87.66674041748047,-79.84727478027344,-87.20677185058594,-84.67694091796875,-89.27662658691406,-72.02780151367188,-98.93596649169922,108.25556945800781,43.30222702026367,43.30222702026367,-284.9798278808594
-91.34648895263672,-80.9971923828125,-100.08589172363281,-79.6172866821289,-78.92733764648438,-89.5066146850586,-63.74836730957031,-97.78604888916016,108.25556945800781,43.30222702026367,43.30222702026367,-284.9182434082031
-83.06705474853516,-90.19656372070312,-86.28683471679688,-77.08745574951172,-86.28683471679688,-80.9971923828125,-78.23738098144531,-88.81665802001953,108.25556945800781,43.30222702026367,43.30222702026367,-286.2889099121094
-72.4877700805664,-101.6957778930664,-76.39750671386719,-88.58667755126953,-71.56783294677734,-91.80645751953125,-63.97835159301758,-83.98699188232422,108.25556945800781,43.30222702026367,43.30222702026367,-285.9346923828125
-71.56783294677734,-82.83706665039062,-86.28683471679688,-76.62748718261719,-81.68714904785156,-67.6581039428711,-69.03800964355469,-82.1471176147461,108.25556945800781,43.30222702026367,43.30222702026367,-285.5034484863281
-68.57804107666016,-85.13690948486328,-66.73816680908203,-80.9971923828125,-74.78761291503906,-57.308807373046875,-79.15731811523438,-70.64789581298828,108.25556945800781,43.30222702026367,43.30222702026367,-284.4100036621094
-83.98699188232422,-66.04821014404297,-77.54742431640625,-79.3873062133789,-72.2577896118164,-58.68871307373047,-55.698917388916016,-75.47756958007812,108.25556945800781,43.30222702026367,43.30222702026367,-285.31866455078125
-58.918697357177734,-72.94773864746094,-69.03800964355469,-63.51838302612305,-68.80802154541016,-54.089027404785156,-55.698917388916016,-72.94773864746094,108.25556945800781,43.30222702026367,43.30222702026367,-284.85662841796875
-57.308807373046875,-69.95794677734375,-69.72795867919922,-60.29860305786133,-71.79782104492188,-60.75857162475586,-52.93910598754883,-67.6581039428711,108.25556945800781,43.30222702026367,43.30222702026367,-284.8104248046875
-66.5081787109375,-72.02780151367188,-62.13847732543945,-63.058414459228516,-58.4587287902832,-69.03800964355469,-35.69028091430664,-71.79782104492188,108.25556945800781,43.30222702026367,43.30222702026367,-285.61126708984375
-57.53879165649414,-72.4877700805664,-67.42811584472656,-74.09766387939453,-49.02936935424805,-73.17772674560547,-44.65966796875,-62.13847732543945,108.25556945800781,43.30222702026367,43.30222702026367,-284.28680419921875
-70.64789581298828,-61.21854019165039,-65.35826110839844,-68.57804107666016,-63.058414459228516,-57.53879165649414,-55.46893310546875,-60.75857162475586,108.25556945800781,43.30222702026367,43.30222702026367,-283.8863830566406
-69.49797821044922,-79.6172866821289,-59.8386344909668,-91.34648895263672,-58.4587287902832,-68.57804107666016,-66.2781982421875,-51.32921600341797,108.25556945800781,43.30222702026367,43.30222702026367,-284.74884033203125
-76.62748718261719,-86.28683471679688,-62.13847732543945,-79.3873062133789,-73.40770721435547,-76.16751861572266,-44.65966796875,-75.93753814697266,108.25556945800781,43.30222702026367,43.30222702026367,-286.04248046875
-80.7672119140625,-82.1471176147461,-65.58824157714844,-80.9971923828125,-78.46736145019531,-74.32764434814453,-55.92890167236328,-76.39750671386719,108.25556945800781,43.30222702026367,43.30222702026367,-285.5342712402344
-86.05684661865234,-103.07568359375,-86.7468032836914,-91.80645751953125,-95.25621795654297,-86.51681518554688,-79.3873062133789,-99.62592315673828,108.25556945800781,43.30222702026367,43.30222702026367,-285.9346923828125
-81.45716094970703,-90.65653228759766,-100.77584075927734,-91.57646942138672,-85.82686614990234,-104.68557739257812,-80.30724334716797,-87.66674041748047,108.25556945800781,43.30222702026367,43.30222702026367,-287.49017333984375
-85.36689758300781,-95.02623748779297,-102.61571502685547,-84.21697235107422,-79.3873062133789,-76.39750671386719,-84.44696044921875,-71.33785247802734,108.25556945800781,43.30222702026367,43.30222702026367,-286.027099609375
-101.92576599121094,-84.21697235107422,-83.52702331542969,-73.17772674560547,-72.2577896118164,-83.52702331542969,-80.7672119140625,-97.32608032226562,108.25556945800781,43.30222702026367,43.30222702026367,-286.9973449707031
-85.82686614990234,-92.72639465332031,-80.30724334716797,-89.7365951538086,-72.02780151367188,-84.67694091796875,-82.1471176147461,-83.06705474853516,108.25556945800781,43.30222702026367,43.30222702026367,-285.8730773925781
-83.98699188232422,-88.58667755126953,-66.96814727783203,-85.82686614990234,-75.0176010131836,-95.94617462158203,-66.73816680908203,-83.75700378417969,108.25556945800781,43.30222702026367,43.30222702026367,-286.2427062988281
-68.57804107666016,-84.90692901611328,-84.90692901611328,-73.17772674560547,-87.89672088623047,-63.74836730957031,-66.73816680908203,-84.44696044921875,108.25556945800781,43.30222702026367,43.30222702026367,-285.457275390625
-61.21854019165039,-94.1063003540039,-63.058414459228516,-76.62748718261719,-70.87788391113281,-54.77898025512695,-77.08745574951172,-65.81822967529297,108.25556945800781,43.30222702026367,43.30222702026367,-284.7796325683594
-74.32764434814453,-65.81822967529297,-86.05684661865234,-66.96814727783203,-64.43832397460938,-52.24915313720703,-73.6376953125,-73.40770721435547,108.25556945800781,43.30222702026367,43.30222702026367,-285.087646484375
-64.66830444335938,-73.17772674560547,-72.94773864746094,-57.99876022338867,-76.16751861572266,-60.988555908203125,-53.39907455444336,-61.90849304199219,108.25556945800781,43.30222702026367,43.30222702026367,-285.13385009765625
-74.78761291503906,-56.61885452270508,-81.68714904785156,-65.58824157714844,-58.22874450683594,-64.66830444335938,-41.89985656738281,-67.42811584472656,108.25556945800781,43.30222702026367,43.30222702026367,-283.6861877441406
-55.698917388916016,-87.89672088623047,-56.848838806152344,-69.72795867919922,-63.51838302612305,-47.18949508666992,-67.6581039428711,-53.85904312133789,108.25556945800781,43.30222702026367,43.30222702026367,-285.1800537109375
-67.19813537597656,-75.70755004882812,-63.28839874267578,-55.698917388916016,-58.68871307373047,-58.22874450683594,-71.33785247802734,-66.5081787109375,108.25556945800781,43.30222702026367,43.30222702026367,-284.4562072753906
-53.629058837890625,-79.84727478027344,-57.07882308959961,-73.17772674560547,-69.03800964355469,-52.24915313720703,-69.03800964355469,-55.698917388916016,108.25556945800781,43.30222702026367,43.30222702026367,-285.7498779296875
-71.33785247802734,-80.30724334716797,-60.528587341308594,-95.94617462158203,-57.308807373046875,-68.34805297851562,-63.51838302612305,-63.97835159301758,108.25556945800781,43.30222702026367,43.30222702026367,-285.2570495605469
-74.78761291503906,-94.1063003540039,-69.26799011230469,-78.92733764648438,-51.7891845703125,-64.43832397460938,-64.43832397460938,-76.62748718261719,108.25556945800781,43.30222702026367,43.30222702026367,-283.7939758300781
-82.1471176147461,-89.27662658691406,-74.78761291503906,-87.66674041748047,-75.70755004882812,-67.42811584472656,-69.26799011230469,-63.058414459228516,108.25556945800781,43.30222702026367,43.30222702026367,-284.8258361816406
-83.52702331542969,-103.07568359375,-84.67694091796875,-94.56626892089844,-79.15731811523438,-69.72795867919922,-66.04821014404297,-59.60865020751953,108.25556945800781,43.30222702026367,43.30222702026367,-286.2427062988281
-81.45716094970703,-106.75543975830078,-89.96658325195312,-100.08589172363281,-77.77741241455078,-72.2577896118164,-69.26799011230469,-75.47756958007812,108.25556945800781,43.30222702026367,43.30222702026367,-285.1030578613281
-84.21697235107422,-87.89672088623047,-102.38573455810547,-95.4862060546875,-89.27662658691406,-101.92576599121094,-75.70755004882812,-91.34648895263672,108.25556945800781,43.30222702026367,43.30222702026367,-284.3330078125
-83.75700378417969,-81.91712951660156,-83.06705474853516,-83.52702331542969,-84.90692901611328,-94.3362808227539,-73.40770721435547,-101.4657974243164,108.25556945800781,43.30222702026367,43.30222702026367,-284.8874206542969
-84.90692901611328,-71.56783294677734,-96.40614318847656,-81.45716094970703,-81.91712951660156,-91.34648895263672,-63.28839874267578,-102.61571502685547,108.25556945800781,43.30222702026367,43.30222702026367,-284.90283203125
-77.31744384765625,-78.23738098144531,-90.65653228759766,-73.86767578125,-72.4877700805664,-75.0176010131836,-82.3770980834961,-69.72795867919922,108.25556945800781,43.30222702026367,43.30222702026367,-285.5342712402344
-87.89672088623047,-68.57804107666016,-73.86767578125,-86.28683471679688,-54.089027404785156,-85.13690948486328,-64.20833587646484,-79.6172866821289,108.25556945800781,43.30222702026367,43.30222702026367,-285.3802490234375
-74.78761291503906,-76.62748718261719,-72.02780151367188,-67.19813537597656,-72.4877700805664,-54.31901168823242,-63.74836730957031,-79.15731811523438,108.25556945800781,43.30222702026367,43.30222702026367,-285.1646423339844
-57.308807373046875,-74.32764434814453,-75.2475814819336,-63.058414459228516,-72.94773864746094,-56.38887023925781,-57.07882308959961,-74.78761291503906,108.25556945800781,43.30222702026367,43.30222702026367,-284.9798278808594
-54.31901168823242,-86.05684661865234,-66.96814727783203,-74.78761291503906,-46.499542236328125,-71.79782104492188,-50.409278869628906,-69.49797821044922,108.25556945800781,43.30222702026367,43.30222702026367,-285.31866455078125
-77.54742431640625,-55.238948822021484,-80.7672119140625,-63.74836730957031,-57.07882308959961,-58.22874450683594,-51.32921600341797,-58.22874450683594,108.25556945800781,43.30222702026367,43.30222702026367,-285.9500732421875
-72.71775817871094,-53.39907455444336,-72.2577896118164,-66.2781982421875,-60.06861877441406,-60.29860305786133,-46.959510803222656,-63.51838302612305,108.25556945800781,43.30222702026367,43.30222702026367,-284.3175964355469
-75.47756958007812,-57.308807373046875,-62.598445892333984,-70.41791534423828,-82.60708618164062,-58.68871307373047,-55.698917388916016,-45.57960510253906,108.25556945800781,43.30222702026367,43.30222702026367,-284.08660888671875
-80.30724334716797,-70.41791534423828,-68.34805297851562,-71.10786437988281,-61.67850875854492,-61.21854019165039,-55.92890167236328,-67.42811584472656,108.25556945800781,43.30222702026367,43.30222702026367,-284.6410217285156
-66.5081787109375,-81.91712951660156,-69.49797821044922,-77.08745574951172,-69.03800964355469,-61.21854019165039,-71.79782104492188,-68.57804107666016,108.25556945800781,43.30222702026367,43.30222702026367,-284.67181396484375
-61.21854019165039,-92.49640655517578,-66.5081787109375,-81.22718048095703,-80.7672119140625,-65.1282730102539,-84.67694091796875,-68.57804107666016,108.25556945800781,43.30222702026367,43.30222702026367,-286.1040954589844
-79.84727478027344,-68.80802154541016,-92.95637512207031,-90.65653228759766,-86.51681518554688,-66.73816680908203,-63.74836730957031,-83.52702331542969,108.25556945800781,43.30222702026367,43.30222702026367,-285.2570495605469
-82.60708618164062,-80.53722381591797,-79.15731811523438,-88.58667755126953,-82.60708618164062,-69.03800964355469,-85.36689758300781,-72.4877700805664,108.25556945800781,43.30222702026367,43.30222702026367,-286.27349853515625
-101.00582885742188,-80.07725524902344,-80.30724334716797,-95.94617462158203,-65.81822967529297,-102.15574645996094,-66.96814727783203,-88.356689453125,108.25556945800781,43.30222702026367,43.30222702026367,-285.5958557128906
-75.93753814697266,-88.126708984375,-69.26799011230469,-98.24601745605469,-83.75700378417969,-90.88652038574219,-81.91712951660156,-72.4877700805664,108.25556945800781,43.30222702026367,43.30222702026367,-286.3197021484375
-80.07725524902344,-95.7161865234375,-74.55763244628906,-87.66674041748047,-85.13690948486328,-73.86767578125,-86.28683471679688,-76.39750671386719,108.25556945800781,43.30222702026367,43.30222702026367,-286.9511413574219
-89.96658325195312,-76.85747528076172,-92.95637512207031,-85.82686614990234,-78.92733764648438,-81.45716094970703,-70.18792724609375,-83.29703521728516,108.25556945800781,43.30222702026367,43.30222702026367,-285.857666015625
-78.23738098144531,-84.67694091796875,-65.81822967529297,-98.47599792480469,-66.04821014404297,-74.09766387939453,-57.07882308959961,-90.88652038574219,108.25556945800781,43.30222702026367,43.30222702026367,-286.7201232910156
-58.22874450683594,-70.41791534423828,-69.95794677734375,-70.41791534423828,-78.46736145019531,-76.16751861572266,-72.02780151367188,-90.42655181884766,108.25556945800781,43.30222702026367,43.30222702026367,-285.9192810058594
-79.15731811523438,-61.90849304199219,-85.82686614990234,-68.80802154541016,-64.43832397460938,-65.58824157714844,-61.448524475097656,-58.68871307373047,108.25556945800781,43.30222702026367,43.30222702026367,-286.5353088378906
-75.70755004882812,-82.1471176147461,-63.28839874267578,-82.60708618164062,-55.00896453857422,-59.60865020751953,-58.918697357177734,-62.36846160888672,108.25556945800781,43.30222702026367,43.30222702026367,-285.24163818359375
-73.6376953125,-59.378665924072266,-73.86767578125,-75.70755004882812,-63.51838302612305,-55.92890167236328,-39.37002944946289,-59.8386344909668,108.25556945800781,43.30222702026367,43.30222702026367,-285.04144287109375
-70.18792724609375,-76.16751861572266,-53.169090270996094,-88.126708984375,-50.409278869628906,-63.058414459228516,-61.67850875854492,-46.26955795288086,108.25556945800781,43.30222702026367,43.30222702026367,-284.74884033203125
-66.04821014404297,-78.00739288330078,-59.8386344909668,-79.6172866821289,-52.24915313720703,-61.21854019165039,-57.308807373046875,-49.71932601928711,108.25556945800781,43.30222702026367,43.30222702026367,-284.90283203125
-59.148681640625,-74.55763244628906,-75.70755004882812,-62.82843017578125,-78.69734954833984,-54.089027404785156,-52.4791374206543,-71.33785247802734,108.25556945800781,43.30222702026367,43.30222702026367,-284.4254150390625
-67.19813537597656,-69.26799011230469,-80.9971923828125,-65.81822967529297,-62.13847732543945,-59.378665924072266,-71.79782104492188,-71.56783294677734,108.25556945800781,43.30222702026367,43.30222702026367,-284.3022155761719
-69.72795867919922,-73.17772674560547,-91.11650085449219,-82.1471176147461,-75.93753814697266,-58.22874450683594,-63.28839874267578,-76.62748718261719,108.25556945800781,43.30222702026367,43.30222702026367,-284.7950439453125
-63.97835159301758,-82.3770980834961,-72.4877700805664,-82.1471176147461,-77.54742431640625,-75.47756958007812,-58.4587287902832,-75.93753814697266,108.25556945800781,43.30222702026367,43.30222702026367,-284.57940673828125
-95.4862060546875,-77.54742431640625,-79.84727478027344,-74.78761291503906,-90.65653228759766,-84.67694091796875,-77.77741241455078,-65.35826110839844,108.25556945800781,43.30222702026367,43.30222702026367,-285.79608154296875
-74.78761291503906,-86.05684661865234,-82.83706665039062,-73.40770721435547,-80.9971923828125,-79.3873062133789,-75.70755004882812,-83.29703521728516,108.25556945800781,43.30222702026367,43.30222702026367,-285.98089599609375
-85.82686614990234,-92.49640655517578,-67.6581039428711,-89.96658325195312,-83.29703521728516,-82.60708618164062,-66.96814727783203,-84.90692901611328,108.25556945800781,43.30222702026367,43.30222702026367,-286.2118835449219
-90.65653228759766,-105.60551452636719,-80.07725524902344,-91.34648895263672,-65.35826110839844,-68.57804107666016,-69.03800964355469,-68.34805297851562,108.25556945800781,43.30222702026367,43.30222702026367,-287.59796142578125
-87.89672088623047,-98.01602935791016,-75.2475814819336,-102.38573455810547,-67.8880844116211,-81.91712951660156,-76.39750671386719,-72.02780151367188,108.25556945800781,43.30222702026367,43.30222702026367,-286.2889099121094
-70.87788391113281,-96.17615509033203,-88.126708984375,-98.01602935791016,-67.19813537597656,-70.18792724609375,-72.2577896118164,-87.89672088623047,108.25556945800781,43.30222702026367,43.30222702026367,-285.7652893066406
-80.30724334716797,-87.20677185058594,-63.74836730957031,-98.01602935791016,-72.4877700805664,-77.77741241455078,-73.17772674560547,-62.36846160888672,108.25556945800781,43.30222702026367,43.30222702026367,-285.70367431640625
-73.86767578125,-81.68714904785156,-76.62748718261719,-67.6581039428711,-75.2475814819336,-74.32764434814453,-68.34805297851562,-60.29860305786133,108.25556945800781,43.30222702026367,43.30222702026367,-284.37921142578125
-69.72795867919922,-69.95794677734375,-74.55763244628906,-73.6376953125,-67.8880844116211,-59.8386344909668,-67.6581039428711,-62.13847732543945,108.25556945800781,43.30222702026367,43.30222702026367,-285.3802490234375
-68.34805297851562,-74.32764434814453,-52.24915313720703,-80.30724334716797,-61.67850875854492,-70.41791534423828,-55.00896453857422,-68.34805297851562,108.25556945800781,43.30222702026367,43.30222702026367,-284.0249938964844
-52.4791374206543,-70.64789581298828,-57.308807373046875,-66.5081787109375,-57.768775939941406,-67.6581039428711,-48.569400787353516,-66.96814727783203,108.25556945800781,43.30222702026367,43.30222702026367,-283.96337890625
-65.58824157714844,-72.02780151367188,-50.409278869628906,-81.22718048095703,-58.68871307373047,-64.66830444335938,-55.238948822021484,-57.53879165649414,108.25556945800781,43.30222702026367,43.30222702026367,-284.4408264160156
-69.49797821044922,-55.698917388916016,-62.598445892333984,-55.698917388916016,-72.4877700805664,-64.66830444335938,-60.29860305786133,-58.4587287902832,108.25556945800781,43.30222702026367,43.30222702026367,-285.51885986328125
-70.41791534423828,-68.80802154541016,-66.5081787109375,-60.75857162475586,-57.308807373046875,-70.64789581298828,-44.65966796875,-80.30724334716797,108.25556945800781,43.30222702026367,43.30222702026367,-284.1636047363281
-76.16751861572266,-57.308807373046875,-80.9971923828125,-74.09766387939453,-68.57804107666016,-55.46893310546875,-77.54742431640625,-68.80802154541016,108.25556945800781,43.30222702026367,43.30222702026367,-283.9325866699219
-63.28839874267578,-79.84727478027344,-81.68714904785156,-68.34805297851562,-86.7468032836914,-63.28839874267578,-61.90849304199219,-82.3770980834961,108.25556945800781,43.30222702026367,43.30222702026367,-285.13385009765625
-68.11807250976562,-82.1471176147461,-85.82686614990234,-72.71775817871094,-86.7468032836914,-65.58824157714844,-62.82843017578125,-84.21697235107422,108.25556945800781,43.30222702026367,43.30222702026367,-285.41107177734375
-82.83706665039062,-85.82686614990234,-80.30724334716797,-83.06705474853516,-77.54742431640625,-88.58667755126953,-62.13847732543945,-93.18636322021484,108.25556945800781,43.30222702026367,43.30222702026367,-284.718017578125
-86.05684661865234,-82.83706665039062,-85.13690948486328,-78.69734954833984,-92.49640655517578,-73.40770721435547,-75.70755004882812,-89.27662658691406,108.25556945800781,43.30222702026367,43.30222702026367,-285.8730773925781
-101.23580932617188,-89.5066146850586,-90.88652038574219,-75.93753814697266,-69.49797821044922,-82.60708618164062,-67.42811584472656,-97.0960922241211,108.25556945800781,43.30222702026367,43.30222702026367,-285.7190856933594
-103.07568359375,-86.28683471679688,-90.88652038574219,-72.4877700805664,-84.44696044921875,-85.82686614990234,-81.22718048095703,-71.56783294677734,108.25556945800781,43.30222702026367,43.30222702026367,-285.6266784667969
-94.56626892089844,-109.74523162841797,-90.65653228759766,-91.34648895263672,-80.30724334716797,-83.98699188232422,-68.57804107666016,-92.72639465332031,108.25556945800781,43.30222702026367,43.30222702026367,-286.4891052246094
-77.08745574951172,-84.44696044921875,-80.9971923828125,-95.7161865234375,-62.36846160888672,-72.71775817871094,-63.51838302612305,-92.72639465332031,108.25556945800781,43.30222702026367,43.30222702026367,-285.6420593261719
-83.75700378417969,-90.42655181884766,-97.55606079101562,-87.43675231933594,-82.83706665039062,-82.83706665039062,-61.21854019165039,-76.62748718261719,108.25556945800781,43.30222702026367,43.30222702026367,-283.90179443359375
-69.26799011230469,-79.15731811523438,-80.07725524902344,-68.34805297851562,-76.62748718261719,-64.8982925415039,-60.29860305786133,-71.56783294677734,108.25556945800781,43.30222702026367,43.30222702026367,-284.8104248046875
-77.54742431640625,-66.2781982421875,-69.49797821044922,-69.72795867919922,-60.06861877441406,-71.33785247802734,-57.07882308959961,-67.6581039428711,108.25556945800781,43.30222702026367,43.30222702026367,-284.8412170410156
-63.97835159301758,-71.79782104492188,-47.64946365356445,-79.84727478027344,-66.96814727783203,-72.02780151367188,-53.85904312133789,-51.7891845703125,108.25556945800781,43.30222702026367,43.30222702026367,-284.9182434082031
-82.1471176147461,-63.058414459228516,-62.82843017578125,-68.11807250976562,-54.089027404785156,-59.60865020751953,-54.54899597167969,-68.34805297851562,108.25556945800781,43.30222702026367,43.30222702026367,-284.67181396484375
-51.0992317199707,-77.54742431640625,-71.10786437988281,-76.16751861572266,-57.768775939941406,-44.889652252197266,-50.17929458618164,-54.77898025512695,108.25556945800781,43.30222702026367,43.30222702026367,-283.3935546875
-65.35826110839844,-66.73816680908203,-66.5081787109375,-64.20833587646484,-61.90849304199219,-59.148681640625,-54.77898025512695,-70.64789581298828,108.25556945800781,43.30222702026367,43.30222702026367,-284.4100036621094
-71.10786437988281,-60.29860305786133,-78.23738098144531,-58.68871307373047,-66.2781982421875,-72.02780151367188,-45.11963653564453,-84.21697235107422,108.25556945800781,43.30222702026367,43.30222702026367,-283.80938720703125
-74.55763244628906,-67.8880844116211,-82.83706665039062,-64.20833587646484,-70.18792724609375,-73.86767578125,-46.26955795288086,-83.06705474853516,108.25556945800781,43.30222702026367,43.30222702026367,-284.2560119628906
-63.74836730957031,-95.4862060546875,-69.03800964355469,-81.45716094970703,-78.23738098144531,-59.60865020751953,-81.91712951660156,-67.42811584472656,108.25556945800781,43.30222702026367,43.30222702026367,-285.84228515625
-86.9767837524414,-66.73816680908203,-78.23738098144531,-86.51681518554688,-80.53722381591797,-81.45716094970703,-55.238948822021484,-79.15731811523438,108.25556945800781,43.30222702026367,43.30222702026367,-285.5342712402344
-82.3770980834961,-89.7365951538086,-67.19813537597656,-98.70598602294922,-72.2577896118164,-86.05684661865234,-68.80802154541016,-88.81665802001953,108.25556945800781,43.30222702026367,43.30222702026367,-285.2570495605469
-83.52702331542969,-93.87631225585938,-81.45716094970703,-74.78761291503906,-81.68714904785156,-81.45716094970703,-91.80645751953125,-79.15731811523438,108.25556945800781,43.30222702026367,43.30222702026367,-286.412109375
-92.72639465332031,-79.15731811523438,-102.15574645996094,-78.46736145019531,-80.30724334716797,-90.65653228759766,-63.058414459228516,-105.60551452636719,108.25556945800781,43.30222702026367,43.30222702026367,-285.1184387207031
-79.84727478027344,-89.04664611816406,-91.80645751953125,-76.39750671386719,-93.87631225585938,-74.09766387939453,-76.16751861572266,-96.8661117553711,108.25556945800781,43.30222702026367,43.30222702026367,-285.6420593261719
-75.70755004882812,-87.89672088623047,-90.42655181884766,-79.84727478027344,-95.02623748779297,-75.0176010131836,-75.70755004882812,-92.95637512207031,108.25556945800781,43.30222702026367,43.30222702026367,-285.7652893066406
-67.6581039428711,-81.45716094970703,-83.06705474853516,-68.80802154541016,-87.66674041748047,-69.95794677734375,-66.73816680908203,-79.6172866821289,108.25556945800781,43.30222702026367,43.30222702026367,-285.7498779296875
-77.31744384765625,-91.57646942138672,-66.2781982421875,-76.85747528076172,-65.35826110839844,-86.9767837524414,-56.15888595581055,-73.40770721435547,108.25556945800781,43.30222702026367,43.30222702026367,-285.84228515625
-81.45716094970703,-72.02780151367188,-78.46736145019531,-63.51838302612305,-64.43832397460938,-73.86767578125,-47.87944793701172,-84.44696044921875,108.25556945800781,43.30222702026367,43.30222702026367,-285.4418640136719
-74.78761291503906,-55.238948822021484,-68.34805297851562,-74.09766387939453,-68.57804107666016,-55.46893310546875,-51.7891845703125,-67.6581039428711,108.25556945800781,43.30222702026367,43.30222702026367,-285.087646484375
-58.68871307373047,-74.32764434814453,-72.02780151367188,-62.82843017578125,-74.78761291503906,-52.24915313720703,-50.86924743652344,-64.8982925415039,108.25556945800781,43.30222702026367,43.30222702026367,-284.8104248046875
-67.6581039428711,-77.54742431640625,-54.089027404785156,-84.90692901611328,-47.64946365356445,-61.448524475097656,-58.68871307373047,-47.87944793701172,108.25556945800781,43.30222702026367,43.30222702026367,-285.087646484375
-76.85747528076172,-61.21854019165039,-78.92733764648438,-57.53879165649414,-60.29860305786133,-69.03800964355469,-40.05998229980469,-79.84727478027344,108.25556945800781,43.30222702026367,43.30222702026367,-283.34735107421875
-67.19813537597656,-75.93753814697266,-52.4791374206543,-89.27662658691406,-53.39907455444336,-63.28839874267578,-60.06861877441406,-48.33941650390625,108.25556945800781,43.30222702026367,43.30222702026367,-284.76422119140625
-55.238948822021484,-89.04664611816406,-69.72795867919922,-83.06705474853516,-53.39907455444336,-75.70755004882812,-58.68871307373047,-72.2577896118164,108.25556945800781,43.30222702026367,43.30222702026367,-285.33404541015625
-76.16751861572266,-69.03800964355469,-91.11650085449219,-69.49797821044922,-67.6581039428711,-69.49797821044922,-55.46893310546875,-73.86767578125,108.25556945800781,43.30222702026367,43.30222702026367,-285.61126708984375
-71.33785247802734,-79.15731811523438,-57.99876022338867,-72.4877700805664,-75.47756958007812,-74.09766387939453,-88.58667755126953,-79.6172866821289,108.25556945800781,43.30222702026367,43.30222702026367,-284.8258361816406
-82.1471176147461,-68.34805297851562,-61.67850875854492,-81.22718048095703,-64.66830444335938,-90.19656372070312,-77.31744384765625,-87.66674041748047,108.25556945800781,43.30222702026367,43.30222702026367,-284.148193359375
-87.66674041748047,-81.91712951660156,-69.03800964355469,-88.126708984375,-79.6172866821289,-96.8661117553711,-72.02780151367188,-86.28683471679688,108.25556945800781,43.30222702026367,43.30222702026367,-285.857666015625
-89.5066146850586,-102.61571502685547,-75.2475814819336,-84.44696044921875,-66.04821014404297,-89.27662658691406,-77.77741241455078,-91.11650085449219,108.25556945800781,43.30222702026367,43.30222702026367,-286.36590576171875
-76.39750671386719,-102.38573455810547,-90.65653228759766,-95.94617462158203,-71.79782104492188,-67.8880844116211,-75.93753814697266,-92.26642608642578,108.25556945800781,43.30222702026367,43.30222702026367,-285.7652893066406
-94.56626892089844,-75.2475814819336,-84.44696044921875,-87.43675231933594,-87.66674041748047,-72.71775817871094,-73.86767578125,-88.126708984375,108.25556945800781,43.30222702026367,43.30222702026367,-285.3956604003906
-100.54586029052734,-79.3873062133789,-82.83706665039062,-94.79624938964844,-66.96814727783203,-94.1063003540039,-67.8880844116211,-80.07725524902344,108.25556945800781,43.30222702026367,43.30222702026367,-285.8114929199219
-88.81665802001953,-72.02780151367188,-85.36689758300781,-80.9971923828125,-77.54742431640625,-57.07882308959961,-81.68714904785156,-74.55763244628906,108.25556945800781,43.30222702026367,43.30222702026367,-284.74884033203125
-69.49797821044922,-80.7672119140625,-76.62748718261719,-67.19813537597656,-78.46736145019531,-61.67850875854492,-62.598445892333984,-81.22718048095703,108.25556945800781,43.30222702026367,43.30222702026367,-284.9336242675781
-55.46893310546875,-87.43675231933594,-64.43832397460938,-75.70755004882812,-66.5081787109375,-64.8982925415039,-55.238948822021484,-68.11807250976562,108.25556945800781,43.30222702026367,43.30222702026367,-284.5486145019531
-57.53879165649414,-79.84727478027344,-68.34805297851562,-78.00739288330078,-63.74836730957031,-61.21854019165039,-50.409278869628906,-65.35826110839844,108.25556945800781,43.30222702026367,43.30222702026367,-283.96337890625
-70.64789581298828,-72.94773864746094,-56.848838806152344,-73.40770721435547,-60.75857162475586,-66.04821014404297,-50.17929458618164,-63.74836730957031,108.25556945800781,43.30222702026367,43.30222702026367,-283.3935546875
-84.67694091796875,-61.90849304199219,-65.1282730102539,-62.598445892333984,-72.94773864746094,-53.629058837890625,-51.0992317199707,-67.6581039428711,108.25556945800781,43.30222702026367,43.30222702026367,-283.9787902832031
-60.988555908203125,-69.95794677734375,-70.87788391113281,-55.00896453857422,-76.85747528076172,-60.06861877441406,-51.559200286865234,-64.43832397460938,108.25556945800781,43.30222702026367,43.30222702026367,-284.718017578125
-47.18949508666992,-81.22718048095703,-66.96814727783203,-74.55763244628906,-57.308807373046875,-81.45716094970703,-45.11963653564453,-64.20833587646484,108.25556945800781,43.30222702026367,43.30222702026367,-284.70263671875
-82.1471176147461,-63.28839874267578,-71.10786437988281,-79.84727478027344,-55.698917388916016,-75.47756958007812,-49.25935363769531,-69.95794677734375,108.25556945800781,43.30222702026367,43.30222702026367,-284.1328125
-80.30724334716797,-66.96814727783203,-81.91712951660156,-73.86767578125,-72.2577896118164,-75.70755004882812,-59.148681640625,-80.30724334716797,108.25556945800781,43.30222702026367,43.30222702026367,-284.90283203125
-70.18792724609375,-89.27662658691406,-64.43832397460938,-83.98699188232422,-79.15731811523438,-65.81822967529297,-83.75700378417969,-63.51838302612305,108.25556945800781,43.30222702026367,43.30222702026367,-286.2580871582031
-76.16751861572266,-86.9767837524414,-73.86767578125,-94.79624938964844,-66.04821014404297,-80.7672119140625,-79.84727478027344,-69.26799011230469,108.25556945800781,43.30222702026367,43.30222702026367,-286.0578918457031
-98.93596649169922,-79.6172866821289,-82.3770980834961,-95.7161865234375,-65.1282730102539,-89.96658325195312,-70.41791534423828,-86.05684661865234,108.25556945800781,43.30222702026367,43.30222702026367,-285.61126708984375
-86.7468032836914,-93.87631225585938,-66.5081787109375,-89.96658325195312,-85.59687805175781,-89.27662658691406,-66.73816680908203,-79.6172866821289,108.25556945800781,43.30222702026367,43.30222702026367,-285.1492614746094
-76.16751861572266,-88.126708984375,-89.04664611816406,-76.39750671386719,-86.05684661865234,-84.44696044921875,-80.53722381591797,-82.1471176147461,108.25556945800781,43.30222702026367,43.30222702026367,-286.3813171386719
-71.33785247802734,-101.92576599121094,-75.2475814819336,-91.57646942138672,-82.1471176147461,-66.73816680908203,-89.96658325195312,-75.47756958007812,108.25556945800781,43.30222702026367,43.30222702026367,-287.30535888671875
-85.82686614990234,-89.5066146850586,-69.49797821044922,-94.79624938964844,-69.26799011230469,-75.70755004882812,-74.32764434814453,-70.41791534423828,108.25556945800781,43.30222702026367,43.30222702026367,-285.84228515625
-84.67694091796875,-86.9767837524414,-65.58824157714844,-88.81665802001953,-61.90849304199219,-70.64789581298828,-72.4877700805664,-64.20833587646484,108.25556945800781,43.30222702026367,43.30222702026367,-285.7190856933594
-81.45716094970703,-62.598445892333984,-91.11650085449219,-72.94773864746094,-69.03800964355469,-68.80802154541016,-59.148681640625,-65.35826110839844,108.25556945800781,43.30222702026367,43.30222702026367,-286.2580871582031
-66.2781982421875,-70.41791534423828,-69.26799011230469,-81.22718048095703,-54.31901168823242,-72.02780151367188,-44.19969940185547,-64.43832397460938,108.25556945800781,43.30222702026367,43.30222702026367,-284.3638000488281
-69.72795867919922,-76.39750671386719,-48.569400787353516,-71.33785247802734,-65.1282730102539,-69.95794677734375,-60.75857162475586,-52.24915313720703,108.25556945800781,43.30222702026367,43.30222702026367,-284.7334289550781
-73.86767578125,-58.4587287902832,-77.31744384765625,-56.61885452270508,-59.8386344909668,-62.36846160888672,-55.698917388916016,-62.13847732543945,108.25556945800781,43.30222702026367,43.30222702026367,-285.5958557128906
-80.7672119140625,-58.4587287902832,-64.43832397460938,-77.77741241455078,-51.32921600341797,-76.16751861572266,-45.3496208190918,-62.82843017578125,108.25556945800781,43.30222702026367,43.30222702026367,-284.1328125
-69.72795867919922,-64.43832397460938,-73.40770721435547,-62.598445892333984,-60.75857162475586,-66.04821014404297,-47.18949508666992,-67.19813537597656,108.25556945800781,43.30222702026367,43.30222702026367,-283.91717529296875
-59.8386344909668,-91.34648895263672,-66.2781982421875,-74.32764434814453,-49.48933792114258,-79.84727478027344,-60.29860305786133,-74.09766387939453,108.25556945800781,43.30222702026367,43.30222702026367,-285.04144287109375
-68.34805297851562,-55.46893310546875,-57.768775939941406,-72.02780151367188,-56.61885452270508,-73.17772674560547,-68.11807250976562,-77.31744384765625,108.25556945800781,43.30222702026367,43.30222702026367,-285.5958557128906
-73.17772674560547,-65.81822967529297,-74.32764434814453,-66.5081787109375,-79.84727478027344,-78.46736145019531,-74.09766387939453,-80.7672119140625,108.25556945800781,43.30222702026367,43.30222702026367,-286.6123046875
-87.20677185058594,-86.7468032836914,-83.52702331542969,-105.60551452636719,-76.16751861572266,-81.45716094970703,-76.62748718261719,-74.55763244628906,108.25556945800781,43.30222702026367,43.30222702026367,-285.4880676269531
-80.7672119140625,-92.03643798828125,-76.85747528076172,-74.78761291503906,-77.54742431640625,-84.67694091796875,-67.42811584472656,-81.22718048095703,108.25556945800781,43.30222702026367,43.30222702026367,-286.7047119140625
-86.05684661865234,-86.28683471679688,-85.13690948486328,-87.89672088623047,-72.02780151367188,-87.43675231933594,-73.6376953125,-86.7468032836914,108.25556945800781,43.30222702026367,43.30222702026367,-285.70367431640625
-97.0960922241211,-78.69734954833984,-85.13690948486328,-95.94617462158203,-70.87788391113281,-98.24601745605469,-68.34805297851562,-85.36689758300781,108.25556945800781,43.30222702026367,43.30222702026367,-285.8114929199219
-71.56783294677734,-107.44538879394531,-79.15731811523438,-90.88652038574219,-86.51681518554688,-66.04821014404297,-91.80645751953125,-77.31744384765625,108.25556945800781,43.30222702026367,43.30222702026367,-287.0743408203125
-102.61571502685547,-80.07725524902344,-83.98699188232422,-95.7161865234375,-62.36846160888672,-93.18636322021484,-69.03800964355469,-87.66674041748047,108.25556945800781,43.30222702026367,43.30222702026367,-285.90386962890625
-79.6172866821289,-71.33785247802734,-75.70755004882812,-85.59687805175781,-73.17772674560547,-65.1282730102539,-72.71775817871094,-87.20677185058594,108.25556945800781,43.30222702026367,43.30222702026367,-286.1348876953125
-66.5081787109375,-83.75700378417969,-80.07725524902344,-77.08745574951172,-77.54742431640625,-87.89672088623047,-68.80802154541016,-78.00739288330078,108.25556945800781,43.30222702026367,43.30222702026367,-284.8104248046875
-67.8880844116211,-78.92733764648438,-63.058414459228516,-85.13690948486328,-72.02780151367188,-72.2577896118164,-67.42811584472656,-58.68871307373047,108.25556945800781,43.30222702026367,43.30222702026367,-285.1800537109375
-74.32764434814453,-70.87788391113281,-69.03800964355469,-76.85747528076172,-45.57960510253906,-77.31744384765625,-55.92890167236328,-69.95794677734375,108.25556945800781,43.30222702026367,43.30222702026367,-284.6410217285156
-61.21854019165039,-70.18792724609375,-55.46893310546875,-86.05684661865234,-56.61885452270508,-62.13847732543945,-49.949310302734375,-82.3770980834961,108.25556945800781,43.30222702026367,43.30222702026367,-285.1646423339844
-70.41791534423828,-63.97835159301758,-71.79782104492188,-60.988555908203125,-63.51838302612305,-66.2781982421875,-45.11963653564453,-73.40770721435547,108.25556945800781,43.30222702026367,43.30222702026367,-283.6861877441406
-70.87788391113281,-66.5081787109375,-66.73816680908203,-68.11807250976562,-59.8386344909668,-65.58824157714844,-44.889652252197266,-70.87788391113281,108.25556945800781,43.30222702026367,43.30222702026367,-283.9787902832031
-68.57804107666016,-75.0176010131836,-68.80802154541016,-56.38887023925781,-59.8386344909668,-68.57804107666016,-48.33941650390625,-57.308807373046875,108.25556945800781,43.30222702026367,43.30222702026367,-283.96337890625
-66.5081787109375,-87.20677185058594,-75.2475814819336,-81.91712951660156,-76.16751861572266,-61.448524475097656,-61.21854019165039,-50.63926315307617,108.25556945800781,43.30222702026367,43.30222702026367,-285.9654846191406
-76.16751861572266,-75.93753814697266,-80.7672119140625,-66.73816680908203,-65.58824157714844,-74.09766387939453,-69.49797821044922,-64.20833587646484,108.25556945800781,43.30222702026367,43.30222702026367,-284.0249938964844
-75.2475814819336,-85.59687805175781,-67.6581039428711,-103.07568359375,-63.058414459228516,-75.0176010131836,-72.71775817871094,-74.09766387939453,108.25556945800781,43.30222702026367,43.30222702026367,-285.22625732421875
-88.58667755126953,-72.94773864746094,-78.92733764648438,-94.56626892089844,-63.28839874267578,-95.7161865234375,-65.58824157714844,-84.21697235107422,108.25556945800781,43.30222702026367,43.30222702026367,-285.33404541015625
-78.92733764648438,-85.82686614990234,-75.93753814697266,-88.126708984375,-75.47756958007812,-82.83706665039062,-83.75700378417969,-80.7672119140625,108.25556945800781,43.30222702026367,43.30222702026367,-286.3966979980469
-77.77741241455078,-76.62748718261719,-82.3770980834961,-96.63612365722656,-66.04821014404297,-84.21697235107422,-78.46736145019531,-92.03643798828125,108.25556945800781,43.30222702026367,43.30222702026367,-286.5045166015625
-88.81665802001953,-76.62748718261719,-83.29703521728516,-91.34648895263672,-98.24601745605469,-74.55763244628906,-74.55763244628906,-80.07725524902344,108.25556945800781,43.30222702026367,43.30222702026367,-284.8412170410156
-109.51525115966797,-86.05684661865234,-81.22718048095703,-82.3770980834961,-89.27662658691406,-72.02780151367188,-71.33785247802734,-85.82686614990234,108.25556945800781,43.30222702026367,43.30222702026367,-286.4275207519531
-89.27662658691406,-96.63612365722656,-66.5081787109375,-101.6957778930664,-78.46736145019531,-86.9767837524414,-65.58824157714844,-97.32608032226562,108.25556945800781,43.30222702026367,43.30222702026367,-286.3042907714844
-78.00739288330078,-83.75700378417969,-74.09766387939453,-80.30724334716797,-74.78761291503906,-72.71775817871094,-66.2781982421875,-78.46736145019531,108.25556945800781,43.30222702026367,43.30222702026367,-284.9798278808594
-76.85747528076172,-85.82686614990234,-68.11807250976562,-85.82686614990234,-58.22874450683594,-69.72795867919922,-68.80802154541016,-61.90849304199219,108.25556945800781,43.30222702026367,43.30222702026367,-285.79608154296875
-66.2781982421875,-80.53722381591797,-77.54742431640625,-60.29860305786133,-75.0176010131836,-65.1282730102539,-61.90849304199219,-69.03800964355469,108.25556945800781,43.30222702026367,43.30222702026367,-284.9336242675781
-60.988555908203125,-72.2577896118164,-67.6581039428711,-60.528587341308594,-68.57804107666016,-65.58824157714844,-64.66830444335938,-63.97835159301758,108.25556945800781,43.30222702026367,43.30222702026367,-285.31866455078125
-51.32921600341797,-80.30724334716797,-60.988555908203125,-72.71775817871094,-61.21854019165039,-52.019168853759766,-54.54899597167969,-63.058414459228516,108.25556945800781,43.30222702026367,43.30222702026367,-283.8555908203125
-63.97835159301758,-69.95794677734375,-68.34805297851562,-68.57804107666016,-50.86924743652344,-62.36846160888672,-56.848838806152344,-54.54899597167969,108.25556945800781,43.30222702026367,43.30222702026367,-284.9182434082031
-56.848838806152344,-55.46893310546875,-61.448524475097656,-69.49797821044922,-74.55763244628906,-63.97835159301758,-59.378665924072266,-48.109432220458984,108.25556945800781,43.30222702026367,43.30222702026367,-284.2406005859375
-72.71775817871094,-54.54899597167969,-77.08745574951172,-59.378665924072266,-58.918697357177734,-69.49797821044922,-41.66987228393555,-80.30724334716797,108.25556945800781,43.30222702026367,43.30222702026367,-283.80938720703125
-63.51838302612305,-76.39750671386719,-77.54742431640625,-69.26799011230469,-78.69734954833984,-57.53879165649414,-58.22874450683594,-74.32764434814453,108.25556945800781,43.30222702026367,43.30222702026367,-284.9182434082031
-88.81665802001953,-69.26799011230469,-75.47756958007812,-87.66674041748047,-55.92890167236328,-88.126708984375,-53.39907455444336,-72.4877700805664,108.25556945800781,43.30222702026367,43.30222702026367,-284.6872253417969
-70.18792724609375,-86.28683471679688,-85.13690948486328,-69.03800964355469,-85.36689758300781,-68.80802154541016,-67.8880844116211,-79.84727478027344,108.25556945800781,43.30222702026367,43.30222702026367,-285.3956604003906
-85.36689758300781,-70.18792724609375,-95.7161865234375,-76.62748718261719,-77.54742431640625,-86.28683471679688,-63.97835159301758,-87.89672088623047,108.25556945800781,43.30222702026367,43.30222702026367,-286.1656799316406
-77.54742431640625,-88.81665802001953,-91.11650085449219,-76.39750671386719,-97.0960922241211,-81.68714904785156,-78.00739288330078,-79.3873062133789,108.25556945800781,43.30222702026367,43.30222702026367,-286.5353088378906
-81.45716094970703,-87.43675231933594,-101.6957778930664,-88.356689453125,-80.7672119140625,-68.57804107666016,-63.97835159301758,-82.83706665039062,108.25556945800781,43.30222702026367,43.30222702026367,-286.3966979980469
-71.33785247802734,-84.67694091796875,-85.13690948486328,-98.24601745605469,-72.71775817871094,-76.39750671386719,-76.62748718261719,-90.88652038574219,108.25556945800781,43.30222702026367,43.30222702026367,-286.6123046875
-90.65653228759766,-85.59687805175781,-80.53722381591797,-86.28683471679688,-64.43832397460938,-68.80802154541016,-73.17772674560547,-75.70755004882812,108.25556945800781,43.30222702026367,43.30222702026367,-285.42645263671875
-65.58824157714844,-80.07725524902344,-66.5081787109375,-91.57646942138672,-83.52702331542969,-88.58667755126953,-89.96658325195312,-79.3873062133789,108.25556945800781,43.30222702026367,43.30222702026367,-285.41107177734375
-61.21854019165039,-64.20833587646484,-70.87788391113281,-72.4877700805664,-84.21697235107422,-77.31744384765625,-73.86767578125,-77.54742431640625,108.25556945800781,43.30222702026367,43.30222702026367,-286.3042907714844
-66.04821014404297,-77.31744384765625,-50.86924743652344,-55.92890167236328,-59.8386344909668,-50.17929458618164,-46.959510803222656,-74.55763244628906,108.25556945800781,43.30222702026367,43.30222702026367,-283.7015686035156
-70.87788391113281,-75.0176010131836,-65.58824157714844,-59.148681640625,-69.26799011230469,-59.8386344909668,-58.68871307373047,-70.41791534423828,108.25556945800781,43.30222702026367,43.30222702026367,-284.76422119140625
-67.8880844116211,-75.70755004882812,-67.6581039428711,-58.22874450683594,-57.768775939941406,-65.35826110839844,-64.66830444335938,-54.54899597167969,108.25556945800781,43.30222702026367,43.30222702026367,-284.67181396484375
-78.46736145019531,-59.8386344909668,-67.42811584472656,-77.31744384765625,-42.58980941772461,-59.378665924072266,-48.569400787353516,-66.2781982421875,108.25556945800781,43.30222702026367,43.30222702026367,-284.6102294921875
-60.75857162475586,-86.51681518554688,-54.31901168823242,-68.80802154541016,-63.74836730957031,-46.72952651977539,-68.11807250976562,-54.089027404785156,108.25556945800781,43.30222702026367,43.30222702026367,-285.8268737792969
-66.73816680908203,-75.70755004882812,-55.238948822021484,-83.52702331542969,-49.71932601928711,-60.988555908203125,-61.21854019165039,-50.63926315307617,108.25556945800781,43.30222702026367,43.30222702026367,-285.1492614746094
-59.148681640625,-70.87788391113281,-72.94773864746094,-58.22874450683594,-76.62748718261719,-59.60865020751953,-53.85904312133789,-64.43832397460938,108.25556945800781,43.30222702026367,43.30222702026367,-285.0106506347656
-66.96814727783203,-75.70755004882812,-74.09766387939453,-71.33785247802734,-68.80802154541016,-68.57804107666016,-60.06861877441406,-67.42811584472656,108.25556945800781,43.30222702026367,43.30222702026367,-285.2570495605469
-79.3873062133789,-85.13690948486328,-68.80802154541016,-84.21697235107422,-62.598445892333984,-75.0176010131836,-71.79782104492188,-68.34805297851562,108.25556945800781,43.30222702026367,43.30222702026367,-285.5804748535156
-85.82686614990234,-81.68714904785156,-61.90849304199219,-83.52702331542969,-60.528587341308594,-80.07725524902344,-76.39750671386719,-85.13690948486328,108.25556945800781,43.30222702026367,43.30222702026367,-284.1174011230469
-81.22718048095703,-94.79624938964844,-67.8880844116211,-101.6957778930664,-77.54742431640625,-79.3873062133789,-61.21854019165039,-91.34648895263672,108.25556945800781,43.30222702026367,43.30222702026367,-284.8258361816406
-75.47756958007812,-94.3362808227539,-86.05684661865234,-92.72639465332031,-81.91712951660156,-80.7672119140625,-70.87788391113281,-84.44696044921875,108.25556945800781,43.30222702026367,43.30222702026367,-285.3032531738281
-95.7161865234375,-76.62748718261719,-84.90692901611328,-95.25621795654297,-65.35826110839844,-100.08589172363281,-64.66830444335938,-87.20677185058594,108.25556945800781,43.30222702026367,43.30222702026367,-285.47265625
-89.7365951538086,-82.83706665039062,-80.9971923828125,-94.79624938964844,-73.86767578125,-86.7468032836914,-76.16751861572266,-86.51681518554688,108.25556945800781,43.30222702026367,43.30222702026367,-285.99627685546875
-99.16595458984375,-77.08745574951172,-84.44696044921875,-96.8661117553711,-68.11807250976562,-99.62592315673828,-64.66830444335938,-84.67694091796875,108.25556945800781,43.30222702026367,43.30222702026367,-285.3494567871094
-93.41634368896484,-75.93753814697266,-80.30724334716797,-91.80645751953125,-63.058414459228516,-88.356689453125,-58.68871307373047,-81.68714904785156,108.25556945800781,43.30222702026367,43.30222702026367,-284.9952392578125
-82.60708618164062,-86.9767837524414,-77.31744384765625,-98.47599792480469,-66.73816680908203,-75.70755004882812,-55.00896453857422,-59.8386344909668,108.25556945800781,43.30222702026367,43.30222702026367,-285.51885986328125
-89.7365951538086,-69.26799011230469,-68.80802154541016,-64.43832397460938,-81.68714904785156,-70.41791534423828,-70.64789581298828,-54.77898025512695,108.25556945800781,43.30222702026367,43.30222702026367,-283.9325866699219
-82.3770980834961,-70.64789581298828,-69.26799011230469,-81.22718048095703,-52.24915313720703,-78.46736145019531,-46.039573669433594,-66.96814727783203,108.25556945800781,43.30222702026367,43.30222702026367,-284.0557861328125
-72.2577896118164,-70.41791534423828,-65.35826110839844,-74.32764434814453,-64.8982925415039,-55.238948822021484,-57.53879165649414,-57.07882308959961,108.25556945800781,43.30222702026367,43.30222702026367,-285.41107177734375
-56.15888595581055,-73.86767578125,-71.10786437988281,-57.768775939941406,-67.8880844116211,-57.99876022338867,-56.848838806152344,-64.20833587646484,108.25556945800781,43.30222702026367,43.30222702026367,-284.8104248046875
-72.02780151367188,-60.06861877441406,-75.93753814697266,-60.75857162475586,-60.75857162475586,-72.4877700805664,-44.889652252197266,-76.39750671386719,108.25556945800781,43.30222702026367,43.30222702026367,-283.7477722167969
-62.36846160888672,-74.78761291503906,-53.85904312133789,-87.89672088623047,-51.7891845703125,-61.90849304199219,-60.75857162475586,-48.109432220458984,108.25556945800781,43.30222702026367,43.30222702026367,-284.9798278808594
-50.17929458618164,-70.64789581298828,-73.17772674560547,-77.31744384765625,-83.52702331542969,-73.40770721435547,-64.8982925415039,-82.60708618164062,108.25556945800781,43.30222702026367,43.30222702026367,-283.5167541503906
-61.21854019165039,-75.47756958007812,-75.93753814697266,-60.988555908203125,-74.55763244628906,-70.41791534423828,-66.04821014404297,-69.49797821044922,108.25556945800781,43.30222702026367,43.30222702026367,-285.3802490234375
-71.33785247802734,-79.15731811523438,-60.75857162475586,-98.01602935791016,-68.34805297851562,-79.3873062133789,-63.51838302612305,-91.34648895263672,108.25556945800781,43.30222702026367,43.30222702026367,-286.56610107421875
-85.82686614990234,-74.78761291503906,-79.84727478027344,-64.43832397460938,-64.66830444335938,-75.93753814697266,-61.90849304199219,-89.96658325195312,108.25556945800781,43.30222702026367,43.30222702026367,-286.0578918457031
-67.6581039428711,-80.07725524902344,-84.21697235107422,-89.5066146850586,-97.32608032226562,-80.53722381591797,-74.55763244628906,-63.28839874267578,108.25556945800781,43.30222702026367,43.30222702026367,-285.1184387207031
-79.84727478027344,-92.03643798828125,-90.65653228759766,-74.32764434814453,-93.18636322021484,-72.71775817871094,-74.32764434814453,-88.58667755126953,108.25556945800781,43.30222702026367,43.30222702026367,-285.857666015625
-87.66674041748047,-98.01602935791016,-70.18792724609375,-88.58667755126953,-80.7672119140625,-99.16595458984375,-67.6581039428711,-82.60708618164062,108.25556945800781,43.30222702026367,43.30222702026367,-286.412109375
-85.13690948486328,-74.55763244628906,-81.45716094970703,-91.80645751953125,-79.3873062133789,-101.92576599121094,-81.22718048095703,-91.80645751953125,108.25556945800781,43.30222702026367,43.30222702026367,-284.5024108886719
-89.96658325195312,-75.70755004882812,-93.41634368896484,-86.05684661865234,-78.00739288330078,-76.85747528076172,-65.1282730102539,-86.51681518554688,108.25556945800781,43.30222702026367,43.30222702026367,-285.98089599609375
-86.7468032836914,-83.06705474853516,-76.39750671386719,-82.83706665039062,-73.17772674560547,-70.41791534423828,-69.95794677734375,-80.07725524902344,108.25556945800781,43.30222702026367,43.30222702026367,-285.5034484863281
-60.06861877441406,-85.36689758300781,-65.58824157714844,-77.31744384765625,-69.03800964355469,-67.42811584472656,-60.06861877441406,-72.02780151367188,108.25556945800781,43.30222702026367,43.30222702026367,-284.7334289550781
-72.2577896118164,-80.30724334716797,-58.4587287902832,-81.91712951660156,-69.49797821044922,-72.71775817871094,-52.4791374206543,-77.54742431640625,108.25556945800781,43.30222702026367,43.30222702026367,-283.91717529296875
-75.0176010131836,-60.988555908203125,-83.29703521728516,-61.67850875854492,-61.21854019165039,-68.34805297851562,-40.749935150146484,-74.78761291503906,108.25556945800781,43.30222702026367,43.30222702026367,-285.087646484375
-66.5081787109375,-72.94773864746094,-60.75857162475586,-72.71775817871094,-48.79938507080078,-62.598445892333984,-62.36846160888672,-52.019168853759766,108.25556945800781,43.30222702026367,43.30222702026367,-284.9336242675781
-72.4877700805664,-56.15888595581055,-60.75857162475586,-75.47756958007812,-46.26955795288086,-59.8386344909668,-58.22874450683594,-68.34805297851562,108.25556945800781,43.30222702026367,43.30222702026367,-285.1030578613281
-54.31901168823242,-77.31744384765625,-68.11807250976562,-78.00739288330078,-48.569400787353516,-68.57804107666016,-56.15888595581055,-67.6581039428711,108.25556945800781,43.30222702026367,43.30222702026367,-284.56402587890625
-56.15888595581055,-70.64789581298828,-75.70755004882812,-61.67850875854492,-76.62748718261719,-51.0992317199707,-51.559200286865234,-72.2577896118164,108.25556945800781,43.30222702026367,43.30222702026367,-284.48699951171875
-59.148681640625,-90.65653228759766,-61.448524475097656,-75.93753814697266,-71.10786437988281,-55.46893310546875,-76.39750671386719,-61.90849304199219,108.25556945800781,43.30222702026367,43.30222702026367,-285.7806701660156
-62.36846160888672,-91.11650085449219,-61.448524475097656,-79.15731811523438,-74.78761291503906,-58.22874450683594,-80.07725524902344,-68.57804107666016,108.25556945800781,43.30222702026367,43.30222702026367,-285.90386962890625
-75.47756958007812,-75.47756958007812,-79.84727478027344,-90.88652038574219,-66.73816680908203,-88.81665802001953,-52.70912170410156,-78.92733764648438,108.25556945800781,43.30222702026367,43.30222702026367,-285.22625732421875
-84.67694091796875,-87.43675231933594,-67.42811584472656,-103.07568359375,-71.10786437988281,-78.92733764648438,-67.42811584472656,-79.15731811523438,108.25556945800781,43.30222702026367,43.30222702026367,-285.0106506347656
-91.34648895263672,-90.88652038574219,-89.04664611816406,-84.21697235107422,-96.8661117553711,-75.70755004882812,-75.2475814819336,-87.20677185058594,108.25556945800781,43.30222702026367,43.30222702026367,-286.1502990722656
-78.92733764648438,-72.4877700805664,-77.77741241455078,-75.70755004882812,-89.5066146850586,-91.34648895263672,-84.67694091796875,-81.68714904785156,108.25556945800781,43.30222702026367,43.30222702026367,-286.9973449707031
-90.42655181884766,-75.2475814819336,-98.93596649169922,-82.3770980834961,-81.91712951660156,-90.19656372070312,-63.97835159301758,-106.06548309326172,108.25556945800781,43.30222702026367,43.30222702026367,-285.657470703125
-98.01602935791016,-87.20677185058594,-86.28683471679688,-94.79624938964844,-65.1282730102539,-85.13690948486328,-69.26799011230469,-86.51681518554688,108.25556945800781,43.30222702026367,43.30222702026367,-285.657470703125
-75.70755004882812,-99.16595458984375,-68.34805297851562,-84.90692901611328,-80.07725524902344,-62.598445892333984,-82.83706665039062,-76.85747528076172,108.25556945800781,43.30222702026367,43.30222702026367,-286.1195068359375
-66.04821014404297,-98.70598602294922,-68.34805297851562,-81.22718048095703,-76.16751861572266,-61.67850875854492,-73.40770721435547,-73.17772674560547,108.25556945800781,43.30222702026367,43.30222702026367,-285.3802490234375
-83.52702331542969,-67.42811584472656,-73.17772674560547,-83.29703521728516,-54.77898025512695,-85.13690948486328,-57.07882308959961,-74.78761291503906,108.25556945800781,43.30222702026367,43.30222702026367,-285.087646484375
-74.78761291503906,-73.40770721435547,-68.80802154541016,-72.94773864746094,-63.28839874267578,-67.42811584472656,-53.629058837890625,-65.1282730102539,108.25556945800781,43.30222702026367,43.30222702026367,-284.4408264160156
-89.04664611816406,-77.31744384765625,-74.32764434814453,-83.52702331542969,-57.07882308959961,-67.42811584472656,-46.959510803222656,-53.629058837890625,108.25556945800781,43.30222702026367,43.30222702026367,-285.087646484375
-74.55763244628906,-55.00896453857422,-80.07725524902344,-61.67850875854492,-62.13847732543945,-65.81822967529297,-42.58980941772461,-75.70755004882812,108.25556945800781,43.30222702026367,43.30222702026367,-283.5475769042969
-52.93910598754883,-69.72795867919922,-71.79782104492188,-58.918697357177734,-80.30724334716797,-53.39907455444336,-52.70912170410156,-66.96814727783203,108.25556945800781,43.30222702026367,43.30222702026367,-284.67181396484375
-80.30724334716797,-60.06861877441406,-68.11807250976562,-77.77741241455078,-51.7891845703125,-76.85747528076172,-44.429683685302734,-63.97835159301758,108.25556945800781,43.30222702026367,43.30222702026367,-283.76318359375
-63.97835159301758,-81.91712951660156,-55.238948822021484,-72.02780151367188,-68.34805297851562,-52.93910598754883,-73.17772674560547,-55.46893310546875,108.25556945800781,43.30222702026367,43.30222702026367,-285.5034484863281
-69.03800964355469,-73.6376953125,-64.66830444335938,-77.31744384765625,-70.41791534423828,-64.8982925415039,-70.87788391113281,-65.35826110839844,108.25556945800781,43.30222702026367,43.30222702026367,-285.457275390625
-73.86767578125,-63.97835159301758,-85.59687805175781,-74.09766387939453,-74.32764434814453,-78.23738098144531,-55.92890167236328,-75.0176010131836,108.25556945800781,43.30222702026367,43.30222702026367,-285.84228515625
-80.07725524902344,-95.25621795654297,-72.71775817871094,-85.59687805175781,-65.1282730102539,-61.67850875854492,-65.58824157714844,-60.29860305786133,108.25556945800781,43.30222702026367,43.30222702026367,-287.166748046875
-68.80802154541016,-100.54586029052734,-73.6376953125,-84.67694091796875,-76.62748718261719,-87.89672088623047,-64.20833587646484,-81.22718048095703,108.25556945800781,43.30222702026367,43.30222702026367,-285.0722351074219
-101.23580932617188,-77.08745574951172,-84.44696044921875,-95.4862060546875,-70.18792724609375,-92.03643798828125,-74.55763244628906,-85.59687805175781,108.25556945800781,43.30222702026367,43.30222702026367,-285.84228515625
-83.06705474853516,-93.18636322021484,-73.17772674560547,-101.4657974243164,-82.1471176147461,-82.60708618164062,-73.17772674560547,-83.06705474853516,108.25556945800781,43.30222702026367,43.30222702026367,-285.88848876953125
-86.9767837524414,-97.0960922241211,-77.08745574951172,-104.2256088256836,-72.4877700805664,-81.22718048095703,-82.83706665039062,-75.93753814697266,108.25556945800781,43.30222702026367,43.30222702026367,-286.412109375
-89.27662658691406,-88.126708984375,-74.78761291503906,-86.51681518554688,-82.3770980834961,-86.51681518554688,-69.72795867919922,-91.57646942138672,108.25556945800781,43.30222702026367,43.30222702026367,-285.1954345703125
-84.67694091796875,-69.72795867919922,-94.3362808227539,-83.29703521728516,-77.77741241455078,-61.90849304199219,-73.6376953125,-84.21697235107422,108.25556945800781,43.30222702026367,43.30222702026367,-285.7806701660156
-81.91712951660156,-85.82686614990234,-72.71775817871094,-86.7468032836914,-70.18792724609375,-57.308807373046875,-57.53879165649414,-56.15888595581055,108.25556945800781,43.30222702026367,43.30222702026367,-286.45831298828125
-61.448524475097656,-94.3362808227539,-64.43832397460938,-75.0176010131836,-73.40770721435547,-56.61885452270508,-61.448524475097656,-72.02780151367188,108.25556945800781,43.30222702026367,43.30222702026367,-284.4408264160156
-75.70755004882812,-79.6172866821289,-54.77898025512695,-88.356689453125,-55.00896453857422,-68.11807250976562,-62.13847732543945,-55.698917388916016,108.25556945800781,43.30222702026367,43.30222702026367,-284.90283203125
-68.34805297851562,-74.09766387939453,-53.39907455444336,-83.98699188232422,-60.75857162475586,-67.6581039428711,-58.22874450683594,-55.238948822021484,108.25556945800781,43.30222702026367,43.30222702026367,-284.533203125
-57.53879165649414,-67.6581039428711,-53.39907455444336,-81.45716094970703,-66.5081787109375,-67.6581039428711,-43.73973083496094,-51.32921600341797,108.25556945800781,43.30222702026367,43.30222702026367,-284.533203125
-54.089027404785156,-70.87788391113281,-69.95794677734375,-69.72795867919922,-80.07725524902344,-66.2781982421875,-64.20833587646484,-57.53879165649414,108.25556945800781,43.30222702026367,43.30222702026367,-284.85662841796875
-69.95794677734375,-85.36689758300781,-64.8982925415039,-71.79782104492188,-50.409278869628906,-49.71932601928711,-52.24915313720703,-62.36846160888672,108.25556945800781,43.30222702026367,43.30222702026367,-284.00958251953125
-63.51838302612305,-83.75700378417969,-73.6376953125,-80.07725524902344,-80.07725524902344,-67.8880844116211,-65.58824157714844,-68.11807250976562,108.25556945800781,43.30222702026367,43.30222702026367,-283.6553649902344
-82.83706665039062,-75.2475814819336,-76.16751861572266,-98.24601745605469,-74.55763244628906,-77.77741241455078,-76.39750671386719,-70.41791534423828,108.25556945800781,43.30222702026367,43.30222702026367,-284.718017578125
-58.918697357177734,-83.52702331542969,-70.41791534423828,-81.45716094970703,-78.00739288330078,-61.21854019165039,-83.29703521728516,-74.32764434814453,108.25556945800781,43.30222702026367,43.30222702026367,-286.5045166015625
-75.70755004882812,-74.78761291503906,-75.2475814819336,-83.52702331542969,-71.79782104492188,-78.69734954833984,-66.96814727783203,-85.59687805175781,108.25556945800781,43.30222702026367,43.30222702026367,-284.8874206542969
-76.39750671386719,-80.7672119140625,-86.51681518554688,-76.39750671386719,-92.72639465332031,-76.62748718261719,-75.2475814819336,-92.72639465332031,108.25556945800781,43.30222702026367,43.30222702026367,-285.8268737792969
-66.2781982421875,-91.34648895263672,-85.13690948486328,-95.4862060546875,-64.20833587646484,-90.19656372070312,-75.2475814819336,-89.04664611816406,108.25556945800781,43.30222702026367,43.30222702026367,-286.84332275390625
-71.79782104492188,-98.70598602294922,-90.42655181884766,-96.63612365722656,-78.92733764648438,-66.5081787109375,-72.02780151367188,-82.60708618164062,108.25556945800781,43.30222702026367,43.30222702026367,-284.9644470214844
-94.3362808227539,-94.1063003540039,-96.40614318847656,-77.54742431640625,-81.68714904785156,-69.72795867919922,-77.54742431640625,-88.81665802001953,108.25556945800781,43.30222702026367,43.30222702026367,-285.5342712402344
-81.91712951660156,-101.92576599121094,-81.22718048095703,-92.26642608642578,-68.34805297851562,-90.19656372070312,-75.47756958007812,-88.81665802001953,108.25556945800781,43.30222702026367,43.30222702026367,-286.5198974609375
-66.96814727783203,-99.62592315673828,-72.02780151367188,-87.20677185058594,-83.75700378417969,-62.36846160888672,-79.6172866821289,-63.74836730957031,108.25556945800781,43.30222702026367,43.30222702026367,-286.0578918457031
-65.1282730102539,-78.92733764648438,-80.53722381591797,-69.72795867919922,-80.07725524902344,-57.308807373046875,-61.448524475097656,-79.6172866821289,108.25556945800781,43.30222702026367,43.30222702026367,-285.287841796875
-75.0176010131836,-77.31744384765625,-58.918697357177734,-91.34648895263672,-61.67850875854492,-68.11807250976562,-55.698917388916016,-82.83706665039062,108.25556945800781,43.30222702026367,43.30222702026367,-284.2098083496094
-80.9971923828125,-60.06861877441406,-67.6581039428711,-78.92733764648438,-52.93910598754883,-83.29703521728516,-46.72952651977539,-67.42811584472656,108.25556945800781,43.30222702026367,43.30222702026367,-284.6256103515625
-67.42811584472656,-75.70755004882812,-61.67850875854492,-83.06705474853516,-50.63926315307617,-60.528587341308594,-61.448524475097656,-50.86924743652344,108.25556945800781,43.30222702026367,43.30222702026367,-285.22625732421875
-72.4877700805664,-85.82686614990234,-57.308807373046875,-67.8880844116211,-44.19969940185547,-61.90849304199219,-58.68871307373047,-70.18792724609375,108.25556945800781,43.30222702026367,43.30222702026367,-283.2703552246094
-68.34805297851562,-56.848838806152344,-61.448524475097656,-56.848838806152344,-73.17772674560547,-63.51838302612305,-62.13847732543945,-62.36846160888672,108.25556945800781,43.30222702026367,43.30222702026367,-285.61126708984375
-75.47756958007812,-64.20833587646484,-64.8982925415039,-74.32764434814453,-45.3496208190918,-73.6376953125,-46.72952651977539,-66.04821014404297,108.25556945800781,43.30222702026367,43.30222702026367,-284.3022155761719
-56.15888595581055,-92.26642608642578,-63.28839874267578,-77.08745574951172,-70.87788391113281,-50.17929458618164,-73.17772674560547,-64.8982925415039,108.25556945800781,43.30222702026367,43.30222702026367,-285.42645263671875
-80.30724334716797,-66.04821014404297,-92.26642608642578,-71.10786437988281,-68.80802154541016,-74.09766387939453,-47.64946365356445,-90.88652038574219,108.25556945800781,43.30222702026367,43.30222702026367,-283.947998046875
-84.67694091796875,-66.73816680908203,-88.81665802001953,-78.46736145019531,-74.78761291503906,-78.69734954833984,-55.00896453857422,-84.67694091796875,108.25556945800781,43.30222702026367,43.30222702026367,-284.9182434082031
-64.66830444335938,-96.63612365722656,-70.18792724609375,-89.5066146850586,-86.51681518554688,-69.03800964355469,-87.43675231933594,-70.18792724609375,108.25556945800781,43.30222702026367,43.30222702026367,-285.47265625
-82.1471176147461,-91.80645751953125,-67.19813537597656,-94.79624938964844,-86.51681518554688,-91.11650085449219,-64.43832397460938,-69.26799011230469,108.25556945800781,43.30222702026367,43.30222702026367,-285.4880676269531
-85.36689758300781,-81.91712951660156,-84.67694091796875,-87.89672088623047,-75.0176010131836,-82.60708618164062,-80.30724334716797,-80.9971923828125,108.25556945800781,43.30222702026367,43.30222702026367,-286.8895263671875
-109.05528259277344,-91.34648895263672,-89.96658325195312,-76.16751861572266,-68.80802154541016,-80.30724334716797,-68.11807250976562,-103.30567169189453,108.25556945800781,43.30222702026367,43.30222702026367,-284.8720397949219
-94.1063003540039,-80.07725524902344,-83.98699188232422,-72.4877700805664,-65.35826110839844,-79.15731811523438,-62.36846160888672,-82.60708618164062,108.25556945800781,43.30222702026367,43.30222702026367,-285.88848876953125
-92.26642608642578,-80.53722381591797,-70.87788391113281,-90.42655181884766,-82.1471176147461,-86.7468032836914,-57.53879165649414,-74.09766387939453,108.25556945800781,43.30222702026367,43.30222702026367,-285.99627685546875
-97.55606079101562,-81.91712951660156,-76.39750671386719,-66.04821014404297,-84.21697235107422,-75.93753814697266,-73.40770721435547,-59.148681640625,108.25556945800781,43.30222702026367,43.30222702026367,-286.2118835449219
-67.19813537597656,-86.7468032836914,-74.78761291503906,-78.00739288330078,-85.59687805175781,-71.33785247802734,-67.8880844116211,-63.28839874267578,108.25556945800781,43.30222702026367,43.30222702026367,-286.5045166015625
-64.43832397460938,-73.17772674560547,-73.86767578125,-56.848838806152344,-63.97835159301758,-68.57804107666016,-62.36846160888672,-57.99876022338867,108.25556945800781,43.30222702026367,43.30222702026367,-284.6102294921875
-74.78761291503906,-68.57804107666016,-65.81822967529297,-78.00739288330078,-66.5081787109375,-48.79938507080078,-67.8880844116211,-68.11807250976562,108.25556945800781,43.30222702026367,43.30222702026367,-284.76422119140625
-69.03800964355469,-77.54742431640625,-52.70912170410156,-85.59687805175781,-49.02936935424805,-57.768775939941406,-54.31901168823242,-63.74836730957031,108.25556945800781,43.30222702026367,43.30222702026367,-283.8863830566406
-76.85747528076172,-59.378665924072266,-63.28839874267578,-74.78761291503906,-49.71932601928711,-63.74836730957031,-54.77898025512695,-72.94773864746094,108.25556945800781,43.30222702026367,43.30222702026367,-284.3946228027344
-65.81822967529297,-63.058414459228516,-63.74836730957031,-74.55763244628906,-60.29860305786133,-68.34805297851562,-48.109432220458984,-64.66830444335938,108.25556945800781,43.30222702026367,43.30222702026367,-284.0557861328125
-73.40770721435547,-55.238948822021484,-80.9971923828125,-66.73816680908203,-62.82843017578125,-69.72795867919922,-40.28996658325195,-73.6376953125,108.25556945800781,43.30222702026367,43.30222702026367,-284.148193359375
-78.46736145019531,-63.28839874267578,-81.22718048095703,-72.71775817871094,-66.5081787109375,-69.26799011230469,-52.70912170410156,-73.17772674560547,108.25556945800781,43.30222702026367,43.30222702026367,-285.24163818359375
-68.80802154541016,-80.9971923828125,-78.00739288330078,-68.34805297851562,-66.04821014404297,-75.2475814819336,-74.55763244628906,-74.09766387939453,108.25556945800781,43.30222702026367,43.30222702026367,-286.75091552734375
-66.2781982421875,-71.79782104492188,-76.62748718261719,-93.41634368896484,-61.448524475097656,-82.1471176147461,-70.41791534423828,-83.98699188232422,108.25556945800781,43.30222702026367,43.30222702026367,-285.8730773925781
-97.55606079101562,-80.7672119140625,-81.91712951660156,-85.36689758300781,-95.02623748779297,-67.8880844116211,-69.26799011230469,-86.05684661865234,108.25556945800781,43.30222702026367,43.30222702026367,-285.98089599609375
-85.36689758300781,-94.79624938964844,-77.77741241455078,-100.77584075927734,-66.96814727783203,-83.52702331542969,-82.1471176147461,-70.87788391113281,108.25556945800781,43.30222702026367,43.30222702026367,-286.1502990722656
-87.43675231933594,-93.41634368896484,-71.79782104492188,-92.26642608642578,-80.30724334716797,-85.82686614990234,-75.2475814819336,-84.67694091796875,108.25556945800781,43.30222702026367,43.30222702026367,-285.3494567871094
-85.59687805175781,-93.64633178710938,-73.6376953125,-100.31587219238281,-80.30724334716797,-85.36689758300781,-77.31744384765625,-76.16751861572266,108.25556945800781,43.30222702026367,43.30222702026367,-286.2118835449219
-85.36689758300781,-95.94617462158203,-72.4877700805664,-103.30567169189453,-73.17772674560547,-80.7672119140625,-75.47756958007812,-72.94773864746094,108.25556945800781,43.30222702026367,43.30222702026367,-286.027099609375
-79.3873062133789,-87.66674041748047,-83.06705474853516,-94.3362808227539,-65.1282730102539,-74.78761291503906,-56.61885452270508,-91.80645751953125,108.25556945800781,43.30222702026367,43.30222702026367,-284.5486145019531
-92.95637512207031,-69.72795867919922,-72.2577896118164,-84.90692901611328,-61.90849304199219,-80.9971923828125,-66.5081787109375,-77.31744384765625,108.25556945800781,43.30222702026367,43.30222702026367,-285.1954345703125
-74.09766387939453,-70.18792724609375,-87.66674041748047,-68.57804107666016,-71.33785247802734,-70.18792724609375,-53.85904312133789,-69.72795867919922,108.25556945800781,43.30222702026367,43.30222702026367,-286.3351135253906
-71.10786437988281,-68.34805297851562,-75.0176010131836,-69.72795867919922,-63.058414459228516,-66.73816680908203,-41.89985656738281,-80.9971923828125,108.25556945800781,43.30222702026367,43.30222702026367,-283.8555908203125
-74.78761291503906,-63.058414459228516,-73.40770721435547,-67.8880844116211,-59.378665924072266,-59.378665924072266,-56.38887023925781,-57.308807373046875,108.25556945800781,43.30222702026367,43.30222702026367,-284.94903564453125
-76.62748718261719,-67.8880844116211,-59.60865020751953,-66.73816680908203,-68.11807250976562,-52.019168853759766,-58.918697357177734,-67.6581039428711,108.25556945800781,43.30222702026367,43.30222702026367,-284.533203125
-64.20833587646484,-70.18792724609375,-60.29860305786133,-63.28839874267578,-66.04821014404297,-67.19813537597656,-45.80958938598633,-70.41791534423828,108.25556945800781,43.30222702026367,43.30222702026367,-283.9325866699219
-63.058414459228516,-67.6581039428711,-83.98699188232422,-61.21854019165039,-57.99876022338867,-50.17929458618164,-62.598445892333984,-70.41791534423828,108.25556945800781,43.30222702026367,43.30222702026367,-284.3175964355469
-57.53879165649414,-81.22718048095703,-68.11807250976562,-77.77741241455078,-59.378665924072266,-72.2577896118164,-46.959510803222656,-70.18792724609375,108.25556945800781,43.30222702026367,43.30222702026367,-284.3484191894531
-70.18792724609375,-63.74836730957031,-83.75700378417969,-78.00739288330078,-71.56783294677734,-56.15888595581055,-71.10786437988281,-74.55763244628906,108.25556945800781,43.30222702026367,43.30222702026367,-285.3802490234375
-67.19813537597656,-92.26642608642578,-78.00739288330078,-91.34648895263672,-65.35826110839844,-64.66830444335938,-61.67850875854492,-73.17772674560547,108.25556945800781,43.30222702026367,43.30222702026367,-284.57940673828125
-85.82686614990234,-82.83706665039062,-66.96814727783203,-83.75700378417969,-75.2475814819336,-95.7161865234375,-64.43832397460938,-82.3770980834961,108.25556945800781,43.30222702026367,43.30222702026367,-286.18109130859375
-68.34805297851562,-80.7672119140625,-83.75700378417969,-91.11650085449219,-95.4862060546875,-82.60708618164062,-79.3873062133789,-71.79782104492188,108.25556945800781,43.30222702026367,43.30222702026367,-287.1359558105469
-88.58667755126953,-72.94773864746094,-79.6172866821289,-94.1063003540039,-73.6376953125,-77.77741241455078,-79.15731811523438,-92.49640655517578,108.25556945800781,43.30222702026367,43.30222702026367,-286.2580871582031
-76.85747528076172,-91.11650085449219,-80.30724334716797,-102.61571502685547,-92.49640655517578,-91.11650085449219,-97.0960922241211,-88.81665802001953,108.25556945800781,43.30222702026367,43.30222702026367,-285.9654846191406
-74.09766387939453,-88.58667755126953,-91.34648895263672,-71.33785247802734,-90.19656372070312,-78.92733764648438,-75.0176010131836,-90.88652038574219,108.25556945800781,43.30222702026367,43.30222702026367,-286.227294921875
-75.0176010131836,-84.44696044921875,-82.60708618164062,-92.95637512207031,-63.51838302612305,-95.25621795654297,-69.49797821044922,-87.20677185058594,108.25556945800781,43.30222702026367,43.30222702026367,-285.84228515625
-67.42811584472656,-95.25621795654297,-63.74836730957031,-81.68714904785156,-77.77741241455078,-60.29860305786133,-85.82686614990234,-71.10786437988281,108.25556945800781,43.30222702026367,43.30222702026367,-286.75091552734375
-62.598445892333984,-87.66674041748047,-67.8880844116211,-78.00739288330078,-74.55763244628906,-59.8386344909668,-67.42811584472656,-72.4877700805664,108.25556945800781,43.30222702026367,43.30222702026367,-285.0260314941406
-83.98699188232422,-61.90849304199219,-85.59687805175781,-70.64789581298828,-65.1282730102539,-66.04821014404297,-59.8386344909668,-63.28839874267578,108.25556945800781,43.30222702026367,43.30222702026367,-285.7190856933594
-72.2577896118164,-69.95794677734375,-61.90849304199219,-72.02780151367188,-63.51838302612305,-58.68871307373047,-67.19813537597656,-58.22874450683594,108.25556945800781,43.30222702026367,43.30222702026367,-286.08868408203125
-63.97835159301758,-72.02780151367188,-66.04821014404297,-64.43832397460938,-72.4877700805664,-49.48933792114258,-53.169090270996094,-59.148681640625,108.25556945800781,43.30222702026367,43.30222702026367,-285.0260314941406
-71.79782104492188,-71.56783294677734,-69.03800964355469,-61.448524475097656,-79.15731811523438,-55.238948822021484,-51.559200286865234,-59.148681640625,108.25556945800781,43.30222702026367,43.30222702026367,-285.33404541015625
-71.56783294677734,-59.60865020751953,-69.95794677734375,-72.2577896118164,-66.04821014404297,-49.48933792114258,-65.35826110839844,-63.058414459228516,108.25556945800781,43.30222702026367,43.30222702026367,-283.7477722167969
-52.4791374206543,-86.05684661865234,-55.00896453857422,-70.87788391113281,-66.73816680908203,-52.019168853759766,-70.87788391113281,-57.53879165649414,108.25556945800781,43.30222702026367,43.30222702026367,-285.6420593261719
-67.42811584472656,-78.46736145019531,-57.53879165649414,-90.88652038574219,-57.768775939941406,-70.87788391113281,-68.80802154541016,-59.148681640625,108.25556945800781,43.30222702026367,43.30222702026367,-285.4418640136719
-60.29860305786133,-76.62748718261719,-79.6172866821289,-71.79782104492188,-85.36689758300781,-60.528587341308594,-61.448524475097656,-78.46736145019531,108.25556945800781,43.30222702026367,43.30222702026367,-285.24163818359375
-68.57804107666016,-79.6172866821289,-78.46736145019531,-77.08745574951172,-74.78761291503906,-76.62748718261719,-71.10786437988281,-74.55763244628906,108.25556945800781,43.30222702026367,43.30222702026367,-285.8730773925781
-85.59687805175781,-77.31744384765625,-94.3362808227539,-75.93753814697266,-74.09766387939453,-76.39750671386719,-84.67694091796875,-71.79782104492188,108.25556945800781,43.30222702026367,43.30222702026367,-284.56402587890625
-73.40770721435547,-85.59687805175781,-85.59687805175781,-82.1471176147461,-79.15731811523438,-85.13690948486328,-82.3770980834961,-73.40770721435547,108.25556945800781,43.30222702026367,43.30222702026367,-286.2580871582031
-80.9971923828125,-87.20677185058594,-101.4657974243164,-89.7365951538086,-82.83706665039062,-70.64789581298828,-89.04664611816406,-87.66674041748047,108.25556945800781,43.30222702026367,43.30222702026367,-286.3351135253906
-85.13690948486328,-91.11650085449219,-85.82686614990234,-96.40614318847656,-82.60708618164062,-74.09766387939453,-80.07725524902344,-81.68714904785156,108.25556945800781,43.30222702026367,43.30222702026367,-286.7201232910156
-90.65653228759766,-92.49640655517578,-70.41791534423828,-103.76564025878906,-72.4877700805664,-84.44696044921875,-78.23738098144531,-73.6376953125,108.25556945800781,43.30222702026367,43.30222702026367,-286.27349853515625
-87.89672088623047,-82.83706665039062,-83.98699188232422,-88.356689453125,-75.70755004882812,-85.59687805175781,-69.26799011230469,-85.13690948486328,108.25556945800781,43.30222702026367,43.30222702026367,-285.79608154296875
-67.19813537597656,-82.3770980834961,-83.06705474853516,-69.26799011230469,-92.95637512207031,-66.2781982421875,-63.97835159301758,-77.31744384765625,108.25556945800781,43.30222702026367,43.30222702026367,-285.70367431640625
-79.3873062133789,-68.11807250976562,-87.89672088623047,-75.2475814819336,-72.02780151367188,-57.99876022338867,-76.62748718261719,-73.17772674560547,108.25556945800781,43.30222702026367,43.30222702026367,-285.47265625
-77.31744384765625,-66.04821014404297,-66.96814727783203,-80.07725524902344,-50.17929458618164,-82.60708618164062,-49.949310302734375,-70.64789581298828,108.25556945800781,43.30222702026367,43.30222702026367,-284.74884033203125
-52.93910598754883,-63.74836730957031,-66.5081787109375,-76.39750671386719,-72.2577896118164,-57.768775939941406,-55.92890167236328,-47.41947937011719,108.25556945800781,43.30222702026367,43.30222702026367,-285.1492614746094
-65.58824157714844,-67.8880844116211,-63.51838302612305,-76.16751861572266,-54.089027404785156,-66.73816680908203,-42.819793701171875,-60.06861877441406,108.25556945800781,43.30222702026367,43.30222702026367,-283.9787902832031
-60.29860305786133,-70.87788391113281,-70.41791534423828,-53.169090270996094,-72.02780151367188,-56.15888595581055,-53.629058837890625,-66.04821014404297,108.25556945800781,43.30222702026367,43.30222702026367,-284.4408264160156
-86.51681518554688,-62.598445892333984,-64.20833587646484,-75.2475814819336,-47.18949508666992,-80.9971923828125,-50.17929458618164,-68.80802154541016,108.25556945800781,43.30222702026367,43.30222702026367,-283.91717529296875
-65.1282730102539,-71.33785247802734,-63.51838302612305,-71.10786437988281,-64.66830444335938,-59.8386344909668,-64.8982925415039,-58.22874450683594,108.25556945800781,43.30222702026367,43.30222702026367,-285.2570495605469
-65.81822967529297,-79.3873062133789,-76.62748718261719,-63.51838302612305,-71.33785247802734,-73.17772674560547,-70.64789581298828,-65.58824157714844,108.25556945800781,43.30222702026367,43.30222702026367,-286.4891052246094
-77.77741241455078,-69.72795867919922,-72.4877700805664,-87.20677185058594,-56.38887023925781,-86.28683471679688,-60.29860305786133,-79.15731811523438,108.25556945800781,43.30222702026367,43.30222702026367,-284.5948181152344
-75.2475814819336,-83.29703521728516,-80.53722381591797,-84.90692901611328,-59.378665924072266,-72.2577896118164,-67.8880844116211,-101.6957778930664,108.25556945800781,43.30222702026367,43.30222702026367,-285.1030578613281
-92.03643798828125,-83.98699188232422,-83.75700378417969,-78.23738098144531,-94.3362808227539,-70.87788391113281,-70.64789581298828,-87.66674041748047,108.25556945800781,43.30222702026367,43.30222702026367,-285.3802490234375
-82.3770980834961,-92.72639465332031,-81.68714904785156,-104.91556549072266,-71.79782104492188,-83.75700378417969,-78.92733764648438,-68.34805297851562,108.25556945800781,43.30222702026367,43.30222702026367,-285.98089599609375
-94.79624938964844,-82.3770980834961,-83.98699188232422,-96.8661117553711,-69.95794677734375,-97.32608032226562,-66.04821014404297,-84.67694091796875,108.25556945800781,43.30222702026367,43.30222702026367,-285.457275390625
-104.68557739257812,-80.53722381591797,-83.29703521728516,-94.3362808227539,-73.86767578125,-92.95637512207031,-69.49797821044922,-89.27662658691406,108.25556945800781,43.30222702026367,43.30222702026367,-285.22625732421875
-84.21697235107422,-104.91556549072266,-77.31744384765625,-91.34648895263672,-64.20833587646484,-90.19656372070312,-77.54742431640625,-91.34648895263672,108.25556945800781,43.30222702026367,43.30222702026367,-285.7652893066406
-80.53722381591797,-95.02623748779297,-71.79782104492188,-89.04664611816406,-78.69734954833984,-78.92733764648438,-60.528587341308594,-79.15731811523438,108.25556945800781,43.30222702026367,43.30222702026367,-285.6728820800781
-80.9971923828125,-102.38573455810547,-76.16751861572266,-85.13690948486328,-54.77898025512695,-58.22874450683594,-63.74836730957031,-72.4877700805664,108.25556945800781,43.30222702026367,43.30222702026367,-285.98089599609375
-76.85747528076172,-64.8982925415039,-78.46736145019531,-70.87788391113281,-70.64789581298828,-67.19813537597656,-59.148681640625,-76.16751861572266,108.25556945800781,43.30222702026367,43.30222702026367,-284.3484191894531
-86.28683471679688,-63.74836730957031,-66.96814727783203,-80.9971923828125,-52.4791374206543,-80.7672119140625,-48.33941650390625,-63.97835159301758,108.25556945800781,43.30222702026367,43.30222702026367,-284.6410217285156
-82.60708618164062,-63.97835159301758,-67.6581039428711,-80.7672119140625,-50.63926315307617,-77.77741241455078,-48.569400787353516,-64.20833587646484,108.25556945800781,43.30222702026367,43.30222702026367,-284.3022155761719
-69.26799011230469,-76.85747528076172,-58.918697357177734,-79.15731811523438,-50.17929458618164,-58.22874450683594,-62.36846160888672,-52.70912170410156,108.25556945800781,43.30222702026367,43.30222702026367,-284.90283203125
-83.06705474853516,-72.2577896118164,-69.26799011230469,-54.089027404785156,-47.64946365356445,-59.8386344909668,-56.15888595581055,-81.91712951660156,108.25556945800781,43.30222702026367,43.30222702026367,-285.457275390625
-63.97835159301758,-75.70755004882812,-50.86924743652344,-82.83706665039062,-64.43832397460938,-69.03800964355469,-47.64946365356445,-79.3873062133789,108.25556945800781,43.30222702026367,43.30222702026367,-284.8874206542969
-61.90849304199219,-65.1282730102539,-81.68714904785156,-78.92733764648438,-71.33785247802734,-72.94773864746094,-45.11963653564453,-64.8982925415039,108.25556945800781,43.30222702026367,43.30222702026367,-283.7015686035156
-78.46736145019531,-76.85747528076172,-73.86767578125,-66.2781982421875,-84.21697235107422,-61.448524475097656,-63.97835159301758,-78.69734954833984,108.25556945800781,43.30222702026367,43.30222702026367,-284.9798278808594
-75.93753814697266,-64.8982925415039,-84.67694091796875,-73.40770721435547,-72.2577896118164,-81.22718048095703,-54.77898025512695,-92.72639465332031,108.25556945800781,43.30222702026367,43.30222702026367,-284.1789855957031
-64.8982925415039,-81.68714904785156,-84.21697235107422,-77.31744384765625,-92.26642608642578,-72.2577896118164,-70.41791534423828,-85.13690948486328,108.25556945800781,43.30222702026367,43.30222702026367,-285.61126708984375
-85.82686614990234,-72.2577896118164,-94.3362808227539,-78.92733764648438,-77.77741241455078,-89.27662658691406,-60.29860305786133,-97.78604888916016,108.25556945800781,43.30222702026367,43.30222702026367,-284.8874206542969
-96.17615509033203,-96.63612365722656,-88.356689453125,-105.83550262451172,-78.69734954833984,-88.356689453125,-77.31744384765625,-72.71775817871094,108.25556945800781,43.30222702026367,43.30222702026367,-286.2118835449219
-80.7672119140625,-92.26642608642578,-74.55763244628906,-74.55763244628906,-79.15731811523438,-62.598445892333984,-70.18792724609375,-86.51681518554688,108.25556945800781,43.30222702026367,43.30222702026367,-286.4275207519531
-94.56626892089844,-76.16751861572266,-100.77584075927734,-82.3770980834961,-81.91712951660156,-91.34648895263672,-61.448524475097656,-102.38573455810547,108.25556945800781,43.30222702026367,43.30222702026367,-285.24163818359375
-98.47599792480469,-77.77741241455078,-83.75700378417969,-96.17615509033203,-70.64789581298828,-78.69734954833984,-72.4877700805664,-88.356689453125,108.25556945800781,43.30222702026367,43.30222702026367,-285.79608154296875
-81.22718048095703,-88.58667755126953,-82.60708618164062,-81.91712951660156,-83.52702331542969,-65.35826110839844,-68.57804107666016,-83.29703521728516,108.25556945800781,43.30222702026367,43.30222702026367,-285.3648681640625
-59.60865020751953,-94.79624938964844,-64.66830444335938,-78.46736145019531,-78.92733764648438,-57.768775939941406,-80.9971923828125,-66.2781982421875,108.25556945800781,43.30222702026367,43.30222702026367,-286.27349853515625
-69.03800964355469,-59.8386344909668,-69.95794677734375,-75.93753814697266,-87.43675231933594,-71.10786437988281,-66.04821014404297,-55.238948822021484,108.25556945800781,43.30222702026367,43.30222702026367,-286.1040954589844
-55.92890167236328,-71.56783294677734,-67.19813537597656,-66.96814727783203,-63.51838302612305,-64.66830444335938,-52.019168853759766,-75.2475814819336,108.25556945800781,43.30222702026367,43.30222702026367,-285.33404541015625
-59.378665924072266,-71.33785247802734,-54.54899597167969,-65.58824157714844,-58.68871307373047,-60.988555908203125,-75.47756958007812,-70.18792724609375,108.25556945800781,43.30222702026367,43.30222702026367,-284.90283203125
-53.39907455444336,-67.6581039428711,-60.528587341308594,-84.67694091796875,-55.92890167236328,-63.97835159301758,-39.37002944946289,-80.30724334716797,108.25556945800781,43.30222702026367,43.30222702026367,-285.6420593261719
-64.20833587646484,-71.33785247802734,-59.378665924072266,-59.148681640625,-62.36846160888672,-71.33785247802734,-41.43988800048828,-62.598445892333984,108.25556945800781,43.30222702026367,43.30222702026367,-285.4418640136719
-68.57804107666016,-74.78761291503906,-61.67850875854492,-73.17772674560547,-54.77898025512695,-59.148681640625,-55.00896453857422,-60.06861877441406,108.25556945800781,43.30222702026367,43.30222702026367,-284.8258361816406
-66.96814727783203,-86.9767837524414,-62.36846160888672,-76.85747528076172,-68.11807250976562,-57.99876022338867,-72.2577896118164,-57.99876022338867,108.25556945800781,43.30222702026367,43.30222702026367,-285.9654846191406
-77.31744384765625,-74.78761291503906,-77.54742431640625,-67.19813537597656,-70.18792724609375,-78.92733764648438,-50.86924743652344,-87.66674041748047,108.25556945800781,43.30222702026367,43.30222702026367,-284.2098083496094
-77.08745574951172,-80.7672119140625,-97.0960922241211,-81.22718048095703,-77.54742431640625,-59.378665924072266,-57.07882308959961,-76.62748718261719,108.25556945800781,43.30222702026367,43.30222702026367,-285.857666015625
-80.9971923828125,-79.15731811523438,-99.39593505859375,-80.9971923828125,-76.85747528076172,-75.70755004882812,-77.77741241455078,-66.04821014404297,108.25556945800781,43.30222702026367,43.30222702026367,-284.70263671875
-78.92733764648438,-89.27662658691406,-69.95794677734375,-103.99562072753906,-81.91712951660156,-88.58667755126953,-60.06861877441406,-77.77741241455078,108.25556945800781,43.30222702026367,43.30222702026367,-284.9952392578125
-77.77741241455078,-75.2475814819336,-81.68714904785156,-86.9767837524414,-101.6957778930664,-83.29703521728516,-82.3770980834961,-69.03800964355469,108.25556945800781,43.30222702026367,43.30222702026367,-286.4275207519531
-77.31744384765625,-89.27662658691406,-90.42655181884766,-74.09766387939453,-94.3362808227539,-86.7468032836914,-81.91712951660156,-75.47756958007812,108.25556945800781,43.30222702026367,43.30222702026367,-286.4891052246094
-93.18636322021484,-109.05528259277344,-91.80645751953125,-93.87631225585938,-87.20677185058594,-86.9767837524414,-76.39750671386719,-91.57646942138672,108.25556945800781,43.30222702026367,43.30222702026367,-285.9192810058594
-93.18636322021484,-90.88652038574219,-83.75700378417969,-104.91556549072266,-75.0176010131836,-86.05684661865234,-74.55763244628906,-69.95794677734375,108.25556945800781,43.30222702026367,43.30222702026367,-285.90386962890625
-68.34805297851562,-80.30724334716797,-57.53879165649414,-77.08745574951172,-73.6376953125,-74.09766387939453,-89.5066146850586,-86.51681518554688,108.25556945800781,43.30222702026367,43.30222702026367,-285.3802490234375
-59.378665924072266,-74.09766387939453,-56.61885452270508,-70.41791534423828,-68.34805297851562,-63.51838302612305,-65.58824157714844,-77.08745574951172,108.25556945800781,43.30222702026367,43.30222702026367,-285.61126708984375
-88.81665802001953,-65.35826110839844,-68.34805297851562,-78.46736145019531,-55.238948822021484,-75.0176010131836,-47.18949508666992,-69.26799011230469,108.25556945800781,43.30222702026367,43.30222702026367,-285.2108459472656
-70.41791534423828,-66.96814727783203,-79.3873062133789,-73.6376953125,-66.5081787109375,-63.74836730957031,-40.51995086669922,-63.51838302612305,108.25556945800781,43.30222702026367,43.30222702026367,-285.22625732421875
-85.82686614990234,-63.74836730957031,-62.13847732543945,-74.55763244628906,-45.57960510253906,-74.55763244628906,-50.86924743652344,-63.97835159301758,108.25556945800781,43.30222702026367,43.30222702026367,-284.4100036621094
-69.72795867919922,-60.528587341308594,-72.4877700805664,-66.96814727783203,-63.28839874267578,-57.99876022338867,-63.058414459228516,-53.39907455444336,108.25556945800781,43.30222702026367,43.30222702026367,-285.7652893066406
-73.17772674560547,-59.60865020751953,-81.91712951660156,-63.97835159301758,-60.06861877441406,-66.73816680908203,-39.82999801635742,-80.53722381591797,108.25556945800781,43.30222702026367,43.30222702026367,-283.5475769042969
-68.34805297851562,-79.15731811523438,-55.92890167236328,-79.84727478027344,-49.949310302734375,-62.598445892333984,-61.90849304199219,-56.61885452270508,108.25556945800781,43.30222702026367,43.30222702026367,-285.0260314941406
-76.16751861572266,-63.74836730957031,-57.99876022338867,-79.84727478027344,-74.78761291503906,-66.96814727783203,-52.019168853759766,-71.79782104492188,108.25556945800781,43.30222702026367,43.30222702026367,-284.8258361816406
-80.30724334716797,-78.23738098144531,-74.55763244628906,-84.90692901611328,-59.378665924072266,-88.356689453125,-57.53879165649414,-73.17772674560547,108.25556945800781,43.30222702026367,43.30222702026367,-284.90283203125
-64.66830444335938,-83.75700378417969,-79.84727478027344,-101.6957778930664,-67.19813537597656,-75.93753814697266,-57.308807373046875,-95.25621795654297,108.25556945800781,43.30222702026367,43.30222702026367,-285.98089599609375
-68.34805297851562,-98.47599792480469,-76.39750671386719,-87.66674041748047,-79.15731811523438,-78.00739288330078,-70.18792724609375,-80.30724334716797,108.25556945800781,43.30222702026367,43.30222702026367,-284.6872253417969
-90.88652038574219,-75.47756958007812,-83.52702331542969,-97.78604888916016,-70.87788391113281,-102.845703125,-69.72795867919922,-85.36689758300781,108.25556945800781,43.30222702026367,43.30222702026367,-285.7344665527344
-84.90692901611328,-94.56626892089844,-70.64789581298828,-106.98542022705078,-79.3873062133789,-85.59687805175781,-80.53722381591797,-76.62748718261719,108.25556945800781,43.30222702026367,43.30222702026367,-285.84228515625
-93.64633178710938,-81.91712951660156,-97.55606079101562,-79.6172866821289,-83.29703521728516,-91.11650085449219,-63.28839874267578,-104.91556549072266,108.25556945800781,43.30222702026367,43.30222702026367,-284.8874206542969
-88.58667755126953,-86.51681518554688,-100.77584075927734,-92.49640655517578,-85.36689758300781,-84.21697235107422,-62.82843017578125,-85.13690948486328,108.25556945800781,43.30222702026367,43.30222702026367,-285.04144287109375
-96.8661117553711,-72.71775817871094,-73.40770721435547,-87.20677185058594,-67.6581039428711,-77.08745574951172,-73.6376953125,-83.29703521728516,108.25556945800781,43.30222702026367,43.30222702026367,-285.51885986328125
-76.39750671386719,-88.356689453125,-64.8982925415039,-68.80802154541016,-75.93753814697266,-74.78761291503906,-86.7468032836914,-74.55763244628906,108.25556945800781,43.30222702026367,43.30222702026367,-285.7344665527344
-63.058414459228516,-82.83706665039062,-71.56783294677734,-79.15731811523438,-61.67850875854492,-70.64789581298828,-54.54899597167969,-77.54742431640625,108.25556945800781,43.30222702026367,43.30222702026367,-284.2713928222656
-82.3770980834961,-68.34805297851562,-75.2475814819336,-59.8386344909668,-60.528587341308594,-71.56783294677734,-51.559200286865234,-74.32764434814453,108.25556945800781,43.30222702026367,43.30222702026367,-284.0249938964844
-75.47756958007812,-55.698917388916016,-78.46736145019531,-67.19813537597656,-62.13847732543945,-60.988555908203125,-55.46893310546875,-63.058414459228516,108.25556945800781,43.30222702026367,43.30222702026367,-285.3956604003906
-65.58824157714844,-64.43832397460938,-65.1282730102539,-78.23738098144531,-49.48933792114258,-75.70755004882812,-43.9697151184082,-61.90849304199219,108.25556945800781,43.30222702026367,43.30222702026367,-284.76422119140625
-66.5081787109375,-67.8880844116211,-81.91712951660156,-64.8982925415039,-61.21854019165039,-40.749935150146484,-47.87944793701172,-64.43832397460938,108.25556945800781,43.30222702026367,43.30222702026367,-284.37921142578125
-54.089027404785156,-59.60865020751953,-65.58824157714844,-72.4877700805664,-78.92733764648438,-63.058414459228516,-58.68871307373047,-46.039573669433594,108.25556945800781,43.30222702026367,43.30222702026367,-285.7498779296875
-64.43832397460938,-72.02780151367188,-46.72952651977539,-78.00739288330078,-66.73816680908203,-72.94773864746094,-42.819793701171875,-69.95794677734375,108.25556945800781,43.30222702026367,43.30222702026367,-284.47161865234375
-74.09766387939453,-83.75700378417969,-59.8386344909668,-92.03643798828125,-60.75857162475586,-70.41791534423828,-66.73816680908203,-57.07882308959961,108.25556945800781,43.30222702026367,43.30222702026367,-285.24163818359375
-78.46736145019531,-88.58667755126953,-65.81822967529297,-97.55606079101562,-65.35826110839844,-71.79782104492188,-63.51838302612305,-84.67694091796875,108.25556945800781,43.30222702026367,43.30222702026367,-284.2560119628906
-65.58824157714844,-77.54742431640625,-78.92733764648438,-72.71775817871094,-72.71775817871094,-80.07725524902344,-59.378665924072266,-76.85747528076172,108.25556945800781,43.30222702026367,43.30222702026367,-285.287841796875
-80.7672119140625,-72.02780151367188,-77.54742431640625,-71.79782104492188,-83.06705474853516,-86.7468032836914,-80.9971923828125,-89.96658325195312,108.25556945800781,43.30222702026367,43.30222702026367,-285.0106506347656
-88.81665802001953,-95.02623748779297,-93.41634368896484,-93.87631225585938,-69.03800964355469,-80.9971923828125,-62.82843017578125,-93.87631225585938,108.25556945800781,43.30222702026367,43.30222702026367,-284.8258361816406
-69.95794677734375,-89.04664611816406,-83.52702331542969,-108.8252944946289,-75.0176010131836,-80.53722381591797,-56.38887023925781,-89.7365951538086,108.25556945800781,43.30222702026367,43.30222702026367,-284.74884033203125
-80.7672119140625,-105.83550262451172,-85.13690948486328,-95.02623748779297,-66.5081787109375,-79.3873062133789,-76.16751861572266,-92.03643798828125,108.25556945800781,43.30222702026367,43.30222702026367,-284.57940673828125
-70.87788391113281,-73.40770721435547,-82.60708618164062,-90.65653228759766,-93.87631225585938,-73.17772674560547,-70.41791534423828,-72.94773864746094,108.25556945800781,43.30222702026367,43.30222702026367,-285.0106506347656
-86.9767837524414,-83.29703521728516,-83.98699188232422,-67.8880844116211,-75.47756958007812,-78.92733764648438,-74.55763244628906,-63.74836730957031,108.25556945800781,43.30222702026367,43.30222702026367,-285.1030578613281
-69.26799011230469,-95.94617462158203,-64.43832397460938,-79.3873062133789,-74.09766387939453,-56.61885452270508,-78.92733764648438,-71.56783294677734,108.25556945800781,43.30222702026367,43.30222702026367,-285.33404541015625
-67.8880844116211,-76.39750671386719,-76.16751861572266,-62.36846160888672,-66.73816680908203,-69.26799011230469,-65.35826110839844,-71.10786437988281,108.25556945800781,43.30222702026367,43.30222702026367,-285.3648681640625
-72.02780151367188,-84.21697235107422,-56.38887023925781,-72.02780151367188,-58.918697357177734,-82.83706665039062,-52.24915313720703,-68.57804107666016,108.25556945800781,43.30222702026367,43.30222702026367,-285.3494567871094
-68.34805297851562,-76.85747528076172,-52.93910598754883,-84.21697235107422,-56.15888595581055,-59.60865020751953,-53.39907455444336,-67.19813537597656,108.25556945800781,43.30222702026367,43.30222702026367,-284.1636047363281
-85.36689758300781,-63.74836730957031,-66.96814727783203,-75.2475814819336,-46.499542236328125,-75.0176010131836,-47.87944793701172,-67.19813537597656,108.25556945800781,43.30222702026367,43.30222702026367,-284.19439697265625
-72.71775817871094,-56.61885452270508,-72.71775817871094,-69.95794677734375,-64.66830444335938,-46.959510803222656,-71.56783294677734,-61.448524475097656,108.25556945800781,43.30222702026367,43.30222702026367,-283.5937805175781
-59.8386344909668,-69.95794677734375,-70.87788391113281,-66.96814727783203,-69.72795867919922,-55.46893310546875,-54.089027404785156,-73.17772674560547,108.25556945800781,43.30222702026367,43.30222702026367,-284.47161865234375
-52.019168853759766,-82.60708618164062,-69.03800964355469,-78.46736145019531,-67.6581039428711,-69.26799011230469,-53.85904312133789,-69.03800964355469,108.25556945800781,43.30222702026367,43.30222702026367,-284.1789855957031
-90.88652038574219,-66.73816680908203,-75.2475814819336,-84.90692901611328,-55.46893310546875,-86.9767837524414,-56.848838806152344,-74.09766387939453,108.25556945800781,43.30222702026367,43.30222702026367,-284.8104248046875
-66.5081787109375,-94.1063003540039,-70.41791534423828,-80.07725524902344,-66.04821014404297,-90.65653228759766,-69.03800964355469,-86.51681518554688,108.25556945800781,43.30222702026367,43.30222702026367,-285.657470703125
-66.73816680908203,-91.34648895263672,-81.68714904785156,-88.81665802001953,-76.39750671386719,-85.82686614990234,-59.8386344909668,-80.9971923828125,108.25556945800781,43.30222702026367,43.30222702026367,-285.2724609375
-69.03800964355469,-95.4862060546875,-81.45716094970703,-92.26642608642578,-81.68714904785156,-82.83706665039062,-62.82843017578125,-83.52702331542969,108.25556945800781,43.30222702026367,43.30222702026367,-285.3802490234375
-89.5066146850586,-94.3362808227539,-71.33785247802734,-83.75700378417969,-83.29703521728516,-89.5066146850586,-82.1471176147461,-72.71775817871094,108.25556945800781,43.30222702026367,43.30222702026367,-285.2570495605469
-101.23580932617188,-84.21697235107422,-85.36689758300781,-86.7468032836914,-76.39750671386719,-89.04664611816406,-77.08745574951172,-90.19656372070312,108.25556945800781,43.30222702026367,43.30222702026367,-285.7344665527344
-88.356689453125,-78.69734954833984,-86.51681518554688,-96.63612365722656,-70.41791534423828,-98.93596649169922,-67.8880844116211,-88.356689453125,108.25556945800781,43.30222702026367,43.30222702026367,-285.3494567871094
-102.38573455810547,-79.3873062133789,-81.22718048095703,-93.18636322021484,-64.43832397460938,-88.356689453125,-68.34805297851562,-83.75700378417969,108.25556945800781,43.30222702026367,43.30222702026367,-285.6728820800781
-71.33785247802734,-86.05684661865234,-65.1282730102539,-94.79624938964844,-79.3873062133789,-80.07725524902344,-71.79782104492188,-65.35826110839844,108.25556945800781,43.30222702026367,43.30222702026367,-285.33404541015625
-90.65653228759766,-70.87788391113281,-70.41791534423828,-76.39750671386719,-55.238948822021484,-85.82686614990234,-67.42811584472656,-80.53722381591797,108.25556945800781,43.30222702026367,43.30222702026367,-285.04144287109375
-70.41791534423828,-75.47756958007812,-63.28839874267578,-72.71775817871094,-68.11807250976562,-68.57804107666016,-61.21854019165039,-64.20833587646484,108.25556945800781,43.30222702026367,43.30222702026367,-284.8412170410156
-73.6376953125,-87.89672088623047,-65.1282730102539,-72.4877700805664,-43.50974655151367,-57.07882308959961,-53.85904312133789,-70.41791534423828,108.25556945800781,43.30222702026367,43.30222702026367,-283.33197021484375
-65.58824157714844,-65.1282730102539,-69.26799011230469,-75.0176010131836,-49.71932601928711,-72.94773864746094,-42.359825134277344,-67.19813537597656,108.25556945800781,43.30222702026367,43.30222702026367,-284.1636047363281
-70.18792724609375,-64.8982925415039,-73.17772674560547,-60.29860305786133,-61.90849304199219,-66.04821014404297,-41.89985656738281,-78.23738098144531,108.25556945800781,43.30222702026367,43.30222702026367,-283.947998046875
-53.169090270996094,-83.98699188232422,-57.07882308959961,-71.56783294677734,-69.26799011230469,-51.32921600341797,-66.96814727783203,-52.019168853759766,108.25556945800781,43.30222702026367,43.30222702026367,-285.7652893066406
-60.75857162475586,-72.94773864746094,-51.0992317199707,-71.33785247802734,-66.2781982421875,-66.2781982421875,-71.79782104492188,-60.29860305786133,108.25556945800781,43.30222702026367,43.30222702026367,-284.6256103515625
-88.81665802001953,-66.04821014404297,-69.26799011230469,-80.07725524902344,-52.24915313720703,-84.67694091796875,-53.169090270996094,-73.17772674560547,108.25556945800781,43.30222702026367,43.30222702026367,-284.70263671875
-60.988555908203125,-92.72639465332031,-66.73816680908203,-78.69734954833984,-76.16751861572266,-61.448524475097656,-77.77741241455078,-73.6376953125,108.25556945800781,43.30222702026367,43.30222702026367,-284.6102294921875
-69.26799011230469,-82.60708618164062,-82.83706665039062,-99.62592315673828,-66.2781982421875,-76.85747528076172,-54.089027404785156,-95.25621795654297,108.25556945800781,43.30222702026367,43.30222702026367,-284.6102294921875
-81.91712951660156,-86.51681518554688,-80.53722381591797,-92.49640655517578,-86.28683471679688,-74.09766387939453,-79.3873062133789,-69.49797821044922,108.25556945800781,43.30222702026367,43.30222702026367,-286.55072021484375
-64.8982925415039,-99.39593505859375,-76.85747528076172,-90.65653228759766,-75.93753814697266,-94.1063003540039,-64.43832397460938,-84.90692901611328,108.25556945800781,43.30222702026367,43.30222702026367,-285.457275390625
-89.7365951538086,-70.64789581298828,-98.47599792480469,-84.90692901611328,-81.91712951660156,-86.7468032836914,-73.17772674560547,-90.65653228759766,108.25556945800781,43.30222702026367,43.30222702026367,-286.6277160644531
-83.29703521728516,-93.18636322021484,-71.56783294677734,-85.13690948486328,-86.28683471679688,-89.27662658691406,-78.92733764648438,-70.18792724609375,108.25556945800781,43.30222702026367,43.30222702026367,-285.4880676269531
-80.30724334716797,-96.63612365722656,-75.0176010131836,-88.356689453125,-86.7468032836914,-68.34805297851562,-80.9971923828125,-85.36689758300781,108.25556945800781,43.30222702026367,43.30222702026367,-285.5650634765625
-85.13690948486328,-90.65653228759766,-60.988555908203125,-76.85747528076172,-73.6376953125,-83.98699188232422,-79.3873062133789,-69.26799011230469,108.25556945800781,43.30222702026367,43.30222702026367,-285.8730773925781
-64.66830444335938,-67.6581039428711,-70.64789581298828,-66.96814727783203,-73.6376953125,-77.54742431640625,-76.39750671386719,-95.4862060546875,108.25556945800781,43.30222702026367,43.30222702026367,-284.2713928222656
-68.80802154541016,-79.3873062133789,-76.85747528076172,-68.57804107666016,-78.69734954833984,-57.308807373046875,-60.528587341308594,-79.6172866821289,108.25556945800781,43.30222702026367,43.30222702026367,-285.0722351074219
-61.67850875854492,-90.19656372070312,-61.21854019165039,-72.94773864746094,-66.2781982421875,-55.92890167236328,-70.87788391113281,-58.918697357177734,108.25556945800781,43.30222702026367,43.30222702026367,-285.9192810058594
-83.52702331542969,-66.73816680908203,-66.5081787109375,-71.33785247802734,-54.089027404785156,-58.22874450683594,-55.92890167236328,-72.4877700805664,108.25556945800781,43.30222702026367,43.30222702026367,-284.6102294921875
-64.8982925415039,-83.52702331542969,-55.00896453857422,-70.41791534423828,-44.429683685302734,-65.81822967529297,-59.60865020751953,-73.17772674560547,108.25556945800781,43.30222702026367,43.30222702026367,-285.287841796875
-61.67850875854492,-73.40770721435547,-58.22874450683594,-71.10786437988281,-68.11807250976562,-46.72952651977539,-65.81822967529297,-50.17929458618164,108.25556945800781,43.30222702026367,43.30222702026367,-285.7806701660156
-57.768775939941406,-74.09766387939453,-77.31744384765625,-57.07882308959961,-64.43832397460938,-63.97835159301758,-60.06861877441406,-50.86924743652344,108.25556945800781,43.30222702026367,43.30222702026367,-284.48699951171875
-66.2781982421875,-53.85904312133789,-49.25935363769531,-69.49797821044922,-48.109432220458984,-49.25935363769531,-54.089027404785156,-55.92890167236328,108.25556945800781,43.30222702026367,43.30222702026367,-283.2703552246094
-61.21854019165039,-77.31744384765625,-78.23738098144531,-66.2781982421875,-85.82686614990234,-63.97835159301758,-63.28839874267578,-77.77741241455078,108.25556945800781,43.30222702026367,43.30222702026367,-284.8874206542969
-77.54742431640625,-66.2781982421875,-93.64633178710938,-72.4877700805664,-73.86767578125,-82.83706665039062,-51.32921600341797,-91.11650085449219,108.25556945800781,43.30222702026367,43.30222702026367,-284.4100036621094
-61.67850875854492,-93.18636322021484,-86.05684661865234,-94.56626892089844,-61.67850875854492,-83.06705474853516,-74.09766387939453,-89.27662658691406,108.25556945800781,43.30222702026367,43.30222702026367,-285.8114929199219
-91.34648895263672,-75.93753814697266,-68.11807250976562,-86.7468032836914,-80.30724334716797,-87.20677185058594,-61.448524475097656,-83.06705474853516,108.25556945800781,43.30222702026367,43.30222702026367,-285.3802490234375
-69.26799011230469,-101.4657974243164,-82.3770980834961,-95.02623748779297,-66.04821014404297,-93.41634368896484,-80.9971923828125,-91.11650085449219,108.25556945800781,43.30222702026367,43.30222702026367,-286.412109375
-83.52702331542969,-69.72795867919922,-73.86767578125,-89.7365951538086,-80.7672119140625,-98.70598602294922,-77.54742431640625,-90.65653228759766,108.25556945800781,43.30222702026367,43.30222702026367,-286.2889099121094
-76.85747528076172,-102.845703125,-75.70755004882812,-90.42655181884766,-87.43675231933594,-66.04821014404297,-92.49640655517578,-81.45716094970703,108.25556945800781,43.30222702026367,43.30222702026367,-285.41107177734375
-86.05684661865234,-89.5066146850586,-78.23738098144531,-104.68557739257812,-67.8880844116211,-79.15731811523438,-75.47756958007812,-89.27662658691406,108.25556945800781,43.30222702026367,43.30222702026367,-284.6102294921875
-85.36689758300781,-73.6376953125,-85.36689758300781,-79.3873062133789,-74.55763244628906,-78.23738098144531,-56.38887023925781,-89.04664611816406,108.25556945800781,43.30222702026367,43.30222702026367,-284.8258361816406
-83.52702331542969,-69.49797821044922,-91.57646942138672,-75.93753814697266,-73.17772674560547,-71.79782104492188,-56.61885452270508,-71.56783294677734,108.25556945800781,43.30222702026367,43.30222702026367,-285.8730773925781
-83.06705474853516,-65.81822967529297,-68.80802154541016,-67.8880844116211,-80.53722381591797,-64.8982925415039,-65.1282730102539,-52.4791374206543,108.25556945800781,43.30222702026367,43.30222702026367,-284.08660888671875
-93.41634368896484,-65.81822967529297,-66.73816680908203,-78.46736145019531,-50.17929458618164,-78.00739288330078,-48.79938507080078,-68.57804107666016,108.25556945800781,43.30222702026367,43.30222702026367,-284.1789855957031
-70.87788391113281,-77.77741241455078,-56.15888595581055,-88.126708984375,-52.24915313720703,-61.90849304199219,-59.60865020751953,-52.019168853759766,108.25556945800781,43.30222702026367,43.30222702026367,-284.4562072753906
-59.8386344909668,-76.16751861572266,-75.93753814697266,-59.148681640625,-80.07725524902344,-53.85904312133789,-51.0992317199707,-62.598445892333984,108.25556945800781,43.30222702026367,43.30222702026367,-284.94903564453125
-54.31901168823242,-70.41791534423828,-63.97835159301758,-88.126708984375,-55.92890167236328,-63.97835159301758,-41.89985656738281,-78.92733764648438,108.25556945800781,43.30222702026367,43.30222702026367,-285.5650634765625
-67.8880844116211,-77.08745574951172,-58.68871307373047,-83.06705474853516,-52.4791374206543,-66.96814727783203,-64.20833587646484,-54.54899597167969,108.25556945800781,43.30222702026367,43.30222702026367,-284.94903564453125
-56.38887023925781,-69.95794677734375,-73.40770721435547,-60.75857162475586,-80.30724334716797,-66.73816680908203,-59.8386344909668,-72.94773864746094,108.25556945800781,43.30222702026367,43.30222702026367,-285.0568542480469
-64.66830444335938,-77.08745574951172,-81.91712951660156,-70.18792724609375,-69.72795867919922,-77.08745574951172,-72.71775817871094,-57.99876022338867,108.25556945800781,43.30222702026367,43.30222702026367,-284.76422119140625
-92.72639465332031,-74.78761291503906,-75.2475814819336,-88.126708984375,-61.67850875854492,-76.62748718261719,-67.42811584472656,-80.53722381591797,108.25556945800781,43.30222702026367,43.30222702026367,-285.1954345703125
-67.19813537597656,-84.90692901611328,-84.21697235107422,-69.49797821044922,-94.1063003540039,-78.23738098144531,-76.39750671386719,-87.43675231933594,108.25556945800781,43.30222702026367,43.30222702026367,-286.1502990722656
-69.49797821044922,-84.90692901611328,-89.04664611816406,-73.40770721435547,-90.19656372070312,-85.13690948486328,-77.31744384765625,-76.62748718261719,108.25556945800781,43.30222702026367,43.30222702026367,-285.7190856933594
-67.42811584472656,-83.06705474853516,-84.44696044921875,-89.96658325195312,-96.63612365722656,-89.5066146850586,-85.13690948486328,-87.20677185058594,108.25556945800781,43.30222702026367,43.30222702026367,-285.7190856933594
-105.14554595947266,-96.40614318847656,-91.57646942138672,-98.47599792480469,-73.17772674560547,-83.98699188232422,-66.73816680908203,-72.2577896118164,108.25556945800781,43.30222702026367,43.30222702026367,-285.1184387207031
-79.15731811523438,-78.23738098144531,-89.04664611816406,-93.87631225585938,-84.21697235107422,-102.61571502685547,-80.07725524902344,-95.02623748779297,108.25556945800781,43.30222702026367,43.30222702026367,-285.04144287109375
-81.45716094970703,-101.92576599121094,-83.98699188232422,-95.25621795654297,-93.18636322021484,-84.21697235107422,-82.3770980834961,-101.4657974243164,108.25556945800781,43.30222702026367,43.30222702026367,-285.61126708984375
-61.67850875854492,-78.00739288330078,-58.68871307373047,-68.57804107666016,-70.87788391113281,-60.06861877441406,-49.949310302734375,-75.47756958007812,108.25556945800781,43.30222702026367,43.30222702026367,-285.2108459472656
-74.78761291503906,-95.7161865234375,-74.32764434814453,-83.06705474853516,-69.26799011230469,-55.46893310546875,-59.8386344909668,-54.54899597167969,108.25556945800781,43.30222702026367,43.30222702026367,-285.1030578613281
-79.3873062133789,-58.22874450683594,-55.00896453857422,-69.03800964355469,-59.8386344909668,-79.84727478027344,-63.28839874267578,-76.39750671386719,108.25556945800781,43.30222702026367,43.30222702026367,-283.8401794433594
-77.54742431640625,-61.90849304199219,-64.8982925415039,-55.00896453857422,-69.03800964355469,-69.03800964355469,-61.448524475097656,-79.3873062133789,108.25556945800781,43.30222702026367,43.30222702026367,-283.76318359375
-57.99876022338867,-88.126708984375,-59.148681640625,-69.72795867919922,-58.22874450683594,-54.089027404785156,-49.949310302734375,-65.58824157714844,108.25556945800781,43.30222702026367,43.30222702026367,-283.6861877441406
-84.44696044921875,-77.08745574951172,-74.78761291503906,-57.53879165649414,-44.19969940185547,-59.8386344909668,-53.629058837890625,-80.7672119140625,108.25556945800781,43.30222702026367,43.30222702026367,-285.5342712402344
-55.698917388916016,-79.84727478027344,-51.7891845703125,-69.95794677734375,-62.36846160888672,-51.32921600341797,-40.749935150146484,-65.1282730102539,108.25556945800781,43.30222702026367,43.30222702026367,-284.7950439453125
-79.15731811523438,-60.528587341308594,-66.2781982421875,-71.56783294677734,-69.26799011230469,-59.378665924072266,-53.85904312133789,-70.18792724609375,108.25556945800781,43.30222702026367,43.30222702026367,-284.70263671875
-69.26799011230469,-80.9971923828125,-64.8982925415039,-86.28683471679688,-56.848838806152344,-66.96814727783203,-60.988555908203125,-60.06861877441406,108.25556945800781,43.30222702026367,43.30222702026367,-285.4880676269531
-76.39750671386719,-86.51681518554688,-59.8386344909668,-94.1063003540039,-67.6581039428711,-73.86767578125,-67.42811584472656,-74.32764434814453,108.25556945800781,43.30222702026367,43.30222702026367,-284.74884033203125
-74.55763244628906,-98.70598602294922,-71.56783294677734,-83.75700378417969,-60.06861877441406,-81.22718048095703,-72.4877700805664,-87.20677185058594,108.25556945800781,43.30222702026367,43.30222702026367,-284.2560119628906
-82.60708618164062,-74.78761291503906,-99.16595458984375,-81.45716094970703,-79.6172866821289,-77.31744384765625,-76.16751861572266,-75.0176010131836,108.25556945800781,43.30222702026367,43.30222702026367,-286.4737243652344
-75.93753814697266,-90.42655181884766,-94.3362808227539,-78.46736145019531,-96.8661117553711,-74.55763244628906,-72.71775817871094,-88.58667755126953,108.25556945800781,43.30222702026367,43.30222702026367,-285.8268737792969
-77.31744384765625,-90.88652038574219,-91.11650085449219,-79.6172866821289,-76.62748718261719,-87.20677185058594,-83.52702331542969,-86.9767837524414,108.25556945800781,43.30222702026367,43.30222702026367,-287.0589294433594
-97.55606079101562,-82.60708618164062,-82.83706665039062,-94.1063003540039,-74.55763244628906,-83.52702331542969,-78.00739288330078,-89.96658325195312,108.25556945800781,43.30222702026367,43.30222702026367,-286.0116882324219
-81.22718048095703,-94.3362808227539,-70.41791534423828,-106.98542022705078,-73.40770721435547,-80.53722381591797,-80.53722381591797,-70.64789581298828,108.25556945800781,43.30222702026367,43.30222702026367,-286.4275207519531
-82.60708618164062,-90.42655181884766,-68.34805297851562,-95.4862060546875,-74.55763244628906,-76.62748718261719,-68.34805297851562,-73.86767578125,108.25556945800781,43.30222702026367,43.30222702026367,-285.22625732421875
-70.87788391113281,-98.24601745605469,-66.96814727783203,-78.92733764648438,-75.70755004882812,-64.66830444335938,-59.60865020751953,-79.6172866821289,108.25556945800781,43.30222702026367,43.30222702026367,-285.42645263671875
-91.80645751953125,-72.4877700805664,-73.6376953125,-61.448524475097656,-81.91712951660156,-70.18792724609375,-64.8982925415039,-65.81822967529297,108.25556945800781,43.30222702026367,43.30222702026367,-285.1646423339844
-74.09766387939453,-70.64789581298828,-69.03800964355469,-75.93753814697266,-60.06861877441406,-70.64789581298828,-53.39907455444336,-66.2781982421875,108.25556945800781,43.30222702026367,43.30222702026367,-284.2251892089844
-74.32764434814453,-78.92733764648438,-56.848838806152344,-82.83706665039062,-63.058414459228516,-69.95794677734375,-36.6102180480957,-69.03800964355469,108.25556945800781,43.30222702026367,43.30222702026367,-283.5937805175781
-86.05684661865234,-65.58824157714844,-65.1282730102539,-69.49797821044922,-60.988555908203125,-52.4791374206543,-53.39907455444336,-70.41791534423828,108.25556945800781,43.30222702026367,43.30222702026367,-284.28680419921875
-57.07882308959961,-84.90692901611328,-53.39907455444336,-69.95794677734375,-68.57804107666016,-51.0992317199707,-67.42811584472656,-57.308807373046875,108.25556945800781,43.30222702026367,43.30222702026367,-284.2406005859375
-71.79782104492188,-58.68871307373047,-65.58824157714844,-76.62748718261719,-51.559200286865234,-77.54742431640625,-42.58980941772461,-64.43832397460938,108.25556945800781,43.30222702026367,43.30222702026367,-283.8709716796875
-76.85747528076172,-72.4877700805664,-73.40770721435547,-74.32764434814453,-57.53879165649414,-61.448524475097656,-57.99876022338867,-73.86767578125,108.25556945800781,43.30222702026367,43.30222702026367,-284.48699951171875
-78.23738098144531,-62.82843017578125,-69.03800964355469,-78.69734954833984,-74.78761291503906,-56.848838806152344,-61.90849304199219,-75.2475814819336,108.25556945800781,43.30222702026367,43.30222702026367,-285.04144287109375
-75.70755004882812,-86.7468032836914,-63.058414459228516,-71.79782104492188,-76.62748718261719,-84.67694091796875,-80.07725524902344,-67.42811584472656,108.25556945800781,43.30222702026367,43.30222702026367,-285.6728820800781
-78.00739288330078,-84.67694091796875,-79.15731811523438,-94.56626892089844,-81.68714904785156,-78.00739288330078,-77.77741241455078,-84.21697235107422,108.25556945800781,43.30222702026367,43.30222702026367,-285.1492614746094
-68.34805297851562,-84.67694091796875,-84.44696044921875,-102.845703125,-73.40770721435547,-83.75700378417969,-55.92890167236328,-96.63612365722656,108.25556945800781,43.30222702026367,43.30222702026367,-284.9182434082031
-77.08745574951172,-87.20677185058594,-68.80802154541016,-83.98699188232422,-83.75700378417969,-88.81665802001953,-92.03643798828125,-83.06705474853516,108.25556945800781,43.30222702026367,43.30222702026367,-285.3494567871094
-85.36689758300781,-93.18636322021484,-84.21697235107422,-76.39750671386719,-80.30724334716797,-65.81822967529297,-70.18792724609375,-88.58667755126953,108.25556945800781,43.30222702026367,43.30222702026367,-286.3351135253906
-89.04664611816406,-83.98699188232422,-87.43675231933594,-92.26642608642578,-83.29703521728516,-86.7468032836914,-72.94773864746094,-79.84727478027344,108.25556945800781,43.30222702026367,43.30222702026367,-285.9192810058594
-96.63612365722656,-91.11650085449219,-92.72639465332031,-72.4877700805664,-75.0176010131836,-81.22718048095703,-78.92733764648438,-77.08745574951172,108.25556945800781,43.30222702026367,43.30222702026367,-285.2570495605469
-83.98699188232422,-86.9767837524414,-78.46736145019531,-84.44696044921875,-67.19813537597656,-74.32764434814453,-72.4877700805664,-79.3873062133789,108.25556945800781,43.30222702026367,43.30222702026367,-286.027099609375
-78.23738098144531,-64.43832397460938,-80.07725524902344,-87.66674041748047,-76.16751861572266,-80.30724334716797,-51.7891845703125,-71.79782104492188,108.25556945800781,43.30222702026367,43.30222702026367,-285.9654846191406
-67.42811584472656,-78.92733764648438,-78.00739288330078,-63.51838302612305,-83.06705474853516,-65.58824157714844,-59.8386344909668,-64.8982925415039,108.25556945800781,43.30222702026367,43.30222702026367,-285.79608154296875
-65.81822967529297,-76.39750671386719,-73.40770721435547,-64.20833587646484,-64.43832397460938,-63.74836730957031,-60.06861877441406,-66.5081787109375,108.25556945800781,43.30222702026367,43.30222702026367,-285.1492614746094
-90.19656372070312,-61.448524475097656,-65.58824157714844,-76.62748718261719,-50.63926315307617,-66.5081787109375,-56.38887023925781,-71.10786437988281,108.25556945800781,43.30222702026367,43.30222702026367,-284.28680419921875
-71.10786437988281,-57.53879165649414,-63.74836730957031,-76.62748718261719,-47.87944793701172,-74.55763244628906,-53.85904312133789,-65.35826110839844,108.25556945800781,43.30222702026367,43.30222702026367,-284.6102294921875
-69.03800964355469,-62.36846160888672,-50.17929458618164,-69.49797821044922,-58.4587287902832,-76.16751861572266,-55.46893310546875,-70.18792724609375,108.25556945800781,43.30222702026367,43.30222702026367,-284.90283203125
-83.06705474853516,-65.35826110839844,-66.2781982421875,-73.17772674560547,-46.72952651977539,-67.42811584472656,-52.019168853759766,-66.2781982421875,108.25556945800781,43.30222702026367,43.30222702026367,-284.3484191894531
-72.02780151367188,-79.3873062133789,-82.1471176147461,-61.21854019165039,-64.20833587646484,-60.29860305786133,-79.15731811523438,-71.10786437988281,108.25556945800781,43.30222702026367,43.30222702026367,-285.04144287109375
-63.51838302612305,-76.85747528076172,-79.3873062133789,-71.33785247802734,-80.7672119140625,-59.8386344909668,-61.448524475097656,-78.69734954833984,108.25556945800781,43.30222702026367,43.30222702026367,-285.0260314941406
-73.40770721435547,-83.75700378417969,-73.86767578125,-91.57646942138672,-68.34805297851562,-75.93753814697266,-69.49797821044922,-67.42811584472656,108.25556945800781,43.30222702026367,43.30222702026367,-286.1656799316406
-83.06705474853516,-83.52702331542969,-83.29703521728516,-86.51681518554688,-81.91712951660156,-69.03800964355469,-81.45716094970703,-68.11807250976562,108.25556945800781,43.30222702026367,43.30222702026367,-286.3813171386719
-100.08589172363281,-80.9971923828125,-79.84727478027344,-90.42655181884766,-80.9971923828125,-73.6376953125,-75.0176010131836,-92.72639465332031,108.25556945800781,43.30222702026367,43.30222702026367,-286.0578918457031
-102.845703125,-93.18636322021484,-93.18636322021484,-95.94617462158203,-75.47756958007812,-86.05684661865234,-55.92890167236328,-77.54742431640625,108.25556945800781,43.30222702026367,43.30222702026367,-286.2580871582031
-71.79782104492188,-84.44696044921875,-86.51681518554688,-99.85590362548828,-69.26799011230469,-94.3362808227539,-74.32764434814453,-82.83706665039062,108.25556945800781,43.30222702026367,43.30222702026367,-286.2580871582031
-103.76564025878906,-84.44696044921875,-84.90692901611328,-82.60708618164062,-94.79624938964844,-75.2475814819336,-76.85747528076172,-71.10786437988281,108.25556945800781,43.30222702026367,43.30222702026367,-284.85662841796875
-89.5066146850586,-88.126708984375,-83.52702331542969,-84.90692901611328,-78.23738098144531,-80.7672119140625,-73.86767578125,-86.9767837524414,108.25556945800781,43.30222702026367,43.30222702026367,-285.5958557128906
-82.3770980834961,-72.4877700805664,-79.15731811523438,-86.9767837524414,-69.26799011230469,-89.7365951538086,-59.8386344909668,-78.69734954833984,108.25556945800781,43.30222702026367,43.30222702026367,-285.1800537109375
-67.42811584472656,-79.84727478027344,-79.84727478027344,-65.58824157714844,-81.91712951660156,-65.35826110839844,-62.598445892333984,-73.17772674560547,108.25556945800781,43.30222702026367,43.30222702026367,-285.5804748535156
-91.34648895263672,-72.4877700805664,-70.41791534423828,-76.62748718261719,-59.148681640625,-62.598445892333984,-59.60865020751953,-72.4877700805664,108.25556945800781,43.30222702026367,43.30222702026367,-284.8874206542969
-70.18792724609375,-76.16751861572266,-54.54899597167969,-84.90692901611328,-55.92890167236328,-62.82843017578125,-54.089027404785156,-77.08745574951172,108.25556945800781,43.30222702026367,43.30222702026367,-283.82476806640625
-71.79782104492188,-57.53879165649414,-63.97835159301758,-70.64789581298828,-71.10786437988281,-54.089027404785156,-52.70912170410156,-69.03800964355469,108.25556945800781,43.30222702026367,43.30222702026367,-285.0722351074219
-65.58824157714844,-64.43832397460938,-83.29703521728516,-69.26799011230469,-64.8982925415039,-47.87944793701172,-60.528587341308594,-65.1282730102539,108.25556945800781,43.30222702026367,43.30222702026367,-284.8104248046875
-54.77898025512695,-84.90692901611328,-58.68871307373047,-69.95794677734375,-64.66830444335938,-50.409278869628906,-62.82843017578125,-60.75857162475586,108.25556945800781,43.30222702026367,43.30222702026367,-285.1954345703125
-70.41791534423828,-57.768775939941406,-65.81822967529297,-67.6581039428711,-65.35826110839844,-63.058414459228516,-60.988555908203125,-60.06861877441406,108.25556945800781,43.30222702026367,43.30222702026367,-285.70367431640625
-76.85747528076172,-62.82843017578125,-68.80802154541016,-83.98699188232422,-56.848838806152344,-88.126708984375,-51.559200286865234,-71.10786437988281,108.25556945800781,43.30222702026367,43.30222702026367,-284.76422119140625
-76.16751861572266,-82.1471176147461,-81.22718048095703,-69.26799011230469,-66.96814727783203,-62.598445892333984,-78.00739288330078,-71.10786437988281,108.25556945800781,43.30222702026367,43.30222702026367,-285.7344665527344
-82.60708618164062,-89.04664611816406,-66.96814727783203,-95.7161865234375,-69.03800964355469,-76.85747528076172,-69.95794677734375,-77.54742431640625,108.25556945800781,43.30222702026367,43.30222702026367,-284.57940673828125
-89.5066146850586,-79.6172866821289,-73.40770721435547,-87.43675231933594,-85.82686614990234,-71.10786437988281,-64.66830444335938,-86.05684661865234,108.25556945800781,43.30222702026367,43.30222702026367,-285.7652893066406
-65.1282730102539,-86.28683471679688,-87.89672088623047,-96.17615509033203,-76.62748718261719,-76.85747528076172,-72.71775817871094,-87.20677185058594,108.25556945800781,43.30222702026367,43.30222702026367,-286.08868408203125
-85.82686614990234,-92.03643798828125,-75.70755004882812,-97.0960922241211,-83.29703521728516,-88.58667755126953,-70.41791534423828,-86.7468032836914,108.25556945800781,43.30222702026367,43.30222702026367,-285.31866455078125
-88.126708984375,-93.41634368896484,-73.17772674560547,-96.17615509033203,-78.92733764648438,-87.20677185058594,-78.69734954833984,-82.60708618164062,108.25556945800781,43.30222702026367,43.30222702026367,-285.9346923828125
-89.5066146850586,-72.94773864746094,-94.79624938964844,-89.04664611816406,-88.126708984375,-69.72795867919922,-81.91712951660156,-91.11650085449219,108.25556945800781,43.30222702026367,43.30222702026367,-286.08868408203125
-92.03643798828125,-75.2475814819336,-78.69734954833984,-66.2781982421875,-71.10786437988281,-78.92733764648438,-64.66830444335938,-98.24601745605469,108.25556945800781,43.30222702026367,43.30222702026367,-285.24163818359375
-70.64789581298828,-83.29703521728516,-84.67694091796875,-69.72795867919922,-83.75700378417969,-63.51838302612305,-63.058414459228516,-83.98699188232422,108.25556945800781,43.30222702026367,43.30222702026367,-285.4880676269531
-62.598445892333984,-85.13690948486328,-74.78761291503906,-82.83706665039062,-49.71932601928711,-67.8880844116211,-63.28839874267578,-79.15731811523438,108.25556945800781,43.30222702026367,43.30222702026367,-285.61126708984375
-76.85747528076172,-56.848838806152344,-69.95794677734375,-76.62748718261719,-71.10786437988281,-50.409278869628906,-73.17772674560547,-69.49797821044922,108.25556945800781,43.30222702026367,43.30222702026367,-284.3946228027344
-69.95794677734375,-78.00739288330078,-50.86924743652344,-86.9767837524414,-61.21854019165039,-62.13847732543945,-53.169090270996094,-58.22874450683594,108.25556945800781,43.30222702026367,43.30222702026367,-284.28680419921875
-57.07882308959961,-75.93753814697266,-67.8880844116211,-73.40770721435547,-61.448524475097656,-56.61885452270508,-51.0992317199707,-66.73816680908203,108.25556945800781,43.30222702026367,43.30222702026367,-283.82476806640625
-73.86767578125,-65.35826110839844,-67.42811584472656,-59.8386344909668,-59.378665924072266,-70.41791534423828,-40.749935150146484,-80.9971923828125,108.25556945800781,43.30222702026367,43.30222702026367,-283.208740234375
-74.32764434814453,-63.51838302612305,-52.019168853759766,-69.03800964355469,-64.66830444335938,-65.1282730102539,-44.429683685302734,-63.51838302612305,108.25556945800781,43.30222702026367,43.30222702026367,-284.5948181152344
-68.11807250976562,-75.47756958007812,-69.49797821044922,-92.26642608642578,-68.34805297851562,-74.09766387939453,-55.46893310546875,-52.24915313720703,108.25556945800781,43.30222702026367,43.30222702026367,-284.4254150390625
-71.56783294677734,-59.378665924072266,-67.42811584472656,-79.6172866821289,-68.11807250976562,-88.356689453125,-61.21854019165039,-77.77741241455078,108.25556945800781,43.30222702026367,43.30222702026367,-285.1030578613281
-78.69734954833984,-67.19813537597656,-72.2577896118164,-86.51681518554688,-60.06861877441406,-72.2577896118164,-69.72795867919922,-83.52702331542969,108.25556945800781,43.30222702026367,43.30222702026367,-284.9336242675781
-78.46736145019531,-86.51681518554688,-72.2577896118164,-76.39750671386719,-76.16751861572266,-76.62748718261719,-77.08745574951172,-81.68714904785156,108.25556945800781,43.30222702026367,43.30222702026367,-285.6266784667969
-75.2475814819336,-98.01602935791016,-68.11807250976562,-88.126708984375,-86.28683471679688,-66.04821014404297,-89.04664611816406,-73.17772674560547,108.25556945800781,43.30222702026367,43.30222702026367,-285.7344665527344
-87.43675231933594,-97.78604888916016,-74.32764434814453,-108.5953140258789,-71.56783294677734,-83.52702331542969,-78.23738098144531,-82.83706665039062,108.25556945800781,43.30222702026367,43.30222702026367,-285.22625732421875
-82.1471176147461,-89.96658325195312,-71.79782104492188,-103.76564025878906,-79.84727478027344,-86.7468032836914,-58.22874450683594,-90.19656372070312,108.25556945800781,43.30222702026367,43.30222702026367,-284.85662841796875
-82.3770980834961,-103.99562072753906,-74.32764434814453,-87.89672088623047,-86.51681518554688,-83.75700378417969,-70.64789581298828,-86.7468032836914,108.25556945800781,43.30222702026367,43.30222702026367,-285.5342712402344
-85.82686614990234,-93.41634368896484,-91.11650085449219,-75.2475814819336,-78.92733764648438,-65.1282730102539,-77.31744384765625,-85.36689758300781,108.25556945800781,43.30222702026367,43.30222702026367,-285.90386962890625
-89.27662658691406,-70.18792724609375,-91.57646942138672,-87.20677185058594,-78.46736145019531,-63.51838302612305,-81.45716094970703,-73.86767578125,108.25556945800781,43.30222702026367,43.30222702026367,-285.13385009765625
-86.9767837524414,-80.7672119140625,-75.93753814697266,-80.53722381591797,-66.5081787109375,-77.54742431640625,-63.058414459228516,-81.91712951660156,108.25556945800781,43.30222702026367,43.30222702026367,-285.0722351074219
-78.00739288330078,-62.36846160888672,-82.1471176147461,-73.6376953125,-72.02780151367188,-66.96814727783203,-69.72795867919922,-59.60865020751953,108.25556945800781,43.30222702026367,43.30222702026367,-286.4891052246094
-64.43832397460938,-72.94773864746094,-67.42811584472656,-78.92733764648438,-63.058414459228516,-69.49797821044922,-53.169090270996094,-65.58824157714844,108.25556945800781,43.30222702026367,43.30222702026367,-284.37921142578125
-78.69734954833984,-58.22874450683594,-81.45716094970703,-68.57804107666016,-62.82843017578125,-60.988555908203125,-59.8386344909668,-57.99876022338867,108.25556945800781,43.30222702026367,43.30222702026367,-285.5496520996094
-68.80802154541016,-72.02780151367188,-50.86924743652344,-75.2475814819336,-60.528587341308594,-65.81822967529297,-53.169090270996094,-75.70755004882812,108.25556945800781,43.30222702026367,43.30222702026367,-283.4551696777344
-64.66830444335938,-71.33785247802734,-70.41791534423828,-72.02780151367188,-49.25935363769531,-61.67850875854492,-40.51995086669922,-71.10786437988281,108.25556945800781,43.30222702026367,43.30222702026367,-283.4089660644531
-69.26799011230469,-66.5081787109375,-55.92890167236328,-75.70755004882812,-71.10786437988281,-57.07882308959961,-45.80958938598633,-63.058414459228516,108.25556945800781,43.30222702026367,43.30222702026367,-284.9336242675781
-66.73816680908203,-76.39750671386719,-66.04821014404297,-65.81822967529297,-68.80802154541016,-66.04821014404297,-58.22874450683594,-64.8982925415039,108.25556945800781,43.30222702026367,43.30222702026367,-284.9336242675781
-80.53722381591797,-74.09766387939453,-71.56783294677734,-75.0176010131836,-75.47756958007812,-65.81822967529297,-64.20833587646484,-79.3873062133789,108.25556945800781,43.30222702026367,43.30222702026367,-284.8412170410156
-74.78761291503906,-86.51681518554688,-61.67850875854492,-99.16595458984375,-69.26799011230469,-79.15731811523438,-72.2577896118164,-67.6581039428711,108.25556945800781,43.30222702026367,43.30222702026367,-285.24163818359375
-63.97835159301758,-92.95637512207031,-80.07725524902344,-91.11650085449219,-74.55763244628906,-87.43675231933594,-60.988555908203125,-81.68714904785156,108.25556945800781,43.30222702026367,43.30222702026367,-285.2724609375
-76.85747528076172,-97.78604888916016,-73.86767578125,-89.27662658691406,-88.126708984375,-68.57804107666016,-89.04664611816406,-78.69734954833984,108.25556945800781,43.30222702026367,43.30222702026367,-285.0568542480469
-104.2256088256836,-84.90692901611328,-88.81665802001953,-70.87788391113281,-72.2577896118164,-86.28683471679688,-74.09766387939453,-107.67537689208984,108.25556945800781,43.30222702026367,43.30222702026367,-285.857666015625
-83.52702331542969,-102.845703125,-88.58667755126953,-96.8661117553711,-88.126708984375,-76.62748718261719,-73.86767578125,-66.5081787109375,108.25556945800781,43.30222702026367,43.30222702026367,-286.45831298828125
-102.15574645996094,-86.9767837524414,-92.03643798828125,-81.22718048095703,-69.49797821044922,-82.1471176147461,-74.09766387939453,-101.4657974243164,108.25556945800781,43.30222702026367,43.30222702026367,-286.9665222167969
-94.79624938964844,-93.18636322021484,-85.36689758300781,-108.13534545898438,-80.53722381591797,-84.67694091796875,-72.02780151367188,-69.03800964355469,108.25556945800781,43.30222702026367,43.30222702026367,-285.5496520996094
-76.39750671386719,-80.9971923828125,-80.30724334716797,-86.7468032836914,-96.17615509033203,-80.7672119140625,-80.53722381591797,-85.82686614990234,108.25556945800781,43.30222702026367,43.30222702026367,-284.0557861328125
-69.95794677734375,-56.38887023925781,-63.058414459228516,-78.46736145019531,-64.43832397460938,-86.7468032836914,-70.41791534423828,-83.06705474853516,108.25556945800781,43.30222702026367,43.30222702026367,-283.6399841308594
-73.6376953125,-61.90849304199219,-76.16751861572266,-69.26799011230469,-66.04821014404297,-67.8880844116211,-46.959510803222656,-84.44696044921875,108.25556945800781,43.30222702026367,43.30222702026367,-284.10198974609375
-74.78761291503906,-66.5081787109375,-66.73816680908203,-78.46736145019531,-50.63926315307617,-76.16751861572266,-48.569400787353516,-66.73816680908203,108.25556945800781,43.30222702026367,43.30222702026367,-284.67181396484375
-71.33785247802734,-52.24915313720703,-45.57960510253906,-63.28839874267578,-46.72952651977539,-62.598445892333984,-60.988555908203125,-71.79782104492188,108.25556945800781,43.30222702026367,43.30222702026367,-285.2108459472656
-60.988555908203125,-71.33785247802734,-69.26799011230469,-59.378665924072266,-73.40770721435547,-50.17929458618164,-50.409278869628906,-69.26799011230469,108.25556945800781,43.30222702026367,43.30222702026367,-284.8258361816406
-54.089027404785156,-83.75700378417969,-66.73816680908203,-76.39750671386719,-47.64946365356445,-44.19969940185547,-47.87944793701172,-57.768775939941406,108.25556945800781,43.30222702026367,43.30222702026367,-284.3022155761719
-76.85747528076172,-63.74836730957031,-80.9971923828125,-61.67850875854492,-62.598445892333984,-67.42811584472656,-46.72952651977539,-72.02780151367188,108.25556945800781,43.30222702026367,43.30222702026367,-284.2406005859375
-74.55763244628906,-81.91712951660156,-57.53879165649414,-88.58667755126953,-62.598445892333984,-69.03800964355469,-63.97835159301758,-54.54899597167969,108.25556945800781,43.30222702026367,43.30222702026367,-285.1184387207031
-77.08745574951172,-67.19813537597656,-78.92733764648438,-77.31744384765625,-75.2475814819336,-75.2475814819336,-59.148681640625,-73.40770721435547,108.25556945800781,43.30222702026367,43.30222702026367,-285.7190856933594
-70.64789581298828,-83.06705474853516,-71.10786437988281,-98.01602935791016,-62.598445892333984,-74.09766387939453,-70.41791534423828,-72.71775817871094,108.25556945800781,43.30222702026367,43.30222702026367,-284.7796325683594
-83.52702331542969,-72.94773864746094,-63.51838302612305,-84.67694091796875,-60.06861877441406,-66.2781982421875,-68.34805297851562,-71.33785247802734,108.25556945800781,43.30222702026367,43.30222702026367,-287.21295166015625
-84.67694091796875,-89.96658325195312,-86.28683471679688,-81.22718048095703,-88.126708984375,-73.40770721435547,-74.78761291503906,-92.49640655517578,108.25556945800781,43.30222702026367,43.30222702026367,-285.84228515625
-82.3770980834961,-93.64633178710938,-81.45716094970703,-100.77584075927734,-75.47756958007812,-87.89672088623047,-81.22718048095703,-75.70755004882812,108.25556945800781,43.30222702026367,43.30222702026367,-286.4737243652344
-82.83706665039062,-93.41634368896484,-68.57804107666016,-80.9971923828125,-81.91712951660156,-81.22718048095703,-91.57646942138672,-89.5066146850586,108.25556945800781,43.30222702026367,43.30222702026367,-285.5342712402344
-106.06548309326172,-92.72639465332031,-91.80645751953125,-82.1471176147461,-66.5081787109375,-80.30724334716797,-69.49797821044922,-97.78604888916016,108.25556945800781,43.30222702026367,43.30222702026367,-285.0722351074219
-63.058414459228516,-80.9971923828125,-81.22718048095703,-91.34648895263672,-81.68714904785156,-66.04821014404297,-66.96814727783203,-70.64789581298828,108.25556945800781,43.30222702026367,43.30222702026367,-284.4562072753906
-82.1471176147461,-74.55763244628906,-74.78761291503906,-86.05684661865234,-83.06705474853516,-63.74836730957031,-75.2475814819336,-74.55763244628906,108.25556945800781,43.30222702026367,43.30222702026367,-285.1492614746094
-91.11650085449219,-82.60708618164062,-77.31744384765625,-83.29703521728516,-59.148681640625,-70.41791534423828,-39.37002944946289,-57.768775939941406,108.25556945800781,43.30222702026367,43.30222702026367,-285.8730773925781
-72.4877700805664,-79.6172866821289,-63.28839874267578,-72.2577896118164,-55.238948822021484,-66.5081787109375,-65.35826110839844,-61.21854019165039,108.25556945800781,43.30222702026367,43.30222702026367,-285.42645263671875
-61.448524475097656,-72.2577896118164,-68.57804107666016,-60.29860305786133,-77.08745574951172,-61.21854019165039,-57.99876022338867,-65.35826110839844,108.25556945800781,43.30222702026367,43.30222702026367,-285.0260314941406
-61.90849304199219,-80.53722381591797,-52.4791374206543,-73.17772674560547,-69.26799011230469,-51.559200286865234,-70.87788391113281,-57.308807373046875,108.25556945800781,43.30222702026367,43.30222702026367,-284.08660888671875
-65.81822967529297,-75.93753814697266,-60.06861877441406,-87.89672088623047,-49.71932601928711,-61.90849304199219,-58.22874450683594,-50.63926315307617,108.25556945800781,43.30222702026367,43.30222702026367,-283.7477722167969
-62.82843017578125,-81.45716094970703,-54.54899597167969,-69.95794677734375,-66.04821014404297,-51.32921600341797,-70.18792724609375,-54.77898025512695,108.25556945800781,43.30222702026367,43.30222702026367,-285.5650634765625
-66.96814727783203,-57.53879165649414,-62.82843017578125,-77.31744384765625,-55.00896453857422,-55.698917388916016,-59.148681640625,-73.40770721435547,108.25556945800781,43.30222702026367,43.30222702026367,-285.3494567871094
-65.1282730102539,-94.56626892089844,-70.18792724609375,-79.3873062133789,-60.29860305786133,-84.67694091796875,-57.07882308959961,-73.17772674560547,108.25556945800781,43.30222702026367,43.30222702026367,-285.5958557128906
-81.22718048095703,-87.43675231933594,-75.70755004882812,-67.8880844116211,-71.10786437988281,-69.95794677734375,-81.45716094970703,-75.0176010131836,108.25556945800781,43.30222702026367,43.30222702026367,-285.7344665527344
-82.83706665039062,-76.39750671386719,-84.44696044921875,-89.7365951538086,-74.55763244628906,-91.80645751953125,-75.93753814697266,-89.04664611816406,108.25556945800781,43.30222702026367,43.30222702026367,-286.64312744140625
-69.26799011230469,-94.3362808227539,-84.67694091796875,-95.02623748779297,-86.28683471679688,-69.95794677734375,-72.2577896118164,-65.58824157714844,108.25556945800781,43.30222702026367,43.30222702026367,-286.2580871582031
-80.07725524902344,-85.13690948486328,-92.72639465332031,-76.16751861572266,-83.52702331542969,-81.22718048095703,-83.98699188232422,-71.10786437988281,108.25556945800781,43.30222702026367,43.30222702026367,-285.42645263671875
-73.86767578125,-86.51681518554688,-80.07725524902344,-109.05528259277344,-87.66674041748047,-92.72639465332031,-66.73816680908203,-75.70755004882812,108.25556945800781,43.30222702026367,43.30222702026367,-285.13385009765625
-103.99562072753906,-86.05684661865234,-85.82686614990234,-79.15731811523438,-94.3362808227539,-75.47756958007812,-76.62748718261719,-86.28683471679688,108.25556945800781,43.30222702026367,43.30222702026367,-285.51885986328125
-85.82686614990234,-94.1063003540039,-67.6581039428711,-105.14554595947266,-69.72795867919922,-84.44696044921875,-84.90692901611328,-71.10786437988281,108.25556945800781,43.30222702026367,43.30222702026367,-286.36590576171875
-66.73816680908203,-92.72639465332031,-83.52702331542969,-92.49640655517578,-68.11807250976562,-67.19813537597656,-69.26799011230469,-82.3770980834961,108.25556945800781,43.30222702026367,43.30222702026367,-285.1954345703125
-79.84727478027344,-83.75700378417969,-66.2781982421875,-90.42655181884766,-69.26799011230469,-73.17772674560547,-67.8880844116211,-65.1282730102539,108.25556945800781,43.30222702026367,43.30222702026367,-285.457275390625
-83.52702331542969,-62.36846160888672,-80.53722381591797,-72.71775817871094,-69.03800964355469,-66.96814727783203,-63.058414459228516,-67.42811584472656,108.25556945800781,43.30222702026367,43.30222702026367,-286.1656799316406
-81.68714904785156,-60.988555908203125,-63.97835159301758,-79.6172866821289,-54.089027404785156,-77.08745574951172,-53.629058837890625,-69.95794677734375,108.25556945800781,43.30222702026367,43.30222702026367,-284.4562072753906
-69.26799011230469,-78.69734954833984,-51.559200286865234,-85.36689758300781,-61.21854019165039,-62.82843017578125,-55.46893310546875,-62.598445892333984,108.25556945800781,43.30222702026367,43.30222702026367,-284.00958251953125
-50.409278869628906,-64.43832397460938,-68.80802154541016,-73.6376953125,-72.2577896118164,-51.7891845703125,-50.86924743652344,-46.959510803222656,108.25556945800781,43.30222702026367,43.30222702026367,-285.9500732421875
-76.85747528076172,-54.31901168823242,-79.3873062133789,-60.528587341308594,-60.528587341308594,-67.8880844116211,-43.279762268066406,-75.70755004882812,108.25556945800781,43.30222702026367,43.30222702026367,-283.6399841308594
-63.51838302612305,-55.238948822021484,-58.22874450683594,-60.75857162475586,-73.17772674560547,-69.03800964355469,-66.2781982421875,-60.29860305786133,108.25556945800781,43.30222702026367,43.30222702026367,-285.7652893066406
-73.6376953125,-60.75857162475586,-71.33785247802734,-75.70755004882812,-68.80802154541016,-65.35826110839844,-57.768775939941406,-66.04821014404297,108.25556945800781,43.30222702026367,43.30222702026367,-284.7950439453125
