time_chanNI9205_2,PT_N2_01,PT_N2_03,PT_N2_04,PT_N2_23,PT_GO2_01,PT_GO2_02,PT_H2_01,PT_H2_02,PT_GO2_04_2,PT_FU_05,PT_FU_06,PT_GO2_03_2
1.7758756917396672e+18,-314.6612243652344,-294.422607421875,-307.3017272949219,-319.2608947753906,-288.9029846191406,-317.6510009765625,-288.4430236816406,-299.2522888183594,108.25556945800781,43.30222702026367,43.30222702026367,-299.5335388183594
1.7758756917406671e+18,-298.56231689453125,-322.7106628417969,-295.112548828125,-317.8810119628906,-284.7632751464844,-300.8621520996094,-282.2334289550781,-299.02227783203125,108.25556945800781,43.30222702026367,43.30222702026367,-298.7326965332031
1.775875691741667e+18,-299.02227783203125,-293.5026550292969,-281.0835266113281,-305.46185302734375,-267.74444580078125,-293.732666015625,-275.79388427734375,-296.7224426269531,108.25556945800781,43.30222702026367,43.30222702026367,-299.65673828125
1.775875691742667e+18,-281.5434875488281,-299.4822692871094,-270.2742614746094,-303.8519592285156,-262.6847839355469,-288.6730041503906,-262.2248229980469,-282.92340087890625,108.25556945800781,43.30222702026367,43.30222702026367,-298.1474609375
1.775875691743667e+18,-315.1211853027344,-282.46343994140625,-313.74127197265625,-287.5230712890625,-301.7821044921875,-280.16357421875,-289.3629455566406,-287.2930908203125,108.25556945800781,43.30222702026367,43.30222702026367,-299.3641357421875
1.775875691744667e+18,-299.2522888183594,-270.9642028808594,-287.7530517578125,-286.3731689453125,-271.6541748046875,-283.61334228515625,-252.10549926757812,-291.8927917480469,108.25556945800781,43.30222702026367,43.30222702026367,-299.41033935546875
1.7758756917456668e+18,-279.70361328125,-291.43280029296875,-300.1722106933594,-273.0340576171875,-267.5144348144531,-296.2624816894531,-269.12432861328125,-276.48382568359375,108.25556945800781,43.30222702026367,43.30222702026367,-299.3025207519531
1.7758756917466668e+18,-269.35430908203125,-287.7530517578125,-287.9830322265625,-282.46343994140625,-287.7530517578125,-266.8244934082031,-285.6831970214844,-278.5536804199219,108.25556945800781,43.30222702026367,43.30222702026367,-300.781005859375
1.7758756917476667e+18,-267.74444580078125,-298.33233642578125,-278.5536804199219,-296.0325012207031,-287.2930908203125,-278.0937194824219,-289.5929260253906,-276.48382568359375,108.25556945800781,43.30222702026367,43.30222702026367,-301.41241455078125
1.7758756917486666e+18,-313.74127197265625,-290.51287841796875,-288.4430236816406,-309.6015625,-270.0442810058594,-305.46185302734375,-269.5843200683594,-292.1227722167969,108.25556945800781,43.30222702026367,43.30222702026367,-298.9637145996094
1.7758756917496666e+18,-313.97125244140625,-287.7530517578125,-304.0819396972656,-301.7821044921875,-292.8127136230469,-302.2420654296875,-276.02386474609375,-309.37158203125,108.25556945800781,43.30222702026367,43.30222702026367,-299.90313720703125
1.7758756917506665e+18,-295.112548828125,-315.3511657714844,-307.0717468261719,-314.8912048339844,-312.82135009765625,-304.77191162109375,-320.18084716796875,-302.7020263671875,108.25556945800781,43.30222702026367,43.30222702026367,-300.3189697265625
1.7758756917516664e+18,-327.0803527832031,-309.6015625,-330.9901123046875,-310.5215148925781,-329.6101989746094,-309.37158203125,-318.5709533691406,-310.5215148925781,108.25556945800781,43.30222702026367,43.30222702026367,-300.9195861816406
1.7758756917526664e+18,-315.3511657714844,-289.8229064941406,-308.2216491699219,-327.77032470703125,-293.962646484375,-330.7601013183594,-305.46185302734375,-297.41241455078125,108.25556945800781,43.30222702026367,43.30222702026367,-301.5356140136719
1.7758756917536663e+18,-287.2930908203125,-320.87078857421875,-285.6831970214844,-325.240478515625,-289.3629455566406,-313.97125244140625,-298.79229736328125,-320.18084716796875,108.25556945800781,43.30222702026367,43.30222702026367,-300.8887939453125
1.7758756917546662e+18,-335.12982177734375,-305.92181396484375,-310.9814758300781,-316.0411376953125,-281.0835266113281,-310.0615234375,-282.69342041015625,-306.61175537109375,108.25556945800781,43.30222702026367,43.30222702026367,-300.2265625
1.7758756917556662e+18,-335.35980224609375,-307.0717468261719,-315.5811462402344,-307.9916687011719,-283.61334228515625,-305.46185302734375,-271.1941833496094,-312.1313781738281,108.25556945800781,43.30222702026367,43.30222702026367,-299.31793212890625
1.775875691756666e+18,-288.2130432128906,-319.95086669921875,-296.2624816894531,-311.2114562988281,-305.69183349609375,-295.5725402832031,-308.91162109375,-298.56231689453125,108.25556945800781,43.30222702026367,43.30222702026367,-300.411376953125
1.775875691757666e+18,-299.7122497558594,-300.1722106933594,-291.8927917480469,-304.5419006347656,-278.3236999511719,-297.1824035644531,-264.984619140625,-303.3919982910156,108.25556945800781,43.30222702026367,43.30222702026367,-300.3189697265625
1.775875691758666e+18,-285.4532165527344,-314.6612243652344,-290.28289794921875,-300.8621520996094,-286.1431579589844,-280.3935546875,-285.6831970214844,-269.12432861328125,108.25556945800781,43.30222702026367,43.30222702026367,-298.6094970703125
1.775875691759666e+18,-300.6321716308594,-267.5144348144531,-296.0325012207031,-268.89434814453125,-288.4430236816406,-278.0937194824219,-271.8841552734375,-304.5419006347656,108.25556945800781,43.30222702026367,43.30222702026367,-298.5478820800781
1.7758756917606659e+18,-273.9540100097656,-296.4924621582031,-267.74444580078125,-306.15179443359375,-256.2452087402344,-294.192626953125,-251.18556213378906,-291.66278076171875,108.25556945800781,43.30222702026367,43.30222702026367,-299.1177062988281
1.7758756917616658e+18,-291.66278076171875,-269.5843200683594,-288.2130432128906,-285.4532165527344,-268.89434814453125,-287.7530517578125,-253.25543212890625,-291.20281982421875,108.25556945800781,43.30222702026367,43.30222702026367,-299.6259460449219
1.7758756917626657e+18,-270.5042419433594,-300.1722106933594,-270.0442810058594,-301.3221435546875,-284.7632751464844,-285.4532165527344,-290.28289794921875,-282.0034484863281,108.25556945800781,43.30222702026367,43.30222702026367,-299.6413269042969
1.7758756917636654e+18,-281.5434875488281,-311.9013977050781,-283.84332275390625,-302.7020263671875,-284.5332946777344,-282.2334289550781,-281.5434875488281,-273.2640686035156,108.25556945800781,43.30222702026367,43.30222702026367,-297.80865478515625
1.7758756917646653e+18,-285.9131774902344,-300.4021911621094,-277.4037780761719,-308.91162109375,-271.8841552734375,-300.4021911621094,-263.6047058105469,-300.4021911621094,108.25556945800781,43.30222702026367,43.30222702026367,-299.4411315917969
1.7758756917656653e+18,-305.92181396484375,-281.0835266113281,-303.1620178222656,-294.882568359375,-298.10235595703125,-300.1722106933594,-285.6831970214844,-308.91162109375,108.25556945800781,43.30222702026367,43.30222702026367,-301.2584228515625
1.7758756917666652e+18,-306.15179443359375,-307.3017272949219,-302.7020263671875,-315.5811462402344,-298.56231689453125,-311.4414367675781,-291.8927917480469,-311.2114562988281,108.25556945800781,43.30222702026367,43.30222702026367,-300.8887939453125
1.7758756917676652e+18,-308.681640625,-319.72088623046875,-289.3629455566406,-327.0803527832031,-307.0717468261719,-285.2232360839844,-305.92181396484375,-299.2522888183594,108.25556945800781,43.30222702026367,43.30222702026367,-300.611572265625
1.775875691768665e+18,-286.3731689453125,-319.4908752441406,-290.51287841796875,-313.74127197265625,-302.7020263671875,-298.56231689453125,-309.6015625,-295.8025207519531,108.25556945800781,43.30222702026367,43.30222702026367,-301.181396484375
1.775875691769665e+18,-310.0615234375,-311.2114562988281,-290.74285888671875,-320.18084716796875,-287.0631103515625,-318.3409729003906,-292.5827331542969,-317.6510009765625,108.25556945800781,43.30222702026367,43.30222702026367,-300.5191650390625
1.775875691770665e+18,-298.10235595703125,-325.240478515625,-303.1620178222656,-317.1910400390625,-319.0309143066406,-309.1416015625,-326.1604309082031,-310.9814758300781,108.25556945800781,43.30222702026367,43.30222702026367,-301.21221923828125
1.775875691771665e+18,-310.0615234375,-307.9916687011719,-311.6714172363281,-290.74285888671875,-307.9916687011719,-286.6031494140625,-303.1620178222656,-301.3221435546875,108.25556945800781,43.30222702026367,43.30222702026367,-301.0736083984375
1.7758756917726648e+18,-280.3935546875,-311.9013977050781,-293.732666015625,-303.6219787597656,-293.732666015625,-286.1431579589844,-302.0120849609375,-288.6730041503906,108.25556945800781,43.30222702026367,43.30222702026367,-301.79742431640625
1.7758756917736648e+18,-312.1313781738281,-287.7530517578125,-302.0120849609375,-298.10235595703125,-285.9131774902344,-299.4822692871094,-270.5042419433594,-306.38177490234375,108.25556945800781,43.30222702026367,43.30222702026367,-300.5345764160156
1.7758756917746647e+18,-310.5215148925781,-289.8229064941406,-272.8040771484375,-314.8912048339844,-290.51287841796875,-282.2334289550781,-310.7514953613281,-289.5929260253906,108.25556945800781,43.30222702026367,43.30222702026367,-299.61053466796875
1.7758756917756646e+18,-278.0937194824219,-297.87237548828125,-289.1329650878906,-279.24365234375,-293.5026550292969,-267.74444580078125,-286.8331298828125,-282.46343994140625,108.25556945800781,43.30222702026367,43.30222702026367,-301.11981201171875
1.7758756917766646e+18,-290.74285888671875,-279.70361328125,-287.5230712890625,-285.6831970214844,-268.89434814453125,-284.7632751464844,-256.4751892089844,-289.8229064941406,108.25556945800781,43.30222702026367,43.30222702026367,-300.0263671875
1.7758756917776645e+18,-309.6015625,-284.07330322265625,-307.7616882324219,-284.5332946777344,-291.8927917480469,-279.013671875,-276.02386474609375,-285.4532165527344,108.25556945800781,43.30222702026367,43.30222702026367,-299.8261413574219
1.7758756917786644e+18,-288.4430236816406,-268.89434814453125,-287.7530517578125,-286.8331298828125,-265.214599609375,-286.6031494140625,-258.7750549316406,-287.5230712890625,108.25556945800781,43.30222702026367,43.30222702026367,-299.4411315917969
1.7758756917796644e+18,-292.1227722167969,-278.0937194824219,-282.2334289550781,-292.5827331542969,-268.66436767578125,-287.5230712890625,-259.6949768066406,-291.66278076171875,108.25556945800781,43.30222702026367,43.30222702026367,-299.51812744140625
1.7758756917806643e+18,-300.1722106933594,-278.78369140625,-302.0120849609375,-280.3935546875,-298.79229736328125,-265.444580078125,-286.3731689453125,-264.754638671875,108.25556945800781,43.30222702026367,43.30222702026367,-299.79534912109375
1.7758756917816643e+18,-281.5434875488281,-308.91162109375,-294.652587890625,-287.7530517578125,-303.8519592285156,-301.7821044921875,-263.3747253417969,-275.10394287109375,108.25556945800781,43.30222702026367,43.30222702026367,-300.0571594238281
1.7758756917826642e+18,-287.5230712890625,-309.83154296875,-281.0835266113281,-316.2711181640625,-276.9438171386719,-303.6219787597656,-282.46343994140625,-282.69342041015625,108.25556945800781,43.30222702026367,43.30222702026367,-298.4400939941406
1.775875691783664e+18,-296.2624816894531,-327.54034423828125,-299.4822692871094,-330.9901123046875,-297.64239501953125,-308.2216491699219,-300.4021911621094,-291.8927917480469,108.25556945800781,43.30222702026367,43.30222702026367,-299.1639099121094
1.775875691784664e+18,-311.2114562988281,-292.8127136230469,-317.8810119628906,-291.8927917480469,-311.6714172363281,-300.1722106933594,-285.6831970214844,-313.97125244140625,108.25556945800781,43.30222702026367,43.30222702026367,-300.59619140625
1.775875691785664e+18,-297.41241455078125,-319.4908752441406,-313.97125244140625,-299.02227783203125,-320.41082763671875,-299.2522888183594,-302.9320373535156,-312.59136962890625,108.25556945800781,43.30222702026367,43.30222702026367,-301.551025390625
1.7758756917866642e+18,-305.23187255859375,-289.5929260253906,-313.97125244140625,-298.10235595703125,-311.2114562988281,-327.54034423828125,-301.7821044921875,-337.6596374511719,108.25556945800781,43.30222702026367,43.30222702026367,-299.42572021484375
1.7758756917876641e+18,-312.1313781738281,-303.1620178222656,-313.51129150390625,-291.43280029296875,-309.1416015625,-293.2726745605469,-306.61175537109375,-313.28131103515625,108.25556945800781,43.30222702026367,43.30222702026367,-301.1044006347656
1.775875691788664e+18,-307.0717468261719,-287.9830322265625,-313.05133056640625,-293.5026550292969,-298.56231689453125,-315.5811462402344,-293.2726745605469,-329.8401794433594,108.25556945800781,43.30222702026367,43.30222702026367,-300.0263671875
1.7758756917896643e+18,-314.4312438964844,-288.4430236816406,-306.61175537109375,-296.0325012207031,-295.5725402832031,-297.1824035644531,-282.92340087890625,-308.2216491699219,108.25556945800781,43.30222702026367,43.30222702026367,-300.56536865234375
1.7758756917906642e+18,-297.1824035644531,-319.95086669921875,-294.652587890625,-296.9524230957031,-295.5725402832031,-277.1737976074219,-296.4924621582031,-277.4037780761719,108.25556945800781,43.30222702026367,43.30222702026367,-298.71728515625
1.775875691791664e+18,-287.2930908203125,-311.9013977050781,-293.0426940917969,-303.6219787597656,-307.3017272949219,-288.2130432128906,-304.77191162109375,-293.962646484375,108.25556945800781,43.30222702026367,43.30222702026367,-299.9185485839844
1.7758756917926643e+18,-282.2334289550781,-315.3511657714844,-282.46343994140625,-306.8417663574219,-281.5434875488281,-278.3236999511719,-284.7632751464844,-268.89434814453125,108.25556945800781,43.30222702026367,43.30222702026367,-298.7326965332031
1.7758756917936643e+18,-284.9932556152344,-297.41241455078125,-282.46343994140625,-302.2420654296875,-275.33392333984375,-292.3527526855469,-275.56390380859375,-293.5026550292969,108.25556945800781,43.30222702026367,43.30222702026367,-298.19366455078125
1.7758756917946644e+18,-287.5230712890625,-284.5332946777344,-286.3731689453125,-276.9438171386719,-282.69342041015625,-259.9249572753906,-280.6235656738281,-263.8346862792969,108.25556945800781,43.30222702026367,43.30222702026367,-299.3795166015625
1.7758756917956644e+18,-273.2640686035156,-300.6321716308594,-289.8229064941406,-270.7342224121094,-286.1431579589844,-283.61334228515625,-248.88572692871094,-297.41241455078125,108.25556945800781,43.30222702026367,43.30222702026367,-298.9945068359375
1.7758756917966643e+18,-293.2726745605469,-276.48382568359375,-295.342529296875,-275.10394287109375,-290.74285888671875,-274.1839904785156,-280.6235656738281,-291.43280029296875,108.25556945800781,43.30222702026367,43.30222702026367,-301.0736083984375
1.7758756917976645e+18,-263.8346862792969,-298.79229736328125,-281.7734680175781,-289.1329650878906,-287.2930908203125,-273.7240295410156,-287.0631103515625,-269.12432861328125,108.25556945800781,43.30222702026367,43.30222702026367,-298.94830322265625
1.7758756917986644e+18,-289.8229064941406,-273.7240295410156,-303.1620178222656,-323.1706237792969,-280.8535461425781,-289.5929260253906,-296.0325012207031,-278.78369140625,108.25556945800781,43.30222702026367,43.30222702026367,-299.1947021484375
1.7758756917996644e+18,-290.05291748046875,-314.8912048339844,-281.3135070800781,-291.43280029296875,-309.83154296875,-287.0631103515625,-286.6031494140625,-327.0803527832031,108.25556945800781,43.30222702026367,43.30222702026367,-298.6402893066406
1.7758756918006646e+18,-298.56231689453125,-310.7514953613281,-288.6730041503906,-322.9406433105469,-278.3236999511719,-317.4210205078125,-273.0340576171875,-313.74127197265625,108.25556945800781,43.30222702026367,43.30222702026367,-301.11981201171875
1.7758756918016645e+18,-306.15179443359375,-309.83154296875,-307.7616882324219,-331.6800537109375,-303.6219787597656,-330.3001403808594,-295.5725402832031,-330.0701599121094,108.25556945800781,43.30222702026367,43.30222702026367,-300.981201171875
1.7758756918026644e+18,-314.8912048339844,-293.5026550292969,-299.4822692871094,-336.04974365234375,-304.5419006347656,-283.15338134765625,-306.61175537109375,-317.8810119628906,108.25556945800781,43.30222702026367,43.30222702026367,-301.9052429199219
1.7758756918036646e+18,-307.7616882324219,-317.6510009765625,-317.1910400390625,-313.74127197265625,-329.6101989746094,-305.00189208984375,-325.7004699707031,-304.77191162109375,108.25556945800781,43.30222702026367,43.30222702026367,-301.3816223144531
1.7758756918046646e+18,-291.66278076171875,-312.59136962890625,-289.8229064941406,-315.3511657714844,-287.9830322265625,-313.74127197265625,-280.6235656738281,-316.7310791015625,108.25556945800781,43.30222702026367,43.30222702026367,-301.39703369140625
1.7758756918056645e+18,-330.5301208496094,-297.87237548828125,-327.54034423828125,-298.56231689453125,-323.1706237792969,-296.9524230957031,-318.3409729003906,-296.4924621582031,108.25556945800781,43.30222702026367,43.30222702026367,-300.59619140625
1.7758756918066647e+18,-283.15338134765625,-314.2012634277344,-315.1211853027344,-290.97283935546875,-294.422607421875,-310.5215148925781,-271.4241943359375,-292.1227722167969,108.25556945800781,43.30222702026367,43.30222702026367,-302.07464599609375
1.7758756918076646e+18,-285.6831970214844,-281.5434875488281,-306.15179443359375,-282.0034484863281,-281.3135070800781,-316.5010986328125,-281.7734680175781,-284.9932556152344,108.25556945800781,43.30222702026367,43.30222702026367,-300.8271789550781
1.7758756918086646e+18,-300.6321716308594,-267.97442626953125,-290.97283935546875,-323.400634765625,-273.0340576171875,-271.6541748046875,-296.0325012207031,-278.0937194824219,108.25556945800781,43.30222702026367,43.30222702026367,-299.471923828125
1.7758756918096648e+18,-310.7514953613281,-291.8927917480469,-279.4736328125,-318.5709533691406,-273.9540100097656,-283.15338134765625,-284.07330322265625,-264.294677734375,108.25556945800781,43.30222702026367,43.30222702026367,-300.2111511230469
1.7758756918106647e+18,-275.56390380859375,-304.0819396972656,-268.66436767578125,-298.79229736328125,-279.4736328125,-280.6235656738281,-290.28289794921875,-284.5332946777344,108.25556945800781,43.30222702026367,43.30222702026367,-299.51812744140625
1.7758756918116646e+18,-287.9830322265625,-312.1313781738281,-282.2334289550781,-313.28131103515625,-275.10394287109375,-284.07330322265625,-277.1737976074219,-267.97442626953125,108.25556945800781,43.30222702026367,43.30222702026367,-298.85589599609375
1.7758756918126648e+18,-289.3629455566406,-310.29150390625,-284.30328369140625,-314.8912048339844,-276.9438171386719,-294.652587890625,-275.33392333984375,-274.6439514160156,108.25556945800781,43.30222702026367,43.30222702026367,-298.2398681640625
1.7758756918136648e+18,-278.78369140625,-289.3629455566406,-276.9438171386719,-296.2624816894531,-271.4241943359375,-291.66278076171875,-259.6949768066406,-299.2522888183594,108.25556945800781,43.30222702026367,43.30222702026367,-299.90313720703125
1.775875691814665e+18,-281.7734680175781,-301.0921630859375,-273.2640686035156,-303.8519592285156,-275.33392333984375,-290.97283935546875,-283.15338134765625,-279.4736328125,108.25556945800781,43.30222702026367,43.30222702026367,-298.9637145996094
1.775875691815665e+18,-279.70361328125,-309.83154296875,-276.9438171386719,-307.5317077636719,-282.0034484863281,-288.6730041503906,-287.5230712890625,-277.1737976074219,108.25556945800781,43.30222702026367,43.30222702026367,-300.9657897949219
1.7758756918166648e+18,-313.74127197265625,-310.7514953613281,-280.6235656738281,-299.9422302246094,-313.51129150390625,-293.2726745605469,-285.4532165527344,-310.29150390625,108.25556945800781,43.30222702026367,43.30222702026367,-301.30462646484375
1.775875691817665e+18,-309.6015625,-291.20281982421875,-315.5811462402344,-292.8127136230469,-308.2216491699219,-300.1722106933594,-299.02227783203125,-321.10076904296875,108.25556945800781,43.30222702026367,43.30222702026367,-301.41241455078125
1.775875691818665e+18,-283.15338134765625,-320.64080810546875,-291.20281982421875,-320.41082763671875,-297.41241455078125,-312.1313781738281,-306.38177490234375,-310.9814758300781,108.25556945800781,43.30222702026367,43.30222702026367,-300.9504089355469
1.775875691819665e+18,-287.2930908203125,-317.6510009765625,-297.87237548828125,-307.3017272949219,-302.0120849609375,-291.43280029296875,-301.7821044921875,-292.3527526855469,108.25556945800781,43.30222702026367,43.30222702026367,-301.4278259277344
1.775875691820665e+18,-296.0325012207031,-322.2507019042969,-307.3017272949219,-322.9406433105469,-320.41082763671875,-309.1416015625,-320.41082763671875,-304.3119201660156,108.25556945800781,43.30222702026367,43.30222702026367,-301.3816223144531
1.775875691821665e+18,-305.23187255859375,-316.2711181640625,-299.02227783203125,-325.010498046875,-287.0631103515625,-317.4210205078125,-276.9438171386719,-315.3511657714844,108.25556945800781,43.30222702026367,43.30222702026367,-301.3662109375
1.775875691822665e+18,-313.05133056640625,-296.4924621582031,-293.732666015625,-335.12982177734375,-294.192626953125,-290.97283935546875,-306.38177490234375,-286.8331298828125,108.25556945800781,43.30222702026367,43.30222702026367,-301.2430114746094
1.7758756918236652e+18,-301.0921630859375,-314.6612243652344,-286.8331298828125,-327.77032470703125,-287.5230712890625,-293.732666015625,-298.33233642578125,-276.02386474609375,108.25556945800781,43.30222702026367,43.30222702026367,-301.1968078613281
1.775875691824665e+18,-288.9029846191406,-316.9610595703125,-287.7530517578125,-300.8621520996094,-290.74285888671875,-277.4037780761719,-288.2130432128906,-274.1839904785156,108.25556945800781,43.30222702026367,43.30222702026367,-298.6094970703125
1.775875691825665e+18,-302.4720458984375,-281.5434875488281,-295.8025207519531,-298.56231689453125,-287.2930908203125,-303.1620178222656,-277.1737976074219,-314.8912048339844,108.25556945800781,43.30222702026367,43.30222702026367,-299.9647521972656
1.7758756918266652e+18,-289.5929260253906,-282.46343994140625,-290.05291748046875,-271.8841552734375,-288.6730041503906,-261.53485107421875,-284.5332946777344,-262.2248229980469,108.25556945800781,43.30222702026367,43.30222702026367,-299.13311767578125
1.7758756918276652e+18,-296.2624816894531,-272.8040771484375,-283.61334228515625,-281.5434875488281,-273.4940490722656,-287.0631103515625,-258.5450744628906,-291.8927917480469,108.25556945800781,43.30222702026367,43.30222702026367,-299.85693359375
1.775875691828665e+18,-282.69342041015625,-294.192626953125,-265.214599609375,-296.7224426269531,-262.9147644042969,-280.6235656738281,-277.1737976074219,-265.9045715332031,108.25556945800781,43.30222702026367,43.30222702026367,-299.2563171386719
1.7758756918296653e+18,-301.0921630859375,-292.1227722167969,-272.3441162109375,-299.2522888183594,-257.3951416015625,-293.2726745605469,-256.4751892089844,-295.112548828125,108.25556945800781,43.30222702026367,43.30222702026367,-299.7183532714844
1.7758756918306652e+18,-296.0325012207031,-291.66278076171875,-289.5929260253906,-315.5811462402344,-278.0937194824219,-309.1416015625,-277.4037780761719,-295.112548828125,108.25556945800781,43.30222702026367,43.30222702026367,-299.1639099121094
1.7758756918316654e+18,-301.0921630859375,-274.4139709472656,-305.23187255859375,-284.07330322265625,-294.422607421875,-286.1431579589844,-284.7632751464844,-304.5419006347656,108.25556945800781,43.30222702026367,43.30222702026367,-301.181396484375
1.7758756918326653e+18,-311.4414367675781,-299.2522888183594,-280.3935546875,-310.7514953613281,-273.9540100097656,-295.112548828125,-290.51287841796875,-283.38336181640625,108.25556945800781,43.30222702026367,43.30222702026367,-300.1649475097656
1.7758756918336653e+18,-291.20281982421875,-315.8111267089844,-284.30328369140625,-324.320556640625,-275.33392333984375,-313.51129150390625,-273.4940490722656,-314.2012634277344,108.25556945800781,43.30222702026367,43.30222702026367,-300.2573547363281
1.7758756918346655e+18,-307.0717468261719,-303.8519592285156,-313.05133056640625,-296.9524230957031,-309.83154296875,-284.5332946777344,-306.61175537109375,-289.1329650878906,108.25556945800781,43.30222702026367,43.30222702026367,-300.3497619628906
1.7758756918356654e+18,-309.83154296875,-309.83154296875,-313.28131103515625,-301.3221435546875,-313.28131103515625,-287.2930908203125,-309.1416015625,-291.43280029296875,108.25556945800781,43.30222702026367,43.30222702026367,-301.1044006347656
1.7758756918366653e+18,-326.8503723144531,-308.681640625,-317.1910400390625,-315.1211853027344,-299.9422302246094,-310.5215148925781,-282.69342041015625,-314.8912048339844,108.25556945800781,43.30222702026367,43.30222702026367,-300.0263671875
1.7758756918376655e+18,-288.4430236816406,-322.4806823730469,-297.1824035644531,-322.0207214355469,-301.0921630859375,-308.91162109375,-322.4806823730469,-305.69183349609375,108.25556945800781,43.30222702026367,43.30222702026367,-301.4740295410156
1.7758756918386655e+18,-286.6031494140625,-303.6219787597656,-307.0717468261719,-284.30328369140625,-310.29150390625,-283.84332275390625,-299.2522888183594,-305.46185302734375,108.25556945800781,43.30222702026367,43.30222702026367,-302.72149658203125
1.7758756918396654e+18,-309.83154296875,-281.7734680175781,-305.92181396484375,-292.3527526855469,-294.652587890625,-298.56231689453125,-273.9540100097656,-312.59136962890625,108.25556945800781,43.30222702026367,43.30222702026367,-301.0428161621094
1.7758756918406656e+18,-307.3017272949219,-280.3935546875,-299.7122497558594,-276.9438171386719,-294.422607421875,-281.3135070800781,-284.7632751464844,-292.3527526855469,108.25556945800781,43.30222702026367,43.30222702026367,-300.65777587890625
1.7758756918416655e+18,-287.9830322265625,-304.3119201660156,-311.6714172363281,-295.112548828125,-310.5215148925781,-284.7632751464844,-300.6321716308594,-289.8229064941406,108.25556945800781,43.30222702026367,43.30222702026367,-300.4421691894531
1.7758756918426655e+18,-292.3527526855469,-288.6730041503906,-289.8229064941406,-305.46185302734375,-282.0034484863281,-303.6219787597656,-276.9438171386719,-309.83154296875,108.25556945800781,43.30222702026367,43.30222702026367,-300.1957702636719
1.7758756918436657e+18,-287.0631103515625,-284.07330322265625,-288.9029846191406,-292.8127136230469,-286.6031494140625,-286.3731689453125,-281.7734680175781,-295.342529296875,108.25556945800781,43.30222702026367,43.30222702026367,-301.50482177734375
1.7758756918446656e+18,-283.61334228515625,-308.681640625,-280.8535461425781,-305.00189208984375,-277.8637390136719,-280.8535461425781,-278.0937194824219,-268.66436767578125,108.25556945800781,43.30222702026367,43.30222702026367,-299.0869140625
1.7758756918456655e+18,-277.8637390136719,-268.66436767578125,-296.2624816894531,-285.6831970214844,-254.6353302001953,-290.28289794921875,-292.1227722167969,-274.8739318847656,108.25556945800781,43.30222702026367,43.30222702026367,-298.10125732421875
1.7758756918466657e+18,-293.5026550292969,-280.3935546875,-285.6831970214844,-282.2334289550781,-288.2130432128906,-265.674560546875,-284.07330322265625,-269.12432861328125,108.25556945800781,43.30222702026367,43.30222702026367,-300.47296142578125
1.7758756918476657e+18,-301.5521240234375,-313.51129150390625,-286.1431579589844,-323.860595703125,-282.46343994140625,-300.8621520996094,-281.5434875488281,-277.1737976074219,108.25556945800781,43.30222702026367,43.30222702026367,-298.6864929199219
1.7758756918486656e+18,-303.8519592285156,-281.7734680175781,-303.3919982910156,-297.1824035644531,-297.64239501953125,-311.9013977050781,-286.8331298828125,-321.33074951171875,108.25556945800781,43.30222702026367,43.30222702026367,-299.3795166015625
1.7758756918496658e+18,-279.4736328125,-312.59136962890625,-276.25384521484375,-307.0717468261719,-288.6730041503906,-285.2232360839844,-299.2522888183594,-281.0835266113281,108.25556945800781,43.30222702026367,43.30222702026367,-300.65777587890625
1.7758756918506657e+18,-308.681640625,-325.010498046875,-301.0921630859375,-335.81976318359375,-297.41241455078125,-328.00030517578125,-294.422607421875,-319.95086669921875,108.25556945800781,43.30222702026367,43.30222702026367,-298.9790954589844
1.775875691851666e+18,-320.41082763671875,-288.2130432128906,-314.8912048339844,-295.112548828125,-306.15179443359375,-301.3221435546875,-294.652587890625,-313.28131103515625,108.25556945800781,43.30222702026367,43.30222702026367,-300.9504089355469
1.7758756918526659e+18,-328.00030517578125,-313.74127197265625,-285.9131774902344,-319.95086669921875,-306.61175537109375,-283.15338134765625,-314.2012634277344,-312.36138916015625,108.25556945800781,43.30222702026367,43.30222702026367,-299.9493408203125
1.7758756918536658e+18,-307.0717468261719,-325.9304504394531,-313.28131103515625,-297.41241455078125,-312.59136962890625,-290.51287841796875,-305.92181396484375,-310.9814758300781,108.25556945800781,43.30222702026367,43.30222702026367,-300.9042053222656
1.775875691854666e+18,-329.8401794433594,-307.5317077636719,-302.0120849609375,-319.72088623046875,-279.4736328125,-309.6015625,-293.5026550292969,-299.02227783203125,108.25556945800781,43.30222702026367,43.30222702026367,-301.5356140136719
1.775875691855666e+18,-317.8810119628906,-308.681640625,-294.422607421875,-315.8111267089844,-276.48382568359375,-302.9320373535156,-288.6730041503906,-295.8025207519531,108.25556945800781,43.30222702026367,43.30222702026367,-300.411376953125
1.7758756918566659e+18,-299.4822692871094,-313.05133056640625,-282.2334289550781,-315.3511657714844,-274.4139709472656,-297.41241455078125,-280.8535461425781,-294.192626953125,108.25556945800781,43.30222702026367,43.30222702026367,-299.5027160644531
1.775875691857666e+18,-310.9814758300781,-279.4736328125,-304.77191162109375,-286.1431579589844,-292.5827331542969,-282.0034484863281,-276.25384521484375,-302.9320373535156,108.25556945800781,43.30222702026367,43.30222702026367,-300.3035583496094
1.775875691858666e+18,-289.5929260253906,-288.9029846191406,-296.2624816894531,-278.0937194824219,-294.192626953125,-269.35430908203125,-289.5929260253906,-280.3935546875,108.25556945800781,43.30222702026367,43.30222702026367,-299.7337341308594
1.775875691859666e+18,-280.6235656738281,-267.2844543457031,-297.87237548828125,-297.87237548828125,-271.1941833496094,-299.9422302246094,-282.0034484863281,-264.294677734375,108.25556945800781,43.30222702026367,43.30222702026367,-300.2573547363281
1.775875691860666e+18,-297.1824035644531,-274.4139709472656,-292.3527526855469,-298.79229736328125,-279.70361328125,-299.7122497558594,-271.6541748046875,-300.1722106933594,108.25556945800781,43.30222702026367,43.30222702026367,-297.947265625
1.775875691861666e+18,-296.0325012207031,-273.4940490722656,-294.192626953125,-281.5434875488281,-286.8331298828125,-295.8025207519531,-272.1141357421875,-307.5317077636719,108.25556945800781,43.30222702026367,43.30222702026367,-297.82403564453125
1.775875691862666e+18,-295.112548828125,-273.9540100097656,-293.5026550292969,-279.4736328125,-276.25384521484375,-283.61334228515625,-260.61492919921875,-291.8927917480469,108.25556945800781,43.30222702026367,43.30222702026367,-299.2563171386719
1.7758756918636662e+18,-293.2726745605469,-298.79229736328125,-294.192626953125,-301.0921630859375,-289.8229064941406,-300.6321716308594,-276.02386474609375,-310.7514953613281,108.25556945800781,43.30222702026367,43.30222702026367,-300.7039794921875
1.775875691864666e+18,-281.7734680175781,-299.7122497558594,-277.8637390136719,-304.77191162109375,-271.8841552734375,-296.2624816894531,-262.4548034667969,-300.1722106933594,108.25556945800781,43.30222702026367,43.30222702026367,-300.4883728027344
1.775875691865666e+18,-293.962646484375,-300.8621520996094,-286.8331298828125,-311.6714172363281,-275.10394287109375,-300.1722106933594,-269.12432861328125,-296.9524230957031,108.25556945800781,43.30222702026367,43.30222702026367,-298.57867431640625
1.7758756918666662e+18,-324.090576171875,-302.4720458984375,-281.7734680175781,-319.95086669921875,-304.5419006347656,-276.48382568359375,-302.0120849609375,-318.1109924316406,108.25556945800781,43.30222702026367,43.30222702026367,-298.8404846191406
1.7758756918676662e+18,-300.1722106933594,-315.3511657714844,-305.92181396484375,-297.64239501953125,-310.5215148925781,-289.1329650878906,-297.41241455078125,-302.7020263671875,108.25556945800781,43.30222702026367,43.30222702026367,-300.9042053222656
1.7758756918686664e+18,-308.4516296386719,-331.4500732421875,-302.2420654296875,-342.25933837890625,-301.5521240234375,-324.090576171875,-306.61175537109375,-299.7122497558594,108.25556945800781,43.30222702026367,43.30222702026367,-299.5489196777344
1.7758756918696663e+18,-316.0411376953125,-313.28131103515625,-293.2726745605469,-322.7106628417969,-283.61334228515625,-311.9013977050781,-300.6321716308594,-297.64239501953125,108.25556945800781,43.30222702026367,43.30222702026367,-300.8117980957031
1.7758756918706662e+18,-323.400634765625,-298.33233642578125,-317.1910400390625,-323.860595703125,-308.2216491699219,-332.1400146484375,-300.4021911621094,-323.630615234375,108.25556945800781,43.30222702026367,43.30222702026367,-299.2101135253906
1.7758756918716664e+18,-303.8519592285156,-310.9814758300781,-311.2114562988281,-293.2726745605469,-312.59136962890625,-289.8229064941406,-308.2216491699219,-318.5709533691406,108.25556945800781,43.30222702026367,43.30222702026367,-301.41241455078125
1.7758756918726664e+18,-297.1824035644531,-299.02227783203125,-304.5419006347656,-288.4430236816406,-305.92181396484375,-285.2232360839844,-302.7020263671875,-300.4021911621094,108.25556945800781,43.30222702026367,43.30222702026367,-302.3980712890625
1.7758756918736663e+18,-304.3119201660156,-307.9916687011719,-271.6541748046875,-308.681640625,-306.61175537109375,-286.8331298828125,-307.7616882324219,-297.41241455078125,108.25556945800781,43.30222702026367,43.30222702026367,-299.61053466796875
1.7758756918746665e+18,-304.77191162109375,-278.5536804199219,-299.7122497558594,-286.3731689453125,-283.61334228515625,-288.6730041503906,-267.2844543457031,-299.7122497558594,108.25556945800781,43.30222702026367,43.30222702026367,-300.56536865234375
1.7758756918756664e+18,-317.1910400390625,-293.2726745605469,-306.61175537109375,-292.5827331542969,-278.78369140625,-289.5929260253906,-257.8551025390625,-293.5026550292969,108.25556945800781,43.30222702026367,43.30222702026367,-298.56329345703125
1.7758756918766664e+18,-296.4924621582031,-277.4037780761719,-289.3629455566406,-286.8331298828125,-272.3441162109375,-282.0034484863281,-257.1651611328125,-291.43280029296875,108.25556945800781,43.30222702026367,43.30222702026367,-299.8261413574219
1.7758756918776666e+18,-262.4548034667969,-297.1824035644531,-276.02386474609375,-287.2930908203125,-281.5434875488281,-266.3645324707031,-280.6235656738281,-265.214599609375,108.25556945800781,43.30222702026367,43.30222702026367,-300.1649475097656
1.7758756918786665e+18,-288.2130432128906,-291.66278076171875,-267.5144348144531,-299.9422302246094,-267.74444580078125,-279.70361328125,-273.9540100097656,-265.444580078125,108.25556945800781,43.30222702026367,43.30222702026367,-300.18035888671875
1.7758756918796664e+18,-282.69342041015625,-307.9916687011719,-282.46343994140625,-302.4720458984375,-282.0034484863281,-276.71380615234375,-281.7734680175781,-264.524658203125,108.25556945800781,43.30222702026367,43.30222702026367,-299.61053466796875
1.7758756918806666e+18,-264.984619140625,-288.4430236816406,-292.8127136230469,-273.0340576171875,-294.192626953125,-287.0631103515625,-273.7240295410156,-314.2012634277344,108.25556945800781,43.30222702026367,43.30222702026367,-297.8856506347656
1.7758756918816666e+18,-305.92181396484375,-287.9830322265625,-266.3645324707031,-311.9013977050781,-293.5026550292969,-285.4532165527344,-300.6321716308594,-291.8927917480469,108.25556945800781,43.30222702026367,43.30222702026367,-298.0550537109375
1.7758756918826665e+18,-286.1431579589844,-308.681640625,-274.6439514160156,-310.29150390625,-283.38336181640625,-292.5827331542969,-290.28289794921875,-277.1737976074219,108.25556945800781,43.30222702026367,43.30222702026367,-300.65777587890625
1.7758756918836667e+18,-290.97283935546875,-313.51129150390625,-279.93359375,-318.5709533691406,-279.70361328125,-309.6015625,-276.9438171386719,-305.46185302734375,108.25556945800781,43.30222702026367,43.30222702026367,-299.1793212890625
1.7758756918846666e+18,-317.1910400390625,-286.1431579589844,-312.36138916015625,-304.0819396972656,-296.2624816894531,-309.6015625,-280.6235656738281,-317.1910400390625,108.25556945800781,43.30222702026367,43.30222702026367,-301.13519287109375
1.7758756918856666e+18,-304.3119201660156,-332.8299865722656,-304.77191162109375,-339.95947265625,-301.0921630859375,-333.2899475097656,-296.2624816894531,-326.6203918457031,108.25556945800781,43.30222702026367,43.30222702026367,-299.7491455078125
1.7758756918866668e+18,-305.23187255859375,-293.5026550292969,-322.2507019042969,-291.8927917480469,-314.8912048339844,-305.23187255859375,-299.9422302246094,-331.4500732421875,108.25556945800781,43.30222702026367,43.30222702026367,-300.411376953125
1.7758756918876667e+18,-312.1313781738281,-315.3511657714844,-300.8621520996094,-324.780517578125,-289.3629455566406,-318.3409729003906,-280.6235656738281,-315.8111267089844,108.25556945800781,43.30222702026367,43.30222702026367,-299.3487243652344
1.7758756918886666e+18,-330.3001403808594,-310.9814758300781,-314.4312438964844,-313.97125244140625,-312.36138916015625,-305.69183349609375,-316.7310791015625,-307.3017272949219,108.25556945800781,43.30222702026367,43.30222702026367,-300.2573547363281
1.7758756918896666e+18,-289.1329650878906,-318.1109924316406,-302.0120849609375,-311.4414367675781,-320.18084716796875,-298.56231689453125,-305.69183349609375,-308.4516296386719,108.25556945800781,43.30222702026367,43.30222702026367,-300.3497619628906
1.7758756918906665e+18,-283.61334228515625,-302.0120849609375,-288.4430236816406,-290.97283935546875,-291.43280029296875,-277.8637390136719,-298.10235595703125,-279.70361328125,108.25556945800781,43.30222702026367,43.30222702026367,-299.2563171386719
1.7758756918916667e+18,-307.7616882324219,-302.4720458984375,-287.5230712890625,-325.7004699707031,-279.4736328125,-309.1416015625,-284.30328369140625,-298.79229736328125,108.25556945800781,43.30222702026367,43.30222702026367,-298.19366455078125
1.7758756918926666e+18,-297.87237548828125,-310.7514953613281,-287.7530517578125,-319.2608947753906,-278.0937194824219,-300.8621520996094,-278.3236999511719,-287.0631103515625,108.25556945800781,43.30222702026367,43.30222702026367,-297.82403564453125
1.7758756918936666e+18,-271.8841552734375,-296.9524230957031,-270.9642028808594,-298.79229736328125,-264.064697265625,-286.3731689453125,-266.3645324707031,-290.05291748046875,108.25556945800781,43.30222702026367,43.30222702026367,-298.57867431640625
1.7758756918946665e+18,-293.2726745605469,-274.8739318847656,-286.8331298828125,-287.9830322265625,-270.9642028808594,-285.6831970214844,-257.8551025390625,-293.732666015625,108.25556945800781,43.30222702026367,43.30222702026367,-299.3949279785156
1.7758756918956664e+18,-292.5827331542969,-289.5929260253906,-282.92340087890625,-310.29150390625,-274.6439514160156,-299.4822692871094,-269.8143005371094,-310.7514953613281,108.25556945800781,43.30222702026367,43.30222702026367,-301.2430114746094
1.7758756918966666e+18,-261.76483154296875,-292.5827331542969,-280.3935546875,-279.24365234375,-289.8229064941406,-263.6047058105469,-285.6831970214844,-279.013671875,108.25556945800781,43.30222702026367,43.30222702026367,-301.2892150878906
1.7758756918976666e+18,-280.16357421875,-313.51129150390625,-284.9932556152344,-310.29150390625,-285.6831970214844,-277.6337585449219,-286.1431579589844,-266.8244934082031,108.25556945800781,43.30222702026367,43.30222702026367,-299.9647521972656
1.7758756918986665e+18,-287.2930908203125,-315.8111267089844,-288.2130432128906,-320.41082763671875,-287.2930908203125,-287.5230712890625,-289.8229064941406,-273.2640686035156,108.25556945800781,43.30222702026367,43.30222702026367,-298.48626708984375
1.7758756918996664e+18,-299.7122497558594,-300.1722106933594,-289.5929260253906,-312.59136962890625,-278.5536804199219,-308.4516296386719,-265.674560546875,-303.8519592285156,108.25556945800781,43.30222702026367,43.30222702026367,-299.0561218261719
1.7758756919006664e+18,-310.9814758300781,-288.9029846191406,-302.7020263671875,-306.61175537109375,-290.28289794921875,-305.00189208984375,-279.93359375,-303.3919982910156,108.25556945800781,43.30222702026367,43.30222702026367,-300.3497619628906
1.7758756919016666e+18,-286.1431579589844,-316.5010986328125,-289.1329650878906,-323.630615234375,-286.6031494140625,-313.74127197265625,-277.1737976074219,-314.2012634277344,108.25556945800781,43.30222702026367,43.30222702026367,-301.02740478515625
1.7758756919026665e+18,-328.00030517578125,-308.681640625,-298.79229736328125,-328.23028564453125,-288.9029846191406,-313.05133056640625,-292.8127136230469,-296.4924621582031,108.25556945800781,43.30222702026367,43.30222702026367,-300.2419738769531
1.7758756919036664e+18,-287.0631103515625,-319.4908752441406,-290.97283935546875,-318.3409729003906,-297.41241455078125,-306.61175537109375,-296.4924621582031,-300.6321716308594,108.25556945800781,43.30222702026367,43.30222702026367,-299.61053466796875
1.7758756919046664e+18,-301.5521240234375,-317.6510009765625,-305.69183349609375,-322.0207214355469,-315.5811462402344,-311.9013977050781,-323.630615234375,-307.9916687011719,108.25556945800781,43.30222702026367,43.30222702026367,-301.11981201171875
1.7758756919056663e+18,-276.48382568359375,-298.10235595703125,-303.1620178222656,-324.780517578125,-302.9320373535156,-295.342529296875,-284.5332946777344,-302.9320373535156,108.25556945800781,43.30222702026367,43.30222702026367,-299.5797424316406
1.7758756919066665e+18,-290.28289794921875,-281.7734680175781,-306.8417663574219,-287.5230712890625,-290.74285888671875,-327.77032470703125,-287.5230712890625,-280.8535461425781,108.25556945800781,43.30222702026367,43.30222702026367,-301.3816223144531
1.7758756919076664e+18,-308.91162109375,-273.9540100097656,-279.70361328125,-310.0615234375,-272.1141357421875,-285.6831970214844,-313.28131103515625,-293.5026550292969,108.25556945800781,43.30222702026367,43.30222702026367,-298.701904296875
1.7758756919086664e+18,-307.5317077636719,-322.0207214355469,-277.6337585449219,-282.46343994140625,-301.7821044921875,-285.6831970214844,-255.55526733398438,-297.41241455078125,108.25556945800781,43.30222702026367,43.30222702026367,-300.781005859375
1.7758756919096663e+18,-291.8927917480469,-270.9642028808594,-297.41241455078125,-268.20440673828125,-286.3731689453125,-291.20281982421875,-272.3441162109375,-311.6714172363281,108.25556945800781,43.30222702026367,43.30222702026367,-298.9175109863281
1.7758756919106662e+18,-304.77191162109375,-277.8637390136719,-295.8025207519531,-287.9830322265625,-283.38336181640625,-305.46185302734375,-273.4940490722656,-307.3017272949219,108.25556945800781,43.30222702026367,43.30222702026367,-297.5622253417969
1.7758756919116664e+18,-273.7240295410156,-299.02227783203125,-273.2640686035156,-294.422607421875,-269.5843200683594,-282.2334289550781,-270.2742614746094,-288.2130432128906,108.25556945800781,43.30222702026367,43.30222702026367,-298.6864929199219
1.7758756919126664e+18,-299.02227783203125,-268.66436767578125,-290.05291748046875,-300.1722106933594,-258.7750549316406,-289.3629455566406,-291.8927917480469,-276.71380615234375,108.25556945800781,43.30222702026367,43.30222702026367,-299.6875305175781
1.7758756919136663e+18,-282.92340087890625,-282.46343994140625,-297.64239501953125,-270.0442810058594,-293.0426940917969,-274.6439514160156,-258.3150634765625,-301.5521240234375,108.25556945800781,43.30222702026367,43.30222702026367,-299.0561218261719
1.7758756919146662e+18,-289.3629455566406,-299.9422302246094,-274.1839904785156,-309.6015625,-268.89434814453125,-293.962646484375,-277.8637390136719,-282.69342041015625,108.25556945800781,43.30222702026367,43.30222702026367,-299.1639099121094
1.7758756919156662e+18,-321.33074951171875,-289.1329650878906,-302.4720458984375,-310.0615234375,-270.2742614746094,-294.192626953125,-288.9029846191406,-271.4241943359375,108.25556945800781,43.30222702026367,43.30222702026367,-300.1341552734375
1.7758756919166664e+18,-313.51129150390625,-326.1604309082031,-291.8927917480469,-297.87237548828125,-316.5010986328125,-298.10235595703125,-267.74444580078125,-313.97125244140625,108.25556945800781,43.30222702026367,43.30222702026367,-300.8271789550781
1.7758756919176663e+18,-292.8127136230469,-307.7616882324219,-304.77191162109375,-293.732666015625,-309.1416015625,-288.4430236816406,-303.6219787597656,-300.6321716308594,108.25556945800781,43.30222702026367,43.30222702026367,-302.10546875
1.7758756919186662e+18,-278.5536804199219,-315.1211853027344,-288.6730041503906,-317.1910400390625,-294.882568359375,-303.3919982910156,-303.1620178222656,-290.28289794921875,108.25556945800781,43.30222702026367,43.30222702026367,-301.30462646484375
1.7758756919196662e+18,-319.72088623046875,-291.43280029296875,-310.0615234375,-311.2114562988281,-292.8127136230469,-315.8111267089844,-281.3135070800781,-317.1910400390625,108.25556945800781,43.30222702026367,43.30222702026367,-300.8887939453125
1.775875691920666e+18,-322.4806823730469,-290.97283935546875,-319.2608947753906,-291.43280029296875,-316.7310791015625,-285.6831970214844,-310.7514953613281,-284.30328369140625,108.25556945800781,43.30222702026367,43.30222702026367,-299.7799377441406
1.7758756919216663e+18,-304.3119201660156,-329.1502380371094,-291.43280029296875,-312.1313781738281,-311.9013977050781,-286.3731689453125,-297.41241455078125,-331.2200927734375,108.25556945800781,43.30222702026367,43.30222702026367,-299.3949279785156
1.7758756919226662e+18,-284.30328369140625,-314.8912048339844,-286.6031494140625,-317.6510009765625,-278.3236999511719,-311.2114562988281,-270.0442810058594,-311.2114562988281,108.25556945800781,43.30222702026367,43.30222702026367,-300.5191650390625
1.7758756919236662e+18,-284.07330322265625,-306.38177490234375,-301.5521240234375,-304.5419006347656,-306.8417663574219,-292.3527526855469,-310.9814758300781,-289.8229064941406,108.25556945800781,43.30222702026367,43.30222702026367,-300.4267883300781
1.775875691924666e+18,-323.630615234375,-290.97283935546875,-304.5419006347656,-296.0325012207031,-290.28289794921875,-296.2624816894531,-273.4940490722656,-300.1722106933594,108.25556945800781,43.30222702026367,43.30222702026367,-300.18035888671875
1.775875691925666e+18,-303.1620178222656,-294.652587890625,-281.0835266113281,-301.5521240234375,-266.5945129394531,-289.8229064941406,-281.3135070800781,-273.4940490722656,108.25556945800781,43.30222702026367,43.30222702026367,-299.1023254394531
1.7758756919266662e+18,-290.74285888671875,-291.20281982421875,-272.5740966796875,-299.7122497558594,-264.294677734375,-292.3527526855469,-262.6847839355469,-293.2726745605469,108.25556945800781,43.30222702026367,43.30222702026367,-298.94830322265625
1.7758756919276662e+18,-303.1620178222656,-274.6439514160156,-296.2624816894531,-288.2130432128906,-287.5230712890625,-298.33233642578125,-276.9438171386719,-311.2114562988281,108.25556945800781,43.30222702026367,43.30222702026367,-298.2090759277344
1.775875691928666e+18,-266.8244934082031,-296.9524230957031,-269.5843200683594,-284.9932556152344,-283.84332275390625,-264.064697265625,-287.0631103515625,-273.7240295410156,108.25556945800781,43.30222702026367,43.30222702026367,-300.6885986328125
1.775875691929666e+18,-278.0937194824219,-282.2334289550781,-309.37158203125,-282.69342041015625,-288.4430236816406,-292.5827331542969,-264.524658203125,-301.3221435546875,108.25556945800781,43.30222702026367,43.30222702026367,-299.22552490234375
1.775875691930666e+18,-272.1141357421875,-300.8621520996094,-267.2844543457031,-303.8519592285156,-272.8040771484375,-279.93359375,-286.6031494140625,-272.3441162109375,108.25556945800781,43.30222702026367,43.30222702026367,-300.3805847167969
1.7758756919316662e+18,-273.0340576171875,-302.0120849609375,-273.4940490722656,-304.5419006347656,-265.214599609375,-296.4924621582031,-261.76483154296875,-302.7020263671875,108.25556945800781,43.30222702026367,43.30222702026367,-300.4883728027344
1.775875691932666e+18,-278.5536804199219,-304.3119201660156,-286.3731689453125,-294.882568359375,-296.4924621582031,-274.8739318847656,-295.342529296875,-288.2130432128906,108.25556945800781,43.30222702026367,43.30222702026367,-301.920654296875
1.775875691933666e+18,-284.7632751464844,-313.97125244140625,-280.6235656738281,-320.41082763671875,-279.24365234375,-309.37158203125,-274.8739318847656,-310.5215148925781,108.25556945800781,43.30222702026367,43.30222702026367,-300.9657897949219
1.775875691934666e+18,-289.5929260253906,-319.4908752441406,-284.07330322265625,-320.18084716796875,-285.9131774902344,-305.46185302734375,-291.8927917480469,-292.1227722167969,108.25556945800781,43.30222702026367,43.30222702026367,-300.84259033203125
1.775875691935666e+18,-317.8810119628906,-324.550537109375,-312.36138916015625,-338.1195983886719,-302.0120849609375,-330.9901123046875,-295.8025207519531,-329.3802185058594,108.25556945800781,43.30222702026367,43.30222702026367,-301.8282470703125
1.775875691936666e+18,-317.6510009765625,-291.8927917480469,-320.64080810546875,-294.192626953125,-316.5010986328125,-291.66278076171875,-306.61175537109375,-314.8912048339844,108.25556945800781,43.30222702026367,43.30222702026367,-302.690673828125
1.775875691937666e+18,-302.9320373535156,-325.010498046875,-310.7514953613281,-307.7616882324219,-312.1313781738281,-288.2130432128906,-301.7821044921875,-307.9916687011719,108.25556945800781,43.30222702026367,43.30222702026367,-301.4894104003906
1.775875691938666e+18,-315.1211853027344,-284.30328369140625,-311.6714172363281,-305.23187255859375,-296.2624816894531,-316.2711181640625,-287.5230712890625,-329.6101989746094,108.25556945800781,43.30222702026367,43.30222702026367,-301.350830078125
1.775875691939666e+18,-292.1227722167969,-315.5811462402344,-286.3731689453125,-317.4210205078125,-308.681640625,-298.79229736328125,-316.2711181640625,-294.422607421875,108.25556945800781,43.30222702026367,43.30222702026367,-300.9504089355469
1.7758756919406659e+18,-319.95086669921875,-297.87237548828125,-301.7821044921875,-305.69183349609375,-271.4241943359375,-298.79229736328125,-266.1345520019531,-299.02227783203125,108.25556945800781,43.30222702026367,43.30222702026367,-299.7645568847656
1.775875691941666e+18,-300.8621520996094,-289.1329650878906,-282.0034484863281,-301.3221435546875,-272.3441162109375,-293.0426940917969,-267.74444580078125,-296.7224426269531,108.25556945800781,43.30222702026367,43.30222702026367,-300.07257080078125
1.775875691942666e+18,-293.5026550292969,-310.7514953613281,-291.43280029296875,-295.112548828125,-285.4532165527344,-286.6031494140625,-274.4139709472656,-287.7530517578125,108.25556945800781,43.30222702026367,43.30222702026367,-300.18035888671875
1.775875691943666e+18,-312.36138916015625,-282.2334289550781,-306.15179443359375,-288.9029846191406,-286.3731689453125,-288.4430236816406,-255.32528686523438,-297.87237548828125,108.25556945800781,43.30222702026367,43.30222702026367,-299.3025207519531
1.7758756919446659e+18,-267.5144348144531,-298.56231689453125,-276.9438171386719,-297.1824035644531,-295.342529296875,-285.9131774902344,-297.87237548828125,-281.3135070800781,108.25556945800781,43.30222702026367,43.30222702026367,-299.5335388183594
1.7758756919456658e+18,-261.07489013671875,-295.342529296875,-266.5945129394531,-292.1227722167969,-271.4241943359375,-275.79388427734375,-281.3135070800781,-262.9147644042969,108.25556945800781,43.30222702026367,43.30222702026367,-297.762451171875
1.775875691946666e+18,-313.74127197265625,-286.6031494140625,-300.6321716308594,-292.3527526855469,-269.5843200683594,-291.43280029296875,-261.76483154296875,-285.2232360839844,108.25556945800781,43.30222702026367,43.30222702026367,-298.48626708984375
1.775875691947666e+18,-304.3119201660156,-281.0835266113281,-301.3221435546875,-295.8025207519531,-293.2726745605469,-305.00189208984375,-280.8535461425781,-316.7310791015625,108.25556945800781,43.30222702026367,43.30222702026367,-298.47088623046875
1.7758756919486659e+18,-286.1431579589844,-293.5026550292969,-300.4021911621094,-279.93359375,-303.8519592285156,-279.93359375,-293.5026550292969,-308.91162109375,108.25556945800781,43.30222702026367,43.30222702026367,-300.9042053222656
1.7758756919496658e+18,-272.3441162109375,-310.7514953613281,-276.9438171386719,-313.74127197265625,-273.0340576171875,-306.38177490234375,-270.2742614746094,-309.6015625,108.25556945800781,43.30222702026367,43.30222702026367,-300.7193908691406
1.7758756919506657e+18,-293.5026550292969,-310.5215148925781,-284.5332946777344,-318.3409729003906,-281.0835266113281,-306.15179443359375,-287.9830322265625,-298.10235595703125,108.25556945800781,43.30222702026367,43.30222702026367,-299.471923828125
1.775875691951666e+18,-309.83154296875,-305.23187255859375,-293.2726745605469,-318.8009338378906,-284.9932556152344,-314.6612243652344,-284.30328369140625,-317.8810119628906,108.25556945800781,43.30222702026367,43.30222702026367,-300.64239501953125
1.7758756919526659e+18,-306.8417663574219,-311.4414367675781,-323.630615234375,-292.1227722167969,-312.36138916015625,-305.46185302734375,-278.0937194824219,-325.7004699707031,108.25556945800781,43.30222702026367,43.30222702026367,-300.3343811035156
1.7758756919536658e+18,-304.5419006347656,-316.7310791015625,-292.8127136230469,-325.010498046875,-296.4924621582031,-312.1313781738281,-313.97125244140625,-310.29150390625,108.25556945800781,43.30222702026367,43.30222702026367,-301.2584228515625
1.7758756919546657e+18,-318.1109924316406,-296.2624816894531,-315.1211853027344,-330.0701599121094,-301.7821044921875,-324.090576171875,-297.87237548828125,-300.4021911621094,108.25556945800781,43.30222702026367,43.30222702026367,-301.350830078125
1.7758756919556657e+18,-314.4312438964844,-288.9029846191406,-307.0717468261719,-302.7020263671875,-284.07330322265625,-306.38177490234375,-275.79388427734375,-313.05133056640625,108.25556945800781,43.30222702026367,43.30222702026367,-300.6269836425781
1.7758756919566659e+18,-296.9524230957031,-326.3904113769531,-298.79229736328125,-318.5709533691406,-299.7122497558594,-296.2624816894531,-291.8927917480469,-293.5026550292969,108.25556945800781,43.30222702026367,43.30222702026367,-299.3641357421875
1.7758756919576658e+18,-283.84332275390625,-306.38177490234375,-280.8535461425781,-308.2216491699219,-276.71380615234375,-296.9524230957031,-274.8739318847656,-298.79229736328125,108.25556945800781,43.30222702026367,43.30222702026367,-300.041748046875
1.7758756919586657e+18,-283.61334228515625,-302.0120849609375,-277.8637390136719,-305.69183349609375,-289.5929260253906,-289.8229064941406,-299.02227783203125,-285.6831970214844,108.25556945800781,43.30222702026367,43.30222702026367,-300.1649475097656
1.7758756919596657e+18,-270.0442810058594,-291.8927917480469,-308.91162109375,-283.84332275390625,-294.422607421875,-289.8229064941406,-252.5654754638672,-296.4924621582031,108.25556945800781,43.30222702026367,43.30222702026367,-298.56329345703125
1.7758756919606656e+18,-272.3441162109375,-297.87237548828125,-278.0937194824219,-298.10235595703125,-286.1431579589844,-283.61334228515625,-297.87237548828125,-278.0937194824219,108.25556945800781,43.30222702026367,43.30222702026367,-300.0109558105469
1.7758756919616658e+18,-292.8127136230469,-289.5929260253906,-304.77191162109375,-288.4430236816406,-291.20281982421875,-280.8535461425781,-275.10394287109375,-287.9830322265625,108.25556945800781,43.30222702026367,43.30222702026367,-299.5643310546875
1.7758756919626657e+18,-280.3935546875,-273.9540100097656,-290.51287841796875,-276.9438171386719,-284.9932556152344,-295.342529296875,-277.4037780761719,-304.77191162109375,108.25556945800781,43.30222702026367,43.30222702026367,-298.5478820800781
1.7758756919636657e+18,-299.2522888183594,-270.2742614746094,-291.66278076171875,-294.882568359375,-276.71380615234375,-308.91162109375,-276.9438171386719,-295.342529296875,108.25556945800781,43.30222702026367,43.30222702026367,-298.48626708984375
1.7758756919646656e+18,-304.0819396972656,-280.8535461425781,-296.9524230957031,-293.962646484375,-289.8229064941406,-290.74285888671875,-286.1431579589844,-297.41241455078125,108.25556945800781,43.30222702026367,43.30222702026367,-300.5037841796875
1.7758756919656655e+18,-279.013671875,-310.9814758300781,-290.97283935546875,-301.0921630859375,-304.0819396972656,-285.4532165527344,-313.74127197265625,-284.5332946777344,108.25556945800781,43.30222702026367,43.30222702026367,-300.1649475097656
1.7758756919666657e+18,-310.9814758300781,-310.9814758300781,-277.8637390136719,-317.8810119628906,-293.2726745605469,-292.5827331542969,-317.8810119628906,-290.28289794921875,108.25556945800781,43.30222702026367,43.30222702026367,-300.79638671875
1.7758756919676657e+18,-315.8111267089844,-295.5725402832031,-314.6612243652344,-307.0717468261719,-309.1416015625,-315.3511657714844,-298.10235595703125,-330.7601013183594,108.25556945800781,43.30222702026367,43.30222702026367,-299.4411315917969
1.7758756919686656e+18,-299.7122497558594,-322.0207214355469,-290.51287841796875,-320.41082763671875,-291.43280029296875,-303.1620178222656,-305.00189208984375,-292.3527526855469,108.25556945800781,43.30222702026367,43.30222702026367,-300.2881774902344
1.7758756919696655e+18,-296.7224426269531,-324.780517578125,-308.91162109375,-320.64080810546875,-321.33074951171875,-307.5317077636719,-321.33074951171875,-312.1313781738281,108.25556945800781,43.30222702026367,43.30222702026367,-300.8733825683594
1.7758756919706655e+18,-283.84332275390625,-316.2711181640625,-305.23187255859375,-311.9013977050781,-319.4908752441406,-302.7020263671875,-328.69024658203125,-308.681640625,108.25556945800781,43.30222702026367,43.30222702026367,-301.5664367675781
1.7758756919716657e+18,-321.10076904296875,-287.5230712890625,-318.3409729003906,-291.20281982421875,-306.8417663574219,-294.652587890625,-295.5725402832031,-307.0717468261719,108.25556945800781,43.30222702026367,43.30222702026367,-301.68963623046875
1.7758756919726656e+18,-290.28289794921875,-312.1313781738281,-306.38177490234375,-308.2216491699219,-314.6612243652344,-297.1824035644531,-306.15179443359375,-306.15179443359375,108.25556945800781,43.30222702026367,43.30222702026367,-301.02740478515625
1.7758756919736655e+18,-311.2114562988281,-282.69342041015625,-300.6321716308594,-291.8927917480469,-282.92340087890625,-302.4720458984375,-267.5144348144531,-312.59136962890625,108.25556945800781,43.30222702026367,43.30222702026367,-299.81072998046875
1.7758756919746655e+18,-291.8927917480469,-315.3511657714844,-289.5929260253906,-298.79229736328125,-285.4532165527344,-277.6337585449219,-291.43280029296875,-271.4241943359375,108.25556945800781,43.30222702026367,43.30222702026367,-300.3189697265625
1.7758756919756654e+18,-278.78369140625,-303.6219787597656,-270.7342224121094,-305.92181396484375,-278.78369140625,-291.20281982421875,-291.66278076171875,-291.20281982421875,108.25556945800781,43.30222702026367,43.30222702026367,-299.9339599609375
1.7758756919766656e+18,-296.2624816894531,-291.43280029296875,-260.38494873046875,-302.7020263671875,-289.1329650878906,-271.6541748046875,-285.2232360839844,-293.5026550292969,108.25556945800781,43.30222702026367,43.30222702026367,-297.53143310546875
1.7758756919776655e+18,-308.4516296386719,-292.1227722167969,-264.754638671875,-299.02227783203125,-281.5434875488281,-257.3951416015625,-279.93359375,-285.6831970214844,108.25556945800781,43.30222702026367,43.30222702026367,-299.2563171386719
1.7758756919786655e+18,-290.97283935546875,-276.25384521484375,-296.2624816894531,-289.3629455566406,-285.6831970214844,-306.8417663574219,-267.0544738769531,-289.1329650878906,108.25556945800781,43.30222702026367,43.30222702026367,-298.28607177734375
1.7758756919796654e+18,-308.2216491699219,-287.2930908203125,-308.4516296386719,-287.2930908203125,-289.8229064941406,-285.2232360839844,-258.0850830078125,-294.192626953125,108.25556945800781,43.30222702026367,43.30222702026367,-298.701904296875
1.7758756919806653e+18,-296.7224426269531,-290.74285888671875,-296.4924621582031,-293.732666015625,-291.43280029296875,-284.5332946777344,-286.1431579589844,-284.5332946777344,108.25556945800781,43.30222702026367,43.30222702026367,-299.1177062988281
1.7758756919816655e+18,-304.5419006347656,-282.69342041015625,-295.112548828125,-290.97283935546875,-283.38336181640625,-286.3731689453125,-276.9438171386719,-292.1227722167969,108.25556945800781,43.30222702026367,43.30222702026367,-299.6259460449219
1.7758756919826655e+18,-292.8127136230469,-304.3119201660156,-271.1941833496094,-316.2711181640625,-294.882568359375,-288.6730041503906,-313.05133056640625,-292.5827331542969,108.25556945800781,43.30222702026367,43.30222702026367,-300.7039794921875
1.7758756919836654e+18,-287.0631103515625,-307.9916687011719,-288.4430236816406,-313.51129150390625,-295.342529296875,-305.23187255859375,-282.69342041015625,-308.91162109375,108.25556945800781,43.30222702026367,43.30222702026367,-300.84259033203125
1.7758756919846653e+18,-284.5332946777344,-311.2114562988281,-318.5709533691406,-300.1722106933594,-327.31036376953125,-307.5317077636719,-279.93359375,-319.4908752441406,108.25556945800781,43.30222702026367,43.30222702026367,-301.3662109375
1.7758756919856655e+18,-284.30328369140625,-313.97125244140625,-323.630615234375,-302.4720458984375,-317.4210205078125,-316.7310791015625,-279.24365234375,-310.9814758300781,108.25556945800781,43.30222702026367,43.30222702026367,-302.7830810546875
1.7758756919866655e+18,-308.681640625,-329.6101989746094,-304.5419006347656,-309.37158203125,-306.15179443359375,-288.6730041503906,-311.9013977050781,-296.0325012207031,108.25556945800781,43.30222702026367,43.30222702026367,-301.6280212402344
1.7758756919876654e+18,-320.64080810546875,-291.43280029296875,-313.05133056640625,-295.342529296875,-305.69183349609375,-292.5827331542969,-307.5317077636719,-290.28289794921875,108.25556945800781,43.30222702026367,43.30222702026367,-299.6259460449219
1.7758756919886653e+18,-306.8417663574219,-322.7106628417969,-306.38177490234375,-301.7821044921875,-304.77191162109375,-286.1431579589844,-305.46185302734375,-290.97283935546875,108.25556945800781,43.30222702026367,43.30222702026367,-300.9657897949219
1.7758756919896655e+18,-315.3511657714844,-305.69183349609375,-322.2507019042969,-304.5419006347656,-296.2624816894531,-304.5419006347656,-273.2640686035156,-308.2216491699219,108.25556945800781,43.30222702026367,43.30222702026367,-299.04071044921875
1.7758756919906655e+18,-295.112548828125,-310.7514953613281,-280.6235656738281,-312.59136962890625,-272.1141357421875,-299.2522888183594,-282.46343994140625,-294.192626953125,108.25556945800781,43.30222702026367,43.30222702026367,-298.74810791015625
1.7758756919916654e+18,-273.0340576171875,-307.5317077636719,-271.6541748046875,-308.91162109375,-263.3747253417969,-296.2624816894531,-267.74444580078125,-298.79229736328125,108.25556945800781,43.30222702026367,43.30222702026367,-299.1177062988281
1.7758756919926656e+18,-302.2420654296875,-274.6439514160156,-298.56231689453125,-275.33392333984375,-291.20281982421875,-279.70361328125,-270.0442810058594,-294.652587890625,108.25556945800781,43.30222702026367,43.30222702026367,-299.5797424316406
1.7758756919936655e+18,-294.882568359375,-276.25384521484375,-296.2624816894531,-270.0442810058594,-291.66278076171875,-261.99481201171875,-287.7530517578125,-267.5144348144531,108.25556945800781,43.30222702026367,43.30222702026367,-299.6721496582031
1.7758756919946655e+18,-295.5725402832031,-269.5843200683594,-295.5725402832031,-265.9045715332031,-292.1227722167969,-259.9249572753906,-287.0631103515625,-259.9249572753906,108.25556945800781,43.30222702026367,43.30222702026367,-298.0704650878906
1.7758756919956657e+18,-284.9932556152344,-284.5332946777344,-274.6439514160156,-294.192626953125,-262.2248229980469,-290.51287841796875,-260.38494873046875,-291.43280029296875,108.25556945800781,43.30222702026367,43.30222702026367,-298.9175109863281
1.7758756919966656e+18,-283.15338134765625,-295.8025207519531,-270.7342224121094,-293.962646484375,-278.5536804199219,-270.7342224121094,-281.0835266113281,-273.0340576171875,108.25556945800781,43.30222702026367,43.30222702026367,-301.0428161621094
1.7758756919976655e+18,-291.66278076171875,-305.46185302734375,-289.5929260253906,-319.4908752441406,-282.0034484863281,-297.64239501953125,-281.3135070800781,-275.33392333984375,108.25556945800781,43.30222702026367,43.30222702026367,-299.70294189453125
1.7758756919986655e+18,-291.20281982421875,-277.1737976074219,-304.0819396972656,-280.6235656738281,-290.97283935546875,-298.10235595703125,-257.1651611328125,-306.15179443359375,108.25556945800781,43.30222702026367,43.30222702026367,-299.81072998046875
1.7758756919996657e+18,-297.87237548828125,-287.2930908203125,-303.1620178222656,-290.28289794921875,-303.1620178222656,-283.38336181640625,-297.87237548828125,-291.66278076171875,108.25556945800781,43.30222702026367,43.30222702026367,-302.0130615234375
1.7758756920006656e+18,-326.6203918457031,-302.2420654296875,-319.95086669921875,-308.2216491699219,-297.87237548828125,-306.8417663574219,-276.9438171386719,-307.0717468261719,108.25556945800781,43.30222702026367,43.30222702026367,-299.61053466796875
1.7758756920016655e+18,-317.4210205078125,-290.51287841796875,-316.0411376953125,-289.8229064941406,-315.5811462402344,-282.2334289550781,-310.0615234375,-281.3135070800781,108.25556945800781,43.30222702026367,43.30222702026367,-299.2563171386719
1.7758756920026657e+18,-292.5827331542969,-321.5607604980469,-295.5725402832031,-319.95086669921875,-296.9524230957031,-304.3119201660156,-304.0819396972656,-294.422607421875,108.25556945800781,43.30222702026367,43.30222702026367,-299.5643310546875
1.7758756920036657e+18,-294.882568359375,-322.0207214355469,-288.9029846191406,-322.7106628417969,-302.9320373535156,-301.3221435546875,-307.3017272949219,-294.192626953125,108.25556945800781,43.30222702026367,43.30222702026367,-301.96685791015625
1.7758756920046656e+18,-304.5419006347656,-323.630615234375,-305.00189208984375,-305.46185302734375,-311.2114562988281,-296.2624816894531,-300.8621520996094,-312.36138916015625,108.25556945800781,43.30222702026367,43.30222702026367,-300.9966125488281
1.7758756920056658e+18,-281.5434875488281,-315.1211853027344,-324.780517578125,-304.3119201660156,-282.0034484863281,-316.2711181640625,-302.9320373535156,-282.92340087890625,108.25556945800781,43.30222702026367,43.30222702026367,-298.902099609375
1.7758756920066657e+18,-314.8912048339844,-312.1313781738281,-297.1824035644531,-292.8127136230469,-279.93359375,-305.92181396484375,-306.61175537109375,-310.0615234375,108.25556945800781,43.30222702026367,43.30222702026367,-301.166015625
1.7758756920076657e+18,-296.7224426269531,-314.8912048339844,-280.3935546875,-290.28289794921875,-306.8417663574219,-288.9029846191406,-283.61334228515625,-317.8810119628906,108.25556945800781,43.30222702026367,43.30222702026367,-300.47296142578125
1.7758756920086656e+18,-303.1620178222656,-289.3629455566406,-286.3731689453125,-316.7310791015625,-281.7734680175781,-267.5144348144531,-289.8229064941406,-289.1329650878906,108.25556945800781,43.30222702026367,43.30222702026367,-298.9328918457031
1.7758756920096658e+18,-279.93359375,-276.48382568359375,-296.7224426269531,-302.4720458984375,-283.84332275390625,-276.25384521484375,-274.1839904785156,-307.7616882324219,108.25556945800781,43.30222702026367,43.30222702026367,-300.7655944824219
1.7758756920106657e+18,-274.4139709472656,-296.2624816894531,-273.0340576171875,-296.0325012207031,-291.66278076171875,-284.30328369140625,-295.5725402832031,-285.2232360839844,108.25556945800781,43.30222702026367,43.30222702026367,-299.13311767578125
1.7758756920116657e+18,-268.66436767578125,-284.7632751464844,-282.92340087890625,-272.5740966796875,-284.07330322265625,-277.6337585449219,-280.3935546875,-292.3527526855469,108.25556945800781,43.30222702026367,43.30222702026367,-299.7491455078125
1.7758756920126659e+18,-305.46185302734375,-289.1329650878906,-270.5042419433594,-302.0120849609375,-255.32528686523438,-287.5230712890625,-264.524658203125,-272.5740966796875,108.25556945800781,43.30222702026367,43.30222702026367,-298.3168640136719
1.7758756920136658e+18,-291.20281982421875,-284.30328369140625,-293.0426940917969,-281.3135070800781,-293.732666015625,-267.74444580078125,-289.1329650878906,-265.9045715332031,108.25556945800781,43.30222702026367,43.30222702026367,-298.37847900390625
1.7758756920146657e+18,-292.8127136230469,-291.43280029296875,-284.7632751464844,-297.41241455078125,-274.6439514160156,-293.732666015625,-261.99481201171875,-297.1824035644531,108.25556945800781,43.30222702026367,43.30222702026367,-300.1341552734375
1.775875692015666e+18,-317.8810119628906,-297.64239501953125,-316.7310791015625,-298.10235595703125,-310.0615234375,-288.9029846191406,-302.9320373535156,-293.2726745605469,108.25556945800781,43.30222702026367,43.30222702026367,-300.56536865234375
1.7758756920166659e+18,-296.4924621582031,-318.1109924316406,-290.05291748046875,-283.61334228515625,-306.38177490234375,-320.64080810546875,-281.0835266113281,-300.6321716308594,108.25556945800781,43.30222702026367,43.30222702026367,-301.3816223144531
1.7758756920176658e+18,-309.37158203125,-286.6031494140625,-307.0717468261719,-306.15179443359375,-285.9131774902344,-308.2216491699219,-277.1737976074219,-311.9013977050781,108.25556945800781,43.30222702026367,43.30222702026367,-300.7193908691406
1.775875692018666e+18,-318.1109924316406,-291.66278076171875,-315.3511657714844,-306.15179443359375,-296.2624816894531,-309.6015625,-281.0835266113281,-314.2012634277344,108.25556945800781,43.30222702026367,43.30222702026367,-301.0119934082031
1.775875692019666e+18,-306.15179443359375,-333.5199279785156,-312.36138916015625,-316.2711181640625,-317.1910400390625,-295.342529296875,-308.4516296386719,-286.3731689453125,108.25556945800781,43.30222702026367,43.30222702026367,-299.65673828125
1.7758756920206659e+18,-294.882568359375,-325.4704895019531,-293.5026550292969,-326.3904113769531,-291.20281982421875,-314.6612243652344,-282.92340087890625,-319.0309143066406,108.25556945800781,43.30222702026367,43.30222702026367,-301.350830078125
1.7758756920216658e+18,-295.342529296875,-326.3904113769531,-314.4312438964844,-292.5827331542969,-320.41082763671875,-305.23187255859375,-275.56390380859375,-319.95086669921875,108.25556945800781,43.30222702026367,43.30222702026367,-300.8733825683594
1.775875692022666e+18,-307.7616882324219,-286.6031494140625,-313.28131103515625,-297.1824035644531,-307.9916687011719,-316.5010986328125,-296.4924621582031,-327.31036376953125,108.25556945800781,43.30222702026367,43.30222702026367,-299.3641357421875
1.775875692023666e+18,-298.56231689453125,-297.41241455078125,-315.8111267089844,-292.1227722167969,-319.0309143066406,-291.20281982421875,-305.69183349609375,-300.8621520996094,108.25556945800781,43.30222702026367,43.30222702026367,-300.4267883300781
1.7758756920246659e+18,-288.4430236816406,-301.7821044921875,-274.8739318847656,-308.681640625,-265.444580078125,-300.1722106933594,-271.4241943359375,-296.7224426269531,108.25556945800781,43.30222702026367,43.30222702026367,-298.5478820800781
1.775875692025666e+18,-272.1141357421875,-303.1620178222656,-283.84332275390625,-286.8331298828125,-308.2216491699219,-282.0034484863281,-274.1839904785156,-303.8519592285156,108.25556945800781,43.30222702026367,43.30222702026367,-297.5622253417969
1.775875692026666e+18,-302.9320373535156,-311.2114562988281,-281.3135070800781,-291.20281982421875,-294.882568359375,-271.6541748046875,-256.7052001953125,-302.9320373535156,108.25556945800781,43.30222702026367,43.30222702026367,-298.8096923828125
1.775875692027666e+18,-262.4548034667969,-301.5521240234375,-288.4430236816406,-278.78369140625,-303.8519592285156,-282.46343994140625,-259.9249572753906,-300.8621520996094,108.25556945800781,43.30222702026367,43.30222702026367,-297.2696228027344
1.775875692028666e+18,-272.8040771484375,-280.8535461425781,-298.56231689453125,-262.9147644042969,-287.0631103515625,-280.8535461425781,-273.4940490722656,-313.05133056640625,108.25556945800781,43.30222702026367,43.30222702026367,-298.532470703125
1.775875692029666e+18,-276.71380615234375,-294.652587890625,-271.1941833496094,-302.0120849609375,-257.3951416015625,-295.342529296875,-253.25543212890625,-295.112548828125,108.25556945800781,43.30222702026367,43.30222702026367,-299.51812744140625
1.775875692030666e+18,-307.9916687011719,-290.74285888671875,-278.5536804199219,-309.37158203125,-267.0544738769531,-276.9438171386719,-290.74285888671875,-270.2742614746094,108.25556945800781,43.30222702026367,43.30222702026367,-298.9945068359375
1.775875692031666e+18,-320.18084716796875,-292.5827331542969,-318.3409729003906,-294.652587890625,-313.74127197265625,-284.5332946777344,-294.652587890625,-294.422607421875,108.25556945800781,43.30222702026367,43.30222702026367,-299.9493408203125
1.775875692032666e+18,-310.9814758300781,-298.10235595703125,-282.69342041015625,-310.9814758300781,-274.1839904785156,-294.192626953125,-291.66278076171875,-282.2334289550781,108.25556945800781,43.30222702026367,43.30222702026367,-301.78204345703125
1.775875692033666e+18,-303.6219787597656,-312.59136962890625,-280.3935546875,-319.2608947753906,-291.20281982421875,-282.92340087890625,-305.69183349609375,-281.7734680175781,108.25556945800781,43.30222702026367,43.30222702026367,-302.505859375
1.775875692034666e+18,-277.6337585449219,-315.1211853027344,-287.2930908203125,-312.59136962890625,-296.2624816894531,-289.5929260253906,-300.1722106933594,-291.43280029296875,108.25556945800781,43.30222702026367,43.30222702026367,-301.5202331542969
1.7758756920356662e+18,-317.6510009765625,-291.20281982421875,-313.28131103515625,-304.5419006347656,-299.7122497558594,-310.29150390625,-281.0835266113281,-317.8810119628906,108.25556945800781,43.30222702026367,43.30222702026367,-301.166015625
1.775875692036666e+18,-308.4516296386719,-331.2200927734375,-307.5317077636719,-334.66986083984375,-303.1620178222656,-307.3017272949219,-302.2420654296875,-291.20281982421875,108.25556945800781,43.30222702026367,43.30222702026367,-300.93499755859375
1.775875692037666e+18,-291.8927917480469,-314.6612243652344,-290.28289794921875,-324.550537109375,-295.342529296875,-316.0411376953125,-309.6015625,-308.91162109375,108.25556945800781,43.30222702026367,43.30222702026367,-301.350830078125
1.7758756920386662e+18,-310.5215148925781,-279.4736328125,-314.8912048339844,-295.342529296875,-300.6321716308594,-314.6612243652344,-287.7530517578125,-330.9901123046875,108.25556945800781,43.30222702026367,43.30222702026367,-302.0284423828125
1.7758756920396662e+18,-288.2130432128906,-314.8912048339844,-284.7632751464844,-318.1109924316406,-298.79229736328125,-300.6321716308594,-312.82135009765625,-296.4924621582031,108.25556945800781,43.30222702026367,43.30222702026367,-301.02740478515625
1.775875692040666e+18,-306.61175537109375,-293.732666015625,-316.2711181640625,-294.192626953125,-314.8912048339844,-289.8229064941406,-309.83154296875,-288.4430236816406,108.25556945800781,43.30222702026367,43.30222702026367,-300.4421691894531
1.775875692041666e+18,-300.4021911621094,-302.9320373535156,-272.3441162109375,-304.77191162109375,-270.5042419433594,-287.0631103515625,-279.70361328125,-273.2640686035156,108.25556945800781,43.30222702026367,43.30222702026367,-301.0119934082031
1.7758756920426662e+18,-285.9131774902344,-293.5026550292969,-289.1329650878906,-279.70361328125,-286.8331298828125,-269.5843200683594,-284.5332946777344,-273.0340576171875,108.25556945800781,43.30222702026367,43.30222702026367,-300.73480224609375
1.7758756920436662e+18,-286.8331298828125,-316.2711181640625,-284.30328369140625,-319.95086669921875,-274.4139709472656,-311.6714172363281,-271.6541748046875,-310.29150390625,108.25556945800781,43.30222702026367,43.30222702026367,-300.8887939453125
1.775875692044666e+18,-296.0325012207031,-266.3645324707031,-292.1227722167969,-280.8535461425781,-273.7240295410156,-286.3731689453125,-258.0850830078125,-292.8127136230469,108.25556945800781,43.30222702026367,43.30222702026367,-299.271728515625
1.7758756920456663e+18,-299.4822692871094,-273.2640686035156,-297.64239501953125,-272.1141357421875,-291.66278076171875,-269.12432861328125,-280.3935546875,-272.5740966796875,108.25556945800781,43.30222702026367,43.30222702026367,-298.28607177734375
1.7758756920466662e+18,-296.0325012207031,-279.4736328125,-282.69342041015625,-292.3527526855469,-265.9045715332031,-293.732666015625,-270.0442810058594,-292.5827331542969,108.25556945800781,43.30222702026367,43.30222702026367,-299.1947021484375
1.7758756920476662e+18,-276.9438171386719,-306.8417663574219,-276.48382568359375,-309.6015625,-275.33392333984375,-299.9422302246094,-267.5144348144531,-305.23187255859375,108.25556945800781,43.30222702026367,43.30222702026367,-299.8261413574219
1.7758756920486664e+18,-287.5230712890625,-287.9830322265625,-302.2420654296875,-281.7734680175781,-302.7020263671875,-286.1431579589844,-290.28289794921875,-313.51129150390625,108.25556945800781,43.30222702026367,43.30222702026367,-300.07257080078125
1.7758756920496663e+18,-305.23187255859375,-293.962646484375,-301.7821044921875,-325.240478515625,-294.422607421875,-321.33074951171875,-290.97283935546875,-299.7122497558594,108.25556945800781,43.30222702026367,43.30222702026367,-299.81072998046875
1.7758756920506662e+18,-327.54034423828125,-300.1722106933594,-317.1910400390625,-307.7616882324219,-293.0426940917969,-308.681640625,-273.2640686035156,-314.2012634277344,108.25556945800781,43.30222702026367,43.30222702026367,-299.287109375
1.7758756920516662e+18,-300.1722106933594,-329.8401794433594,-303.8519592285156,-317.1910400390625,-308.91162109375,-292.5827331542969,-307.5317077636719,-290.05291748046875,108.25556945800781,43.30222702026367,43.30222702026367,-300.5191650390625
1.7758756920526664e+18,-304.5419006347656,-307.9916687011719,-332.8299865722656,-307.0717468261719,-312.59136962890625,-316.7310791015625,-284.9932556152344,-324.320556640625,108.25556945800781,43.30222702026367,43.30222702026367,-299.3795166015625
1.7758756920536663e+18,-307.0717468261719,-334.66986083984375,-306.61175537109375,-322.0207214355469,-305.23187255859375,-298.33233642578125,-308.2216491699219,-289.8229064941406,108.25556945800781,43.30222702026367,43.30222702026367,-300.9042053222656
1.7758756920546662e+18,-304.77191162109375,-315.5811462402344,-294.652587890625,-322.4806823730469,-279.93359375,-313.97125244140625,-279.70361328125,-313.74127197265625,108.25556945800781,43.30222702026367,43.30222702026367,-299.4873352050781
1.7758756920556664e+18,-299.02227783203125,-303.6219787597656,-309.6015625,-292.1227722167969,-308.2216491699219,-291.8927917480469,-296.7224426269531,-315.1211853027344,108.25556945800781,43.30222702026367,43.30222702026367,-301.2738037109375
1.7758756920566664e+18,-299.9422302246094,-291.66278076171875,-306.38177490234375,-288.9029846191406,-303.1620178222656,-290.74285888671875,-291.66278076171875,-318.3409729003906,108.25556945800781,43.30222702026367,43.30222702026367,-300.75018310546875
1.7758756920576663e+18,-281.5434875488281,-308.2216491699219,-294.192626953125,-305.00189208984375,-304.3119201660156,-289.3629455566406,-307.9916687011719,-286.1431579589844,108.25556945800781,43.30222702026367,43.30222702026367,-300.6269836425781
1.7758756920586665e+18,-300.8621520996094,-275.79388427734375,-295.8025207519531,-273.9540100097656,-288.9029846191406,-276.25384521484375,-277.1737976074219,-283.15338134765625,108.25556945800781,43.30222702026367,43.30222702026367,-300.6731872558594
1.7758756920596664e+18,-299.2522888183594,-289.8229064941406,-262.9147644042969,-306.15179443359375,-270.7342224121094,-277.4037780761719,-301.5521240234375,-273.9540100097656,108.25556945800781,43.30222702026367,43.30222702026367,-300.59619140625
1.7758756920606664e+18,-305.92181396484375,-288.2130432128906,-284.5332946777344,-293.2726745605469,-268.89434814453125,-284.7632751464844,-250.95558166503906,-290.28289794921875,108.25556945800781,43.30222702026367,43.30222702026367,-300.1649475097656
1.7758756920616663e+18,-271.1941833496094,-297.1824035644531,-264.754638671875,-295.8025207519531,-266.8244934082031,-279.24365234375,-271.4241943359375,-268.66436767578125,108.25556945800781,43.30222702026367,43.30222702026367,-299.81072998046875
1.7758756920626665e+18,-299.7122497558594,-288.9029846191406,-291.20281982421875,-310.7514953613281,-280.3935546875,-304.5419006347656,-272.1141357421875,-279.70361328125,108.25556945800781,43.30222702026367,43.30222702026367,-298.2552795410156
1.7758756920636664e+18,-268.20440673828125,-299.02227783203125,-268.89434814453125,-302.4720458984375,-267.97442626953125,-295.342529296875,-258.7750549316406,-300.4021911621094,108.25556945800781,43.30222702026367,43.30222702026367,-299.61053466796875
1.7758756920646664e+18,-290.97283935546875,-294.652587890625,-274.6439514160156,-310.9814758300781,-268.43438720703125,-300.8621520996094,-273.7240295410156,-297.1824035644531,108.25556945800781,43.30222702026367,43.30222702026367,-299.51812744140625
1.7758756920656666e+18,-285.9131774902344,-289.1329650878906,-305.00189208984375,-280.6235656738281,-291.66278076171875,-306.61175537109375,-274.4139709472656,-298.33233642578125,108.25556945800781,43.30222702026367,43.30222702026367,-300.8580017089844
1.7758756920666665e+18,-307.0717468261719,-303.3919982910156,-274.1839904785156,-319.4908752441406,-298.79229736328125,-295.5725402832031,-325.240478515625,-294.422607421875,108.25556945800781,43.30222702026367,43.30222702026367,-301.2892150878906
1.7758756920676664e+18,-311.4414367675781,-287.5230712890625,-308.2216491699219,-288.4430236816406,-308.91162109375,-288.2130432128906,-299.7122497558594,-299.4822692871094,108.25556945800781,43.30222702026367,43.30222702026367,-301.4894104003906
1.7758756920686666e+18,-290.51287841796875,-322.4806823730469,-293.732666015625,-322.0207214355469,-304.3119201660156,-314.8912048339844,-310.0615234375,-317.4210205078125,108.25556945800781,43.30222702026367,43.30222702026367,-300.8117980957031
1.7758756920696666e+18,-310.29150390625,-337.6596374511719,-303.6219787597656,-335.58978271484375,-299.4822692871094,-315.8111267089844,-300.8621520996094,-300.1722106933594,108.25556945800781,43.30222702026367,43.30222702026367,-300.041748046875
1.7758756920706665e+18,-318.5709533691406,-293.962646484375,-315.1211853027344,-301.0921630859375,-301.7821044921875,-313.51129150390625,-281.0835266113281,-323.860595703125,108.25556945800781,43.30222702026367,43.30222702026367,-301.13519287109375
1.7758756920716664e+18,-321.33074951171875,-294.422607421875,-313.74127197265625,-299.9422302246094,-296.4924621582031,-306.38177490234375,-280.16357421875,-317.4210205078125,108.25556945800781,43.30222702026367,43.30222702026367,-300.9042053222656
1.7758756920726666e+18,-316.7310791015625,-304.5419006347656,-309.6015625,-321.7907409667969,-299.4822692871094,-319.95086669921875,-293.2726745605469,-327.77032470703125,108.25556945800781,43.30222702026367,43.30222702026367,-299.7491455078125
1.7758756920736666e+18,-309.6015625,-314.6612243652344,-291.66278076171875,-319.2608947753906,-301.7821044921875,-269.8143005371094,-290.74285888671875,-306.15179443359375,108.25556945800781,43.30222702026367,43.30222702026367,-299.99554443359375
1.7758756920746665e+18,-288.2130432128906,-326.3904113769531,-291.43280029296875,-320.87078857421875,-287.7530517578125,-305.46185302734375,-285.2232360839844,-290.97283935546875,108.25556945800781,43.30222702026367,43.30222702026367,-298.85589599609375
1.7758756920756667e+18,-313.51129150390625,-288.9029846191406,-311.9013977050781,-291.66278076171875,-287.2930908203125,-288.4430236816406,-262.2248229980469,-298.56231689453125,108.25556945800781,43.30222702026367,43.30222702026367,-299.271728515625
1.7758756920766666e+18,-284.5332946777344,-279.4736328125,-294.422607421875,-267.0544738769531,-286.6031494140625,-270.0442810058594,-273.4940490722656,-285.9131774902344,108.25556945800781,43.30222702026367,43.30222702026367,-300.1495666503906
1.7758756920776666e+18,-267.2844543457031,-298.33233642578125,-275.33392333984375,-296.9524230957031,-293.0426940917969,-282.2334289550781,-299.2522888183594,-279.93359375,108.25556945800781,43.30222702026367,43.30222702026367,-299.471923828125
1.7758756920786668e+18,-275.56390380859375,-303.8519592285156,-278.0937194824219,-282.92340087890625,-283.15338134765625,-261.99481201171875,-280.16357421875,-267.97442626953125,108.25556945800781,43.30222702026367,43.30222702026367,-299.99554443359375
1.7758756920796667e+18,-279.4736328125,-291.20281982421875,-284.9932556152344,-273.7240295410156,-286.6031494140625,-267.0544738769531,-277.1737976074219,-281.7734680175781,108.25556945800781,43.30222702026367,43.30222702026367,-300.041748046875
1.7758756920806666e+18,-264.294677734375,-302.0120849609375,-266.3645324707031,-297.41241455078125,-280.3935546875,-273.0340576171875,-289.8229064941406,-261.76483154296875,108.25556945800781,43.30222702026367,43.30222702026367,-299.14849853515625
1.7758756920816666e+18,-283.15338134765625,-298.10235595703125,-304.77191162109375,-278.0937194824219,-282.0034484863281,-302.4720458984375,-274.1839904785156,-289.5929260253906,108.25556945800781,43.30222702026367,43.30222702026367,-300.8580017089844
1.7758756920826668e+18,-308.681640625,-301.3221435546875,-283.38336181640625,-316.0411376953125,-271.4241943359375,-302.7020263671875,-270.7342224121094,-303.3919982910156,108.25556945800781,43.30222702026367,43.30222702026367,-300.1187744140625
1.7758756920836667e+18,-299.9422302246094,-300.6321716308594,-292.8127136230469,-314.4312438964844,-284.07330322265625,-307.9916687011719,-276.25384521484375,-312.1313781738281,108.25556945800781,43.30222702026367,43.30222702026367,-300.93499755859375
1.775875692084667e+18,-332.3699951171875,-300.6321716308594,-329.8401794433594,-307.0717468261719,-326.3904113769531,-299.9422302246094,-321.33074951171875,-300.6321716308594,108.25556945800781,43.30222702026367,43.30222702026367,-301.39703369140625
1.7758756920856668e+18,-297.1824035644531,-324.090576171875,-283.15338134765625,-322.4806823730469,-291.8927917480469,-296.9524230957031,-308.681640625,-284.7632751464844,108.25556945800781,43.30222702026367,43.30222702026367,-302.7522888183594
1.775875692086667e+18,-308.4516296386719,-332.1400146484375,-303.6219787597656,-337.6596374511719,-299.7122497558594,-329.3802185058594,-296.4924621582031,-336.9696960449219,108.25556945800781,43.30222702026367,43.30222702026367,-302.73687744140625
1.775875692087667e+18,-316.2711181640625,-305.69183349609375,-311.9013977050781,-325.9304504394531,-305.69183349609375,-326.8503723144531,-298.33233642578125,-329.6101989746094,108.25556945800781,43.30222702026367,43.30222702026367,-299.6259460449219
1.7758756920886671e+18,-332.1400146484375,-314.2012634277344,-287.0631103515625,-316.7310791015625,-306.8417663574219,-276.25384521484375,-304.0819396972656,-323.860595703125,108.25556945800781,43.30222702026367,43.30222702026367,-299.4873352050781
1.775875692089667e+18,-296.9524230957031,-304.77191162109375,-308.4516296386719,-289.1329650878906,-307.5317077636719,-293.0426940917969,-294.882568359375,-323.400634765625,108.25556945800781,43.30222702026367,43.30222702026367,-299.9185485839844
1.7758756920906673e+18,-305.92181396484375,-302.9320373535156,-301.5521240234375,-322.4806823730469,-289.3629455566406,-318.5709533691406,-284.5332946777344,-307.3017272949219,108.25556945800781,43.30222702026367,43.30222702026367,-299.1639099121094
1.7758756920916672e+18,-303.8519592285156,-278.3236999511719,-293.2726745605469,-294.192626953125,-276.48382568359375,-292.8127136230469,-265.444580078125,-305.00189208984375,108.25556945800781,43.30222702026367,43.30222702026367,-300.18035888671875
1.7758756920926671e+18,-302.0120849609375,-276.9438171386719,-299.4822692871094,-280.16357421875,-291.20281982421875,-284.9932556152344,-282.0034484863281,-305.69183349609375,108.25556945800781,43.30222702026367,43.30222702026367,-301.2584228515625
1.7758756920936673e+18,-291.66278076171875,-292.5827331542969,-291.66278076171875,-298.33233642578125,-283.15338134765625,-296.7224426269531,-275.33392333984375,-307.0717468261719,108.25556945800781,43.30222702026367,43.30222702026367,-301.3816223144531
1.7758756920946673e+18,-281.3135070800781,-303.3919982910156,-284.5332946777344,-312.1313781738281,-277.8637390136719,-298.33233642578125,-272.1141357421875,-293.5026550292969,108.25556945800781,43.30222702026367,43.30222702026367,-298.10125732421875
1.7758756920956675e+18,-264.984619140625,-298.56231689453125,-276.71380615234375,-288.9029846191406,-305.00189208984375,-272.8040771484375,-291.66278076171875,-287.9830322265625,108.25556945800781,43.30222702026367,43.30222702026367,-299.13311767578125
1.7758756920966674e+18,-287.5230712890625,-278.0937194824219,-276.71380615234375,-295.112548828125,-262.4548034667969,-288.9029846191406,-255.32528686523438,-294.422607421875,108.25556945800781,43.30222702026367,43.30222702026367,-299.841552734375
1.7758756920976676e+18,-304.5419006347656,-275.10394287109375,-296.9524230957031,-286.8331298828125,-279.24365234375,-292.8127136230469,-258.5450744628906,-301.3221435546875,108.25556945800781,43.30222702026367,43.30222702026367,-300.5037841796875
1.7758756920986675e+18,-275.56390380859375,-305.46185302734375,-275.10394287109375,-302.4720458984375,-287.0631103515625,-277.8637390136719,-286.1431579589844,-273.0340576171875,108.25556945800781,43.30222702026367,43.30222702026367,-300.2573547363281
1.7758756920996677e+18,-291.66278076171875,-310.9814758300781,-314.2012634277344,-306.61175537109375,-322.2507019042969,-299.02227783203125,-296.9524230957031,-300.4021911621094,108.25556945800781,43.30222702026367,43.30222702026367,-300.73480224609375
1.7758756921006676e+18,-310.7514953613281,-289.3629455566406,-308.91162109375,-306.61175537109375,-306.61175537109375,-317.1910400390625,-296.0325012207031,-323.860595703125,108.25556945800781,43.30222702026367,43.30222702026367,-301.79742431640625
1.7758756921016678e+18,-298.33233642578125,-327.0803527832031,-300.8621520996094,-317.4210205078125,-303.8519592285156,-302.9320373535156,-306.61175537109375,-291.20281982421875,108.25556945800781,43.30222702026367,43.30222702026367,-299.5951232910156
1.7758756921026678e+18,-338.1195983886719,-308.91162109375,-282.69342041015625,-309.37158203125,-319.72088623046875,-319.95086669921875,-288.4430236816406,-303.6219787597656,108.25556945800781,43.30222702026367,43.30222702026367,-300.93499755859375
1.775875692103668e+18,-322.2507019042969,-297.41241455078125,-316.5010986328125,-318.5709533691406,-306.61175537109375,-332.1400146484375,-300.8621520996094,-332.1400146484375,108.25556945800781,43.30222702026367,43.30222702026367,-299.6721496582031
1.775875692104668e+18,-317.4210205078125,-305.23187255859375,-307.0717468261719,-302.9320373535156,-297.41241455078125,-302.0120849609375,-293.0426940917969,-310.0615234375,108.25556945800781,43.30222702026367,43.30222702026367,-301.6126403808594
1.775875692105668e+18,-313.74127197265625,-325.7004699707031,-295.112548828125,-283.15338134765625,-297.64239501953125,-325.010498046875,-299.2522888183594,-284.5332946777344,108.25556945800781,43.30222702026367,43.30222702026367,-300.64239501953125
1.775875692106668e+18,-276.02386474609375,-316.7310791015625,-292.3527526855469,-307.7616882324219,-304.5419006347656,-287.9830322265625,-316.5010986328125,-296.4924621582031,108.25556945800781,43.30222702026367,43.30222702026367,-299.98016357421875
1.7758756921076682e+18,-301.0921630859375,-280.6235656738281,-312.36138916015625,-291.43280029296875,-269.35430908203125,-300.8621520996094,-266.1345520019531,-304.0819396972656,108.25556945800781,43.30222702026367,43.30222702026367,-300.3497619628906
1.7758756921086682e+18,-302.0120849609375,-276.25384521484375,-303.6219787597656,-276.9438171386719,-296.7224426269531,-265.444580078125,-292.3527526855469,-267.74444580078125,108.25556945800781,43.30222702026367,43.30222702026367,-298.1782531738281
1.775875692109668e+18,-305.23187255859375,-275.10394287109375,-288.6730041503906,-317.4210205078125,-271.1941833496094,-279.93359375,-287.9830322265625,-267.74444580078125,108.25556945800781,43.30222702026367,43.30222702026367,-298.6248779296875
1.7758756921106683e+18,-291.43280029296875,-296.7224426269531,-287.9830322265625,-307.5317077636719,-280.16357421875,-303.1620178222656,-273.7240295410156,-311.9013977050781,108.25556945800781,43.30222702026367,43.30222702026367,-298.1474609375
1.7758756921116682e+18,-288.6730041503906,-292.8127136230469,-269.5843200683594,-297.1824035644531,-264.064697265625,-279.24365234375,-273.0340576171875,-271.6541748046875,108.25556945800781,43.30222702026367,43.30222702026367,-299.7491455078125
1.7758756921126684e+18,-312.1313781738281,-283.61334228515625,-299.7122497558594,-291.43280029296875,-276.02386474609375,-285.9131774902344,-254.6353302001953,-296.4924621582031,108.25556945800781,43.30222702026367,43.30222702026367,-298.4400939941406
1.7758756921136684e+18,-287.0631103515625,-298.33233642578125,-292.5827331542969,-308.2216491699219,-284.5332946777344,-304.3119201660156,-274.4139709472656,-313.74127197265625,108.25556945800781,43.30222702026367,43.30222702026367,-300.07257080078125
1.7758756921146685e+18,-289.5929260253906,-283.84332275390625,-312.82135009765625,-284.5332946777344,-310.0615234375,-285.9131774902344,-285.6831970214844,-299.7122497558594,108.25556945800781,43.30222702026367,43.30222702026367,-300.75018310546875
1.7758756921156685e+18,-288.9029846191406,-276.48382568359375,-308.2216491699219,-285.2232360839844,-267.2844543457031,-306.38177490234375,-287.7530517578125,-287.9830322265625,108.25556945800781,43.30222702026367,43.30222702026367,-300.6269836425781
1.7758756921166687e+18,-301.5521240234375,-274.8739318847656,-308.681640625,-290.05291748046875,-293.5026550292969,-311.6714172363281,-283.15338134765625,-325.240478515625,108.25556945800781,43.30222702026367,43.30222702026367,-299.24090576171875
1.7758756921176686e+18,-301.3221435546875,-298.56231689453125,-307.7616882324219,-298.56231689453125,-302.9320373535156,-286.8331298828125,-299.7122497558594,-277.8637390136719,108.25556945800781,43.30222702026367,43.30222702026367,-299.45654296875
1.7758756921186688e+18,-301.0921630859375,-322.2507019042969,-292.5827331542969,-325.9304504394531,-288.2130432128906,-311.2114562988281,-285.6831970214844,-312.1313781738281,108.25556945800781,43.30222702026367,43.30222702026367,-300.8271789550781
1.7758756921196687e+18,-295.112548828125,-323.630615234375,-300.1722106933594,-313.28131103515625,-306.61175537109375,-291.43280029296875,-305.00189208984375,-286.8331298828125,108.25556945800781,43.30222702026367,43.30222702026367,-300.2419738769531
1.775875692120669e+18,-307.9916687011719,-325.4704895019531,-300.4021911621094,-330.3001403808594,-298.56231689453125,-318.8009338378906,-278.5536804199219,-319.72088623046875,108.25556945800781,43.30222702026367,43.30222702026367,-300.8887939453125
1.7758756921216689e+18,-317.8810119628906,-316.0411376953125,-285.4532165527344,-325.010498046875,-310.0615234375,-286.6031494140625,-304.5419006347656,-322.7106628417969,108.25556945800781,43.30222702026367,43.30222702026367,-298.76348876953125
1.775875692122669e+18,-285.9131774902344,-308.2216491699219,-305.46185302734375,-295.342529296875,-311.4414367675781,-293.732666015625,-301.7821044921875,-307.3017272949219,108.25556945800781,43.30222702026367,43.30222702026367,-301.87445068359375
1.775875692123669e+18,-275.10394287109375,-313.28131103515625,-290.28289794921875,-284.30328369140625,-308.681640625,-290.97283935546875,-289.8229064941406,-319.0309143066406,108.25556945800781,43.30222702026367,43.30222702026367,-299.0561218261719
1.775875692124669e+18,-305.46185302734375,-278.78369140625,-307.0717468261719,-276.9438171386719,-301.3221435546875,-279.24365234375,-299.4822692871094,-275.10394287109375,108.25556945800781,43.30222702026367,43.30222702026367,-298.5016784667969
1.775875692125669e+18,-292.8127136230469,-295.5725402832031,-275.56390380859375,-302.0120849609375,-261.07489013671875,-294.652587890625,-272.8040771484375,-286.1431579589844,108.25556945800781,43.30222702026367,43.30222702026367,-298.4554748535156
1.775875692126669e+18,-290.97283935546875,-313.97125244140625,-285.2232360839844,-315.8111267089844,-278.78369140625,-297.87237548828125,-277.8637390136719,-301.3221435546875,108.25556945800781,43.30222702026367,43.30222702026367,-297.7008361816406
1.7758756921276692e+18,-295.112548828125,-278.78369140625,-292.8127136230469,-267.2844543457031,-290.28289794921875,-262.2248229980469,-284.07330322265625,-270.2742614746094,108.25556945800781,43.30222702026367,43.30222702026367,-298.65570068359375
1.7758756921286692e+18,-265.674560546875,-298.10235595703125,-272.8040771484375,-298.10235595703125,-279.70361328125,-289.3629455566406,-294.192626953125,-289.1329650878906,108.25556945800781,43.30222702026367,43.30222702026367,-298.9328918457031
1.7758756921296694e+18,-295.112548828125,-273.2640686035156,-292.5827331542969,-268.66436767578125,-283.84332275390625,-274.4139709472656,-268.43438720703125,-291.43280029296875,108.25556945800781,43.30222702026367,43.30222702026367,-299.6259460449219
1.7758756921306693e+18,-279.013671875,-280.6235656738281,-299.9422302246094,-278.78369140625,-270.2742614746094,-299.9422302246094,-261.07489013671875,-300.4021911621094,108.25556945800781,43.30222702026367,43.30222702026367,-299.287109375
1.7758756921316695e+18,-318.1109924316406,-298.56231689453125,-270.2742614746094,-285.2232360839844,-299.02227783203125,-300.4021911621094,-275.79388427734375,-294.652587890625,108.25556945800781,43.30222702026367,43.30222702026367,-300.4883728027344
1.7758756921326694e+18,-310.7514953613281,-303.1620178222656,-279.4736328125,-307.3017272949219,-271.1941833496094,-293.0426940917969,-290.05291748046875,-279.24365234375,108.25556945800781,43.30222702026367,43.30222702026367,-301.3662109375
1.7758756921336696e+18,-297.64239501953125,-304.3119201660156,-292.3527526855469,-312.59136962890625,-277.4037780761719,-307.9916687011719,-274.6439514160156,-311.2114562988281,108.25556945800781,43.30222702026367,43.30222702026367,-301.0581970214844
1.7758756921346696e+18,-307.5317077636719,-305.46185302734375,-296.9524230957031,-315.5811462402344,-284.5332946777344,-307.9916687011719,-276.25384521484375,-316.7310791015625,108.25556945800781,43.30222702026367,43.30222702026367,-301.32000732421875
1.7758756921356698e+18,-318.8009338378906,-291.8927917480469,-320.87078857421875,-300.8621520996094,-307.7616882324219,-295.5725402832031,-292.8127136230469,-311.4414367675781,108.25556945800781,43.30222702026367,43.30222702026367,-301.41241455078125
1.7758756921366697e+18,-300.8621520996094,-312.36138916015625,-316.7310791015625,-317.4210205078125,-322.4806823730469,-305.23187255859375,-324.320556640625,-304.3119201660156,108.25556945800781,43.30222702026367,43.30222702026367,-301.0581970214844
1.77587569213767e+18,-308.4516296386719,-314.8912048339844,-299.7122497558594,-326.3904113769531,-288.4430236816406,-319.0309143066406,-279.24365234375,-319.2608947753906,108.25556945800781,43.30222702026367,43.30222702026367,-301.50482177734375
1.7758756921386698e+18,-291.20281982421875,-316.7310791015625,-309.6015625,-289.3629455566406,-309.83154296875,-297.1824035644531,-278.0937194824219,-317.6510009765625,108.25556945800781,43.30222702026367,43.30222702026367,-300.3343811035156
1.77587569213967e+18,-303.3919982910156,-291.20281982421875,-308.2216491699219,-286.3731689453125,-305.00189208984375,-293.2726745605469,-285.2232360839844,-306.8417663574219,108.25556945800781,43.30222702026367,43.30222702026367,-300.781005859375
1.77587569214067e+18,-302.4720458984375,-277.8637390136719,-284.9932556152344,-312.36138916015625,-281.5434875488281,-287.2930908203125,-312.59136962890625,-290.05291748046875,108.25556945800781,43.30222702026367,43.30222702026367,-299.0561218261719
1.77587569214167e+18,-310.5215148925781,-286.6031494140625,-270.2742614746094,-311.6714172363281,-287.2930908203125,-283.61334228515625,-301.7821044921875,-294.422607421875,108.25556945800781,43.30222702026367,43.30222702026367,-297.8394470214844
1.77587569214267e+18,-287.7530517578125,-294.192626953125,-294.192626953125,-271.6541748046875,-298.56231689453125,-276.71380615234375,-268.89434814453125,-293.5026550292969,108.25556945800781,43.30222702026367,43.30222702026367,-299.9647521972656
1.77587569214367e+18,-309.83154296875,-285.6831970214844,-303.3919982910156,-286.8331298828125,-294.652587890625,-286.3731689453125,-274.4139709472656,-290.05291748046875,108.25556945800781,43.30222702026367,43.30222702026367,-299.9185485839844
1.7758756921446702e+18,-279.24365234375,-272.8040771484375,-291.43280029296875,-264.524658203125,-291.8927917480469,-260.38494873046875,-285.6831970214844,-259.2350158691406,108.25556945800781,43.30222702026367,43.30222702026367,-297.762451171875
1.7758756921456701e+18,-295.112548828125,-279.70361328125,-307.5317077636719,-279.24365234375,-288.4430236816406,-292.8127136230469,-253.48541259765625,-294.192626953125,108.25556945800781,43.30222702026367,43.30222702026367,-298.28607177734375
1.7758756921466703e+18,-297.41241455078125,-279.013671875,-280.3935546875,-291.8927917480469,-261.53485107421875,-292.3527526855469,-262.4548034667969,-294.882568359375,108.25556945800781,43.30222702026367,43.30222702026367,-299.1023254394531
1.7758756921476703e+18,-282.46343994140625,-302.2420654296875,-276.02386474609375,-304.0819396972656,-280.8535461425781,-291.8927917480469,-299.4822692871094,-291.20281982421875,108.25556945800781,43.30222702026367,43.30222702026367,-299.841552734375
1.7758756921486705e+18,-304.77191162109375,-278.78369140625,-304.3119201660156,-280.8535461425781,-296.7224426269531,-279.013671875,-289.8229064941406,-296.0325012207031,108.25556945800781,43.30222702026367,43.30222702026367,-301.4432373046875
1.7758756921496704e+18,-308.2216491699219,-280.6235656738281,-302.9320373535156,-289.8229064941406,-290.28289794921875,-296.2624816894531,-274.1839904785156,-303.8519592285156,108.25556945800781,43.30222702026367,43.30222702026367,-300.8887939453125
1.7758756921506706e+18,-285.2232360839844,-317.6510009765625,-284.9932556152344,-316.5010986328125,-283.84332275390625,-307.9916687011719,-283.38336181640625,-307.7616882324219,108.25556945800781,43.30222702026367,43.30222702026367,-301.3354187011719
1.7758756921516705e+18,-319.72088623046875,-293.962646484375,-315.5811462402344,-296.0325012207031,-308.91162109375,-291.8927917480469,-299.2522888183594,-293.2726745605469,108.25556945800781,43.30222702026367,43.30222702026367,-299.7645568847656
1.7758756921526707e+18,-306.38177490234375,-339.95947265625,-301.0921630859375,-320.18084716796875,-314.8912048339844,-286.3731689453125,-296.7224426269531,-317.6510009765625,108.25556945800781,43.30222702026367,43.30222702026367,-300.2111511230469
1.7758756921536707e+18,-333.5199279785156,-309.6015625,-335.12982177734375,-308.2216491699219,-325.4704895019531,-309.1416015625,-306.61175537109375,-310.5215148925781,108.25556945800781,43.30222702026367,43.30222702026367,-301.350830078125
1.7758756921546708e+18,-296.9524230957031,-312.59136962890625,-327.77032470703125,-310.5215148925781,-323.860595703125,-306.38177490234375,-297.41241455078125,-314.8912048339844,108.25556945800781,43.30222702026367,43.30222702026367,-300.2111511230469
1.7758756921556708e+18,-313.97125244140625,-303.6219787597656,-325.7004699707031,-306.15179443359375,-319.72088623046875,-301.5521240234375,-299.2522888183594,-308.91162109375,108.25556945800781,43.30222702026367,43.30222702026367,-301.22760009765625
1.7758756921566707e+18,-285.6831970214844,-322.9406433105469,-290.28289794921875,-320.64080810546875,-291.43280029296875,-293.732666015625,-300.6321716308594,-279.70361328125,108.25556945800781,43.30222702026367,43.30222702026367,-300.1495666503906
1.775875692157671e+18,-281.3135070800781,-309.83154296875,-273.2640686035156,-313.28131103515625,-271.1941833496094,-302.2420654296875,-268.20440673828125,-304.5419006347656,108.25556945800781,43.30222702026367,43.30222702026367,-299.4873352050781
1.7758756921586708e+18,-296.2624816894531,-280.6235656738281,-294.192626953125,-275.79388427734375,-296.4924621582031,-268.66436767578125,-291.43280029296875,-279.24365234375,108.25556945800781,43.30222702026367,43.30222702026367,-300.64239501953125
1.775875692159671e+18,-272.3441162109375,-305.46185302734375,-264.064697265625,-304.77191162109375,-267.74444580078125,-288.4430236816406,-282.69342041015625,-279.24365234375,108.25556945800781,43.30222702026367,43.30222702026367,-299.841552734375
1.775875692160671e+18,-298.10235595703125,-271.6541748046875,-295.5725402832031,-270.2742614746094,-293.2726745605469,-267.5144348144531,-283.84332275390625,-276.71380615234375,108.25556945800781,43.30222702026367,43.30222702026367,-300.8887939453125
1.7758756921616712e+18,-295.342529296875,-279.70361328125,-284.30328369140625,-290.05291748046875,-270.5042419433594,-289.1329650878906,-258.5450744628906,-290.97283935546875,108.25556945800781,43.30222702026367,43.30222702026367,-299.1793212890625
1.775875692162671e+18,-300.8621520996094,-270.7342224121094,-289.3629455566406,-286.6031494140625,-274.8739318847656,-285.6831970214844,-261.53485107421875,-292.1227722167969,108.25556945800781,43.30222702026367,43.30222702026367,-299.24090576171875
1.7758756921636713e+18,-279.70361328125,-297.64239501953125,-291.8927917480469,-283.38336181640625,-295.112548828125,-269.5843200683594,-291.20281982421875,-275.56390380859375,108.25556945800781,43.30222702026367,43.30222702026367,-300.84259033203125
1.7758756921646712e+18,-279.70361328125,-298.33233642578125,-276.25384521484375,-305.46185302734375,-275.79388427734375,-292.8127136230469,-275.79388427734375,-287.5230712890625,108.25556945800781,43.30222702026367,43.30222702026367,-297.9780578613281
1.7758756921656714e+18,-301.7821044921875,-306.15179443359375,-276.25384521484375,-315.8111267089844,-298.33233642578125,-291.8927917480469,-318.1109924316406,-294.652587890625,108.25556945800781,43.30222702026367,43.30222702026367,-299.24090576171875
1.7758756921666714e+18,-302.2420654296875,-286.1431579589844,-314.6612243652344,-288.2130432128906,-299.2522888183594,-303.8519592285156,-270.5042419433594,-317.8810119628906,108.25556945800781,43.30222702026367,43.30222702026367,-299.3487243652344
1.7758756921676716e+18,-284.30328369140625,-309.83154296875,-300.6321716308594,-306.38177490234375,-305.46185302734375,-294.652587890625,-307.5317077636719,-292.5827331542969,108.25556945800781,43.30222702026367,43.30222702026367,-301.13519287109375
1.7758756921686715e+18,-311.6714172363281,-294.192626953125,-309.37158203125,-310.7514953613281,-297.41241455078125,-312.59136962890625,-283.38336181640625,-316.9610595703125,108.25556945800781,43.30222702026367,43.30222702026367,-301.11981201171875
1.7758756921696717e+18,-319.95086669921875,-310.5215148925781,-327.54034423828125,-312.36138916015625,-327.77032470703125,-307.7616882324219,-322.9406433105469,-310.0615234375,108.25556945800781,43.30222702026367,43.30222702026367,-301.41241455078125
1.7758756921706716e+18,-284.5332946777344,-319.95086669921875,-288.9029846191406,-322.9406433105469,-305.92181396484375,-309.37158203125,-325.4704895019531,-306.15179443359375,108.25556945800781,43.30222702026367,43.30222702026367,-301.3354187011719
1.7758756921716718e+18,-314.8912048339844,-289.3629455566406,-313.05133056640625,-289.1329650878906,-311.6714172363281,-287.2930908203125,-307.3017272949219,-295.5725402832031,108.25556945800781,43.30222702026367,43.30222702026367,-300.8271789550781
1.7758756921726717e+18,-312.59136962890625,-291.8927917480469,-306.38177490234375,-298.10235595703125,-299.2522888183594,-308.2216491699219,-292.5827331542969,-325.240478515625,108.25556945800781,43.30222702026367,43.30222702026367,-301.7666320800781
1.7758756921736717e+18,-307.9916687011719,-278.0937194824219,-307.5317077636719,-273.9540100097656,-301.5521240234375,-273.7240295410156,-296.7224426269531,-279.70361328125,108.25556945800781,43.30222702026367,43.30222702026367,-301.93603515625
1.775875692174672e+18,-301.0921630859375,-271.6541748046875,-303.1620178222656,-286.1431579589844,-282.46343994140625,-299.02227783203125,-272.3441162109375,-319.4908752441406,108.25556945800781,43.30222702026367,43.30222702026367,-300.6269836425781
1.7758756921756718e+18,-299.9422302246094,-300.8621520996094,-293.5026550292969,-279.70361328125,-287.9830322265625,-266.8244934082031,-279.013671875,-281.5434875488281,108.25556945800781,43.30222702026367,43.30222702026367,-300.45758056640625
1.775875692176672e+18,-315.1211853027344,-290.97283935546875,-305.92181396484375,-291.43280029296875,-282.69342041015625,-280.6235656738281,-268.66436767578125,-284.07330322265625,108.25556945800781,43.30222702026367,43.30222702026367,-300.0109558105469
1.775875692177672e+18,-292.8127136230469,-296.2624816894531,-295.342529296875,-296.2624816894531,-294.192626953125,-279.24365234375,-287.9830322265625,-280.6235656738281,108.25556945800781,43.30222702026367,43.30222702026367,-299.3641357421875
1.775875692178672e+18,-277.4037780761719,-287.5230712890625,-289.3629455566406,-268.20440673828125,-293.5026550292969,-270.9642028808594,-274.8739318847656,-295.112548828125,108.25556945800781,43.30222702026367,43.30222702026367,-298.1474609375
1.775875692179672e+18,-273.0340576171875,-300.8621520996094,-273.4940490722656,-302.9320373535156,-279.4736328125,-292.5827331542969,-290.28289794921875,-284.30328369140625,108.25556945800781,43.30222702026367,43.30222702026367,-298.8713073730469
1.7758756921806723e+18,-279.93359375,-295.5725402832031,-293.732666015625,-292.1227722167969,-307.3017272949219,-286.3731689453125,-303.6219787597656,-286.3731689453125,108.25556945800781,43.30222702026367,43.30222702026367,-299.45654296875
1.7758756921816722e+18,-323.1706237792969,-288.9029846191406,-293.732666015625,-309.1416015625,-265.444580078125,-291.43280029296875,-293.962646484375,-275.10394287109375,108.25556945800781,43.30222702026367,43.30222702026367,-299.1947021484375
1.7758756921826724e+18,-322.2507019042969,-302.0120849609375,-319.72088623046875,-303.3919982910156,-321.10076904296875,-294.652587890625,-315.1211853027344,-296.7224426269531,108.25556945800781,43.30222702026367,43.30222702026367,-299.6875305175781
1.7758756921836723e+18,-296.9524230957031,-297.41241455078125,-302.9320373535156,-294.192626953125,-305.92181396484375,-286.8331298828125,-305.00189208984375,-287.9830322265625,108.25556945800781,43.30222702026367,43.30222702026367,-300.54998779296875
1.7758756921846725e+18,-311.2114562988281,-309.6015625,-307.3017272949219,-323.400634765625,-305.92181396484375,-325.7004699707031,-300.1722106933594,-336.7397155761719,108.25556945800781,43.30222702026367,43.30222702026367,-301.350830078125
1.7758756921856724e+18,-316.9610595703125,-303.3919982910156,-298.56231689453125,-328.46026611328125,-310.29150390625,-284.07330322265625,-298.10235595703125,-324.780517578125,108.25556945800781,43.30222702026367,43.30222702026367,-301.39703369140625
1.7758756921866726e+18,-302.2420654296875,-303.6219787597656,-320.64080810546875,-290.74285888671875,-295.342529296875,-325.4704895019531,-294.882568359375,-309.1416015625,108.25556945800781,43.30222702026367,43.30222702026367,-301.8590393066406
1.7758756921876726e+18,-321.10076904296875,-309.37158203125,-308.91162109375,-336.04974365234375,-294.882568359375,-329.3802185058594,-298.79229736328125,-319.4908752441406,108.25556945800781,43.30222702026367,43.30222702026367,-299.5335388183594
1.7758756921886728e+18,-318.1109924316406,-299.02227783203125,-299.4822692871094,-313.74127197265625,-283.15338134765625,-308.2216491699219,-276.9438171386719,-319.0309143066406,108.25556945800781,43.30222702026367,43.30222702026367,-301.21221923828125
1.7758756921896727e+18,-296.7224426269531,-303.1620178222656,-306.15179443359375,-293.962646484375,-299.7122497558594,-280.8535461425781,-299.2522888183594,-284.7632751464844,108.25556945800781,43.30222702026367,43.30222702026367,-300.9042053222656
1.7758756921906726e+18,-318.1109924316406,-304.5419006347656,-322.7106628417969,-300.1722106933594,-306.38177490234375,-292.1227722167969,-281.0835266113281,-302.4720458984375,108.25556945800781,43.30222702026367,43.30222702026367,-300.54998779296875
1.7758756921916728e+18,-267.5144348144531,-304.3119201660156,-276.25384521484375,-295.5725402832031,-288.2130432128906,-273.4940490722656,-288.6730041503906,-271.6541748046875,108.25556945800781,43.30222702026367,43.30222702026367,-300.64239501953125
1.7758756921926728e+18,-292.8127136230469,-318.3409729003906,-282.2334289550781,-311.6714172363281,-293.732666015625,-266.8244934082031,-284.9932556152344,-283.38336181640625,108.25556945800781,43.30222702026367,43.30222702026367,-299.4411315917969
1.7758756921936727e+18,-276.71380615234375,-307.3017272949219,-283.61334228515625,-299.9422302246094,-282.0034484863281,-283.84332275390625,-274.4139709472656,-286.1431579589844,108.25556945800781,43.30222702026367,43.30222702026367,-299.2563171386719
1.775875692194673e+18,-274.6439514160156,-304.77191162109375,-279.24365234375,-297.1824035644531,-281.3135070800781,-277.6337585449219,-280.6235656738281,-266.1345520019531,108.25556945800781,43.30222702026367,43.30222702026367,-298.9637145996094
1.7758756921956728e+18,-262.4548034667969,-289.5929260253906,-270.7342224121094,-285.4532165527344,-275.10394287109375,-271.1941833496094,-277.4037780761719,-265.674560546875,108.25556945800781,43.30222702026367,43.30222702026367,-298.00885009765625
1.775875692196673e+18,-285.2232360839844,-302.9320373535156,-281.7734680175781,-299.2522888183594,-283.61334228515625,-284.7632751464844,-279.24365234375,-272.3441162109375,108.25556945800781,43.30222702026367,43.30222702026367,-298.6094970703125
1.775875692197673e+18,-295.8025207519531,-278.78369140625,-295.342529296875,-293.962646484375,-290.97283935546875,-306.8417663574219,-277.6337585449219,-314.6612243652344,108.25556945800781,43.30222702026367,43.30222702026367,-298.8713073730469
1.775875692198673e+18,-277.4037780761719,-306.38177490234375,-296.7224426269531,-303.8519592285156,-305.46185302734375,-295.342529296875,-308.681640625,-295.8025207519531,108.25556945800781,43.30222702026367,43.30222702026367,-299.9339599609375
1.775875692199673e+18,-287.9830322265625,-321.10076904296875,-297.41241455078125,-291.20281982421875,-308.91162109375,-290.05291748046875,-278.78369140625,-306.61175537109375,108.25556945800781,43.30222702026367,43.30222702026367,-300.08795166015625
1.775875692200673e+18,-280.3935546875,-310.9814758300781,-280.6235656738281,-316.5010986328125,-285.6831970214844,-305.00189208984375,-294.882568359375,-295.112548828125,108.25556945800781,43.30222702026367,43.30222702026367,-299.3025207519531
1.7758756922016732e+18,-315.3511657714844,-315.5811462402344,-307.0717468261719,-333.0599670410156,-299.4822692871094,-334.4398498535156,-296.0325012207031,-334.2098693847656,108.25556945800781,43.30222702026367,43.30222702026367,-301.5818176269531
1.7758756922026732e+18,-306.8417663574219,-327.54034423828125,-303.3919982910156,-336.7397155761719,-299.4822692871094,-320.41082763671875,-304.0819396972656,-308.2216491699219,108.25556945800781,43.30222702026367,43.30222702026367,-300.1649475097656
1.775875692203673e+18,-306.15179443359375,-335.12982177734375,-302.2420654296875,-336.9696960449219,-303.1620178222656,-325.9304504394531,-301.7821044921875,-325.010498046875,108.25556945800781,43.30222702026367,43.30222702026367,-302.0438537597656
1.7758756922046733e+18,-312.59136962890625,-309.1416015625,-310.0615234375,-301.0921630859375,-308.2216491699219,-292.1227722167969,-306.38177490234375,-296.4924621582031,108.25556945800781,43.30222702026367,43.30222702026367,-299.5489196777344
1.7758756922056732e+18,-287.2930908203125,-308.681640625,-328.00030517578125,-305.23187255859375,-274.1839904785156,-294.192626953125,-309.83154296875,-324.550537109375,108.25556945800781,43.30222702026367,43.30222702026367,-301.6280212402344
1.7758756922066732e+18,-290.74285888671875,-317.8810119628906,-292.5827331542969,-280.8535461425781,-306.38177490234375,-300.8621520996094,-279.4736328125,-320.64080810546875,108.25556945800781,43.30222702026367,43.30222702026367,-300.54998779296875
1.7758756922076733e+18,-311.2114562988281,-292.8127136230469,-271.4241943359375,-308.91162109375,-310.5215148925781,-285.4532165527344,-270.2742614746094,-309.1416015625,108.25556945800781,43.30222702026367,43.30222702026367,-301.8436279296875
1.7758756922086733e+18,-286.8331298828125,-316.5010986328125,-296.4924621582031,-270.5042419433594,-279.93359375,-299.02227783203125,-272.1141357421875,-281.0835266113281,108.25556945800781,43.30222702026367,43.30222702026367,-300.1495666503906
1.7758756922096735e+18,-302.7020263671875,-289.3629455566406,-307.7616882324219,-288.2130432128906,-283.61334228515625,-280.6235656738281,-263.3747253417969,-293.732666015625,108.25556945800781,43.30222702026367,43.30222702026367,-299.22552490234375
1.7758756922106734e+18,-276.9438171386719,-275.56390380859375,-294.192626953125,-263.6047058105469,-290.51287841796875,-256.7052001953125,-284.30328369140625,-267.0544738769531,108.25556945800781,43.30222702026367,43.30222702026367,-299.7491455078125
1.7758756922116733e+18,-290.51287841796875,-297.41241455078125,-284.9932556152344,-313.28131103515625,-274.1839904785156,-296.7224426269531,-270.2742614746094,-286.6031494140625,108.25556945800781,43.30222702026367,43.30222702026367,-298.00885009765625
1.7758756922126735e+18,-295.8025207519531,-269.8143005371094,-294.882568359375,-292.5827331542969,-284.07330322265625,-303.3919982910156,-269.35430908203125,-307.0717468261719,108.25556945800781,43.30222702026367,43.30222702026367,-297.762451171875
1.7758756922136735e+18,-301.3221435546875,-274.1839904785156,-292.1227722167969,-289.8229064941406,-273.9540100097656,-288.2130432128906,-256.7052001953125,-301.3221435546875,108.25556945800781,43.30222702026367,43.30222702026367,-300.1341552734375
1.7758756922146737e+18,-295.8025207519531,-275.56390380859375,-298.56231689453125,-281.0835266113281,-293.732666015625,-276.9438171386719,-287.0631103515625,-278.5536804199219,108.25556945800781,43.30222702026367,43.30222702026367,-298.3938903808594
1.7758756922156736e+18,-305.69183349609375,-293.2726745605469,-278.78369140625,-317.6510009765625,-286.3731689453125,-288.6730041503906,-312.82135009765625,-290.51287841796875,108.25556945800781,43.30222702026367,43.30222702026367,-298.532470703125
1.7758756922166735e+18,-305.69183349609375,-309.1416015625,-317.8810119628906,-304.5419006347656,-324.780517578125,-296.0325012207031,-314.2012634277344,-295.8025207519531,108.25556945800781,43.30222702026367,43.30222702026367,-300.59619140625
1.7758756922176737e+18,-302.0120849609375,-319.4908752441406,-281.0835266113281,-318.5709533691406,-306.15179443359375,-285.2232360839844,-310.0615234375,-302.7020263671875,108.25556945800781,43.30222702026367,43.30222702026367,-301.39703369140625
1.7758756922186737e+18,-304.5419006347656,-328.92022705078125,-304.3119201660156,-334.89984130859375,-302.2420654296875,-330.9901123046875,-293.5026550292969,-333.5199279785156,108.25556945800781,43.30222702026367,43.30222702026367,-299.7799377441406
1.7758756922196739e+18,-304.3119201660156,-309.37158203125,-294.882568359375,-319.72088623046875,-289.3629455566406,-318.8009338378906,-283.84332275390625,-321.5607604980469,108.25556945800781,43.30222702026367,43.30222702026367,-301.2430114746094
1.7758756922206738e+18,-307.9916687011719,-335.35980224609375,-308.4516296386719,-302.0120849609375,-322.0207214355469,-291.43280029296875,-297.41241455078125,-312.59136962890625,108.25556945800781,43.30222702026367,43.30222702026367,-301.3662109375
1.7758756922216737e+18,-287.0631103515625,-314.8912048339844,-299.2522888183594,-299.7122497558594,-315.1211853027344,-287.7530517578125,-307.3017272949219,-318.3409729003906,108.25556945800781,43.30222702026367,43.30222702026367,-300.1649475097656
1.775875692222674e+18,-320.64080810546875,-306.8417663574219,-302.9320373535156,-320.64080810546875,-289.1329650878906,-329.6101989746094,-289.1329650878906,-330.9901123046875,108.25556945800781,43.30222702026367,43.30222702026367,-300.56536865234375
1.7758756922236739e+18,-314.6612243652344,-290.51287841796875,-306.15179443359375,-289.3629455566406,-297.41241455078125,-286.8331298828125,-290.51287841796875,-297.87237548828125,108.25556945800781,43.30222702026367,43.30222702026367,-300.3805847167969
1.7758756922246738e+18,-292.1227722167969,-309.1416015625,-278.78369140625,-310.7514953613281,-272.8040771484375,-290.97283935546875,-288.2130432128906,-273.0340576171875,108.25556945800781,43.30222702026367,43.30222702026367,-301.5356140136719
1.775875692225674e+18,-290.05291748046875,-283.61334228515625,-282.69342041015625,-295.5725402832031,-267.97442626953125,-292.1227722167969,-269.12432861328125,-301.5521240234375,108.25556945800781,43.30222702026367,43.30222702026367,-299.9185485839844
1.775875692226674e+18,-306.8417663574219,-287.5230712890625,-289.1329650878906,-294.882568359375,-272.5740966796875,-288.2130432128906,-255.09530639648438,-295.8025207519531,108.25556945800781,43.30222702026367,43.30222702026367,-299.1793212890625
1.775875692227674e+18,-291.43280029296875,-279.4736328125,-285.4532165527344,-278.78369140625,-274.1839904785156,-274.6439514160156,-265.214599609375,-283.38336181640625,108.25556945800781,43.30222702026367,43.30222702026367,-298.8251037597656
1.775875692228674e+18,-280.8535461425781,-312.1313781738281,-279.70361328125,-294.652587890625,-280.3935546875,-266.3645324707031,-280.8535461425781,-272.3441162109375,108.25556945800781,43.30222702026367,43.30222702026367,-299.9185485839844
1.775875692229674e+18,-283.61334228515625,-294.192626953125,-271.1941833496094,-303.8519592285156,-256.9351806640625,-291.8927917480469,-259.4649963378906,-282.0034484863281,108.25556945800781,43.30222702026367,43.30222702026367,-297.91644287109375
1.7758756922306742e+18,-293.5026550292969,-299.7122497558594,-263.6047058105469,-307.3017272949219,-291.43280029296875,-279.013671875,-305.69183349609375,-284.07330322265625,108.25556945800781,43.30222702026367,43.30222702026367,-298.08587646484375
1.775875692231674e+18,-310.0615234375,-290.74285888671875,-316.7310791015625,-289.3629455566406,-316.9610595703125,-286.8331298828125,-294.652587890625,-293.0426940917969,108.25556945800781,43.30222702026367,43.30222702026367,-300.3189697265625
1.7758756922326743e+18,-289.5929260253906,-287.5230712890625,-301.5521240234375,-284.30328369140625,-300.8621520996094,-284.9932556152344,-290.28289794921875,-307.0717468261719,108.25556945800781,43.30222702026367,43.30222702026367,-301.8282470703125
1.7758756922336742e+18,-307.3017272949219,-284.5332946777344,-307.7616882324219,-294.422607421875,-295.342529296875,-306.61175537109375,-285.9131774902344,-320.18084716796875,108.25556945800781,43.30222702026367,43.30222702026367,-301.96685791015625
1.7758756922346742e+18,-314.6612243652344,-292.3527526855469,-312.36138916015625,-296.0325012207031,-309.6015625,-289.8229064941406,-303.8519592285156,-288.2130432128906,108.25556945800781,43.30222702026367,43.30222702026367,-300.6885986328125
1.7758756922356744e+18,-316.2711181640625,-301.7821044921875,-317.6510009765625,-295.112548828125,-314.4312438964844,-291.66278076171875,-306.61175537109375,-299.9422302246094,108.25556945800781,43.30222702026367,43.30222702026367,-301.7512512207031
1.7758756922366743e+18,-321.10076904296875,-303.8519592285156,-318.5709533691406,-293.962646484375,-314.2012634277344,-292.3527526855469,-301.7821044921875,-300.1722106933594,108.25556945800781,43.30222702026367,43.30222702026367,-301.4740295410156
1.7758756922376742e+18,-302.2420654296875,-330.0701599121094,-307.9916687011719,-313.74127197265625,-309.37158203125,-293.962646484375,-309.37158203125,-286.8331298828125,108.25556945800781,43.30222702026367,43.30222702026367,-299.81072998046875
1.7758756922386744e+18,-314.6612243652344,-297.1824035644531,-315.8111267089844,-308.681640625,-307.9916687011719,-311.4414367675781,-299.2522888183594,-328.92022705078125,108.25556945800781,43.30222702026367,43.30222702026367,-300.64239501953125
1.7758756922396744e+18,-310.7514953613281,-310.9814758300781,-300.6321716308594,-314.2012634277344,-292.3527526855469,-310.0615234375,-287.9830322265625,-310.0615234375,108.25556945800781,43.30222702026367,43.30222702026367,-300.84259033203125
1.7758756922406746e+18,-299.7122497558594,-289.8229064941406,-298.79229736328125,-289.1329650878906,-296.7224426269531,-279.70361328125,-294.882568359375,-280.3935546875,108.25556945800781,43.30222702026367,43.30222702026367,-299.24090576171875
1.7758756922416745e+18,-278.3236999511719,-306.15179443359375,-270.9642028808594,-310.5215148925781,-273.2640686035156,-298.56231689453125,-286.3731689453125,-297.1824035644531,108.25556945800781,43.30222702026367,43.30222702026367,-299.6875305175781
1.7758756922426744e+18,-298.79229736328125,-317.4210205078125,-287.0631103515625,-322.4806823730469,-278.78369140625,-308.91162109375,-275.33392333984375,-307.0717468261719,108.25556945800781,43.30222702026367,43.30222702026367,-298.57867431640625
1.7758756922436746e+18,-289.5929260253906,-288.2130432128906,-289.1329650878906,-279.4736328125,-287.2930908203125,-270.2742614746094,-283.61334228515625,-269.8143005371094,108.25556945800781,43.30222702026367,43.30222702026367,-297.6084289550781
1.7758756922446746e+18,-282.92340087890625,-311.6714172363281,-282.0034484863281,-299.2522888183594,-280.8535461425781,-281.5434875488281,-281.5434875488281,-272.3441162109375,108.25556945800781,43.30222702026367,43.30222702026367,-298.2706604003906
1.7758756922456748e+18,-281.3135070800781,-294.882568359375,-263.6047058105469,-299.4822692871094,-264.524658203125,-280.8535461425781,-276.9438171386719,-272.1141357421875,108.25556945800781,43.30222702026367,43.30222702026367,-299.1177062988281
1.7758756922466747e+18,-279.24365234375,-291.43280029296875,-297.64239501953125,-290.28289794921875,-300.4021911621094,-284.9932556152344,-301.5521240234375,-285.2232360839844,108.25556945800781,43.30222702026367,43.30222702026367,-298.85589599609375
1.7758756922476746e+18,-276.9438171386719,-302.4720458984375,-269.8143005371094,-307.7616882324219,-260.61492919921875,-299.02227783203125,-257.6251220703125,-300.8621520996094,108.25556945800781,43.30222702026367,43.30222702026367,-298.7789001464844
1.7758756922486748e+18,-293.732666015625,-316.2711181640625,-293.2726745605469,-329.1502380371094,-286.3731689453125,-314.2012634277344,-287.7530517578125,-297.87237548828125,108.25556945800781,43.30222702026367,43.30222702026367,-298.3168640136719
1.7758756922496748e+18,-301.5521240234375,-304.77191162109375,-315.8111267089844,-305.92181396484375,-319.2608947753906,-293.0426940917969,-301.0921630859375,-302.4720458984375,108.25556945800781,43.30222702026367,43.30222702026367,-300.3497619628906
1.7758756922506747e+18,-320.64080810546875,-298.56231689453125,-324.090576171875,-304.5419006347656,-322.4806823730469,-299.2522888183594,-314.4312438964844,-305.46185302734375,108.25556945800781,43.30222702026367,43.30222702026367,-301.02740478515625
1.775875692251675e+18,-275.56390380859375,-313.97125244140625,-288.2130432128906,-317.6510009765625,-287.7530517578125,-308.681640625,-292.8127136230469,-305.00189208984375,108.25556945800781,43.30222702026367,43.30222702026367,-299.85693359375
1.7758756922526748e+18,-279.013671875,-312.82135009765625,-290.97283935546875,-318.5709533691406,-286.3731689453125,-306.61175537109375,-299.9422302246094,-301.5521240234375,108.25556945800781,43.30222702026367,43.30222702026367,-300.07257080078125
1.775875692253675e+18,-314.8912048339844,-287.0631103515625,-316.2711181640625,-298.56231689453125,-302.0120849609375,-313.74127197265625,-292.1227722167969,-337.8896179199219,108.25556945800781,43.30222702026367,43.30222702026367,-299.7645568847656
1.775875692254675e+18,-324.780517578125,-298.79229736328125,-281.0835266113281,-328.46026611328125,-304.5419006347656,-297.1824035644531,-312.1313781738281,-311.6714172363281,108.25556945800781,43.30222702026367,43.30222702026367,-299.45654296875
1.775875692255675e+18,-321.7907409667969,-303.8519592285156,-296.4924621582031,-335.81976318359375,-293.5026550292969,-293.2726745605469,-302.7020263671875,-282.46343994140625,108.25556945800781,43.30222702026367,43.30222702026367,-300.6269836425781
1.775875692256675e+18,-327.54034423828125,-307.9916687011719,-287.9830322265625,-317.8810119628906,-279.70361328125,-288.4430236816406,-293.732666015625,-275.79388427734375,108.25556945800781,43.30222702026367,43.30222702026367,-301.5664367675781
1.775875692257675e+18,-272.3441162109375,-310.5215148925781,-274.4139709472656,-307.5317077636719,-285.9131774902344,-280.16357421875,-290.51287841796875,-277.1737976074219,108.25556945800781,43.30222702026367,43.30222702026367,-300.79638671875
1.7758756922586752e+18,-280.3935546875,-305.00189208984375,-267.97442626953125,-302.9320373535156,-278.3236999511719,-284.5332946777344,-280.6235656738281,-274.6439514160156,108.25556945800781,43.30222702026367,43.30222702026367,-299.2101135253906
1.7758756922596751e+18,-290.28289794921875,-310.0615234375,-285.9131774902344,-299.2522888183594,-286.1431579589844,-278.5536804199219,-282.46343994140625,-272.3441162109375,108.25556945800781,43.30222702026367,43.30222702026367,-297.762451171875
1.775875692260675e+18,-302.9320373535156,-275.79388427734375,-286.1431579589844,-313.05133056640625,-270.9642028808594,-311.6714172363281,-269.8143005371094,-300.6321716308594,108.25556945800781,43.30222702026367,43.30222702026367,-297.3620300292969
1.7758756922616753e+18,-292.8127136230469,-287.7530517578125,-273.2640686035156,-300.8621520996094,-258.5450744628906,-295.5725402832031,-257.1651611328125,-290.97283935546875,108.25556945800781,43.30222702026367,43.30222702026367,-298.3476867675781
1.7758756922626752e+18,-309.6015625,-289.5929260253906,-304.77191162109375,-289.3629455566406,-282.2334289550781,-287.2930908203125,-262.9147644042969,-291.43280029296875,108.25556945800781,43.30222702026367,43.30222702026367,-298.3630676269531
1.7758756922636754e+18,-295.5725402832031,-296.0325012207031,-309.1416015625,-290.51287841796875,-308.4516296386719,-281.7734680175781,-295.112548828125,-287.2930908203125,108.25556945800781,43.30222702026367,43.30222702026367,-299.6413269042969
1.7758756922646753e+18,-293.0426940917969,-274.4139709472656,-293.962646484375,-285.4532165527344,-282.69342041015625,-295.8025207519531,-270.9642028808594,-301.5521240234375,108.25556945800781,43.30222702026367,43.30222702026367,-299.79534912109375
1.7758756922656753e+18,-310.5215148925781,-298.56231689453125,-309.83154296875,-301.3221435546875,-299.9422302246094,-300.1722106933594,-291.20281982421875,-309.37158203125,108.25556945800781,43.30222702026367,43.30222702026367,-300.2881774902344
1.7758756922666755e+18,-324.320556640625,-295.5725402832031,-294.652587890625,-318.1109924316406,-278.0937194824219,-287.9830322265625,-306.61175537109375,-290.74285888671875,108.25556945800781,43.30222702026367,43.30222702026367,-300.9966125488281
1.7758756922676754e+18,-283.84332275390625,-323.400634765625,-282.69342041015625,-320.64080810546875,-300.4021911621094,-299.2522888183594,-315.1211853027344,-302.7020263671875,108.25556945800781,43.30222702026367,43.30222702026367,-300.54998779296875
1.7758756922686753e+18,-292.3527526855469,-312.36138916015625,-324.320556640625,-300.6321716308594,-312.82135009765625,-313.97125244140625,-276.02386474609375,-315.1211853027344,108.25556945800781,43.30222702026367,43.30222702026367,-301.0890197753906
1.7758756922696755e+18,-289.1329650878906,-317.4210205078125,-298.56231689453125,-311.2114562988281,-302.2420654296875,-290.28289794921875,-309.37158203125,-294.192626953125,108.25556945800781,43.30222702026367,43.30222702026367,-302.4750671386719
1.7758756922706755e+18,-319.0309143066406,-313.51129150390625,-311.4414367675781,-338.57958984375,-300.4021911621094,-318.5709533691406,-300.4021911621094,-294.882568359375,108.25556945800781,43.30222702026367,43.30222702026367,-300.93499755859375
1.7758756922716756e+18,-307.3017272949219,-307.7616882324219,-315.8111267089844,-290.97283935546875,-309.6015625,-297.64239501953125,-290.05291748046875,-316.5010986328125,108.25556945800781,43.30222702026367,43.30222702026367,-301.1506042480469
1.7758756922726756e+18,-302.9320373535156,-328.46026611328125,-299.7122497558594,-324.550537109375,-295.112548828125,-298.56231689453125,-297.41241455078125,-284.30328369140625,108.25556945800781,43.30222702026367,43.30222702026367,-300.3343811035156
1.7758756922736755e+18,-282.69342041015625,-313.97125244140625,-281.3135070800781,-317.1910400390625,-275.33392333984375,-306.61175537109375,-270.2742614746094,-311.4414367675781,108.25556945800781,43.30222702026367,43.30222702026367,-300.73480224609375
1.7758756922746757e+18,-302.7020263671875,-275.10394287109375,-295.5725402832031,-320.41082763671875,-280.6235656738281,-298.10235595703125,-291.20281982421875,-271.4241943359375,108.25556945800781,43.30222702026367,43.30222702026367,-301.0119934082031
1.7758756922756756e+18,-289.5929260253906,-285.9131774902344,-311.2114562988281,-289.1329650878906,-281.3135070800781,-293.2726745605469,-259.4649963378906,-296.4924621582031,108.25556945800781,43.30222702026367,43.30222702026367,-298.51708984375
1.7758756922766758e+18,-293.5026550292969,-292.5827331542969,-305.69183349609375,-288.6730041503906,-304.0819396972656,-276.48382568359375,-284.9932556152344,-283.84332275390625,108.25556945800781,43.30222702026367,43.30222702026367,-299.99554443359375
1.7758756922776758e+18,-285.6831970214844,-282.0034484863281,-288.2130432128906,-269.35430908203125,-288.9029846191406,-262.4548034667969,-282.92340087890625,-273.4940490722656,108.25556945800781,43.30222702026367,43.30222702026367,-299.9339599609375
1.7758756922786757e+18,-260.38494873046875,-294.422607421875,-281.3135070800781,-281.7734680175781,-282.2334289550781,-263.1447448730469,-283.38336181640625,-268.89434814453125,108.25556945800781,43.30222702026367,43.30222702026367,-300.9966125488281
1.775875692279676e+18,-293.962646484375,-273.9540100097656,-287.7530517578125,-301.7821044921875,-279.93359375,-307.5317077636719,-271.4241943359375,-291.20281982421875,108.25556945800781,43.30222702026367,43.30222702026367,-298.3630676269531
1.7758756922806758e+18,-288.2130432128906,-305.92181396484375,-292.3527526855469,-285.2232360839844,-292.3527526855469,-266.5945129394531,-287.5230712890625,-274.4139709472656,108.25556945800781,43.30222702026367,43.30222702026367,-299.7645568847656
1.7758756922816758e+18,-282.2334289550781,-304.0819396972656,-298.33233642578125,-276.48382568359375,-288.4430236816406,-300.6321716308594,-266.3645324707031,-289.1329650878906,108.25556945800781,43.30222702026367,43.30222702026367,-300.9042053222656
1.775875692282676e+18,-306.61175537109375,-277.6337585449219,-294.192626953125,-331.2200927734375,-284.5332946777344,-283.84332275390625,-305.69183349609375,-282.2334289550781,108.25556945800781,43.30222702026367,43.30222702026367,-299.6259460449219
1.775875692283676e+18,-288.4430236816406,-314.6612243652344,-280.3935546875,-317.1910400390625,-284.9932556152344,-306.8417663574219,-292.3527526855469,-308.4516296386719,108.25556945800781,43.30222702026367,43.30222702026367,-300.2111511230469
1.775875692284676e+18,-319.0309143066406,-309.37158203125,-283.84332275390625,-325.240478515625,-299.2522888183594,-299.7122497558594,-322.4806823730469,-302.7020263671875,108.25556945800781,43.30222702026367,43.30222702026367,-300.8117980957031
1.775875692285676e+18,-294.192626953125,-325.240478515625,-287.7530517578125,-324.090576171875,-289.3629455566406,-311.4414367675781,-285.9131774902344,-309.37158203125,108.25556945800781,43.30222702026367,43.30222702026367,-299.5489196777344
1.7758756922866762e+18,-292.5827331542969,-305.69183349609375,-321.33074951171875,-289.8229064941406,-315.5811462402344,-313.74127197265625,-298.10235595703125,-339.26953125,108.25556945800781,43.30222702026367,43.30222702026367,-301.0890197753906
1.7758756922876762e+18,-334.4398498535156,-307.7616882324219,-322.0207214355469,-317.8810119628906,-287.7530517578125,-317.1910400390625,-284.5332946777344,-311.9013977050781,108.25556945800781,43.30222702026367,43.30222702026367,-299.4873352050781
1.775875692288676e+18,-320.41082763671875,-299.7122497558594,-315.3511657714844,-308.91162109375,-310.9814758300781,-298.79229736328125,-304.77191162109375,-295.342529296875,108.25556945800781,43.30222702026367,43.30222702026367,-299.0099182128906
1.7758756922896763e+18,-299.4822692871094,-326.6203918457031,-296.9524230957031,-331.6800537109375,-292.1227722167969,-318.8009338378906,-290.51287841796875,-316.2711181640625,108.25556945800781,43.30222702026367,43.30222702026367,-299.1793212890625
1.7758756922906762e+18,-300.1722106933594,-304.3119201660156,-286.8331298828125,-309.37158203125,-277.6337585449219,-299.02227783203125,-276.25384521484375,-302.7020263671875,108.25556945800781,43.30222702026367,43.30222702026367,-299.85693359375
1.7758756922916762e+18,-293.5026550292969,-319.2608947753906,-293.2726745605469,-299.7122497558594,-293.732666015625,-267.2844543457031,-286.6031494140625,-277.6337585449219,108.25556945800781,43.30222702026367,43.30222702026367,-300.1187744140625
1.7758756922926764e+18,-287.7530517578125,-315.5811462402344,-288.2130432128906,-318.1109924316406,-279.24365234375,-304.5419006347656,-273.4940490722656,-285.9131774902344,108.25556945800781,43.30222702026367,43.30222702026367,-297.9780578613281
1.7758756922936763e+18,-286.3731689453125,-306.8417663574219,-279.4736328125,-319.95086669921875,-276.02386474609375,-299.7122497558594,-273.7240295410156,-290.51287841796875,108.25556945800781,43.30222702026367,43.30222702026367,-297.7470397949219
1.7758756922946765e+18,-305.23187255859375,-287.0631103515625,-311.4414367675781,-286.8331298828125,-302.7020263671875,-278.0937194824219,-281.7734680175781,-284.30328369140625,108.25556945800781,43.30222702026367,43.30222702026367,-299.5951232910156
1.7758756922956764e+18,-292.8127136230469,-284.7632751464844,-274.6439514160156,-295.8025207519531,-260.1549377441406,-287.5230712890625,-258.7750549316406,-277.4037780761719,108.25556945800781,43.30222702026367,43.30222702026367,-298.3014831542969
1.7758756922966764e+18,-268.20440673828125,-302.2420654296875,-271.1941833496094,-294.192626953125,-306.38177490234375,-274.1839904785156,-299.4822692871094,-283.61334228515625,108.25556945800781,43.30222702026367,43.30222702026367,-299.9185485839844
1.7758756922976765e+18,-285.9131774902344,-283.15338134765625,-296.9524230957031,-270.2742614746094,-294.652587890625,-276.9438171386719,-273.0340576171875,-293.2726745605469,108.25556945800781,43.30222702026367,43.30222702026367,-300.0571594238281
1.7758756922986765e+18,-277.4037780761719,-304.5419006347656,-276.25384521484375,-309.6015625,-282.46343994140625,-298.79229736328125,-299.2522888183594,-294.882568359375,108.25556945800781,43.30222702026367,43.30222702026367,-299.99554443359375
1.7758756922996764e+18,-300.6321716308594,-313.05133056640625,-296.7224426269531,-326.6203918457031,-289.5929260253906,-319.0309143066406,-284.9932556152344,-304.5419006347656,108.25556945800781,43.30222702026367,43.30222702026367,-298.7789001464844
1.7758756923006766e+18,-291.20281982421875,-313.74127197265625,-297.64239501953125,-315.1211853027344,-311.4414367675781,-305.23187255859375,-317.6510009765625,-305.46185302734375,108.25556945800781,43.30222702026367,43.30222702026367,-300.45758056640625
1.7758756923016765e+18,-303.1620178222656,-299.02227783203125,-312.59136962890625,-295.8025207519531,-308.2216491699219,-290.74285888671875,-305.69183349609375,-296.9524230957031,108.25556945800781,43.30222702026367,43.30222702026367,-301.8282470703125
1.7758756923026765e+18,-306.8417663574219,-337.4296569824219,-301.5521240234375,-334.2098693847656,-302.2420654296875,-307.3017272949219,-307.0717468261719,-292.1227722167969,108.25556945800781,43.30222702026367,43.30222702026367,-299.81072998046875
1.7758756923036767e+18,-323.860595703125,-320.64080810546875,-298.79229736328125,-341.1094055175781,-303.1620178222656,-295.112548828125,-313.97125244140625,-302.2420654296875,108.25556945800781,43.30222702026367,43.30222702026367,-300.1033630371094
1.7758756923046766e+18,-292.3527526855469,-326.3904113769531,-287.7530517578125,-323.860595703125,-285.2232360839844,-316.5010986328125,-283.61334228515625,-320.64080810546875,108.25556945800781,43.30222702026367,43.30222702026367,-299.7183532714844
1.7758756923056765e+18,-288.9029846191406,-325.9304504394531,-310.9814758300781,-297.41241455078125,-297.87237548828125,-315.8111267089844,-293.0426940917969,-281.5434875488281,108.25556945800781,43.30222702026367,43.30222702026367,-299.9647521972656
1.7758756923066767e+18,-304.5419006347656,-308.4516296386719,-296.2624816894531,-330.3001403808594,-289.5929260253906,-284.5332946777344,-308.91162109375,-290.05291748046875,108.25556945800781,43.30222702026367,43.30222702026367,-300.47296142578125
1.7758756923076767e+18,-304.3119201660156,-284.7632751464844,-274.6439514160156,-313.51129150390625,-309.1416015625,-281.7734680175781,-277.1737976074219,-316.5010986328125,108.25556945800781,43.30222702026367,43.30222702026367,-301.6126403808594
1.7758756923086769e+18,-296.4924621582031,-279.93359375,-298.79229736328125,-268.66436767578125,-294.192626953125,-266.5945129394531,-288.4430236816406,-271.8841552734375,108.25556945800781,43.30222702026367,43.30222702026367,-298.19366455078125
1.7758756923096768e+18,-292.1227722167969,-280.16357421875,-293.962646484375,-273.7240295410156,-288.9029846191406,-285.9131774902344,-278.78369140625,-312.1313781738281,108.25556945800781,43.30222702026367,43.30222702026367,-299.9647521972656
1.7758756923106767e+18,-258.7750549316406,-303.6219787597656,-286.1431579589844,-278.78369140625,-295.8025207519531,-279.70361328125,-255.55526733398438,-297.1824035644531,108.25556945800781,43.30222702026367,43.30222702026367,-298.71728515625
1.775875692311677e+18,-274.1839904785156,-296.2624816894531,-265.9045715332031,-291.43280029296875,-271.1941833496094,-267.2844543457031,-280.3935546875,-264.294677734375,108.25556945800781,43.30222702026367,43.30222702026367,-301.0736083984375
1.7758756923126769e+18,-284.9932556152344,-275.79388427734375,-293.0426940917969,-267.74444580078125,-281.3135070800781,-277.8637390136719,-256.4751892089844,-291.43280029296875,108.25556945800781,43.30222702026367,43.30222702026367,-299.5489196777344
1.7758756923136768e+18,-283.61334228515625,-309.1416015625,-288.2130432128906,-284.30328369140625,-289.1329650878906,-266.8244934082031,-284.9932556152344,-264.984619140625,108.25556945800781,43.30222702026367,43.30222702026367,-299.8723449707031
1.775875692314677e+18,-297.1824035644531,-282.2334289550781,-293.962646484375,-288.6730041503906,-277.4037780761719,-288.9029846191406,-261.07489013671875,-299.2522888183594,108.25556945800781,43.30222702026367,43.30222702026367,-300.2573547363281
1.775875692315677e+18,-278.5536804199219,-312.1313781738281,-280.16357421875,-303.8519592285156,-315.1211853027344,-289.8229064941406,-281.5434875488281,-306.61175537109375,108.25556945800781,43.30222702026367,43.30222702026367,-299.0561218261719
1.7758756923166769e+18,-303.6219787597656,-298.79229736328125,-308.2216491699219,-316.2711181640625,-297.64239501953125,-319.4908752441406,-286.6031494140625,-322.9406433105469,108.25556945800781,43.30222702026367,43.30222702026367,-300.4883728027344
1.775875692317677e+18,-313.74127197265625,-295.112548828125,-283.61334228515625,-324.320556640625,-295.112548828125,-296.2624816894531,-322.4806823730469,-297.1824035644531,108.25556945800781,43.30222702026367,43.30222702026367,-301.4278259277344
1.775875692318677e+18,-287.7530517578125,-321.10076904296875,-299.4822692871094,-317.4210205078125,-324.320556640625,-305.00189208984375,-322.9406433105469,-304.0819396972656,108.25556945800781,43.30222702026367,43.30222702026367,-301.3662109375
1.7758756923196772e+18,-316.0411376953125,-293.2726745605469,-314.2012634277344,-290.51287841796875,-311.2114562988281,-300.8621520996094,-290.05291748046875,-314.8912048339844,108.25556945800781,43.30222702026367,43.30222702026367,-301.4740295410156
1.775875692320677e+18,-300.1722106933594,-317.8810119628906,-287.9830322265625,-321.10076904296875,-298.79229736328125,-312.1313781738281,-322.2507019042969,-304.3119201660156,108.25556945800781,43.30222702026367,43.30222702026367,-301.4432373046875
1.775875692321677e+18,-316.2711181640625,-304.5419006347656,-312.82135009765625,-310.5215148925781,-304.5419006347656,-307.3017272949219,-302.2420654296875,-310.5215148925781,108.25556945800781,43.30222702026367,43.30222702026367,-301.0890197753906
1.7758756923226772e+18,-290.05291748046875,-310.7514953613281,-305.92181396484375,-284.5332946777344,-310.9814758300781,-285.9131774902344,-297.87237548828125,-305.46185302734375,108.25556945800781,43.30222702026367,43.30222702026367,-301.87445068359375
1.7758756923236772e+18,-292.1227722167969,-310.7514953613281,-281.7734680175781,-312.59136962890625,-278.78369140625,-303.1620178222656,-300.1722106933594,-301.3221435546875,108.25556945800781,43.30222702026367,43.30222702026367,-300.6731872558594
1.775875692324677e+18,-288.9029846191406,-294.422607421875,-317.4210205078125,-300.4021911621094,-265.674560546875,-292.8127136230469,-291.8927917480469,-275.33392333984375,108.25556945800781,43.30222702026367,43.30222702026367,-298.3168640136719
1.7758756923256773e+18,-305.23187255859375,-297.1824035644531,-278.3236999511719,-303.6219787597656,-269.8143005371094,-293.732666015625,-269.8143005371094,-298.33233642578125,108.25556945800781,43.30222702026367,43.30222702026367,-299.14849853515625
1.7758756923266772e+18,-303.3919982910156,-284.5332946777344,-283.38336181640625,-293.0426940917969,-265.444580078125,-289.1329650878906,-259.2350158691406,-296.4924621582031,108.25556945800781,43.30222702026367,43.30222702026367,-298.9328918457031
1.7758756923276772e+18,-306.38177490234375,-279.013671875,-300.8621520996094,-290.05291748046875,-289.5929260253906,-296.9524230957031,-275.33392333984375,-310.7514953613281,108.25556945800781,43.30222702026367,43.30222702026367,-299.7799377441406
1.7758756923286774e+18,-303.1620178222656,-287.5230712890625,-276.9438171386719,-294.422607421875,-260.61492919921875,-282.92340087890625,-272.8040771484375,-273.2640686035156,108.25556945800781,43.30222702026367,43.30222702026367,-299.31793212890625
1.7758756923296773e+18,-276.02386474609375,-299.7122497558594,-271.6541748046875,-301.5521240234375,-263.8346862792969,-293.0426940917969,-257.6251220703125,-300.6321716308594,108.25556945800781,43.30222702026367,43.30222702026367,-299.79534912109375
1.7758756923306772e+18,-297.1824035644531,-279.013671875,-273.7240295410156,-307.3017272949219,-262.6847839355469,-290.05291748046875,-292.1227722167969,-282.46343994140625,108.25556945800781,43.30222702026367,43.30222702026367,-300.4883728027344
1.7758756923316774e+18,-272.8040771484375,-290.05291748046875,-296.9524230957031,-274.4139709472656,-297.1824035644531,-298.10235595703125,-276.25384521484375,-319.0309143066406,108.25556945800781,43.30222702026367,43.30222702026367,-298.8404846191406
1.7758756923326774e+18,-298.33233642578125,-319.72088623046875,-294.652587890625,-316.0411376953125,-292.5827331542969,-283.15338134765625,-292.1227722167969,-276.48382568359375,108.25556945800781,43.30222702026367,43.30222702026367,-300.65777587890625
1.7758756923336776e+18,-293.0426940917969,-318.8009338378906,-301.3221435546875,-312.1313781738281,-298.79229736328125,-299.2522888183594,-296.2624816894531,-283.84332275390625,108.25556945800781,43.30222702026367,43.30222702026367,-299.271728515625
1.7758756923346775e+18,-308.91162109375,-311.2114562988281,-306.38177490234375,-322.0207214355469,-287.0631103515625,-318.5709533691406,-273.2640686035156,-317.4210205078125,108.25556945800781,43.30222702026367,43.30222702026367,-298.9175109863281
1.7758756923356774e+18,-330.5301208496094,-305.69183349609375,-326.6203918457031,-313.97125244140625,-310.29150390625,-313.51129150390625,-288.6730041503906,-314.4312438964844,108.25556945800781,43.30222702026367,43.30222702026367,-301.2892150878906
1.7758756923366776e+18,-310.7514953613281,-300.1722106933594,-300.8621520996094,-322.2507019042969,-289.8229064941406,-316.0411376953125,-295.342529296875,-310.7514953613281,108.25556945800781,43.30222702026367,43.30222702026367,-300.8887939453125
1.7758756923376776e+18,-300.8621520996094,-317.6510009765625,-287.5230712890625,-321.10076904296875,-298.33233642578125,-293.732666015625,-304.5419006347656,-288.4430236816406,108.25556945800781,43.30222702026367,43.30222702026367,-301.02740478515625
1.7758756923386775e+18,-302.2420654296875,-328.23028564453125,-306.61175537109375,-291.20281982421875,-316.5010986328125,-305.69183349609375,-270.7342224121094,-316.7310791015625,108.25556945800781,43.30222702026367,43.30222702026367,-301.5664367675781
1.7758756923396777e+18,-305.23187255859375,-319.0309143066406,-299.9422302246094,-328.92022705078125,-294.882568359375,-308.2216491699219,-294.882568359375,-289.3629455566406,108.25556945800781,43.30222702026367,43.30222702026367,-299.3641357421875
1.7758756923406776e+18,-294.652587890625,-302.2420654296875,-312.82135009765625,-301.7821044921875,-316.9610595703125,-296.0325012207031,-305.92181396484375,-301.0921630859375,108.25556945800781,43.30222702026367,43.30222702026367,-300.1187744140625
1.7758756923416776e+18,-296.4924621582031,-277.6337585449219,-296.2624816894531,-275.10394287109375,-290.28289794921875,-289.3629455566406,-271.6541748046875,-299.9422302246094,108.25556945800781,43.30222702026367,43.30222702026367,-300.0571594238281
1.7758756923426778e+18,-287.0631103515625,-310.9814758300781,-282.69342041015625,-299.02227783203125,-284.30328369140625,-274.6439514160156,-290.97283935546875,-265.444580078125,108.25556945800781,43.30222702026367,43.30222702026367,-299.8723449707031
1.7758756923436777e+18,-306.61175537109375,-289.1329650878906,-305.23187255859375,-287.5230712890625,-299.7122497558594,-282.0034484863281,-288.2130432128906,-284.9932556152344,108.25556945800781,43.30222702026367,43.30222702026367,-299.5643310546875
1.7758756923446776e+18,-291.43280029296875,-266.1345520019531,-289.3629455566406,-288.2130432128906,-272.3441162109375,-305.00189208984375,-273.0340576171875,-305.69183349609375,108.25556945800781,43.30222702026367,43.30222702026367,-297.7778625488281
1.7758756923456778e+18,-270.9642028808594,-295.5725402832031,-269.8143005371094,-285.2232360839844,-272.3441162109375,-266.3645324707031,-284.5332946777344,-258.7750549316406,108.25556945800781,43.30222702026367,43.30222702026367,-300.5191650390625
1.7758756923466778e+18,-298.33233642578125,-276.02386474609375,-293.0426940917969,-273.4940490722656,-290.74285888671875,-263.8346862792969,-287.5230712890625,-271.8841552734375,108.25556945800781,43.30222702026367,43.30222702026367,-300.9042053222656
1.775875692347678e+18,-294.882568359375,-314.2012634277344,-286.3731689453125,-311.6714172363281,-284.7632751464844,-277.6337585449219,-286.8331298828125,-273.2640686035156,108.25556945800781,43.30222702026367,43.30222702026367,-300.1649475097656
1.775875692348678e+18,-293.0426940917969,-302.4720458984375,-299.4822692871094,-292.5827331542969,-300.1722106933594,-277.1737976074219,-296.0325012207031,-276.9438171386719,108.25556945800781,43.30222702026367,43.30222702026367,-300.2419738769531
1.7758756923496778e+18,-282.46343994140625,-304.0819396972656,-275.10394287109375,-311.6714172363281,-272.8040771484375,-303.3919982910156,-282.0034484863281,-294.882568359375,108.25556945800781,43.30222702026367,43.30222702026367,-299.1639099121094
1.775875692350678e+18,-313.97125244140625,-291.66278076171875,-310.9814758300781,-287.2930908203125,-305.92181396484375,-293.2726745605469,-288.6730041503906,-311.9013977050781,108.25556945800781,43.30222702026367,43.30222702026367,-300.981201171875
1.775875692351678e+18,-287.7530517578125,-313.97125244140625,-302.4720458984375,-302.0120849609375,-305.46185302734375,-287.0631103515625,-306.38177490234375,-290.97283935546875,108.25556945800781,43.30222702026367,43.30222702026367,-302.05926513671875
1.775875692352678e+18,-299.4822692871094,-336.04974365234375,-305.46185302734375,-336.04974365234375,-304.0819396972656,-313.97125244140625,-302.9320373535156,-306.38177490234375,108.25556945800781,43.30222702026367,43.30222702026367,-299.5643310546875
1.775875692353678e+18,-294.422607421875,-325.9304504394531,-310.29150390625,-287.2930908203125,-309.6015625,-324.550537109375,-290.74285888671875,-320.64080810546875,108.25556945800781,43.30222702026367,43.30222702026367,-300.6269836425781
1.775875692354678e+18,-307.9916687011719,-312.1313781738281,-288.9029846191406,-319.2608947753906,-296.9524230957031,-288.9029846191406,-305.69183349609375,-298.10235595703125,108.25556945800781,43.30222702026367,43.30222702026367,-301.9052429199219
1.775875692355678e+18,-287.9830322265625,-312.82135009765625,-291.8927917480469,-320.41082763671875,-303.3919982910156,-303.3919982910156,-316.0411376953125,-292.3527526855469,108.25556945800781,43.30222702026367,43.30222702026367,-301.4586181640625
1.7758756923566781e+18,-325.240478515625,-296.7224426269531,-310.7514953613281,-306.61175537109375,-281.3135070800781,-304.5419006347656,-268.43438720703125,-302.7020263671875,108.25556945800781,43.30222702026367,43.30222702026367,-299.70294189453125
1.775875692357678e+18,-305.92181396484375,-307.0717468261719,-300.8621520996094,-305.69183349609375,-300.4021911621094,-296.0325012207031,-300.1722106933594,-295.8025207519531,108.25556945800781,43.30222702026367,43.30222702026367,-300.041748046875
1.7758756923586783e+18,-303.6219787597656,-286.8331298828125,-284.30328369140625,-299.4822692871094,-270.2742614746094,-295.8025207519531,-268.66436767578125,-296.2624816894531,108.25556945800781,43.30222702026367,43.30222702026367,-299.6413269042969
1.7758756923596782e+18,-305.00189208984375,-274.1839904785156,-301.0921630859375,-272.1141357421875,-293.732666015625,-270.0442810058594,-278.78369140625,-277.6337585449219,108.25556945800781,43.30222702026367,43.30222702026367,-300.3497619628906
1.7758756923606781e+18,-301.3221435546875,-294.422607421875,-270.9642028808594,-305.23187255859375,-261.07489013671875,-297.1824035644531,-255.32528686523438,-294.652587890625,108.25556945800781,43.30222702026367,43.30222702026367,-299.0561218261719
1.7758756923616783e+18,-276.48382568359375,-283.61334228515625,-289.3629455566406,-275.56390380859375,-293.0426940917969,-276.02386474609375,-284.07330322265625,-299.2522888183594,108.25556945800781,43.30222702026367,43.30222702026367,-299.31793212890625
1.7758756923626783e+18,-266.5945129394531,-296.2624816894531,-268.66436767578125,-299.02227783203125,-292.3527526855469,-284.5332946777344,-303.1620178222656,-280.16357421875,108.25556945800781,43.30222702026367,43.30222702026367,-299.8261413574219
1.7758756923636782e+18,-289.5929260253906,-290.05291748046875,-299.9422302246094,-292.5827331542969,-305.23187255859375,-283.84332275390625,-296.7224426269531,-287.0631103515625,108.25556945800781,43.30222702026367,43.30222702026367,-300.0109558105469
1.7758756923646784e+18,-305.23187255859375,-290.05291748046875,-304.77191162109375,-294.422607421875,-278.5536804199219,-297.64239501953125,-264.294677734375,-300.8621520996094,108.25556945800781,43.30222702026367,43.30222702026367,-299.33331298828125
1.7758756923656783e+18,-271.1941833496094,-308.91162109375,-277.4037780761719,-302.9320373535156,-282.92340087890625,-288.9029846191406,-287.0631103515625,-283.15338134765625,108.25556945800781,43.30222702026367,43.30222702026367,-298.8096923828125
1.7758756923666783e+18,-310.9814758300781,-284.07330322265625,-310.9814758300781,-288.6730041503906,-306.15179443359375,-291.8927917480469,-300.4021911621094,-295.5725402832031,108.25556945800781,43.30222702026367,43.30222702026367,-300.611572265625
1.7758756923676785e+18,-315.8111267089844,-290.97283935546875,-319.2608947753906,-290.05291748046875,-305.46185302734375,-295.8025207519531,-289.1329650878906,-306.61175537109375,108.25556945800781,43.30222702026367,43.30222702026367,-300.93499755859375
1.7758756923686784e+18,-298.79229736328125,-317.8810119628906,-317.6510009765625,-292.5827331542969,-293.5026550292969,-319.95086669921875,-283.84332275390625,-305.69183349609375,108.25556945800781,43.30222702026367,43.30222702026367,-301.8128356933594
1.7758756923696783e+18,-314.4312438964844,-286.1431579589844,-319.2608947753906,-306.61175537109375,-301.5521240234375,-327.31036376953125,-295.112548828125,-332.3699951171875,108.25556945800781,43.30222702026367,43.30222702026367,-300.2573547363281
1.7758756923706785e+18,-301.3221435546875,-309.37158203125,-310.29150390625,-300.1722106933594,-311.9013977050781,-282.46343994140625,-310.7514953613281,-283.15338134765625,108.25556945800781,43.30222702026367,43.30222702026367,-299.287109375
1.7758756923716785e+18,-321.10076904296875,-298.10235595703125,-316.5010986328125,-301.5521240234375,-295.5725402832031,-309.6015625,-281.5434875488281,-315.8111267089844,108.25556945800781,43.30222702026367,43.30222702026367,-300.5807800292969
1.7758756923726787e+18,-288.6730041503906,-321.10076904296875,-285.9131774902344,-312.36138916015625,-294.422607421875,-286.6031494140625,-298.33233642578125,-285.4532165527344,108.25556945800781,43.30222702026367,43.30222702026367,-301.73583984375
1.7758756923736786e+18,-322.7106628417969,-300.6321716308594,-324.320556640625,-304.77191162109375,-319.2608947753906,-296.9524230957031,-313.74127197265625,-296.7224426269531,108.25556945800781,43.30222702026367,43.30222702026367,-300.07257080078125
1.7758756923746785e+18,-275.10394287109375,-310.0615234375,-313.97125244140625,-291.8927917480469,-275.10394287109375,-307.5317077636719,-279.93359375,-268.43438720703125,108.25556945800781,43.30222702026367,43.30222702026367,-299.79534912109375
1.7758756923756787e+18,-286.8331298828125,-309.37158203125,-291.20281982421875,-283.61334228515625,-293.0426940917969,-268.20440673828125,-286.1431579589844,-291.66278076171875,108.25556945800781,43.30222702026367,43.30222702026367,-300.07257080078125
1.7758756923766787e+18,-293.2726745605469,-276.71380615234375,-293.2726745605469,-272.5740966796875,-287.7530517578125,-264.754638671875,-280.3935546875,-281.5434875488281,108.25556945800781,43.30222702026367,43.30222702026367,-299.99554443359375
1.7758756923776786e+18,-289.8229064941406,-272.3441162109375,-292.5827331542969,-274.6439514160156,-290.51287841796875,-279.013671875,-283.38336181640625,-301.0921630859375,108.25556945800781,43.30222702026367,43.30222702026367,-301.02740478515625
1.7758756923786788e+18,-293.2726745605469,-289.1329650878906,-272.3441162109375,-297.41241455078125,-259.6949768066406,-283.15338134765625,-268.20440673828125,-270.2742614746094,108.25556945800781,43.30222702026367,43.30222702026367,-300.041748046875
1.7758756923796787e+18,-282.46343994140625,-302.9320373535156,-288.4430236816406,-280.16357421875,-288.6730041503906,-263.8346862792969,-278.0937194824219,-282.46343994140625,108.25556945800781,43.30222702026367,43.30222702026367,-299.9339599609375
1.7758756923806787e+18,-282.92340087890625,-313.51129150390625,-282.92340087890625,-322.4806823730469,-277.8637390136719,-311.9013977050781,-276.02386474609375,-314.4312438964844,108.25556945800781,43.30222702026367,43.30222702026367,-299.61053466796875
1.7758756923816788e+18,-289.5929260253906,-317.1910400390625,-294.882568359375,-277.1737976074219,-293.732666015625,-300.8621520996094,-270.7342224121094,-286.3731689453125,108.25556945800781,43.30222702026367,43.30222702026367,-298.902099609375
1.7758756923826788e+18,-308.4516296386719,-291.20281982421875,-298.10235595703125,-313.28131103515625,-288.4430236816406,-312.1313781738281,-289.1329650878906,-315.8111267089844,108.25556945800781,43.30222702026367,43.30222702026367,-301.41241455078125
1.775875692383679e+18,-313.97125244140625,-302.9320373535156,-286.1431579589844,-316.2711181640625,-277.6337585449219,-306.15179443359375,-272.8040771484375,-310.29150390625,108.25556945800781,43.30222702026367,43.30222702026367,-299.5027160644531
1.775875692384679e+18,-307.7616882324219,-312.82135009765625,-326.8503723144531,-308.681640625,-325.9304504394531,-303.1620178222656,-297.87237548828125,-311.2114562988281,108.25556945800781,43.30222702026367,43.30222702026367,-301.1968078613281
1.775875692385679e+18,-308.2216491699219,-300.4021911621094,-316.5010986328125,-295.112548828125,-316.0411376953125,-286.8331298828125,-312.1313781738281,-289.1329650878906,108.25556945800781,43.30222702026367,43.30222702026367,-300.79638671875
1.7758756923866793e+18,-333.7499084472656,-304.77191162109375,-307.7616882324219,-322.0207214355469,-289.3629455566406,-322.0207214355469,-282.92340087890625,-325.240478515625,108.25556945800781,43.30222702026367,43.30222702026367,-301.4586181640625
1.7758756923876795e+18,-309.6015625,-306.15179443359375,-286.8331298828125,-321.5607604980469,-289.3629455566406,-311.9013977050781,-313.74127197265625,-311.6714172363281,108.25556945800781,43.30222702026367,43.30222702026367,-300.9042053222656
1.7758756923886797e+18,-314.4312438964844,-291.66278076171875,-314.4312438964844,-291.66278076171875,-289.1329650878906,-312.1313781738281,-273.2640686035156,-314.8912048339844,108.25556945800781,43.30222702026367,43.30222702026367,-301.8436279296875
1.7758756923896799e+18,-323.400634765625,-306.61175537109375,-295.112548828125,-313.97125244140625,-271.1941833496094,-301.3221435546875,-278.5536804199219,-294.882568359375,108.25556945800781,43.30222702026367,43.30222702026367,-300.56536865234375
1.77587569239068e+18,-302.2420654296875,-325.240478515625,-299.2522888183594,-296.0325012207031,-298.79229736328125,-269.5843200683594,-290.51287841796875,-286.6031494140625,108.25556945800781,43.30222702026367,43.30222702026367,-300.7039794921875
1.7758756923916803e+18,-298.56231689453125,-284.30328369140625,-302.7020263671875,-280.8535461425781,-296.7224426269531,-290.28289794921875,-282.46343994140625,-311.2114562988281,108.25556945800781,43.30222702026367,43.30222702026367,-299.3795166015625
1.7758756923926804e+18,-294.422607421875,-278.5536804199219,-299.2522888183594,-277.8637390136719,-291.43280029296875,-285.4532165527344,-279.4736328125,-304.5419006347656,108.25556945800781,43.30222702026367,43.30222702026367,-301.1044006347656
1.7758756923936806e+18,-278.78369140625,-311.6714172363281,-279.24365234375,-317.8810119628906,-275.56390380859375,-299.02227783203125,-272.3441162109375,-294.422607421875,108.25556945800781,43.30222702026367,43.30222702026367,-299.5489196777344
1.7758756923946808e+18,-296.9524230957031,-269.8143005371094,-299.9422302246094,-270.5042419433594,-288.9029846191406,-286.1431579589844,-266.5945129394531,-304.0819396972656,108.25556945800781,43.30222702026367,43.30222702026367,-299.04071044921875
1.775875692395681e+18,-276.25384521484375,-295.112548828125,-275.79388427734375,-290.97283935546875,-279.24365234375,-270.5042419433594,-272.5740966796875,-265.674560546875,108.25556945800781,43.30222702026367,43.30222702026367,-298.8713073730469
1.7758756923966812e+18,-261.76483154296875,-305.23187255859375,-267.2844543457031,-306.61175537109375,-273.0340576171875,-291.66278076171875,-262.4548034667969,-291.43280029296875,108.25556945800781,43.30222702026367,43.30222702026367,-299.841552734375
1.7758756923976814e+18,-264.064697265625,-293.2726745605469,-289.5929260253906,-285.2232360839844,-296.7224426269531,-273.4940490722656,-287.5230712890625,-300.6321716308594,108.25556945800781,43.30222702026367,43.30222702026367,-299.3025207519531
1.7758756923986816e+18,-299.9422302246094,-274.1839904785156,-301.5521240234375,-290.28289794921875,-289.5929260253906,-300.1722106933594,-269.12432861328125,-300.8621520996094,108.25556945800781,43.30222702026367,43.30222702026367,-299.98016357421875
1.7758756923996818e+18,-299.7122497558594,-308.4516296386719,-300.8621520996094,-296.2624816894531,-302.9320373535156,-284.5332946777344,-299.2522888183594,-277.6337585449219,108.25556945800781,43.30222702026367,43.30222702026367,-300.3497619628906
1.775875692400682e+18,-325.240478515625,-304.3119201660156,-324.550537109375,-307.7616882324219,-313.05133056640625,-307.3017272949219,-287.7530517578125,-310.7514953613281,108.25556945800781,43.30222702026367,43.30222702026367,-300.73480224609375
1.7758756924016822e+18,-302.2420654296875,-310.5215148925781,-307.3017272949219,-302.7020263671875,-310.5215148925781,-288.4430236816406,-310.29150390625,-283.38336181640625,108.25556945800781,43.30222702026367,43.30222702026367,-300.9195861816406
1.7758756924026824e+18,-325.240478515625,-312.36138916015625,-322.2507019042969,-314.8912048339844,-329.1502380371094,-309.1416015625,-324.550537109375,-308.91162109375,108.25556945800781,43.30222702026367,43.30222702026367,-301.39703369140625
1.7758756924036826e+18,-328.92022705078125,-309.6015625,-295.8025207519531,-328.00030517578125,-284.30328369140625,-301.3221435546875,-311.9013977050781,-287.5230712890625,108.25556945800781,43.30222702026367,43.30222702026367,-302.3364562988281
1.7758756924046828e+18,-304.0819396972656,-318.5709533691406,-303.6219787597656,-325.240478515625,-306.38177490234375,-323.1706237792969,-302.9320373535156,-336.9696960449219,108.25556945800781,43.30222702026367,43.30222702026367,-301.1044006347656
1.775875692405683e+18,-306.61175537109375,-322.9406433105469,-313.97125244140625,-295.8025207519531,-277.4037780761719,-294.422607421875,-316.2711181640625,-316.9610595703125,108.25556945800781,43.30222702026367,43.30222702026367,-301.87445068359375
1.7758756924066831e+18,-312.59136962890625,-296.2624816894531,-292.8127136230469,-331.2200927734375,-290.28289794921875,-285.2232360839844,-302.0120849609375,-286.1431579589844,108.25556945800781,43.30222702026367,43.30222702026367,-301.181396484375
1.7758756924076833e+18,-294.192626953125,-323.400634765625,-296.9524230957031,-279.013671875,-300.1722106933594,-294.652587890625,-259.6949768066406,-308.681640625,108.25556945800781,43.30222702026367,43.30222702026367,-300.411376953125
1.7758756924086835e+18,-288.6730041503906,-280.6235656738281,-304.3119201660156,-281.5434875488281,-271.8841552734375,-298.10235595703125,-260.38494873046875,-298.33233642578125,108.25556945800781,43.30222702026367,43.30222702026367,-299.6875305175781
1.7758756924096837e+18,-310.5215148925781,-291.8927917480469,-280.8535461425781,-301.5521240234375,-259.6949768066406,-283.38336181640625,-274.4139709472656,-271.6541748046875,108.25556945800781,43.30222702026367,43.30222702026367,-299.99554443359375
1.775875692410684e+18,-296.9524230957031,-312.1313781738281,-279.24365234375,-294.192626953125,-288.9029846191406,-257.6251220703125,-273.2640686035156,-291.66278076171875,108.25556945800781,43.30222702026367,43.30222702026367,-298.5478820800781
1.775875692411684e+18,-295.112548828125,-268.89434814453125,-297.1824035644531,-272.3441162109375,-282.69342041015625,-283.15338134765625,-257.8551025390625,-293.0426940917969,108.25556945800781,43.30222702026367,43.30222702026367,-299.41033935546875
1.7758756924126843e+18,-284.5332946777344,-293.2726745605469,-266.5945129394531,-293.2726745605469,-274.4139709472656,-270.5042419433594,-281.0835266113281,-268.66436767578125,108.25556945800781,43.30222702026367,43.30222702026367,-300.981201171875
1.7758756924136845e+18,-267.5144348144531,-290.97283935546875,-276.71380615234375,-292.1227722167969,-279.70361328125,-277.6337585449219,-279.24365234375,-267.74444580078125,108.25556945800781,43.30222702026367,43.30222702026367,-298.6248779296875
1.7758756924146847e+18,-314.6612243652344,-290.28289794921875,-306.61175537109375,-298.33233642578125,-286.1431579589844,-296.9524230957031,-259.6949768066406,-296.4924621582031,108.25556945800781,43.30222702026367,43.30222702026367,-298.56329345703125
1.7758756924156849e+18,-268.66436767578125,-310.29150390625,-275.10394287109375,-311.4414367675781,-287.9830322265625,-293.0426940917969,-294.192626953125,-289.5929260253906,108.25556945800781,43.30222702026367,43.30222702026367,-299.90313720703125
1.775875692416685e+18,-294.422607421875,-323.860595703125,-300.8621520996094,-329.8401794433594,-298.10235595703125,-321.5607604980469,-291.20281982421875,-325.7004699707031,108.25556945800781,43.30222702026367,43.30222702026367,-301.79742431640625
1.7758756924176852e+18,-314.4312438964844,-301.3221435546875,-297.41241455078125,-327.54034423828125,-312.1313781738281,-282.2334289550781,-289.1329650878906,-318.5709533691406,108.25556945800781,43.30222702026367,43.30222702026367,-301.0581970214844
1.7758756924186854e+18,-305.23187255859375,-327.77032470703125,-302.2420654296875,-332.5999755859375,-303.3919982910156,-332.1400146484375,-293.962646484375,-323.1706237792969,108.25556945800781,43.30222702026367,43.30222702026367,-300.4267883300781
1.7758756924196856e+18,-287.2930908203125,-317.8810119628906,-298.10235595703125,-307.0717468261719,-307.9916687011719,-295.5725402832031,-309.83154296875,-294.652587890625,108.25556945800781,43.30222702026367,43.30222702026367,-302.5212707519531
1.7758756924206858e+18,-316.0411376953125,-291.43280029296875,-313.51129150390625,-295.342529296875,-299.02227783203125,-314.4312438964844,-284.30328369140625,-319.95086669921875,108.25556945800781,43.30222702026367,43.30222702026367,-301.4894104003906
1.775875692421686e+18,-335.35980224609375,-313.28131103515625,-298.79229736328125,-326.6203918457031,-287.0631103515625,-305.92181396484375,-308.91162109375,-283.61334228515625,108.25556945800781,43.30222702026367,43.30222702026367,-302.45965576171875
1.7758756924226862e+18,-288.4430236816406,-318.1109924316406,-278.78369140625,-312.1313781738281,-289.1329650878906,-293.732666015625,-299.4822692871094,-288.9029846191406,108.25556945800781,43.30222702026367,43.30222702026367,-301.5818176269531
1.7758756924236864e+18,-301.3221435546875,-328.92022705078125,-293.962646484375,-316.7310791015625,-295.112548828125,-291.8927917480469,-299.2522888183594,-285.6831970214844,108.25556945800781,43.30222702026367,43.30222702026367,-299.79534912109375
1.7758756924246866e+18,-302.0120849609375,-299.4822692871094,-288.2130432128906,-325.9304504394531,-281.7734680175781,-296.9524230957031,-293.0426940917969,-277.6337585449219,108.25556945800781,43.30222702026367,43.30222702026367,-300.73480224609375
1.7758756924256865e+18,-303.6219787597656,-279.24365234375,-296.2624816894531,-285.9131774902344,-292.3527526855469,-287.7530517578125,-285.4532165527344,-311.2114562988281,108.25556945800781,43.30222702026367,43.30222702026367,-301.4586181640625
1.7758756924266867e+18,-265.444580078125,-296.9524230957031,-278.3236999511719,-276.25384521484375,-282.92340087890625,-262.2248229980469,-283.84332275390625,-277.6337585449219,108.25556945800781,43.30222702026367,43.30222702026367,-301.3662109375
1.775875692427687e+18,-306.15179443359375,-286.8331298828125,-283.61334228515625,-293.2726745605469,-262.9147644042969,-288.2130432128906,-253.0254364013672,-291.43280029296875,108.25556945800781,43.30222702026367,43.30222702026367,-298.74810791015625
1.775875692428687e+18,-272.8040771484375,-298.56231689453125,-296.2624816894531,-288.9029846191406,-302.9320373535156,-273.4940490722656,-279.93359375,-285.2232360839844,108.25556945800781,43.30222702026367,43.30222702026367,-299.5335388183594
1.7758756924296873e+18,-295.8025207519531,-270.7342224121094,-291.20281982421875,-277.6337585449219,-282.92340087890625,-274.1839904785156,-277.4037780761719,-289.8229064941406,108.25556945800781,43.30222702026367,43.30222702026367,-300.9966125488281
1.7758756924306875e+18,-294.192626953125,-302.0120849609375,-279.93359375,-322.4806823730469,-279.013671875,-289.8229064941406,-284.5332946777344,-270.5042419433594,108.25556945800781,43.30222702026367,43.30222702026367,-298.902099609375
1.7758756924316877e+18,-282.0034484863281,-316.2711181640625,-287.2930908203125,-299.02227783203125,-290.51287841796875,-275.56390380859375,-288.6730041503906,-270.9642028808594,108.25556945800781,43.30222702026367,43.30222702026367,-298.701904296875
1.7758756924326879e+18,-300.8621520996094,-286.3731689453125,-307.7616882324219,-285.6831970214844,-302.2420654296875,-278.5536804199219,-292.3527526855469,-281.5434875488281,108.25556945800781,43.30222702026367,43.30222702026367,-300.8580017089844
1.775875692433688e+18,-299.9422302246094,-314.8912048339844,-283.61334228515625,-296.0325012207031,-310.5215148925781,-288.6730041503906,-290.28289794921875,-326.6203918457031,108.25556945800781,43.30222702026367,43.30222702026367,-299.0561218261719
1.7758756924346883e+18,-314.6612243652344,-315.8111267089844,-297.87237548828125,-324.320556640625,-282.2334289550781,-319.72088623046875,-282.69342041015625,-296.2624816894531,108.25556945800781,43.30222702026367,43.30222702026367,-299.1793212890625
1.7758756924356884e+18,-281.0835266113281,-323.630615234375,-291.66278076171875,-322.4806823730469,-303.1620178222656,-307.7616882324219,-319.2608947753906,-297.1824035644531,108.25556945800781,43.30222702026367,43.30222702026367,-300.781005859375
1.7758756924366886e+18,-319.4908752441406,-288.9029846191406,-321.10076904296875,-293.2726745605469,-316.5010986328125,-306.8417663574219,-304.3119201660156,-321.10076904296875,108.25556945800781,43.30222702026367,43.30222702026367,-302.62908935546875
1.7758756924376888e+18,-292.8127136230469,-316.2711181640625,-294.652587890625,-314.2012634277344,-301.3221435546875,-303.8519592285156,-297.1824035644531,-295.342529296875,108.25556945800781,43.30222702026367,43.30222702026367,-299.14849853515625
1.775875692438689e+18,-287.0631103515625,-320.41082763671875,-305.46185302734375,-306.38177490234375,-328.46026611328125,-299.7122497558594,-308.2216491699219,-314.2012634277344,108.25556945800781,43.30222702026367,43.30222702026367,-298.71728515625
1.7758756924396892e+18,-329.6101989746094,-297.64239501953125,-331.2200927734375,-302.9320373535156,-320.87078857421875,-302.7020263671875,-316.9610595703125,-300.6321716308594,108.25556945800781,43.30222702026367,43.30222702026367,-299.88775634765625
1.7758756924406894e+18,-286.3731689453125,-309.1416015625,-286.3731689453125,-307.9916687011719,-288.9029846191406,-300.4021911621094,-292.1227722167969,-296.7224426269531,108.25556945800781,43.30222702026367,43.30222702026367,-299.9339599609375
1.7758756924416896e+18,-323.860595703125,-293.732666015625,-319.0309143066406,-291.8927917480469,-311.6714172363281,-286.3731689453125,-307.7616882324219,-288.9029846191406,108.25556945800781,43.30222702026367,43.30222702026367,-299.4873352050781
1.7758756924426898e+18,-286.8331298828125,-290.51287841796875,-284.30328369140625,-287.0631103515625,-279.70361328125,-279.24365234375,-273.4940490722656,-287.7530517578125,108.25556945800781,43.30222702026367,43.30222702026367,-298.902099609375
1.77587569244369e+18,-305.23187255859375,-284.5332946777344,-308.681640625,-283.61334228515625,-302.9320373535156,-278.3236999511719,-301.7821044921875,-287.0631103515625,108.25556945800781,43.30222702026367,43.30222702026367,-299.3641357421875
1.7758756924446902e+18,-294.422607421875,-276.9438171386719,-283.38336181640625,-279.93359375,-279.013671875,-272.3441162109375,-274.1839904785156,-278.0937194824219,108.25556945800781,43.30222702026367,43.30222702026367,-298.6248779296875
1.7758756924456904e+18,-298.56231689453125,-295.342529296875,-271.1941833496094,-302.0120849609375,-262.4548034667969,-276.71380615234375,-280.6235656738281,-259.4649963378906,108.25556945800781,43.30222702026367,43.30222702026367,-300.9195861816406
1.7758756924466906e+18,-283.38336181640625,-313.74127197265625,-289.5929260253906,-269.35430908203125,-276.25384521484375,-296.7224426269531,-285.9131774902344,-278.5536804199219,108.25556945800781,43.30222702026367,43.30222702026367,-298.6402893066406
1.7758756924476908e+18,-290.74285888671875,-295.342529296875,-292.5827331542969,-308.91162109375,-284.9932556152344,-304.0819396972656,-281.5434875488281,-315.8111267089844,108.25556945800781,43.30222702026367,43.30222702026367,-301.39703369140625
1.775875692448691e+18,-302.0120849609375,-275.56390380859375,-305.46185302734375,-279.93359375,-302.4720458984375,-270.5042419433594,-296.7224426269531,-273.9540100097656,108.25556945800781,43.30222702026367,43.30222702026367,-298.9175109863281
1.7758756924496911e+18,-277.8637390136719,-312.1313781738281,-275.56390380859375,-313.28131103515625,-275.10394287109375,-303.8519592285156,-268.43438720703125,-309.1416015625,108.25556945800781,43.30222702026367,43.30222702026367,-300.4421691894531
1.7758756924506913e+18,-291.43280029296875,-326.1604309082031,-305.46185302734375,-315.5811462402344,-309.37158203125,-293.2726745605469,-306.8417663574219,-283.15338134765625,108.25556945800781,43.30222702026367,43.30222702026367,-299.5951232910156
1.7758756924516915e+18,-327.54034423828125,-298.10235595703125,-327.0803527832031,-307.3017272949219,-315.8111267089844,-304.77191162109375,-308.2216491699219,-313.28131103515625,108.25556945800781,43.30222702026367,43.30222702026367,-301.68963623046875
1.7758756924526917e+18,-301.7821044921875,-324.550537109375,-304.0819396972656,-330.3001403808594,-304.5419006347656,-314.2012634277344,-303.8519592285156,-313.51129150390625,108.25556945800781,43.30222702026367,43.30222702026367,-301.02740478515625
1.775875692453692e+18,-305.23187255859375,-323.860595703125,-297.87237548828125,-305.23187255859375,-325.240478515625,-307.7616882324219,-275.79388427734375,-308.2216491699219,108.25556945800781,43.30222702026367,43.30222702026367,-302.3210754394531
1.775875692454692e+18,-292.8127136230469,-319.2608947753906,-299.7122497558594,-315.8111267089844,-290.97283935546875,-304.3119201660156,-289.5929260253906,-303.6219787597656,108.25556945800781,43.30222702026367,43.30222702026367,-300.4883728027344
1.7758756924556923e+18,-304.77191162109375,-323.630615234375,-305.23187255859375,-318.1109924316406,-296.7224426269531,-311.4414367675781,-292.8127136230469,-308.2216491699219,108.25556945800781,43.30222702026367,43.30222702026367,-300.7193908691406
1.7758756924566925e+18,-302.4720458984375,-303.3919982910156,-304.3119201660156,-292.1227722167969,-303.3919982910156,-278.0937194824219,-298.79229736328125,-278.78369140625,108.25556945800781,43.30222702026367,43.30222702026367,-299.5335388183594
1.7758756924576927e+18,-312.1313781738281,-291.20281982421875,-299.2522888183594,-311.4414367675781,-287.5230712890625,-315.5811462402344,-278.0937194824219,-321.10076904296875,108.25556945800781,43.30222702026367,43.30222702026367,-301.5202331542969
1.7758756924586929e+18,-275.33392333984375,-304.77191162109375,-269.5843200683594,-304.77191162109375,-269.8143005371094,-296.2624816894531,-264.064697265625,-295.8025207519531,108.25556945800781,43.30222702026367,43.30222702026367,-299.7491455078125
1.775875692459693e+18,-273.7240295410156,-299.4822692871094,-270.5042419433594,-301.0921630859375,-266.1345520019531,-292.8127136230469,-261.53485107421875,-291.20281982421875,108.25556945800781,43.30222702026367,43.30222702026367,-299.4873352050781
1.7758756924606932e+18,-266.3645324707031,-302.7020263671875,-273.0340576171875,-287.7530517578125,-303.8519592285156,-272.8040771484375,-282.2334289550781,-291.8927917480469,108.25556945800781,43.30222702026367,43.30222702026367,-297.2850341796875
