time_chanNI9205_3,PT_H2_03,PT_LO2_03,PT_LO2_04,PT_TI_01,PT_GG_01,PT_FU_04,Accel_AI
1.776468260218243e+18,3.31386137008667,0.26574069261550903,0.33138614892959595,7.945976734161377,9.689580917358398,8.869012832641602,0.6918071508407593
1.776468260219243e+18,10.534860610961914,0.5611451864242554,0.42985430359840393,7.6177496910095215,9.591113090515137,8.737722396850586,0.6589651703834534
1.776468260220243e+18,3.31386137008667,0.364208847284317,0.364208847284317,7.880331516265869,9.722403526306152,8.737722396850586,0.6097021698951721
1.776468260221243e+18,3.97031569480896,0.2985634207725525,0.364208847284317,7.716217994689941,9.82087230682373,8.77054500579834,0.642544150352478
1.7764682602222428e+18,11.191314697265625,0.5939679145812988,0.5283224582672119,7.814685821533203,9.788049697875977,8.737722396850586,0.642544150352478
1.7764682602232428e+18,5.611452102661133,0.49549975991249084,0.5283224582672119,7.716217994689941,9.788049697875977,8.737722396850586,0.6097021698951721
1.7764682602242427e+18,5.283224582672119,0.42985430359840393,0.4626770317554474,7.814685821533203,9.755227088928223,8.737722396850586,0.6261231899261475
1.7764682602252426e+18,7.252587795257568,0.5611451864242554,0.5283224582672119,7.749040603637695,10.01780891418457,8.803367614746094,0.6261231899261475
1.7764682602262426e+18,5.283224582672119,0.4626770317554474,0.5283224582672119,7.847508907318115,9.9849853515625,8.901835441589355,0.7246491312980652
1.7764682602272425e+18,6.267906188964844,0.49549975991249084,0.49549975991249084,7.749040603637695,9.62393569946289,8.803367614746094,0.642544150352478
1.7764682602282424e+18,4.954997539520264,0.3970315754413605,0.4626770317554474,7.749040603637695,9.853694915771484,8.77054500579834,0.6261231899261475
1.7764682602292424e+18,11.191314697265625,0.7252588272094727,0.6596133708953857,7.913154125213623,9.853694915771484,8.836190223693848,0.7082281112670898
1.7764682602302423e+18,4.62677001953125,0.5611451864242554,0.5939679145812988,8.208559036254883,9.361353874206543,8.507963180541992,0.5440182685852051
1.7764682602312422e+18,9.878405570983887,0.6596133708953857,0.6267906427383423,7.716217994689941,9.525467872619629,8.475140571594238,0.4619133174419403
1.7764682602322422e+18,3.6420886516571045,0.49549975991249084,0.5283224582672119,8.27420425415039,9.62393569946289,8.5736083984375,0.4290713369846344
1.776468260233242e+18,4.954997539520264,0.42985430359840393,0.4626770317554474,7.749040603637695,9.853694915771484,8.672077178955078,0.47833430767059326
1.776468260234242e+18,3.6420886516571045,0.364208847284317,0.3970315754413605,7.716217994689941,9.82087230682373,8.704899787902832,0.5932812094688416
1.776468260235242e+18,4.2985429763793945,0.2985634207725525,0.33138614892959595,7.059763431549072,9.525467872619629,8.639254570007324,0.5275972485542297
1.776468260236242e+18,2.65740704536438,0.2000952512025833,0.364208847284317,7.814685821533203,9.656758308410645,8.672077178955078,0.5440182685852051
1.7764682602372419e+18,11.51954174041748,0.6596133708953857,0.4626770317554474,7.486458778381348,9.361353874206543,8.507963180541992,0.47833430767059326
1.7764682602382418e+18,2.9856340885162354,0.3970315754413605,0.4626770317554474,7.913154125213623,9.558290481567383,8.507963180541992,0.4290713369846344
1.7764682602392417e+18,4.2985429763793945,0.33138614892959595,0.42985430359840393,7.387990474700928,9.459821701049805,8.475140571594238,0.3962293565273285
1.7764682602402417e+18,4.62677001953125,0.364208847284317,0.42985430359840393,7.650572299957275,9.492645263671875,8.442317962646484,0.34696638584136963
1.7764682602412416e+18,4.62677001953125,0.33138614892959595,0.3970315754413605,7.289522647857666,10.01780891418457,8.672077178955078,0.4947552978992462
1.7764682602422415e+18,4.954997539520264,0.3970315754413605,0.364208847284317,8.110090255737305,9.886517524719238,8.737722396850586,0.5440182685852051
1.7764682602432415e+18,6.267906188964844,0.3970315754413605,0.3970315754413605,7.781863212585449,9.525467872619629,8.5736083984375,0.4947552978992462
1.7764682602442414e+18,4.2985429763793945,0.3970315754413605,0.3970315754413605,8.07726764678955,9.919340133666992,8.737722396850586,0.5440182685852051
1.7764682602452413e+18,6.596133708953857,0.5283224582672119,0.3970315754413605,7.42081356048584,9.755227088928223,8.672077178955078,0.5440182685852051
1.7764682602462413e+18,4.62677001953125,0.4626770317554474,0.3970315754413605,7.749040603637695,9.656758308410645,8.672077178955078,0.6097021698951721
1.7764682602472412e+18,5.939679145812988,0.42985430359840393,0.42985430359840393,7.387990474700928,9.82087230682373,8.672077178955078,0.5604392290115356
1.7764682602482412e+18,10.86308765411377,0.7252588272094727,0.5939679145812988,8.011622428894043,9.62393569946289,8.672077178955078,0.5932812094688416
1.776468260249241e+18,5.283224582672119,0.49549975991249084,0.5611451864242554,7.978799819946289,9.492645263671875,8.540785789489746,0.5111762881278992
1.776468260250241e+18,5.283224582672119,0.4626770317554474,0.5283224582672119,7.781863212585449,9.755227088928223,8.606431007385254,0.4947552978992462
1.776468260251241e+18,3.97031569480896,0.3970315754413605,0.4626770317554474,7.453636169433594,9.295708656311035,8.442317962646484,0.3633873760700226
1.776468260252241e+18,4.62677001953125,0.3970315754413605,0.42985430359840393,7.650572299957275,9.656758308410645,8.475140571594238,0.34696638584136963
1.7764682602532408e+18,2.3291797637939453,0.26574069261550903,0.364208847284317,7.749040603637695,9.492645263671875,8.442317962646484,0.2812824547290802
1.7764682602542408e+18,5.939679145812988,0.3970315754413605,0.364208847284317,6.862827301025391,9.558290481567383,8.475140571594238,0.29770344495773315
1.7764682602552407e+18,3.97031569480896,0.26574069261550903,0.3970315754413605,7.32234525680542,9.788049697875977,8.606431007385254,0.41265034675598145
1.7764682602562404e+18,4.2985429763793945,0.26574069261550903,0.33138614892959595,7.847508907318115,9.689580917358398,8.606431007385254,0.3962293565273285
1.7764682602572403e+18,7.9090423583984375,0.42985430359840393,0.42985430359840393,7.913154125213623,10.116276741027832,8.836190223693848,0.5111762881278992
1.7764682602582403e+18,4.62677001953125,0.33138614892959595,0.3970315754413605,7.814685821533203,9.656758308410645,8.77054500579834,0.5604392290115356
1.7764682602592402e+18,5.611452102661133,0.3970315754413605,0.42985430359840393,7.814685821533203,9.919340133666992,8.803367614746094,0.5932812094688416
1.7764682602602401e+18,5.611452102661133,0.42985430359840393,0.42985430359840393,7.847508907318115,9.459821701049805,8.606431007385254,0.5440182685852051
1.77646826026124e+18,6.596133708953857,0.49549975991249084,0.42985430359840393,7.453636169433594,9.755227088928223,8.704899787902832,0.6097021698951721
1.77646826026224e+18,5.611452102661133,0.4626770317554474,0.4626770317554474,7.814685821533203,9.361353874206543,8.540785789489746,0.5111762881278992
1.77646826026324e+18,9.550178527832031,0.6924360990524292,0.5611451864242554,8.110090255737305,9.689580917358398,8.5736083984375,0.4619133174419403
1.7764682602642399e+18,4.954997539520264,0.49549975991249084,0.5283224582672119,7.42081356048584,9.62393569946289,8.540785789489746,0.4290713369846344
1.7764682602652398e+18,6.596133708953857,0.49549975991249084,0.5283224582672119,7.814685821533203,9.82087230682373,8.704899787902832,0.5275972485542297
1.7764682602662397e+18,4.62677001953125,0.4626770317554474,0.4626770317554474,7.814685821533203,10.214744567871094,9.000304222106934,0.576860249042511
1.7764682602672397e+18,5.939679145812988,0.4626770317554474,0.5283224582672119,7.978799819946289,9.000304222106934,8.540785789489746,0.4947552978992462
1.7764682602682396e+18,3.97031569480896,0.3970315754413605,0.42985430359840393,7.584927082061768,10.050631523132324,8.737722396850586,0.5275972485542297
1.7764682602692396e+18,4.2985429763793945,0.33138614892959595,0.42985430359840393,7.716217994689941,9.853694915771484,8.77054500579834,0.5275972485542297
1.7764682602702395e+18,8.565496444702148,0.5283224582672119,0.5283224582672119,8.110090255737305,9.952162742614746,8.836190223693848,0.5932812094688416
1.7764682602712397e+18,3.6420886516571045,0.3970315754413605,0.49549975991249084,8.307026863098145,9.788049697875977,8.77054500579834,0.6261231899261475
1.7764682602722396e+18,4.2985429763793945,0.33138614892959595,0.3970315754413605,7.781863212585449,9.459821701049805,8.639254570007324,0.5932812094688416
1.7764682602732396e+18,3.6420886516571045,0.26574069261550903,0.364208847284317,7.486458778381348,9.755227088928223,8.704899787902832,0.5604392290115356
1.7764682602742395e+18,4.954997539520264,0.2985634207725525,0.364208847284317,7.880331516265869,10.083454132080078,8.869012832641602,0.6753861308097839
1.7764682602752397e+18,4.62677001953125,0.33138614892959595,0.2985634207725525,8.175736427307129,9.656758308410645,8.77054500579834,0.6097021698951721
1.7764682602762396e+18,5.283224582672119,0.364208847284317,0.3970315754413605,7.584927082061768,9.919340133666992,8.836190223693848,0.6261231899261475
1.7764682602772396e+18,5.939679145812988,0.42985430359840393,0.364208847284317,8.011622428894043,9.689580917358398,8.737722396850586,0.6261231899261475
1.7764682602782395e+18,7.252587795257568,0.4626770317554474,0.3970315754413605,7.519281387329102,9.689580917358398,8.737722396850586,0.6097021698951721
1.7764682602792394e+18,5.939679145812988,0.49549975991249084,0.42985430359840393,7.847508907318115,9.886517524719238,8.77054500579834,0.6753861308097839
1.7764682602802396e+18,9.221951484680176,0.6596133708953857,0.49549975991249084,7.847508907318115,9.492645263671875,8.606431007385254,0.6097021698951721
1.7764682602812396e+18,5.611452102661133,0.5611451864242554,0.49549975991249084,7.716217994689941,9.62393569946289,8.606431007385254,0.5111762881278992
1.7764682602822395e+18,4.2985429763793945,0.4626770317554474,0.5283224582672119,8.044445037841797,9.689580917358398,8.672077178955078,0.5604392290115356
1.7764682602832394e+18,5.283224582672119,0.4626770317554474,0.49549975991249084,7.584927082061768,9.525467872619629,8.5736083984375,0.5111762881278992
1.7764682602842396e+18,5.283224582672119,0.3970315754413605,0.4626770317554474,7.486458778381348,9.656758308410645,8.639254570007324,0.47833430767059326
1.7764682602852396e+18,4.62677001953125,0.42985430359840393,0.42985430359840393,7.749040603637695,10.674263000488281,9.13159465789795,0.7246491312980652
1.7764682602862395e+18,6.924360752105713,0.49549975991249084,0.4626770317554474,7.6177496910095215,9.492645263671875,8.836190223693848,0.6589651703834534
1.7764682602872394e+18,3.97031569480896,0.364208847284317,0.4626770317554474,7.650572299957275,9.788049697875977,8.803367614746094,0.6589651703834534
1.7764682602882394e+18,3.6420886516571045,0.2985634207725525,0.42985430359840393,7.749040603637695,9.755227088928223,8.77054500579834,0.642544150352478
1.7764682602892396e+18,3.31386137008667,0.26574069261550903,0.2985634207725525,7.650572299957275,9.656758308410645,8.672077178955078,0.642544150352478
1.7764682602902395e+18,3.31386137008667,0.26574069261550903,0.33138614892959595,8.241381645202637,9.492645263671875,8.540785789489746,0.5275972485542297
1.7764682602912394e+18,3.97031569480896,0.26574069261550903,0.26574069261550903,7.814685821533203,9.853694915771484,8.704899787902832,0.5604392290115356
1.7764682602922394e+18,5.939679145812988,0.364208847284317,0.2985634207725525,7.584927082061768,9.919340133666992,8.77054500579834,0.6589651703834534
1.7764682602932396e+18,4.2985429763793945,0.33138614892959595,0.33138614892959595,7.978799819946289,10.280389785766602,8.934659004211426,0.7410700917243958
1.7764682602942395e+18,4.954997539520264,0.3970315754413605,0.3970315754413605,7.913154125213623,10.050631523132324,8.96748161315918,0.7903330326080322
1.7764682602952394e+18,4.2985429763793945,0.2985634207725525,0.33138614892959595,7.584927082061768,9.952162742614746,8.869012832641602,0.8231750130653381
1.7764682602962394e+18,5.939679145812988,0.3970315754413605,0.364208847284317,7.913154125213623,10.247567176818848,9.033126831054688,0.8724380135536194
1.7764682602972393e+18,6.267906188964844,0.42985430359840393,0.42985430359840393,7.12540864944458,10.18192195892334,9.065949440002441,0.9381219744682312
1.7764682602982395e+18,6.267906188964844,0.4626770317554474,0.42985430359840393,7.6177496910095215,9.591113090515137,8.77054500579834,0.7739120721817017
1.7764682602992394e+18,5.939679145812988,0.49549975991249084,0.4626770317554474,8.339849472045898,9.591113090515137,8.672077178955078,0.7082281112670898
1.7764682603002394e+18,8.237269401550293,0.5939679145812988,0.5283224582672119,7.814685821533203,9.42699909210205,8.507963180541992,0.576860249042511
1.7764682603012393e+18,5.611452102661133,0.5283224582672119,0.4626770317554474,8.011622428894043,9.788049697875977,8.704899787902832,0.5275972485542297
1.7764682603022395e+18,5.939679145812988,0.5283224582672119,0.49549975991249084,7.913154125213623,9.952162742614746,8.77054500579834,0.5440182685852051
1.7764682603032394e+18,12.175995826721191,0.7909042239189148,0.6596133708953857,7.945976734161377,9.788049697875977,8.737722396850586,0.576860249042511
1.7764682603042394e+18,4.2985429763793945,0.49549975991249084,0.5611451864242554,7.847508907318115,9.886517524719238,8.77054500579834,0.6097021698951721
1.7764682603052393e+18,3.97031569480896,0.4626770317554474,0.49549975991249084,7.552104473114014,9.755227088928223,8.77054500579834,0.6097021698951721
1.7764682603062392e+18,10.534860610961914,0.6924360990524292,0.6596133708953857,7.847508907318115,9.361353874206543,8.606431007385254,0.5604392290115356
1.7764682603072394e+18,3.6420886516571045,0.49549975991249084,0.5283224582672119,7.32234525680542,9.656758308410645,8.639254570007324,0.5440182685852051
1.7764682603082394e+18,3.31386137008667,0.3970315754413605,0.4626770317554474,7.453636169433594,9.394176483154297,8.475140571594238,0.41265034675598145
1.7764682603092393e+18,5.939679145812988,0.42985430359840393,0.4626770317554474,7.978799819946289,9.492645263671875,8.507963180541992,0.3962293565273285
1.7764682603102392e+18,3.97031569480896,0.2985634207725525,0.33138614892959595,7.519281387329102,9.62393569946289,8.5736083984375,0.4290713369846344
1.7764682603112394e+18,6.267906188964844,0.4626770317554474,0.42985430359840393,8.011622428894043,9.9849853515625,8.77054500579834,0.5932812094688416
1.7764682603122394e+18,5.611452102661133,0.42985430359840393,0.3970315754413605,7.781863212585449,9.952162742614746,8.77054500579834,0.5932812094688416
1.7764682603132393e+18,7.252587795257568,0.5283224582672119,0.49549975991249084,7.945976734161377,9.919340133666992,8.836190223693848,0.6589651703834534
1.7764682603142392e+18,5.283224582672119,0.4626770317554474,0.4626770317554474,7.814685821533203,10.050631523132324,8.869012832641602,0.7574911117553711
1.7764682603152392e+18,5.939679145812988,0.42985430359840393,0.5283224582672119,7.945976734161377,9.722403526306152,8.737722396850586,0.7082281112670898
1.7764682603162394e+18,4.2985429763793945,0.364208847284317,0.42985430359840393,7.945976734161377,9.689580917358398,8.704899787902832,0.5932812094688416
1.7764682603172393e+18,8.237269401550293,0.4626770317554474,0.5611451864242554,7.486458778381348,9.788049697875977,8.737722396850586,0.6261231899261475
1.7764682603182392e+18,6.267906188964844,0.49549975991249084,0.49549975991249084,7.387990474700928,9.9849853515625,8.869012832641602,0.7246491312980652
1.7764682603192392e+18,3.97031569480896,0.364208847284317,0.4626770317554474,7.749040603637695,9.230063438415527,8.475140571594238,0.4947552978992462
1.7764682603202394e+18,5.283224582672119,0.42985430359840393,0.4626770317554474,7.781863212585449,9.755227088928223,8.639254570007324,0.4947552978992462
1.7764682603212393e+18,4.2985429763793945,0.33138614892959595,0.4626770317554474,7.945976734161377,9.459821701049805,8.540785789489746,0.3962293565273285
1.7764682603222392e+18,5.939679145812988,0.42985430359840393,0.42985430359840393,7.453636169433594,9.656758308410645,8.606431007385254,0.44549232721328735
1.7764682603232392e+18,4.2985429763793945,0.42985430359840393,0.4626770317554474,7.814685821533203,9.886517524719238,8.704899787902832,0.5275972485542297
1.776468260324239e+18,3.97031569480896,0.364208847284317,0.3970315754413605,7.749040603637695,9.656758308410645,8.639254570007324,0.4947552978992462
1.7764682603252393e+18,8.565496444702148,0.4626770317554474,0.4626770317554474,8.241381645202637,9.62393569946289,8.5736083984375,0.4619133174419403
1.7764682603262392e+18,4.2985429763793945,0.42985430359840393,0.42985430359840393,8.110090255737305,9.788049697875977,8.639254570007324,0.5111762881278992
1.7764682603272392e+18,4.62677001953125,0.2985634207725525,0.42985430359840393,7.814685821533203,10.280389785766602,8.96748161315918,0.6589651703834534
1.776468260328239e+18,4.954997539520264,0.33138614892959595,0.3970315754413605,8.011622428894043,10.214744567871094,9.000304222106934,0.7574911117553711
1.7764682603292393e+18,4.62677001953125,0.33138614892959595,0.364208847284317,7.978799819946289,9.952162742614746,8.96748161315918,0.7739120721817017
1.7764682603302392e+18,5.283224582672119,0.3970315754413605,0.42985430359840393,7.945976734161377,9.42699909210205,8.704899787902832,0.6261231899261475
1.7764682603312392e+18,7.9090423583984375,0.4626770317554474,0.42985430359840393,7.913154125213623,9.755227088928223,8.77054500579834,0.6097021698951721
1.776468260332239e+18,5.283224582672119,0.4626770317554474,0.42985430359840393,7.6177496910095215,9.492645263671875,8.639254570007324,0.5604392290115356
1.776468260333239e+18,5.939679145812988,0.5283224582672119,0.42985430359840393,8.110090255737305,9.919340133666992,8.77054500579834,0.6097021698951721
1.7764682603342392e+18,7.252587795257568,0.5611451864242554,0.42985430359840393,7.781863212585449,10.18192195892334,8.901835441589355,0.7574911117553711
1.7764682603352392e+18,5.939679145812988,0.49549975991249084,0.4626770317554474,7.453636169433594,9.689580917358398,8.836190223693848,0.7246491312980652
1.776468260336239e+18,4.954997539520264,0.42985430359840393,0.42985430359840393,7.519281387329102,9.558290481567383,8.639254570007324,0.642544150352478
1.776468260337239e+18,5.283224582672119,0.3970315754413605,0.4626770317554474,8.044445037841797,10.247567176818848,8.934659004211426,0.6753861308097839
1.7764682603382392e+18,4.2985429763793945,0.364208847284317,0.42985430359840393,7.026940822601318,9.886517524719238,8.803367614746094,0.6589651703834534
1.7764682603392392e+18,10.534860610961914,0.6596133708953857,0.5283224582672119,7.650572299957275,9.919340133666992,8.836190223693848,0.7246491312980652
1.776468260340239e+18,4.62677001953125,0.5283224582672119,0.5283224582672119,8.110090255737305,9.525467872619629,8.704899787902832,0.6753861308097839
1.776468260341239e+18,4.62677001953125,0.3970315754413605,0.42985430359840393,7.42081356048584,9.853694915771484,8.77054500579834,0.6753861308097839
1.7764682603422392e+18,3.31386137008667,0.2985634207725525,0.3970315754413605,7.453636169433594,9.459821701049805,8.5736083984375,0.5604392290115356
1.7764682603432392e+18,2.65740704536438,0.26574069261550903,0.364208847284317,7.650572299957275,9.919340133666992,8.737722396850586,0.5111762881278992
1.776468260344239e+18,3.31386137008667,0.26574069261550903,0.33138614892959595,7.749040603637695,9.853694915771484,8.737722396850586,0.6097021698951721
1.776468260345239e+18,5.939679145812988,0.364208847284317,0.42985430359840393,7.6177496910095215,9.525467872619629,8.639254570007324,0.576860249042511
1.776468260346239e+18,5.283224582672119,0.364208847284317,0.364208847284317,7.913154125213623,9.755227088928223,8.672077178955078,0.5275972485542297
1.7764682603472392e+18,5.939679145812988,0.33138614892959595,0.3970315754413605,8.372672080993652,10.083454132080078,8.803367614746094,0.6589651703834534
1.776468260348239e+18,5.283224582672119,0.3970315754413605,0.3970315754413605,7.945976734161377,10.18192195892334,8.96748161315918,0.7574911117553711
1.776468260349239e+18,5.611452102661133,0.364208847284317,0.42985430359840393,7.749040603637695,10.01780891418457,8.96748161315918,0.7903330326080322
1.776468260350239e+18,5.939679145812988,0.42985430359840393,0.4626770317554474,7.749040603637695,9.952162742614746,8.934659004211426,0.7739120721817017
1.7764682603512392e+18,7.252587795257568,0.49549975991249084,0.4626770317554474,7.945976734161377,10.01780891418457,9.000304222106934,0.7903330326080322
1.776468260352239e+18,5.611452102661133,0.4626770317554474,0.42985430359840393,6.961295127868652,9.689580917358398,8.77054500579834,0.7246491312980652
1.776468260353239e+18,4.954997539520264,0.42985430359840393,0.364208847284317,7.584927082061768,9.689580917358398,8.77054500579834,0.6261231899261475
1.776468260354239e+18,4.954997539520264,0.42985430359840393,0.42985430359840393,7.650572299957275,9.952162742614746,8.836190223693848,0.642544150352478
1.776468260355239e+18,4.954997539520264,0.42985430359840393,0.42985430359840393,7.453636169433594,9.886517524719238,8.836190223693848,0.6918071508407593
1.776468260356239e+18,5.283224582672119,0.42985430359840393,0.3970315754413605,7.749040603637695,9.591113090515137,8.704899787902832,0.642544150352478
1.776468260357239e+18,10.86308765411377,0.6267906427383423,0.5283224582672119,7.42081356048584,9.558290481567383,8.5736083984375,0.5275972485542297
1.776468260358239e+18,2.9856340885162354,0.42985430359840393,0.49549975991249084,7.453636169433594,9.689580917358398,8.639254570007324,0.5111762881278992
1.776468260359239e+18,3.6420886516571045,0.2985634207725525,0.364208847284317,7.650572299957275,9.722403526306152,8.606431007385254,0.5111762881278992
1.776468260360239e+18,3.97031569480896,0.2985634207725525,0.42985430359840393,7.6833953857421875,10.01780891418457,8.803367614746094,0.5604392290115356
1.776468260361239e+18,3.31386137008667,0.364208847284317,0.3970315754413605,7.781863212585449,9.853694915771484,8.836190223693848,0.6589651703834534
1.776468260362239e+18,5.611452102661133,0.364208847284317,0.33138614892959595,7.289522647857666,9.82087230682373,8.803367614746094,0.6753861308097839
1.776468260363239e+18,4.2985429763793945,0.33138614892959595,0.33138614892959595,8.142912864685059,9.755227088928223,8.803367614746094,0.7082281112670898
1.7764682603642388e+18,5.283224582672119,0.364208847284317,0.364208847284317,7.453636169433594,9.755227088928223,8.77054500579834,0.6589651703834534
1.776468260365239e+18,6.267906188964844,0.364208847284317,0.364208847284317,7.814685821533203,9.62393569946289,8.704899787902832,0.5932812094688416
1.776468260366239e+18,6.267906188964844,0.4626770317554474,0.42985430359840393,8.110090255737305,9.591113090515137,8.639254570007324,0.5111762881278992
1.776468260367239e+18,4.954997539520264,0.4626770317554474,0.42985430359840393,8.175736427307129,9.886517524719238,8.77054500579834,0.5932812094688416
1.7764682603682388e+18,6.924360752105713,0.49549975991249084,0.49549975991249084,8.07726764678955,9.886517524719238,8.803367614746094,0.642544150352478
1.776468260369239e+18,5.283224582672119,0.364208847284317,0.3970315754413605,7.978799819946289,9.886517524719238,8.737722396850586,0.6261231899261475
1.776468260370239e+18,5.939679145812988,0.4626770317554474,0.4626770317554474,7.781863212585449,9.919340133666992,8.836190223693848,0.6753861308097839
1.776468260371239e+18,3.97031569480896,0.3970315754413605,0.42985430359840393,8.044445037841797,9.755227088928223,8.803367614746094,0.6261231899261475
1.7764682603722388e+18,5.283224582672119,0.3970315754413605,0.3970315754413605,7.716217994689941,9.853694915771484,8.836190223693848,0.6589651703834534
1.7764682603732388e+18,12.504223823547363,0.7252588272094727,0.5611451864242554,8.011622428894043,9.492645263671875,8.639254570007324,0.6261231899261475
1.7764682603742387e+18,4.2985429763793945,0.5611451864242554,0.49549975991249084,8.044445037841797,9.919340133666992,8.77054500579834,0.642544150352478
1.7764682603752387e+18,4.62677001953125,0.4626770317554474,0.42985430359840393,7.552104473114014,9.525467872619629,8.672077178955078,0.576860249042511
1.7764682603762383e+18,5.939679145812988,0.5283224582672119,0.4626770317554474,8.110090255737305,9.328531265258789,8.475140571594238,0.4947552978992462
1.7764682603772383e+18,4.2985429763793945,0.42985430359840393,0.4626770317554474,7.978799819946289,9.788049697875977,8.606431007385254,0.5275972485542297
1.7764682603782382e+18,4.2985429763793945,0.33138614892959595,0.4626770317554474,7.387990474700928,9.82087230682373,8.639254570007324,0.5275972485542297
1.7764682603792381e+18,3.31386137008667,0.2985634207725525,0.364208847284317,7.880331516265869,9.62393569946289,8.606431007385254,0.5111762881278992
1.776468260380238e+18,3.97031569480896,0.26574069261550903,0.33138614892959595,7.945976734161377,9.82087230682373,8.672077178955078,0.5111762881278992
1.776468260381238e+18,4.2985429763793945,0.33138614892959595,0.3970315754413605,7.781863212585449,9.62393569946289,8.540785789489746,0.47833430767059326
1.776468260382238e+18,5.611452102661133,0.33138614892959595,0.33138614892959595,7.847508907318115,9.853694915771484,8.704899787902832,0.5111762881278992
1.776468260383238e+18,5.283224582672119,0.33138614892959595,0.2985634207725525,7.584927082061768,9.82087230682373,8.77054500579834,0.576860249042511
1.7764682603842378e+18,14.145359992980957,0.7909042239189148,0.5611451864242554,7.158231735229492,10.050631523132324,8.869012832641602,0.6261231899261475
1.7764682603852378e+18,6.267906188964844,0.6267906427383423,0.5939679145812988,7.6833953857421875,9.886517524719238,8.836190223693848,0.6753861308097839
1.7764682603862377e+18,6.267906188964844,0.6267906427383423,0.5611451864242554,7.814685821533203,10.313213348388672,9.098772048950195,0.8231750130653381
1.7764682603872376e+18,9.221951484680176,0.6924360990524292,0.6596133708953857,7.749040603637695,9.722403526306152,8.869012832641602,0.7410700917243958
1.7764682603882376e+18,3.97031569480896,0.5283224582672119,0.5939679145812988,7.32234525680542,9.9849853515625,8.934659004211426,0.7410700917243958
1.7764682603892375e+18,5.283224582672119,0.5283224582672119,0.5939679145812988,7.913154125213623,10.083454132080078,9.000304222106934,0.8231750130653381
1.7764682603902374e+18,5.611452102661133,0.4626770317554474,0.49549975991249084,7.650572299957275,9.886517524719238,8.901835441589355,0.8231750130653381
1.7764682603912374e+18,4.2985429763793945,0.364208847284317,0.4626770317554474,7.6833953857421875,10.149099349975586,9.065949440002441,0.856016993522644
1.7764682603922373e+18,5.939679145812988,0.42985430359840393,0.3970315754413605,7.880331516265869,10.050631523132324,9.033126831054688,0.856016993522644
1.7764682603932372e+18,3.6420886516571045,0.3970315754413605,0.364208847284317,7.6833953857421875,9.886517524719238,8.96748161315918,0.8724380135536194
1.776468260394237e+18,4.62677001953125,0.364208847284317,0.33138614892959595,7.552104473114014,9.42699909210205,8.672077178955078,0.7082281112670898
1.7764682603952369e+18,3.31386137008667,0.26574069261550903,0.3970315754413605,7.6177496910095215,9.42699909210205,8.507963180541992,0.5604392290115356
1.7764682603962368e+18,3.97031569480896,0.2985634207725525,0.3970315754413605,8.208559036254883,9.689580917358398,8.5736083984375,0.47833430767059326
1.7764682603972367e+18,2.3291797637939453,0.23291797935962677,0.2985634207725525,7.781863212585449,9.689580917358398,8.606431007385254,0.47833430767059326
1.7764682603982367e+18,3.97031569480896,0.26574069261550903,0.26574069261550903,8.208559036254883,9.558290481567383,8.639254570007324,0.4947552978992462
1.7764682603992366e+18,3.6420886516571045,0.2000952512025833,0.26574069261550903,7.42081356048584,9.82087230682373,8.672077178955078,0.4947552978992462
1.7764682604002365e+18,5.611452102661133,0.2985634207725525,0.26574069261550903,7.847508907318115,9.722403526306152,8.704899787902832,0.5440182685852051
1.7764682604012365e+18,9.221951484680176,0.5611451864242554,0.42985430359840393,7.6833953857421875,9.328531265258789,8.475140571594238,0.47833430767059326
1.7764682604022364e+18,5.939679145812988,0.5283224582672119,0.5283224582672119,8.110090255737305,9.886517524719238,8.704899787902832,0.47833430767059326
1.7764682604032364e+18,6.267906188964844,0.49549975991249084,0.4626770317554474,8.044445037841797,10.247567176818848,8.934659004211426,0.642544150352478
1.7764682604042363e+18,11.191314697265625,0.7580814957618713,0.5939679145812988,7.945976734161377,9.262886047363281,8.639254570007324,0.5604392290115356
1.7764682604052362e+18,5.611452102661133,0.5283224582672119,0.5283224582672119,7.289522647857666,9.952162742614746,8.737722396850586,0.5440182685852051
1.7764682604062362e+18,4.2985429763793945,0.49549975991249084,0.5283224582672119,7.486458778381348,9.558290481567383,8.606431007385254,0.5275972485542297
1.776468260407236e+18,5.611452102661133,0.4626770317554474,0.49549975991249084,8.142912864685059,9.62393569946289,8.639254570007324,0.47833430767059326
1.776468260408236e+18,8.565496444702148,0.6596133708953857,0.49549975991249084,7.486458778381348,9.689580917358398,8.737722396850586,0.5275972485542297
1.776468260409236e+18,3.6420886516571045,0.42985430359840393,0.49549975991249084,7.945976734161377,9.591113090515137,8.540785789489746,0.47833430767059326
1.776468260410236e+18,3.31386137008667,0.364208847284317,0.4626770317554474,7.749040603637695,9.9849853515625,8.803367614746094,0.5932812094688416
1.7764682604112358e+18,4.62677001953125,0.3970315754413605,0.42985430359840393,7.847508907318115,10.050631523132324,8.836190223693848,0.6918071508407593
1.7764682604122355e+18,3.31386137008667,0.2985634207725525,0.33138614892959595,8.110090255737305,9.919340133666992,8.901835441589355,0.6918071508407593
1.7764682604132355e+18,3.6420886516571045,0.26574069261550903,0.33138614892959595,7.749040603637695,9.459821701049805,8.606431007385254,0.5932812094688416
1.7764682604142354e+18,4.2985429763793945,0.2985634207725525,0.364208847284317,7.847508907318115,9.525467872619629,8.5736083984375,0.5604392290115356
1.7764682604152353e+18,4.2985429763793945,0.26574069261550903,0.364208847284317,7.978799819946289,9.853694915771484,8.672077178955078,0.5275972485542297
1.7764682604162353e+18,3.6420886516571045,0.2985634207725525,0.33138614892959595,7.716217994689941,9.755227088928223,8.704899787902832,0.5604392290115356
1.7764682604172352e+18,11.847768783569336,0.6924360990524292,0.5283224582672119,8.27420425415039,9.755227088928223,8.737722396850586,0.5932812094688416
1.7764682604182351e+18,5.283224582672119,0.4626770317554474,0.49549975991249084,7.814685821533203,9.722403526306152,8.704899787902832,0.576860249042511
1.776468260419235e+18,5.283224582672119,0.49549975991249084,0.42985430359840393,7.552104473114014,9.558290481567383,8.5736083984375,0.5275972485542297
1.776468260420235e+18,5.939679145812988,0.49549975991249084,0.4626770317554474,7.814685821533203,9.919340133666992,8.737722396850586,0.5932812094688416
1.776468260421235e+18,5.283224582672119,0.42985430359840393,0.4626770317554474,7.42081356048584,9.853694915771484,8.836190223693848,0.6589651703834534
1.776468260422235e+18,5.611452102661133,0.3970315754413605,0.3970315754413605,7.814685821533203,9.62393569946289,8.704899787902832,0.642544150352478
1.7764682604232348e+18,10.206632614135742,0.6924360990524292,0.5611451864242554,7.749040603637695,9.656758308410645,8.704899787902832,0.642544150352478
1.7764682604242348e+18,5.283224582672119,0.5611451864242554,0.5939679145812988,7.978799819946289,9.525467872619629,8.5736083984375,0.4947552978992462
1.7764682604252347e+18,6.267906188964844,0.5283224582672119,0.5283224582672119,7.6177496910095215,10.083454132080078,8.803367614746094,0.5932812094688416
1.7764682604262346e+18,13.160677909851074,0.8565496802330017,0.6924360990524292,7.256699562072754,9.42699909210205,8.5736083984375,0.5111762881278992
1.7764682604272346e+18,4.62677001953125,0.6267906427383423,0.6924360990524292,7.814685821533203,9.919340133666992,8.737722396850586,0.5604392290115356
1.7764682604282345e+18,3.31386137008667,0.5283224582672119,0.6267906427383423,7.6833953857421875,10.641440391540527,9.197240829467773,0.8231750130653381
1.7764682604292344e+18,10.534860610961914,0.6924360990524292,0.6596133708953857,7.6833953857421875,9.853694915771484,8.96748161315918,0.8067540526390076
1.776468260430234e+18,3.97031569480896,0.4626770317554474,0.5611451864242554,7.814685821533203,9.459821701049805,8.704899787902832,0.6918071508407593
1.776468260431234e+18,5.611452102661133,0.4626770317554474,0.5283224582672119,8.372672080993652,9.656758308410645,8.737722396850586,0.7082281112670898
1.776468260432234e+18,2.9856340885162354,0.33138614892959595,0.3970315754413605,7.781863212585449,9.952162742614746,8.869012832641602,0.7082281112670898
1.776468260433234e+18,8.565496444702148,0.4626770317554474,0.42985430359840393,7.716217994689941,10.050631523132324,8.901835441589355,0.7082281112670898
1.7764682604342339e+18,5.283224582672119,0.42985430359840393,0.4626770317554474,7.584927082061768,10.116276741027832,9.000304222106934,0.7739120721817017
1.7764682604352338e+18,5.939679145812988,0.42985430359840393,0.42985430359840393,7.584927082061768,9.591113090515137,8.77054500579834,0.6753861308097839
1.7764682604362337e+18,5.939679145812988,0.4626770317554474,0.42985430359840393,7.978799819946289,9.919340133666992,8.803367614746094,0.7246491312980652
1.7764682604372337e+18,5.283224582672119,0.4626770317554474,0.4626770317554474,7.913154125213623,9.919340133666992,8.869012832641602,0.7246491312980652
1.7764682604382336e+18,5.283224582672119,0.3970315754413605,0.42985430359840393,7.453636169433594,9.42699909210205,8.704899787902832,0.6589651703834534
1.7764682604392335e+18,5.611452102661133,0.42985430359840393,0.4626770317554474,7.913154125213623,9.689580917358398,8.639254570007324,0.5440182685852051
1.7764682604402335e+18,5.939679145812988,0.49549975991249084,0.49549975991249084,7.913154125213623,9.361353874206543,8.475140571594238,0.4619133174419403
1.7764682604412334e+18,5.283224582672119,0.42985430359840393,0.42985430359840393,7.519281387329102,9.755227088928223,8.5736083984375,0.4619133174419403
1.7764682604422333e+18,8.565496444702148,0.5611451864242554,0.5283224582672119,7.650572299957275,9.591113090515137,8.5736083984375,0.4619133174419403
1.7764682604432333e+18,4.2985429763793945,0.49549975991249084,0.5283224582672119,7.650572299957275,9.919340133666992,8.77054500579834,0.47833430767059326
1.7764682604442332e+18,4.62677001953125,0.42985430359840393,0.4626770317554474,8.07726764678955,10.050631523132324,8.869012832641602,0.5932812094688416
1.7764682604452332e+18,10.206632614135742,0.6267906427383423,0.5939679145812988,7.913154125213623,9.952162742614746,8.869012832641602,0.6753861308097839
1.776468260446233e+18,3.97031569480896,0.5283224582672119,0.4626770317554474,7.387990474700928,9.689580917358398,8.803367614746094,0.7082281112670898
1.776468260447233e+18,3.6420886516571045,0.42985430359840393,0.49549975991249084,7.880331516265869,9.788049697875977,8.737722396850586,0.6753861308097839
1.776468260448233e+18,2.9856340885162354,0.26574069261550903,0.364208847284317,7.913154125213623,9.755227088928223,8.77054500579834,0.6589651703834534
1.7764682604492326e+18,8.89372444152832,0.4626770317554474,0.42985430359840393,7.6833953857421875,9.9849853515625,8.803367614746094,0.6753861308097839
1.7764682604502326e+18,2.65740704536438,0.364208847284317,0.364208847284317,7.880331516265869,9.591113090515137,8.737722396850586,0.6589651703834534
1.7764682604512325e+18,3.6420886516571045,0.2985634207725525,0.26574069261550903,7.650572299957275,9.788049697875977,8.737722396850586,0.6261231899261475
1.7764682604522324e+18,3.97031569480896,0.26574069261550903,0.33138614892959595,8.044445037841797,9.656758308410645,8.672077178955078,0.576860249042511
1.7764682604532324e+18,6.267906188964844,0.364208847284317,0.364208847284317,7.42081356048584,10.01780891418457,8.737722396850586,0.6097021698951721
1.7764682604542323e+18,4.62677001953125,0.33138614892959595,0.364208847284317,7.913154125213623,9.853694915771484,8.737722396850586,0.6261231899261475
1.7764682604552323e+18,10.86308765411377,0.6267906427383423,0.5283224582672119,7.913154125213623,9.919340133666992,8.836190223693848,0.6753861308097839
1.7764682604562322e+18,5.939679145812988,0.5283224582672119,0.49549975991249084,7.781863212585449,10.01780891418457,8.869012832641602,0.7246491312980652
1.7764682604572321e+18,5.611452102661133,0.49549975991249084,0.5283224582672119,7.650572299957275,9.9849853515625,8.869012832641602,0.6753861308097839
1.776468260458232e+18,5.283224582672119,0.42985430359840393,0.5283224582672119,7.289522647857666,9.656758308410645,8.737722396850586,0.7246491312980652
1.776468260459232e+18,4.954997539520264,0.42985430359840393,0.49549975991249084,7.913154125213623,9.722403526306152,8.704899787902832,0.6753861308097839
1.776468260460232e+18,5.939679145812988,0.49549975991249084,0.49549975991249084,7.781863212585449,9.689580917358398,8.704899787902832,0.6261231899261475
1.7764682604612319e+18,6.267906188964844,0.4626770317554474,0.4626770317554474,7.650572299957275,9.853694915771484,8.704899787902832,0.5604392290115356
1.7764682604622318e+18,4.62677001953125,0.42985430359840393,0.49549975991249084,7.978799819946289,9.788049697875977,8.704899787902832,0.642544150352478
1.7764682604632317e+18,3.6420886516571045,0.364208847284317,0.42985430359840393,7.978799819946289,9.62393569946289,8.606431007385254,0.5440182685852051
1.7764682604642317e+18,3.97031569480896,0.26574069261550903,0.42985430359840393,7.650572299957275,9.62393569946289,8.5736083984375,0.5604392290115356
1.7764682604652316e+18,3.31386137008667,0.2985634207725525,0.364208847284317,7.486458778381348,9.853694915771484,8.704899787902832,0.5604392290115356
1.7764682604662316e+18,4.2985429763793945,0.2985634207725525,0.33138614892959595,7.749040603637695,9.886517524719238,8.803367614746094,0.5604392290115356
1.7764682604672312e+18,3.31386137008667,0.26574069261550903,0.42985430359840393,7.749040603637695,9.558290481567383,8.606431007385254,0.5275972485542297
1.7764682604682312e+18,3.97031569480896,0.23291797935962677,0.2985634207725525,7.486458778381348,9.952162742614746,8.803367614746094,0.6097021698951721
1.776468260469231e+18,4.62677001953125,0.2985634207725525,0.2985634207725525,7.059763431549072,9.886517524719238,8.803367614746094,0.5932812094688416
1.7764682604702313e+18,4.2985429763793945,0.33138614892959595,0.26574069261550903,7.781863212585449,9.42699909210205,8.639254570007324,0.5111762881278992
1.7764682604712312e+18,6.596133708953857,0.364208847284317,0.2985634207725525,7.6833953857421875,10.116276741027832,8.803367614746094,0.6097021698951721
1.7764682604722312e+18,6.267906188964844,0.3970315754413605,0.3970315754413605,7.781863212585449,9.262886047363281,8.507963180541992,0.5111762881278992
1.776468260473231e+18,13.48890495300293,0.7909042239189148,0.5611451864242554,7.945976734161377,9.9849853515625,8.77054500579834,0.5604392290115356
1.7764682604742313e+18,4.62677001953125,0.5939679145812988,0.5283224582672119,7.913154125213623,9.853694915771484,8.803367614746094,0.5604392290115356
1.7764682604752312e+18,5.611452102661133,0.4626770317554474,0.5611451864242554,7.847508907318115,9.656758308410645,8.704899787902832,0.576860249042511
1.7764682604762312e+18,5.939679145812988,0.49549975991249084,0.49549975991249084,7.716217994689941,9.689580917358398,8.639254570007324,0.5440182685852051
1.776468260477231e+18,4.62677001953125,0.42985430359840393,0.49549975991249084,7.42081356048584,10.247567176818848,8.934659004211426,0.6589651703834534
1.7764682604782313e+18,5.939679145812988,0.49549975991249084,0.42985430359840393,7.781863212585449,9.525467872619629,8.737722396850586,0.6589651703834534
1.7764682604792312e+18,5.939679145812988,0.5283224582672119,0.4626770317554474,8.142912864685059,9.919340133666992,8.77054500579834,0.642544150352478
1.7764682604802312e+18,5.283224582672119,0.4626770317554474,0.5283224582672119,8.142912864685059,9.42699909210205,8.540785789489746,0.5604392290115356
1.776468260481231e+18,4.2985429763793945,0.3970315754413605,0.4626770317554474,7.32234525680542,9.722403526306152,8.606431007385254,0.5440182685852051
1.7764682604822313e+18,10.534860610961914,0.5939679145812988,0.5611451864242554,7.814685821533203,9.755227088928223,8.672077178955078,0.5111762881278992
1.7764682604832312e+18,3.6420886516571045,0.4626770317554474,0.4626770317554474,7.880331516265869,10.116276741027832,8.934659004211426,0.642544150352478
1.7764682604842312e+18,2.65740704536438,0.33138614892959595,0.42985430359840393,7.716217994689941,10.116276741027832,8.96748161315918,0.7739120721817017
1.7764682604852314e+18,3.6420886516571045,0.2985634207725525,0.42985430359840393,7.781863212585449,10.083454132080078,9.000304222106934,0.9052799940109253
1.7764682604862313e+18,5.283224582672119,0.364208847284317,0.3970315754413605,7.913154125213623,9.755227088928223,8.836190223693848,0.7574911117553711
1.7764682604872312e+18,5.939679145812988,0.3970315754413605,0.33138614892959595,7.584927082061768,9.919340133666992,8.836190223693848,0.7246491312980652
1.7764682604882312e+18,6.267906188964844,0.3970315754413605,0.3970315754413605,7.880331516265869,9.82087230682373,8.869012832641602,0.6753861308097839
1.7764682604892314e+18,4.62677001953125,0.3970315754413605,0.3970315754413605,8.372672080993652,9.853694915771484,8.869012832641602,0.7246491312980652
1.7764682604902313e+18,5.939679145812988,0.3970315754413605,0.42985430359840393,7.6833953857421875,9.919340133666992,8.836190223693848,0.7574911117553711
1.7764682604912312e+18,5.611452102661133,0.4626770317554474,0.42985430359840393,7.453636169433594,10.01780891418457,8.934659004211426,0.7410700917243958
1.7764682604922312e+18,5.611452102661133,0.4626770317554474,0.42985430359840393,7.880331516265869,9.886517524719238,8.934659004211426,0.8067540526390076
1.7764682604932314e+18,5.939679145812988,0.49549975991249084,0.49549975991249084,7.945976734161377,9.919340133666992,8.869012832641602,0.7739120721817017
1.7764682604942313e+18,6.596133708953857,0.4626770317554474,0.49549975991249084,8.208559036254883,9.82087230682373,8.836190223693848,0.7246491312980652
1.7764682604952312e+18,5.611452102661133,0.4626770317554474,0.3970315754413605,8.175736427307129,9.42699909210205,8.606431007385254,0.6261231899261475
1.7764682604962312e+18,5.939679145812988,0.42985430359840393,0.4626770317554474,7.847508907318115,9.689580917358398,8.704899787902832,0.576860249042511
1.7764682604972314e+18,5.939679145812988,0.4626770317554474,0.42985430359840393,7.749040603637695,9.919340133666992,8.77054500579834,0.6261231899261475
1.7764682604982313e+18,3.97031569480896,0.3970315754413605,0.49549975991249084,7.749040603637695,9.492645263671875,8.5736083984375,0.5111762881278992
1.7764682604992312e+18,10.534860610961914,0.6596133708953857,0.5611451864242554,7.814685821533203,9.62393569946289,8.606431007385254,0.47833430767059326
1.7764682605002312e+18,3.97031569480896,0.5283224582672119,0.5283224582672119,7.781863212585449,9.755227088928223,8.639254570007324,0.4947552978992462
1.7764682605012314e+18,2.65740704536438,0.364208847284317,0.3970315754413605,7.945976734161377,9.62393569946289,8.639254570007324,0.47833430767059326
1.7764682605022313e+18,3.31386137008667,0.26574069261550903,0.364208847284317,7.781863212585449,9.9849853515625,8.77054500579834,0.5275972485542297
1.7764682605032312e+18,8.89372444152832,0.5283224582672119,0.42985430359840393,7.847508907318115,9.82087230682373,8.77054500579834,0.5604392290115356
1.7764682605042314e+18,4.954997539520264,0.3970315754413605,0.4626770317554474,7.716217994689941,9.591113090515137,8.639254570007324,0.5440182685852051
1.7764682605052314e+18,4.2985429763793945,0.364208847284317,0.42985430359840393,8.044445037841797,9.591113090515137,8.639254570007324,0.5275972485542297
1.7764682605062313e+18,5.283224582672119,0.42985430359840393,0.3970315754413605,7.6177496910095215,9.656758308410645,8.5736083984375,0.5275972485542297
1.7764682605072312e+18,7.9090423583984375,0.5611451864242554,0.49549975991249084,7.913154125213623,9.689580917358398,8.672077178955078,0.5440182685852051
1.7764682605082314e+18,4.954997539520264,0.3970315754413605,0.4626770317554474,8.044445037841797,9.689580917358398,8.672077178955078,0.5440182685852051
1.7764682605092314e+18,12.504223823547363,0.7252588272094727,0.6267906427383423,7.716217994689941,9.656758308410645,8.672077178955078,0.5932812094688416
1.7764682605102313e+18,4.954997539520264,0.5283224582672119,0.5611451864242554,7.486458778381348,9.788049697875977,8.672077178955078,0.5932812094688416
1.7764682605112312e+18,6.596133708953857,0.49549975991249084,0.5611451864242554,7.355167865753174,9.722403526306152,8.704899787902832,0.5440182685852051
1.7764682605122314e+18,5.611452102661133,0.5283224582672119,0.5611451864242554,7.781863212585449,10.18192195892334,8.934659004211426,0.6589651703834534
1.7764682605132314e+18,5.283224582672119,0.49549975991249084,0.49549975991249084,7.847508907318115,9.591113090515137,8.737722396850586,0.6753861308097839
1.7764682605142313e+18,5.283224582672119,0.3970315754413605,0.4626770317554474,7.781863212585449,9.722403526306152,8.639254570007324,0.6589651703834534
1.7764682605152312e+18,5.939679145812988,0.4626770317554474,0.5283224582672119,7.781863212585449,9.82087230682373,8.704899787902832,0.6097021698951721
1.7764682605162314e+18,3.97031569480896,0.3970315754413605,0.42985430359840393,7.781863212585449,9.656758308410645,8.704899787902832,0.5932812094688416
1.7764682605172314e+18,4.62677001953125,0.4626770317554474,0.42985430359840393,7.6833953857421875,9.853694915771484,8.704899787902832,0.6261231899261475
1.7764682605182313e+18,3.97031569480896,0.2985634207725525,0.364208847284317,7.716217994689941,9.558290481567383,8.606431007385254,0.5275972485542297
1.7764682605192315e+18,3.6420886516571045,0.2985634207725525,0.3970315754413605,8.011622428894043,9.689580917358398,8.639254570007324,0.5604392290115356
1.7764682605202314e+18,7.252587795257568,0.42985430359840393,0.3970315754413605,7.781863212585449,10.01780891418457,8.77054500579834,0.5932812094688416
1.7764682605212314e+18,4.62677001953125,0.33138614892959595,0.3970315754413605,7.945976734161377,9.755227088928223,8.803367614746094,0.576860249042511
1.7764682605222313e+18,3.6420886516571045,0.26574069261550903,0.33138614892959595,7.584927082061768,9.919340133666992,8.77054500579834,0.5932812094688416
1.7764682605232315e+18,5.611452102661133,0.33138614892959595,0.3970315754413605,7.978799819946289,9.591113090515137,8.672077178955078,0.5275972485542297
1.7764682605242314e+18,5.283224582672119,0.364208847284317,0.3970315754413605,8.044445037841797,9.755227088928223,8.704899787902832,0.5111762881278992
1.7764682605252314e+18,4.954997539520264,0.3970315754413605,0.33138614892959595,7.880331516265869,9.689580917358398,8.639254570007324,0.5111762881278992
1.7764682605262313e+18,5.611452102661133,0.364208847284317,0.42985430359840393,7.519281387329102,9.361353874206543,8.475140571594238,0.4290713369846344
1.7764682605272315e+18,8.89372444152832,0.6267906427383423,0.4626770317554474,7.749040603637695,9.525467872619629,8.5736083984375,0.4290713369846344
1.7764682605282314e+18,6.267906188964844,0.4626770317554474,0.5283224582672119,7.716217994689941,10.050631523132324,8.803367614746094,0.5275972485542297
1.7764682605292314e+18,5.283224582672119,0.49549975991249084,0.5611451864242554,7.978799819946289,9.886517524719238,8.737722396850586,0.6097021698951721
1.7764682605302313e+18,5.611452102661133,0.3970315754413605,0.5611451864242554,8.011622428894043,9.886517524719238,8.803367614746094,0.6261231899261475
1.7764682605312315e+18,12.175995826721191,0.7252588272094727,0.6596133708953857,7.749040603637695,9.62393569946289,8.704899787902832,0.6589651703834534
1.7764682605322314e+18,4.954997539520264,0.5283224582672119,0.5611451864242554,7.355167865753174,9.591113090515137,8.5736083984375,0.5440182685852051
1.7764682605332314e+18,5.283224582672119,0.49549975991249084,0.5611451864242554,8.011622428894043,10.01780891418457,8.803367614746094,0.5932812094688416
1.7764682605342316e+18,4.954997539520264,0.3970315754413605,0.5283224582672119,7.6177496910095215,9.262886047363281,8.475140571594238,0.4619133174419403
1.7764682605352315e+18,5.611452102661133,0.42985430359840393,0.49549975991249084,7.552104473114014,9.525467872619629,8.475140571594238,0.37980836629867554
1.7764682605362314e+18,4.2985429763793945,0.3970315754413605,0.42985430359840393,7.781863212585449,10.149099349975586,8.803367614746094,0.44549232721328735
1.7764682605372314e+18,2.65740704536438,0.33138614892959595,0.42985430359840393,8.602431297302246,9.525467872619629,8.639254570007324,0.47833430767059326
1.7764682605382316e+18,3.31386137008667,0.26574069261550903,0.364208847284317,7.519281387329102,9.788049697875977,8.704899787902832,0.4947552978992462
1.7764682605392315e+18,3.31386137008667,0.23291797935962677,0.26574069261550903,7.978799819946289,9.722403526306152,8.704899787902832,0.5440182685852051
1.7764682605402314e+18,5.283224582672119,0.33138614892959595,0.33138614892959595,7.749040603637695,9.62393569946289,8.704899787902832,0.5604392290115356
1.7764682605412314e+18,3.97031569480896,0.26574069261550903,0.2000952512025833,7.519281387329102,9.558290481567383,8.606431007385254,0.576860249042511
1.7764682605422316e+18,5.283224582672119,0.2985634207725525,0.2985634207725525,7.6833953857421875,9.656758308410645,8.606431007385254,0.5604392290115356
1.7764682605432315e+18,5.939679145812988,0.3970315754413605,0.364208847284317,7.519281387329102,9.591113090515137,8.540785789489746,0.4947552978992462
1.7764682605442314e+18,4.954997539520264,0.3970315754413605,0.2985634207725525,7.6833953857421875,9.656758308410645,8.540785789489746,0.47833430767059326
1.7764682605452314e+18,5.939679145812988,0.42985430359840393,0.3970315754413605,7.978799819946289,9.82087230682373,8.704899787902832,0.5275972485542297
1.7764682605462316e+18,6.596133708953857,0.4626770317554474,0.4626770317554474,8.569608688354492,9.82087230682373,8.737722396850586,0.6097021698951721
1.7764682605472315e+18,5.611452102661133,0.4626770317554474,0.42985430359840393,7.650572299957275,10.01780891418457,8.77054500579834,0.6097021698951721
1.7764682605482314e+18,5.611452102661133,0.4626770317554474,0.4626770317554474,7.519281387329102,9.62393569946289,8.639254570007324,0.642544150352478
1.7764682605492316e+18,7.9090423583984375,0.5283224582672119,0.5611451864242554,8.07726764678955,9.952162742614746,8.77054500579834,0.6261231899261475
1.7764682605502316e+18,4.62677001953125,0.3970315754413605,0.49549975991249084,7.716217994689941,10.050631523132324,8.934659004211426,0.6918071508407593
1.7764682605512315e+18,4.62677001953125,0.42985430359840393,0.49549975991249084,7.6833953857421875,10.346035957336426,9.098772048950195,0.8231750130653381
1.7764682605522314e+18,4.2985429763793945,0.2985634207725525,0.3970315754413605,7.749040603637695,9.82087230682373,8.901835441589355,0.8395960330963135
1.7764682605532316e+18,4.2985429763793945,0.2985634207725525,0.364208847284317,7.519281387329102,9.62393569946289,8.704899787902832,0.7574911117553711
1.7764682605542316e+18,2.9856340885162354,0.23291797935962677,0.2985634207725525,7.781863212585449,9.42699909210205,8.606431007385254,0.642544150352478
1.7764682605552315e+18,3.31386137008667,0.2985634207725525,0.26574069261550903,7.814685821533203,9.919340133666992,8.77054500579834,0.5932812094688416
1.7764682605562314e+18,2.3291797637939453,0.16727252304553986,0.26574069261550903,7.6177496910095215,9.689580917358398,8.672077178955078,0.6261231899261475
1.7764682605572316e+18,11.847768783569336,0.6596133708953857,0.4626770317554474,7.880331516265869,9.722403526306152,8.704899787902832,0.6097021698951721
1.7764682605582316e+18,4.2985429763793945,0.4626770317554474,0.42985430359840393,7.913154125213623,9.722403526306152,8.704899787902832,0.5932812094688416
1.7764682605592315e+18,5.283224582672119,0.4626770317554474,0.42985430359840393,7.814685821533203,9.82087230682373,8.737722396850586,0.5604392290115356
1.7764682605602314e+18,11.847768783569336,0.7252588272094727,0.5939679145812988,7.42081356048584,9.62393569946289,8.639254570007324,0.5275972485542297
1.7764682605612316e+18,12.504223823547363,0.8565496802330017,0.7252588272094727,7.387990474700928,10.116276741027832,8.869012832641602,0.6589651703834534
1.7764682605622316e+18,5.611452102661133,0.6596133708953857,0.6924360990524292,7.978799819946289,9.722403526306152,8.77054500579834,0.6589651703834534
1.7764682605632315e+18,18.41231346130371,1.1847769021987915,0.9550178647041321,8.07726764678955,10.54297161102295,9.13159465789795,0.856016993522644
1.7764682605642314e+18,5.283224582672119,0.7580814957618713,0.8237269520759583,7.781863212585449,9.558290481567383,8.737722396850586,0.6918071508407593
1.7764682605652316e+18,4.954997539520264,0.6596133708953857,0.6924360990524292,7.945976734161377,9.853694915771484,8.836190223693848,0.7574911117553711
1.7764682605662316e+18,4.62677001953125,0.5283224582672119,0.5939679145812988,7.814685821533203,9.788049697875977,8.77054500579834,0.7574911117553711
1.7764682605672315e+18,8.565496444702148,0.5939679145812988,0.6267906427383423,7.847508907318115,9.62393569946289,8.639254570007324,0.6097021698951721
1.7764682605682317e+18,5.283224582672119,0.5283224582672119,0.5939679145812988,7.650572299957275,9.42699909210205,8.5736083984375,0.5440182685852051
1.7764682605692316e+18,4.2985429763793945,0.42985430359840393,0.5611451864242554,7.486458778381348,9.755227088928223,8.704899787902832,0.5604392290115356
1.7764682605702316e+18,4.2985429763793945,0.33138614892959595,0.3970315754413605,8.110090255737305,9.82087230682373,8.672077178955078,0.5604392290115356
1.7764682605712315e+18,2.9856340885162354,0.26574069261550903,0.364208847284317,7.945976734161377,9.689580917358398,8.639254570007324,0.5111762881278992
1.7764682605722314e+18,3.31386137008667,0.23291797935962677,0.364208847284317,7.880331516265869,9.9849853515625,8.836190223693848,0.642544150352478
1.7764682605732314e+18,3.31386137008667,0.26574069261550903,0.33138614892959595,7.650572299957275,9.9849853515625,8.803367614746094,0.6918071508407593
1.7764682605742313e+18,3.97031569480896,0.2000952512025833,0.33138614892959595,7.486458778381348,9.525467872619629,8.639254570007324,0.6097021698951721
1.7764682605752312e+18,3.97031569480896,0.26574069261550903,0.26574069261550903,7.650572299957275,10.050631523132324,8.836190223693848,0.6918071508407593
1.7764682605762312e+18,8.89372444152832,0.4626770317554474,0.3970315754413605,7.584927082061768,9.492645263671875,8.606431007385254,0.5932812094688416
1.776468260577231e+18,5.283224582672119,0.42985430359840393,0.42985430359840393,8.307026863098145,10.247567176818848,8.934659004211426,0.7246491312980652
1.776468260578231e+18,5.611452102661133,0.364208847284317,0.42985430359840393,7.781863212585449,10.18192195892334,8.96748161315918,0.7410700917243958
1.776468260579231e+18,5.283224582672119,0.3970315754413605,0.3970315754413605,7.880331516265869,9.722403526306152,8.803367614746094,0.7410700917243958
1.7764682605802312e+18,5.611452102661133,0.4626770317554474,0.4626770317554474,7.847508907318115,9.689580917358398,8.77054500579834,0.6918071508407593
1.776468260581231e+18,5.611452102661133,0.4626770317554474,0.49549975991249084,8.110090255737305,9.689580917358398,8.704899787902832,0.6261231899261475
1.776468260582231e+18,4.954997539520264,0.3970315754413605,0.4626770317554474,7.453636169433594,9.755227088928223,8.704899787902832,0.5440182685852051
1.776468260583231e+18,5.611452102661133,0.4626770317554474,0.3970315754413605,7.6177496910095215,9.9849853515625,8.836190223693848,0.6589651703834534
1.776468260584231e+18,10.534860610961914,0.6596133708953857,0.5611451864242554,7.552104473114014,9.9849853515625,8.934659004211426,0.7082281112670898
1.7764682605852308e+18,5.283224582672119,0.5611451864242554,0.5283224582672119,7.781863212585449,9.755227088928223,8.836190223693848,0.6753861308097839
1.7764682605862308e+18,5.283224582672119,0.5283224582672119,0.5283224582672119,7.6177496910095215,9.42699909210205,8.639254570007324,0.6261231899261475
1.7764682605872307e+18,11.847768783569336,0.7252588272094727,0.5939679145812988,7.978799819946289,9.394176483154297,8.507963180541992,0.4619133174419403
1.7764682605882307e+18,3.97031569480896,0.5283224582672119,0.5939679145812988,7.749040603637695,9.656758308410645,8.606431007385254,0.47833430767059326
1.7764682605892306e+18,4.2985429763793945,0.42985430359840393,0.49549975991249084,7.6177496910095215,9.459821701049805,8.507963180541992,0.4947552978992462
1.7764682605902305e+18,3.97031569480896,0.33138614892959595,0.4626770317554474,7.716217994689941,9.361353874206543,8.475140571594238,0.37980836629867554
1.7764682605912305e+18,4.62677001953125,0.2985634207725525,0.3970315754413605,7.945976734161377,9.492645263671875,8.442317962646484,0.3962293565273285
1.7764682605922304e+18,3.6420886516571045,0.2985634207725525,0.33138614892959595,7.453636169433594,9.525467872619629,8.475140571594238,0.34696638584136963
1.7764682605932303e+18,5.283224582672119,0.33138614892959595,0.364208847284317,7.814685821533203,9.62393569946289,8.5736083984375,0.3633873760700226
1.7764682605942303e+18,5.283224582672119,0.33138614892959595,0.364208847284317,7.453636169433594,10.01780891418457,8.803367614746094,0.5275972485542297
1.7764682605952302e+18,5.611452102661133,0.42985430359840393,0.3970315754413605,7.716217994689941,9.853694915771484,8.836190223693848,0.642544150352478
1.7764682605962301e+18,4.62677001953125,0.33138614892959595,0.2985634207725525,8.011622428894043,9.919340133666992,8.803367614746094,0.7082281112670898
1.77646826059723e+18,11.191314697265625,0.6267906427383423,0.5611451864242554,7.42081356048584,9.492645263671875,8.5736083984375,0.6097021698951721
1.77646826059823e+18,5.283224582672119,0.5283224582672119,0.5611451864242554,7.749040603637695,9.886517524719238,8.704899787902832,0.5932812094688416
1.77646826059923e+18,5.611452102661133,0.5283224582672119,0.5283224582672119,8.372672080993652,10.050631523132324,8.901835441589355,0.6589651703834534
1.77646826060023e+18,5.611452102661133,0.42985430359840393,0.4626770317554474,8.07726764678955,9.656758308410645,8.704899787902832,0.642544150352478
1.7764682606012298e+18,4.62677001953125,0.3970315754413605,0.4626770317554474,8.044445037841797,9.919340133666992,8.803367614746094,0.6753861308097839
1.7764682606022298e+18,4.62677001953125,0.364208847284317,0.42985430359840393,7.716217994689941,10.280389785766602,9.000304222106934,0.8231750130653381
1.7764682606032297e+18,11.51954174041748,0.6924360990524292,0.5939679145812988,7.781863212585449,9.82087230682373,8.869012832641602,0.7903330326080322
1.7764682606042296e+18,4.954997539520264,0.5283224582672119,0.5283224582672119,7.814685821533203,9.689580917358398,8.77054500579834,0.7082281112670898
1.7764682606052296e+18,3.97031569480896,0.3970315754413605,0.49549975991249084,7.945976734161377,9.492645263671875,8.639254570007324,0.5932812094688416
1.7764682606062295e+18,8.565496444702148,0.5939679145812988,0.5611451864242554,7.945976734161377,9.525467872619629,8.606431007385254,0.5275972485542297
1.7764682606072294e+18,2.9856340885162354,0.3970315754413605,0.4626770317554474,7.913154125213623,9.394176483154297,8.475140571594238,0.4619133174419403
1.7764682606082294e+18,4.62677001953125,0.33138614892959595,0.364208847284317,7.552104473114014,9.853694915771484,8.639254570007324,0.4947552978992462
1.7764682606092293e+18,4.2985429763793945,0.33138614892959595,0.364208847284317,8.044445037841797,9.656758308410645,8.737722396850586,0.5275972485542297
1.7764682606102292e+18,4.2985429763793945,0.2985634207725525,0.33138614892959595,7.781863212585449,10.149099349975586,8.869012832641602,0.642544150352478
1.7764682606112292e+18,4.2985429763793945,0.2000952512025833,0.26574069261550903,7.584927082061768,9.853694915771484,8.836190223693848,0.642544150352478
1.776468260612229e+18,5.939679145812988,0.3970315754413605,0.2985634207725525,8.110090255737305,10.18192195892334,8.96748161315918,0.7739120721817017
1.776468260613229e+18,5.283224582672119,0.364208847284317,0.3970315754413605,7.650572299957275,10.050631523132324,8.96748161315918,0.8231750130653381
1.776468260614229e+18,6.924360752105713,0.49549975991249084,0.4626770317554474,7.880331516265869,9.62393569946289,8.77054500579834,0.7574911117553711
1.776468260615229e+18,5.283224582672119,0.4626770317554474,0.3970315754413605,7.781863212585449,9.328531265258789,8.540785789489746,0.5275972485542297
1.7764682606162289e+18,6.267906188964844,0.4626770317554474,0.5283224582672119,7.781863212585449,9.591113090515137,8.639254570007324,0.5275972485542297
1.7764682606172288e+18,4.954997539520264,0.42985430359840393,0.42985430359840393,7.913154125213623,9.853694915771484,8.672077178955078,0.5111762881278992
1.7764682606182287e+18,4.62677001953125,0.3970315754413605,0.42985430359840393,7.387990474700928,9.492645263671875,8.5736083984375,0.47833430767059326
1.7764682606192287e+18,7.580815315246582,0.4626770317554474,0.42985430359840393,7.650572299957275,9.886517524719238,8.737722396850586,0.5604392290115356
1.7764682606202286e+18,4.62677001953125,0.42985430359840393,0.42985430359840393,7.552104473114014,9.755227088928223,8.672077178955078,0.5111762881278992
1.7764682606212285e+18,8.565496444702148,0.5611451864242554,0.49549975991249084,7.978799819946289,9.952162742614746,8.869012832641602,0.5932812094688416
1.7764682606222285e+18,4.62677001953125,0.42985430359840393,0.5283224582672119,8.044445037841797,9.788049697875977,8.803367614746094,0.642544150352478
1.7764682606232287e+18,4.2985429763793945,0.3970315754413605,0.3970315754413605,7.913154125213623,9.919340133666992,8.869012832641602,0.6589651703834534
1.7764682606242286e+18,3.31386137008667,0.23291797935962677,0.42985430359840393,7.814685821533203,9.558290481567383,8.672077178955078,0.6589651703834534
1.7764682606252285e+18,2.9856340885162354,0.2000952512025833,0.2985634207725525,7.387990474700928,9.492645263671875,8.5736083984375,0.5440182685852051
1.7764682606262285e+18,3.6420886516571045,0.26574069261550903,0.2985634207725525,7.716217994689941,9.62393569946289,8.672077178955078,0.5111762881278992
1.7764682606272284e+18,11.847768783569336,0.6596133708953857,0.4626770317554474,7.749040603637695,10.050631523132324,8.803367614746094,0.5440182685852051
1.7764682606282284e+18,3.31386137008667,0.3970315754413605,0.42985430359840393,7.847508907318115,9.82087230682373,8.77054500579834,0.6753861308097839
1.7764682606292283e+18,5.283224582672119,0.3970315754413605,0.364208847284317,8.011622428894043,9.558290481567383,8.672077178955078,0.6261231899261475
1.7764682606302282e+18,11.51954174041748,0.6596133708953857,0.49549975991249084,7.913154125213623,9.82087230682373,8.704899787902832,0.642544150352478
1.7764682606312282e+18,5.939679145812988,0.5611451864242554,0.5283224582672119,7.650572299957275,9.689580917358398,8.672077178955078,0.576860249042511
1.776468260632228e+18,5.611452102661133,0.5283224582672119,0.5611451864242554,7.781863212585449,9.755227088928223,8.737722396850586,0.5604392290115356
1.776468260633228e+18,10.534860610961914,0.6924360990524292,0.6267906427383423,7.650572299957275,10.214744567871094,8.934659004211426,0.6589651703834534
1.776468260634228e+18,5.939679145812988,0.5939679145812988,0.5939679145812988,7.42081356048584,9.689580917358398,8.869012832641602,0.6753861308097839
1.776468260635228e+18,5.939679145812988,0.5611451864242554,0.5939679145812988,7.749040603637695,10.149099349975586,9.000304222106934,0.7246491312980652
1.7764682606362278e+18,5.283224582672119,0.42985430359840393,0.49549975991249084,7.781863212585449,9.755227088928223,8.836190223693848,0.7410700917243958
1.7764682606372278e+18,4.954997539520264,0.4626770317554474,0.4626770317554474,8.011622428894043,9.886517524719238,8.836190223693848,0.642544150352478
1.7764682606382277e+18,5.283224582672119,0.3970315754413605,0.49549975991249084,7.945976734161377,9.42699909210205,8.606431007385254,0.5932812094688416
1.7764682606392276e+18,3.6420886516571045,0.33138614892959595,0.3970315754413605,7.945976734161377,10.149099349975586,8.901835441589355,0.6753861308097839
1.7764682606402276e+18,3.6420886516571045,0.2985634207725525,0.2985634207725525,7.945976734161377,9.492645263671875,8.606431007385254,0.6261231899261475
1.7764682606412275e+18,4.2985429763793945,0.33138614892959595,0.33138614892959595,7.6177496910095215,9.886517524719238,8.77054500579834,0.6589651703834534
1.7764682606422275e+18,2.9856340885162354,0.23291797935962677,0.26574069261550903,7.584927082061768,9.42699909210205,8.5736083984375,0.5440182685852051
1.7764682606432274e+18,2.0009524822235107,0.16727252304553986,0.2000952512025833,7.913154125213623,10.214744567871094,8.869012832641602,0.6589651703834534
1.7764682606442273e+18,11.51954174041748,0.6267906427383423,0.3970315754413605,7.814685821533203,10.050631523132324,8.96748161315918,0.7903330326080322
1.7764682606452273e+18,2.3291797637939453,0.364208847284317,0.33138614892959595,7.716217994689941,9.689580917358398,8.803367614746094,0.7410700917243958
1.7764682606462272e+18,3.6420886516571045,0.364208847284317,0.33138614892959595,7.716217994689941,10.01780891418457,8.901835441589355,0.7410700917243958
1.7764682606472271e+18,8.237269401550293,0.49549975991249084,0.4626770317554474,7.6833953857421875,10.18192195892334,9.000304222106934,0.8067540526390076
1.776468260648227e+18,4.62677001953125,0.33138614892959595,0.3970315754413605,7.650572299957275,9.919340133666992,8.934659004211426,0.856016993522644
1.776468260649227e+18,4.62677001953125,0.3970315754413605,0.364208847284317,7.716217994689941,9.886517524719238,8.836190223693848,0.7903330326080322
1.776468260650227e+18,6.596133708953857,0.4626770317554474,0.4626770317554474,7.650572299957275,10.116276741027832,8.96748161315918,0.7903330326080322
1.776468260651227e+18,4.954997539520264,0.3970315754413605,0.4626770317554474,7.6833953857421875,9.886517524719238,8.934659004211426,0.7739120721817017
1.7764682606522268e+18,6.924360752105713,0.5283224582672119,0.49549975991249084,7.913154125213623,9.886517524719238,8.934659004211426,0.8067540526390076
1.7764682606532268e+18,5.283224582672119,0.5283224582672119,0.49549975991249084,7.6833953857421875,9.755227088928223,8.803367614746094,0.7246491312980652
1.7764682606542267e+18,5.611452102661133,0.42985430359840393,0.49549975991249084,8.43831729888916,9.492645263671875,8.5736083984375,0.576860249042511
1.7764682606552266e+18,4.62677001953125,0.3970315754413605,0.42985430359840393,7.716217994689941,10.18192195892334,8.934659004211426,0.6589651703834534
1.7764682606562266e+18,5.283224582672119,0.3970315754413605,0.49549975991249084,7.847508907318115,10.214744567871094,9.000304222106934,0.7082281112670898
1.7764682606572265e+18,4.62677001953125,0.42985430359840393,0.3970315754413605,7.6833953857421875,9.755227088928223,8.901835441589355,0.7574911117553711
1.7764682606582264e+18,4.2985429763793945,0.33138614892959595,0.364208847284317,7.650572299957275,9.525467872619629,8.737722396850586,0.6589651703834534
1.7764682606592264e+18,3.97031569480896,0.364208847284317,0.3970315754413605,7.6177496910095215,9.62393569946289,8.606431007385254,0.5932812094688416
1.7764682606602263e+18,2.3291797637939453,0.2985634207725525,0.2985634207725525,7.749040603637695,9.525467872619629,8.672077178955078,0.5604392290115356
1.7764682606612262e+18,4.2985429763793945,0.26574069261550903,0.33138614892959595,8.07726764678955,9.755227088928223,8.704899787902832,0.5440182685852051
1.7764682606622262e+18,2.9856340885162354,0.23291797935962677,0.2985634207725525,7.716217994689941,9.886517524719238,8.737722396850586,0.5604392290115356
1.776468260663226e+18,3.97031569480896,0.26574069261550903,0.26574069261550903,7.716217994689941,9.656758308410645,8.672077178955078,0.5932812094688416
1.776468260664226e+18,8.89372444152832,0.5283224582672119,0.364208847284317,7.716217994689941,9.952162742614746,8.77054500579834,0.6589651703834534
1.7764682606652262e+18,5.611452102661133,0.42985430359840393,0.42985430359840393,8.011622428894043,9.919340133666992,8.803367614746094,0.6918071508407593
1.7764682606662262e+18,5.283224582672119,0.3970315754413605,0.42985430359840393,8.27420425415039,10.01780891418457,8.869012832641602,0.6753861308097839
1.776468260667226e+18,8.89372444152832,0.6267906427383423,0.49549975991249084,7.781863212585449,10.116276741027832,8.934659004211426,0.7739120721817017
1.776468260668226e+18,6.596133708953857,0.5611451864242554,0.5283224582672119,7.781863212585449,9.919340133666992,8.901835441589355,0.6918071508407593
1.776468260669226e+18,5.611452102661133,0.5939679145812988,0.5611451864242554,7.6177496910095215,9.525467872619629,8.737722396850586,0.6753861308097839
1.776468260670226e+18,6.596133708953857,0.5283224582672119,0.5611451864242554,8.175736427307129,10.280389785766602,8.96748161315918,0.7082281112670898
1.7764682606712259e+18,11.51954174041748,0.7580814957618713,0.6267906427383423,8.07726764678955,9.065949440002441,8.507963180541992,0.5440182685852051
1.7764682606722258e+18,5.283224582672119,0.5611451864242554,0.6267906427383423,7.716217994689941,9.689580917358398,8.540785789489746,0.4947552978992462
1.7764682606732257e+18,10.206632614135742,0.7252588272094727,0.6924360990524292,7.650572299957275,10.149099349975586,8.836190223693848,0.6261231899261475
1.7764682606742257e+18,4.62677001953125,0.5611451864242554,0.6267906427383423,7.781863212585449,9.788049697875977,8.77054500579834,0.642544150352478
1.7764682606752253e+18,10.534860610961914,0.6924360990524292,0.7252588272094727,7.584927082061768,9.952162742614746,8.934659004211426,0.6918071508407593
1.7764682606762253e+18,4.2985429763793945,0.49549975991249084,0.6267906427383423,7.453636169433594,9.886517524719238,8.803367614746094,0.6753861308097839
1.7764682606772252e+18,9.221951484680176,0.6924360990524292,0.6267906427383423,7.552104473114014,10.083454132080078,8.96748161315918,0.6918071508407593
1.7764682606782252e+18,4.2985429763793945,0.42985430359840393,0.5939679145812988,7.650572299957275,9.722403526306152,8.836190223693848,0.6918071508407593
1.776468260679225e+18,7.252587795257568,0.5611451864242554,0.5611451864242554,8.044445037841797,9.689580917358398,8.737722396850586,0.7246491312980652
1.776468260680225e+18,4.2985429763793945,0.364208847284317,0.49549975991249084,7.650572299957275,9.788049697875977,8.737722396850586,0.6261231899261475
1.776468260681225e+18,11.191314697265625,0.7252588272094727,0.6596133708953857,7.847508907318115,9.9849853515625,8.869012832641602,0.7410700917243958
1.7764682606822246e+18,4.62677001953125,0.49549975991249084,0.6267906427383423,7.6833953857421875,9.656758308410645,8.704899787902832,0.6589651703834534
1.7764682606832246e+18,5.283224582672119,0.42985430359840393,0.5283224582672119,8.43831729888916,9.952162742614746,8.836190223693848,0.6589651703834534
1.7764682606842245e+18,4.954997539520264,0.3970315754413605,0.5283224582672119,7.552104473114014,9.788049697875977,8.737722396850586,0.6589651703834534
1.7764682606852244e+18,9.878405570983887,0.6596133708953857,0.5939679145812988,7.256699562072754,10.149099349975586,8.96748161315918,0.7903330326080322
1.7764682606862244e+18,5.611452102661133,0.5611451864242554,0.5611451864242554,7.650572299957275,9.788049697875977,8.869012832641602,0.7246491312980652
1.7764682606872243e+18,11.847768783569336,0.7252588272094727,0.7252588272094727,7.847508907318115,9.656758308410645,8.737722396850586,0.6261231899261475
1.7764682606882243e+18,5.283224582672119,0.6267906427383423,0.6596133708953857,8.044445037841797,9.689580917358398,8.737722396850586,0.6097021698951721
1.7764682606892242e+18,8.565496444702148,0.6596133708953857,0.6596133708953857,7.32234525680542,9.492645263671875,8.540785789489746,0.5604392290115356
1.776468260690224e+18,5.611452102661133,0.5611451864242554,0.5939679145812988,7.716217994689941,9.492645263671875,8.507963180541992,0.47833430767059326
1.7764682606912238e+18,12.175995826721191,0.8565496802330017,0.7580814957618713,7.781863212585449,9.558290481567383,8.540785789489746,0.47833430767059326
1.7764682606922237e+18,3.97031569480896,0.5283224582672119,0.6596133708953857,7.552104473114014,9.62393569946289,8.606431007385254,0.47833430767059326
1.7764682606932237e+18,7.252587795257568,0.5939679145812988,0.6267906427383423,7.814685821533203,9.788049697875977,8.672077178955078,0.5111762881278992
1.7764682606942236e+18,3.97031569480896,0.42985430359840393,0.5611451864242554,7.945976734161377,9.656758308410645,8.5736083984375,0.5275972485542297
1.7764682606952236e+18,2.9856340885162354,0.2985634207725525,0.49549975991249084,7.650572299957275,9.459821701049805,8.507963180541992,0.47833430767059326
1.7764682606962235e+18,3.31386137008667,0.2985634207725525,0.3970315754413605,7.650572299957275,9.656758308410645,8.606431007385254,0.47833430767059326
1.7764682606972234e+18,4.2985429763793945,0.2985634207725525,0.33138614892959595,7.650572299957275,10.149099349975586,8.96748161315918,0.5604392290115356
1.776468260698223e+18,3.97031569480896,0.2985634207725525,0.2985634207725525,7.6833953857421875,9.82087230682373,8.836190223693848,0.6097021698951721
1.776468260699223e+18,9.221951484680176,0.49549975991249084,0.3970315754413605,7.32234525680542,9.492645263671875,8.704899787902832,0.5932812094688416
1.776468260700223e+18,4.62677001953125,0.42985430359840393,0.42985430359840393,7.814685821533203,9.42699909210205,8.5736083984375,0.5604392290115356
1.776468260701223e+18,6.267906188964844,0.4626770317554474,0.42985430359840393,7.781863212585449,9.62393569946289,8.540785789489746,0.4947552978992462
1.7764682607022228e+18,5.611452102661133,0.4626770317554474,0.42985430359840393,7.945976734161377,9.788049697875977,8.639254570007324,0.4619133174419403
1.7764682607032228e+18,6.924360752105713,0.4626770317554474,0.5283224582672119,7.814685821533203,9.82087230682373,8.704899787902832,0.4947552978992462
1.7764682607042227e+18,5.611452102661133,0.49549975991249084,0.4626770317554474,7.781863212585449,9.82087230682373,8.704899787902832,0.5440182685852051
1.7764682607052227e+18,6.924360752105713,0.42985430359840393,0.4626770317554474,7.552104473114014,10.083454132080078,8.901835441589355,0.642544150352478
1.7764682607062226e+18,5.611452102661133,0.4626770317554474,0.5283224582672119,7.945976734161377,10.149099349975586,8.934659004211426,0.7574911117553711
1.7764682607072223e+18,4.954997539520264,0.3970315754413605,0.49549975991249084,8.175736427307129,9.361353874206543,8.672077178955078,0.642544150352478
1.7764682607082222e+18,5.283224582672119,0.4626770317554474,0.3970315754413605,7.650572299957275,10.116276741027832,8.869012832641602,0.7082281112670898
1.7764682607092221e+18,5.611452102661133,0.4626770317554474,0.4626770317554474,7.355167865753174,9.755227088928223,8.803367614746094,0.6918071508407593
1.776468260710222e+18,5.283224582672119,0.4626770317554474,0.4626770317554474,7.978799819946289,9.656758308410645,8.737722396850586,0.642544150352478
1.776468260711222e+18,4.2985429763793945,0.3970315754413605,0.4626770317554474,7.847508907318115,9.853694915771484,8.704899787902832,0.6589651703834534
1.776468260712222e+18,4.954997539520264,0.33138614892959595,0.3970315754413605,8.044445037841797,9.328531265258789,8.5736083984375,0.5440182685852051
1.776468260713222e+18,4.2985429763793945,0.3970315754413605,0.364208847284317,7.913154125213623,9.230063438415527,8.343849182128906,0.41265034675598145
1.7764682607142216e+18,4.954997539520264,0.364208847284317,0.3970315754413605,8.044445037841797,9.689580917358398,8.475140571594238,0.4290713369846344
1.7764682607152215e+18,2.65740704536438,0.23291797935962677,0.364208847284317,7.781863212585449,9.295708656311035,8.376672744750977,0.3633873760700226
1.7764682607162214e+18,5.283224582672119,0.33138614892959595,0.33138614892959595,7.6177496910095215,9.853694915771484,8.5736083984375,0.41265034675598145
1.7764682607172214e+18,5.283224582672119,0.33138614892959595,0.33138614892959595,7.584927082061768,9.952162742614746,8.704899787902832,0.5440182685852051
1.7764682607182213e+18,5.611452102661133,0.3970315754413605,0.364208847284317,7.584927082061768,9.722403526306152,8.704899787902832,0.5275972485542297
1.7764682607192212e+18,5.283224582672119,0.42985430359840393,0.42985430359840393,7.650572299957275,9.525467872619629,8.5736083984375,0.47833430767059326
1.7764682607202212e+18,5.283224582672119,0.42985430359840393,0.364208847284317,7.945976734161377,9.755227088928223,8.606431007385254,0.47833430767059326
1.776468260721221e+18,5.283224582672119,0.33138614892959595,0.364208847284317,6.8956499099731445,9.919340133666992,8.77054500579834,0.5275972485542297
1.776468260722221e+18,5.939679145812988,0.42985430359840393,0.42985430359840393,7.945976734161377,10.411681175231934,9.065949440002441,0.7246491312980652
1.7764682607232207e+18,6.924360752105713,0.4626770317554474,0.4626770317554474,7.650572299957275,9.755227088928223,8.901835441589355,0.6918071508407593
1.7764682607242207e+18,5.611452102661133,0.4626770317554474,0.49549975991249084,8.011622428894043,9.262886047363281,8.5736083984375,0.576860249042511
1.7764682607252206e+18,4.2985429763793945,0.42985430359840393,0.4626770317554474,7.453636169433594,9.755227088928223,8.606431007385254,0.5604392290115356
1.7764682607262205e+18,4.954997539520264,0.3970315754413605,0.4626770317554474,7.978799819946289,9.591113090515137,8.606431007385254,0.5275972485542297
1.7764682607272205e+18,4.2985429763793945,0.364208847284317,0.33138614892959595,7.650572299957275,9.788049697875977,8.672077178955078,0.5440182685852051
1.7764682607282204e+18,3.97031569480896,0.364208847284317,0.3970315754413605,7.650572299957275,9.853694915771484,8.77054500579834,0.5932812094688416
1.7764682607292204e+18,4.2985429763793945,0.2985634207725525,0.364208847284317,7.749040603637695,9.558290481567383,8.606431007385254,0.5440182685852051
1.77646826073022e+18,3.6420886516571045,0.26574069261550903,0.33138614892959595,8.044445037841797,9.591113090515137,8.5736083984375,0.47833430767059326
1.77646826073122e+18,9.550178527832031,0.5611451864242554,0.4626770317554474,7.519281387329102,9.82087230682373,8.737722396850586,0.5604392290115356
1.77646826073222e+18,2.65740704536438,0.3970315754413605,0.3970315754413605,7.781863212585449,9.919340133666992,8.803367614746094,0.576860249042511
1.7764682607332198e+18,2.9856340885162354,0.2985634207725525,0.33138614892959595,8.110090255737305,9.755227088928223,8.803367614746094,0.6753861308097839
1.7764682607342198e+18,7.9090423583984375,0.49549975991249084,0.4626770317554474,7.814685821533203,10.083454132080078,8.96748161315918,0.6918071508407593
1.7764682607352197e+18,4.2985429763793945,0.364208847284317,0.42985430359840393,7.486458778381348,9.492645263671875,8.704899787902832,0.5932812094688416
1.7764682607362196e+18,4.62677001953125,0.3970315754413605,0.3970315754413605,7.552104473114014,9.919340133666992,8.77054500579834,0.6589651703834534
1.7764682607372196e+18,7.252587795257568,0.4626770317554474,0.42985430359840393,7.913154125213623,9.755227088928223,8.704899787902832,0.6097021698951721
1.7764682607382195e+18,5.283224582672119,0.4626770317554474,0.42985430359840393,8.175736427307129,10.37885856628418,9.033126831054688,0.7739120721817017
1.7764682607392192e+18,4.62677001953125,0.364208847284317,0.42985430359840393,7.584927082061768,9.62393569946289,8.803367614746094,0.7246491312980652
1.7764682607402191e+18,5.939679145812988,0.42985430359840393,0.3970315754413605,7.913154125213623,9.788049697875977,8.803367614746094,0.7246491312980652
1.776468260741219e+18,11.51954174041748,0.7252588272094727,0.5283224582672119,8.110090255737305,9.755227088928223,8.77054500579834,0.6918071508407593
1.776468260742219e+18,5.939679145812988,0.6267906427383423,0.5611451864242554,7.486458778381348,9.62393569946289,8.704899787902832,0.576860249042511
1.776468260743219e+18,5.939679145812988,0.49549975991249084,0.5283224582672119,7.32234525680542,9.886517524719238,8.77054500579834,0.5932812094688416
1.776468260744219e+18,4.2985429763793945,0.42985430359840393,0.49549975991249084,7.6833953857421875,9.558290481567383,8.606431007385254,0.5440182685852051
1.7764682607452188e+18,4.954997539520264,0.3970315754413605,0.4626770317554474,7.6833953857421875,9.788049697875977,8.672077178955078,0.5275972485542297
1.7764682607462185e+18,4.62677001953125,0.364208847284317,0.42985430359840393,7.552104473114014,10.18192195892334,8.96748161315918,0.6918071508407593
1.7764682607472184e+18,2.9856340885162354,0.364208847284317,0.364208847284317,7.650572299957275,9.525467872619629,8.672077178955078,0.6261231899261475
1.7764682607482184e+18,3.97031569480896,0.26574069261550903,0.33138614892959595,7.781863212585449,9.459821701049805,8.507963180541992,0.5111762881278992
1.7764682607492183e+18,2.9856340885162354,0.26574069261550903,0.33138614892959595,7.781863212585449,9.722403526306152,8.606431007385254,0.4947552978992462
1.7764682607502182e+18,4.62677001953125,0.2985634207725525,0.33138614892959595,7.486458778381348,10.247567176818848,8.934659004211426,0.642544150352478
1.7764682607512182e+18,3.6420886516571045,0.26574069261550903,0.2985634207725525,7.650572299957275,9.952162742614746,8.934659004211426,0.6753861308097839
1.776468260752218e+18,5.283224582672119,0.364208847284317,0.364208847284317,7.650572299957275,10.050631523132324,8.96748161315918,0.7082281112670898
1.776468260753218e+18,14.473587036132812,0.7909042239189148,0.5283224582672119,7.650572299957275,9.492645263671875,8.672077178955078,0.6261231899261475
1.776468260754218e+18,5.611452102661133,0.5939679145812988,0.6267906427383423,7.913154125213623,9.952162742614746,8.77054500579834,0.6261231899261475
1.7764682607552177e+18,13.160677909851074,0.8893724083900452,0.7252588272094727,7.716217994689941,10.346035957336426,9.098772048950195,0.7246491312980652
1.7764682607562176e+18,5.611452102661133,0.5939679145812988,0.6924360990524292,7.716217994689941,9.755227088928223,8.901835441589355,0.7082281112670898
1.7764682607572175e+18,5.939679145812988,0.5611451864242554,0.6267906427383423,7.6833953857421875,9.722403526306152,8.737722396850586,0.7082281112670898
1.7764682607582175e+18,5.283224582672119,0.49549975991249084,0.5611451864242554,7.913154125213623,9.853694915771484,8.869012832641602,0.6918071508407593
1.7764682607592174e+18,5.939679145812988,0.49549975991249084,0.5611451864242554,7.716217994689941,10.050631523132324,8.934659004211426,0.7246491312980652
1.7764682607602173e+18,5.611452102661133,0.4626770317554474,0.5283224582672119,7.584927082061768,9.755227088928223,8.803367614746094,0.6918071508407593
1.7764682607612173e+18,9.221951484680176,0.5939679145812988,0.5939679145812988,7.584927082061768,9.919340133666992,8.836190223693848,0.7082281112670898
1.776468260762217e+18,5.611452102661133,0.49549975991249084,0.5611451864242554,8.175736427307129,9.886517524719238,8.836190223693848,0.7739120721817017
1.776468260763217e+18,4.2985429763793945,0.3970315754413605,0.5283224582672119,7.716217994689941,9.42699909210205,8.606431007385254,0.6261231899261475
1.7764682607642168e+18,3.31386137008667,0.33138614892959595,0.4626770317554474,7.584927082061768,9.394176483154297,8.540785789489746,0.5275972485542297
1.7764682607652168e+18,4.2985429763793945,0.33138614892959595,0.364208847284317,7.552104473114014,9.788049697875977,8.606431007385254,0.5604392290115356
1.7764682607662167e+18,2.9856340885162354,0.2985634207725525,0.33138614892959595,7.847508907318115,9.919340133666992,8.77054500579834,0.5932812094688416
1.7764682607672166e+18,5.283224582672119,0.364208847284317,0.33138614892959595,7.749040603637695,9.591113090515137,8.737722396850586,0.5604392290115356
1.7764682607682166e+18,3.97031569480896,0.2985634207725525,0.33138614892959595,7.6833953857421875,9.755227088928223,8.704899787902832,0.5440182685852051
1.7764682607692165e+18,3.97031569480896,0.26574069261550903,0.2985634207725525,7.6177496910095215,9.886517524719238,8.77054500579834,0.642544150352478
1.7764682607702164e+18,7.580815315246582,0.49549975991249084,0.364208847284317,7.584927082061768,9.459821701049805,8.639254570007324,0.5275972485542297
1.7764682607712164e+18,13.160677909851074,0.7909042239189148,0.5611451864242554,7.814685821533203,9.722403526306152,8.639254570007324,0.5604392290115356
1.7764682607722163e+18,5.939679145812988,0.5611451864242554,0.5611451864242554,7.42081356048584,9.788049697875977,8.672077178955078,0.5932812094688416
1.7764682607732163e+18,5.939679145812988,0.5611451864242554,0.5611451864242554,7.880331516265869,9.788049697875977,8.704899787902832,0.5932812094688416
1.7764682607742164e+18,5.611452102661133,0.42985430359840393,0.5283224582672119,7.650572299957275,9.656758308410645,8.639254570007324,0.576860249042511
1.7764682607752164e+18,14.473587036132812,0.9221951365470886,0.7252588272094727,7.913154125213623,9.755227088928223,8.639254570007324,0.5604392290115356
1.7764682607762163e+18,5.611452102661133,0.6267906427383423,0.7252588272094727,7.584927082061768,9.689580917358398,8.639254570007324,0.5440182685852051
1.7764682607772165e+18,13.48890495300293,0.8893724083900452,0.8237269520759583,7.584927082061768,9.492645263671875,8.540785789489746,0.5111762881278992
1.7764682607782164e+18,4.954997539520264,0.6924360990524292,0.7580814957618713,7.552104473114014,10.083454132080078,8.77054500579834,0.576860249042511
1.7764682607792164e+18,5.283224582672119,0.5939679145812988,0.6924360990524292,8.175736427307129,9.952162742614746,8.803367614746094,0.6261231899261475
1.7764682607802163e+18,5.283224582672119,0.49549975991249084,0.6596133708953857,8.241381645202637,9.492645263671875,8.672077178955078,0.5440182685852051
1.7764682607812165e+18,3.97031569480896,0.3970315754413605,0.5939679145812988,7.913154125213623,9.853694915771484,8.737722396850586,0.5932812094688416
1.7764682607822164e+18,2.65740704536438,0.2985634207725525,0.4626770317554474,7.913154125213623,9.755227088928223,8.803367614746094,0.5604392290115356
1.7764682607832164e+18,9.550178527832031,0.5611451864242554,0.5283224582672119,7.814685821533203,9.886517524719238,8.77054500579834,0.5440182685852051
1.7764682607842163e+18,3.31386137008667,0.364208847284317,0.42985430359840393,8.044445037841797,9.82087230682373,8.77054500579834,0.6097021698951721
1.7764682607852165e+18,3.6420886516571045,0.26574069261550903,0.3970315754413605,7.749040603637695,10.280389785766602,9.000304222106934,0.7903330326080322
1.7764682607862164e+18,9.221951484680176,0.49549975991249084,0.4626770317554474,7.552104473114014,9.689580917358398,8.869012832641602,0.7246491312980652
1.7764682607872164e+18,7.252587795257568,0.49549975991249084,0.5283224582672119,7.453636169433594,9.591113090515137,8.704899787902832,0.6753861308097839
1.7764682607882166e+18,5.283224582672119,0.42985430359840393,0.5283224582672119,7.781863212585449,10.247567176818848,8.96748161315918,0.7246491312980652
1.7764682607892165e+18,5.283224582672119,0.4626770317554474,0.4626770317554474,7.453636169433594,9.886517524719238,8.869012832641602,0.7903330326080322
1.7764682607902164e+18,6.924360752105713,0.5283224582672119,0.5283224582672119,8.044445037841797,9.656758308410645,8.803367614746094,0.7246491312980652
1.7764682607912164e+18,5.283224582672119,0.49549975991249084,0.5283224582672119,7.519281387329102,9.82087230682373,8.77054500579834,0.6918071508407593
1.7764682607922166e+18,5.939679145812988,0.49549975991249084,0.4626770317554474,8.044445037841797,9.230063438415527,8.507963180541992,0.5440182685852051
1.7764682607932165e+18,6.596133708953857,0.4626770317554474,0.4626770317554474,7.749040603637695,9.755227088928223,8.606431007385254,0.4947552978992462
1.7764682607942164e+18,5.611452102661133,0.5283224582672119,0.49549975991249084,7.6833953857421875,9.525467872619629,8.5736083984375,0.44549232721328735
1.7764682607952166e+18,4.954997539520264,0.3970315754413605,0.49549975991249084,8.044445037841797,9.886517524719238,8.672077178955078,0.4947552978992462
1.7764682607962166e+18,4.954997539520264,0.3970315754413605,0.3970315754413605,7.6833953857421875,9.42699909210205,8.540785789489746,0.4290713369846344
1.7764682607972165e+18,4.62677001953125,0.42985430359840393,0.42985430359840393,7.749040603637695,9.82087230682373,8.672077178955078,0.4947552978992462
1.7764682607982164e+18,4.2985429763793945,0.364208847284317,0.42985430359840393,7.519281387329102,9.591113090515137,8.606431007385254,0.5275972485542297
1.7764682607992166e+18,4.62677001953125,0.33138614892959595,0.3970315754413605,7.716217994689941,9.755227088928223,8.704899787902832,0.5275972485542297
1.7764682608002166e+18,2.65740704536438,0.26574069261550903,0.364208847284317,7.716217994689941,9.689580917358398,8.704899787902832,0.4947552978992462
1.7764682608012165e+18,3.6420886516571045,0.23291797935962677,0.33138614892959595,7.6177496910095215,9.62393569946289,8.606431007385254,0.4947552978992462
1.7764682608022167e+18,2.3291797637939453,0.2000952512025833,0.23291797935962677,7.584927082061768,9.788049697875977,8.77054500579834,0.576860249042511
1.7764682608032166e+18,4.2985429763793945,0.23291797935962677,0.33138614892959595,7.519281387329102,9.82087230682373,8.77054500579834,0.5932812094688416
1.7764682608042166e+18,4.954997539520264,0.26574069261550903,0.23291797935962677,7.847508907318115,9.197240829467773,8.507963180541992,0.4619133174419403
1.7764682608052165e+18,5.939679145812988,0.364208847284317,0.26574069261550903,7.880331516265869,9.9849853515625,8.672077178955078,0.5111762881278992
1.7764682608062167e+18,12.832450866699219,0.7252588272094727,0.5283224582672119,7.453636169433594,10.050631523132324,8.901835441589355,0.5932812094688416
1.7764682608072166e+18,5.611452102661133,0.5939679145812988,0.5283224582672119,7.814685821533203,9.919340133666992,8.836190223693848,0.6918071508407593
1.7764682608082166e+18,10.534860610961914,0.7252588272094727,0.6267906427383423,7.814685821533203,9.591113090515137,8.672077178955078,0.576860249042511
1.7764682608092168e+18,4.954997539520264,0.49549975991249084,0.5611451864242554,7.223876953125,9.9849853515625,8.803367614746094,0.642544150352478
1.7764682608102167e+18,5.939679145812988,0.49549975991249084,0.5611451864242554,7.913154125213623,9.689580917358398,8.704899787902832,0.576860249042511
1.7764682608112166e+18,5.283224582672119,0.42985430359840393,0.5283224582672119,7.453636169433594,10.01780891418457,8.901835441589355,0.6753861308097839
1.7764682608122166e+18,6.267906188964844,0.5611451864242554,0.49549975991249084,7.650572299957275,9.656758308410645,8.737722396850586,0.6918071508407593
1.7764682608132168e+18,11.847768783569336,0.7580814957618713,0.6267906427383423,7.6833953857421875,10.116276741027832,8.901835441589355,0.7903330326080322
1.7764682608142167e+18,5.283224582672119,0.5939679145812988,0.5939679145812988,7.32234525680542,9.886517524719238,8.901835441589355,0.7903330326080322
1.7764682608152166e+18,5.939679145812988,0.5283224582672119,0.5939679145812988,7.781863212585449,9.9849853515625,8.901835441589355,0.7903330326080322
1.7764682608162166e+18,3.97031569480896,0.364208847284317,0.49549975991249084,7.6177496910095215,9.886517524719238,8.836190223693848,0.7082281112670898
1.7764682608172168e+18,2.9856340885162354,0.2985634207725525,0.42985430359840393,7.486458778381348,9.689580917358398,8.704899787902832,0.642544150352478
1.7764682608182167e+18,4.2985429763793945,0.2985634207725525,0.3970315754413605,8.044445037841797,9.459821701049805,8.5736083984375,0.5932812094688416
1.7764682608192166e+18,5.283224582672119,0.42985430359840393,0.364208847284317,7.584927082061768,9.591113090515137,8.5736083984375,0.4947552978992462
1.7764682608202168e+18,4.62677001953125,0.3970315754413605,0.364208847284317,7.6833953857421875,9.62393569946289,8.639254570007324,0.47833430767059326
1.7764682608212168e+18,3.97031569480896,0.26574069261550903,0.33138614892959595,7.650572299957275,10.280389785766602,8.869012832641602,0.6097021698951721
1.7764682608222167e+18,8.237269401550293,0.42985430359840393,0.3970315754413605,7.486458778381348,10.280389785766602,9.033126831054688,0.8067540526390076
1.7764682608232166e+18,4.62677001953125,0.42985430359840393,0.3970315754413605,7.847508907318115,9.656758308410645,8.803367614746094,0.7574911117553711
1.7764682608242168e+18,4.954997539520264,0.3970315754413605,0.3970315754413605,8.503963470458984,9.952162742614746,8.901835441589355,0.7574911117553711
1.7764682608252168e+18,5.611452102661133,0.4626770317554474,0.42985430359840393,7.749040603637695,9.9849853515625,8.901835441589355,0.7246491312980652
1.7764682608262167e+18,6.596133708953857,0.5283224582672119,0.4626770317554474,7.978799819946289,9.952162742614746,8.869012832641602,0.7410700917243958
1.776468260827217e+18,5.939679145812988,0.4626770317554474,0.49549975991249084,7.781863212585449,10.01780891418457,8.934659004211426,0.7739120721817017
1.7764682608282168e+18,5.611452102661133,0.49549975991249084,0.4626770317554474,7.387990474700928,9.689580917358398,8.77054500579834,0.6753861308097839
1.7764682608292168e+18,4.954997539520264,0.4626770317554474,0.49549975991249084,7.880331516265869,9.62393569946289,8.704899787902832,0.6589651703834534
1.7764682608302167e+18,4.954997539520264,0.3970315754413605,0.4626770317554474,7.453636169433594,9.42699909210205,8.507963180541992,0.5604392290115356
1.776468260831217e+18,5.611452102661133,0.3970315754413605,0.4626770317554474,7.913154125213623,9.656758308410645,8.639254570007324,0.4947552978992462
1.7764682608322168e+18,12.175995826721191,0.6924360990524292,0.5939679145812988,7.781863212585449,9.62393569946289,8.5736083984375,0.4619133174419403
1.7764682608332168e+18,3.97031569480896,0.5939679145812988,0.5939679145812988,7.913154125213623,9.492645263671875,8.540785789489746,0.4619133174419403
1.776468260834217e+18,3.6420886516571045,0.364208847284317,0.4626770317554474,7.519281387329102,9.919340133666992,8.737722396850586,0.5111762881278992
1.776468260835217e+18,3.6420886516571045,0.364208847284317,0.4626770317554474,7.6177496910095215,9.886517524719238,8.77054500579834,0.5275972485542297
1.7764682608362168e+18,3.6420886516571045,0.2985634207725525,0.42985430359840393,7.256699562072754,9.722403526306152,8.737722396850586,0.5440182685852051
1.7764682608372168e+18,2.0009524822235107,0.16727252304553986,0.33138614892959595,7.519281387329102,9.755227088928223,8.704899787902832,0.576860249042511
1.776468260838217e+18,3.31386137008667,0.1344498097896576,0.23291797935962677,8.044445037841797,10.01780891418457,8.869012832641602,0.6589651703834534
1.776468260839217e+18,4.2985429763793945,0.2000952512025833,0.26574069261550903,7.814685821533203,9.952162742614746,8.836190223693848,0.6918071508407593
1.7764682608402168e+18,5.283224582672119,0.2985634207725525,0.2985634207725525,7.781863212585449,9.689580917358398,8.77054500579834,0.642544150352478
1.776468260841217e+18,5.283224582672119,0.42985430359840393,0.33138614892959595,7.749040603637695,10.280389785766602,8.96748161315918,0.7739120721817017
1.776468260842217e+18,4.954997539520264,0.3970315754413605,0.364208847284317,7.6833953857421875,9.722403526306152,8.836190223693848,0.7574911117553711
1.776468260843217e+18,5.283224582672119,0.364208847284317,0.42985430359840393,7.650572299957275,10.411681175231934,9.065949440002441,0.856016993522644
1.7764682608442168e+18,4.954997539520264,0.364208847284317,0.3970315754413605,7.716217994689941,9.230063438415527,8.606431007385254,0.6097021698951721
1.776468260845217e+18,4.954997539520264,0.3970315754413605,0.42985430359840393,7.552104473114014,9.919340133666992,8.803367614746094,0.6589651703834534
1.776468260846217e+18,5.939679145812988,0.4626770317554474,0.4626770317554474,8.044445037841797,10.116276741027832,8.96748161315918,0.7410700917243958
1.776468260847217e+18,6.596133708953857,0.4626770317554474,0.49549975991249084,7.913154125213623,9.459821701049805,8.704899787902832,0.642544150352478
1.7764682608482168e+18,12.504223823547363,0.7580814957618713,0.6596133708953857,7.519281387329102,10.149099349975586,8.901835441589355,0.6918071508407593
1.776468260849217e+18,4.2985429763793945,0.5283224582672119,0.5939679145812988,7.913154125213623,9.788049697875977,8.869012832641602,0.7082281112670898
1.776468260850217e+18,4.2985429763793945,0.4626770317554474,0.49549975991249084,7.978799819946289,9.755227088928223,8.737722396850586,0.6589651703834534
1.776468260851217e+18,10.534860610961914,0.6924360990524292,0.5939679145812988,7.650572299957275,9.886517524719238,8.77054500579834,0.642544150352478
1.776468260852217e+18,4.954997539520264,0.5283224582672119,0.5611451864242554,8.110090255737305,9.919340133666992,8.869012832641602,0.6097021698951721
1.776468260853217e+18,2.65740704536438,0.33138614892959595,0.49549975991249084,7.32234525680542,9.722403526306152,8.803367614746094,0.6589651703834534
1.776468260854217e+18,4.954997539520264,0.364208847284317,0.3970315754413605,7.847508907318115,9.558290481567383,8.639254570007324,0.5932812094688416
1.776468260855217e+18,2.65740704536438,0.26574069261550903,0.364208847284317,8.175736427307129,9.952162742614746,8.77054500579834,0.6261231899261475
1.776468260856217e+18,4.62677001953125,0.2985634207725525,0.33138614892959595,7.6833953857421875,9.689580917358398,8.704899787902832,0.6261231899261475
1.776468260857217e+18,5.939679145812988,0.33138614892959595,0.33138614892959595,7.716217994689941,9.755227088928223,8.704899787902832,0.6097021698951721
1.776468260858217e+18,4.2985429763793945,0.26574069261550903,0.33138614892959595,7.584927082061768,10.149099349975586,8.901835441589355,0.6918071508407593
1.7764682608592172e+18,5.939679145812988,0.3970315754413605,0.3970315754413605,7.814685821533203,10.083454132080078,8.96748161315918,0.7410700917243958
1.776468260860217e+18,5.939679145812988,0.42985430359840393,0.42985430359840393,7.453636169433594,10.083454132080078,8.96748161315918,0.8231750130653381
1.776468260861217e+18,4.2985429763793945,0.33138614892959595,0.3970315754413605,7.584927082061768,9.886517524719238,8.901835441589355,0.7739120721817017
1.776468260862217e+18,5.939679145812988,0.3970315754413605,0.4626770317554474,7.716217994689941,9.755227088928223,8.803367614746094,0.7410700917243958
1.7764682608632172e+18,4.62677001953125,0.3970315754413605,0.3970315754413605,7.6833953857421875,9.755227088928223,8.77054500579834,0.6753861308097839
1.776468260864217e+18,6.596133708953857,0.4626770317554474,0.42985430359840393,7.847508907318115,9.788049697875977,8.77054500579834,0.6589651703834534
1.776468260865217e+18,11.51954174041748,0.7252588272094727,0.5939679145812988,8.175736427307129,9.689580917358398,8.672077178955078,0.6589651703834534
1.7764682608662172e+18,4.62677001953125,0.49549975991249084,0.5283224582672119,7.814685821533203,10.083454132080078,8.803367614746094,0.6261231899261475
1.7764682608672172e+18,4.954997539520264,0.49549975991249084,0.49549975991249084,7.650572299957275,9.788049697875977,8.803367614746094,0.6753861308097839
1.776468260868217e+18,5.611452102661133,0.42985430359840393,0.49549975991249084,7.6833953857421875,10.083454132080078,8.96748161315918,0.7903330326080322
1.776468260869217e+18,8.565496444702148,0.6267906427383423,0.5283224582672119,7.486458778381348,9.755227088928223,8.803367614746094,0.7246491312980652
1.7764682608702172e+18,3.97031569480896,0.42985430359840393,0.5283224582672119,8.175736427307129,9.689580917358398,8.77054500579834,0.6589651703834534
1.7764682608712172e+18,3.97031569480896,0.3970315754413605,0.42985430359840393,7.6177496910095215,9.853694915771484,8.803367614746094,0.6918071508407593
1.776468260872217e+18,2.9856340885162354,0.2985634207725525,0.3970315754413605,7.519281387329102,9.361353874206543,8.540785789489746,0.4947552978992462
1.776468260873217e+18,12.832450866699219,0.6924360990524292,0.5611451864242554,7.650572299957275,9.9849853515625,8.737722396850586,0.5932812094688416
1.776468260874217e+18,3.97031569480896,0.42985430359840393,0.4626770317554474,7.814685821533203,9.755227088928223,8.77054500579834,0.5604392290115356
1.776468260875217e+18,3.6420886516571045,0.33138614892959595,0.3970315754413605,7.453636169433594,9.886517524719238,8.77054500579834,0.642544150352478
1.7764682608762168e+18,5.939679145812988,0.42985430359840393,0.42985430359840393,7.486458778381348,9.919340133666992,8.901835441589355,0.6261231899261475
1.7764682608772168e+18,5.611452102661133,0.3970315754413605,0.4626770317554474,7.978799819946289,9.525467872619629,8.704899787902832,0.6589651703834534
1.7764682608782167e+18,6.596133708953857,0.49549975991249084,0.49549975991249084,7.749040603637695,9.886517524719238,8.77054500579834,0.642544150352478
1.7764682608792166e+18,7.252587795257568,0.5939679145812988,0.5283224582672119,8.011622428894043,9.722403526306152,8.704899787902832,0.6753861308097839
1.7764682608802166e+18,6.267906188964844,0.5283224582672119,0.5283224582672119,8.110090255737305,9.656758308410645,8.672077178955078,0.6589651703834534
1.7764682608812165e+18,5.611452102661133,0.4626770317554474,0.5611451864242554,7.584927082061768,9.788049697875977,8.672077178955078,0.6261231899261475
1.7764682608822164e+18,12.504223823547363,0.7580814957618713,0.6596133708953857,7.552104473114014,9.689580917358398,8.606431007385254,0.5440182685852051
1.7764682608832161e+18,4.954997539520264,0.5939679145812988,0.6267906427383423,7.6833953857421875,10.247567176818848,9.000304222106934,0.6753861308097839
1.776468260884216e+18,5.283224582672119,0.6267906427383423,0.5283224582672119,8.07726764678955,10.411681175231934,9.098772048950195,0.88885897397995
1.776468260885216e+18,6.267906188964844,0.4626770317554474,0.5611451864242554,7.289522647857666,9.656758308410645,8.77054500579834,0.8231750130653381
1.776468260886216e+18,5.283224582672119,0.49549975991249084,0.5611451864242554,7.6833953857421875,10.149099349975586,8.96748161315918,0.7903330326080322
1.7764682608872159e+18,2.9856340885162354,0.33138614892959595,0.4626770317554474,7.519281387329102,9.361353874206543,8.672077178955078,0.6918071508407593
1.7764682608882158e+18,5.611452102661133,0.42985430359840393,0.42985430359840393,7.650572299957275,9.755227088928223,8.704899787902832,0.6589651703834534
1.7764682608892157e+18,3.97031569480896,0.33138614892959595,0.42985430359840393,7.552104473114014,9.591113090515137,8.639254570007324,0.576860249042511
1.7764682608902157e+18,9.550178527832031,0.5939679145812988,0.49549975991249084,7.913154125213623,9.591113090515137,8.606431007385254,0.576860249042511
1.7764682608912156e+18,3.31386137008667,0.42985430359840393,0.4626770317554474,7.913154125213623,9.9849853515625,8.803367614746094,0.576860249042511
1.7764682608922156e+18,3.97031569480896,0.33138614892959595,0.364208847284317,7.847508907318115,9.853694915771484,8.803367614746094,0.6589651703834534
1.7764682608932155e+18,4.62677001953125,0.33138614892959595,0.42985430359840393,7.223876953125,10.214744567871094,8.934659004211426,0.7574911117553711
1.7764682608942154e+18,6.267906188964844,0.3970315754413605,0.4626770317554474,8.044445037841797,9.755227088928223,8.836190223693848,0.7410700917243958
1.7764682608952154e+18,4.954997539520264,0.33138614892959595,0.4626770317554474,7.584927082061768,10.050631523132324,8.901835441589355,0.7903330326080322
1.7764682608962153e+18,12.832450866699219,0.7909042239189148,0.5939679145812988,7.486458778381348,9.9849853515625,8.901835441589355,0.7739120721817017
1.7764682608972152e+18,5.939679145812988,0.5939679145812988,0.5939679145812988,7.913154125213623,9.853694915771484,8.836190223693848,0.7082281112670898
1.7764682608982152e+18,6.596133708953857,0.5283224582672119,0.5611451864242554,7.913154125213623,9.62393569946289,8.672077178955078,0.6589651703834534
1.776468260899215e+18,4.954997539520264,0.49549975991249084,0.49549975991249084,7.6177496910095215,9.788049697875977,8.737722396850586,0.6918071508407593
1.776468260900215e+18,5.611452102661133,0.5283224582672119,0.5283224582672119,8.011622428894043,10.050631523132324,8.901835441589355,0.7082281112670898
1.776468260901215e+18,6.267906188964844,0.5283224582672119,0.5611451864242554,8.142912864685059,9.689580917358398,8.803367614746094,0.6753861308097839
1.776468260902215e+18,6.596133708953857,0.5283224582672119,0.5283224582672119,8.044445037841797,9.82087230682373,8.77054500579834,0.6918071508407593
1.7764682609032148e+18,5.611452102661133,0.49549975991249084,0.49549975991249084,7.847508907318115,9.853694915771484,8.737722396850586,0.6918071508407593
1.7764682609042148e+18,4.954997539520264,0.42985430359840393,0.49549975991249084,7.978799819946289,9.788049697875977,8.737722396850586,0.6589651703834534
1.7764682609052147e+18,7.580815315246582,0.5283224582672119,0.5283224582672119,7.847508907318115,10.149099349975586,8.901835441589355,0.7574911117553711
1.7764682609062144e+18,3.31386137008667,0.364208847284317,0.4626770317554474,8.011622428894043,9.919340133666992,8.934659004211426,0.7739120721817017
1.7764682609072143e+18,3.97031569480896,0.26574069261550903,0.3970315754413605,7.519281387329102,9.755227088928223,8.869012832641602,0.7246491312980652
1.7764682609082143e+18,3.31386137008667,0.2985634207725525,0.364208847284317,7.355167865753174,10.116276741027832,8.901835441589355,0.7739120721817017
1.7764682609092142e+18,3.97031569480896,0.26574069261550903,0.33138614892959595,7.880331516265869,10.247567176818848,9.098772048950195,0.856016993522644
1.7764682609102141e+18,4.62677001953125,0.26574069261550903,0.2985634207725525,8.142912864685059,9.952162742614746,9.000304222106934,0.88885897397995
1.776468260911214e+18,6.596133708953857,0.364208847284317,0.33138614892959595,7.6833953857421875,9.788049697875977,8.901835441589355,0.8724380135536194
1.776468260912214e+18,5.283224582672119,0.364208847284317,0.364208847284317,7.978799819946289,9.788049697875977,8.901835441589355,0.8231750130653381
1.776468260913214e+18,9.550178527832031,0.5611451864242554,0.42985430359840393,7.650572299957275,9.164417266845703,8.507963180541992,0.5932812094688416
1.776468260914214e+18,5.939679145812988,0.5611451864242554,0.5283224582672119,7.945976734161377,9.788049697875977,8.639254570007324,0.5932812094688416
1.7764682609152138e+18,5.283224582672119,0.42985430359840393,0.4626770317554474,7.552104473114014,9.591113090515137,8.639254570007324,0.5604392290115356
1.7764682609162138e+18,6.267906188964844,0.5283224582672119,0.4626770317554474,7.913154125213623,9.394176483154297,8.40949535369873,0.47833430767059326
1.7764682609172137e+18,5.283224582672119,0.49549975991249084,0.4626770317554474,7.913154125213623,9.591113090515137,8.5736083984375,0.4619133174419403
1.7764682609182136e+18,5.283224582672119,0.4626770317554474,0.4626770317554474,7.584927082061768,9.591113090515137,8.507963180541992,0.3962293565273285
1.7764682609192136e+18,8.237269401550293,0.5939679145812988,0.49549975991249084,7.256699562072754,9.886517524719238,8.704899787902832,0.5111762881278992
1.7764682609202135e+18,5.611452102661133,0.4626770317554474,0.49549975991249084,7.486458778381348,9.689580917358398,8.606431007385254,0.44549232721328735
1.7764682609212134e+18,4.62677001953125,0.42985430359840393,0.5283224582672119,7.880331516265869,10.083454132080078,8.901835441589355,0.6589651703834534
1.7764682609222134e+18,5.939679145812988,0.4626770317554474,0.42985430359840393,7.749040603637695,10.18192195892334,8.96748161315918,0.7082281112670898
1.7764682609232133e+18,4.954997539520264,0.3970315754413605,0.4626770317554474,7.552104473114014,10.01780891418457,8.96748161315918,0.7574911117553711
1.7764682609242132e+18,3.31386137008667,0.3970315754413605,0.42985430359840393,7.847508907318115,9.722403526306152,8.836190223693848,0.6918071508407593
1.7764682609252132e+18,9.550178527832031,0.5283224582672119,0.49549975991249084,7.650572299957275,9.230063438415527,8.507963180541992,0.5440182685852051
1.776468260926213e+18,2.0009524822235107,0.3970315754413605,0.42985430359840393,7.781863212585449,9.952162742614746,8.77054500579834,0.5932812094688416
1.776468260927213e+18,2.9856340885162354,0.26574069261550903,0.364208847284317,7.584927082061768,9.9849853515625,8.803367614746094,0.5932812094688416
1.776468260928213e+18,10.534860610961914,0.5611451864242554,0.49549975991249084,7.650572299957275,9.492645263671875,8.639254570007324,0.5604392290115356
1.776468260929213e+18,4.62677001953125,0.5283224582672119,0.4626770317554474,8.07726764678955,9.886517524719238,8.77054500579834,0.5440182685852051
1.7764682609302126e+18,4.954997539520264,0.42985430359840393,0.3970315754413605,7.880331516265869,9.689580917358398,8.704899787902832,0.5604392290115356
1.7764682609312125e+18,7.252587795257568,0.5283224582672119,0.4626770317554474,7.355167865753174,9.82087230682373,8.77054500579834,0.5932812094688416
1.7764682609322125e+18,5.939679145812988,0.49549975991249084,0.49549975991249084,7.519281387329102,9.853694915771484,8.836190223693848,0.6589651703834534
1.7764682609332124e+18,6.267906188964844,0.42985430359840393,0.49549975991249084,7.6833953857421875,9.755227088928223,8.737722396850586,0.642544150352478
1.7764682609342124e+18,7.252587795257568,0.5283224582672119,0.4626770317554474,7.223876953125,9.919340133666992,8.836190223693848,0.6753861308097839
1.7764682609352123e+18,5.283224582672119,0.4626770317554474,0.4626770317554474,8.07726764678955,10.01780891418457,8.836190223693848,0.7082281112670898
1.7764682609362122e+18,5.283224582672119,0.42985430359840393,0.4626770317554474,7.519281387329102,9.42699909210205,8.639254570007324,0.6097021698951721
1.7764682609372122e+18,5.939679145812988,0.49549975991249084,0.49549975991249084,8.07726764678955,9.788049697875977,8.672077178955078,0.5440182685852051
1.776468260938212e+18,4.62677001953125,0.42985430359840393,0.42985430359840393,7.913154125213623,9.42699909210205,8.540785789489746,0.4947552978992462
1.776468260939212e+18,6.267906188964844,0.42985430359840393,0.4626770317554474,7.453636169433594,9.853694915771484,8.639254570007324,0.5111762881278992
1.776468260940212e+18,4.2985429763793945,0.3970315754413605,0.42985430359840393,7.716217994689941,9.492645263671875,8.540785789489746,0.4619133174419403
1.776468260941212e+18,4.954997539520264,0.33138614892959595,0.42985430359840393,7.552104473114014,9.82087230682373,8.672077178955078,0.4619133174419403
1.7764682609422118e+18,5.611452102661133,0.3970315754413605,0.42985430359840393,7.781863212585449,9.788049697875977,8.704899787902832,0.5111762881278992
1.7764682609432118e+18,3.31386137008667,0.33138614892959595,0.33138614892959595,7.584927082061768,9.788049697875977,8.704899787902832,0.5440182685852051
1.7764682609442117e+18,2.9856340885162354,0.26574069261550903,0.364208847284317,7.519281387329102,9.788049697875977,8.737722396850586,0.6261231899261475
1.7764682609452116e+18,3.6420886516571045,0.2000952512025833,0.2985634207725525,7.781863212585449,10.083454132080078,8.869012832641602,0.6753861308097839
1.7764682609462116e+18,5.611452102661133,0.2985634207725525,0.364208847284317,7.650572299957275,9.656758308410645,8.704899787902832,0.6589651703834534
1.7764682609472115e+18,5.283224582672119,0.33138614892959595,0.364208847284317,7.814685821533203,9.689580917358398,8.672077178955078,0.6589651703834534
1.7764682609482115e+18,5.939679145812988,0.3970315754413605,0.3970315754413605,7.42081356048584,9.886517524719238,8.77054500579834,0.6097021698951721
1.7764682609492114e+18,5.611452102661133,0.3970315754413605,0.42985430359840393,7.6177496910095215,9.722403526306152,8.704899787902832,0.6261231899261475
1.7764682609502113e+18,5.283224582672119,0.364208847284317,0.3970315754413605,7.880331516265869,9.788049697875977,8.704899787902832,0.576860249042511
1.7764682609512113e+18,4.954997539520264,0.42985430359840393,0.42985430359840393,7.6177496910095215,9.361353874206543,8.5736083984375,0.5604392290115356
1.7764682609522112e+18,4.62677001953125,0.364208847284317,0.3970315754413605,7.6177496910095215,10.247567176818848,8.836190223693848,0.6753861308097839
1.776468260953211e+18,8.237269401550293,0.5283224582672119,0.5283224582672119,7.6177496910095215,9.689580917358398,8.672077178955078,0.6097021698951721
1.7764682609542108e+18,5.283224582672119,0.4626770317554474,0.49549975991249084,7.716217994689941,9.689580917358398,8.704899787902832,0.5440182685852051
1.7764682609552108e+18,9.221951484680176,0.6924360990524292,0.5939679145812988,7.847508907318115,9.558290481567383,8.606431007385254,0.5604392290115356
1.7764682609562107e+18,4.954997539520264,0.5939679145812988,0.6267906427383423,7.749040603637695,9.755227088928223,8.639254570007324,0.5604392290115356
1.7764682609572106e+18,5.283224582672119,0.42985430359840393,0.5283224582672119,7.6833953857421875,9.952162742614746,8.803367614746094,0.5932812094688416
1.7764682609582106e+18,4.2985429763793945,0.42985430359840393,0.49549975991249084,7.387990474700928,9.886517524719238,8.803367614746094,0.6753861308097839
1.7764682609592105e+18,3.97031569480896,0.364208847284317,0.49549975991249084,7.847508907318115,9.558290481567383,8.704899787902832,0.6097021698951721
1.7764682609602104e+18,4.2985429763793945,0.2985634207725525,0.3970315754413605,7.552104473114014,9.689580917358398,8.672077178955078,0.5604392290115356
1.7764682609612104e+18,5.939679145812988,0.364208847284317,0.4626770317554474,8.372672080993652,9.755227088928223,8.672077178955078,0.5932812094688416
1.7764682609622103e+18,3.31386137008667,0.2985634207725525,0.364208847284317,8.044445037841797,9.62393569946289,8.672077178955078,0.5604392290115356
1.7764682609632102e+18,3.97031569480896,0.26574069261550903,0.364208847284317,8.307026863098145,9.328531265258789,8.475140571594238,0.5111762881278992
1.7764682609642102e+18,14.801814079284668,0.7909042239189148,0.4626770317554474,7.650572299957275,9.492645263671875,8.442317962646484,0.3633873760700226
1.77646826096521e+18,5.611452102661133,0.5939679145812988,0.49549975991249084,7.6833953857421875,9.919340133666992,8.639254570007324,0.5440182685852051
1.77646826096621e+18,4.954997539520264,0.4626770317554474,0.4626770317554474,7.847508907318115,9.919340133666992,8.77054500579834,0.5604392290115356
1.77646826096721e+18,6.267906188964844,0.5283224582672119,0.49549975991249084,7.6177496910095215,9.62393569946289,8.672077178955078,0.5604392290115356
1.77646826096821e+18,4.62677001953125,0.3970315754413605,0.42985430359840393,7.6833953857421875,9.42699909210205,8.606431007385254,0.5111762881278992
1.7764682609692099e+18,5.283224582672119,0.364208847284317,0.42985430359840393,7.486458778381348,9.722403526306152,8.5736083984375,0.4619133174419403
1.7764682609702098e+18,6.596133708953857,0.49549975991249084,0.4626770317554474,7.781863212585449,9.886517524719238,8.737722396850586,0.47833430767059326
1.7764682609712097e+18,5.283224582672119,0.4626770317554474,0.42985430359840393,7.584927082061768,10.01780891418457,8.803367614746094,0.5440182685852051
1.7764682609722097e+18,5.283224582672119,0.3970315754413605,0.49549975991249084,7.749040603637695,10.01780891418457,8.901835441589355,0.6753861308097839
1.7764682609732096e+18,6.596133708953857,0.4626770317554474,0.42985430359840393,7.650572299957275,9.853694915771484,8.803367614746094,0.6589651703834534
1.7764682609742095e+18,4.2985429763793945,0.42985430359840393,0.42985430359840393,7.814685821533203,9.591113090515137,8.704899787902832,0.6097021698951721
1.7764682609752095e+18,4.62677001953125,0.3970315754413605,0.364208847284317,7.191054344177246,9.788049697875977,8.77054500579834,0.5604392290115356
1.7764682609762097e+18,9.221951484680176,0.5283224582672119,0.49549975991249084,7.486458778381348,9.656758308410645,8.704899787902832,0.5604392290115356
1.7764682609772096e+18,3.97031569480896,0.4626770317554474,0.49549975991249084,7.453636169433594,9.82087230682373,8.704899787902832,0.5932812094688416
1.7764682609782095e+18,2.9856340885162354,0.2985634207725525,0.4626770317554474,7.552104473114014,9.788049697875977,8.77054500579834,0.576860249042511
1.7764682609792095e+18,3.97031569480896,0.33138614892959595,0.42985430359840393,7.978799819946289,9.558290481567383,8.639254570007324,0.576860249042511
1.7764682609802094e+18,3.31386137008667,0.26574069261550903,0.33138614892959595,7.453636169433594,9.755227088928223,8.704899787902832,0.576860249042511
1.7764682609812093e+18,4.62677001953125,0.26574069261550903,0.26574069261550903,7.6833953857421875,9.755227088928223,8.672077178955078,0.5932812094688416
1.7764682609822093e+18,6.596133708953857,0.364208847284317,0.3970315754413605,7.814685821533203,9.886517524719238,8.77054500579834,0.6589651703834534
1.7764682609832092e+18,5.283224582672119,0.3970315754413605,0.364208847284317,8.044445037841797,9.689580917358398,8.737722396850586,0.5932812094688416
1.7764682609842092e+18,5.283224582672119,0.33138614892959595,0.42985430359840393,7.42081356048584,9.689580917358398,8.639254570007324,0.5604392290115356
1.776468260985209e+18,5.939679145812988,0.42985430359840393,0.42985430359840393,7.978799819946289,9.722403526306152,8.737722396850586,0.576860249042511
1.776468260986209e+18,5.611452102661133,0.42985430359840393,0.42985430359840393,7.716217994689941,9.755227088928223,8.672077178955078,0.5604392290115356
1.776468260987209e+18,6.267906188964844,0.4626770317554474,0.4626770317554474,7.716217994689941,9.656758308410645,8.672077178955078,0.576860249042511
1.776468260988209e+18,5.939679145812988,0.3970315754413605,0.4626770317554474,7.584927082061768,9.722403526306152,8.704899787902832,0.576860249042511
1.7764682609892088e+18,10.86308765411377,0.7252588272094727,0.5939679145812988,7.519281387329102,10.116276741027832,8.934659004211426,0.7246491312980652
1.7764682609902088e+18,5.611452102661133,0.5939679145812988,0.5939679145812988,7.749040603637695,9.788049697875977,8.869012832641602,0.7574911117553711
1.776468260991209e+18,4.954997539520264,0.5283224582672119,0.49549975991249084,7.716217994689941,9.197240829467773,8.507963180541992,0.5604392290115356
1.776468260992209e+18,4.954997539520264,0.49549975991249084,0.49549975991249084,7.847508907318115,9.525467872619629,8.507963180541992,0.4619133174419403
1.7764682609932088e+18,4.2985429763793945,0.49549975991249084,0.49549975991249084,7.749040603637695,9.788049697875977,8.639254570007324,0.5111762881278992
1.7764682609942088e+18,4.62677001953125,0.364208847284317,0.4626770317554474,7.519281387329102,9.82087230682373,8.704899787902832,0.5440182685852051
1.7764682609952087e+18,6.924360752105713,0.42985430359840393,0.49549975991249084,7.716217994689941,9.755227088928223,8.77054500579834,0.5604392290115356
1.7764682609962086e+18,2.9856340885162354,0.33138614892959595,0.4626770317554474,7.716217994689941,9.656758308410645,8.606431007385254,0.5440182685852051
1.7764682609972086e+18,3.97031569480896,0.2985634207725525,0.3970315754413605,7.519281387329102,9.62393569946289,8.606431007385254,0.5275972485542297
1.7764682609982085e+18,4.62677001953125,0.33138614892959595,0.3970315754413605,7.453636169433594,9.919340133666992,8.737722396850586,0.5440182685852051
1.7764682609992084e+18,5.283224582672119,0.33138614892959595,0.3970315754413605,7.552104473114014,9.656758308410645,8.704899787902832,0.5440182685852051
1.7764682610002084e+18,4.2985429763793945,0.364208847284317,0.33138614892959595,7.552104473114014,9.62393569946289,8.704899787902832,0.5440182685852051
1.7764682610012083e+18,5.939679145812988,0.3970315754413605,0.364208847284317,7.847508907318115,9.919340133666992,8.77054500579834,0.5604392290115356
1.7764682610022083e+18,5.611452102661133,0.42985430359840393,0.42985430359840393,7.584927082061768,10.083454132080078,8.901835441589355,0.642544150352478
1.7764682610032082e+18,8.89372444152832,0.6267906427383423,0.49549975991249084,7.913154125213623,9.361353874206543,8.507963180541992,0.5440182685852051
1.776468261004208e+18,5.611452102661133,0.4626770317554474,0.49549975991249084,7.42081356048584,10.18192195892334,8.869012832641602,0.6097021698951721
1.776468261005208e+18,5.939679145812988,0.49549975991249084,0.5283224582672119,7.814685821533203,9.919340133666992,8.836190223693848,0.6589651703834534
1.776468261006208e+18,4.954997539520264,0.42985430359840393,0.4626770317554474,7.650572299957275,10.149099349975586,8.869012832641602,0.6753861308097839
1.7764682610072082e+18,5.283224582672119,0.4626770317554474,0.49549975991249084,8.011622428894043,9.952162742614746,8.901835441589355,0.7903330326080322
1.7764682610082081e+18,4.2985429763793945,0.42985430359840393,0.42985430359840393,7.650572299957275,9.919340133666992,8.869012832641602,0.7574911117553711
1.776468261009208e+18,4.954997539520264,0.3970315754413605,0.3970315754413605,7.584927082061768,9.62393569946289,8.77054500579834,0.6753861308097839
1.776468261010208e+18,5.611452102661133,0.42985430359840393,0.42985430359840393,7.945976734161377,9.62393569946289,8.672077178955078,0.6261231899261475
1.776468261011208e+18,4.62677001953125,0.364208847284317,0.42985430359840393,7.945976734161377,9.689580917358398,8.5736083984375,0.5932812094688416
1.7764682610122079e+18,2.3291797637939453,0.26574069261550903,0.2985634207725525,8.07726764678955,9.558290481567383,8.606431007385254,0.5275972485542297
1.7764682610132078e+18,6.596133708953857,0.3970315754413605,0.3970315754413605,7.256699562072754,9.394176483154297,8.475140571594238,0.4619133174419403
1.7764682610142077e+18,3.97031569480896,0.364208847284317,0.33138614892959595,7.945976734161377,9.82087230682373,8.639254570007324,0.4290713369846344
1.7764682610152077e+18,4.2985429763793945,0.26574069261550903,0.33138614892959595,7.650572299957275,10.01780891418457,8.77054500579834,0.5275972485542297
1.7764682610162076e+18,5.283224582672119,0.33138614892959595,0.33138614892959595,7.716217994689941,9.689580917358398,8.704899787902832,0.576860249042511
1.7764682610172076e+18,4.954997539520264,0.3970315754413605,0.2985634207725525,8.011622428894043,10.050631523132324,8.901835441589355,0.6261231899261475
1.7764682610182075e+18,5.283224582672119,0.3970315754413605,0.33138614892959595,8.110090255737305,10.01780891418457,8.96748161315918,0.6753861308097839
1.7764682610192074e+18,5.611452102661133,0.3970315754413605,0.3970315754413605,8.142912864685059,9.755227088928223,8.869012832641602,0.6918071508407593
1.7764682610202074e+18,6.596133708953857,0.42985430359840393,0.42985430359840393,7.552104473114014,9.886517524719238,8.836190223693848,0.6753861308097839
1.7764682610212073e+18,4.62677001953125,0.3970315754413605,0.42985430359840393,7.847508907318115,9.886517524719238,8.836190223693848,0.6918071508407593
1.7764682610222075e+18,5.611452102661133,0.4626770317554474,0.4626770317554474,7.880331516265869,9.919340133666992,8.869012832641602,0.7246491312980652
1.7764682610232074e+18,5.611452102661133,0.4626770317554474,0.4626770317554474,8.175736427307129,9.656758308410645,8.77054500579834,0.6753861308097839
1.7764682610242074e+18,6.267906188964844,0.42985430359840393,0.4626770317554474,7.781863212585449,9.591113090515137,8.639254570007324,0.6097021698951721
1.7764682610252073e+18,5.283224582672119,0.42985430359840393,0.42985430359840393,8.208559036254883,9.62393569946289,8.672077178955078,0.5440182685852051
1.7764682610262072e+18,4.62677001953125,0.42985430359840393,0.4626770317554474,7.814685821533203,9.755227088928223,8.672077178955078,0.5275972485542297
1.7764682610272072e+18,3.6420886516571045,0.364208847284317,0.33138614892959595,7.781863212585449,9.82087230682373,8.672077178955078,0.576860249042511
1.776468261028207e+18,4.2985429763793945,0.364208847284317,0.364208847284317,7.814685821533203,10.083454132080078,8.836190223693848,0.6261231899261475
1.776468261029207e+18,3.97031569480896,0.364208847284317,0.3970315754413605,7.913154125213623,9.656758308410645,8.704899787902832,0.5932812094688416
1.776468261030207e+18,6.596133708953857,0.3970315754413605,0.3970315754413605,8.011622428894043,9.82087230682373,8.836190223693848,0.642544150352478
1.776468261031207e+18,2.65740704536438,0.26574069261550903,0.42985430359840393,8.044445037841797,9.689580917358398,8.672077178955078,0.576860249042511
1.7764682610322068e+18,3.97031569480896,0.2985634207725525,0.33138614892959595,8.43831729888916,9.853694915771484,8.77054500579834,0.642544150352478
1.7764682610332068e+18,11.191314697265625,0.5611451864242554,0.4626770317554474,8.044445037841797,9.656758308410645,8.704899787902832,0.5932812094688416
1.7764682610342067e+18,4.2985429763793945,0.4626770317554474,0.4626770317554474,7.650572299957275,10.050631523132324,8.934659004211426,0.6753861308097839
1.7764682610352067e+18,5.611452102661133,0.3970315754413605,0.4626770317554474,8.241381645202637,9.9849853515625,8.869012832641602,0.7246491312980652
1.7764682610362066e+18,14.145359992980957,0.8565496802330017,0.6267906427383423,7.552104473114014,9.788049697875977,8.803367614746094,0.7082281112670898
1.7764682610372068e+18,6.596133708953857,0.6924360990524292,0.6267906427383423,7.6177496910095215,9.853694915771484,8.803367614746094,0.6753861308097839
1.7764682610382067e+18,5.283224582672119,0.5611451864242554,0.5939679145812988,7.552104473114014,9.919340133666992,8.836190223693848,0.6589651703834534
1.7764682610392067e+18,7.252587795257568,0.5611451864242554,0.6267906427383423,7.913154125213623,9.755227088928223,8.803367614746094,0.6753861308097839
1.7764682610402066e+18,4.954997539520264,0.42985430359840393,0.5283224582672119,7.6177496910095215,9.42699909210205,8.5736083984375,0.5932812094688416
1.7764682610412065e+18,6.596133708953857,0.49549975991249084,0.49549975991249084,7.552104473114014,9.82087230682373,8.704899787902832,0.5932812094688416
1.7764682610422065e+18,4.954997539520264,0.49549975991249084,0.5283224582672119,7.12540864944458,9.788049697875977,8.704899787902832,0.576860249042511
1.7764682610432064e+18,5.283224582672119,0.3970315754413605,0.4626770317554474,7.552104473114014,9.295708656311035,8.442317962646484,0.4619133174419403
1.7764682610442063e+18,4.62677001953125,0.364208847284317,0.42985430359840393,7.814685821533203,10.18192195892334,8.803367614746094,0.5440182685852051
1.7764682610452063e+18,4.954997539520264,0.364208847284317,0.42985430359840393,7.486458778381348,10.346035957336426,9.000304222106934,0.7246491312980652
1.7764682610462062e+18,2.9856340885162354,0.33138614892959595,0.3970315754413605,8.044445037841797,9.9849853515625,8.96748161315918,0.8231750130653381
1.7764682610472061e+18,12.832450866699219,0.7252588272094727,0.5939679145812988,7.716217994689941,9.919340133666992,8.901835441589355,0.7903330326080322
1.776468261048206e+18,3.31386137008667,0.4626770317554474,0.5611451864242554,7.814685821533203,9.689580917358398,8.803367614746094,0.7574911117553711
1.776468261049206e+18,2.9856340885162354,0.3970315754413605,0.42985430359840393,8.07726764678955,9.886517524719238,8.836190223693848,0.7739120721817017
1.776468261050206e+18,9.221951484680176,0.5611451864242554,0.49549975991249084,7.6833953857421875,9.886517524719238,8.901835441589355,0.7903330326080322
1.776468261051206e+18,4.954997539520264,0.3970315754413605,0.4626770317554474,7.650572299957275,9.886517524719238,8.901835441589355,0.7246491312980652
1.776468261052206e+18,5.611452102661133,0.42985430359840393,0.4626770317554474,7.584927082061768,10.116276741027832,8.934659004211426,0.7246491312980652
1.776468261053206e+18,5.283224582672119,0.3970315754413605,0.5283224582672119,7.945976734161377,9.689580917358398,8.836190223693848,0.7410700917243958
1.776468261054206e+18,7.580815315246582,0.5283224582672119,0.4626770317554474,8.07726764678955,9.952162742614746,8.869012832641602,0.7410700917243958
1.776468261055206e+18,5.939679145812988,0.3970315754413605,0.5283224582672119,7.781863212585449,9.82087230682373,8.803367614746094,0.6918071508407593
1.7764682610562058e+18,10.206632614135742,0.6596133708953857,0.5611451864242554,7.256699562072754,9.558290481567383,8.672077178955078,0.642544150352478
1.7764682610572058e+18,6.267906188964844,0.5939679145812988,0.5611451864242554,8.07726764678955,9.919340133666992,8.836190223693848,0.6261231899261475
1.7764682610582057e+18,6.267906188964844,0.49549975991249084,0.5939679145812988,7.847508907318115,9.525467872619629,8.704899787902832,0.5275972485542297
1.7764682610592056e+18,4.954997539520264,0.42985430359840393,0.49549975991249084,7.880331516265869,8.96748161315918,8.245381355285645,0.34696638584136963
1.7764682610602056e+18,5.939679145812988,0.4626770317554474,0.5611451864242554,7.749040603637695,9.919340133666992,8.5736083984375,0.3962293565273285
1.7764682610612055e+18,4.954997539520264,0.49549975991249084,0.5283224582672119,7.552104473114014,9.755227088928223,8.639254570007324,0.4290713369846344
1.7764682610622054e+18,4.954997539520264,0.4626770317554474,0.49549975991249084,7.945976734161377,9.62393569946289,8.672077178955078,0.5440182685852051
1.7764682610632054e+18,9.550178527832031,0.5939679145812988,0.6596133708953857,7.519281387329102,9.591113090515137,8.606431007385254,0.5111762881278992
1.7764682610642053e+18,3.6420886516571045,0.4626770317554474,0.49549975991249084,7.913154125213623,9.755227088928223,8.5736083984375,0.5275972485542297
1.7764682610652052e+18,7.9090423583984375,0.5283224582672119,0.5283224582672119,7.814685821533203,9.42699909210205,8.475140571594238,0.4619133174419403
1.7764682610662052e+18,4.2985429763793945,0.42985430359840393,0.49549975991249084,8.27420425415039,9.62393569946289,8.540785789489746,0.47833430767059326
1.7764682610672054e+18,3.31386137008667,0.33138614892959595,0.42985430359840393,8.208559036254883,10.149099349975586,8.803367614746094,0.5932812094688416
1.7764682610682053e+18,4.954997539520264,0.3970315754413605,0.3970315754413605,7.880331516265869,9.82087230682373,8.704899787902832,0.642544150352478
1.7764682610692052e+18,4.62677001953125,0.364208847284317,0.3970315754413605,7.716217994689941,9.9849853515625,8.77054500579834,0.6097021698951721
1.7764682610702052e+18,6.267906188964844,0.3970315754413605,0.42985430359840393,7.781863212585449,9.9849853515625,8.869012832641602,0.7082281112670898
1.776468261071205e+18,8.89372444152832,0.5939679145812988,0.49549975991249084,7.6833953857421875,10.01780891418457,8.901835441589355,0.7410700917243958
1.776468261072205e+18,5.611452102661133,0.49549975991249084,0.4626770317554474,7.716217994689941,9.722403526306152,8.77054500579834,0.7410700917243958
1.776468261073205e+18,4.62677001953125,0.364208847284317,0.3970315754413605,7.814685821533203,9.42699909210205,8.540785789489746,0.576860249042511
1.776468261074205e+18,13.160677909851074,0.7909042239189148,0.5939679145812988,7.650572299957275,9.689580917358398,8.639254570007324,0.5604392290115356
1.7764682610752049e+18,5.939679145812988,0.5611451864242554,0.6267906427383423,7.387990474700928,10.083454132080078,8.836190223693848,0.6261231899261475
1.7764682610762048e+18,6.267906188964844,0.5611451864242554,0.6596133708953857,8.27420425415039,9.919340133666992,8.96748161315918,0.6918071508407593
1.7764682610772047e+18,6.596133708953857,0.5611451864242554,0.5611451864242554,7.552104473114014,9.952162742614746,8.934659004211426,0.7739120721817017
1.7764682610782047e+18,5.939679145812988,0.5939679145812988,0.5939679145812988,7.945976734161377,10.050631523132324,8.96748161315918,0.7903330326080322
1.7764682610792046e+18,4.62677001953125,0.42985430359840393,0.5283224582672119,7.519281387329102,10.083454132080078,8.934659004211426,0.856016993522644
1.7764682610802045e+18,6.267906188964844,0.4626770317554474,0.5611451864242554,7.913154125213623,9.722403526306152,8.836190223693848,0.8067540526390076
1.7764682610812045e+18,4.954997539520264,0.4626770317554474,0.5283224582672119,7.945976734161377,9.361353874206543,8.540785789489746,0.6261231899261475
1.7764682610822044e+18,2.65740704536438,0.33138614892959595,0.42985430359840393,8.011622428894043,10.083454132080078,8.77054500579834,0.6918071508407593
1.7764682610832044e+18,3.6420886516571045,0.26574069261550903,0.2985634207725525,7.650572299957275,9.886517524719238,8.836190223693848,0.6261231899261475
1.7764682610842043e+18,3.31386137008667,0.26574069261550903,0.26574069261550903,7.814685821533203,10.346035957336426,9.065949440002441,0.7739120721817017
1.7764682610852045e+18,3.31386137008667,0.23291797935962677,0.26574069261550903,7.584927082061768,9.722403526306152,8.836190223693848,0.7246491312980652
1.7764682610862044e+18,3.97031569480896,0.23291797935962677,0.33138614892959595,7.913154125213623,9.952162742614746,8.901835441589355,0.7574911117553711
1.7764682610872044e+18,5.611452102661133,0.3970315754413605,0.2985634207725525,8.044445037841797,9.853694915771484,8.901835441589355,0.7739120721817017
1.7764682610882043e+18,4.954997539520264,0.364208847284317,0.364208847284317,7.716217994689941,10.050631523132324,8.869012832641602,0.7903330326080322
1.7764682610892042e+18,5.611452102661133,0.3970315754413605,0.33138614892959595,7.913154125213623,9.558290481567383,8.704899787902832,0.7574911117553711
1.7764682610902042e+18,6.267906188964844,0.4626770317554474,0.364208847284317,7.913154125213623,9.853694915771484,8.803367614746094,0.6918071508407593
1.776468261091204e+18,4.954997539520264,0.3970315754413605,0.364208847284317,7.814685821533203,9.62393569946289,8.737722396850586,0.6918071508407593
1.776468261092204e+18,5.611452102661133,0.3970315754413605,0.42985430359840393,7.584927082061768,9.853694915771484,8.737722396850586,0.6589651703834534
1.776468261093204e+18,5.611452102661133,0.4626770317554474,0.4626770317554474,8.110090255737305,9.525467872619629,8.639254570007324,0.576860249042511
1.776468261094204e+18,6.267906188964844,0.42985430359840393,0.49549975991249084,7.945976734161377,10.444503784179688,8.96748161315918,0.6753861308097839
1.7764682610952038e+18,6.596133708953857,0.4626770317554474,0.49549975991249084,7.716217994689941,9.755227088928223,8.836190223693848,0.6918071508407593
1.7764682610962038e+18,5.283224582672119,0.49549975991249084,0.4626770317554474,8.011622428894043,9.689580917358398,8.737722396850586,0.6589651703834534
1.7764682610972037e+18,3.97031569480896,0.3970315754413605,0.42985430359840393,7.814685821533203,10.050631523132324,8.901835441589355,0.6918071508407593
1.7764682610982036e+18,6.924360752105713,0.4626770317554474,0.4626770317554474,7.716217994689941,9.492645263671875,8.639254570007324,0.642544150352478
1.7764682610992036e+18,3.97031569480896,0.3970315754413605,0.4626770317554474,7.781863212585449,9.525467872619629,8.672077178955078,0.6097021698951721
1.7764682611002035e+18,4.62677001953125,0.3970315754413605,0.3970315754413605,8.175736427307129,10.149099349975586,8.869012832641602,0.6918071508407593
1.7764682611012035e+18,4.62677001953125,0.364208847284317,0.364208847284317,7.945976734161377,9.492645263671875,8.639254570007324,0.642544150352478
1.7764682611022034e+18,3.6420886516571045,0.2985634207725525,0.364208847284317,8.07726764678955,9.82087230682373,8.737722396850586,0.6261231899261475
1.7764682611032033e+18,3.97031569480896,0.2985634207725525,0.26574069261550903,7.781863212585449,9.952162742614746,8.803367614746094,0.6753861308097839
1.7764682611042033e+18,5.611452102661133,0.33138614892959595,0.33138614892959595,7.945976734161377,9.459821701049805,8.606431007385254,0.5604392290115356
1.7764682611052032e+18,3.97031569480896,0.2985634207725525,0.2985634207725525,7.913154125213623,9.689580917358398,8.606431007385254,0.5932812094688416
1.7764682611062031e+18,5.283224582672119,0.2985634207725525,0.364208847284317,7.781863212585449,9.853694915771484,8.737722396850586,0.6261231899261475
1.776468261107203e+18,7.580815315246582,0.49549975991249084,0.49549975991249084,7.650572299957275,10.116276741027832,8.803367614746094,0.6097021698951721
1.776468261108203e+18,7.580815315246582,0.5611451864242554,0.5283224582672119,7.913154125213623,9.886517524719238,8.836190223693848,0.6918071508407593
1.776468261109203e+18,5.611452102661133,0.49549975991249084,0.4626770317554474,8.569608688354492,9.689580917358398,8.737722396850586,0.6097021698951721
1.776468261110203e+18,7.252587795257568,0.4626770317554474,0.5283224582672119,7.289522647857666,9.361353874206543,8.507963180541992,0.5275972485542297
1.776468261111203e+18,8.565496444702148,0.5611451864242554,0.5611451864242554,7.913154125213623,10.01780891418457,8.737722396850586,0.5604392290115356
1.776468261112203e+18,5.939679145812988,0.5611451864242554,0.5611451864242554,7.387990474700928,9.689580917358398,8.737722396850586,0.5932812094688416
1.776468261113203e+18,4.2985429763793945,0.4626770317554474,0.5611451864242554,7.716217994689941,9.525467872619629,8.606431007385254,0.576860249042511
1.776468261114203e+18,4.2985429763793945,0.364208847284317,0.4626770317554474,7.519281387329102,9.394176483154297,8.507963180541992,0.5111762881278992
1.7764682611152028e+18,4.62677001953125,0.364208847284317,0.42985430359840393,7.913154125213623,9.788049697875977,8.5736083984375,0.5275972485542297
1.7764682611162028e+18,3.97031569480896,0.364208847284317,0.42985430359840393,7.552104473114014,10.083454132080078,8.77054500579834,0.5440182685852051
1.7764682611172027e+18,4.954997539520264,0.3970315754413605,0.364208847284317,7.847508907318115,9.755227088928223,8.704899787902832,0.5604392290115356
1.7764682611182026e+18,3.31386137008667,0.2985634207725525,0.364208847284317,7.749040603637695,9.952162742614746,8.77054500579834,0.5932812094688416
1.7764682611192026e+18,6.596133708953857,0.42985430359840393,0.3970315754413605,7.945976734161377,9.656758308410645,8.704899787902832,0.5604392290115356
1.7764682611202025e+18,3.31386137008667,0.364208847284317,0.364208847284317,7.749040603637695,9.42699909210205,8.5736083984375,0.5111762881278992
1.7764682611212024e+18,4.2985429763793945,0.33138614892959595,0.2985634207725525,8.307026863098145,9.164417266845703,8.376672744750977,0.3305453956127167
1.7764682611222024e+18,4.2985429763793945,0.2985634207725525,0.33138614892959595,7.913154125213623,9.952162742614746,8.672077178955078,0.4290713369846344
1.7764682611232023e+18,4.954997539520264,0.33138614892959595,0.364208847284317,7.781863212585449,9.82087230682373,8.737722396850586,0.5111762881278992
1.7764682611242022e+18,5.939679145812988,0.3970315754413605,0.364208847284317,7.584927082061768,9.656758308410645,8.704899787902832,0.4947552978992462
1.7764682611252022e+18,6.924360752105713,0.5611451864242554,0.4626770317554474,7.945976734161377,9.62393569946289,8.704899787902832,0.5604392290115356
1.776468261126202e+18,4.62677001953125,0.364208847284317,0.42985430359840393,7.387990474700928,9.82087230682373,8.77054500579834,0.576860249042511
1.776468261127202e+18,5.611452102661133,0.42985430359840393,0.42985430359840393,7.913154125213623,9.919340133666992,8.836190223693848,0.642544150352478
1.776468261128202e+18,6.596133708953857,0.49549975991249084,0.3970315754413605,7.519281387329102,9.788049697875977,8.836190223693848,0.6589651703834534
1.776468261129202e+18,5.611452102661133,0.49549975991249084,0.4626770317554474,7.716217994689941,9.886517524719238,8.836190223693848,0.6918071508407593
1.7764682611302019e+18,9.221951484680176,0.5939679145812988,0.49549975991249084,7.6833953857421875,9.492645263671875,8.672077178955078,0.642544150352478
1.7764682611312018e+18,3.6420886516571045,0.42985430359840393,0.4626770317554474,6.731536388397217,9.952162742614746,8.77054500579834,0.6589651703834534
1.7764682611322017e+18,4.2985429763793945,0.364208847284317,0.3970315754413605,7.814685821533203,9.82087230682373,8.737722396850586,0.6097021698951721
1.7764682611332017e+18,3.97031569480896,0.3970315754413605,0.3970315754413605,7.289522647857666,9.9849853515625,8.901835441589355,0.642544150352478
1.7764682611342016e+18,3.97031569480896,0.364208847284317,0.42985430359840393,7.945976734161377,9.82087230682373,8.836190223693848,0.642544150352478
1.7764682611352015e+18,3.6420886516571045,0.2985634207725525,0.3970315754413605,7.716217994689941,10.01780891418457,8.836190223693848,0.6753861308097839
1.7764682611362017e+18,4.62677001953125,0.33138614892959595,0.3970315754413605,7.716217994689941,9.492645263671875,8.672077178955078,0.6097021698951721
1.7764682611372017e+18,4.2985429763793945,0.26574069261550903,0.364208847284317,7.486458778381348,9.62393569946289,8.639254570007324,0.5440182685852051
1.7764682611382016e+18,4.2985429763793945,0.26574069261550903,0.26574069261550903,7.6177496910095215,10.050631523132324,8.836190223693848,0.5932812094688416
1.7764682611392015e+18,5.283224582672119,0.2985634207725525,0.2985634207725525,7.749040603637695,10.050631523132324,8.934659004211426,0.6753861308097839
1.7764682611402015e+18,6.267906188964844,0.3970315754413605,0.364208847284317,8.142912864685059,9.459821701049805,8.672077178955078,0.6261231899261475
1.7764682611412014e+18,4.62677001953125,0.364208847284317,0.364208847284317,7.913154125213623,9.525467872619629,8.672077178955078,0.5275972485542297
1.7764682611422013e+18,4.954997539520264,0.3970315754413605,0.3970315754413605,7.913154125213623,9.952162742614746,8.77054500579834,0.5604392290115356
1.7764682611432013e+18,10.86308765411377,0.5939679145812988,0.49549975991249084,7.781863212585449,9.755227088928223,8.704899787902832,0.6097021698951721
1.7764682611442012e+18,5.283224582672119,0.49549975991249084,0.4626770317554474,7.847508907318115,9.722403526306152,8.704899787902832,0.6261231899261475
1.7764682611452012e+18,4.62677001953125,0.42985430359840393,0.4626770317554474,8.011622428894043,9.919340133666992,8.77054500579834,0.6261231899261475
1.776468261146201e+18,4.954997539520264,0.4626770317554474,0.4626770317554474,7.880331516265869,9.9849853515625,8.836190223693848,0.6753861308097839
1.776468261147201e+18,6.924360752105713,0.5283224582672119,0.49549975991249084,7.6833953857421875,9.525467872619629,8.639254570007324,0.6097021698951721
1.776468261148201e+18,5.283224582672119,0.42985430359840393,0.4626770317554474,7.486458778381348,9.853694915771484,8.704899787902832,0.6261231899261475
1.776468261149201e+18,5.283224582672119,0.4626770317554474,0.42985430359840393,7.781863212585449,9.82087230682373,8.77054500579834,0.6261231899261475
1.7764682611502008e+18,3.97031569480896,0.3970315754413605,0.42985430359840393,8.208559036254883,10.674263000488281,9.13159465789795,0.8724380135536194
1.7764682611512008e+18,4.62677001953125,0.3970315754413605,0.42985430359840393,7.552104473114014,10.313213348388672,9.230063438415527,0.9381219744682312
1.7764682611522007e+18,3.31386137008667,0.26574069261550903,0.364208847284317,7.32234525680542,9.9849853515625,9.033126831054688,0.9217009544372559
1.7764682611532006e+18,4.954997539520264,0.3970315754413605,0.3970315754413605,7.552104473114014,9.591113090515137,8.803367614746094,0.8231750130653381
1.7764682611542006e+18,3.6420886516571045,0.26574069261550903,0.364208847284317,7.716217994689941,9.722403526306152,8.803367614746094,0.7903330326080322
1.7764682611552005e+18,3.97031569480896,0.26574069261550903,0.33138614892959595,7.650572299957275,10.050631523132324,8.869012832641602,0.7574911117553711
1.7764682611562004e+18,3.31386137008667,0.26574069261550903,0.26574069261550903,7.650572299957275,9.656758308410645,8.737722396850586,0.6918071508407593
1.7764682611572004e+18,4.62677001953125,0.26574069261550903,0.33138614892959595,8.27420425415039,9.591113090515137,8.639254570007324,0.5604392290115356
1.7764682611582003e+18,13.160677909851074,0.6924360990524292,0.5283224582672119,7.945976734161377,9.755227088928223,8.704899787902832,0.5604392290115356
1.7764682611592003e+18,6.267906188964844,0.5283224582672119,0.5283224582672119,7.6833953857421875,9.853694915771484,8.704899787902832,0.5275972485542297
1.7764682611602002e+18,13.160677909851074,0.8565496802330017,0.6924360990524292,7.978799819946289,10.050631523132324,8.869012832641602,0.642544150352478
1.7764682611612e+18,6.267906188964844,0.7252588272094727,0.7252588272094727,7.486458778381348,9.525467872619629,8.672077178955078,0.6261231899261475
1.7764682611622003e+18,5.611452102661133,0.5939679145812988,0.6596133708953857,7.945976734161377,9.42699909210205,8.475140571594238,0.47833430767059326
1.7764682611632003e+18,5.611452102661133,0.4626770317554474,0.5939679145812988,7.880331516265869,9.82087230682373,8.639254570007324,0.5440182685852051
1.7764682611642002e+18,5.611452102661133,0.5283224582672119,0.5611451864242554,7.519281387329102,8.96748161315918,8.311026573181152,0.3962293565273285
1.7764682611652001e+18,4.62677001953125,0.42985430359840393,0.5283224582672119,7.749040603637695,9.9849853515625,8.5736083984375,0.44549232721328735
1.7764682611662e+18,6.596133708953857,0.5283224582672119,0.49549975991249084,7.913154125213623,9.82087230682373,8.704899787902832,0.47833430767059326
1.7764682611672e+18,3.97031569480896,0.42985430359840393,0.49549975991249084,7.519281387329102,10.280389785766602,9.000304222106934,0.576860249042511
1.7764682611682e+18,6.267906188964844,0.42985430359840393,0.49549975991249084,7.650572299957275,10.050631523132324,8.96748161315918,0.7082281112670898
1.7764682611691999e+18,3.6420886516571045,0.3970315754413605,0.4626770317554474,7.453636169433594,9.788049697875977,8.869012832641602,0.7246491312980652
1.7764682611701998e+18,4.954997539520264,0.3970315754413605,0.3970315754413605,7.650572299957275,9.62393569946289,8.737722396850586,0.6261231899261475
1.7764682611711997e+18,2.3291797637939453,0.26574069261550903,0.3970315754413605,7.387990474700928,9.788049697875977,8.803367614746094,0.6589651703834534
1.7764682611722e+18,3.6420886516571045,0.26574069261550903,0.2985634207725525,8.142912864685059,9.722403526306152,8.737722396850586,0.5932812094688416
1.7764682611732e+18,3.6420886516571045,0.2000952512025833,0.23291797935962677,7.191054344177246,9.42699909210205,8.5736083984375,0.5111762881278992
1.7764682611741998e+18,3.6420886516571045,0.2000952512025833,0.23291797935962677,7.6833953857421875,9.853694915771484,8.737722396850586,0.5932812094688416
1.7764682611752e+18,5.283224582672119,0.33138614892959595,0.33138614892959595,7.749040603637695,9.689580917358398,8.672077178955078,0.5604392290115356
1.7764682611762e+18,5.939679145812988,0.364208847284317,0.2985634207725525,6.9941182136535645,9.459821701049805,8.5736083984375,0.47833430767059326
1.7764682611771999e+18,5.611452102661133,0.3970315754413605,0.3970315754413605,7.945976734161377,10.050631523132324,8.836190223693848,0.5604392290115356
1.7764682611782e+18,5.611452102661133,0.42985430359840393,0.3970315754413605,7.6833953857421875,10.116276741027832,8.869012832641602,0.6753861308097839
1.7764682611792e+18,5.283224582672119,0.4626770317554474,0.42985430359840393,7.158231735229492,9.262886047363281,8.606431007385254,0.4947552978992462
1.7764682611802e+18,4.954997539520264,0.42985430359840393,0.3970315754413605,7.880331516265869,9.656758308410645,8.672077178955078,0.5111762881278992
1.7764682611812001e+18,6.596133708953857,0.42985430359840393,0.49549975991249084,7.32234525680542,9.82087230682373,8.737722396850586,0.5604392290115356
1.7764682611822e+18,4.954997539520264,0.4626770317554474,0.3970315754413605,8.175736427307129,9.82087230682373,8.77054500579834,0.5932812094688416
1.7764682611832e+18,5.611452102661133,0.4626770317554474,0.4626770317554474,7.749040603637695,9.853694915771484,8.77054500579834,0.642544150352478
1.7764682611842002e+18,5.283224582672119,0.3970315754413605,0.42985430359840393,7.814685821533203,9.591113090515137,8.704899787902832,0.576860249042511
1.7764682611852e+18,11.51954174041748,0.7252588272094727,0.6267906427383423,7.6833953857421875,9.952162742614746,8.77054500579834,0.6589651703834534
1.7764682611862e+18,3.97031569480896,0.4626770317554474,0.49549975991249084,7.519281387329102,9.656758308410645,8.704899787902832,0.6261231899261475
1.7764682611872003e+18,9.550178527832031,0.6924360990524292,0.6267906427383423,7.749040603637695,9.62393569946289,8.639254570007324,0.5604392290115356
1.7764682611882002e+18,2.3291797637939453,0.3970315754413605,0.49549975991249084,7.716217994689941,9.82087230682373,8.704899787902832,0.5932812094688416
1.7764682611892001e+18,3.31386137008667,0.2985634207725525,0.4626770317554474,7.847508907318115,9.788049697875977,8.704899787902832,0.6097021698951721
1.7764682611902003e+18,2.9856340885162354,0.2000952512025833,0.364208847284317,8.142912864685059,9.525467872619629,8.606431007385254,0.5440182685852051
1.7764682611912003e+18,9.878405570983887,0.5283224582672119,0.42985430359840393,7.978799819946289,9.82087230682373,8.737722396850586,0.576860249042511
1.7764682611922002e+18,2.65740704536438,0.26574069261550903,0.3970315754413605,7.650572299957275,9.755227088928223,8.704899787902832,0.6097021698951721
1.7764682611932004e+18,3.97031569480896,0.26574069261550903,0.364208847284317,7.650572299957275,9.656758308410645,8.639254570007324,0.5604392290115356
1.7764682611942003e+18,5.939679145812988,0.364208847284317,0.3970315754413605,7.978799819946289,9.82087230682373,8.672077178955078,0.5604392290115356
1.7764682611952003e+18,10.534860610961914,0.5611451864242554,0.5611451864242554,7.289522647857666,9.952162742614746,8.737722396850586,0.6097021698951721
1.7764682611962004e+18,6.596133708953857,0.5939679145812988,0.5611451864242554,7.945976734161377,9.689580917358398,8.639254570007324,0.5932812094688416
1.7764682611972004e+18,5.611452102661133,0.49549975991249084,0.5283224582672119,7.749040603637695,9.755227088928223,8.704899787902832,0.6261231899261475
1.7764682611982003e+18,4.954997539520264,0.42985430359840393,0.4626770317554474,7.552104473114014,9.919340133666992,8.737722396850586,0.6261231899261475
1.7764682611992005e+18,5.611452102661133,0.4626770317554474,0.49549975991249084,7.6177496910095215,9.755227088928223,8.704899787902832,0.5604392290115356
1.7764682612002004e+18,5.283224582672119,0.3970315754413605,0.4626770317554474,7.584927082061768,9.886517524719238,8.77054500579834,0.6261231899261475
1.7764682612012004e+18,6.267906188964844,0.5283224582672119,0.4626770317554474,8.07726764678955,9.886517524719238,8.77054500579834,0.6097021698951721
1.7764682612022006e+18,6.267906188964844,0.4626770317554474,0.4626770317554474,7.650572299957275,9.361353874206543,8.5736083984375,0.5275972485542297
1.7764682612032005e+18,4.2985429763793945,0.49549975991249084,0.49549975991249084,7.913154125213623,9.689580917358398,8.639254570007324,0.5604392290115356
1.7764682612042004e+18,11.51954174041748,0.6924360990524292,0.5283224582672119,7.716217994689941,9.42699909210205,8.507963180541992,0.4619133174419403
1.7764682612052006e+18,3.6420886516571045,0.4626770317554474,0.5283224582672119,8.07726764678955,10.116276741027832,8.77054500579834,0.5275972485542297
1.7764682612062006e+18,4.62677001953125,0.3970315754413605,0.49549975991249084,7.289522647857666,9.755227088928223,8.704899787902832,0.5275972485542297
1.7764682612072005e+18,2.3291797637939453,0.26574069261550903,0.42985430359840393,7.650572299957275,9.82087230682373,8.803367614746094,0.5604392290115356
1.7764682612082007e+18,2.9856340885162354,0.23291797935962677,0.33138614892959595,7.781863212585449,9.689580917358398,8.737722396850586,0.5932812094688416
1.7764682612092006e+18,4.62677001953125,0.26574069261550903,0.26574069261550903,7.42081356048584,9.492645263671875,8.606431007385254,0.5440182685852051
1.7764682612102006e+18,5.939679145812988,0.33138614892959595,0.26574069261550903,7.716217994689941,9.886517524719238,8.704899787902832,0.5604392290115356
1.7764682612112008e+18,5.611452102661133,0.3970315754413605,0.364208847284317,7.978799819946289,9.82087230682373,8.77054500579834,0.6097021698951721
1.7764682612122007e+18,12.175995826721191,0.6924360990524292,0.5283224582672119,7.913154125213623,9.886517524719238,8.803367614746094,0.6261231899261475
1.7764682612132006e+18,6.596133708953857,0.5939679145812988,0.6267906427383423,7.781863212585449,9.722403526306152,8.737722396850586,0.5604392290115356
1.7764682612142008e+18,6.924360752105713,0.5283224582672119,0.5939679145812988,7.486458778381348,9.82087230682373,8.77054500579834,0.6261231899261475
1.7764682612152008e+18,6.267906188964844,0.49549975991249084,0.5939679145812988,7.978799819946289,9.9849853515625,8.96748161315918,0.7082281112670898
1.7764682612162007e+18,5.611452102661133,0.4626770317554474,0.5611451864242554,7.519281387329102,9.62393569946289,8.672077178955078,0.6589651703834534
1.776468261217201e+18,4.954997539520264,0.42985430359840393,0.49549975991249084,7.552104473114014,9.525467872619629,8.606431007385254,0.5440182685852051
1.7764682612182008e+18,7.252587795257568,0.5283224582672119,0.5611451864242554,7.781863212585449,9.722403526306152,8.704899787902832,0.5604392290115356
1.7764682612192008e+18,4.954997539520264,0.3970315754413605,0.49549975991249084,7.32234525680542,9.62393569946289,8.606431007385254,0.5604392290115356
1.776468261220201e+18,3.97031569480896,0.3970315754413605,0.4626770317554474,7.519281387329102,9.62393569946289,8.5736083984375,0.5440182685852051
1.776468261221201e+18,9.221951484680176,0.5611451864242554,0.5611451864242554,7.584927082061768,9.558290481567383,8.540785789489746,0.4619133174419403
1.7764682612222008e+18,3.97031569480896,0.5283224582672119,0.5283224582672119,7.486458778381348,9.755227088928223,8.639254570007324,0.4619133174419403
1.776468261223201e+18,3.6420886516571045,0.3970315754413605,0.49549975991249084,7.749040603637695,9.9849853515625,8.803367614746094,0.5440182685852051
1.776468261224201e+18,4.2985429763793945,0.364208847284317,0.3970315754413605,7.945976734161377,9.689580917358398,8.737722396850586,0.6261231899261475
1.776468261225201e+18,11.191314697265625,0.6267906427383423,0.5283224582672119,7.847508907318115,9.755227088928223,8.704899787902832,0.6097021698951721
1.776468261226201e+18,3.97031569480896,0.4626770317554474,0.49549975991249084,7.519281387329102,9.722403526306152,8.672077178955078,0.6097021698951721
