time_chanNI9205_3,PT_H2_03,PT_LO2_03,PT_LO2_04,PT_TI_01,PT_GG_01,PT_FU_04,Accel_AI
1.7764683566001748e+18,6.596133708953857,0.5283224582672119,0.5611451864242554,7.6833953857421875,9.853694915771484,8.77054500579834,0.6097021698951721
1.7764683566011748e+18,5.611452102661133,0.49549975991249084,0.5283224582672119,7.880331516265869,9.722403526306152,8.704899787902832,0.5440182685852051
1.776468356602175e+18,4.2985429763793945,0.364208847284317,0.4626770317554474,8.405494689941406,9.755227088928223,8.639254570007324,0.5440182685852051
1.776468356603175e+18,4.954997539520264,0.33138614892959595,0.42985430359840393,7.650572299957275,9.164417266845703,8.376672744750977,0.37980836629867554
1.776468356604175e+18,3.6420886516571045,0.2985634207725525,0.364208847284317,7.781863212585449,9.886517524719238,8.639254570007324,0.3962293565273285
1.7764683566051753e+18,10.206632614135742,0.5939679145812988,0.4626770317554474,7.6833953857421875,9.919340133666992,8.737722396850586,0.47833430767059326
1.7764683566061752e+18,3.31386137008667,0.364208847284317,0.42985430359840393,7.552104473114014,9.82087230682373,8.737722396850586,0.5275972485542297
1.7764683566071754e+18,3.97031569480896,0.33138614892959595,0.364208847284317,7.913154125213623,9.853694915771484,8.77054500579834,0.5932812094688416
1.7764683566081754e+18,10.206632614135742,0.5939679145812988,0.4626770317554474,7.749040603637695,9.919340133666992,8.836190223693848,0.6097021698951721
1.7764683566091756e+18,4.62677001953125,0.42985430359840393,0.5283224582672119,8.044445037841797,9.656758308410645,8.704899787902832,0.6261231899261475
1.7764683566101755e+18,4.62677001953125,0.42985430359840393,0.42985430359840393,7.945976734161377,9.656758308410645,8.639254570007324,0.5932812094688416
1.7764683566111757e+18,9.550178527832031,0.6267906427383423,0.5283224582672119,7.552104473114014,9.886517524719238,8.704899787902832,0.642544150352478
1.776468356612176e+18,5.611452102661133,0.5283224582672119,0.5283224582672119,7.486458778381348,9.525467872619629,8.5736083984375,0.5604392290115356
1.7764683566131758e+18,5.283224582672119,0.49549975991249084,0.5283224582672119,7.519281387329102,9.62393569946289,8.606431007385254,0.4947552978992462
1.776468356614176e+18,5.283224582672119,0.4626770317554474,0.5939679145812988,7.781863212585449,9.62393569946289,8.639254570007324,0.4619133174419403
1.776468356615176e+18,5.611452102661133,0.42985430359840393,0.5283224582672119,7.978799819946289,10.116276741027832,8.836190223693848,0.5604392290115356
1.776468356616176e+18,6.267906188964844,0.5283224582672119,0.4626770317554474,7.453636169433594,9.82087230682373,8.803367614746094,0.6589651703834534
1.7764683566171763e+18,5.939679145812988,0.49549975991249084,0.5283224582672119,7.945976734161377,9.755227088928223,8.704899787902832,0.6097021698951721
1.7764683566181763e+18,5.283224582672119,0.4626770317554474,0.5283224582672119,7.913154125213623,9.459821701049805,8.5736083984375,0.5275972485542297
1.7764683566191764e+18,5.611452102661133,0.4626770317554474,0.5283224582672119,7.781863212585449,9.361353874206543,8.442317962646484,0.3633873760700226
1.7764683566201764e+18,3.97031569480896,0.364208847284317,0.4626770317554474,7.814685821533203,9.788049697875977,8.5736083984375,0.37980836629867554
1.7764683566211766e+18,4.62677001953125,0.33138614892959595,0.42985430359840393,8.175736427307129,10.214744567871094,8.869012832641602,0.5604392290115356
1.7764683566221765e+18,10.206632614135742,0.5939679145812988,0.5283224582672119,7.42081356048584,9.62393569946289,8.737722396850586,0.5111762881278992
1.7764683566231767e+18,2.0009524822235107,0.33138614892959595,0.42985430359840393,7.650572299957275,9.755227088928223,8.77054500579834,0.5440182685852051
1.776468356624177e+18,4.2985429763793945,0.364208847284317,0.364208847284317,7.716217994689941,9.525467872619629,8.639254570007324,0.5440182685852051
1.7764683566251768e+18,3.97031569480896,0.23291797935962677,0.33138614892959595,7.584927082061768,9.82087230682373,8.704899787902832,0.5932812094688416
1.776468356626177e+18,5.283224582672119,0.364208847284317,0.33138614892959595,7.453636169433594,9.952162742614746,8.77054500579834,0.6589651703834534
1.776468356627177e+18,5.283224582672119,0.33138614892959595,0.364208847284317,7.552104473114014,9.689580917358398,8.704899787902832,0.6261231899261475
1.7764683566281772e+18,6.596133708953857,0.4626770317554474,0.42985430359840393,7.355167865753174,9.853694915771484,8.836190223693848,0.6918071508407593
1.7764683566291773e+18,5.939679145812988,0.42985430359840393,0.4626770317554474,8.011622428894043,9.886517524719238,8.803367614746094,0.6589651703834534
1.7764683566301773e+18,5.283224582672119,0.4626770317554474,0.5283224582672119,8.07726764678955,9.755227088928223,8.737722396850586,0.6918071508407593
1.7764683566311775e+18,5.611452102661133,0.42985430359840393,0.42985430359840393,7.716217994689941,9.82087230682373,8.737722396850586,0.6589651703834534
1.7764683566321774e+18,8.565496444702148,0.5611451864242554,0.5283224582672119,7.519281387329102,10.18192195892334,8.96748161315918,0.7903330326080322
1.7764683566331776e+18,5.283224582672119,0.5283224582672119,0.5283224582672119,7.650572299957275,10.18192195892334,9.000304222106934,0.856016993522644
1.7764683566341775e+18,5.283224582672119,0.5283224582672119,0.49549975991249084,7.814685821533203,9.656758308410645,8.803367614746094,0.7410700917243958
1.7764683566351777e+18,3.6420886516571045,0.3970315754413605,0.4626770317554474,7.716217994689941,9.164417266845703,8.507963180541992,0.5275972485542297
1.776468356636178e+18,4.954997539520264,0.3970315754413605,0.42985430359840393,7.749040603637695,10.18192195892334,8.836190223693848,0.6097021698951721
1.7764683566371779e+18,3.97031569480896,0.33138614892959595,0.364208847284317,7.749040603637695,9.492645263671875,8.606431007385254,0.5440182685852051
1.776468356638178e+18,3.97031569480896,0.26574069261550903,0.2985634207725525,7.913154125213623,9.394176483154297,8.507963180541992,0.4947552978992462
1.776468356639178e+18,4.2985429763793945,0.33138614892959595,0.33138614892959595,7.814685821533203,9.722403526306152,8.639254570007324,0.5275972485542297
1.7764683566401782e+18,3.6420886516571045,0.26574069261550903,0.2985634207725525,7.847508907318115,9.9849853515625,8.737722396850586,0.5604392290115356
1.7764683566411784e+18,4.2985429763793945,0.2985634207725525,0.2985634207725525,7.814685821533203,9.853694915771484,8.77054500579834,0.6261231899261475
1.7764683566421783e+18,3.97031569480896,0.2985634207725525,0.2985634207725525,7.453636169433594,9.558290481567383,8.5736083984375,0.5604392290115356
1.7764683566431785e+18,10.534860610961914,0.5283224582672119,0.5283224582672119,7.650572299957275,9.656758308410645,8.5736083984375,0.5275972485542297
1.7764683566441784e+18,4.954997539520264,0.49549975991249084,0.4626770317554474,7.716217994689941,9.525467872619629,8.507963180541992,0.4619133174419403
1.7764683566451786e+18,5.283224582672119,0.4626770317554474,0.5283224582672119,7.289522647857666,9.82087230682373,8.704899787902832,0.5275972485542297
1.7764683566461786e+18,6.596133708953857,0.5283224582672119,0.5283224582672119,7.945976734161377,10.18192195892334,8.869012832641602,0.6589651703834534
1.7764683566471788e+18,4.62677001953125,0.4626770317554474,0.4626770317554474,7.256699562072754,9.9849853515625,8.96748161315918,0.7082281112670898
1.776468356648179e+18,6.596133708953857,0.49549975991249084,0.5283224582672119,7.6833953857421875,9.82087230682373,8.836190223693848,0.7246491312980652
1.776468356649179e+18,4.954997539520264,0.42985430359840393,0.42985430359840393,8.044445037841797,9.82087230682373,8.77054500579834,0.7246491312980652
1.776468356650179e+18,5.611452102661133,0.42985430359840393,0.42985430359840393,7.256699562072754,9.755227088928223,8.737722396850586,0.6753861308097839
1.776468356651179e+18,4.954997539520264,0.42985430359840393,0.4626770317554474,7.913154125213623,9.295708656311035,8.540785789489746,0.5932812094688416
1.7764683566521792e+18,4.62677001953125,0.33138614892959595,0.4626770317554474,7.32234525680542,9.525467872619629,8.540785789489746,0.4619133174419403
1.7764683566531794e+18,3.6420886516571045,0.33138614892959595,0.3970315754413605,7.978799819946289,9.656758308410645,8.5736083984375,0.41265034675598145
1.7764683566541793e+18,3.31386137008667,0.26574069261550903,0.2985634207725525,7.978799819946289,9.492645263671875,8.507963180541992,0.3633873760700226
1.7764683566551795e+18,9.550178527832031,0.49549975991249084,0.3970315754413605,7.781863212585449,9.722403526306152,8.5736083984375,0.41265034675598145
1.7764683566561795e+18,4.2985429763793945,0.364208847284317,0.42985430359840393,7.584927082061768,9.591113090515137,8.5736083984375,0.3962293565273285
1.7764683566571796e+18,5.611452102661133,0.3970315754413605,0.42985430359840393,7.6833953857421875,9.394176483154297,8.507963180541992,0.37980836629867554
1.7764683566581796e+18,5.611452102661133,0.3970315754413605,0.3970315754413605,7.781863212585449,9.755227088928223,8.5736083984375,0.44549232721328735
1.7764683566591798e+18,6.267906188964844,0.42985430359840393,0.42985430359840393,8.07726764678955,10.214744567871094,8.836190223693848,0.6097021698951721
1.77646835666018e+18,5.611452102661133,0.42985430359840393,0.4626770317554474,7.913154125213623,9.262886047363281,8.442317962646484,0.47833430767059326
1.77646835666118e+18,5.939679145812988,0.42985430359840393,0.49549975991249084,7.945976734161377,9.755227088928223,8.672077178955078,0.5275972485542297
1.77646835666218e+18,5.611452102661133,0.4626770317554474,0.49549975991249084,7.584927082061768,9.591113090515137,8.606431007385254,0.5111762881278992
1.77646835666318e+18,5.611452102661133,0.49549975991249084,0.5283224582672119,8.208559036254883,9.197240829467773,8.442317962646484,0.4290713369846344
1.7764683566641802e+18,5.939679145812988,0.4626770317554474,0.5283224582672119,7.814685821533203,9.689580917358398,8.507963180541992,0.3962293565273285
1.7764683566651802e+18,4.2985429763793945,0.42985430359840393,0.4626770317554474,7.584927082061768,9.755227088928223,8.704899787902832,0.4619133174419403
1.7764683566661804e+18,4.2985429763793945,0.3970315754413605,0.364208847284317,7.584927082061768,9.9849853515625,8.704899787902832,0.5111762881278992
1.7764683566671805e+18,4.2985429763793945,0.42985430359840393,0.33138614892959595,7.978799819946289,9.656758308410645,8.672077178955078,0.5111762881278992
1.7764683566681805e+18,3.6420886516571045,0.23291797935962677,0.33138614892959595,7.716217994689941,9.788049697875977,8.704899787902832,0.5440182685852051
1.7764683566691807e+18,4.62677001953125,0.26574069261550903,0.2985634207725525,7.945976734161377,9.755227088928223,8.704899787902832,0.5604392290115356
1.7764683566701809e+18,3.6420886516571045,0.2985634207725525,0.33138614892959595,7.781863212585449,9.62393569946289,8.672077178955078,0.5440182685852051
1.7764683566711805e+18,5.283224582672119,0.2985634207725525,0.2985634207725525,7.453636169433594,9.788049697875977,8.672077178955078,0.5111762881278992
1.7764683566721805e+18,5.611452102661133,0.364208847284317,0.3970315754413605,7.519281387329102,9.788049697875977,8.737722396850586,0.5440182685852051
1.7764683566731804e+18,4.954997539520264,0.42985430359840393,0.26574069261550903,8.142912864685059,9.459821701049805,8.639254570007324,0.5440182685852051
1.7764683566741804e+18,4.2985429763793945,0.2985634207725525,0.33138614892959595,8.044445037841797,9.098772048950195,8.311026573181152,0.3633873760700226
1.7764683566751803e+18,6.267906188964844,0.3970315754413605,0.33138614892959595,7.945976734161377,9.755227088928223,8.475140571594238,0.3141244351863861
1.7764683566761802e+18,6.267906188964844,0.49549975991249084,0.4626770317554474,7.289522647857666,9.328531265258789,8.343849182128906,0.3305453956127167
1.7764683566771802e+18,5.939679145812988,0.3970315754413605,0.4626770317554474,7.814685821533203,9.492645263671875,8.442317962646484,0.2812824547290802
1.77646835667818e+18,4.954997539520264,0.42985430359840393,0.4626770317554474,7.945976734161377,9.689580917358398,8.475140571594238,0.3962293565273285
1.77646835667918e+18,5.611452102661133,0.49549975991249084,0.4626770317554474,7.814685821533203,9.886517524719238,8.672077178955078,0.3962293565273285
1.77646835668018e+18,4.2985429763793945,0.3970315754413605,0.4626770317554474,8.208559036254883,9.459821701049805,8.5736083984375,0.41265034675598145
1.77646835668118e+18,4.2985429763793945,0.33138614892959595,0.4626770317554474,7.650572299957275,9.62393569946289,8.5736083984375,0.41265034675598145
1.7764683566821798e+18,4.2985429763793945,0.364208847284317,0.4626770317554474,7.978799819946289,9.689580917358398,8.639254570007324,0.47833430767059326
1.7764683566831795e+18,13.160677909851074,0.6924360990524292,0.5611451864242554,7.814685821533203,9.755227088928223,8.672077178955078,0.5111762881278992
1.7764683566841795e+18,3.97031569480896,0.5283224582672119,0.5283224582672119,7.913154125213623,9.492645263671875,8.475140571594238,0.41265034675598145
1.7764683566851794e+18,2.65740704536438,0.33138614892959595,0.4626770317554474,7.32234525680542,9.755227088928223,8.672077178955078,0.4619133174419403
1.7764683566861793e+18,6.596133708953857,0.4626770317554474,0.3970315754413605,8.011622428894043,9.42699909210205,8.475140571594238,0.37980836629867554
1.7764683566871793e+18,3.97031569480896,0.26574069261550903,0.33138614892959595,7.781863212585449,9.952162742614746,8.704899787902832,0.44549232721328735
1.7764683566881792e+18,5.611452102661133,0.364208847284317,0.364208847284317,7.355167865753174,9.525467872619629,8.606431007385254,0.4290713369846344
1.7764683566891791e+18,6.596133708953857,0.4626770317554474,0.3970315754413605,7.716217994689941,9.755227088928223,8.606431007385254,0.4290713369846344
1.776468356690179e+18,5.611452102661133,0.4626770317554474,0.3970315754413605,7.552104473114014,9.394176483154297,8.475140571594238,0.3962293565273285
1.776468356691179e+18,6.596133708953857,0.42985430359840393,0.4626770317554474,7.814685821533203,9.230063438415527,8.343849182128906,0.26486146450042725
1.776468356692179e+18,5.283224582672119,0.4626770317554474,0.49549975991249084,7.650572299957275,9.788049697875977,8.507963180541992,0.3141244351863861
1.776468356693179e+18,5.939679145812988,0.4626770317554474,0.42985430359840393,7.749040603637695,9.492645263671875,8.442317962646484,0.3305453956127167
1.7764683566941788e+18,4.954997539520264,0.42985430359840393,0.49549975991249084,7.814685821533203,9.558290481567383,8.475140571594238,0.34696638584136963
1.7764683566951788e+18,5.283224582672119,0.49549975991249084,0.42985430359840393,7.6833953857421875,9.755227088928223,8.606431007385254,0.37980836629867554
1.7764683566961784e+18,4.2985429763793945,0.4626770317554474,0.4626770317554474,7.6177496910095215,9.459821701049805,8.507963180541992,0.3633873760700226
1.7764683566971784e+18,4.62677001953125,0.33138614892959595,0.4626770317554474,7.6833953857421875,9.591113090515137,8.507963180541992,0.41265034675598145
1.7764683566981783e+18,3.6420886516571045,0.26574069261550903,0.3970315754413605,7.6177496910095215,9.9849853515625,8.77054500579834,0.47833430767059326
1.7764683566991782e+18,3.6420886516571045,0.26574069261550903,0.2985634207725525,7.650572299957275,9.689580917358398,8.704899787902832,0.5275972485542297
1.7764683567001782e+18,7.252587795257568,0.42985430359840393,0.3970315754413605,7.059763431549072,9.558290481567383,8.540785789489746,0.5111762881278992
1.776468356701178e+18,4.62677001953125,0.364208847284317,0.3970315754413605,7.42081356048584,9.656758308410645,8.5736083984375,0.47833430767059326
1.776468356702178e+18,4.2985429763793945,0.364208847284317,0.42985430359840393,8.307026863098145,9.952162742614746,8.77054500579834,0.5275972485542297
1.776468356703178e+18,4.2985429763793945,0.2985634207725525,0.33138614892959595,7.716217994689941,9.42699909210205,8.540785789489746,0.41265034675598145
1.776468356704178e+18,5.611452102661133,0.33138614892959595,0.33138614892959595,7.781863212585449,9.755227088928223,8.704899787902832,0.44549232721328735
1.7764683567051779e+18,13.160677909851074,0.7252588272094727,0.5283224582672119,7.749040603637695,9.9849853515625,8.803367614746094,0.5275972485542297
1.7764683567061778e+18,5.611452102661133,0.5939679145812988,0.5611451864242554,7.6177496910095215,9.42699909210205,8.606431007385254,0.47833430767059326
1.7764683567071777e+18,6.267906188964844,0.5611451864242554,0.5283224582672119,7.716217994689941,9.656758308410645,8.639254570007324,0.4947552978992462
1.7764683567081777e+18,6.267906188964844,0.5283224582672119,0.5611451864242554,8.044445037841797,9.82087230682373,8.672077178955078,0.5440182685852051
1.7764683567091773e+18,5.939679145812988,0.5611451864242554,0.5611451864242554,8.044445037841797,9.230063438415527,8.442317962646484,0.41265034675598145
1.7764683567101773e+18,5.611452102661133,0.4626770317554474,0.5283224582672119,8.175736427307129,9.722403526306152,8.5736083984375,0.4290713369846344
1.7764683567111772e+18,12.832450866699219,0.8237269520759583,0.7252588272094727,7.978799819946289,10.050631523132324,8.803367614746094,0.5604392290115356
1.7764683567121772e+18,4.62677001953125,0.5939679145812988,0.6596133708953857,7.32234525680542,10.18192195892334,8.901835441589355,0.7082281112670898
1.776468356713177e+18,3.97031569480896,0.4626770317554474,0.5939679145812988,7.814685821533203,9.558290481567383,8.704899787902832,0.642544150352478
1.776468356714177e+18,4.954997539520264,0.42985430359840393,0.5611451864242554,8.011622428894043,9.689580917358398,8.704899787902832,0.6097021698951721
1.776468356715177e+18,4.2985429763793945,0.3970315754413605,0.49549975991249084,7.650572299957275,9.164417266845703,8.311026573181152,0.41265034675598145
1.776468356716177e+18,4.2985429763793945,0.33138614892959595,0.49549975991249084,7.847508907318115,9.394176483154297,8.376672744750977,0.3633873760700226
1.7764683567171768e+18,3.97031569480896,0.2985634207725525,0.33138614892959595,7.584927082061768,9.525467872619629,8.442317962646484,0.3141244351863861
1.7764683567181768e+18,4.954997539520264,0.3970315754413605,0.3970315754413605,7.749040603637695,9.42699909210205,8.40949535369873,0.2812824547290802
1.7764683567191767e+18,6.596133708953857,0.4626770317554474,0.3970315754413605,7.650572299957275,9.722403526306152,8.507963180541992,0.3962293565273285
1.7764683567201766e+18,5.939679145812988,0.3970315754413605,0.3970315754413605,7.552104473114014,9.62393569946289,8.540785789489746,0.37980836629867554
1.7764683567211766e+18,5.611452102661133,0.3970315754413605,0.4626770317554474,7.552104473114014,9.62393569946289,8.5736083984375,0.3962293565273285
1.7764683567221763e+18,8.565496444702148,0.6267906427383423,0.49549975991249084,7.256699562072754,9.755227088928223,8.704899787902832,0.41265034675598145
1.7764683567231762e+18,5.283224582672119,0.4626770317554474,0.5283224582672119,7.256699562072754,9.492645263671875,8.5736083984375,0.4290713369846344
1.7764683567241761e+18,9.550178527832031,0.6267906427383423,0.5283224582672119,8.175736427307129,9.755227088928223,8.606431007385254,0.44549232721328735
1.776468356725176e+18,3.97031569480896,0.42985430359840393,0.5939679145812988,7.584927082061768,9.82087230682373,8.639254570007324,0.47833430767059326
1.776468356726176e+18,6.267906188964844,0.49549975991249084,0.5611451864242554,7.6833953857421875,9.722403526306152,8.672077178955078,0.5275972485542297
1.776468356727176e+18,5.283224582672119,0.42985430359840393,0.49549975991249084,7.814685821533203,9.62393569946289,8.606431007385254,0.5275972485542297
1.7764683567281759e+18,3.6420886516571045,0.33138614892959595,0.4626770317554474,7.486458778381348,9.919340133666992,8.704899787902832,0.5604392290115356
1.7764683567291758e+18,4.2985429763793945,0.3970315754413605,0.3970315754413605,7.387990474700928,9.722403526306152,8.672077178955078,0.576860249042511
1.7764683567301757e+18,2.9856340885162354,0.33138614892959595,0.364208847284317,7.650572299957275,9.591113090515137,8.5736083984375,0.5604392290115356
1.7764683567311757e+18,3.31386137008667,0.33138614892959595,0.33138614892959595,7.42081356048584,9.492645263671875,8.507963180541992,0.5275972485542297
1.7764683567321756e+18,2.9856340885162354,0.2000952512025833,0.26574069261550903,7.6833953857421875,9.82087230682373,8.639254570007324,0.4947552978992462
1.7764683567331756e+18,11.847768783569336,0.5611451864242554,0.42985430359840393,7.519281387329102,9.62393569946289,8.5736083984375,0.47833430767059326
1.7764683567341755e+18,3.97031569480896,0.42985430359840393,0.364208847284317,7.749040603637695,9.919340133666992,8.77054500579834,0.5111762881278992
1.7764683567351752e+18,3.97031569480896,0.42985430359840393,0.3970315754413605,7.880331516265869,10.01780891418457,8.836190223693848,0.576860249042511
1.776468356736175e+18,4.62677001953125,0.364208847284317,0.3970315754413605,8.503963470458984,9.853694915771484,8.803367614746094,0.642544150352478
1.776468356737175e+18,6.924360752105713,0.49549975991249084,0.42985430359840393,7.650572299957275,9.295708656311035,8.5736083984375,0.47833430767059326
1.776468356738175e+18,3.97031569480896,0.3970315754413605,0.364208847284317,7.781863212585449,9.689580917358398,8.639254570007324,0.4619133174419403
1.776468356739175e+18,8.565496444702148,0.4626770317554474,0.3970315754413605,8.011622428894043,9.62393569946289,8.672077178955078,0.5111762881278992
1.7764683567401748e+18,6.267906188964844,0.4626770317554474,0.42985430359840393,8.241381645202637,9.361353874206543,8.475140571594238,0.4290713369846344
1.7764683567411748e+18,6.267906188964844,0.4626770317554474,0.4626770317554474,7.519281387329102,9.853694915771484,8.639254570007324,0.44549232721328735
1.7764683567421747e+18,9.550178527832031,0.6924360990524292,0.6267906427383423,7.913154125213623,9.82087230682373,8.737722396850586,0.5604392290115356
1.7764683567431747e+18,8.89372444152832,0.7580814957618713,0.6924360990524292,7.781863212585449,9.492645263671875,8.606431007385254,0.5111762881278992
1.7764683567441746e+18,4.2985429763793945,0.5283224582672119,0.6267906427383423,7.847508907318115,9.689580917358398,8.606431007385254,0.47833430767059326
1.7764683567451745e+18,2.65740704536438,0.364208847284317,0.5611451864242554,8.241381645202637,9.82087230682373,8.639254570007324,0.5275972485542297
1.7764683567461745e+18,3.31386137008667,0.364208847284317,0.42985430359840393,7.42081356048584,9.492645263671875,8.606431007385254,0.576860249042511
1.7764683567471741e+18,11.191314697265625,0.6596133708953857,0.5611451864242554,7.847508907318115,9.886517524719238,8.704899787902832,0.5275972485542297
1.776468356748174e+18,3.6420886516571045,0.4626770317554474,0.42985430359840393,8.07726764678955,9.689580917358398,8.704899787902832,0.5440182685852051
1.776468356749174e+18,3.6420886516571045,0.33138614892959595,0.3970315754413605,7.913154125213623,9.853694915771484,8.77054500579834,0.576860249042511
1.776468356750174e+18,5.939679145812988,0.3970315754413605,0.364208847284317,7.749040603637695,9.82087230682373,8.704899787902832,0.5932812094688416
1.776468356751174e+18,6.267906188964844,0.4626770317554474,0.42985430359840393,8.07726764678955,9.853694915771484,8.737722396850586,0.5932812094688416
1.7764683567521738e+18,4.954997539520264,0.3970315754413605,0.3970315754413605,7.978799819946289,9.755227088928223,8.77054500579834,0.576860249042511
1.7764683567531738e+18,13.48890495300293,0.7252588272094727,0.6267906427383423,7.519281387329102,9.492645263671875,8.540785789489746,0.4947552978992462
1.7764683567541737e+18,4.954997539520264,0.5611451864242554,0.5611451864242554,7.584927082061768,10.01780891418457,8.77054500579834,0.5111762881278992
1.7764683567551736e+18,5.939679145812988,0.5283224582672119,0.5611451864242554,8.372672080993652,10.050631523132324,8.869012832641602,0.5932812094688416
1.7764683567561736e+18,9.878405570983887,0.7252588272094727,0.5939679145812988,7.650572299957275,9.394176483154297,8.606431007385254,0.5604392290115356
1.7764683567571735e+18,4.62677001953125,0.5283224582672119,0.5283224582672119,7.584927082061768,9.722403526306152,8.606431007385254,0.5275972485542297
1.7764683567581734e+18,3.6420886516571045,0.4626770317554474,0.4626770317554474,7.716217994689941,9.62393569946289,8.639254570007324,0.4619133174419403
1.7764683567591734e+18,4.954997539520264,0.3970315754413605,0.49549975991249084,8.241381645202637,9.919340133666992,8.803367614746094,0.5440182685852051
1.776468356760173e+18,3.6420886516571045,0.33138614892959595,0.364208847284317,8.175736427307129,9.755227088928223,8.704899787902832,0.6097021698951721
1.776468356761173e+18,4.62677001953125,0.364208847284317,0.364208847284317,7.913154125213623,9.394176483154297,8.540785789489746,0.576860249042511
1.776468356762173e+18,2.65740704536438,0.2985634207725525,0.364208847284317,7.519281387329102,9.62393569946289,8.606431007385254,0.4947552978992462
1.7764683567631729e+18,3.31386137008667,0.23291797935962677,0.364208847284317,7.6833953857421875,9.788049697875977,8.606431007385254,0.47833430767059326
1.7764683567641728e+18,4.2985429763793945,0.26574069261550903,0.2985634207725525,7.650572299957275,9.82087230682373,8.737722396850586,0.5275972485542297
1.7764683567651727e+18,12.175995826721191,0.6924360990524292,0.4626770317554474,7.650572299957275,10.050631523132324,8.803367614746094,0.6753861308097839
1.7764683567661727e+18,4.62677001953125,0.5611451864242554,0.49549975991249084,7.814685821533203,9.394176483154297,8.5736083984375,0.5932812094688416
1.7764683567671726e+18,6.596133708953857,0.4626770317554474,0.5283224582672119,8.208559036254883,9.853694915771484,8.704899787902832,0.576860249042511
1.7764683567681725e+18,5.283224582672119,0.42985430359840393,0.42985430359840393,7.650572299957275,9.394176483154297,8.540785789489746,0.44549232721328735
1.7764683567691725e+18,13.48890495300293,0.7909042239189148,0.6267906427383423,7.6833953857421875,9.394176483154297,8.475140571594238,0.3962293565273285
1.7764683567701724e+18,5.611452102661133,0.7252588272094727,0.6596133708953857,7.913154125213623,9.82087230682373,8.639254570007324,0.4619133174419403
1.7764683567711724e+18,5.283224582672119,0.5611451864242554,0.49549975991249084,7.486458778381348,9.853694915771484,8.704899787902832,0.5275972485542297
1.7764683567721723e+18,5.611452102661133,0.4626770317554474,0.5283224582672119,8.07726764678955,9.919340133666992,8.836190223693848,0.576860249042511
1.7764683567731722e+18,4.954997539520264,0.4626770317554474,0.49549975991249084,7.453636169433594,9.492645263671875,8.606431007385254,0.4947552978992462
1.7764683567741724e+18,4.62677001953125,0.364208847284317,0.42985430359840393,7.781863212585449,9.591113090515137,8.639254570007324,0.47833430767059326
1.7764683567751724e+18,4.62677001953125,0.3970315754413605,0.42985430359840393,7.913154125213623,9.656758308410645,8.639254570007324,0.47833430767059326
1.7764683567761723e+18,2.65740704536438,0.23291797935962677,0.3970315754413605,7.781863212585449,9.558290481567383,8.5736083984375,0.4947552978992462
1.7764683567771722e+18,3.6420886516571045,0.33138614892959595,0.33138614892959595,8.07726764678955,9.656758308410645,8.5736083984375,0.5111762881278992
1.7764683567781722e+18,6.924360752105713,0.3970315754413605,0.3970315754413605,7.913154125213623,10.01780891418457,8.77054500579834,0.5604392290115356
1.776468356779172e+18,3.6420886516571045,0.364208847284317,0.3970315754413605,8.044445037841797,9.952162742614746,8.836190223693848,0.6261231899261475
1.776468356780172e+18,3.97031569480896,0.26574069261550903,0.42985430359840393,8.175736427307129,9.82087230682373,8.77054500579834,0.6261231899261475
1.776468356781172e+18,5.611452102661133,0.364208847284317,0.3970315754413605,8.110090255737305,9.62393569946289,8.704899787902832,0.5932812094688416
1.776468356782172e+18,7.252587795257568,0.49549975991249084,0.364208847284317,7.716217994689941,9.13159465789795,8.376672744750977,0.44549232721328735
1.7764683567831718e+18,5.283224582672119,0.42985430359840393,0.42985430359840393,7.978799819946289,9.62393569946289,8.540785789489746,0.4290713369846344
1.776468356784172e+18,5.939679145812988,0.4626770317554474,0.4626770317554474,7.847508907318115,9.591113090515137,8.507963180541992,0.41265034675598145
1.776468356785172e+18,4.2985429763793945,0.3970315754413605,0.42985430359840393,8.044445037841797,9.886517524719238,8.639254570007324,0.4619133174419403
1.776468356786172e+18,5.939679145812988,0.3970315754413605,0.364208847284317,8.044445037841797,9.82087230682373,8.704899787902832,0.47833430767059326
1.7764683567871718e+18,7.252587795257568,0.5283224582672119,0.42985430359840393,7.847508907318115,9.492645263671875,8.5736083984375,0.47833430767059326
1.7764683567881718e+18,4.62677001953125,0.364208847284317,0.4626770317554474,7.913154125213623,9.82087230682373,8.704899787902832,0.47833430767059326
1.7764683567891717e+18,11.847768783569336,0.7252588272094727,0.5283224582672119,7.453636169433594,9.62393569946289,8.606431007385254,0.5111762881278992
1.7764683567901716e+18,4.954997539520264,0.5611451864242554,0.6267906427383423,7.913154125213623,9.788049697875977,8.672077178955078,0.5275972485542297
1.7764683567911716e+18,4.954997539520264,0.49549975991249084,0.5283224582672119,7.847508907318115,9.689580917358398,8.639254570007324,0.5440182685852051
1.7764683567921715e+18,2.9856340885162354,0.364208847284317,0.5283224582672119,8.142912864685059,9.591113090515137,8.639254570007324,0.4947552978992462
1.7764683567931717e+18,4.2985429763793945,0.2985634207725525,0.49549975991249084,8.175736427307129,9.394176483154297,8.475140571594238,0.4290713369846344
1.7764683567941716e+18,2.65740704536438,0.2000952512025833,0.33138614892959595,7.749040603637695,9.62393569946289,8.540785789489746,0.4619133174419403
1.7764683567951716e+18,7.580815315246582,0.42985430359840393,0.4626770317554474,7.749040603637695,10.313213348388672,8.836190223693848,0.6261231899261475
1.7764683567961715e+18,4.62677001953125,0.3970315754413605,0.42985430359840393,7.978799819946289,9.788049697875977,8.836190223693848,0.6918071508407593
1.7764683567971715e+18,4.2985429763793945,0.33138614892959595,0.42985430359840393,7.552104473114014,9.689580917358398,8.639254570007324,0.5932812094688416
1.7764683567981714e+18,4.62677001953125,0.364208847284317,0.3970315754413605,7.814685821533203,9.492645263671875,8.5736083984375,0.5111762881278992
1.7764683567991713e+18,6.267906188964844,0.42985430359840393,0.4626770317554474,7.650572299957275,9.755227088928223,8.606431007385254,0.4947552978992462
1.7764683568001713e+18,5.611452102661133,0.3970315754413605,0.42985430359840393,7.6177496910095215,9.689580917358398,8.639254570007324,0.4947552978992462
1.7764683568011712e+18,5.283224582672119,0.3970315754413605,0.4626770317554474,7.880331516265869,9.755227088928223,8.77054500579834,0.5604392290115356
1.7764683568021714e+18,7.9090423583984375,0.5611451864242554,0.4626770317554474,8.175736427307129,9.82087230682373,8.836190223693848,0.6097021698951721
1.7764683568031713e+18,4.62677001953125,0.5283224582672119,0.4626770317554474,7.945976734161377,9.689580917358398,8.77054500579834,0.576860249042511
1.7764683568041713e+18,5.283224582672119,0.42985430359840393,0.4626770317554474,7.716217994689941,9.722403526306152,8.672077178955078,0.5111762881278992
1.7764683568051712e+18,4.62677001953125,0.364208847284317,0.3970315754413605,7.781863212585449,10.214744567871094,8.901835441589355,0.642544150352478
1.7764683568061711e+18,4.62677001953125,0.364208847284317,0.3970315754413605,7.519281387329102,9.098772048950195,8.507963180541992,0.5111762881278992
1.776468356807171e+18,2.9856340885162354,0.26574069261550903,0.364208847284317,7.945976734161377,9.722403526306152,8.5736083984375,0.5111762881278992
1.776468356808171e+18,4.2985429763793945,0.2985634207725525,0.364208847284317,7.650572299957275,9.42699909210205,8.507963180541992,0.47833430767059326
1.776468356809171e+18,2.65740704536438,0.26574069261550903,0.2985634207725525,7.6833953857421875,9.492645263671875,8.507963180541992,0.4290713369846344
1.776468356810171e+18,3.31386137008667,0.2000952512025833,0.2985634207725525,7.978799819946289,9.591113090515137,8.540785789489746,0.3962293565273285
1.776468356811171e+18,7.580815315246582,0.364208847284317,0.364208847284317,7.781863212585449,9.591113090515137,8.507963180541992,0.44549232721328735
1.776468356812171e+18,20.381677627563477,1.1191314458847046,0.6924360990524292,8.63525390625,9.788049697875977,8.704899787902832,0.4947552978992462
1.776468356813171e+18,38.1059455871582,2.3335721492767334,1.5130040645599365,9.948163032531738,9.361353874206543,8.507963180541992,0.5275972485542297
1.776468356814171e+18,53.8608512878418,3.7777719497680664,2.530508518218994,12.015995025634766,9.722403526306152,8.639254570007324,0.47833430767059326
1.7764683568151708e+18,66.33348846435547,5.057857990264893,3.7121264934539795,14.379230499267578,9.788049697875977,8.737722396850586,0.5275972485542297
1.7764683568161708e+18,77.16498565673828,6.239476203918457,4.893744468688965,18.54771614074707,9.558290481567383,8.704899787902832,0.5275972485542297
1.7764683568171707e+18,87.01180267333984,7.486739635467529,6.108185291290283,24.061933517456055,9.755227088928223,8.737722396850586,0.576860249042511
1.7764683568181706e+18,97.18684387207031,8.537066459655762,7.224157810211182,28.1319522857666,9.558290481567383,8.737722396850586,0.5275972485542297
1.7764683568191706e+18,105.06430053710938,9.48892593383789,8.24166202545166,33.84310531616211,9.788049697875977,8.869012832641602,0.6261231899261475
1.7764683568201708e+18,116.2240219116211,10.506429672241211,9.226344108581543,38.700870513916016,9.262886047363281,8.606431007385254,0.5932812094688416
1.7764683568211707e+18,122.13211059570312,11.359820365905762,10.145380020141602,42.83653259277344,10.01780891418457,8.901835441589355,0.6753861308097839
1.7764683568221706e+18,131.9789276123047,12.213211059570312,11.031593322753906,47.8912353515625,9.656758308410645,8.901835441589355,0.7574911117553711
1.7764683568231706e+18,135.5894317626953,12.836843490600586,11.81933879852295,51.96125411987305,8.869012832641602,8.442317962646484,0.4619133174419403
1.7764683568241705e+18,140.51283264160156,13.329183578491211,12.47579288482666,55.7686882019043,9.42699909210205,8.442317962646484,0.44549232721328735
1.7764683568251704e+18,148.0620574951172,14.051283836364746,13.165070533752441,59.4448356628418,9.164417266845703,8.40949535369873,0.3962293565273285
1.7764683568261704e+18,150.35964965820312,14.44515609741211,13.755879402160645,63.482032775878906,9.492645263671875,8.507963180541992,0.4290713369846344
1.7764683568271703e+18,155.28306579589844,15.003142356872559,14.28104305267334,66.89559936523438,9.525467872619629,8.5736083984375,0.4290713369846344
1.7764683568281702e+18,164.80165100097656,15.659597396850586,14.93749713897705,69.81681823730469,9.394176483154297,8.540785789489746,0.4619133174419403
1.7764683568291704e+18,165.7863311767578,16.053470611572266,15.429838180541992,72.86933135986328,9.722403526306152,8.672077178955078,0.4947552978992462
1.7764683568301704e+18,167.0992431640625,16.28322982788086,15.85653305053711,75.95467376708984,9.525467872619629,8.606431007385254,0.4947552978992462
1.7764683568311703e+18,163.1605224609375,16.25040626525879,16.020647048950195,79.36823272705078,9.689580917358398,8.704899787902832,0.4947552978992462
1.7764683568321702e+18,169.72506713867188,16.51298713684082,16.25040626525879,81.04219818115234,9.394176483154297,8.5736083984375,0.47833430767059326
1.7764683568331702e+18,170.05328369140625,16.709924697875977,16.414520263671875,83.37261199951172,9.000304222106934,8.376672744750977,0.3305453956127167
1.77646835683417e+18,167.0992431640625,16.677101135253906,16.480165481567383,85.53890991210938,8.672077178955078,8.081267356872559,0.08423059433698654
1.77646835683517e+18,173.66378784179688,16.93968391418457,16.742746353149414,86.58924102783203,8.96748161315918,8.048444747924805,0.01854664459824562
1.77646835683617e+18,172.67910766601562,17.070974349975586,16.808391571044922,88.78836059570312,8.704899787902832,7.917154312133789,-0.0471373051404953
1.77646835683717e+18,170.05328369140625,16.972505569458008,16.841215133666992,89.57611083984375,9.13159465789795,8.048444747924805,-0.07997927814722061
1.77646835683817e+18,172.3508758544922,17.103796005249023,16.93968391418457,90.8890151977539,9.000304222106934,8.114090919494629,-0.09640026837587357
1.77646835683917e+18,171.0379638671875,16.972505569458008,16.93968391418457,90.8890151977539,9.295708656311035,8.245381355285645,-0.030716318637132645
1.77646835684017e+18,169.72506713867188,16.972505569458008,16.9068603515625,90.98748779296875,9.262886047363281,8.245381355285645,0.01854664459824562
1.77646835684117e+18,173.66378784179688,17.070974349975586,16.972505569458008,91.87370300292969,8.934659004211426,8.114090919494629,-0.01429533027112484
1.7764683568421699e+18,172.3508758544922,17.070974349975586,17.005329132080078,93.0553207397461,9.262886047363281,8.179736137390137,0.01854664459824562
1.7764683568431698e+18,171.36619567871094,16.972505569458008,17.038150787353516,92.13628387451172,9.361353874206543,8.21255874633789,0.08423059433698654
1.7764683568441697e+18,179.9001007080078,17.399202346801758,17.2022647857666,93.21943664550781,9.098772048950195,8.114090919494629,0.08423059433698654
1.7764683568451697e+18,170.3815155029297,17.103796005249023,17.169443130493164,93.18660736083984,9.328531265258789,8.146913528442383,0.1006515845656395
1.7764683568461696e+18,174.97669982910156,17.2022647857666,17.2022647857666,92.92402648925781,9.033126831054688,8.01562213897705,0.002125656930729747
1.7764683568471695e+18,171.69442749023438,17.103796005249023,17.2022647857666,93.64612579345703,9.262886047363281,8.179736137390137,0.002125656930729747
1.7764683568481697e+18,171.0379638671875,17.005329132080078,17.103796005249023,93.94153594970703,9.42699909210205,8.21255874633789,0.06780960410833359
1.7764683568491697e+18,174.3202362060547,17.103796005249023,17.136619567871094,93.1537857055664,9.230063438415527,8.245381355285645,0.1006515845656395
1.7764683568501696e+18,172.02264404296875,17.136619567871094,17.038150787353516,93.84306335449219,8.737722396850586,7.982799530029297,-0.030716318637132645
1.7764683568511695e+18,173.00733947753906,17.070974349975586,17.103796005249023,93.64612579345703,9.328531265258789,8.179736137390137,-0.030716318637132645
1.7764683568521695e+18,173.9920196533203,17.103796005249023,17.136619567871094,94.10564422607422,8.96748161315918,8.048444747924805,-0.0471373051404953
1.7764683568531694e+18,169.72506713867188,17.005329132080078,17.070974349975586,94.4666976928711,9.033126831054688,8.048444747924805,-0.06355829536914825
1.7764683568541693e+18,173.66378784179688,17.136619567871094,17.070974349975586,94.53234100341797,9.033126831054688,8.048444747924805,-0.06355829536914825
1.7764683568551693e+18,170.70974731445312,16.9068603515625,17.005329132080078,93.28507995605469,9.328531265258789,8.21255874633789,-0.06355829536914825
1.7764683568561692e+18,171.36619567871094,16.93968391418457,17.038150787353516,93.678955078125,9.065949440002441,8.114090919494629,-0.030716318637132645
1.7764683568571694e+18,174.64846801757812,17.103796005249023,17.038150787353516,93.71177673339844,9.394176483154297,8.245381355285645,0.01854664459824562
1.7764683568581693e+18,171.36619567871094,17.038150787353516,17.103796005249023,94.26976013183594,9.164417266845703,8.21255874633789,0.01854664459824562
1.7764683568591693e+18,170.3815155029297,16.93968391418457,17.038150787353516,94.20411682128906,9.065949440002441,8.114090919494629,0.01854664459824562
1.7764683568601692e+18,172.3508758544922,16.972505569458008,17.070974349975586,94.4666976928711,9.394176483154297,8.278203964233398,0.1334935575723648
1.7764683568611692e+18,178.25897216796875,17.30073356628418,17.2022647857666,94.59799194335938,9.492645263671875,8.311026573181152,0.14991454780101776
1.776468356862169e+18,172.3508758544922,17.136619567871094,17.235088348388672,94.5651626586914,9.459821701049805,8.442317962646484,0.21559849381446838
1.776468356863169e+18,172.02264404296875,17.136619567871094,17.2022647857666,95.0246810913086,9.525467872619629,8.40949535369873,0.3305453956127167
1.776468356864169e+18,181.8694610595703,17.62895965576172,17.432024002075195,94.76210021972656,9.230063438415527,8.311026573181152,0.23201948404312134
1.776468356865169e+18,173.00733947753906,17.333555221557617,17.366378784179688,96.04219055175781,9.197240829467773,8.278203964233398,0.19917750358581543
1.776468356866169e+18,173.66378784179688,17.26791000366211,17.366378784179688,95.18879699707031,9.230063438415527,8.21255874633789,0.1334935575723648
1.776468356867169e+18,181.2130126953125,17.59613800048828,17.497669219970703,95.28726959228516,9.197240829467773,8.245381355285645,0.1006515845656395
1.776468356868169e+18,173.9920196533203,17.464847564697266,17.464847564697266,95.94371795654297,9.262886047363281,8.245381355285645,0.06780960410833359
1.776468356869169e+18,173.9920196533203,17.333555221557617,17.432024002075195,95.74678802490234,8.96748161315918,8.146913528442383,0.01854664459824562
1.7764683568701688e+18,181.2130126953125,17.530492782592773,17.497669219970703,95.25444030761719,9.13159465789795,8.114090919494629,-0.01429533027112484
1.7764683568711688e+18,172.67910766601562,17.366378784179688,17.464847564697266,95.77960968017578,9.065949440002441,8.146913528442383,-0.07997927814722061
1.776468356872169e+18,173.9920196533203,17.26791000366211,17.333555221557617,95.58267211914062,9.230063438415527,8.21255874633789,-0.06355829536914825
1.776468356873169e+18,179.57188415527344,17.530492782592773,17.432024002075195,96.37041473388672,9.230063438415527,8.21255874633789,0.034967631101608276
1.7764683568741688e+18,173.66378784179688,17.333555221557617,17.432024002075195,96.37041473388672,8.606431007385254,7.917154312133789,-0.11282125860452652
1.7764683568751688e+18,173.9920196533203,17.26791000366211,17.366378784179688,95.94371795654297,8.934659004211426,7.949976921081543,-0.14566323161125183
1.776468356876169e+18,175.30491638183594,17.30073356628418,17.366378784179688,96.69864654541016,8.77054500579834,7.818686008453369,-0.21134717762470245
1.776468356877169e+18,174.97669982910156,17.26791000366211,17.366378784179688,97.42074584960938,8.803367614746094,7.851508617401123,-0.2770311236381531
1.7764683568781688e+18,174.97669982910156,17.30073356628418,17.333555221557617,96.96122741699219,8.77054500579834,7.753040790557861,-0.32629409432411194
1.7764683568791688e+18,174.64846801757812,17.333555221557617,17.333555221557617,97.51921081542969,8.934659004211426,7.785863399505615,-0.29345211386680603
1.776468356880169e+18,177.2742919921875,17.464847564697266,17.464847564697266,97.94590759277344,9.361353874206543,8.114090919494629,-0.16208422183990479
1.776468356881169e+18,176.28961181640625,17.432024002075195,17.464847564697266,98.20848846435547,9.230063438415527,8.114090919494629,-0.06355829536914825
1.7764683568821688e+18,175.30491638183594,17.399202346801758,17.399202346801758,98.63518524169922,9.394176483154297,8.278203964233398,0.08423059433698654
1.7764683568831688e+18,176.61782836914062,17.399202346801758,17.399202346801758,98.30696105957031,9.098772048950195,8.146913528442383,-0.01429533027112484
1.776468356884169e+18,176.61782836914062,17.432024002075195,17.497669219970703,98.5367202758789,9.000304222106934,8.048444747924805,0.002125656930729747
1.776468356885169e+18,174.97669982910156,17.366378784179688,17.464847564697266,99.25881958007812,9.065949440002441,8.048444747924805,-0.06355829536914825
1.7764683568861688e+18,177.9307403564453,17.497669219970703,17.464847564697266,99.39010620117188,8.606431007385254,7.851508617401123,-0.21134717762470245
1.7764683568871688e+18,176.28961181640625,17.432024002075195,17.432024002075195,99.12752532958984,8.96748161315918,7.917154312133789,-0.24418915808200836
1.776468356888169e+18,173.33555603027344,17.30073356628418,17.399202346801758,99.39010620117188,8.803367614746094,7.785863399505615,-0.35913607478141785
1.776468356889169e+18,176.61782836914062,17.432024002075195,17.366378784179688,99.75115966796875,8.803367614746094,7.818686008453369,-0.35913607478141785
1.7764683568901688e+18,172.67910766601562,17.235088348388672,17.333555221557617,100.44043731689453,9.262886047363281,8.048444747924805,-0.21134717762470245
1.7764683568911688e+18,173.33555603027344,17.2022647857666,17.26791000366211,99.78398132324219,9.000304222106934,7.982799530029297,-0.2606101334095001
1.776468356892169e+18,175.63314819335938,17.30073356628418,17.235088348388672,100.4076156616211,8.869012832641602,7.917154312133789,-0.2606101334095001
1.776468356893169e+18,180.22833251953125,17.59613800048828,17.432024002075195,100.34197235107422,9.230063438415527,8.179736137390137,-0.11282125860452652
1.7764683568941688e+18,177.2742919921875,17.56331443786621,17.530492782592773,100.86713409423828,9.230063438415527,8.179736137390137,-0.01429533027112484
1.776468356895169e+18,176.94606018066406,17.497669219970703,17.56331443786621,100.47325897216797,8.96748161315918,8.048444747924805,-0.030716318637132645
1.776468356896169e+18,184.4952850341797,17.858718872070312,17.727428436279297,100.67019653320312,9.262886047363281,8.146913528442383,-0.030716318637132645
1.776468356897169e+18,179.57188415527344,17.858718872070312,17.793073654174805,101.52359008789062,8.869012832641602,7.982799530029297,-0.07997927814722061
1.7764683568981688e+18,175.9613800048828,17.69460678100586,17.727428436279297,102.3769760131836,9.328531265258789,8.179736137390137,-0.030716318637132645
1.776468356899169e+18,178.91542053222656,17.760251998901367,17.727428436279297,101.9174575805664,9.13159465789795,8.146913528442383,-0.0471373051404953
1.776468356900169e+18,179.9001007080078,17.760251998901367,17.727428436279297,102.47544860839844,9.262886047363281,8.179736137390137,-0.01429533027112484
1.776468356901169e+18,177.60250854492188,17.66178321838379,17.69460678100586,102.08157348632812,9.525467872619629,8.311026573181152,0.11707256734371185
1.7764683569021688e+18,179.9001007080078,17.727428436279297,17.793073654174805,102.63956451416016,8.704899787902832,8.01562213897705,-0.01429533027112484
1.776468356903169e+18,175.9613800048828,17.56331443786621,17.69460678100586,102.70520782470703,8.934659004211426,7.982799530029297,-0.14566323161125183
1.776468356904169e+18,176.94606018066406,17.56331443786621,17.66178321838379,102.6723861694336,9.328531265258789,8.114090919494629,-0.09640026837587357
1.776468356905169e+18,175.30491638183594,17.464847564697266,17.59613800048828,103.19754791259766,9.755227088928223,8.475140571594238,0.08423059433698654
1.7764683569061688e+18,176.61782836914062,17.464847564697266,17.530492782592773,103.29601287841797,9.065949440002441,8.21255874633789,0.05138861760497093
1.776468356907169e+18,175.30491638183594,17.432024002075195,17.432024002075195,102.60673522949219,9.197240829467773,8.179736137390137,0.05138861760497093
1.776468356908169e+18,177.2742919921875,17.530492782592773,17.530492782592773,103.39448547363281,9.164417266845703,8.179736137390137,0.034967631101608276
1.776468356909169e+18,176.94606018066406,17.464847564697266,17.530492782592773,102.83649444580078,9.295708656311035,8.179736137390137,0.08423059433698654
1.7764683569101688e+18,174.97669982910156,17.399202346801758,17.464847564697266,102.40980529785156,9.230063438415527,8.179736137390137,0.05138861760497093
1.776468356911169e+18,176.61782836914062,17.464847564697266,17.59613800048828,103.78836059570312,9.262886047363281,8.245381355285645,0.1006515845656395
1.776468356912169e+18,178.58718872070312,17.59613800048828,17.56331443786621,103.91964721679688,9.295708656311035,8.245381355285645,0.08423059433698654
1.776468356913169e+18,175.9613800048828,17.464847564697266,17.530492782592773,103.68988800048828,9.033126831054688,8.146913528442383,0.06780960410833359
1.776468356914169e+18,179.9001007080078,17.62895965576172,17.59613800048828,104.0837631225586,9.262886047363281,8.146913528442383,0.05138861760497093
1.776468356915169e+18,178.25897216796875,17.62895965576172,17.59613800048828,103.75553131103516,9.13159465789795,8.146913528442383,0.05138861760497093
1.776468356916169e+18,184.16705322265625,17.92436408996582,17.760251998901367,103.42730712890625,8.96748161315918,8.01562213897705,-0.0471373051404953
1.776468356917169e+18,178.91542053222656,17.825897216796875,17.858718872070312,104.6417465209961,9.098772048950195,8.21255874633789,0.002125656930729747
1.776468356918169e+18,178.91542053222656,17.760251998901367,17.825897216796875,104.34634399414062,9.164417266845703,8.114090919494629,0.002125656930729747
1.776468356919169e+18,175.9613800048828,17.59613800048828,17.793073654174805,103.88682556152344,9.065949440002441,8.01562213897705,-0.07997927814722061
1.776468356920169e+18,184.4952850341797,17.858718872070312,17.858718872070312,103.75553131103516,9.230063438415527,8.081267356872559,-0.01429533027112484
1.776468356921169e+18,176.94606018066406,17.760251998901367,17.760251998901367,104.80586242675781,9.558290481567383,8.376672744750977,0.08423059433698654
1.776468356922169e+18,174.64846801757812,17.56331443786621,17.727428436279297,105.95465850830078,9.328531265258789,8.343849182128906,0.06780960410833359
1.776468356923169e+18,176.61782836914062,17.530492782592773,17.62895965576172,105.265380859375,9.197240829467773,8.21255874633789,0.11707256734371185
1.776468356924169e+18,182.19769287109375,17.760251998901367,17.727428436279297,104.4776382446289,9.230063438415527,8.179736137390137,0.034967631101608276
1.776468356925169e+18,173.33555603027344,17.464847564697266,17.59613800048828,104.51045989990234,9.13159465789795,8.21255874633789,0.05138861760497093
1.776468356926169e+18,184.82351684570312,17.825897216796875,17.727428436279297,104.24787902832031,9.230063438415527,8.146913528442383,0.1006515845656395
1.776468356927169e+18,176.94606018066406,17.69460678100586,17.727428436279297,104.51045989990234,9.098772048950195,8.114090919494629,0.06780960410833359
1.776468356928169e+18,179.9001007080078,17.727428436279297,17.727428436279297,104.05094146728516,9.098772048950195,8.048444747924805,0.06780960410833359
1.776468356929169e+18,178.91542053222656,17.760251998901367,17.793073654174805,104.7073974609375,8.704899787902832,7.917154312133789,-0.030716318637132645
1.776468356930169e+18,181.2130126953125,17.825897216796875,17.825897216796875,104.80586242675781,9.328531265258789,8.081267356872559,-0.01429533027112484
1.776468356931169e+18,176.61782836914062,17.69460678100586,17.760251998901367,105.265380859375,9.000304222106934,8.048444747924805,-0.0471373051404953
1.776468356932169e+18,187.12110900878906,18.121301651000977,17.95718765258789,104.57610321044922,9.328531265258789,8.179736137390137,-0.01429533027112484
1.776468356933169e+18,178.58718872070312,17.858718872070312,17.95718765258789,104.57610321044922,8.96748161315918,8.081267356872559,-0.0471373051404953
1.776468356934169e+18,177.2742919921875,17.727428436279297,17.825897216796875,105.19973754882812,9.361353874206543,8.21255874633789,0.01854664459824562
1.776468356935169e+18,175.9613800048828,17.59613800048828,17.69460678100586,105.46231842041016,9.033126831054688,8.081267356872559,-0.030716318637132645
1.776468356936169e+18,180.22833251953125,17.69460678100586,17.727428436279297,105.39667510986328,8.934659004211426,8.01562213897705,-0.06355829536914825
1.7764683569371692e+18,179.24365234375,17.727428436279297,17.760251998901367,105.92183685302734,9.230063438415527,8.048444747924805,-0.09640026837587357
1.776468356938169e+18,183.83883666992188,17.92436408996582,17.825897216796875,105.265380859375,8.836190223693848,7.982799530029297,-0.12924224138259888
1.776468356939169e+18,176.94606018066406,17.760251998901367,17.825897216796875,105.19973754882812,9.164417266845703,8.081267356872559,-0.14566323161125183
1.776468356940169e+18,176.61782836914062,17.62895965576172,17.793073654174805,106.21723937988281,8.77054500579834,7.917154312133789,-0.2277681678533554
1.7764683569411692e+18,174.64846801757812,17.464847564697266,17.59613800048828,105.65925598144531,9.13159465789795,8.01562213897705,-0.17850521206855774
1.776468356942169e+18,175.9613800048828,17.464847564697266,17.530492782592773,105.56078338623047,9.361353874206543,8.179736137390137,-0.11282125860452652
1.776468356943169e+18,175.30491638183594,17.399202346801758,17.530492782592773,105.42949676513672,9.000304222106934,8.081267356872559,-0.11282125860452652
1.776468356944169e+18,181.2130126953125,17.66178321838379,17.62895965576172,105.75772094726562,9.098772048950195,8.048444747924805,-0.07997927814722061
1.7764683569451692e+18,176.61782836914062,17.59613800048828,17.66178321838379,105.79054260253906,9.295708656311035,8.146913528442383,-0.01429533027112484
1.776468356946169e+18,177.9307403564453,17.62895965576172,17.66178321838379,105.42949676513672,9.328531265258789,8.21255874633789,0.06780960410833359
1.776468356947169e+18,182.19769287109375,17.793073654174805,17.760251998901367,104.96997833251953,9.033126831054688,8.146913528442383,0.06780960410833359
1.776468356948169e+18,175.9613800048828,17.59613800048828,17.66178321838379,105.33102416992188,9.000304222106934,8.048444747924805,-0.01429533027112484
1.7764683569491692e+18,179.57188415527344,17.66178321838379,17.760251998901367,105.06844329833984,9.13159465789795,8.081267356872559,-0.01429533027112484
1.776468356950169e+18,180.22833251953125,17.69460678100586,17.793073654174805,105.59361267089844,9.230063438415527,8.114090919494629,-0.030716318637132645
1.776468356951169e+18,174.97669982910156,17.59613800048828,17.69460678100586,105.13408660888672,9.262886047363281,8.146913528442383,-0.0471373051404953
1.776468356952169e+18,177.9307403564453,17.56331443786621,17.66178321838379,105.265380859375,9.098772048950195,8.081267356872559,-0.06355829536914825
1.7764683569531692e+18,183.182373046875,17.760251998901367,17.760251998901367,105.62643432617188,8.606431007385254,7.818686008453369,-0.2770311236381531
1.776468356954169e+18,176.28961181640625,17.59613800048828,17.69460678100586,105.265380859375,9.295708656311035,8.048444747924805,-0.14566323161125183
1.776468356955169e+18,176.61782836914062,17.530492782592773,17.62895965576172,105.13408660888672,9.098772048950195,8.048444747924805,-0.16208422183990479
1.7764683569561692e+18,177.60250854492188,17.66178321838379,17.66178321838379,105.56078338623047,8.77054500579834,7.884331703186035,-0.1949261873960495
1.7764683569571692e+18,175.9613800048828,17.530492782592773,17.56331443786621,105.72489929199219,9.919340133666992,8.376672744750977,0.01854664459824562
1.776468356958169e+18,174.64846801757812,17.464847564697266,17.56331443786621,105.10126495361328,8.606431007385254,7.917154312133789,-0.11282125860452652
1.776468356959169e+18,178.25897216796875,17.56331443786621,17.59613800048828,105.265380859375,9.230063438415527,8.048444747924805,-0.030716318637132645
1.7764683569601692e+18,179.9001007080078,17.727428436279297,17.62895965576172,105.69207763671875,9.42699909210205,8.278203964233398,0.034967631101608276
1.7764683569611692e+18,182.19769287109375,17.891542434692383,17.793073654174805,105.65925598144531,9.13159465789795,8.179736137390137,0.06780960410833359
1.776468356962169e+18,176.94606018066406,17.69460678100586,17.760251998901367,105.56078338623047,9.230063438415527,8.21255874633789,0.06780960410833359
1.776468356963169e+18,178.91542053222656,17.69460678100586,17.760251998901367,105.19973754882812,8.96748161315918,8.081267356872559,0.01854664459824562
1.7764683569641692e+18,185.1517333984375,17.99001121520996,17.92436408996582,105.265380859375,9.065949440002441,8.081267356872559,-0.01429533027112484
1.7764683569651692e+18,177.2742919921875,17.793073654174805,17.891542434692383,105.92183685302734,9.525467872619629,8.311026573181152,0.1006515845656395
1.776468356966169e+18,176.61782836914062,17.66178321838379,17.858718872070312,105.8890151977539,9.361353874206543,8.245381355285645,0.11707256734371185
1.776468356967169e+18,178.25897216796875,17.69460678100586,17.727428436279297,105.62643432617188,9.164417266845703,8.146913528442383,0.08423059433698654
1.7764683569681692e+18,177.9307403564453,17.62895965576172,17.760251998901367,105.56078338623047,9.065949440002441,8.146913528442383,-0.06355829536914825
1.7764683569691692e+18,176.94606018066406,17.59613800048828,17.66178321838379,105.23255920410156,9.000304222106934,8.01562213897705,-0.11282125860452652
1.776468356970169e+18,178.91542053222656,17.59613800048828,17.59613800048828,105.23255920410156,9.591113090515137,8.278203964233398,0.002125656930729747
1.7764683569711693e+18,182.85415649414062,17.891542434692383,17.760251998901367,105.69207763671875,9.262886047363281,8.278203964233398,0.08423059433698654
1.7764683569721692e+18,176.61782836914062,17.69460678100586,17.793073654174805,105.72489929199219,9.13159465789795,8.21255874633789,0.01854664459824562
1.7764683569731692e+18,173.9920196533203,17.432024002075195,17.59613800048828,106.4469985961914,8.934659004211426,8.081267356872559,-0.030716318637132645
1.7764683569741693e+18,174.97669982910156,17.464847564697266,17.530492782592773,105.82337188720703,9.098772048950195,8.01562213897705,-0.06355829536914825
1.7764683569751693e+18,177.2742919921875,17.464847564697266,17.530492782592773,106.15159606933594,9.033126831054688,8.048444747924805,-0.0471373051404953
1.7764683569761692e+18,175.9613800048828,17.399202346801758,17.497669219970703,105.92183685302734,9.164417266845703,8.179736137390137,-0.030716318637132645
1.7764683569771694e+18,177.2742919921875,17.530492782592773,17.59613800048828,105.8890151977539,9.000304222106934,8.081267356872559,-0.06355829536914825
1.7764683569781693e+18,177.9307403564453,17.56331443786621,17.56331443786621,105.85619354248047,9.000304222106934,8.01562213897705,-0.09640026837587357
1.7764683569791693e+18,181.8694610595703,17.760251998901367,17.66178321838379,105.69207763671875,8.803367614746094,7.884331703186035,-0.11282125860452652
1.7764683569801695e+18,180.88478088378906,17.793073654174805,17.793073654174805,106.51264953613281,9.13159465789795,8.048444747924805,-0.09640026837587357
1.7764683569811694e+18,177.2742919921875,17.69460678100586,17.793073654174805,106.28289031982422,9.098772048950195,8.114090919494629,-0.07997927814722061
1.7764683569821693e+18,175.9613800048828,17.56331443786621,17.727428436279297,105.8890151977539,9.197240829467773,8.146913528442383,-0.0471373051404953
1.7764683569831695e+18,180.5565643310547,17.66178321838379,17.727428436279297,105.69207763671875,9.492645263671875,8.278203964233398,0.1006515845656395
1.7764683569841695e+18,176.94606018066406,17.56331443786621,17.66178321838379,105.56078338623047,9.164417266845703,8.179736137390137,0.01854664459824562
1.7764683569851694e+18,179.57188415527344,17.66178321838379,17.760251998901367,105.92183685302734,9.492645263671875,8.278203964233398,0.05138861760497093
1.7764683569861696e+18,177.2742919921875,17.59613800048828,17.69460678100586,105.75772094726562,9.295708656311035,8.278203964233398,0.05138861760497093
1.7764683569871695e+18,177.2742919921875,17.56331443786621,17.62895965576172,105.52796173095703,9.558290481567383,8.442317962646484,0.1334935575723648
1.7764683569881695e+18,181.8694610595703,17.760251998901367,17.69460678100586,105.8890151977539,8.96748161315918,8.21255874633789,0.05138861760497093
1.7764683569891697e+18,177.60250854492188,17.727428436279297,17.69460678100586,105.8890151977539,9.230063438415527,8.21255874633789,0.05138861760497093
1.7764683569901696e+18,175.30491638183594,17.497669219970703,17.59613800048828,105.52796173095703,9.394176483154297,8.311026573181152,0.06780960410833359
1.7764683569911695e+18,176.94606018066406,17.530492782592773,17.59613800048828,106.25006103515625,9.164417266845703,8.21255874633789,0.08423059433698654
1.7764683569921697e+18,176.61782836914062,17.497669219970703,17.59613800048828,105.75772094726562,8.934659004211426,8.01562213897705,0.01854664459824562
1.7764683569931697e+18,176.61782836914062,17.464847564697266,17.497669219970703,105.59361267089844,8.934659004211426,7.949976921081543,-0.0471373051404953
1.7764683569941696e+18,179.57188415527344,17.59613800048828,17.66178321838379,106.51264953613281,9.262886047363281,8.081267356872559,-0.01429533027112484
1.7764683569951698e+18,177.2742919921875,17.59613800048828,17.62895965576172,106.25006103515625,9.230063438415527,8.114090919494629,0.01854664459824562
1.7764683569961697e+18,177.9307403564453,17.59613800048828,17.62895965576172,105.56078338623047,9.328531265258789,8.146913528442383,0.06780960410833359
1.7764683569971697e+18,178.58718872070312,17.727428436279297,17.760251998901367,106.61111450195312,8.639254570007324,7.949976921081543,-0.11282125860452652
1.7764683569981699e+18,176.61782836914062,17.56331443786621,17.69460678100586,105.69207763671875,9.230063438415527,8.081267356872559,-0.07997927814722061
1.7764683569991698e+18,177.2742919921875,17.59613800048828,17.66178321838379,105.79054260253906,9.000304222106934,8.048444747924805,-0.07997927814722061
1.7764683570001697e+18,177.2742919921875,17.59613800048828,17.727428436279297,106.02030181884766,9.164417266845703,8.146913528442383,-0.06355829536914825
1.77646835700117e+18,177.2742919921875,17.56331443786621,17.66178321838379,104.9371566772461,9.492645263671875,8.311026573181152,0.08423059433698654
1.7764683570021699e+18,183.182373046875,17.92436408996582,17.825897216796875,106.7424087524414,8.803367614746094,7.949976921081543,-0.030716318637132645
1.7764683570031698e+18,176.94606018066406,17.62895965576172,17.727428436279297,106.21723937988281,8.836190223693848,7.982799530029297,-0.11282125860452652
1.77646835700417e+18,176.94606018066406,17.56331443786621,17.69460678100586,106.18441772460938,8.96748161315918,7.949976921081543,-0.21134717762470245
1.77646835700517e+18,182.5259246826172,17.825897216796875,17.760251998901367,106.1187744140625,9.328531265258789,8.114090919494629,-0.09640026837587357
1.7764683570061699e+18,175.63314819335938,17.62895965576172,17.66178321838379,105.19973754882812,9.230063438415527,8.146913528442383,-0.11282125860452652
1.77646835700717e+18,176.28961181640625,17.56331443786621,17.69460678100586,105.59361267089844,8.96748161315918,8.048444747924805,-0.09640026837587357
1.77646835700817e+18,173.00733947753906,17.432024002075195,17.62895965576172,106.02030181884766,9.065949440002441,8.048444747924805,-0.0471373051404953
1.77646835700917e+18,177.2742919921875,17.497669219970703,17.530492782592773,106.31571197509766,9.197240829467773,8.01562213897705,-0.11282125860452652
1.77646835701017e+18,176.94606018066406,17.497669219970703,17.59613800048828,106.05313110351562,8.672077178955078,7.917154312133789,-0.16208422183990479
1.77646835701117e+18,176.28961181640625,17.497669219970703,17.62895965576172,106.38135528564453,9.000304222106934,7.949976921081543,-0.12924224138259888
1.77646835701217e+18,180.5565643310547,17.69460678100586,17.727428436279297,106.61111450195312,9.033126831054688,7.917154312133789,-0.17850521206855774
1.7764683570131702e+18,179.24365234375,17.69460678100586,17.793073654174805,106.15159606933594,9.033126831054688,7.982799530029297,-0.11282125860452652
1.77646835701417e+18,175.63314819335938,17.59613800048828,17.66178321838379,105.62643432617188,8.77054500579834,7.917154312133789,-0.17850521206855774
1.77646835701517e+18,178.25897216796875,17.59613800048828,17.66178321838379,105.69207763671875,8.934659004211426,7.949976921081543,-0.12924224138259888
1.7764683570161702e+18,187.44932556152344,18.0228328704834,17.99001121520996,105.95465850830078,9.098772048950195,7.982799530029297,-0.14566323161125183
1.7764683570171702e+18,178.91542053222656,17.858718872070312,17.891542434692383,106.15159606933594,9.098772048950195,8.081267356872559,-0.12924224138259888
1.77646835701817e+18,175.9613800048828,17.62895965576172,17.793073654174805,105.42949676513672,9.065949440002441,8.081267356872559,-0.0471373051404953
1.7764683570191703e+18,178.58718872070312,17.66178321838379,17.69460678100586,104.9371566772461,9.262886047363281,8.114090919494629,-0.0471373051404953
1.7764683570201702e+18,176.61782836914062,17.59613800048828,17.66178321838379,105.56078338623047,9.000304222106934,8.081267356872559,-0.07997927814722061
1.7764683570211702e+18,176.94606018066406,17.530492782592773,17.59613800048828,105.59361267089844,8.77054500579834,7.949976921081543,-0.12924224138259888
1.7764683570221704e+18,175.30491638183594,17.497669219970703,17.59613800048828,106.7424087524414,9.591113090515137,8.311026573181152,-0.0471373051404953
1.7764683570231703e+18,175.63314819335938,17.399202346801758,17.59613800048828,105.72489929199219,9.164417266845703,8.21255874633789,0.002125656930729747
1.7764683570241702e+18,181.8694610595703,17.760251998901367,17.69460678100586,105.82337188720703,9.033126831054688,8.114090919494629,0.002125656930729747
1.7764683570251704e+18,172.67910766601562,17.497669219970703,17.62895965576172,106.47982025146484,8.96748161315918,7.982799530029297,-0.09640026837587357
1.7764683570261704e+18,176.28961181640625,17.432024002075195,17.530492782592773,106.1187744140625,9.000304222106934,8.01562213897705,-0.14566323161125183
1.7764683570271703e+18,177.60250854492188,17.464847564697266,17.530492782592773,105.46231842041016,8.901835441589355,7.949976921081543,-0.14566323161125183
1.7764683570281705e+18,179.57188415527344,17.59613800048828,17.66178321838379,106.28289031982422,9.42699909210205,8.146913528442383,-0.030716318637132645
1.7764683570291704e+18,176.61782836914062,17.56331443786621,17.62895965576172,105.79054260253906,9.13159465789795,8.146913528442383,0.002125656930729747
1.7764683570301704e+18,177.9307403564453,17.59613800048828,17.62895965576172,105.13408660888672,9.13159465789795,8.081267356872559,0.034967631101608276
1.7764683570311706e+18,175.30491638183594,17.464847564697266,17.59613800048828,105.95465850830078,8.901835441589355,8.01562213897705,-0.06355829536914825
1.7764683570321705e+18,178.91542053222656,17.59613800048828,17.62895965576172,105.72489929199219,9.033126831054688,8.01562213897705,-0.09640026837587357
1.7764683570331704e+18,178.25897216796875,17.59613800048828,17.62895965576172,105.23255920410156,9.098772048950195,8.081267356872559,-0.12924224138259888
1.7764683570341706e+18,182.85415649414062,17.891542434692383,17.825897216796875,106.54547119140625,9.230063438415527,8.146913528442383,-0.0471373051404953
1.7764683570351706e+18,178.25897216796875,17.727428436279297,17.793073654174805,106.15159606933594,9.065949440002441,8.114090919494629,-0.09640026837587357
1.7764683570361705e+18,182.19769287109375,17.891542434692383,17.891542434692383,106.21723937988281,8.606431007385254,7.851508617401123,-0.17850521206855774
1.7764683570371707e+18,174.64846801757812,17.62895965576172,17.727428436279297,106.28289031982422,9.295708656311035,8.081267356872559,-0.17850521206855774
1.7764683570381706e+18,177.60250854492188,17.56331443786621,17.66178321838379,106.25006103515625,8.639254570007324,7.818686008453369,-0.24418915808200836
1.7764683570391706e+18,175.63314819335938,17.497669219970703,17.59613800048828,106.18441772460938,9.164417266845703,8.048444747924805,-0.16208422183990479
1.7764683570401708e+18,177.2742919921875,17.464847564697266,17.62895965576172,106.54547119140625,9.558290481567383,8.278203964233398,-0.06355829536914825
1.7764683570411707e+18,175.9613800048828,17.497669219970703,17.62895965576172,106.18441772460938,8.737722396850586,8.048444747924805,-0.09640026837587357
1.7764683570421706e+18,175.9613800048828,17.432024002075195,17.530492782592773,106.38135528564453,9.361353874206543,8.146913528442383,-0.06355829536914825
1.7764683570431708e+18,176.94606018066406,17.432024002075195,17.56331443786621,106.02030181884766,9.033126831054688,8.081267356872559,-0.07997927814722061
1.7764683570441708e+18,177.2742919921875,17.530492782592773,17.62895965576172,106.18441772460938,9.098772048950195,8.081267356872559,-0.030716318637132645
1.7764683570451707e+18,177.9307403564453,17.497669219970703,17.62895965576172,105.8890151977539,8.96748161315918,8.01562213897705,-0.030716318637132645
1.776468357046171e+18,180.88478088378906,17.69460678100586,17.727428436279297,106.25006103515625,9.000304222106934,7.949976921081543,-0.12924224138259888
1.7764683570471708e+18,177.2742919921875,17.56331443786621,17.69460678100586,106.02030181884766,9.13159465789795,8.01562213897705,-0.12924224138259888
1.7764683570481708e+18,174.64846801757812,17.497669219970703,17.62895965576172,105.92183685302734,8.77054500579834,7.818686008453369,-0.17850521206855774
1.776468357049171e+18,182.85415649414062,17.825897216796875,17.760251998901367,105.72489929199219,8.376672744750977,7.6217498779296875,-0.309873104095459
1.776468357050171e+18,177.60250854492188,17.727428436279297,17.727428436279297,106.05313110351562,9.262886047363281,7.917154312133789,-0.2606101334095001
1.776468357051171e+18,176.28961181640625,17.62895965576172,17.727428436279297,106.61111450195312,9.525467872619629,8.21255874633789,-0.11282125860452652
1.776468357052171e+18,174.97669982910156,17.497669219970703,17.66178321838379,106.25006103515625,9.361353874206543,8.278203964233398,0.002125656930729747
1.776468357053171e+18,189.418701171875,18.05565643310547,17.858718872070312,105.95465850830078,9.164417266845703,8.179736137390137,0.06780960410833359
1.7764683570541711e+18,175.63314819335938,17.69460678100586,17.793073654174805,106.57829284667969,9.13159465789795,8.179736137390137,0.002125656930729747
1.776468357055171e+18,177.2742919921875,17.62895965576172,17.760251998901367,105.85619354248047,9.295708656311035,8.245381355285645,0.01854664459824562
1.776468357056171e+18,182.85415649414062,17.858718872070312,17.825897216796875,105.98748016357422,9.033126831054688,8.081267356872559,0.01854664459824562
1.7764683570571712e+18,173.33555603027344,17.530492782592773,17.62895965576172,105.8890151977539,8.803367614746094,7.949976921081543,-0.09640026837587357
1.7764683570581711e+18,175.63314819335938,17.464847564697266,17.59613800048828,106.18441772460938,9.328531265258789,8.146913528442383,-0.07997927814722061
1.776468357059171e+18,175.30491638183594,17.464847564697266,17.59613800048828,106.08595275878906,9.098772048950195,8.048444747924805,-0.07997927814722061
1.7764683570601713e+18,174.3202362060547,17.366378784179688,17.497669219970703,105.98748016357422,8.803367614746094,7.917154312133789,-0.11282125860452652
1.7764683570611712e+18,177.60250854492188,17.464847564697266,17.56331443786621,106.25006103515625,9.689580917358398,8.343849182128906,0.06780960410833359
1.7764683570621711e+18,176.61782836914062,17.530492782592773,17.59613800048828,105.52796173095703,8.639254570007324,7.949976921081543,-0.0471373051404953
1.7764683570631713e+18,177.2742919921875,17.530492782592773,17.56331443786621,106.1187744140625,8.901835441589355,7.949976921081543,-0.11282125860452652
1.7764683570641713e+18,183.182373046875,17.793073654174805,17.727428436279297,106.15159606933594,9.164417266845703,7.982799530029297,-0.07997927814722061
1.7764683570651712e+18,176.94606018066406,17.66178321838379,17.727428436279297,106.05313110351562,8.869012832641602,7.949976921081543,-0.14566323161125183
1.7764683570661714e+18,179.9001007080078,17.727428436279297,17.793073654174805,105.98748016357422,9.033126831054688,7.982799530029297,-0.21134717762470245
1.7764683570671713e+18,175.9613800048828,17.530492782592773,17.69460678100586,105.92183685302734,9.361353874206543,8.179736137390137,-0.07997927814722061
1.7764683570681713e+18,176.61782836914062,17.59613800048828,17.69460678100586,105.65925598144531,9.42699909210205,8.245381355285645,0.01854664459824562
1.7764683570691715e+18,176.61782836914062,17.59613800048828,17.66178321838379,106.38135528564453,9.295708656311035,8.278203964233398,0.06780960410833359
1.7764683570701714e+18,180.22833251953125,17.66178321838379,17.760251998901367,105.95465850830078,9.13159465789795,8.114090919494629,-0.01429533027112484
1.7764683570711713e+18,172.67910766601562,17.464847564697266,17.59613800048828,106.1187744140625,9.328531265258789,8.245381355285645,0.002125656930729747
1.7764683570721715e+18,175.30491638183594,17.432024002075195,17.497669219970703,106.64393615722656,8.934659004211426,8.179736137390137,-0.0471373051404953
1.7764683570731715e+18,176.28961181640625,17.432024002075195,17.464847564697266,105.265380859375,9.262886047363281,8.146913528442383,0.002125656930729747
1.7764683570741716e+18,173.00733947753906,17.333555221557617,17.464847564697266,105.79054260253906,9.164417266845703,8.146913528442383,-0.0471373051404953
1.7764683570751716e+18,175.30491638183594,17.333555221557617,17.399202346801758,105.8890151977539,9.295708656311035,8.146913528442383,-0.01429533027112484
1.7764683570761718e+18,177.60250854492188,17.432024002075195,17.497669219970703,105.59361267089844,8.77054500579834,7.982799530029297,-0.06355829536914825
1.7764683570771717e+18,175.30491638183594,17.432024002075195,17.464847564697266,105.46231842041016,9.033126831054688,7.982799530029297,-0.0471373051404953
1.7764683570781716e+18,178.91542053222656,17.497669219970703,17.530492782592773,105.82337188720703,9.722403526306152,8.376672744750977,0.1334935575723648
1.7764683570791718e+18,176.94606018066406,17.497669219970703,17.530492782592773,106.41417694091797,9.262886047363281,8.278203964233398,0.14991454780101776
1.7764683570801718e+18,181.54124450683594,17.727428436279297,17.62895965576172,105.8890151977539,8.803367614746094,7.982799530029297,0.034967631101608276
1.776468357081172e+18,178.25897216796875,17.66178321838379,17.69460678100586,106.1187744140625,9.065949440002441,8.01562213897705,-0.06355829536914825
1.776468357082172e+18,174.64846801757812,17.497669219970703,17.66178321838379,105.79054260253906,9.295708656311035,8.114090919494629,-0.0471373051404953
1.776468357083172e+18,180.88478088378906,17.69460678100586,17.727428436279297,105.8890151977539,9.459821701049805,8.278203964233398,0.01854664459824562
1.776468357084172e+18,178.58718872070312,17.66178321838379,17.727428436279297,105.92183685302734,9.164417266845703,8.21255874633789,-0.01429533027112484
1.776468357085172e+18,177.2742919921875,17.59613800048828,17.69460678100586,105.75772094726562,9.033126831054688,8.114090919494629,-0.01429533027112484
1.7764683570861722e+18,176.28961181640625,17.530492782592773,17.59613800048828,105.59361267089844,9.000304222106934,8.048444747924805,-0.06355829536914825
1.776468357087172e+18,176.28961181640625,17.530492782592773,17.62895965576172,106.02030181884766,9.394176483154297,8.21255874633789,-0.0471373051404953
1.7764683570881723e+18,173.9920196533203,17.333555221557617,17.530492782592773,106.38135528564453,9.459821701049805,8.343849182128906,0.034967631101608276
1.7764683570891722e+18,176.94606018066406,17.399202346801758,17.464847564697266,105.75772094726562,9.164417266845703,8.245381355285645,0.05138861760497093
1.7764683570901724e+18,174.97669982910156,17.366378784179688,17.432024002075195,105.79054260253906,9.000304222106934,8.114090919494629,0.06780960410833359
1.7764683570911724e+18,173.33555603027344,17.366378784179688,17.399202346801758,106.41417694091797,9.328531265258789,8.21255874633789,0.06780960410833359
1.7764683570921723e+18,177.60250854492188,17.432024002075195,17.497669219970703,105.85619354248047,8.704899787902832,7.917154312133789,-0.030716318637132645
1.7764683570931725e+18,176.28961181640625,17.399202346801758,17.497669219970703,105.75772094726562,9.230063438415527,8.01562213897705,-0.0471373051404953
1.7764683570941724e+18,178.25897216796875,17.530492782592773,17.530492782592773,105.95465850830078,8.803367614746094,7.917154312133789,-0.16208422183990479
1.7764683570951726e+18,176.28961181640625,17.464847564697266,17.56331443786621,105.06844329833984,9.394176483154297,8.179736137390137,-0.06355829536914825
1.7764683570961725e+18,175.9613800048828,17.432024002075195,17.56331443786621,106.21723937988281,9.000304222106934,8.081267356872559,-0.11282125860452652
1.7764683570971727e+18,178.25897216796875,17.59613800048828,17.62895965576172,106.15159606933594,8.96748161315918,8.01562213897705,-0.16208422183990479
1.7764683570981727e+18,176.28961181640625,17.497669219970703,17.62895965576172,105.79054260253906,9.065949440002441,7.982799530029297,-0.09640026837587357
1.7764683570991726e+18,181.8694610595703,17.727428436279297,17.760251998901367,105.42949676513672,8.869012832641602,7.917154312133789,-0.16208422183990479
1.7764683571001728e+18,175.9613800048828,17.59613800048828,17.66178321838379,106.41417694091797,9.065949440002441,8.048444747924805,-0.11282125860452652
1.7764683571011727e+18,175.9613800048828,17.530492782592773,17.62895965576172,106.21723937988281,9.13159465789795,8.081267356872559,-0.12924224138259888
1.776468357102173e+18,179.57188415527344,17.66178321838379,17.66178321838379,105.85619354248047,9.197240829467773,8.114090919494629,-0.07997927814722061
1.7764683571031729e+18,173.9920196533203,17.464847564697266,17.59613800048828,106.28289031982422,9.62393569946289,8.376672744750977,0.06780960410833359
1.776468357104173e+18,177.60250854492188,17.497669219970703,17.530492782592773,105.72489929199219,9.000304222106934,8.146913528442383,0.002125656930729747
1.776468357105173e+18,174.3202362060547,17.399202346801758,17.497669219970703,105.72489929199219,9.098772048950195,8.114090919494629,-0.01429533027112484
1.776468357106173e+18,173.66378784179688,17.26791000366211,17.366378784179688,105.82337188720703,9.394176483154297,8.21255874633789,0.034967631101608276
1.776468357107173e+18,174.97669982910156,17.333555221557617,17.399202346801758,106.02030181884766,8.507963180541992,7.818686008453369,-0.14566323161125183
1.776468357108173e+18,173.9920196533203,17.26791000366211,17.30073356628418,105.85619354248047,9.230063438415527,7.982799530029297,-0.14566323161125183
1.7764683571091732e+18,174.3202362060547,17.30073356628418,17.333555221557617,106.25006103515625,9.033126831054688,7.982799530029297,-0.12924224138259888
1.7764683571101732e+18,175.30491638183594,17.333555221557617,17.366378784179688,105.82337188720703,8.901835441589355,7.949976921081543,-0.07997927814722061
1.7764683571111734e+18,177.2742919921875,17.399202346801758,17.432024002075195,105.59361267089844,9.098772048950195,8.081267356872559,-0.0471373051404953
1.7764683571121733e+18,178.91542053222656,17.59613800048828,17.530492782592773,105.79054260253906,9.098772048950195,8.081267356872559,-0.07997927814722061
1.7764683571131732e+18,175.30491638183594,17.497669219970703,17.56331443786621,105.79054260253906,9.098772048950195,8.048444747924805,-0.07997927814722061
1.7764683571141734e+18,177.9307403564453,17.530492782592773,17.62895965576172,106.57829284667969,8.901835441589355,7.949976921081543,-0.17850521206855774
1.7764683571151734e+18,178.25897216796875,17.59613800048828,17.62895965576172,106.18441772460938,9.065949440002441,8.01562213897705,-0.12924224138259888
1.7764683571161736e+18,179.9001007080078,17.66178321838379,17.69460678100586,105.98748016357422,8.901835441589355,7.917154312133789,-0.17850521206855774
1.7764683571171735e+18,174.3202362060547,17.464847564697266,17.56331443786621,105.59361267089844,9.230063438415527,8.048444747924805,-0.11282125860452652
1.7764683571181737e+18,177.60250854492188,17.530492782592773,17.530492782592773,105.75772094726562,9.065949440002441,8.048444747924805,-0.07997927814722061
1.7764683571191736e+18,176.94606018066406,17.497669219970703,17.530492782592773,105.10126495361328,9.197240829467773,8.081267356872559,-0.07997927814722061
1.7764683571201736e+18,174.97669982910156,17.497669219970703,17.530492782592773,105.85619354248047,9.230063438415527,8.048444747924805,-0.09640026837587357
1.7764683571211738e+18,176.94606018066406,17.432024002075195,17.497669219970703,105.4951400756836,9.492645263671875,8.278203964233398,-0.01429533027112484
1.7764683571221737e+18,176.28961181640625,17.464847564697266,17.530492782592773,105.98748016357422,9.13159465789795,8.21255874633789,0.034967631101608276
1.776468357123174e+18,174.64846801757812,17.366378784179688,17.464847564697266,106.3485336303711,9.394176483154297,8.311026573181152,0.05138861760497093
1.7764683571241738e+18,174.3202362060547,17.30073356628418,17.432024002075195,105.4951400756836,8.96748161315918,8.179736137390137,0.01854664459824562
1.776468357125174e+18,175.9613800048828,17.366378784179688,17.464847564697266,105.85619354248047,9.361353874206543,8.21255874633789,0.06780960410833359
1.776468357126174e+18,174.64846801757812,17.333555221557617,17.399202346801758,105.95465850830078,8.96748161315918,8.081267356872559,-0.01429533027112484
1.776468357127174e+18,175.9613800048828,17.432024002075195,17.399202346801758,105.75772094726562,9.459821701049805,8.245381355285645,0.06780960410833359
1.776468357128174e+18,175.30491638183594,17.399202346801758,17.432024002075195,106.21723937988281,9.164417266845703,8.21255874633789,0.034967631101608276
1.776468357129174e+18,176.28961181640625,17.432024002075195,17.530492782592773,105.92183685302734,9.065949440002441,8.179736137390137,0.06780960410833359
1.7764683571301742e+18,176.94606018066406,17.432024002075195,17.530492782592773,105.98748016357422,8.869012832641602,7.982799530029297,-0.09640026837587357
1.7764683571311741e+18,175.30491638183594,17.432024002075195,17.497669219970703,105.265380859375,9.098772048950195,8.01562213897705,-0.09640026837587357
1.7764683571321743e+18,181.2130126953125,17.66178321838379,17.59613800048828,105.92183685302734,8.5736083984375,7.851508617401123,-0.24418915808200836
1.7764683571331743e+18,176.94606018066406,17.59613800048828,17.59613800048828,105.75772094726562,9.033126831054688,7.917154312133789,-0.21134717762470245
1.7764683571341742e+18,176.61782836914062,17.56331443786621,17.56331443786621,106.02030181884766,8.96748161315918,7.917154312133789,-0.2277681678533554
1.7764683571351744e+18,179.24365234375,17.66178321838379,17.62895965576172,106.41417694091797,9.033126831054688,7.949976921081543,-0.1949261873960495
1.7764683571361743e+18,174.97669982910156,17.497669219970703,17.62895965576172,106.05313110351562,9.262886047363281,8.081267356872559,-0.16208422183990479
1.7764683571371745e+18,175.30491638183594,17.432024002075195,17.530492782592773,106.15159606933594,8.901835441589355,7.949976921081543,-0.2277681678533554
1.7764683571381745e+18,180.22833251953125,17.69460678100586,17.66178321838379,106.6767578125,9.164417266845703,8.048444747924805,-0.14566323161125183
1.7764683571391747e+18,178.58718872070312,17.69460678100586,17.727428436279297,105.85619354248047,8.901835441589355,7.982799530029297,-0.14566323161125183
1.7764683571401746e+18,174.97669982910156,17.464847564697266,17.59613800048828,105.92183685302734,9.098772048950195,8.048444747924805,-0.11282125860452652
1.7764683571411745e+18,176.94606018066406,17.530492782592773,17.62895965576172,106.38135528564453,9.525467872619629,8.245381355285645,-0.030716318637132645
1.7764683571421747e+18,177.9307403564453,17.530492782592773,17.59613800048828,105.98748016357422,8.737722396850586,7.917154312133789,-0.12924224138259888
1.7764683571431747e+18,172.67910766601562,17.30073356628418,17.497669219970703,105.98748016357422,8.836190223693848,7.917154312133789,-0.16208422183990479
1.7764683571441748e+18,179.57188415527344,17.530492782592773,17.530492782592773,105.95465850830078,8.836190223693848,7.884331703186035,-0.2277681678533554
1.7764683571451748e+18,175.30491638183594,17.432024002075195,17.530492782592773,104.80586242675781,9.065949440002441,7.982799530029297,-0.1949261873960495
1.776468357146175e+18,174.97669982910156,17.432024002075195,17.530492782592773,105.98748016357422,9.361353874206543,8.21255874633789,-0.11282125860452652
1.776468357147175e+18,175.9613800048828,17.464847564697266,17.56331443786621,105.65925598144531,9.065949440002441,8.081267356872559,-0.09640026837587357
1.7764683571481748e+18,178.58718872070312,17.56331443786621,17.497669219970703,106.02030181884766,9.394176483154297,8.21255874633789,0.034967631101608276
1.776468357149175e+18,176.94606018066406,17.497669219970703,17.56331443786621,106.84087371826172,9.197240829467773,8.179736137390137,0.002125656930729747
1.776468357150175e+18,180.22833251953125,17.66178321838379,17.59613800048828,105.69207763671875,9.42699909210205,8.245381355285645,0.06780960410833359
1.7764683571511752e+18,177.2742919921875,17.62895965576172,17.62895965576172,105.98748016357422,8.934659004211426,8.081267356872559,0.002125656930729747
1.776468357152175e+18,174.97669982910156,17.56331443786621,17.59613800048828,106.61111450195312,9.361353874206543,8.179736137390137,0.034967631101608276
1.7764683571531753e+18,178.25897216796875,17.56331443786621,17.66178321838379,106.97216796875,9.098772048950195,8.179736137390137,0.034967631101608276
1.7764683571541752e+18,174.3202362060547,17.399202346801758,17.530492782592773,106.28289031982422,9.164417266845703,8.146913528442383,0.002125656930729747
1.7764683571551752e+18,174.3202362060547,17.30073356628418,17.464847564697266,105.52796173095703,9.62393569946289,8.343849182128906,0.1006515845656395
1.7764683571561754e+18,175.30491638183594,17.366378784179688,17.432024002075195,105.62643432617188,9.788049697875977,8.540785789489746,0.23201948404312134
1.7764683571571753e+18,173.33555603027344,17.30073356628418,17.366378784179688,105.85619354248047,8.803367614746094,8.179736137390137,0.1006515845656395
1.7764683571581755e+18,174.3202362060547,17.235088348388672,17.366378784179688,106.18441772460938,8.836190223693848,7.982799530029297,-0.030716318637132645
1.7764683571591754e+18,175.9613800048828,17.30073356628418,17.366378784179688,105.59361267089844,9.197240829467773,8.081267356872559,-0.0471373051404953
1.7764683571601756e+18,175.9613800048828,17.399202346801758,17.399202346801758,105.52796173095703,9.197240829467773,8.179736137390137,0.01854664459824562
1.7764683571611756e+18,178.91542053222656,17.530492782592773,17.530492782592773,106.21723937988281,9.262886047363281,8.179736137390137,0.06780960410833359
1.7764683571621755e+18,175.63314819335938,17.464847564697266,17.464847564697266,105.75772094726562,8.803367614746094,7.917154312133789,-0.11282125860452652
1.7764683571631757e+18,176.28961181640625,17.432024002075195,17.497669219970703,105.52796173095703,9.098772048950195,8.048444747924805,-0.09640026837587357
1.7764683571641756e+18,177.60250854492188,17.530492782592773,17.56331443786621,106.21723937988281,9.13159465789795,8.048444747924805,-0.06355829536914825
1.7764683571651758e+18,178.91542053222656,17.59613800048828,17.59613800048828,105.85619354248047,9.230063438415527,8.081267356872559,-0.07997927814722061
1.7764683571661757e+18,175.9613800048828,17.59613800048828,17.62895965576172,106.02030181884766,9.295708656311035,8.179736137390137,-0.06355829536914825
1.776468357167176e+18,177.9307403564453,17.56331443786621,17.62895965576172,106.08595275878906,9.197240829467773,8.21255874633789,0.06780960410833359
1.7764683571681759e+18,177.2742919921875,17.530492782592773,17.66178321838379,105.19973754882812,8.901835441589355,8.01562213897705,-0.06355829536914825
1.7764683571691758e+18,175.30491638183594,17.530492782592773,17.59613800048828,105.52796173095703,9.000304222106934,7.982799530029297,-0.07997927814722061
1.776468357170176e+18,176.28961181640625,17.432024002075195,17.59613800048828,105.98748016357422,8.836190223693848,7.982799530029297,-0.14566323161125183
1.776468357171176e+18,181.2130126953125,17.66178321838379,17.62895965576172,105.59361267089844,9.197240829467773,8.048444747924805,-0.12924224138259888
1.776468357172176e+18,174.97669982910156,17.530492782592773,17.56331443786621,105.82337188720703,9.033126831054688,8.048444747924805,-0.16208422183990479
1.776468357173176e+18,175.9613800048828,17.432024002075195,17.464847564697266,105.13408660888672,9.13159465789795,8.081267356872559,-0.07997927814722061
1.776468357174176e+18,177.9307403564453,17.530492782592773,17.530492782592773,105.92183685302734,9.000304222106934,8.081267356872559,-0.06355829536914825
1.776468357175176e+18,172.02264404296875,17.26791000366211,17.464847564697266,106.38135528564453,9.295708656311035,8.179736137390137,-0.030716318637132645
1.7764683571761759e+18,175.63314819335938,17.366378784179688,17.432024002075195,105.56078338623047,9.295708656311035,8.245381355285645,0.05138861760497093
1.7764683571771758e+18,176.94606018066406,17.432024002075195,17.497669219970703,105.92183685302734,9.197240829467773,8.179736137390137,0.002125656930729747
1.7764683571781757e+18,175.9613800048828,17.366378784179688,17.497669219970703,105.65925598144531,9.033126831054688,8.114090919494629,0.01854664459824562
1.7764683571791757e+18,175.9613800048828,17.432024002075195,17.530492782592773,105.52796173095703,8.737722396850586,7.917154312133789,-0.09640026837587357
1.776468357180176e+18,181.2130126953125,17.727428436279297,17.59613800048828,105.56078338623047,8.96748161315918,7.917154312133789,-0.11282125860452652
1.7764683571811758e+18,178.91542053222656,17.69460678100586,17.69460678100586,106.05313110351562,8.737722396850586,7.851508617401123,-0.1949261873960495
1.7764683571821757e+18,174.64846801757812,17.497669219970703,17.59613800048828,105.85619354248047,9.295708656311035,8.081267356872559,-0.17850521206855774
1.7764683571831757e+18,178.25897216796875,17.59613800048828,17.59613800048828,105.52796173095703,9.361353874206543,8.179736137390137,-0.06355829536914825
1.7764683571841756e+18,177.9307403564453,17.62895965576172,17.62895965576172,105.59361267089844,9.361353874206543,8.278203964233398,0.01854664459824562
1.7764683571851756e+18,175.9613800048828,17.497669219970703,17.56331443786621,105.52796173095703,9.098772048950195,8.081267356872559,0.002125656930729747
1.7764683571861755e+18,174.64846801757812,17.366378784179688,17.530492782592773,105.8890151977539,9.394176483154297,8.278203964233398,0.01854664459824562
1.7764683571871757e+18,177.60250854492188,17.497669219970703,17.530492782592773,105.72489929199219,8.869012832641602,8.01562213897705,-0.01429533027112484
1.7764683571881756e+18,177.60250854492188,17.59613800048828,17.530492782592773,106.3485336303711,9.065949440002441,8.048444747924805,-0.09640026837587357
1.7764683571891756e+18,174.3202362060547,17.399202346801758,17.399202346801758,106.05313110351562,9.000304222106934,8.048444747924805,-0.09640026837587357
1.7764683571901755e+18,174.3202362060547,17.333555221557617,17.432024002075195,105.8890151977539,9.328531265258789,8.179736137390137,-0.0471373051404953
1.7764683571911754e+18,182.85415649414062,17.727428436279297,17.62895965576172,105.95465850830078,8.96748161315918,8.114090919494629,-0.06355829536914825
1.7764683571921754e+18,174.64846801757812,17.56331443786621,17.56331443786621,105.92183685302734,9.000304222106934,7.982799530029297,-0.12924224138259888
1.7764683571931753e+18,173.9920196533203,17.366378784179688,17.530492782592773,105.85619354248047,9.033126831054688,7.982799530029297,-0.09640026837587357
1.7764683571941752e+18,176.94606018066406,17.432024002075195,17.497669219970703,106.02030181884766,8.901835441589355,7.917154312133789,-0.12924224138259888
1.7764683571951754e+18,183.51060485839844,17.793073654174805,17.727428436279297,106.18441772460938,9.098772048950195,7.982799530029297,-0.12924224138259888
1.7764683571961754e+18,176.94606018066406,17.66178321838379,17.62895965576172,106.1187744140625,9.164417266845703,8.048444747924805,-0.09640026837587357
1.7764683571971753e+18,175.63314819335938,17.530492782592773,17.66178321838379,106.05313110351562,8.803367614746094,7.884331703186035,-0.17850521206855774
1.7764683571981752e+18,175.9613800048828,17.530492782592773,17.59613800048828,105.92183685302734,9.591113090515137,8.278203964233398,-0.0471373051404953
1.7764683571991752e+18,178.58718872070312,17.59613800048828,17.62895965576172,105.46231842041016,9.295708656311035,8.278203964233398,0.05138861760497093
1.776468357200175e+18,173.33555603027344,17.432024002075195,17.56331443786621,106.21723937988281,9.262886047363281,8.278203964233398,0.1006515845656395
1.776468357201175e+18,176.61782836914062,17.432024002075195,17.530492782592773,105.59361267089844,8.704899787902832,7.949976921081543,-0.09640026837587357
1.7764683572021752e+18,179.9001007080078,17.59613800048828,17.59613800048828,106.05313110351562,8.836190223693848,7.884331703186035,-0.1949261873960495
1.7764683572031752e+18,173.33555603027344,17.366378784179688,17.530492782592773,105.8890151977539,9.295708656311035,8.081267356872559,-0.09640026837587357
1.776468357204175e+18,177.9307403564453,17.530492782592773,17.530492782592773,105.75772094726562,9.164417266845703,8.048444747924805,-0.11282125860452652
1.776468357205175e+18,174.97669982910156,17.432024002075195,17.497669219970703,105.75772094726562,9.000304222106934,8.048444747924805,-0.07997927814722061
1.776468357206175e+18,173.66378784179688,17.333555221557617,17.399202346801758,105.62643432617188,9.230063438415527,8.114090919494629,-0.0471373051404953
1.776468357207175e+18,176.94606018066406,17.399202346801758,17.497669219970703,106.3485336303711,8.606431007385254,7.949976921081543,-0.17850521206855774
1.7764683572081748e+18,173.66378784179688,17.30073356628418,17.432024002075195,106.51264953613281,8.704899787902832,7.785863399505615,-0.24418915808200836
1.776468357209175e+18,172.67910766601562,17.2022647857666,17.366378784179688,106.02030181884766,8.77054500579834,7.753040790557861,-0.309873104095459
1.776468357210175e+18,177.9307403564453,17.366378784179688,17.399202346801758,105.59361267089844,8.934659004211426,7.785863399505615,-0.309873104095459
1.776468357211175e+18,176.61782836914062,17.432024002075195,17.464847564697266,106.18441772460938,9.033126831054688,7.917154312133789,-0.2606101334095001
1.7764683572121748e+18,175.30491638183594,17.333555221557617,17.432024002075195,105.8890151977539,9.525467872619629,8.245381355285645,-0.11282125860452652
1.7764683572131748e+18,176.28961181640625,17.399202346801758,17.497669219970703,105.265380859375,9.230063438415527,8.179736137390137,-0.030716318637132645
1.7764683572141747e+18,175.9613800048828,17.464847564697266,17.497669219970703,105.4951400756836,8.901835441589355,8.081267356872559,-0.030716318637132645
1.7764683572151747e+18,176.61782836914062,17.464847564697266,17.56331443786621,105.82337188720703,8.540785789489746,7.818686008453369,-0.14566323161125183
1.7764683572161746e+18,177.2742919921875,17.464847564697266,17.56331443786621,105.65925598144531,8.96748161315918,7.884331703186035,-0.1949261873960495
1.7764683572171748e+18,176.28961181640625,17.497669219970703,17.56331443786621,106.77523040771484,9.13159465789795,7.949976921081543,-0.12924224138259888
1.7764683572181747e+18,181.54124450683594,17.760251998901367,17.66178321838379,105.95465850830078,9.033126831054688,7.982799530029297,-0.1949261873960495
1.7764683572191747e+18,175.9613800048828,17.59613800048828,17.66178321838379,105.4951400756836,9.098772048950195,8.048444747924805,-0.16208422183990479
1.7764683572201746e+18,174.64846801757812,17.432024002075195,17.530492782592773,105.95465850830078,9.13159465789795,8.146913528442383,-0.12924224138259888
1.7764683572211745e+18,180.22833251953125,17.62895965576172,17.66178321838379,106.61111450195312,8.77054500579834,7.982799530029297,-0.1949261873960495
1.7764683572221745e+18,174.64846801757812,17.530492782592773,17.59613800048828,105.8890151977539,9.328531265258789,8.146913528442383,-0.11282125860452652
1.7764683572231744e+18,173.00733947753906,17.30073356628418,17.497669219970703,106.18441772460938,9.230063438415527,8.146913528442383,-0.0471373051404953
1.7764683572241746e+18,174.64846801757812,17.366378784179688,17.432024002075195,105.42949676513672,9.13159465789795,8.081267356872559,-0.0471373051404953
1.7764683572251745e+18,174.97669982910156,17.30073356628418,17.399202346801758,105.10126495361328,9.13159465789795,8.081267356872559,-0.030716318637132645
1.7764683572261745e+18,173.66378784179688,17.2022647857666,17.366378784179688,105.69207763671875,9.13159465789795,8.01562213897705,-0.030716318637132645
1.7764683572271744e+18,176.28961181640625,17.366378784179688,17.399202346801758,105.85619354248047,9.328531265258789,8.146913528442383,0.002125656930729747
1.7764683572281743e+18,177.60250854492188,17.432024002075195,17.497669219970703,106.08595275878906,9.098772048950195,8.179736137390137,0.01854664459824562
1.7764683572291743e+18,174.64846801757812,17.333555221557617,17.464847564697266,105.72489929199219,8.901835441589355,7.982799530029297,-0.0471373051404953
1.7764683572301742e+18,177.9307403564453,17.464847564697266,17.464847564697266,105.62643432617188,9.13159465789795,7.982799530029297,-0.12924224138259888
1.7764683572311744e+18,173.66378784179688,17.366378784179688,17.399202346801758,105.82337188720703,9.230063438415527,8.081267356872559,-0.0471373051404953
1.7764683572321743e+18,178.25897216796875,17.464847564697266,17.497669219970703,105.72489929199219,8.934659004211426,8.01562213897705,-0.0471373051404953
1.7764683572331743e+18,177.9307403564453,17.59613800048828,17.59613800048828,105.69207763671875,9.361353874206543,8.21255874633789,0.002125656930729747
1.7764683572341742e+18,175.9613800048828,17.497669219970703,17.59613800048828,106.1187744140625,9.262886047363281,8.179736137390137,-0.030716318637132645
1.7764683572351741e+18,175.30491638183594,17.399202346801758,17.56331443786621,106.51264953613281,9.262886047363281,8.179736137390137,0.002125656930729747
1.776468357236174e+18,177.9307403564453,17.464847564697266,17.497669219970703,105.98748016357422,9.000304222106934,8.114090919494629,-0.01429533027112484
1.776468357237174e+18,174.97669982910156,17.399202346801758,17.464847564697266,105.75772094726562,9.230063438415527,8.146913528442383,0.002125656930729747
1.776468357238174e+18,177.2742919921875,17.497669219970703,17.497669219970703,106.28289031982422,9.230063438415527,8.278203964233398,0.002125656930729747
1.7764683572391741e+18,175.9613800048828,17.464847564697266,17.464847564697266,105.75772094726562,8.836190223693848,8.01562213897705,-0.09640026837587357
1.776468357240174e+18,174.97669982910156,17.432024002075195,17.497669219970703,106.3485336303711,9.13159465789795,8.114090919494629,-0.07997927814722061
1.776468357241174e+18,176.94606018066406,17.432024002075195,17.432024002075195,105.4951400756836,9.197240829467773,8.081267356872559,-0.030716318637132645
1.776468357242174e+18,172.67910766601562,17.366378784179688,17.464847564697266,105.92183685302734,9.098772048950195,8.114090919494629,-0.06355829536914825
1.776468357243174e+18,176.28961181640625,17.464847564697266,17.432024002075195,106.38135528564453,8.901835441589355,7.982799530029297,-0.09640026837587357
1.7764683572441738e+18,173.66378784179688,17.235088348388672,17.333555221557617,105.69207763671875,9.098772048950195,8.048444747924805,-0.09640026837587357
1.7764683572451738e+18,176.94606018066406,17.366378784179688,17.432024002075195,105.98748016357422,9.033126831054688,7.982799530029297,-0.06355829536914825
1.776468357246174e+18,173.33555603027344,17.30073356628418,17.432024002075195,106.61111450195312,9.197240829467773,8.048444747924805,-0.06355829536914825
1.776468357247174e+18,176.61782836914062,17.366378784179688,17.366378784179688,106.05313110351562,9.262886047363281,8.048444747924805,-0.07997927814722061
1.7764683572481738e+18,174.64846801757812,17.30073356628418,17.399202346801758,105.65925598144531,9.164417266845703,8.114090919494629,0.01854664459824562
1.7764683572491738e+18,177.9307403564453,17.432024002075195,17.432024002075195,106.51264953613281,9.065949440002441,8.081267356872559,0.002125656930729747
1.7764683572501737e+18,177.2742919921875,17.464847564697266,17.464847564697266,105.82337188720703,9.230063438415527,8.179736137390137,0.01854664459824562
1.7764683572511736e+18,177.2742919921875,17.497669219970703,17.530492782592773,105.56078338623047,9.230063438415527,8.179736137390137,0.01854664459824562
1.7764683572521736e+18,174.97669982910156,17.432024002075195,17.530492782592773,106.15159606933594,8.737722396850586,7.949976921081543,-0.09640026837587357
1.7764683572531738e+18,176.94606018066406,17.497669219970703,17.497669219970703,106.4469985961914,9.230063438415527,8.179736137390137,-0.07997927814722061
1.7764683572541737e+18,173.9920196533203,17.333555221557617,17.464847564697266,105.92183685302734,9.394176483154297,8.245381355285645,-0.0471373051404953
1.7764683572551736e+18,175.30491638183594,17.399202346801758,17.464847564697266,105.59361267089844,9.361353874206543,8.278203964233398,0.06780960410833359
1.7764683572561736e+18,174.3202362060547,17.366378784179688,17.399202346801758,105.72489929199219,9.065949440002441,8.179736137390137,0.05138861760497093
1.7764683572571735e+18,178.91542053222656,17.464847564697266,17.530492782592773,105.4951400756836,9.13159465789795,8.114090919494629,-0.01429533027112484
1.7764683572581734e+18,173.9920196533203,17.333555221557617,17.464847564697266,105.79054260253906,9.098772048950195,8.048444747924805,-0.0471373051404953
1.7764683572591734e+18,178.58718872070312,17.464847564697266,17.497669219970703,105.85619354248047,8.836190223693848,7.982799530029297,-0.07997927814722061
1.7764683572601733e+18,176.61782836914062,17.464847564697266,17.530492782592773,106.64393615722656,9.164417266845703,8.114090919494629,-0.07997927814722061
1.7764683572611735e+18,181.54124450683594,17.760251998901367,17.62895965576172,105.65925598144531,8.96748161315918,7.917154312133789,-0.07997927814722061
1.7764683572621734e+18,175.63314819335938,17.497669219970703,17.66178321838379,106.18441772460938,9.262886047363281,8.114090919494629,-0.030716318637132645
1.7764683572631734e+18,179.24365234375,17.69460678100586,17.66178321838379,106.28289031982422,9.000304222106934,7.982799530029297,-0.06355829536914825
1.7764683572641733e+18,175.9613800048828,17.56331443786621,17.62895965576172,106.38135528564453,9.788049697875977,8.40949535369873,0.1334935575723648
1.7764683572651732e+18,177.9307403564453,17.59613800048828,17.62895965576172,106.28289031982422,9.164417266845703,8.278203964233398,0.1334935575723648
1.7764683572661732e+18,175.63314819335938,17.56331443786621,17.59613800048828,106.08595275878906,8.934659004211426,8.114090919494629,0.06780960410833359
1.776468357267173e+18,175.63314819335938,17.464847564697266,17.59613800048828,105.72489929199219,9.394176483154297,8.278203964233398,0.1006515845656395
1.7764683572681733e+18,175.63314819335938,17.464847564697266,17.62895965576172,106.57829284667969,9.065949440002441,8.179736137390137,0.06780960410833359
1.7764683572691732e+18,175.63314819335938,17.399202346801758,17.497669219970703,105.72489929199219,9.164417266845703,8.114090919494629,0.01854664459824562
1.7764683572701732e+18,174.64846801757812,17.366378784179688,17.464847564697266,106.25006103515625,9.13159465789795,8.114090919494629,-0.06355829536914825
1.776468357271173e+18,175.30491638183594,17.30073356628418,17.464847564697266,105.85619354248047,9.164417266845703,8.081267356872559,-0.11282125860452652
1.776468357272173e+18,174.97669982910156,17.366378784179688,17.366378784179688,105.92183685302734,9.197240829467773,8.179736137390137,-0.11282125860452652
1.7764683572731732e+18,175.63314819335938,17.399202346801758,17.399202346801758,106.02030181884766,9.13159465789795,8.21255874633789,0.002125656930729747
1.7764683572741732e+18,174.64846801757812,17.333555221557617,17.399202346801758,106.6767578125,9.098772048950195,8.114090919494629,0.002125656930729747
1.776468357275173e+18,173.33555603027344,17.26791000366211,17.333555221557617,106.51264953613281,9.230063438415527,8.179736137390137,0.06780960410833359
1.776468357276173e+18,175.30491638183594,17.26791000366211,17.333555221557617,106.41417694091797,8.5736083984375,7.851508617401123,-0.12924224138259888
1.776468357277173e+18,173.33555603027344,17.2022647857666,17.26791000366211,105.52796173095703,9.328531265258789,8.081267356872559,-0.07997927814722061
1.7764683572781732e+18,177.9307403564453,17.399202346801758,17.399202346801758,106.05313110351562,8.704899787902832,7.884331703186035,-0.12924224138259888
1.776468357279173e+18,173.66378784179688,17.26791000366211,17.464847564697266,105.72489929199219,9.591113090515137,8.179736137390137,-0.01429533027112484
1.776468357280173e+18,176.94606018066406,17.399202346801758,17.432024002075195,105.8890151977539,9.13159465789795,8.081267356872559,-0.030716318637132645
1.776468357281173e+18,181.54124450683594,17.727428436279297,17.62895965576172,105.36384582519531,9.033126831054688,8.048444747924805,-0.01429533027112484
1.776468357282173e+18,177.2742919921875,17.66178321838379,17.66178321838379,106.15159606933594,9.000304222106934,8.01562213897705,-0.12924224138259888
1.776468357283173e+18,173.9920196533203,17.497669219970703,17.66178321838379,105.98748016357422,8.836190223693848,7.949976921081543,-0.14566323161125183
1.776468357284173e+18,182.5259246826172,17.793073654174805,17.69460678100586,106.38135528564453,9.328531265258789,8.179736137390137,-0.0471373051404953
1.776468357285173e+18,174.64846801757812,17.530492782592773,17.66178321838379,105.13408660888672,8.96748161315918,7.982799530029297,-0.09640026837587357
1.776468357286173e+18,177.2742919921875,17.56331443786621,17.62895965576172,105.85619354248047,8.901835441589355,7.949976921081543,-0.16208422183990479
1.7764683572871729e+18,176.28961181640625,17.530492782592773,17.62895965576172,106.38135528564453,9.164417266845703,8.114090919494629,-0.09640026837587357
1.776468357288173e+18,177.2742919921875,17.497669219970703,17.62895965576172,105.72489929199219,9.197240829467773,8.081267356872559,-0.11282125860452652
1.776468357289173e+18,175.63314819335938,17.399202346801758,17.497669219970703,106.18441772460938,9.328531265258789,8.179736137390137,-0.07997927814722061
1.776468357290173e+18,178.91542053222656,17.59613800048828,17.530492782592773,105.42949676513672,9.033126831054688,8.01562213897705,-0.07997927814722061
1.7764683572911729e+18,174.64846801757812,17.464847564697266,17.464847564697266,106.38135528564453,8.836190223693848,8.01562213897705,-0.09640026837587357
1.7764683572921728e+18,176.61782836914062,17.464847564697266,17.497669219970703,105.69207763671875,8.869012832641602,7.851508617401123,-0.21134717762470245
1.776468357293173e+18,175.9613800048828,17.464847564697266,17.56331443786621,105.98748016357422,9.788049697875977,8.278203964233398,-0.01429533027112484
1.776468357294173e+18,177.2742919921875,17.530492782592773,17.530492782592773,105.98748016357422,9.197240829467773,8.21255874633789,0.002125656930729747
1.7764683572951729e+18,174.97669982910156,17.399202346801758,17.59613800048828,106.41417694091797,9.230063438415527,8.179736137390137,0.01854664459824562
1.7764683572961728e+18,177.9307403564453,17.56331443786621,17.59613800048828,106.7424087524414,9.492645263671875,8.311026573181152,0.08423059433698654
1.7764683572971727e+18,176.61782836914062,17.56331443786621,17.66178321838379,106.4469985961914,9.000304222106934,8.114090919494629,0.01854664459824562
1.7764683572981727e+18,175.30491638183594,17.399202346801758,17.530492782592773,105.52796173095703,8.672077178955078,7.917154312133789,-0.09640026837587357
1.7764683572991729e+18,176.28961181640625,17.464847564697266,17.56331443786621,106.15159606933594,9.13159465789795,8.048444747924805,-0.16208422183990479
1.7764683573001728e+18,176.28961181640625,17.432024002075195,17.530492782592773,106.25006103515625,9.197240829467773,8.114090919494629,-0.11282125860452652
1.7764683573011727e+18,176.94606018066406,17.464847564697266,17.530492782592773,106.41417694091797,8.934659004211426,7.949976921081543,-0.17850521206855774
1.7764683573021727e+18,173.66378784179688,17.333555221557617,17.432024002075195,106.31571197509766,8.836190223693848,7.917154312133789,-0.17850521206855774
1.7764683573031726e+18,181.8694610595703,17.727428436279297,17.59613800048828,106.84087371826172,9.164417266845703,8.01562213897705,-0.17850521206855774
1.7764683573041728e+18,174.3202362060547,17.399202346801758,17.59613800048828,106.3485336303711,9.098772048950195,8.048444747924805,-0.12924224138259888
1.7764683573051727e+18,184.82351684570312,17.858718872070312,17.69460678100586,105.69207763671875,9.065949440002441,8.048444747924805,-0.09640026837587357
1.7764683573061727e+18,173.33555603027344,17.497669219970703,17.59613800048828,106.18441772460938,9.394176483154297,8.21255874633789,0.002125656930729747
1.7764683573071726e+18,175.63314819335938,17.464847564697266,17.56331443786621,106.31571197509766,9.394176483154297,8.311026573181152,0.06780960410833359
1.7764683573081725e+18,173.66378784179688,17.366378784179688,17.497669219970703,105.75772094726562,8.901835441589355,8.048444747924805,-0.01429533027112484
1.7764683573091727e+18,176.94606018066406,17.399202346801758,17.432024002075195,105.8890151977539,9.459821701049805,8.278203964233398,0.05138861760497093
1.7764683573101727e+18,176.28961181640625,17.464847564697266,17.432024002075195,106.05313110351562,9.065949440002441,8.179736137390137,0.034967631101608276
1.7764683573111726e+18,177.60250854492188,17.497669219970703,17.59613800048828,105.69207763671875,9.230063438415527,8.179736137390137,0.06780960410833359
1.7764683573121725e+18,177.60250854492188,17.59613800048828,17.66178321838379,106.28289031982422,9.262886047363281,8.114090919494629,0.08423059433698654
1.7764683573131725e+18,178.58718872070312,17.66178321838379,17.62895965576172,105.69207763671875,9.000304222106934,8.114090919494629,0.034967631101608276
1.7764683573141727e+18,177.9307403564453,17.62895965576172,17.69460678100586,106.08595275878906,9.197240829467773,8.179736137390137,0.002125656930729747
1.7764683573151726e+18,177.2742919921875,17.56331443786621,17.66178321838379,105.33102416992188,9.13159465789795,8.114090919494629,-0.07997927814722061
1.7764683573161725e+18,176.61782836914062,17.464847564697266,17.62895965576172,106.18441772460938,9.230063438415527,8.146913528442383,0.002125656930729747
1.7764683573171725e+18,176.61782836914062,17.497669219970703,17.56331443786621,105.4951400756836,8.704899787902832,7.949976921081543,-0.09640026837587357
1.7764683573181724e+18,177.2742919921875,17.530492782592773,17.59613800048828,106.4469985961914,9.459821701049805,8.245381355285645,0.002125656930729747
1.7764683573191724e+18,174.3202362060547,17.432024002075195,17.56331443786621,106.51264953613281,9.13159465789795,8.179736137390137,0.01854664459824562
1.7764683573201725e+18,173.9920196533203,17.30073356628418,17.497669219970703,106.18441772460938,8.77054500579834,7.917154312133789,-0.09640026837587357
1.7764683573211725e+18,176.94606018066406,17.432024002075195,17.432024002075195,106.1187744140625,9.164417266845703,8.01562213897705,-0.11282125860452652
1.7764683573221724e+18,175.30491638183594,17.366378784179688,17.432024002075195,106.38135528564453,9.591113090515137,8.343849182128906,-0.030716318637132645
1.7764683573231724e+18,177.60250854492188,17.432024002075195,17.497669219970703,105.00279998779297,8.77054500579834,8.01562213897705,-0.12924224138259888
1.7764683573241723e+18,174.64846801757812,17.366378784179688,17.399202346801758,105.98748016357422,8.639254570007324,7.851508617401123,-0.17850521206855774
1.7764683573251725e+18,172.67910766601562,17.235088348388672,17.366378784179688,105.79054260253906,9.13159465789795,7.949976921081543,-0.17850521206855774
1.7764683573261724e+18,175.9613800048828,17.333555221557617,17.432024002075195,105.98748016357422,8.934659004211426,7.982799530029297,-0.14566323161125183
1.7764683573271724e+18,174.3202362060547,17.333555221557617,17.432024002075195,105.95465850830078,9.098772048950195,8.048444747924805,-0.1949261873960495
1.7764683573281723e+18,177.60250854492188,17.432024002075195,17.530492782592773,105.65925598144531,9.295708656311035,8.114090919494629,-0.07997927814722061
1.7764683573291722e+18,177.60250854492188,17.59613800048828,17.530492782592773,105.92183685302734,9.361353874206543,8.245381355285645,0.002125656930729747
1.7764683573301724e+18,177.2742919921875,17.530492782592773,17.59613800048828,105.59361267089844,8.901835441589355,8.081267356872559,-0.01429533027112484
1.7764683573311724e+18,175.63314819335938,17.497669219970703,17.56331443786621,105.46231842041016,9.098772048950195,8.048444747924805,-0.0471373051404953
1.7764683573321723e+18,183.83883666992188,17.793073654174805,17.69460678100586,106.02030181884766,8.836190223693848,7.949976921081543,-0.11282125860452652
1.7764683573331722e+18,176.28961181640625,17.59613800048828,17.727428436279297,106.3485336303711,9.361353874206543,8.114090919494629,-0.06355829536914825
1.7764683573341722e+18,179.24365234375,17.727428436279297,17.793073654174805,105.52796173095703,9.197240829467773,8.179736137390137,-0.06355829536914825
1.7764683573351724e+18,176.61782836914062,17.62895965576172,17.69460678100586,105.82337188720703,9.262886047363281,8.179736137390137,-0.0471373051404953
1.7764683573361723e+18,179.9001007080078,17.760251998901367,17.760251998901367,105.65925598144531,9.065949440002441,8.081267356872559,-0.030716318637132645
1.7764683573371722e+18,176.28961181640625,17.62895965576172,17.727428436279297,106.02030181884766,9.262886047363281,8.179736137390137,0.002125656930729747
1.7764683573381722e+18,178.91542053222656,17.66178321838379,17.66178321838379,105.36384582519531,8.901835441589355,8.01562213897705,-0.11282125860452652
1.776468357339172e+18,174.64846801757812,17.530492782592773,17.62895965576172,106.77523040771484,8.96748161315918,8.081267356872559,-0.11282125860452652
1.7764683573401723e+18,178.91542053222656,17.59613800048828,17.62895965576172,106.38135528564453,9.033126831054688,8.048444747924805,-0.12924224138259888
1.7764683573411722e+18,173.33555603027344,17.464847564697266,17.56331443786621,106.4469985961914,8.96748161315918,8.01562213897705,-0.11282125860452652
1.7764683573421722e+18,173.66378784179688,17.30073356628418,17.399202346801758,106.08595275878906,9.065949440002441,8.048444747924805,-0.17850521206855774
1.776468357343172e+18,173.9920196533203,17.26791000366211,17.399202346801758,106.02030181884766,9.13159465789795,8.081267356872559,-0.12924224138259888
1.776468357344172e+18,175.9613800048828,17.26791000366211,17.399202346801758,105.0356216430664,9.000304222106934,8.048444747924805,-0.16208422183990479
1.776468357345172e+18,175.63314819335938,17.333555221557617,17.464847564697266,105.75772094726562,9.098772048950195,8.081267356872559,-0.07997927814722061
1.7764683573461722e+18,177.60250854492188,17.432024002075195,17.464847564697266,104.87150573730469,8.803367614746094,7.917154312133789,-0.17850521206855774
1.776468357347172e+18,175.9613800048828,17.464847564697266,17.530492782592773,106.05313110351562,8.704899787902832,7.818686008453369,-0.29345211386680603
1.776468357348172e+18,175.30491638183594,17.366378784179688,17.497669219970703,105.8890151977539,9.098772048950195,7.917154312133789,-0.21134717762470245
1.776468357349172e+18,177.2742919921875,17.497669219970703,17.530492782592773,106.28289031982422,8.901835441589355,7.917154312133789,-0.24418915808200836
1.776468357350172e+18,175.63314819335938,17.464847564697266,17.497669219970703,106.05313110351562,8.96748161315918,7.917154312133789,-0.17850521206855774
1.776468357351172e+18,177.2742919921875,17.464847564697266,17.497669219970703,105.79054260253906,9.197240829467773,8.081267356872559,-0.12924224138259888
1.776468357352172e+18,183.182373046875,17.760251998901367,17.69460678100586,105.65925598144531,8.77054500579834,7.851508617401123,-0.17850521206855774
1.776468357353172e+18,177.9307403564453,17.760251998901367,17.727428436279297,106.08595275878906,9.230063438415527,8.048444747924805,-0.16208422183990479
1.776468357354172e+18,172.67910766601562,17.464847564697266,17.62895965576172,105.95465850830078,9.262886047363281,8.114090919494629,-0.11282125860452652
1.7764683573551718e+18,178.25897216796875,17.530492782592773,17.62895965576172,105.98748016357422,9.164417266845703,8.081267356872559,-0.0471373051404953
1.776468357356172e+18,179.9001007080078,17.727428436279297,17.66178321838379,105.56078338623047,9.098772048950195,8.114090919494629,-0.030716318637132645
1.776468357357172e+18,176.28961181640625,17.530492782592773,17.59613800048828,105.92183685302734,9.394176483154297,8.245381355285645,-0.030716318637132645
1.776468357358172e+18,173.66378784179688,17.399202346801758,17.59613800048828,105.46231842041016,8.704899787902832,7.917154312133789,-0.16208422183990479
1.7764683573591718e+18,177.2742919921875,17.432024002075195,17.62895965576172,106.1187744140625,8.540785789489746,7.753040790557861,-0.24418915808200836
1.7764683573601718e+18,176.61782836914062,17.464847564697266,17.497669219970703,106.02030181884766,9.164417266845703,7.949976921081543,-0.24418915808200836
1.776468357361172e+18,177.9307403564453,17.56331443786621,17.56331443786621,106.41417694091797,8.901835441589355,7.949976921081543,-0.2277681678533554
1.776468357362172e+18,177.9307403564453,17.56331443786621,17.59613800048828,106.6767578125,9.328531265258789,8.114090919494629,-0.07997927814722061
1.7764683573631718e+18,178.58718872070312,17.62895965576172,17.62895965576172,106.64393615722656,9.13159465789795,8.048444747924805,-0.06355829536914825
1.7764683573641718e+18,180.22833251953125,17.760251998901367,17.727428436279297,106.57829284667969,9.295708656311035,8.179736137390137,0.01854664459824562
1.7764683573651717e+18,177.2742919921875,17.59613800048828,17.727428436279297,106.02030181884766,9.558290481567383,8.311026573181152,0.06780960410833359
1.7764683573661716e+18,179.24365234375,17.760251998901367,17.727428436279297,106.57829284667969,9.065949440002441,8.21255874633789,0.05138861760497093
1.7764683573671718e+18,175.30491638183594,17.56331443786621,17.69460678100586,106.3485336303711,9.197240829467773,8.179736137390137,0.034967631101608276
1.7764683573681718e+18,178.25897216796875,17.59613800048828,17.66178321838379,106.51264953613281,9.098772048950195,8.081267356872559,0.002125656930729747
1.7764683573691717e+18,174.3202362060547,17.464847564697266,17.59613800048828,106.38135528564453,9.164417266845703,8.146913528442383,-0.030716318637132645
1.7764683573701716e+18,176.28961181640625,17.464847564697266,17.530492782592773,105.92183685302734,8.96748161315918,8.048444747924805,-0.06355829536914825
1.7764683573711718e+18,172.67910766601562,17.30073356628418,17.432024002075195,106.28289031982422,9.164417266845703,8.146913528442383,-0.06355829536914825
1.7764683573721718e+18,176.94606018066406,17.432024002075195,17.464847564697266,106.38135528564453,9.42699909210205,8.311026573181152,-0.01429533027112484
1.7764683573731717e+18,173.00733947753906,17.2022647857666,17.333555221557617,105.4951400756836,9.000304222106934,8.114090919494629,0.002125656930729747
1.7764683573741716e+18,175.9613800048828,17.26791000366211,17.333555221557617,105.82337188720703,9.000304222106934,8.048444747924805,-0.12924224138259888
1.7764683573751718e+18,172.02264404296875,17.235088348388672,17.333555221557617,105.95465850830078,9.033126831054688,7.982799530029297,-0.16208422183990479
1.7764683573761718e+18,175.30491638183594,17.30073356628418,17.30073356628418,105.8890151977539,9.197240829467773,8.114090919494629,-0.07997927814722061
1.7764683573771717e+18,173.66378784179688,17.2022647857666,17.366378784179688,106.21723937988281,8.836190223693848,7.949976921081543,-0.12924224138259888
1.7764683573781716e+18,178.25897216796875,17.464847564697266,17.464847564697266,106.31571197509766,9.230063438415527,8.081267356872559,-0.09640026837587357
1.7764683573791716e+18,176.28961181640625,17.432024002075195,17.497669219970703,105.85619354248047,9.13159465789795,8.081267356872559,-0.030716318637132645
1.7764683573801718e+18,177.9307403564453,17.530492782592773,17.530492782592773,105.46231842041016,9.065949440002441,8.01562213897705,-0.06355829536914825
1.7764683573811717e+18,176.28961181640625,17.497669219970703,17.62895965576172,105.92183685302734,9.230063438415527,8.114090919494629,-0.0471373051404953
1.7764683573821716e+18,177.9307403564453,17.59613800048828,17.62895965576172,106.38135528564453,9.361353874206543,8.179736137390137,-0.030716318637132645
1.7764683573831716e+18,176.94606018066406,17.59613800048828,17.62895965576172,106.25006103515625,8.77054500579834,7.982799530029297,-0.09640026837587357
1.7764683573841718e+18,179.57188415527344,17.66178321838379,17.66178321838379,105.59361267089844,9.033126831054688,8.048444747924805,-0.07997927814722061
1.7764683573851717e+18,175.63314819335938,17.56331443786621,17.59613800048828,106.31571197509766,8.5736083984375,7.785863399505615,-0.1949261873960495
1.7764683573861716e+18,185.1517333984375,17.92436408996582,17.760251998901367,105.62643432617188,8.96748161315918,7.917154312133789,-0.21134717762470245
1.7764683573871716e+18,174.64846801757812,17.66178321838379,17.727428436279297,105.98748016357422,8.737722396850586,7.851508617401123,-0.309873104095459
1.7764683573881715e+18,176.61782836914062,17.56331443786621,17.66178321838379,105.46231842041016,9.492645263671875,8.245381355285645,-0.11282125860452652
1.7764683573891717e+18,181.2130126953125,17.69460678100586,17.66178321838379,105.62643432617188,9.853694915771484,8.507963180541992,0.06780960410833359
1.7764683573901716e+18,174.97669982910156,17.530492782592773,17.66178321838379,105.79054260253906,9.033126831054688,8.146913528442383,-0.01429533027112484
1.7764683573911716e+18,173.33555603027344,17.399202346801758,17.497669219970703,105.85619354248047,9.000304222106934,8.114090919494629,-0.030716318637132645
1.7764683573921715e+18,175.63314819335938,17.464847564697266,17.56331443786621,106.1187744140625,9.098772048950195,8.01562213897705,-0.09640026837587357
1.7764683573931715e+18,175.63314819335938,17.432024002075195,17.530492782592773,106.28289031982422,8.737722396850586,7.884331703186035,-0.11282125860452652
1.7764683573941716e+18,173.66378784179688,17.26791000366211,17.497669219970703,105.75772094726562,9.000304222106934,7.949976921081543,-0.11282125860452652
1.7764683573951716e+18,180.5565643310547,17.59613800048828,17.56331443786621,106.02030181884766,9.164417266845703,8.048444747924805,-0.0471373051404953
1.7764683573961715e+18,174.3202362060547,17.399202346801758,17.59613800048828,105.42949676513672,9.13159465789795,8.114090919494629,-0.030716318637132645
1.7764683573971715e+18,176.61782836914062,17.464847564697266,17.56331443786621,106.38135528564453,9.262886047363281,8.179736137390137,0.01854664459824562
1.7764683573981716e+18,175.30491638183594,17.399202346801758,17.530492782592773,105.75772094726562,9.13159465789795,8.081267356872559,-0.0471373051404953
1.7764683573991716e+18,177.2742919921875,17.464847564697266,17.530492782592773,106.05313110351562,9.361353874206543,8.21255874633789,0.05138861760497093
1.7764683574001715e+18,174.3202362060547,17.366378784179688,17.464847564697266,105.56078338623047,9.065949440002441,8.114090919494629,-0.01429533027112484
1.7764683574011715e+18,177.9307403564453,17.497669219970703,17.59613800048828,105.69207763671875,9.000304222106934,8.114090919494629,-0.0471373051404953
1.7764683574021714e+18,174.97669982910156,17.399202346801758,17.464847564697266,105.62643432617188,9.164417266845703,8.114090919494629,-0.030716318637132645
1.7764683574031716e+18,185.80819702148438,17.891542434692383,17.727428436279297,105.36384582519531,8.737722396850586,7.884331703186035,-0.14566323161125183
1.7764683574041715e+18,176.94606018066406,17.66178321838379,17.69460678100586,105.79054260253906,9.13159465789795,8.01562213897705,-0.12924224138259888
1.7764683574051715e+18,176.28961181640625,17.59613800048828,17.66178321838379,106.28289031982422,9.394176483154297,8.21255874633789,-0.0471373051404953
1.7764683574061714e+18,178.58718872070312,17.66178321838379,17.69460678100586,106.18441772460938,9.065949440002441,8.081267356872559,-0.07997927814722061
1.7764683574071716e+18,177.60250854492188,17.62895965576172,17.62895965576172,105.62643432617188,9.065949440002441,8.01562213897705,-0.07997927814722061
1.7764683574081715e+18,173.9920196533203,17.432024002075195,17.530492782592773,105.13408660888672,9.262886047363281,8.146913528442383,-0.06355829536914825
1.7764683574091715e+18,184.16705322265625,17.858718872070312,17.760251998901367,106.31571197509766,8.639254570007324,7.851508617401123,-0.16208422183990479
1.7764683574101714e+18,175.30491638183594,17.59613800048828,17.66178321838379,106.1187744140625,9.197240829467773,8.01562213897705,-0.11282125860452652
1.7764683574111713e+18,178.25897216796875,17.62895965576172,17.760251998901367,105.98748016357422,9.098772048950195,8.048444747924805,-0.06355829536914825
1.7764683574121715e+18,180.22833251953125,17.66178321838379,17.793073654174805,106.02030181884766,9.197240829467773,8.179736137390137,-0.01429533027112484
1.7764683574131715e+18,177.60250854492188,17.62895965576172,17.760251998901367,105.42949676513672,9.328531265258789,8.179736137390137,-0.01429533027112484
1.7764683574141714e+18,176.28961181640625,17.59613800048828,17.727428436279297,106.15159606933594,8.540785789489746,7.851508617401123,-0.11282125860452652
1.7764683574151713e+18,181.54124450683594,17.793073654174805,17.760251998901367,105.72489929199219,9.13159465789795,8.01562213897705,-0.17850521206855774
1.7764683574161715e+18,175.9613800048828,17.56331443786621,17.66178321838379,105.42949676513672,8.96748161315918,7.949976921081543,-0.21134717762470245
1.7764683574171715e+18,176.61782836914062,17.497669219970703,17.62895965576172,105.62643432617188,9.033126831054688,7.949976921081543,-0.14566323161125183
1.7764683574181714e+18,176.61782836914062,17.59613800048828,17.59613800048828,106.25006103515625,9.033126831054688,8.01562213897705,-0.21134717762470245
1.7764683574191713e+18,183.83883666992188,17.92436408996582,17.793073654174805,106.05313110351562,8.507963180541992,7.720217704772949,-0.2606101334095001
1.7764683574201713e+18,176.94606018066406,17.66178321838379,17.760251998901367,106.28289031982422,9.065949440002441,7.949976921081543,-0.2606101334095001
1.7764683574211715e+18,174.64846801757812,17.497669219970703,17.66178321838379,105.69207763671875,8.737722396850586,7.785863399505615,-0.309873104095459
1.7764683574221714e+18,174.97669982910156,17.464847564697266,17.530492782592773,105.65925598144531,9.262886047363281,8.048444747924805,-0.2606101334095001
1.7764683574231713e+18,174.64846801757812,17.366378784179688,17.497669219970703,105.13408660888672,8.836190223693848,7.949976921081543,-0.2606101334095001
1.7764683574241713e+18,175.30491638183594,17.399202346801758,17.530492782592773,105.79054260253906,9.000304222106934,7.982799530029297,-0.21134717762470245
1.7764683574251712e+18,175.63314819335938,17.399202346801758,17.464847564697266,105.79054260253906,9.000304222106934,7.949976921081543,-0.2277681678533554
1.7764683574261714e+18,175.30491638183594,17.399202346801758,17.497669219970703,105.8890151977539,8.836190223693848,7.949976921081543,-0.2277681678533554
1.7764683574271713e+18,173.66378784179688,17.26791000366211,17.432024002075195,106.1187744140625,9.295708656311035,8.114090919494629,-0.12924224138259888
1.7764683574281713e+18,186.79287719726562,17.858718872070312,17.69460678100586,106.38135528564453,8.96748161315918,8.048444747924805,-0.09640026837587357
1.7764683574291712e+18,175.9613800048828,17.62895965576172,17.66178321838379,105.36384582519531,8.96748161315918,7.949976921081543,-0.09640026837587357
1.7764683574301714e+18,177.9307403564453,17.66178321838379,17.66178321838379,106.15159606933594,9.098772048950195,7.982799530029297,-0.11282125860452652
1.7764683574311713e+18,175.30491638183594,17.497669219970703,17.59613800048828,106.1187744140625,9.000304222106934,8.048444747924805,-0.11282125860452652
1.7764683574321713e+18,179.9001007080078,17.62895965576172,17.69460678100586,106.28289031982422,9.230063438415527,8.114090919494629,-0.06355829536914825
1.7764683574331712e+18,175.9613800048828,17.530492782592773,17.66178321838379,106.25006103515625,9.065949440002441,8.114090919494629,-0.0471373051404953
1.7764683574341711e+18,184.16705322265625,17.793073654174805,17.727428436279297,105.42949676513672,9.033126831054688,8.048444747924805,-0.09640026837587357
1.7764683574351713e+18,175.63314819335938,17.66178321838379,17.727428436279297,106.08595275878906,9.262886047363281,8.114090919494629,-0.07997927814722061
1.7764683574361713e+18,177.60250854492188,17.66178321838379,17.66178321838379,105.98748016357422,8.869012832641602,7.982799530029297,-0.09640026837587357
1.7764683574371712e+18,176.61782836914062,17.62895965576172,17.62895965576172,106.25006103515625,9.13159465789795,8.114090919494629,-0.11282125860452652
1.7764683574381711e+18,177.60250854492188,17.530492782592773,17.62895965576172,105.59361267089844,9.197240829467773,8.146913528442383,-0.09640026837587357
1.7764683574391713e+18,174.64846801757812,17.432024002075195,17.530492782592773,106.6767578125,8.934659004211426,8.081267356872559,-0.11282125860452652
1.7764683574401713e+18,175.9613800048828,17.464847564697266,17.56331443786621,105.8890151977539,8.869012832641602,7.949976921081543,-0.14566323161125183
1.7764683574411712e+18,173.9920196533203,17.399202346801758,17.530492782592773,106.61111450195312,8.376672744750977,7.687395095825195,-0.29345211386680603
1.7764683574421711e+18,174.64846801757812,17.333555221557617,17.432024002075195,106.64393615722656,8.869012832641602,7.720217704772949,-0.35913607478141785
1.776468357443171e+18,177.60250854492188,17.432024002075195,17.497669219970703,105.95465850830078,8.901835441589355,7.851508617401123,-0.3427150845527649
1.7764683574441713e+18,175.9613800048828,17.432024002075195,17.497669219970703,105.62643432617188,9.098772048950195,7.917154312133789,-0.24418915808200836
1.7764683574451712e+18,175.30491638183594,17.432024002075195,17.464847564697266,105.95465850830078,9.262886047363281,8.146913528442383,-0.07997927814722061
1.7764683574461711e+18,175.30491638183594,17.432024002075195,17.497669219970703,106.08595275878906,9.230063438415527,8.179736137390137,-0.01429533027112484
1.776468357447171e+18,177.9307403564453,17.497669219970703,17.59613800048828,106.1187744140625,9.328531265258789,8.21255874633789,-0.01429533027112484
1.7764683574481713e+18,173.66378784179688,17.366378784179688,17.530492782592773,106.51264953613281,9.197240829467773,8.179736137390137,0.034967631101608276
1.7764683574491712e+18,177.2742919921875,17.464847564697266,17.497669219970703,106.47982025146484,9.000304222106934,8.114090919494629,-0.01429533027112484
1.7764683574501711e+18,173.66378784179688,17.333555221557617,17.399202346801758,106.70957946777344,8.96748161315918,8.048444747924805,-0.06355829536914825
1.776468357451171e+18,177.9307403564453,17.464847564697266,17.497669219970703,105.98748016357422,9.065949440002441,8.048444747924805,-0.06355829536914825
1.776468357452171e+18,176.28961181640625,17.464847564697266,17.432024002075195,105.95465850830078,9.328531265258789,8.179736137390137,-0.01429533027112484
1.7764683574531712e+18,177.9307403564453,17.530492782592773,17.56331443786621,106.31571197509766,8.803367614746094,7.917154312133789,-0.14566323161125183
1.7764683574541711e+18,174.3202362060547,17.366378784179688,17.497669219970703,105.85619354248047,9.952162742614746,8.475140571594238,0.034967631101608276
1.776468357455171e+18,176.94606018066406,17.530492782592773,17.530492782592773,106.18441772460938,8.803367614746094,8.114090919494629,-0.06355829536914825
1.776468357456171e+18,173.00733947753906,17.30073356628418,17.399202346801758,105.98748016357422,9.42699909210205,8.278203964233398,-0.01429533027112484
1.776468357457171e+18,175.63314819335938,17.366378784179688,17.333555221557617,105.75772094726562,9.295708656311035,8.245381355285645,0.05138861760497093
1.7764683574581711e+18,174.64846801757812,17.30073356628418,17.432024002075195,105.62643432617188,9.13159465789795,8.114090919494629,0.002125656930729747
1.776468357459171e+18,175.9613800048828,17.399202346801758,17.399202346801758,105.85619354248047,9.000304222106934,8.081267356872559,-0.030716318637132645
1.776468357460171e+18,174.3202362060547,17.30073356628418,17.399202346801758,105.4951400756836,9.065949440002441,8.081267356872559,-0.07997927814722061
1.776468357461171e+18,177.9307403564453,17.497669219970703,17.432024002075195,105.36384582519531,9.230063438415527,8.114090919494629,-0.0471373051404953
1.7764683574621711e+18,176.94606018066406,17.432024002075195,17.530492782592773,105.75772094726562,9.164417266845703,8.081267356872559,-0.11282125860452652
1.776468357463171e+18,178.58718872070312,17.56331443786621,17.62895965576172,106.18441772460938,9.394176483154297,8.245381355285645,0.034967631101608276
1.776468357464171e+18,175.9613800048828,17.464847564697266,17.59613800048828,105.59361267089844,9.230063438415527,8.21255874633789,0.05138861760497093
1.776468357465171e+18,178.58718872070312,17.59613800048828,17.62895965576172,106.28289031982422,8.77054500579834,7.917154312133789,-0.06355829536914825
1.776468357466171e+18,179.24365234375,17.69460678100586,17.66178321838379,106.15159606933594,9.000304222106934,7.982799530029297,-0.06355829536914825
1.776468357467171e+18,179.24365234375,17.66178321838379,17.727428436279297,105.52796173095703,9.033126831054688,7.982799530029297,-0.14566323161125183
1.776468357468171e+18,178.25897216796875,17.69460678100586,17.727428436279297,105.59361267089844,9.098772048950195,8.01562213897705,-0.09640026837587357
1.776468357469171e+18,176.94606018066406,17.66178321838379,17.760251998901367,105.95465850830078,9.13159465789795,8.114090919494629,-0.12924224138259888
1.7764683574701711e+18,177.9307403564453,17.66178321838379,17.760251998901367,106.51264953613281,9.230063438415527,8.146913528442383,-0.12924224138259888
1.776468357471171e+18,177.60250854492188,17.59613800048828,17.69460678100586,105.52796173095703,8.901835441589355,7.982799530029297,-0.16208422183990479
1.7764683574721713e+18,177.2742919921875,17.59613800048828,17.66178321838379,105.8890151977539,9.000304222106934,7.982799530029297,-0.16208422183990479
1.7764683574731712e+18,175.9613800048828,17.56331443786621,17.59613800048828,105.56078338623047,9.13159465789795,8.081267356872559,-0.09640026837587357
1.7764683574741714e+18,176.28961181640625,17.56331443786621,17.530492782592773,106.38135528564453,9.065949440002441,8.01562213897705,-0.09640026837587357
1.7764683574751713e+18,173.33555603027344,17.333555221557617,17.464847564697266,105.98748016357422,9.197240829467773,8.114090919494629,-0.11282125860452652
1.7764683574761715e+18,177.60250854492188,17.464847564697266,17.59613800048828,106.4469985961914,9.065949440002441,8.081267356872559,-0.07997927814722061
1.7764683574771715e+18,175.63314819335938,17.399202346801758,17.56331443786621,105.72489929199219,9.098772048950195,8.081267356872559,-0.030716318637132645
1.7764683574781716e+18,180.22833251953125,17.59613800048828,17.59613800048828,106.64393615722656,9.558290481567383,8.179736137390137,0.034967631101608276
1.7764683574791716e+18,174.3202362060547,17.399202346801758,17.530492782592773,105.46231842041016,9.492645263671875,8.343849182128906,0.1334935575723648
1.7764683574801718e+18,183.182373046875,17.793073654174805,17.69460678100586,106.28289031982422,8.77054500579834,8.081267356872559,0.034967631101608276
1.7764683574811717e+18,174.97669982910156,17.530492782592773,17.66178321838379,105.82337188720703,8.540785789489746,7.753040790557861,-0.14566323161125183
1.776468357482172e+18,179.57188415527344,17.760251998901367,17.727428436279297,105.72489929199219,9.230063438415527,8.01562213897705,-0.11282125860452652
1.7764683574831718e+18,175.9613800048828,17.59613800048828,17.62895965576172,105.69207763671875,9.295708656311035,8.146913528442383,-0.11282125860452652
1.776468357484172e+18,181.8694610595703,17.793073654174805,17.793073654174805,105.46231842041016,9.065949440002441,8.048444747924805,-0.09640026837587357
1.776468357485172e+18,175.30491638183594,17.62895965576172,17.69460678100586,105.82337188720703,8.836190223693848,7.949976921081543,-0.16208422183990479
1.7764683574861722e+18,177.60250854492188,17.69460678100586,17.69460678100586,105.56078338623047,8.672077178955078,7.851508617401123,-0.21134717762470245
1.776468357487172e+18,174.97669982910156,17.530492782592773,17.62895965576172,105.79054260253906,8.96748161315918,7.917154312133789,-0.1949261873960495
1.7764683574881723e+18,179.24365234375,17.62895965576172,17.62895965576172,105.79054260253906,9.230063438415527,8.048444747924805,-0.21134717762470245
1.7764683574891722e+18,174.3202362060547,17.432024002075195,17.59613800048828,105.8890151977539,8.934659004211426,7.884331703186035,-0.2277681678533554
1.7764683574901724e+18,177.2742919921875,17.530492782592773,17.530492782592773,105.8890151977539,8.934659004211426,7.917154312133789,-0.1949261873960495
1.7764683574911726e+18,174.3202362060547,17.432024002075195,17.497669219970703,106.05313110351562,8.836190223693848,7.884331703186035,-0.2277681678533554
1.7764683574921725e+18,175.9613800048828,17.366378784179688,17.497669219970703,105.62643432617188,8.869012832641602,7.851508617401123,-0.21134717762470245
1.7764683574931727e+18,182.5259246826172,17.727428436279297,17.66178321838379,106.28289031982422,8.96748161315918,7.917154312133789,-0.29345211386680603
1.7764683574941727e+18,177.9307403564453,17.59613800048828,17.727428436279297,105.69207763671875,9.230063438415527,8.048444747924805,-0.1949261873960495
1.7764683574951729e+18,176.94606018066406,17.59613800048828,17.59613800048828,106.51264953613281,9.295708656311035,8.114090919494629,-0.06355829536914825
1.7764683574961728e+18,183.83883666992188,17.858718872070312,17.825897216796875,105.92183685302734,9.164417266845703,8.114090919494629,-0.01429533027112484
1.776468357497173e+18,175.9613800048828,17.69460678100586,17.793073654174805,106.77523040771484,8.934659004211426,8.048444747924805,-0.11282125860452652
1.776468357498173e+18,177.2742919921875,17.66178321838379,17.760251998901367,106.02030181884766,9.065949440002441,8.048444747924805,-0.06355829536914825
1.776468357499173e+18,179.57188415527344,17.727428436279297,17.760251998901367,105.39667510986328,9.13159465789795,8.081267356872559,0.01854664459824562
1.776468357500173e+18,177.9307403564453,17.59613800048828,17.69460678100586,105.85619354248047,9.230063438415527,8.048444747924805,-0.01429533027112484
1.7764683575011732e+18,175.63314819335938,17.62895965576172,17.62895965576172,106.28289031982422,9.098772048950195,7.949976921081543,-0.09640026837587357
1.7764683575021732e+18,176.61782836914062,17.530492782592773,17.62895965576172,106.21723937988281,9.033126831054688,8.048444747924805,-0.11282125860452652
1.7764683575031734e+18,176.61782836914062,17.530492782592773,17.59613800048828,106.51264953613281,9.098772048950195,8.048444747924805,-0.09640026837587357
1.7764683575041733e+18,173.9920196533203,17.366378784179688,17.530492782592773,105.72489929199219,8.836190223693848,7.884331703186035,-0.24418915808200836
1.7764683575051735e+18,175.9613800048828,17.333555221557617,17.464847564697266,106.21723937988281,9.065949440002441,8.048444747924805,-0.1949261873960495
1.7764683575061734e+18,176.61782836914062,17.432024002075195,17.464847564697266,106.05313110351562,9.230063438415527,8.114090919494629,-0.09640026837587357
1.7764683575071736e+18,175.9613800048828,17.432024002075195,17.497669219970703,105.62643432617188,9.459821701049805,8.179736137390137,0.002125656930729747
1.7764683575081736e+18,171.36619567871094,17.30073356628418,17.399202346801758,105.69207763671875,8.869012832641602,8.048444747924805,-0.030716318637132645
1.7764683575091738e+18,175.9613800048828,17.333555221557617,17.366378784179688,105.69207763671875,9.525467872619629,8.278203964233398,0.01854664459824562
1.7764683575101737e+18,174.3202362060547,17.30073356628418,17.399202346801758,105.23255920410156,9.13159465789795,8.146913528442383,0.06780960410833359
1.776468357511174e+18,177.2742919921875,17.464847564697266,17.497669219970703,105.42949676513672,9.230063438415527,8.179736137390137,0.08423059433698654
1.7764683575121738e+18,174.64846801757812,17.366378784179688,17.464847564697266,106.05313110351562,9.098772048950195,8.146913528442383,0.01854664459824562
1.776468357513174e+18,178.25897216796875,17.464847564697266,17.530492782592773,106.18441772460938,9.098772048950195,8.048444747924805,-0.01429533027112484
1.776468357514174e+18,175.63314819335938,17.464847564697266,17.56331443786621,106.28289031982422,9.262886047363281,8.146913528442383,0.05138861760497093
1.7764683575151741e+18,177.9307403564453,17.56331443786621,17.530492782592773,105.46231842041016,8.869012832641602,7.949976921081543,-0.030716318637132645
1.776468357516174e+18,178.91542053222656,17.62895965576172,17.62895965576172,105.98748016357422,9.033126831054688,7.949976921081543,-0.09640026837587357
1.7764683575171743e+18,177.60250854492188,17.62895965576172,17.62895965576172,106.51264953613281,8.934659004211426,7.949976921081543,-0.14566323161125183
1.7764683575181742e+18,174.97669982910156,17.497669219970703,17.56331443786621,106.57829284667969,8.96748161315918,7.949976921081543,-0.17850521206855774
1.7764683575191744e+18,184.4952850341797,17.858718872070312,17.727428436279297,106.61111450195312,9.689580917358398,8.311026573181152,-0.0471373051404953
1.7764683575201743e+18,177.60250854492188,17.66178321838379,17.727428436279297,105.85619354248047,8.507963180541992,7.949976921081543,-0.12924224138259888
1.7764683575211745e+18,177.2742919921875,17.62895965576172,17.69460678100586,105.52796173095703,9.262886047363281,8.146913528442383,-0.06355829536914825
1.7764683575221745e+18,175.63314819335938,17.464847564697266,17.59613800048828,106.15159606933594,9.164417266845703,8.179736137390137,-0.06355829536914825
1.7764683575231747e+18,176.28961181640625,17.497669219970703,17.62895965576172,105.98748016357422,9.262886047363281,8.21255874633789,-0.01429533027112484
1.7764683575241748e+18,173.66378784179688,17.333555221557617,17.530492782592773,106.7424087524414,9.230063438415527,8.146913528442383,0.01854664459824562
1.7764683575251748e+18,174.64846801757812,17.432024002075195,17.464847564697266,106.02030181884766,9.262886047363281,8.146913528442383,0.002125656930729747
1.776468357526175e+18,173.33555603027344,17.30073356628418,17.432024002075195,106.18441772460938,8.869012832641602,8.01562213897705,-0.01429533027112484
1.776468357527175e+18,174.97669982910156,17.333555221557617,17.366378784179688,105.8890151977539,9.033126831054688,8.01562213897705,-0.01429533027112484
1.776468357528175e+18,177.60250854492188,17.464847564697266,17.464847564697266,105.72489929199219,9.262886047363281,8.114090919494629,0.002125656930729747
1.776468357529175e+18,175.30491638183594,17.366378784179688,17.497669219970703,105.8890151977539,9.328531265258789,8.21255874633789,0.06780960410833359
1.7764683575301752e+18,179.9001007080078,17.56331443786621,17.59613800048828,105.75772094726562,9.065949440002441,8.048444747924805,0.034967631101608276
1.7764683575311752e+18,173.9920196533203,17.399202346801758,17.530492782592773,106.57829284667969,9.033126831054688,8.114090919494629,0.01854664459824562
1.7764683575321754e+18,175.9613800048828,17.464847564697266,17.530492782592773,105.8890151977539,9.328531265258789,8.179736137390137,0.05138861760497093
1.7764683575331753e+18,176.61782836914062,17.464847564697266,17.56331443786621,106.1187744140625,8.737722396850586,7.949976921081543,-0.0471373051404953
1.7764683575341755e+18,178.91542053222656,17.59613800048828,17.59613800048828,106.18441772460938,9.262886047363281,8.048444747924805,-0.0471373051404953
1.7764683575351754e+18,175.30491638183594,17.464847564697266,17.497669219970703,105.95465850830078,9.361353874206543,8.179736137390137,-0.01429533027112484
1.7764683575361756e+18,178.25897216796875,17.530492782592773,17.497669219970703,105.39667510986328,8.77054500579834,7.949976921081543,-0.07997927814722061
1.7764683575371756e+18,175.63314819335938,17.464847564697266,17.530492782592773,105.65925598144531,9.492645263671875,8.278203964233398,0.002125656930729747
1.7764683575381757e+18,177.2742919921875,17.464847564697266,17.530492782592773,106.31571197509766,9.262886047363281,8.245381355285645,-0.01429533027112484
1.7764683575391757e+18,179.24365234375,17.62895965576172,17.56331443786621,105.75772094726562,9.164417266845703,8.21255874633789,0.002125656930729747
1.776468357540176e+18,176.94606018066406,17.530492782592773,17.59613800048828,105.69207763671875,9.065949440002441,8.179736137390137,0.01854664459824562
1.7764683575411758e+18,173.33555603027344,17.333555221557617,17.497669219970703,106.1187744140625,8.934659004211426,8.048444747924805,-0.0471373051404953
1.776468357542176e+18,177.9307403564453,17.497669219970703,17.530492782592773,105.92183685302734,9.13159465789795,8.081267356872559,-0.06355829536914825
1.776468357543176e+18,175.9613800048828,17.464847564697266,17.56331443786621,106.21723937988281,9.230063438415527,8.146913528442383,-0.06355829536914825
1.776468357544176e+18,178.25897216796875,17.530492782592773,17.59613800048828,106.3485336303711,9.262886047363281,8.21255874633789,0.05138861760497093
1.776468357545176e+18,176.28961181640625,17.530492782592773,17.62895965576172,106.18441772460938,9.230063438415527,8.146913528442383,0.05138861760497093
1.7764683575461763e+18,177.9307403564453,17.56331443786621,17.59613800048828,105.33102416992188,9.098772048950195,8.146913528442383,0.002125656930729747
1.7764683575471762e+18,177.60250854492188,17.59613800048828,17.59613800048828,105.62643432617188,8.96748161315918,8.01562213897705,-0.0471373051404953
1.7764683575481764e+18,178.25897216796875,17.62895965576172,17.66178321838379,105.42949676513672,9.000304222106934,8.01562213897705,-0.09640026837587357
1.7764683575491763e+18,176.94606018066406,17.62895965576172,17.69460678100586,106.08595275878906,9.394176483154297,8.179736137390137,-0.01429533027112484
1.7764683575501765e+18,178.25897216796875,17.62895965576172,17.69460678100586,106.31571197509766,9.065949440002441,8.081267356872559,-0.030716318637132645
1.7764683575511764e+18,175.9613800048828,17.530492782592773,17.59613800048828,106.70957946777344,9.164417266845703,8.114090919494629,-0.030716318637132645
1.7764683575521766e+18,177.60250854492188,17.530492782592773,17.59613800048828,106.02030181884766,9.000304222106934,8.048444747924805,-0.06355829536914825
1.7764683575531766e+18,177.2742919921875,17.497669219970703,17.530492782592773,105.72489929199219,9.13159465789795,8.081267356872559,-0.07997927814722061
1.7764683575541768e+18,176.94606018066406,17.464847564697266,17.530492782592773,105.95465850830078,9.065949440002441,8.048444747924805,-0.11282125860452652
1.776468357555177e+18,174.3202362060547,17.399202346801758,17.530492782592773,106.80805206298828,9.065949440002441,8.081267356872559,-0.12924224138259888
1.776468357556177e+18,176.94606018066406,17.464847564697266,17.464847564697266,105.85619354248047,9.197240829467773,8.114090919494629,-0.11282125860452652
1.776468357557177e+18,175.63314819335938,17.399202346801758,17.399202346801758,105.79054260253906,8.836190223693848,7.982799530029297,-0.17850521206855774
1.776468357558177e+18,174.3202362060547,17.333555221557617,17.399202346801758,105.52796173095703,9.591113090515137,8.343849182128906,-0.01429533027112484
1.7764683575591772e+18,174.97669982910156,17.366378784179688,17.464847564697266,106.93933868408203,9.164417266845703,8.179736137390137,0.002125656930729747
1.7764683575601772e+18,179.9001007080078,17.59613800048828,17.59613800048828,106.51264953613281,9.13159465789795,8.146913528442383,0.034967631101608276
1.7764683575611773e+18,175.63314819335938,17.497669219970703,17.497669219970703,106.38135528564453,9.492645263671875,8.278203964233398,0.08423059433698654
1.7764683575621773e+18,174.64846801757812,17.432024002075195,17.497669219970703,106.05313110351562,9.065949440002441,8.179736137390137,0.05138861760497093
1.7764683575631775e+18,176.94606018066406,17.497669219970703,17.497669219970703,106.54547119140625,9.492645263671875,8.311026573181152,0.14991454780101776
1.7764683575641774e+18,175.9613800048828,17.530492782592773,17.530492782592773,106.08595275878906,8.901835441589355,8.081267356872559,0.05138861760497093
1.7764683575651776e+18,177.9307403564453,17.530492782592773,17.56331443786621,105.95465850830078,9.164417266845703,8.179736137390137,0.08423059433698654
1.7764683575661775e+18,174.97669982910156,17.464847564697266,17.497669219970703,105.65925598144531,9.098772048950195,8.048444747924805,-0.0471373051404953
1.7764683575671777e+18,176.94606018066406,17.530492782592773,17.56331443786621,106.54547119140625,9.197240829467773,8.114090919494629,-0.01429533027112484
1.7764683575681777e+18,175.30491638183594,17.464847564697266,17.497669219970703,106.21723937988281,9.13159465789795,8.081267356872559,-0.0471373051404953
1.7764683575691779e+18,178.25897216796875,17.530492782592773,17.56331443786621,105.52796173095703,8.606431007385254,7.851508617401123,-0.16208422183990479
1.7764683575701778e+18,176.28961181640625,17.432024002075195,17.59613800048828,106.15159606933594,9.065949440002441,7.949976921081543,-0.21134717762470245
1.776468357571178e+18,183.182373046875,17.760251998901367,17.69460678100586,106.70957946777344,9.033126831054688,8.048444747924805,-0.17850521206855774
1.776468357572178e+18,174.3202362060547,17.530492782592773,17.66178321838379,106.05313110351562,9.262886047363281,8.081267356872559,-0.16208422183990479
1.7764683575731779e+18,175.9613800048828,17.530492782592773,17.59613800048828,105.98748016357422,8.934659004211426,8.048444747924805,-0.12924224138259888
1.7764683575741778e+18,174.64846801757812,17.399202346801758,17.530492782592773,105.98748016357422,9.262886047363281,8.146913528442383,-0.09640026837587357
1.7764683575751777e+18,178.25897216796875,17.59613800048828,17.56331443786621,106.28289031982422,9.164417266845703,8.114090919494629,-0.07997927814722061
1.7764683575761777e+18,173.66378784179688,17.366378784179688,17.464847564697266,105.52796173095703,9.065949440002441,8.081267356872559,-0.0471373051404953
1.7764683575771776e+18,179.24365234375,17.56331443786621,17.56331443786621,105.59361267089844,8.96748161315918,8.048444747924805,-0.030716318637132645
1.7764683575781775e+18,175.9613800048828,17.497669219970703,17.59613800048828,106.54547119140625,9.295708656311035,8.179736137390137,0.002125656930729747
1.7764683575791775e+18,181.2130126953125,17.69460678100586,17.62895965576172,106.31571197509766,9.295708656311035,8.245381355285645,0.1006515845656395
1.7764683575801774e+18,176.94606018066406,17.59613800048828,17.62895965576172,106.05313110351562,9.262886047363281,8.146913528442383,0.06780960410833359
1.7764683575811773e+18,179.24365234375,17.69460678100586,17.727428436279297,105.92183685302734,8.934659004211426,8.01562213897705,-0.0471373051404953
1.7764683575821773e+18,177.2742919921875,17.59613800048828,17.69460678100586,105.69207763671875,9.098772048950195,8.01562213897705,0.002125656930729747
1.7764683575831772e+18,176.94606018066406,17.66178321838379,17.62895965576172,106.70957946777344,9.230063438415527,8.114090919494629,0.01854664459824562
1.7764683575841772e+18,175.63314819335938,17.497669219970703,17.62895965576172,106.08595275878906,8.737722396850586,7.851508617401123,-0.09640026837587357
1.776468357585177e+18,176.94606018066406,17.56331443786621,17.62895965576172,106.25006103515625,8.836190223693848,7.917154312133789,-0.16208422183990479
1.776468357586177e+18,176.94606018066406,17.56331443786621,17.62895965576172,106.51264953613281,9.000304222106934,7.917154312133789,-0.21134717762470245
1.776468357587177e+18,175.63314819335938,17.497669219970703,17.530492782592773,106.47982025146484,9.558290481567383,8.179736137390137,-0.07997927814722061
1.776468357588177e+18,175.9613800048828,17.464847564697266,17.56331443786621,106.1187744140625,9.591113090515137,8.311026573181152,0.002125656930729747
1.7764683575891768e+18,173.9920196533203,17.30073356628418,17.399202346801758,105.95465850830078,8.901835441589355,8.114090919494629,-0.030716318637132645
1.7764683575901768e+18,175.9613800048828,17.399202346801758,17.464847564697266,105.69207763671875,9.000304222106934,8.048444747924805,-0.0471373051404953
1.7764683575911767e+18,173.66378784179688,17.30073356628418,17.432024002075195,105.8890151977539,9.361353874206543,8.179736137390137,0.002125656930729747
1.7764683575921766e+18,175.30491638183594,17.366378784179688,17.399202346801758,105.75772094726562,8.672077178955078,7.917154312133789,-0.11282125860452652
1.7764683575931766e+18,173.00733947753906,17.26791000366211,17.366378784179688,105.65925598144531,8.836190223693848,7.917154312133789,-0.1949261873960495
1.7764683575941768e+18,183.182373046875,17.66178321838379,17.56331443786621,106.70957946777344,9.065949440002441,7.917154312133789,-0.1949261873960495
1.7764683575951767e+18,173.33555603027344,17.399202346801758,17.530492782592773,105.56078338623047,8.96748161315918,7.949976921081543,-0.1949261873960495
1.7764683575961766e+18,178.58718872070312,17.530492782592773,17.59613800048828,105.8890151977539,9.328531265258789,8.146913528442383,-0.14566323161125183
1.7764683575971766e+18,174.64846801757812,17.432024002075195,17.530492782592773,105.95465850830078,8.96748161315918,7.917154312133789,-0.16208422183990479
1.7764683575981765e+18,181.54124450683594,17.727428436279297,17.62895965576172,106.87369537353516,8.77054500579834,7.884331703186035,-0.2277681678533554
1.7764683575991764e+18,176.61782836914062,17.62895965576172,17.727428436279297,106.02030181884766,8.869012832641602,7.917154312133789,-0.21134717762470245
1.7764683576001764e+18,183.51060485839844,17.92436408996582,17.793073654174805,105.85619354248047,9.262886047363281,8.146913528442383,-0.12924224138259888
1.7764683576011763e+18,174.3202362060547,17.62895965576172,17.727428436279297,106.05313110351562,9.689580917358398,8.376672744750977,0.06780960410833359
1.7764683576021763e+18,183.83883666992188,17.891542434692383,17.858718872070312,106.18441772460938,9.591113090515137,8.442317962646484,0.14991454780101776
1.7764683576031762e+18,174.64846801757812,17.59613800048828,17.793073654174805,106.38135528564453,9.230063438415527,8.311026573181152,0.18275651335716248
1.7764683576041761e+18,177.60250854492188,17.530492782592773,17.66178321838379,105.95465850830078,9.13159465789795,8.21255874633789,0.1334935575723648
1.776468357605176e+18,175.9613800048828,17.530492782592773,17.62895965576172,105.85619354248047,9.098772048950195,8.21255874633789,0.11707256734371185
1.776468357606176e+18,178.25897216796875,17.62895965576172,17.66178321838379,105.98748016357422,9.033126831054688,8.081267356872559,0.01854664459824562
1.776468357607176e+18,173.9920196533203,17.432024002075195,17.530492782592773,106.02030181884766,9.065949440002441,8.048444747924805,-0.030716318637132645
1.7764683576081759e+18,176.28961181640625,17.464847564697266,17.530492782592773,105.75772094726562,9.000304222106934,7.949976921081543,-0.0471373051404953
1.7764683576091758e+18,173.33555603027344,17.26791000366211,17.399202346801758,105.29820251464844,9.000304222106934,8.048444747924805,-0.11282125860452652
1.7764683576101757e+18,177.60250854492188,17.399202346801758,17.464847564697266,105.72489929199219,9.230063438415527,8.114090919494629,-0.06355829536914825
1.7764683576111757e+18,177.60250854492188,17.56331443786621,17.530492782592773,106.51264953613281,8.606431007385254,7.785863399505615,-0.16208422183990479
1.7764683576121756e+18,178.58718872070312,17.66178321838379,17.66178321838379,105.62643432617188,9.361353874206543,8.114090919494629,-0.12924224138259888
1.7764683576131756e+18,176.94606018066406,17.56331443786621,17.727428436279297,105.82337188720703,9.000304222106934,8.048444747924805,-0.09640026837587357
1.7764683576141755e+18,177.9307403564453,17.59613800048828,17.727428436279297,106.1187744140625,9.230063438415527,8.114090919494629,-0.11282125860452652
1.7764683576151754e+18,176.28961181640625,17.56331443786621,17.66178321838379,105.39667510986328,9.262886047363281,8.179736137390137,-0.09640026837587357
1.7764683576161754e+18,177.2742919921875,17.59613800048828,17.62895965576172,105.23255920410156,9.098772048950195,8.081267356872559,-0.07997927814722061
1.7764683576171756e+18,175.9613800048828,17.59613800048828,17.59613800048828,105.56078338623047,9.459821701049805,8.311026573181152,0.05138861760497093
1.7764683576181755e+18,177.60250854492188,17.62895965576172,17.59613800048828,106.25006103515625,8.803367614746094,8.048444747924805,0.05138861760497093
1.7764683576191754e+18,175.30491638183594,17.464847564697266,17.59613800048828,105.95465850830078,9.262886047363281,8.146913528442383,-0.01429533027112484
1.7764683576201754e+18,176.28961181640625,17.432024002075195,17.530492782592773,105.46231842041016,8.869012832641602,7.982799530029297,-0.09640026837587357
1.7764683576211753e+18,175.30491638183594,17.399202346801758,17.464847564697266,106.1187744140625,9.262886047363281,8.114090919494629,-0.09640026837587357
1.7764683576221752e+18,174.64846801757812,17.366378784179688,17.464847564697266,105.85619354248047,9.230063438415527,8.179736137390137,-0.030716318637132645
1.7764683576231752e+18,173.66378784179688,17.333555221557617,17.432024002075195,106.70957946777344,9.065949440002441,8.146913528442383,-0.11282125860452652
1.776468357624175e+18,173.9920196533203,17.235088348388672,17.366378784179688,105.85619354248047,9.230063438415527,8.114090919494629,-0.0471373051404953
1.776468357625175e+18,175.63314819335938,17.333555221557617,17.399202346801758,106.57829284667969,9.000304222106934,8.081267356872559,-0.030716318637132645
1.776468357626175e+18,173.33555603027344,17.2022647857666,17.366378784179688,106.02030181884766,8.901835441589355,7.949976921081543,-0.09640026837587357
1.776468357627175e+18,180.22833251953125,17.530492782592773,17.497669219970703,106.28289031982422,9.197240829467773,8.081267356872559,-0.07997927814722061
1.7764683576281748e+18,173.9920196533203,17.399202346801758,17.530492782592773,105.95465850830078,9.262886047363281,8.114090919494629,-0.0471373051404953
1.7764683576291748e+18,176.94606018066406,17.464847564697266,17.56331443786621,105.79054260253906,9.262886047363281,8.21255874633789,0.06780960410833359
1.7764683576301747e+18,174.97669982910156,17.432024002075195,17.530492782592773,106.05313110351562,8.77054500579834,7.949976921081543,-0.09640026837587357
1.7764683576311747e+18,177.60250854492188,17.59613800048828,17.497669219970703,105.79054260253906,8.869012832641602,7.851508617401123,-0.17850521206855774
1.7764683576321746e+18,173.66378784179688,17.366378784179688,17.464847564697266,105.92183685302734,9.262886047363281,7.982799530029297,-0.09640026837587357
1.7764683576331745e+18,179.9001007080078,17.56331443786621,17.59613800048828,105.62643432617188,9.000304222106934,8.01562213897705,-0.09640026837587357
1.7764683576341745e+18,176.28961181640625,17.497669219970703,17.464847564697266,105.59361267089844,9.459821701049805,8.245381355285645,-0.06355829536914825
1.7764683576351744e+18,177.2742919921875,17.59613800048828,17.56331443786621,105.98748016357422,8.836190223693848,7.982799530029297,-0.11282125860452652
1.7764683576361743e+18,177.2742919921875,17.464847564697266,17.59613800048828,106.47982025146484,8.737722396850586,7.851508617401123,-0.17850521206855774
1.7764683576371743e+18,177.9307403564453,17.56331443786621,17.56331443786621,105.92183685302734,8.836190223693848,7.851508617401123,-0.2277681678533554
1.7764683576381742e+18,174.97669982910156,17.432024002075195,17.530492782592773,105.42949676513672,9.328531265258789,8.081267356872559,-0.1949261873960495
1.7764683576391741e+18,176.61782836914062,17.56331443786621,17.497669219970703,106.28289031982422,9.033126831054688,8.048444747924805,-0.11282125860452652
1.7764683576401743e+18,175.9613800048828,17.530492782592773,17.59613800048828,106.25006103515625,9.065949440002441,8.081267356872559,-0.12924224138259888
1.7764683576411743e+18,176.28961181640625,17.464847564697266,17.59613800048828,105.62643432617188,9.13159465789795,8.048444747924805,-0.06355829536914825
1.7764683576421742e+18,175.9613800048828,17.464847564697266,17.56331443786621,106.41417694091797,8.475140571594238,7.785863399505615,-0.24418915808200836
1.7764683576431741e+18,176.94606018066406,17.497669219970703,17.56331443786621,105.69207763671875,8.704899787902832,7.785863399505615,-0.309873104095459
1.776468357644174e+18,174.97669982910156,17.464847564697266,17.530492782592773,106.25006103515625,9.164417266845703,7.949976921081543,-0.2606101334095001
1.776468357645174e+18,184.16705322265625,17.793073654174805,17.760251998901367,105.46231842041016,9.230063438415527,8.081267356872559,-0.12924224138259888
1.776468357646174e+18,176.61782836914062,17.62895965576172,17.727428436279297,106.64393615722656,8.803367614746094,7.949976921081543,-0.1949261873960495
1.776468357647174e+18,178.25897216796875,17.59613800048828,17.69460678100586,106.28289031982422,8.803367614746094,7.917154312133789,-0.17850521206855774
1.7764683576481738e+18,176.61782836914062,17.59613800048828,17.66178321838379,106.02030181884766,9.492645263671875,8.179736137390137,-0.07997927814722061
1.7764683576491738e+18,181.8694610595703,17.727428436279297,17.760251998901367,105.56078338623047,8.96748161315918,8.01562213897705,-0.16208422183990479
1.7764683576501737e+18,176.28961181640625,17.62895965576172,17.727428436279297,105.85619354248047,8.77054500579834,7.982799530029297,-0.14566323161125183
1.7764683576511736e+18,176.28961181640625,17.530492782592773,17.66178321838379,106.05313110351562,8.96748161315918,7.982799530029297,-0.14566323161125183
1.7764683576521736e+18,176.28961181640625,17.56331443786621,17.59613800048828,106.47982025146484,9.328531265258789,8.114090919494629,-0.09640026837587357
1.7764683576531735e+18,176.28961181640625,17.464847564697266,17.59613800048828,106.02030181884766,8.836190223693848,7.949976921081543,-0.1949261873960495
1.7764683576541734e+18,175.63314819335938,17.464847564697266,17.530492782592773,106.15159606933594,9.065949440002441,8.081267356872559,-0.1949261873960495
1.7764683576551734e+18,173.9920196533203,17.30073356628418,17.497669219970703,105.59361267089844,9.262886047363281,8.179736137390137,-0.12924224138259888
1.7764683576561733e+18,174.64846801757812,17.333555221557617,17.432024002075195,105.75772094726562,9.295708656311035,8.21255874633789,-0.11282125860452652
1.7764683576571732e+18,177.2742919921875,17.497669219970703,17.464847564697266,105.56078338623047,9.000304222106934,8.114090919494629,-0.06355829536914825
1.7764683576581732e+18,174.64846801757812,17.366378784179688,17.432024002075195,105.42949676513672,9.033126831054688,8.048444747924805,-0.07997927814722061
1.776468357659173e+18,171.36619567871094,17.136619567871094,17.366378784179688,105.36384582519531,8.836190223693848,7.949976921081543,-0.11282125860452652
1.776468357660173e+18,185.1517333984375,17.825897216796875,17.59613800048828,105.79054260253906,8.96748161315918,7.982799530029297,-0.11282125860452652
1.776468357661173e+18,175.9613800048828,17.66178321838379,17.69460678100586,106.51264953613281,9.262886047363281,8.081267356872559,-0.06355829536914825
1.776468357662173e+18,177.60250854492188,17.62895965576172,17.66178321838379,105.69207763671875,9.394176483154297,8.179736137390137,0.01854664459824562
1.7764683576631729e+18,181.8694610595703,17.793073654174805,17.760251998901367,105.69207763671875,8.934659004211426,8.081267356872559,-0.06355829536914825
1.776468357664173e+18,179.24365234375,17.793073654174805,17.858718872070312,106.4469985961914,8.836190223693848,7.949976921081543,-0.12924224138259888
1.776468357665173e+18,176.28961181640625,17.59613800048828,17.760251998901367,105.19973754882812,9.295708656311035,8.146913528442383,-0.06355829536914825
1.776468357666173e+18,178.91542053222656,17.69460678100586,17.727428436279297,106.05313110351562,9.098772048950195,8.114090919494629,-0.07997927814722061
1.7764683576671729e+18,175.9613800048828,17.464847564697266,17.66178321838379,105.8890151977539,9.098772048950195,8.01562213897705,-0.09640026837587357
1.7764683576681728e+18,177.60250854492188,17.56331443786621,17.62895965576172,105.65925598144531,8.737722396850586,7.917154312133789,-0.17850521206855774
1.7764683576691727e+18,175.9613800048828,17.497669219970703,17.62895965576172,105.62643432617188,8.540785789489746,7.687395095825195,-0.3755570650100708
1.7764683576701727e+18,177.60250854492188,17.59613800048828,17.59613800048828,105.59361267089844,8.704899787902832,7.720217704772949,-0.32629409432411194
1.7764683576711726e+18,182.19769287109375,17.760251998901367,17.727428436279297,105.75772094726562,9.459821701049805,8.081267356872559,-0.1949261873960495
1.7764683576721728e+18,176.94606018066406,17.66178321838379,17.66178321838379,105.46231842041016,8.901835441589355,7.917154312133789,-0.2277681678533554
1.7764683576731727e+18,172.3508758544922,17.366378784179688,17.56331443786621,105.42949676513672,9.000304222106934,7.982799530029297,-0.2277681678533554
1.776468357674173e+18,177.2742919921875,17.497669219970703,17.530492782592773,105.95465850830078,9.13159465789795,8.01562213897705,-0.1949261873960495
1.7764683576751729e+18,173.66378784179688,17.399202346801758,17.464847564697266,106.38135528564453,8.836190223693848,7.851508617401123,-0.2606101334095001
1.776468357676173e+18,177.60250854492188,17.497669219970703,17.530492782592773,105.98748016357422,8.96748161315918,7.917154312133789,-0.24418915808200836
1.776468357677173e+18,176.28961181640625,17.432024002075195,17.497669219970703,105.8890151977539,9.295708656311035,8.114090919494629,-0.09640026837587357
1.7764683576781732e+18,178.58718872070312,17.56331443786621,17.530492782592773,105.72489929199219,9.033126831054688,8.048444747924805,-0.11282125860452652
1.776468357679173e+18,179.9001007080078,17.69460678100586,17.66178321838379,106.3485336303711,9.033126831054688,8.01562213897705,-0.06355829536914825
1.7764683576801733e+18,177.60250854492188,17.62895965576172,17.66178321838379,106.38135528564453,9.459821701049805,8.21255874633789,0.01854664459824562
1.7764683576811732e+18,176.28961181640625,17.497669219970703,17.66178321838379,105.59361267089844,9.328531265258789,8.179736137390137,0.01854664459824562
1.7764683576821732e+18,178.58718872070312,17.62895965576172,17.66178321838379,105.59361267089844,9.295708656311035,8.311026573181152,0.1334935575723648
1.7764683576831734e+18,178.58718872070312,17.62895965576172,17.69460678100586,105.42949676513672,9.42699909210205,8.278203964233398,0.1334935575723648
1.7764683576841733e+18,179.24365234375,17.66178321838379,17.727428436279297,105.4951400756836,9.361353874206543,8.311026573181152,0.14991454780101776
1.7764683576851735e+18,179.24365234375,17.69460678100586,17.793073654174805,105.56078338623047,9.164417266845703,8.245381355285645,0.08423059433698654
1.7764683576861734e+18,176.94606018066406,17.530492782592773,17.760251998901367,105.69207763671875,8.901835441589355,8.081267356872559,0.05138861760497093
1.7764683576871736e+18,176.61782836914062,17.530492782592773,17.62895965576172,106.05313110351562,9.262886047363281,8.179736137390137,0.034967631101608276
1.7764683576881736e+18,179.24365234375,17.62895965576172,17.69460678100586,105.92183685302734,9.328531265258789,8.311026573181152,0.05138861760497093
1.7764683576891738e+18,175.9613800048828,17.56331443786621,17.59613800048828,105.52796173095703,9.262886047363281,8.21255874633789,0.01854664459824562
1.7764683576901737e+18,174.64846801757812,17.464847564697266,17.56331443786621,106.3485336303711,9.197240829467773,8.245381355285645,0.034967631101608276
1.776468357691174e+18,174.64846801757812,17.432024002075195,17.530492782592773,105.4951400756836,9.295708656311035,8.245381355285645,0.06780960410833359
1.7764683576921738e+18,177.2742919921875,17.432024002075195,17.497669219970703,105.56078338623047,9.065949440002441,8.179736137390137,0.01854664459824562
1.776468357693174e+18,175.30491638183594,17.333555221557617,17.530492782592773,105.98748016357422,9.459821701049805,8.278203964233398,0.11707256734371185
1.776468357694174e+18,174.3202362060547,17.235088348388672,17.399202346801758,105.52796173095703,9.13159465789795,8.179736137390137,0.1006515845656395
1.7764683576951741e+18,178.91542053222656,17.497669219970703,17.464847564697266,106.02030181884766,9.295708656311035,8.21255874633789,0.1334935575723648
1.776468357696174e+18,176.28961181640625,17.464847564697266,17.56331443786621,106.41417694091797,9.098772048950195,8.179736137390137,0.11707256734371185
1.776468357697174e+18,177.60250854492188,17.432024002075195,17.530492782592773,106.02030181884766,9.065949440002441,8.048444747924805,0.01854664459824562
1.7764683576981742e+18,176.28961181640625,17.464847564697266,17.530492782592773,106.31571197509766,9.13159465789795,8.048444747924805,-0.01429533027112484
1.7764683576991741e+18,178.25897216796875,17.59613800048828,17.59613800048828,105.92183685302734,9.098772048950195,8.081267356872559,-0.030716318637132645
1.7764683577001743e+18,174.64846801757812,17.432024002075195,17.530492782592773,105.46231842041016,9.000304222106934,8.01562213897705,-0.07997927814722061
1.7764683577011743e+18,176.94606018066406,17.497669219970703,17.56331443786621,107.03781127929688,8.901835441589355,7.982799530029297,-0.14566323161125183
1.7764683577021745e+18,175.9613800048828,17.464847564697266,17.530492782592773,106.02030181884766,8.96748161315918,7.949976921081543,-0.17850521206855774
1.7764683577031744e+18,177.60250854492188,17.530492782592773,17.56331443786621,105.98748016357422,9.262886047363281,8.114090919494629,-0.07997927814722061
1.7764683577041746e+18,184.82351684570312,17.858718872070312,17.727428436279297,106.15159606933594,8.803367614746094,7.982799530029297,-0.21134717762470245
1.7764683577051745e+18,177.9307403564453,17.69460678100586,17.727428436279297,105.72489929199219,9.295708656311035,8.179736137390137,-0.09640026837587357
1.7764683577061747e+18,174.3202362060547,17.399202346801758,17.59613800048828,105.42949676513672,9.295708656311035,8.245381355285645,-0.030716318637132645
1.7764683577071747e+18,174.97669982910156,17.432024002075195,17.56331443786621,105.8890151977539,9.262886047363281,8.179736137390137,0.034967631101608276
1.7764683577081748e+18,173.33555603027344,17.26791000366211,17.497669219970703,105.92183685302734,8.639254570007324,7.917154312133789,-0.07997927814722061
1.7764683577091748e+18,176.61782836914062,17.333555221557617,17.497669219970703,106.21723937988281,9.033126831054688,7.949976921081543,-0.12924224138259888
1.776468357710175e+18,176.94606018066406,17.432024002075195,17.464847564697266,106.1187744140625,9.230063438415527,8.048444747924805,-0.06355829536914825
1.776468357711175e+18,177.9307403564453,17.497669219970703,17.530492782592773,105.62643432617188,9.262886047363281,8.081267356872559,-0.0471373051404953
1.776468357712175e+18,173.66378784179688,17.399202346801758,17.530492782592773,106.18441772460938,8.836190223693848,7.982799530029297,-0.07997927814722061
1.776468357713175e+18,182.5259246826172,17.760251998901367,17.66178321838379,106.6767578125,9.13159465789795,8.048444747924805,-0.09640026837587357
1.776468357714175e+18,175.30491638183594,17.530492782592773,17.62895965576172,106.05313110351562,9.098772048950195,8.081267356872559,-0.09640026837587357
1.7764683577151752e+18,183.182373046875,17.858718872070312,17.760251998901367,106.08595275878906,9.065949440002441,8.048444747924805,-0.030716318637132645
1.776468357716175e+18,177.2742919921875,17.69460678100586,17.727428436279297,105.92183685302734,9.033126831054688,8.048444747924805,0.002125656930729747
1.7764683577171753e+18,177.9307403564453,17.62895965576172,17.69460678100586,105.75772094726562,8.737722396850586,7.917154312133789,-0.09640026837587357
1.7764683577181752e+18,176.61782836914062,17.59613800048828,17.69460678100586,106.15159606933594,8.96748161315918,7.949976921081543,-0.14566323161125183
1.7764683577191754e+18,178.58718872070312,17.66178321838379,17.62895965576172,105.69207763671875,8.901835441589355,7.917154312133789,-0.1949261873960495
1.7764683577201754e+18,175.30491638183594,17.530492782592773,17.62895965576172,105.8890151977539,8.836190223693848,7.884331703186035,-0.2606101334095001
1.7764683577211756e+18,181.2130126953125,17.727428436279297,17.727428436279297,105.06844329833984,9.098772048950195,7.917154312133789,-0.2606101334095001
1.7764683577221755e+18,174.64846801757812,17.497669219970703,17.62895965576172,106.02030181884766,9.000304222106934,7.917154312133789,-0.32629409432411194
1.7764683577231757e+18,177.2742919921875,17.497669219970703,17.56331443786621,105.72489929199219,8.869012832641602,7.917154312133789,-0.2606101334095001
1.7764683577241756e+18,182.5259246826172,17.825897216796875,17.727428436279297,106.31571197509766,9.262886047363281,8.048444747924805,-0.21134717762470245
1.7764683577251758e+18,177.2742919921875,17.69460678100586,17.727428436279297,106.15159606933594,9.164417266845703,8.179736137390137,-0.09640026837587357
1.7764683577261757e+18,173.33555603027344,17.399202346801758,17.56331443786621,105.98748016357422,9.164417266845703,8.114090919494629,-0.0471373051404953
1.776468357727176e+18,179.57188415527344,17.59613800048828,17.62895965576172,106.64393615722656,8.934659004211426,7.917154312133789,-0.09640026837587357
1.7764683577281759e+18,174.97669982910156,17.399202346801758,17.56331443786621,105.82337188720703,9.098772048950195,8.048444747924805,-0.06355829536914825
1.776468357729176e+18,177.9307403564453,17.530492782592773,17.66178321838379,105.72489929199219,9.328531265258789,8.179736137390137,-0.01429533027112484
1.776468357730176e+18,176.94606018066406,17.56331443786621,17.66178321838379,106.28289031982422,9.13159465789795,8.114090919494629,-0.01429533027112484
1.776468357731176e+18,175.30491638183594,17.399202346801758,17.59613800048828,105.46231842041016,9.033126831054688,8.048444747924805,0.01854664459824562
1.7764683577321761e+18,178.58718872070312,17.56331443786621,17.59613800048828,106.05313110351562,9.13159465789795,8.081267356872559,-0.01429533027112484
1.776468357733176e+18,177.2742919921875,17.56331443786621,17.59613800048828,105.98748016357422,8.96748161315918,7.982799530029297,-0.09640026837587357
1.7764683577341763e+18,177.60250854492188,17.530492782592773,17.62895965576172,106.02030181884766,9.295708656311035,8.114090919494629,-0.06355829536914825
1.7764683577351762e+18,175.30491638183594,17.464847564697266,17.56331443786621,105.33102416992188,8.507963180541992,7.884331703186035,-0.17850521206855774
1.7764683577361764e+18,181.8694610595703,17.66178321838379,17.62895965576172,105.95465850830078,8.934659004211426,7.884331703186035,-0.2277681678533554
1.7764683577371763e+18,174.97669982910156,17.56331443786621,17.66178321838379,105.92183685302734,9.295708656311035,8.081267356872559,-0.16208422183990479
1.7764683577381765e+18,176.61782836914062,17.497669219970703,17.59613800048828,106.4469985961914,9.164417266845703,8.179736137390137,-0.09640026837587357
1.7764683577391764e+18,172.02264404296875,17.30073356628418,17.464847564697266,105.4951400756836,9.164417266845703,8.146913528442383,-0.06355829536914825
1.7764683577401766e+18,176.28961181640625,17.399202346801758,17.464847564697266,106.15159606933594,9.262886047363281,8.179736137390137,-0.01429533027112484
1.7764683577411766e+18,172.67910766601562,17.235088348388672,17.399202346801758,105.69207763671875,8.934659004211426,8.01562213897705,-0.07997927814722061
1.7764683577421768e+18,178.58718872070312,17.464847564697266,17.432024002075195,105.33102416992188,8.901835441589355,7.884331703186035,-0.12924224138259888
1.7764683577431767e+18,173.00733947753906,17.30073356628418,17.399202346801758,105.33102416992188,8.96748161315918,7.917154312133789,-0.12924224138259888
1.776468357744177e+18,177.60250854492188,17.497669219970703,17.530492782592773,105.39667510986328,9.033126831054688,7.982799530029297,-0.14566323161125183
1.7764683577451768e+18,182.5259246826172,17.825897216796875,17.727428436279297,105.42949676513672,8.737722396850586,7.818686008453369,-0.17850521206855774
1.7764683577461768e+18,178.91542053222656,17.793073654174805,17.793073654174805,106.1187744140625,9.065949440002441,8.048444747924805,-0.12924224138259888
1.776468357747177e+18,174.3202362060547,17.56331443786621,17.66178321838379,106.25006103515625,8.96748161315918,7.949976921081543,-0.16208422183990479
1.776468357748177e+18,179.57188415527344,17.727428436279297,17.727428436279297,105.59361267089844,9.065949440002441,7.949976921081543,-0.17850521206855774
1.776468357749177e+18,174.64846801757812,17.497669219970703,17.727428436279297,105.92183685302734,8.836190223693848,7.949976921081543,-0.24418915808200836
1.776468357750177e+18,177.2742919921875,17.530492782592773,17.62895965576172,105.98748016357422,9.033126831054688,7.917154312133789,-0.2277681678533554
1.7764683577511772e+18,178.58718872070312,17.59613800048828,17.66178321838379,105.85619354248047,9.033126831054688,7.949976921081543,-0.1949261873960495
1.7764683577521772e+18,177.60250854492188,17.62895965576172,17.62895965576172,105.65925598144531,8.672077178955078,7.785863399505615,-0.2770311236381531
1.7764683577531773e+18,177.2742919921875,17.56331443786621,17.59613800048828,106.25006103515625,8.639254570007324,7.654572486877441,-0.39197805523872375
1.7764683577541773e+18,176.94606018066406,17.530492782592773,17.530492782592773,105.19973754882812,9.361353874206543,8.01562213897705,-0.2606101334095001
1.7764683577551775e+18,174.97669982910156,17.432024002075195,17.497669219970703,105.85619354248047,9.065949440002441,8.048444747924805,-0.21134717762470245
1.7764683577561774e+18,183.83883666992188,17.858718872070312,17.66178321838379,105.85619354248047,8.836190223693848,7.949976921081543,-0.2277681678533554
1.7764683577571776e+18,174.97669982910156,17.66178321838379,17.69460678100586,105.95465850830078,9.098772048950195,8.081267356872559,-0.11282125860452652
1.7764683577581775e+18,175.30491638183594,17.530492782592773,17.56331443786621,105.39667510986328,9.328531265258789,8.179736137390137,-0.09640026837587357
1.7764683577591777e+18,182.19769287109375,17.760251998901367,17.760251998901367,105.82337188720703,8.737722396850586,7.917154312133789,-0.11282125860452652
1.7764683577601777e+18,175.63314819335938,17.530492782592773,17.69460678100586,105.4951400756836,9.033126831054688,7.982799530029297,-0.16208422183990479
1.7764683577611776e+18,175.30491638183594,17.497669219970703,17.69460678100586,106.21723937988281,9.459821701049805,8.245381355285645,-0.01429533027112484
1.7764683577621778e+18,185.1517333984375,17.891542434692383,17.793073654174805,105.19973754882812,8.96748161315918,8.081267356872559,0.002125656930729747
1.7764683577631777e+18,175.30491638183594,17.66178321838379,17.760251998901367,105.33102416992188,9.295708656311035,8.179736137390137,0.034967631101608276
1.776468357764178e+18,175.30491638183594,17.530492782592773,17.727428436279297,105.62643432617188,8.737722396850586,7.917154312133789,-0.06355829536914825
1.7764683577651779e+18,179.57188415527344,17.66178321838379,17.66178321838379,106.4469985961914,8.934659004211426,7.982799530029297,-0.12924224138259888
1.776468357766178e+18,181.54124450683594,17.793073654174805,17.760251998901367,105.85619354248047,9.033126831054688,7.917154312133789,-0.1949261873960495
1.776468357767178e+18,177.9307403564453,17.69460678100586,17.793073654174805,106.18441772460938,9.164417266845703,8.048444747924805,-0.11282125860452652
1.7764683577681782e+18,175.9613800048828,17.59613800048828,17.727428436279297,105.8890151977539,9.065949440002441,8.048444747924805,-0.14566323161125183
1.776468357769178e+18,177.9307403564453,17.59613800048828,17.727428436279297,105.79054260253906,8.606431007385254,7.785863399505615,-0.24418915808200836
1.7764683577701783e+18,174.64846801757812,17.432024002075195,17.56331443786621,105.29820251464844,8.934659004211426,7.949976921081543,-0.2606101334095001
1.7764683577711782e+18,177.9307403564453,17.530492782592773,17.530492782592773,105.62643432617188,9.13159465789795,8.01562213897705,-0.24418915808200836
1.7764683577721782e+18,181.54124450683594,17.760251998901367,17.727428436279297,105.59361267089844,9.065949440002441,8.081267356872559,-0.16208422183990479
1.776468357773178e+18,176.61782836914062,17.59613800048828,17.62895965576172,105.33102416992188,8.77054500579834,7.851508617401123,-0.24418915808200836
1.776468357774178e+18,173.00733947753906,17.432024002075195,17.530492782592773,105.85619354248047,8.901835441589355,7.949976921081543,-0.2770311236381531
1.776468357775178e+18,177.60250854492188,17.497669219970703,17.59613800048828,105.29820251464844,9.065949440002441,7.982799530029297,-0.21134717762470245
1.776468357776178e+18,172.67910766601562,17.26791000366211,17.497669219970703,105.82337188720703,9.098772048950195,7.949976921081543,-0.1949261873960495
1.7764683577771779e+18,177.2742919921875,17.432024002075195,17.530492782592773,105.56078338623047,9.492645263671875,8.245381355285645,-0.06355829536914825
1.7764683577781778e+18,179.57188415527344,17.59613800048828,17.59613800048828,106.02030181884766,8.869012832641602,8.081267356872559,-0.030716318637132645
1.7764683577791777e+18,178.58718872070312,17.62895965576172,17.62895965576172,105.39667510986328,9.065949440002441,8.081267356872559,-0.01429533027112484
1.7764683577801777e+18,176.94606018066406,17.59613800048828,17.69460678100586,106.25006103515625,8.901835441589355,7.949976921081543,-0.12924224138259888
1.7764683577811773e+18,180.88478088378906,17.760251998901367,17.825897216796875,105.98748016357422,9.000304222106934,7.949976921081543,-0.12924224138259888
1.7764683577821773e+18,175.9613800048828,17.59613800048828,17.66178321838379,106.1187744140625,9.295708656311035,8.179736137390137,-0.06355829536914825
1.7764683577831772e+18,179.24365234375,17.59613800048828,17.69460678100586,105.98748016357422,9.033126831054688,8.081267356872559,-0.06355829536914825
1.7764683577841772e+18,174.97669982910156,17.432024002075195,17.59613800048828,105.39667510986328,9.033126831054688,8.01562213897705,-0.07997927814722061
1.776468357785177e+18,190.40338134765625,18.154123306274414,17.95718765258789,105.85619354248047,8.934659004211426,7.982799530029297,-0.09640026837587357
1.776468357786177e+18,176.61782836914062,17.858718872070312,17.891542434692383,105.79054260253906,9.164417266845703,8.048444747924805,-0.12924224138259888
1.776468357787177e+18,177.9307403564453,17.825897216796875,17.891542434692383,106.38135528564453,9.13159465789795,8.146913528442383,-0.07997927814722061
1.776468357788177e+18,174.97669982910156,17.66178321838379,17.793073654174805,106.93933868408203,9.13159465789795,8.146913528442383,-0.06355829536914825
1.7764683577891768e+18,179.9001007080078,17.66178321838379,17.727428436279297,105.52796173095703,8.803367614746094,7.949976921081543,-0.07997927814722061
1.7764683577901768e+18,173.00733947753906,17.432024002075195,17.66178321838379,105.98748016357422,9.065949440002441,8.01562213897705,-0.12924224138259888
1.7764683577911767e+18,177.2742919921875,17.464847564697266,17.59613800048828,105.42949676513672,8.540785789489746,7.785863399505615,-0.2606101334095001
1.7764683577921766e+18,181.54124450683594,17.727428436279297,17.727428436279297,106.25006103515625,8.737722396850586,7.753040790557861,-0.32629409432411194
1.7764683577931766e+18,175.9613800048828,17.59613800048828,17.727428436279297,106.3485336303711,8.672077178955078,7.687395095825195,-0.2770311236381531
1.7764683577941765e+18,175.30491638183594,17.464847564697266,17.62895965576172,106.02030181884766,8.901835441589355,7.785863399505615,-0.32629409432411194
1.7764683577951764e+18,179.24365234375,17.62895965576172,17.66178321838379,105.92183685302734,9.361353874206543,8.01562213897705,-0.1949261873960495
1.7764683577961764e+18,169.72506713867188,17.169443130493164,17.497669219970703,105.29820251464844,9.361353874206543,8.146913528442383,-0.11282125860452652
1.7764683577971763e+18,169.068603515625,17.038150787353516,17.30073356628418,105.52796173095703,9.033126831054688,8.048444747924805,-0.12924224138259888
1.7764683577981763e+18,166.77101135253906,16.709924697875977,17.070974349975586,104.05094146728516,9.000304222106934,7.917154312133789,-0.16208422183990479
1.7764683577991762e+18,166.77101135253906,16.64427947998047,16.874038696289062,103.52577209472656,9.558290481567383,8.245381355285645,-0.030716318637132645
1.776468357800176e+18,162.83229064941406,16.316051483154297,16.64427947998047,102.60673522949219,8.869012832641602,8.048444747924805,-0.11282125860452652
1.776468357801176e+18,159.55001831054688,16.119115829467773,16.414520263671875,102.27851104736328,9.065949440002441,8.01562213897705,-0.09640026837587357
1.776468357802176e+18,159.22178649902344,15.88935661315918,16.25040626525879,100.99842071533203,9.197240829467773,8.081267356872559,-0.11282125860452652
1.776468357803176e+18,158.89356994628906,15.758065223693848,16.020647048950195,100.14503479003906,8.96748161315918,8.048444747924805,-0.14566323161125183
1.776468357804176e+18,154.954833984375,15.561128616333008,15.758065223693848,99.61986541748047,8.639254570007324,7.851508617401123,-0.2277681678533554
1.7764683578051758e+18,151.6725616455078,15.29854679107666,15.561128616333008,98.60236358642578,9.230063438415527,8.01562213897705,-0.1949261873960495
1.7764683578061757e+18,153.31370544433594,15.265724182128906,15.429838180541992,97.9130859375,9.164417266845703,8.081267356872559,-0.12924224138259888
1.7764683578071757e+18,147.40560913085938,14.93749713897705,15.200078964233398,96.66582489013672,9.328531265258789,8.179736137390137,-0.06355829536914825
1.7764683578081756e+18,149.37496948242188,14.839029312133789,15.035965919494629,95.38573455810547,8.96748161315918,8.048444747924805,-0.06355829536914825
1.7764683578091756e+18,143.13865661621094,14.510802268981934,14.871851921081543,94.99185943603516,8.96748161315918,7.949976921081543,-0.09640026837587357
1.7764683578101755e+18,142.48220825195312,14.313865661621094,14.609270095825195,93.94153594970703,9.000304222106934,7.982799530029297,-0.09640026837587357
1.7764683578111754e+18,142.1539764404297,14.182574272155762,14.47797966003418,92.33322143554688,8.901835441589355,7.884331703186035,-0.16208422183990479
1.7764683578121754e+18,141.82574462890625,14.116929054260254,14.346688270568848,91.80805206298828,9.62393569946289,8.278203964233398,-0.01429533027112484
1.776468357813175e+18,138.54347229003906,13.952816009521484,14.182574272155762,90.52796936035156,8.869012832641602,7.917154312133789,-0.09640026837587357
1.776468357814175e+18,147.07737731933594,14.182574272155762,14.248220443725586,89.51045989990234,9.164417266845703,8.01562213897705,-0.09640026837587357
1.776468357815175e+18,138.21524047851562,13.91999340057373,14.0841064453125,88.9196548461914,9.164417266845703,8.081267356872559,-0.14566323161125183
1.7764683578161748e+18,134.60475158691406,13.624588012695312,13.91999340057373,88.09908294677734,9.328531265258789,8.146913528442383,-0.0471373051404953
1.7764683578171748e+18,142.1539764404297,13.821524620056152,13.91999340057373,87.01593780517578,9.033126831054688,8.048444747924805,-0.09640026837587357
1.7764683578181747e+18,132.63539123535156,13.493297576904297,13.72305679321289,86.62206268310547,8.96748161315918,7.982799530029297,-0.11282125860452652
1.7764683578191747e+18,130.0095672607422,13.132247924804688,13.52612018585205,85.01374816894531,8.836190223693848,7.884331703186035,-0.24418915808200836
1.7764683578201746e+18,128.6966552734375,12.968133926391602,13.23071575164795,84.0618896484375,9.000304222106934,7.982799530029297,-0.24418915808200836
1.7764683578211745e+18,128.36843872070312,12.771197319030762,13.099425315856934,83.4382553100586,9.164417266845703,8.081267356872559,-0.16208422183990479
1.7764683578221745e+18,124.42970275878906,12.541439056396484,12.836843490600586,82.3551025390625,9.525467872619629,8.245381355285645,-0.06355829536914825
1.7764683578231744e+18,125.41438293457031,12.508615493774414,12.705552101135254,80.97654724121094,8.737722396850586,7.949976921081543,-0.14566323161125183
1.7764683578241743e+18,121.80388641357422,12.246033668518066,12.508615493774414,80.51702880859375,9.262886047363281,8.081267356872559,-0.06355829536914825
1.7764683578251743e+18,123.77324676513672,12.213211059570312,12.442970275878906,79.63082122802734,8.934659004211426,7.982799530029297,-0.06355829536914825
1.7764683578261742e+18,121.14743041992188,12.081920623779297,12.278857231140137,78.21943664550781,9.755227088928223,8.311026573181152,0.034967631101608276
1.7764683578271741e+18,120.49097442626953,12.016275405883789,12.213211059570312,77.98967742919922,9.065949440002441,8.179736137390137,0.01854664459824562
1.776468357828174e+18,122.46034240722656,12.016275405883789,12.147565841674805,77.07064056396484,8.737722396850586,7.917154312133789,-0.07997927814722061
1.776468357829174e+18,117.53693389892578,11.81933879852295,12.049098014831543,75.856201171875,8.96748161315918,7.949976921081543,-0.12924224138259888
1.776468357830174e+18,117.53693389892578,11.688047409057617,11.917806625366211,74.96998596191406,8.901835441589355,7.917154312133789,-0.17850521206855774
1.776468357831174e+18,116.88047790527344,11.62240219116211,11.852161407470703,74.05094909667969,9.394176483154297,8.114090919494629,-0.11282125860452652
1.7764683578321738e+18,118.19338989257812,11.62240219116211,11.753693580627441,73.49296569824219,9.197240829467773,8.081267356872559,-0.07997927814722061
1.7764683578331738e+18,113.92642974853516,11.425466537475586,11.688047409057617,72.7052230834961,9.262886047363281,8.179736137390137,-0.01429533027112484
1.7764683578341737e+18,111.95706939697266,11.195707321166992,11.45828914642334,71.81900787353516,9.164417266845703,8.081267356872559,-0.0471373051404953
1.7764683578351736e+18,111.95706939697266,11.162884712219238,11.326997756958008,71.29383850097656,9.000304222106934,8.048444747924805,-0.0471373051404953
1.7764683578361736e+18,109.65947723388672,11.031593322753906,11.162884712219238,70.60456848144531,9.033126831054688,7.982799530029297,-0.14566323161125183
1.7764683578371735e+18,108.67479705810547,10.90030288696289,11.031593322753906,69.22601318359375,9.164417266845703,8.114090919494629,-0.09640026837587357
1.7764683578381734e+18,109.33125305175781,10.769011497497559,10.965948104858398,68.60237884521484,9.394176483154297,8.245381355285645,-0.0471373051404953
1.7764683578391734e+18,105.39252471923828,10.539252281188965,10.834656715393066,67.74898529052734,9.230063438415527,8.179736137390137,-0.07997927814722061
1.7764683578401733e+18,103.09493255615234,10.40796184539795,10.572074890136719,66.69866180419922,9.098772048950195,8.114090919494629,-0.07997927814722061
1.7764683578411732e+18,103.42316436767578,10.276670455932617,10.506429672241211,65.94373321533203,9.262886047363281,8.146913528442383,-0.030716318637132645
1.7764683578421732e+18,103.09493255615234,10.178202629089355,10.375139236450195,65.1231689453125,8.737722396850586,7.917154312133789,-0.11282125860452652
1.776468357843173e+18,101.78202819824219,10.145380020141602,10.276670455932617,64.30259704589844,9.000304222106934,7.949976921081543,-0.14566323161125183
1.776468357844173e+18,102.43848419189453,10.178202629089355,10.243847846984863,62.82557678222656,9.164417266845703,8.01562213897705,-0.09640026837587357
1.7764683578451727e+18,101.45379638671875,10.01408863067627,10.178202629089355,62.727108001708984,9.492645263671875,8.21255874633789,-0.0471373051404953
1.7764683578461727e+18,99.15621185302734,9.948443412780762,9.981266021728516,61.578311920166016,8.934659004211426,8.01562213897705,-0.01429533027112484
1.7764683578471726e+18,98.8279800415039,9.882798194885254,10.01408863067627,61.28290939331055,9.197240829467773,8.081267356872559,-0.0471373051404953
1.7764683578481725e+18,97.18684387207031,9.751506805419922,9.915620803833008,60.593631744384766,9.394176483154297,8.245381355285645,0.01854664459824562
1.7764683578491725e+18,100.79734802246094,9.8499755859375,9.882798194885254,59.4448356628418,9.394176483154297,8.21255874633789,0.08423059433698654
1.7764683578501724e+18,96.20216369628906,9.620216369628906,9.784330368041992,59.543304443359375,9.361353874206543,8.245381355285645,0.11707256734371185
1.7764683578511724e+18,94.56102752685547,9.423279762268066,9.685861587524414,58.0334587097168,9.164417266845703,8.179736137390137,0.08423059433698654
1.7764683578521723e+18,101.78202819824219,9.718684196472168,9.751506805419922,56.81901550292969,9.525467872619629,8.311026573181152,0.1334935575723648
1.7764683578531722e+18,92.59166717529297,9.324811935424805,9.587393760681152,55.89997863769531,9.230063438415527,8.21255874633789,0.06780960410833359
1.7764683578541722e+18,91.60697937011719,9.160697937011719,9.423279762268066,55.47328567504883,9.361353874206543,8.21255874633789,0.034967631101608276
1.776468357855172e+18,92.26343536376953,9.160697937011719,9.357634544372559,54.98094177246094,9.361353874206543,8.311026573181152,0.06780960410833359
1.776468357856172e+18,89.30939483642578,8.963762283325195,9.193520545959473,54.1275520324707,9.230063438415527,8.21255874633789,0.1006515845656395
1.776468357857172e+18,87.66825866699219,8.832470893859863,9.062230110168457,53.93061447143555,9.065949440002441,8.146913528442383,0.01854664459824562
1.776468357858172e+18,90.29407501220703,8.79964828491211,8.963762283325195,52.617706298828125,9.262886047363281,8.179736137390137,0.034967631101608276
1.7764683578591718e+18,87.9964828491211,8.766825675964355,8.898116111755371,52.48641586303711,9.197240829467773,8.146913528442383,0.002125656930729747
1.7764683578601718e+18,86.3553466796875,8.668357849121094,8.832470893859863,51.60020065307617,9.328531265258789,8.245381355285645,0.06780960410833359
1.7764683578611717e+18,87.34002685546875,8.569889068603516,8.766825675964355,51.468910217285156,9.262886047363281,8.278203964233398,0.14991454780101776
1.7764683578621716e+18,84.7142105102539,8.471421241760254,8.635534286499023,50.25447082519531,9.197240829467773,8.179736137390137,0.06780960410833359
1.7764683578631716e+18,88.32470703125,8.60271167755127,8.701180458068848,49.3026123046875,9.394176483154297,8.245381355285645,0.1334935575723648
1.7764683578641715e+18,84.7142105102539,8.4385986328125,8.668357849121094,48.4820442199707,9.197240829467773,8.179736137390137,0.08423059433698654
1.7764683578651715e+18,81.76016998291016,8.24166202545166,8.471421241760254,47.75994110107422,9.525467872619629,8.311026573181152,0.1006515845656395
1.7764683578661714e+18,83.72953033447266,8.307307243347168,8.340129852294922,47.6286506652832,9.42699909210205,8.311026573181152,0.14991454780101776
1.7764683578671713e+18,81.43193817138672,8.143194198608398,8.307307243347168,46.4470329284668,9.262886047363281,8.179736137390137,0.1334935575723648
1.7764683578681713e+18,79.79080200195312,8.011902809143066,8.208839416503906,46.2172737121582,9.328531265258789,8.278203964233398,0.11707256734371185
1.7764683578691712e+18,79.13434600830078,7.880611896514893,8.143194198608398,45.495174407958984,9.525467872619629,8.343849182128906,0.14991454780101776
1.7764683578701711e+18,78.80612182617188,7.814966678619385,7.946257591247559,44.8058967590332,9.394176483154297,8.343849182128906,0.14991454780101776
1.776468357871171e+18,76.83676147460938,7.683675765991211,7.847789287567139,44.149444580078125,9.558290481567383,8.376672744750977,0.21559849381446838
1.7764683578721713e+18,75.8520736694336,7.519562244415283,7.716498374938965,43.558631896972656,9.62393569946289,8.40949535369873,0.21559849381446838
1.7764683578731712e+18,75.52384948730469,7.453916549682617,7.618030548095703,43.26322937011719,9.492645263671875,8.442317962646484,0.26486146450042725
1.7764683578741711e+18,82.7448501586914,7.749321460723877,7.716498374938965,42.311370849609375,9.295708656311035,8.278203964233398,0.19917750358581543
1.7764683578751713e+18,75.19562530517578,7.585207462310791,7.650853157043457,42.37701416015625,9.033126831054688,8.179736137390137,0.11707256734371185
1.7764683578761713e+18,74.2109375,7.421093940734863,7.585207462310791,41.22821807861328,9.558290481567383,8.376672744750977,0.19917750358581543
1.7764683578771712e+18,75.19562530517578,7.388271331787109,7.486739635467529,41.03128433227539,9.9849853515625,8.606431007385254,0.2812824547290802
1.7764683578781714e+18,73.55448913574219,7.322625637054443,7.388271331787109,40.27635955810547,9.230063438415527,8.376672744750977,0.23201948404312134
1.7764683578791713e+18,72.89803314208984,7.2569804191589355,7.322625637054443,39.91530990600586,9.394176483154297,8.376672744750977,0.3305453956127167
1.7764683578801713e+18,72.2415771484375,7.158512115478516,7.322625637054443,38.76651382446289,8.96748161315918,8.114090919494629,0.18275651335716248
1.7764683578811715e+18,71.9133529663086,7.224157810211182,7.2898030281066895,39.061920166015625,9.262886047363281,8.179736137390137,0.1334935575723648
1.7764683578821714e+18,72.5698013305664,7.125689506530762,7.224157810211182,38.569580078125,9.42699909210205,8.278203964233398,0.08423059433698654
1.7764683578831713e+18,68.6310806274414,6.92875337600708,7.125689506530762,37.9787712097168,9.952162742614746,8.507963180541992,0.23201948404312134
1.7764683578841715e+18,70.272216796875,6.92875337600708,7.125689506530762,37.913124084472656,9.230063438415527,8.343849182128906,0.21559849381446838
1.7764683578851715e+18,67.64639282226562,6.797462463378906,6.92875337600708,37.1253776550293,9.394176483154297,8.311026573181152,0.18275651335716248
1.7764683578861714e+18,67.64639282226562,6.698994159698486,6.83028507232666,36.04222869873047,9.459821701049805,8.40949535369873,0.21559849381446838
1.7764683578871716e+18,70.272216796875,6.73181676864624,6.863107681274414,35.878116607666016,9.230063438415527,8.245381355285645,0.19917750358581543
1.7764683578881715e+18,65.67703247070312,6.6333489418029785,6.73181676864624,35.123191833496094,9.788049697875977,8.540785789489746,0.21559849381446838
1.7764683578891717e+18,66.00525665283203,6.534880638122559,6.666171550750732,34.8934326171875,9.459821701049805,8.442317962646484,0.2484404742717743
1.7764683578901716e+18,67.31816864013672,6.502058029174805,6.600525856018066,34.040042877197266,9.525467872619629,8.442317962646484,0.21559849381446838
1.7764683578911716e+18,64.36412048339844,6.370767116546631,6.534880638122559,33.4820556640625,9.230063438415527,8.343849182128906,0.2484404742717743
1.7764683578921718e+18,64.03589630126953,6.337944030761719,6.436412334442139,33.12100601196289,9.492645263671875,8.40949535369873,0.2484404742717743
1.7764683578931717e+18,66.98994445800781,6.436412334442139,6.502058029174805,33.38358688354492,9.886517524719238,8.606431007385254,0.34696638584136963
1.7764683578941716e+18,64.03589630126953,6.337944030761719,6.469234943389893,32.53019714355469,9.952162742614746,8.737722396850586,0.5275972485542297
1.7764683578951718e+18,63.05121612548828,6.272298812866211,6.436412334442139,31.74245262145996,9.656758308410645,8.606431007385254,0.5440182685852051
1.7764683578961718e+18,63.37944030761719,6.272298812866211,6.370767116546631,31.840919494628906,9.361353874206543,8.442317962646484,0.4619133174419403
1.7764683578971717e+18,63.05121612548828,6.206653118133545,6.305121421813965,31.217288970947266,9.230063438415527,8.343849182128906,0.29770344495773315
1.776468357898172e+18,61.081851959228516,6.075362205505371,6.239476203918457,31.05317497253418,9.755227088928223,8.475140571594238,0.34696638584136963
1.7764683578991718e+18,61.081851959228516,6.042539596557617,6.173830509185791,30.790592193603516,9.558290481567383,8.475140571594238,0.34696638584136963
1.7764683579001718e+18,59.44071578979492,5.9440717697143555,6.141007900238037,29.90437889099121,9.62393569946289,8.442317962646484,0.3141244351863861
1.776468357901172e+18,64.36412048339844,6.108185291290283,6.206653118133545,29.97002410888672,9.722403526306152,8.5736083984375,0.37980836629867554
1.776468357902172e+18,58.78425979614258,5.976894378662109,6.042539596557617,30.00284767150879,9.558290481567383,8.606431007385254,0.4619133174419403
1.7764683579031718e+18,56.486671447753906,5.681489944458008,5.911248683929443,29.477684020996094,9.262886047363281,8.343849182128906,0.3305453956127167
1.776468357904172e+18,57.471351623535156,5.648666858673096,5.7799577713012695,28.722761154174805,9.42699909210205,8.376672744750977,0.29770344495773315
1.776468357905172e+18,55.50198745727539,5.517375946044922,5.648666858673096,28.88687515258789,9.525467872619629,8.475140571594238,0.26486146450042725
1.776468357906172e+18,56.486671447753906,5.550199031829834,5.615844249725342,28.427356719970703,9.42699909210205,8.376672744750977,0.23201948404312134
1.776468357907172e+18,56.81489944458008,5.484553337097168,5.550199031829834,27.573965072631836,9.098772048950195,8.179736137390137,0.1334935575723648
1.776468357908172e+18,55.173763275146484,5.386085510253906,5.517375946044922,27.311384201049805,9.689580917358398,8.376672744750977,0.16633553802967072
1.776468357909172e+18,56.158443450927734,5.41890811920166,5.484553337097168,27.311384201049805,9.164417266845703,8.245381355285645,0.14991454780101776
1.7764683579101722e+18,56.158443450927734,5.484553337097168,5.583021640777588,27.377029418945312,9.788049697875977,8.475140571594238,0.3141244351863861
1.776468357911172e+18,55.173763275146484,5.386085510253906,5.550199031829834,26.7205753326416,9.459821701049805,8.40949535369873,0.2812824547290802
1.776468357912172e+18,53.20439910888672,5.32043981552124,5.484553337097168,26.06412124633789,9.42699909210205,8.343849182128906,0.29770344495773315
1.7764683579131722e+18,55.173763275146484,5.386085510253906,5.484553337097168,26.03129768371582,9.230063438415527,8.278203964233398,0.19917750358581543
1.7764683579141722e+18,52.87617111206055,5.32043981552124,5.353262424468994,25.932828903198242,9.230063438415527,8.245381355285645,0.11707256734371185
1.776468357915172e+18,51.23503494262695,5.1563262939453125,5.32043981552124,25.34202003479004,9.525467872619629,8.376672744750977,0.23201948404312134
1.7764683579161723e+18,51.23503494262695,5.123503684997559,5.287617206573486,24.98097038269043,9.952162742614746,8.606431007385254,0.3633873760700226
1.7764683579171722e+18,50.90680694580078,4.992212772369385,5.189148902893066,24.751211166381836,9.361353874206543,8.442317962646484,0.34696638584136963
1.7764683579181722e+18,48.937442779541016,4.926567077636719,5.0906805992126465,24.61992073059082,9.525467872619629,8.475140571594238,0.29770344495773315
1.7764683579191724e+18,48.937442779541016,4.828099250793457,4.992212772369385,24.29169273376465,9.42699909210205,8.40949535369873,0.29770344495773315
1.7764683579201723e+18,48.28099060058594,4.795276165008545,4.926567077636719,24.193225860595703,9.295708656311035,8.343849182128906,0.26486146450042725
1.7764683579211725e+18,55.83021545410156,5.025035381317139,4.992212772369385,23.53676986694336,9.525467872619629,8.376672744750977,0.2812824547290802
1.7764683579221724e+18,48.937442779541016,4.893744468688965,4.893744468688965,23.405479431152344,9.788049697875977,8.5736083984375,0.3962293565273285
1.7764683579231724e+18,48.60921859741211,4.860921859741211,4.860921859741211,23.53676986694336,9.230063438415527,8.343849182128906,0.2812824547290802
1.7764683579241725e+18,57.143123626708984,5.22197151184082,5.057857990264893,22.91313934326172,9.492645263671875,8.40949535369873,0.2812824547290802
1.7764683579251725e+18,48.937442779541016,4.992212772369385,5.025035381317139,22.45362091064453,9.755227088928223,8.540785789489746,0.34696638584136963
1.7764683579261724e+18,48.28099060058594,4.860921859741211,4.992212772369385,22.289506912231445,9.492645263671875,8.507963180541992,0.34696638584136963
1.7764683579271726e+18,49.92212677001953,4.860921859741211,4.926567077636719,21.994102478027344,9.62393569946289,8.507963180541992,0.3141244351863861
1.7764683579281725e+18,47.952762603759766,4.762453556060791,4.860921859741211,21.829988479614258,9.656758308410645,8.540785789489746,0.3962293565273285
1.7764683579291725e+18,46.639854431152344,4.663985252380371,4.860921859741211,21.895633697509766,9.62393569946289,8.606431007385254,0.4619133174419403
1.7764683579301727e+18,46.31162643432617,4.631162643432617,4.762453556060791,21.10788917541504,9.62393569946289,8.5736083984375,0.41265034675598145
1.7764683579311726e+18,44.67049026489258,4.532694339752197,4.663985252380371,21.534584045410156,9.525467872619629,8.475140571594238,0.44549232721328735
1.7764683579321725e+18,43.029354095458984,4.3685808181762695,4.565517425537109,20.943775177001953,9.525467872619629,8.475140571594238,0.41265034675598145
1.7764683579331727e+18,43.029354095458984,4.335758209228516,4.4342265129089355,20.878129959106445,9.656758308410645,8.507963180541992,0.41265034675598145
1.7764683579341727e+18,44.0140380859375,4.302935600280762,4.4670491218566895,20.61554718017578,9.262886047363281,8.376672744750977,0.3305453956127167
1.7764683579351726e+18,42.044673919677734,4.204467296600342,4.335758209228516,20.418611526489258,9.42699909210205,8.442317962646484,0.3141244351863861
1.7764683579361728e+18,48.60921859741211,4.4342265129089355,4.401403427124023,20.287321090698242,9.361353874206543,8.343849182128906,0.2484404742717743
1.7764683579371727e+18,43.029354095458984,4.204467296600342,4.335758209228516,19.69651222229004,9.295708656311035,8.278203964233398,0.21559849381446838
1.7764683579381727e+18,42.044673919677734,4.138822078704834,4.27011251449585,19.729333877563477,9.82087230682373,8.540785789489746,0.29770344495773315
1.7764683579391729e+18,41.38821792602539,4.073176383972168,4.237289905548096,19.368284225463867,9.952162742614746,8.704899787902832,0.3633873760700226
1.7764683579401728e+18,42.044673919677734,4.138822078704834,4.204467296600342,19.368284225463867,9.591113090515137,8.5736083984375,0.3962293565273285
1.7764683579411727e+18,42.044673919677734,4.073176383972168,4.138822078704834,18.744653701782227,9.525467872619629,8.540785789489746,0.37980836629867554
1.776468357942173e+18,50.2503547668457,4.532694339752197,4.27011251449585,18.875944137573242,9.164417266845703,8.245381355285645,0.29770344495773315
1.7764683579431729e+18,40.73176574707031,4.237289905548096,4.27011251449585,18.875944137573242,9.328531265258789,8.311026573181152,0.2484404742717743
1.7764683579441728e+18,40.73176574707031,4.138822078704834,4.27011251449585,18.711830139160156,9.689580917358398,8.507963180541992,0.29770344495773315
1.776468357945173e+18,43.68581008911133,4.237289905548096,4.302935600280762,18.54771614074707,9.394176483154297,8.442317962646484,0.3141244351863861
1.776468357946173e+18,40.07530975341797,4.00753116607666,4.171644687652588,18.350780487060547,9.42699909210205,8.442317962646484,0.29770344495773315
1.7764683579471729e+18,38.434173583984375,3.9090628623962402,4.105998992919922,18.088197708129883,9.82087230682373,8.5736083984375,0.34696638584136963
1.776468357948173e+18,38.434173583984375,3.8105945587158203,4.00753116607666,17.79279327392578,9.591113090515137,8.507963180541992,0.41265034675598145
1.776468357949173e+18,38.434173583984375,3.7777719497680664,3.9090628623962402,17.661502838134766,9.755227088928223,8.5736083984375,0.44549232721328735
1.776468357950173e+18,37.12126541137695,3.6464810371398926,3.8105945587158203,17.267629623413086,9.82087230682373,8.639254570007324,0.4619133174419403
1.776468357951173e+18,38.76240158081055,3.7121264934539795,3.8434174060821533,17.366098403930664,9.9849853515625,8.77054500579834,0.5440182685852051
1.776468357952173e+18,36.79303741455078,3.6464810371398926,3.7121264934539795,16.906579971313477,9.755227088928223,8.737722396850586,0.6097021698951721
1.7764683579531732e+18,38.1059455871582,3.5808355808258057,3.6793036460876465,17.005048751831055,9.656758308410645,8.704899787902832,0.5440182685852051
1.7764683579541732e+18,37.449493408203125,3.6136584281921387,3.6464810371398926,16.676820755004883,9.788049697875977,8.704899787902832,0.5440182685852051
1.776468357955173e+18,38.76240158081055,3.5808355808258057,3.6464810371398926,17.103517532348633,9.361353874206543,8.507963180541992,0.5111762881278992
1.7764683579561733e+18,37.77771759033203,3.6464810371398926,3.6464810371398926,16.709644317626953,9.525467872619629,8.475140571594238,0.4290713369846344
1.7764683579571732e+18,36.13658142089844,3.5480129718780518,3.6136584281921387,15.987544059753418,9.788049697875977,8.606431007385254,0.5111762881278992
1.7764683579581732e+18,36.46480941772461,3.5480129718780518,3.6464810371398926,16.38141632080078,9.591113090515137,8.5736083984375,0.4619133174419403
1.7764683579591734e+18,35.15190124511719,3.5151901245117188,3.5480129718780518,15.659317016601562,9.656758308410645,8.639254570007324,0.5275972485542297
1.7764683579601733e+18,43.357582092285156,3.8434174060821533,3.7449491024017334,16.08601188659668,10.18192195892334,8.901835441589355,0.6097021698951721
1.7764683579611732e+18,36.13658142089844,3.6464810371398926,3.7121264934539795,15.659317016601562,9.755227088928223,8.737722396850586,0.6589651703834534
1.7764683579621734e+18,34.16722106933594,3.5151901245117188,3.6136584281921387,15.52802562713623,10.050631523132324,8.869012832641602,0.6918071508407593
1.7764683579631734e+18,41.38821792602539,3.7449491024017334,3.7449491024017334,15.298266410827637,9.558290481567383,8.639254570007324,0.6261231899261475
1.7764683579641733e+18,32.526084899902344,3.5151901245117188,3.6464810371398926,15.002861976623535,8.869012832641602,8.21255874633789,0.4290713369846344
1.7764683579651735e+18,32.85430908203125,3.416722059249878,3.5151901245117188,14.904394149780273,9.230063438415527,8.245381355285645,0.3305453956127167
1.7764683579661734e+18,31.86962890625,3.285431146621704,3.449544668197632,15.166975975036621,9.591113090515137,8.40949535369873,0.3633873760700226
1.7764683579671734e+18,34.495445251464844,3.318253755569458,3.383899211883545,15.101330757141113,9.42699909210205,8.376672744750977,0.3305453956127167
1.7764683579681736e+18,33.510765075683594,3.252608299255371,3.318253755569458,14.805926322937012,9.788049697875977,8.540785789489746,0.37980836629867554
1.7764683579691735e+18,32.85430908203125,3.219785690307617,3.252608299255371,14.444875717163086,9.689580917358398,8.606431007385254,0.3962293565273285
1.7764683579701737e+18,33.510765075683594,3.186962842941284,3.252608299255371,14.543344497680664,9.394176483154297,8.475140571594238,0.3305453956127167
1.7764683579711736e+18,33.510765075683594,3.186962842941284,3.252608299255371,14.379230499267578,9.42699909210205,8.442317962646484,0.3141244351863861
1.7764683579721736e+18,32.526084899902344,3.1541402339935303,3.252608299255371,14.182293891906738,9.328531265258789,8.376672744750977,0.23201948404312134
1.7764683579731735e+18,31.21317481994629,3.0884947776794434,3.186962842941284,14.051003456115723,9.361353874206543,8.442317962646484,0.26486146450042725
1.7764683579741734e+18,33.18253707885742,3.1213173866271973,3.186962842941284,13.952535629272461,9.62393569946289,8.442317962646484,0.29770344495773315
1.7764683579751736e+18,32.19785690307617,3.1213173866271973,3.186962842941284,13.952535629272461,9.361353874206543,8.376672744750977,0.29770344495773315
1.7764683579761736e+18,29.900266647338867,3.0228493213653564,3.1541402339935303,14.051003456115723,9.164417266845703,8.311026573181152,0.19917750358581543
1.7764683579771735e+18,29.900266647338867,2.9572038650512695,3.0556719303131104,13.886889457702637,9.098772048950195,8.146913528442383,0.14991454780101776
1.7764683579781734e+18,30.556720733642578,2.8915584087371826,2.9900267124176025,13.033498764038086,9.62393569946289,8.343849182128906,0.23201948404312134
1.7764683579791734e+18,28.915584564208984,2.8587357997894287,2.9572038650512695,13.197612762451172,9.62393569946289,8.475140571594238,0.29770344495773315
1.7764683579801736e+18,28.259130477905273,2.8587357997894287,2.9243812561035156,13.328903198242188,9.525467872619629,8.40949535369873,0.34696638584136963
1.7764683579811735e+18,27.602676391601562,2.760267496109009,2.8587357997894287,13.06632137298584,9.62393569946289,8.540785789489746,0.34696638584136963
1.7764683579821734e+18,34.495445251464844,3.0556719303131104,3.0228493213653564,12.836562156677246,9.558290481567383,8.507963180541992,0.37980836629867554
1.7764683579831734e+18,27.9309024810791,2.8259129524230957,2.9572038650512695,13.099143981933594,9.525467872619629,8.475140571594238,0.3305453956127167
1.7764683579841733e+18,28.259130477905273,2.793090343475342,2.9243812561035156,12.869385719299316,9.788049697875977,8.639254570007324,0.3962293565273285
1.7764683579851732e+18,28.915584564208984,2.793090343475342,2.8259129524230957,12.935030937194824,9.722403526306152,8.639254570007324,0.3962293565273285
1.7764683579861734e+18,37.12126541137695,3.186962842941284,3.0228493213653564,12.90220832824707,9.197240829467773,8.376672744750977,0.26486146450042725
1.7764683579871734e+18,27.602676391601562,2.9243812561035156,2.9572038650512695,12.639626502990723,9.492645263671875,8.442317962646484,0.2812824547290802
1.7764683579881733e+18,28.259130477905273,2.760267496109009,2.8587357997894287,12.409867286682129,9.525467872619629,8.507963180541992,0.29770344495773315
1.7764683579891732e+18,26.94622039794922,2.694622039794922,2.8259129524230957,12.541157722473145,9.62393569946289,8.5736083984375,0.3305453956127167
1.7764683579901732e+18,27.9309024810791,2.661799430847168,2.760267496109009,12.672449111938477,9.525467872619629,8.507963180541992,0.3633873760700226
1.7764683579911734e+18,26.289766311645508,2.661799430847168,2.694622039794922,12.180108070373535,9.492645263671875,8.507963180541992,0.3141244351863861
1.7764683579921733e+18,28.259130477905273,2.727444887161255,2.694622039794922,12.311399459838867,9.558290481567383,8.475140571594238,0.3633873760700226
1.7764683579931732e+18,25.633312225341797,2.628976583480835,2.628976583480835,12.212930679321289,9.459821701049805,8.40949535369873,0.3633873760700226
1.7764683579941732e+18,25.96154022216797,2.596153974533081,2.628976583480835,12.377044677734375,9.722403526306152,8.507963180541992,0.41265034675598145
1.776468357995173e+18,30.884946823120117,2.694622039794922,2.694622039794922,12.015995025634766,9.656758308410645,8.606431007385254,0.4619133174419403
1.776468357996173e+18,25.305084228515625,2.628976583480835,2.694622039794922,11.720589637756348,9.853694915771484,8.639254570007324,0.5275972485542297
1.7764683579971732e+18,23.00749397277832,2.432040214538574,2.596153974533081,11.687767028808594,9.788049697875977,8.672077178955078,0.6097021698951721
1.7764683579981732e+18,24.320404052734375,2.3663949966430664,2.530508518218994,11.753413200378418,9.591113090515137,8.606431007385254,0.5440182685852051
1.776468357999173e+18,27.9309024810791,2.497685670852661,2.563331127166748,11.720589637756348,9.558290481567383,8.507963180541992,0.44549232721328735
