time_chanNI9203_1,PT_FU_02,PT_N2_05,PT_GO2_04_1,PT_N2_19,PT_FU_01_1,PT_LO2_05,PT_N2_06,PT_GO2_03_1
1.7764686485003064e+18,-1.3900429010391235,-29.15617561340332,-0.0940297469496727,-0.0014818687923252583,0.07308174669742584,-0.003929531201720238,-0.10713662207126617,-0.009019406512379646
1.7764686485013066e+18,-2.897789716720581,14.23410701751709,-0.03247406333684921,-0.04454197362065315,0.27814674377441406,0.08837981522083282,0.016005687415599823,-0.009019406512379646
1.7764686485023068e+18,-1.0207988023757935,-14.179861068725586,-0.06325190514326096,0.004669575020670891,-0.255022257566452,0.36530783772468567,-0.10713662207126617,0.17548903822898865
1.776468648503307e+18,-0.005377406254410744,-10.48707103729248,-0.0940297469496727,-0.0014818687923252583,-0.17299625277519226,0.1191495954990387,-0.045565467327833176,-0.009019406512379646
1.7764686485043075e+18,-3.1439523696899414,3.6686244010925293,-0.03247406333684921,0.010821018368005753,-0.13198325037956238,-0.06546909362077713,-0.045565467327833176,0.2062404304742813
1.7764686485053076e+18,-4.867091655731201,-1.5628281831741333,-0.12480759620666504,-0.0014818687923252583,0.1961207538843155,-0.06546909362077713,-0.10713662207126617,0.1447376310825348
1.7764686485063078e+18,-2.528545618057251,15.7727689743042,0.1214151531457901,-0.03223908692598343,0.36017274856567383,-0.21931800246238708,0.016005687415599823,-0.19352784752845764
1.776468648507308e+18,0.3946370482444763,-28.745864868164062,-0.03247406333684921,-0.007633312605321407,0.07308174669742584,-0.1885482221841812,-0.10713662207126617,0.17548903822898865
1.7764686485083085e+18,0.3023260235786438,-10.897380828857422,-0.18636327981948853,0.010821018368005753,-0.008944249711930752,-0.15777844190597534,-0.10713662207126617,-0.009019406512379646
1.7764686485093087e+18,-0.12845878303050995,-16.333988189697266,-0.0016962187364697456,-0.026087643578648567,-0.21400925517082214,0.057610031217336655,-0.045565467327833176,-0.10127362608909607
1.7764686485103089e+18,0.42540740966796875,-4.2298431396484375,0.02908162586390972,-0.03223908692598343,-0.008944249711930752,-0.003929531201720238,-0.10713662207126617,0.11398621648550034
1.776468648511309e+18,-3.5439670085906982,6.027906894683838,-0.0016962187364697456,0.004669575020670891,0.07308174669742584,-0.15777844190597534,-0.045565467327833176,-0.10127362608909607
1.7764686485123092e+18,1.0715845823287964,-20.949975967407227,-0.0940297469496727,-0.007633312605321407,0.032068751752376556,-0.06546909362077713,-0.045565467327833176,-0.19352784752845764
1.7764686485133097e+18,-0.6515546441078186,-15.308213233947754,-0.0016962187364697456,0.016972461715340614,-0.255022257566452,-0.21931800246238708,-0.045565467327833176,-0.07052221894264221
1.77646864851431e+18,-1.4515835046768188,-9.050985336303711,-0.06325190514326096,0.010821018368005753,-0.0909702479839325,-0.06546909362077713,-0.10713662207126617,-0.039770811796188354
1.77646864851531e+18,1.3485177755355835,-20.84739875793457,-0.15558543801307678,0.010821018368005753,-0.04995724931359291,0.026840249076485634,-0.10713662207126617,-0.07052221894264221
1.7764686485163103e+18,-0.6207842826843262,39.26301574707031,0.09063731133937836,-0.007633312605321407,-0.13198325037956238,-0.03469931334257126,-0.10713662207126617,0.08323480933904648
1.7764686485173107e+18,0.7638812065124512,-15.718523025512695,-0.0940297469496727,-0.026087643578648567,0.032068751752376556,-0.096238873898983,-0.045565467327833176,0.02173200063407421
1.776468648518311e+18,0.9485032558441162,-4.537575721740723,0.09063731133937836,-0.026087643578648567,0.27814674377441406,-0.1885482221841812,-0.045565467327833176,-0.009019406512379646
1.776468648519311e+18,-2.159301519393921,-16.23141098022461,0.1214151531457901,-0.013784755952656269,0.032068751752376556,-0.096238873898983,-0.045565467327833176,0.08323480933904648
1.7764686485203113e+18,-1.0515691041946411,17.619163513183594,-0.0016962187364697456,0.016972461715340614,-0.13198325037956238,-0.06546909362077713,-0.10713662207126617,-0.07052221894264221
1.7764686485213115e+18,-4.590158462524414,1.6170743703842163,0.27530437707901,-0.03223908692598343,0.032068751752376556,-0.003929531201720238,-0.10713662207126617,-0.07052221894264221
1.776468648522312e+18,3.0101163387298584,-26.489160537719727,0.059859469532966614,0.004669575020670891,-0.21400925517082214,0.3037682771682739,-0.10713662207126617,0.11398621648550034
1.776468648523312e+18,0.4869481027126312,-28.130399703979492,-0.06325190514326096,-0.0014818687923252583,0.07308174669742584,-0.1885482221841812,0.016005687415599823,-0.19352784752845764
1.7764686485243123e+18,2.302398443222046,-24.23245620727539,-0.06325190514326096,-0.0014818687923252583,0.07308174669742584,-0.15777844190597534,0.016005687415599823,0.02173200063407421
1.7764686485253125e+18,0.24078534543514252,-11.102535247802734,-0.0940297469496727,0.023123906925320625,-0.13198325037956238,0.057610031217336655,-0.045565467327833176,0.11398621648550034
1.776468648526313e+18,-3.6055076122283936,-15.513367652893066,-0.18636327981948853,0.016972461715340614,-0.0909702479839325,-0.15777844190597534,-0.10713662207126617,0.02173200063407421
1.7764686485273132e+18,-3.4208855628967285,24.389280319213867,0.059859469532966614,-0.007633312605321407,0.032068751752376556,-0.21931800246238708,0.016005687415599823,-0.07052221894264221
1.7764686485283133e+18,-2.990100860595703,-18.38553810119629,-0.12480759620666504,0.016972461715340614,-0.13198325037956238,-0.03469931334257126,-0.045565467327833176,0.05248340591788292
1.7764686485293135e+18,-2.805478572845459,0.2835668623447418,-0.15558543801307678,0.004669575020670891,-0.13198325037956238,-0.003929531201720238,-0.10713662207126617,0.08323480933904648
1.7764686485303135e+18,-0.8977173566818237,-12.538620948791504,-0.0016962187364697456,-0.0014818687923252583,-0.008944249711930752,-0.06546909362077713,-0.10713662207126617,-0.13202503323554993
1.7764686485313134e+18,-2.620856523513794,20.7990665435791,0.09063731133937836,-0.03223908692598343,0.1551077514886856,-0.06546909362077713,-0.045565467327833176,-0.039770811796188354
1.7764686485323133e+18,-1.0823394060134888,-34.490203857421875,-0.03247406333684921,-0.013784755952656269,0.032068751752376556,0.2114589363336563,-0.10713662207126617,0.02173200063407421
1.7764686485333133e+18,-0.8361766934394836,-11.615423202514648,-0.06325190514326096,-0.007633312605321407,-0.04995724931359291,0.057610031217336655,-0.045565467327833176,-0.19352784752845764
1.7764686485343132e+18,0.3946370482444763,39.878482818603516,0.059859469532966614,-0.007633312605321407,-0.04995724931359291,-0.12700866162776947,-0.045565467327833176,-0.13202503323554993
1.7764686485353132e+18,-1.666975975036621,-4.537575721740723,-0.0016962187364697456,-0.026087643578648567,0.07308174669742584,-0.096238873898983,-0.16870778799057007,-0.039770811796188354
1.776468648536313e+18,-2.066990375518799,18.234628677368164,0.15219299495220184,-0.007633312605321407,-0.17299625277519226,-0.06546909362077713,-0.10713662207126617,0.05248340591788292
1.776468648537313e+18,-0.005377406254410744,-19.9242000579834,0.02908162586390972,-0.03839053213596344,0.07308174669742584,-0.15777844190597534,-0.10713662207126617,0.02173200063407421
1.776468648538313e+18,-0.8977173566818237,18.644939422607422,-0.06325190514326096,0.023123906925320625,-0.17299625277519226,-0.03469931334257126,-0.045565467327833176,0.08323480933904648
1.776468648539313e+18,0.7331108450889587,-10.384492874145508,0.059859469532966614,-0.026087643578648567,-0.21400925517082214,0.36530783772468567,-0.10713662207126617,0.05248340591788292
1.7764686485403128e+18,-3.636277914047241,11.669669151306152,0.1214151531457901,-0.019936200231313705,-0.008944249711930752,0.08837981522083282,-0.10713662207126617,0.05248340591788292
1.7764686485413128e+18,0.17924465239048004,3.7712018489837646,-0.06325190514326096,0.0354267954826355,-0.17299625277519226,0.1191495954990387,-0.10713662207126617,-0.039770811796188354
1.7764686485423127e+18,-2.343923568725586,-17.667495727539062,-0.21714112162590027,0.016972461715340614,-0.17299625277519226,0.026840249076485634,-0.10713662207126617,0.08323480933904648
1.7764686485433126e+18,-4.067062854766846,13.41348648071289,-0.0016962187364697456,0.010821018368005753,-0.17299625277519226,-0.21931800246238708,-0.10713662207126617,-0.19352784752845764
1.7764686485443126e+18,-1.3285021781921387,-13.8721284866333,-0.12480759620666504,-0.013784755952656269,0.1551077514886856,-0.12700866162776947,-0.10713662207126617,-0.009019406512379646
1.7764686485453125e+18,-3.482426166534424,13.105753898620605,-0.0016962187364697456,-0.0014818687923252583,0.07308174669742584,0.08837981522083282,-0.10713662207126617,0.05248340591788292
1.7764686485463124e+18,-1.6362056732177734,28.184646606445312,0.059859469532966614,-0.026087643578648567,-0.04995724931359291,0.057610031217336655,-0.10713662207126617,0.05248340591788292
1.7764686485473124e+18,1.4100583791732788,30.338773727416992,0.15219299495220184,-0.026087643578648567,-0.008944249711930752,0.08837981522083282,-0.045565467327833176,0.2062404304742813
1.7764686485483123e+18,-3.5439670085906982,-16.641719818115234,-0.12480759620666504,0.010821018368005753,-0.0909702479839325,-0.06546909362077713,-0.10713662207126617,0.1447376310825348
1.7764686485493123e+18,-3.174722909927368,-2.8963356018066406,-0.03247406333684921,0.010821018368005753,0.11409474909305573,-0.21931800246238708,0.016005687415599823,-0.16277644038200378
1.7764686485503122e+18,1.1331253051757812,-10.897380828857422,-0.12480759620666504,0.0354267954826355,-0.13198325037956238,0.18068915605545044,-0.045565467327833176,-0.039770811796188354
1.7764686485513121e+18,-2.528545618057251,32.698055267333984,0.15219299495220184,-0.019936200231313705,-0.008944249711930752,-0.03469931334257126,-0.045565467327833176,-0.16277644038200378
1.776468648552312e+18,-2.4054641723632812,-10.692225456237793,-0.12480759620666504,0.023123906925320625,-0.0909702479839325,-0.03469931334257126,-0.045565467327833176,-0.16277644038200378
1.776468648553312e+18,0.7638812065124512,-5.768505573272705,0.02908162586390972,-0.03839053213596344,-0.13198325037956238,-0.03469931334257126,-0.10713662207126617,0.08323480933904648
1.776468648554312e+18,-2.5593159198760986,18.542362213134766,-0.06325190514326096,-0.0014818687923252583,0.07308174669742584,-0.1885482221841812,-0.10713662207126617,-0.10127362608909607
1.7764686485553119e+18,-4.497847557067871,15.157304763793945,0.02908162586390972,0.010821018368005753,-0.21400925517082214,-0.1885482221841812,0.016005687415599823,-0.13202503323554993
1.7764686485563118e+18,-1.2054208517074585,-6.896858215332031,-0.0940297469496727,-0.0014818687923252583,-0.008944249711930752,0.14991937577724457,-0.10713662207126617,-0.039770811796188354
1.7764686485573117e+18,-2.2823827266693115,-9.87160587310791,-0.03247406333684921,-0.0014818687923252583,-0.008944249711930752,-0.15777844190597534,-0.10713662207126617,0.02173200063407421
1.7764686485583117e+18,-3.5131967067718506,8.694921493530273,0.09063731133937836,-0.026087643578648567,0.27814674377441406,-0.21931800246238708,0.016005687415599823,-0.13202503323554993
1.7764686485593116e+18,-1.913138747215271,-20.129356384277344,-0.15558543801307678,0.016972461715340614,-0.04995724931359291,-0.15777844190597534,-0.10713662207126617,0.11398621648550034
1.7764686485603116e+18,-3.5131967067718506,-18.488115310668945,0.02908162586390972,-0.019936200231313705,0.1551077514886856,-0.1885482221841812,-0.045565467327833176,-0.009019406512379646
1.7764686485613115e+18,-0.22076980769634247,-18.38553810119629,0.02908162586390972,-0.026087643578648567,-0.17299625277519226,0.2114589363336563,-0.045565467327833176,-0.009019406512379646
1.7764686485623114e+18,-2.897789716720581,21.004220962524414,0.02908162586390972,0.010821018368005753,-0.21400925517082214,0.3037682771682739,-0.10713662207126617,0.11398621648550034
1.7764686485633114e+18,0.9485032558441162,-23.719568252563477,-0.0940297469496727,-0.0014818687923252583,0.032068751752376556,0.1191495954990387,-0.16870778799057007,0.08323480933904648
1.7764686485643113e+18,-0.03614775091409683,10.541316986083984,-0.0940297469496727,-0.0014818687923252583,-0.008944249711930752,-0.21931800246238708,0.016005687415599823,-0.16277644038200378
1.7764686485653112e+18,0.27155569195747375,23.466081619262695,0.09063731133937836,-0.0014818687923252583,-0.13198325037956238,-0.096238873898983,-0.045565467327833176,-0.009019406512379646
1.7764686485663112e+18,-1.7900573015213013,17.516586303710938,-0.03247406333684921,-0.007633312605321407,-0.0909702479839325,0.14991937577724457,-0.045565467327833176,0.11398621648550034
1.776468648567311e+18,-1.482353925704956,-6.794280529022217,-0.06325190514326096,-0.007633312605321407,0.07308174669742584,0.026840249076485634,-0.10713662207126617,0.23699183762073517
1.776468648568311e+18,-2.620856523513794,21.004220962524414,0.059859469532966614,0.023123906925320625,-0.2960352599620819,0.026840249076485634,-0.045565467327833176,-0.009019406512379646
1.776468648569311e+18,0.3638667166233063,-2.178293228149414,0.09063731133937836,-0.026087643578648567,-0.0909702479839325,-0.003929531201720238,-0.10713662207126617,-0.07052221894264221
1.776468648570311e+18,-1.913138747215271,-18.38553810119629,-0.12480759620666504,-0.007633312605321407,0.1551077514886856,-0.1885482221841812,-0.045565467327833176,-0.13202503323554993
1.7764686485713108e+18,1.9331542253494263,-8.948408126831055,-0.18636327981948853,0.04772968217730522,-0.21400925517082214,0.08837981522083282,-0.045565467327833176,-0.009019406512379646
1.7764686485723108e+18,0.6407998204231262,26.13309669494629,0.15219299495220184,-0.007633312605321407,-0.0909702479839325,-0.03469931334257126,-0.10713662207126617,-0.13202503323554993
1.7764686485733107e+18,-4.528617858886719,-4.640152931213379,-0.03247406333684921,0.010821018368005753,0.07308174669742584,-0.21931800246238708,-0.10713662207126617,-0.13202503323554993
1.7764686485743107e+18,0.7331108450889587,-17.15460777282715,-0.247918963432312,0.04157823696732521,-0.17299625277519226,0.14991937577724457,-0.045565467327833176,-0.009019406512379646
1.7764686485753106e+18,-4.282454967498779,19.05525016784668,-0.03247406333684921,0.016972461715340614,-0.17299625277519226,-0.06546909362077713,-0.045565467327833176,0.05248340591788292
1.7764686485763105e+18,-1.3285021781921387,-4.537575721740723,-0.06325190514326096,-0.013784755952656269,0.032068751752376556,-0.15777844190597534,-0.045565467327833176,-0.13202503323554993
1.7764686485773105e+18,-1.3592724800109863,-16.641719818115234,0.15219299495220184,-0.03223908692598343,0.1551077514886856,-0.12700866162776947,-0.10713662207126617,0.05248340591788292
1.7764686485783104e+18,-2.343923568725586,-0.6396306157112122,-0.0016962187364697456,-0.007633312605321407,0.11409474909305573,-0.12700866162776947,-0.045565467327833176,0.08323480933904648
1.7764686485793103e+18,-3.174722909927368,-6.589125633239746,-0.0940297469496727,0.010821018368005753,-0.17299625277519226,-0.096238873898983,-0.10713662207126617,-0.2242792546749115
1.7764686485803103e+18,0.4869481027126312,-25.565963745117188,-0.06325190514326096,-0.026087643578648567,0.1551077514886856,-0.15777844190597534,-0.10713662207126617,0.05248340591788292
1.7764686485813102e+18,1.4715991020202637,-29.46390724182129,-0.0016962187364697456,-0.0014818687923252583,0.07308174669742584,-0.1885482221841812,-0.045565467327833176,0.11398621648550034
1.7764686485823101e+18,-3.482426166534424,-1.049940586090088,0.059859469532966614,-0.0014818687923252583,0.07308174669742584,-0.003929531201720238,-0.045565467327833176,0.11398621648550034
1.77646864858331e+18,-0.37462154030799866,-8.538098335266113,-0.0016962187364697456,-0.026087643578648567,0.1961207538843155,-0.1885482221841812,-0.10713662207126617,0.08323480933904648
1.77646864858431e+18,2.1485466957092285,-9.666450500488281,-0.0940297469496727,-0.03223908692598343,0.11409474909305573,-0.21931800246238708,-0.045565467327833176,0.08323480933904648
1.77646864858531e+18,-0.005377406254410744,0.1809893697500229,-0.18636327981948853,0.023123906925320625,-0.17299625277519226,0.24222871661186218,-0.10713662207126617,-0.039770811796188354
1.77646864858631e+18,-2.2823827266693115,-19.9242000579834,-0.0016962187364697456,-0.007633312605321407,-0.008944249711930752,0.08837981522083282,-0.10713662207126617,0.2984946668148041
1.7764686485873098e+18,-3.205493211746216,18.02947425842285,-0.0016962187364697456,-0.013784755952656269,-0.008944249711930752,0.026840249076485634,-0.045565467327833176,0.2677432596683502
1.7764686485883098e+18,0.3023260235786438,1.514496922492981,-0.06325190514326096,0.023123906925320625,-0.17299625277519226,-0.003929531201720238,-0.10713662207126617,-0.07052221894264221
1.7764686485893097e+18,-3.667048215866089,8.900076866149902,-0.0016962187364697456,0.010821018368005753,0.1551077514886856,-0.1885482221841812,-0.045565467327833176,-0.16277644038200378
1.7764686485903096e+18,-0.43616223335266113,-10.897380828857422,0.24452653527259827,-0.007633312605321407,-0.04995724931359291,0.026840249076485634,-0.10713662207126617,-0.039770811796188354
1.7764686485913093e+18,-2.066990375518799,-3.204068183898926,-0.06325190514326096,-0.0014818687923252583,0.1961207538843155,0.08837981522083282,-0.10713662207126617,0.2062404304742813
1.7764686485923092e+18,-2.7747082710266113,-6.6917033195495605,0.15219299495220184,-0.026087643578648567,0.07308174669742584,0.14991937577724457,-0.10713662207126617,-0.07052221894264221
1.7764686485933092e+18,0.24078534543514252,-4.127265453338623,-0.12480759620666504,0.004669575020670891,-0.255022257566452,-0.003929531201720238,-0.045565467327833176,-0.039770811796188354
1.776468648594309e+18,-2.1900718212127686,-4.537575721740723,-0.0940297469496727,-0.03223908692598343,-0.13198325037956238,-0.06546909362077713,-0.045565467327833176,-0.07052221894264221
1.776468648595309e+18,-1.3592724800109863,29.005266189575195,-0.0016962187364697456,-0.0014818687923252583,-0.0909702479839325,0.14991937577724457,-0.10713662207126617,-0.2242792546749115
1.776468648596309e+18,1.3792880773544312,-36.54175567626953,-0.06325190514326096,-0.007633312605321407,-0.0909702479839325,0.057610031217336655,0.016005687415599823,-0.13202503323554993
1.776468648597309e+18,-1.2361911535263062,15.46503734588623,0.1214151531457901,-0.03223908692598343,0.31915974617004395,-0.28085756301879883,-0.045565467327833176,-0.19352784752845764
1.7764686485983089e+18,0.3946370482444763,7.874301910400391,-0.12480759620666504,0.0354267954826355,-0.13198325037956238,0.057610031217336655,-0.10713662207126617,-0.039770811796188354
1.7764686485993088e+18,0.5177184343338013,-23.206680297851562,-0.0940297469496727,-0.013784755952656269,-0.04995724931359291,0.057610031217336655,-0.10713662207126617,-0.10127362608909607
1.7764686486003087e+18,-4.128603458404541,9.823274612426758,-0.06325190514326096,-0.0014818687923252583,0.11409474909305573,-0.25008776783943176,-0.16870778799057007,0.05248340591788292
1.7764686486013087e+18,-1.913138747215271,-14.179861068725586,0.059859469532966614,-0.026087643578648567,-0.0909702479839325,0.1191495954990387,-0.045565467327833176,0.08323480933904648
1.7764686486023086e+18,0.056163281202316284,-12.948930740356445,-0.21714112162590027,0.04157823696732521,-0.21400925517082214,0.2114589363336563,-0.10713662207126617,-0.009019406512379646
1.7764686486033085e+18,-2.8670194149017334,10.131007194519043,0.15219299495220184,-0.019936200231313705,0.1961207538843155,-0.096238873898983,-0.10713662207126617,0.02173200063407421
1.7764686486043085e+18,-1.8515980243682861,-20.026777267456055,-0.12480759620666504,0.016972461715340614,-0.04995724931359291,-0.03469931334257126,-0.045565467327833176,-0.19352784752845764
1.7764686486053084e+18,-2.159301519393921,25.51763153076172,-0.03247406333684921,0.016972461715340614,-0.17299625277519226,-0.21931800246238708,-0.045565467327833176,-0.13202503323554993
1.7764686486063084e+18,2.5485610961914062,-6.383970737457275,-0.247918963432312,0.023123906925320625,-0.255022257566452,0.1191495954990387,-0.10713662207126617,-0.07052221894264221
1.7764686486073083e+18,-2.4670050144195557,10.438739776611328,-0.03247406333684921,0.023123906925320625,-0.2960352599620819,-0.1885482221841812,0.016005687415599823,-0.19352784752845764
1.7764686486083082e+18,-2.6516270637512207,-20.744821548461914,-0.18636327981948853,-0.007633312605321407,0.11409474909305573,-0.15777844190597534,-0.10713662207126617,0.02173200063407421
1.7764686486093082e+18,-1.0515691041946411,21.106800079345703,0.09063731133937836,0.023123906925320625,-0.0909702479839325,0.026840249076485634,-0.045565467327833176,-0.009019406512379646
1.776468648610308e+18,1.9331542253494263,-20.53966522216797,-0.21714112162590027,0.04157823696732521,-0.255022257566452,0.2114589363336563,-0.045565467327833176,-0.009019406512379646
1.776468648611308e+18,-0.6207842826843262,26.3382511138916,0.059859469532966614,0.010821018368005753,-0.13198325037956238,-0.06546909362077713,-0.10713662207126617,0.05248340591788292
1.776468648612308e+18,2.087005853652954,-10.076760292053223,-0.15558543801307678,-0.0014818687923252583,-0.13198325037956238,-0.03469931334257126,-0.045565467327833176,-0.19352784752845764
1.776468648613308e+18,-2.8362491130828857,-5.358195781707764,-0.06325190514326096,-0.0014818687923252583,0.11409474909305573,-0.28085756301879883,-0.10713662207126617,-0.19352784752845764
1.7764686486143078e+18,-1.543894648551941,-32.438655853271484,-0.06325190514326096,-0.0014818687923252583,0.11409474909305573,-0.25008776783943176,-0.10713662207126617,-0.16277644038200378
1.7764686486153078e+18,1.5023694038391113,-39.00361633300781,-0.06325190514326096,-0.007633312605321407,0.07308174669742584,-0.28085756301879883,-0.045565467327833176,-0.16277644038200378
1.7764686486163077e+18,1.7793024778366089,-20.53966522216797,-0.12480759620666504,-0.013784755952656269,-0.04995724931359291,0.08837981522083282,-0.10713662207126617,0.11398621648550034
1.7764686486173076e+18,-1.543894648551941,-19.821622848510742,-0.0940297469496727,-0.013784755952656269,0.1551077514886856,-0.25008776783943176,0.016005687415599823,-0.10127362608909607
1.7764686486183076e+18,-0.18999947607517242,-9.974183082580566,-0.06325190514326096,0.0354267954826355,-0.17299625277519226,-0.003929531201720238,-0.045565467327833176,-0.16277644038200378
1.7764686486193075e+18,0.21001499891281128,22.1325740814209,0.09063731133937836,-0.013784755952656269,-0.13198325037956238,-0.06546909362077713,-0.10713662207126617,-0.07052221894264221
1.7764686486203075e+18,-3.7901296615600586,0.5912993550300598,-0.06325190514326096,-0.0014818687923252583,0.07308174669742584,-0.21931800246238708,-0.10713662207126617,-0.10127362608909607
1.7764686486213074e+18,-0.7746359705924988,26.74856185913086,0.15219299495220184,-0.019936200231313705,-0.0909702479839325,0.026840249076485634,0.016005687415599823,-0.16277644038200378
1.7764686486223073e+18,-2.7747082710266113,17.516586303710938,0.09063731133937836,-0.013784755952656269,-0.21400925517082214,-0.21931800246238708,-0.10713662207126617,0.05248340591788292
1.7764686486233073e+18,-0.3130808472633362,16.490812301635742,0.059859469532966614,-0.007633312605321407,-0.04995724931359291,-0.06546909362077713,0.016005687415599823,-0.16277644038200378
1.7764686486243072e+18,-0.03614775091409683,-31.412879943847656,-0.03247406333684921,-0.0014818687923252583,-0.008944249711930752,0.27299851179122925,-0.10713662207126617,0.05248340591788292
1.7764686486253071e+18,-0.28231048583984375,13.41348648071289,0.059859469532966614,0.029275350272655487,-0.17299625277519226,0.08837981522083282,-0.045565467327833176,-0.039770811796188354
1.776468648626307e+18,-2.251612424850464,-19.719045639038086,-0.06325190514326096,0.016972461715340614,-0.04995724931359291,-0.12700866162776947,-0.045565467327833176,-0.19352784752845764
1.776468648627307e+18,0.9792736172676086,17.619163513183594,0.1214151531457901,-0.0014818687923252583,-0.04995724931359291,-0.06546909362077713,-0.10713662207126617,-0.19352784752845764
1.776468648628307e+18,0.9792736172676086,-8.0252103805542,0.059859469532966614,-0.03223908692598343,-0.17299625277519226,0.18068915605545044,-0.10713662207126617,-0.009019406512379646
1.776468648629307e+18,-1.543894648551941,-11.923155784606934,0.059859469532966614,-0.026087643578648567,0.23713375627994537,-0.15777844190597534,-0.10713662207126617,-0.009019406512379646
1.7764686486303068e+18,-2.343923568725586,-1.357673168182373,0.1214151531457901,-0.013784755952656269,-0.008944249711930752,-0.06546909362077713,-0.045565467327833176,-0.13202503323554993
1.7764686486313068e+18,-0.8669470548629761,-5.973660469055176,-0.18636327981948853,0.04157823696732521,-0.13198325037956238,0.18068915605545044,-0.045565467327833176,-0.009019406512379646
1.7764686486323067e+18,-0.7438656687736511,15.259881973266602,0.1214151531457901,-0.026087643578648567,-0.008944249711930752,0.08837981522083282,-0.045565467327833176,-0.07052221894264221
1.7764686486333066e+18,2.2716281414031982,-30.38710594177246,-0.06325190514326096,-0.013784755952656269,-0.008944249711930752,0.08837981522083282,-0.10713662207126617,0.17548903822898865
1.7764686486343066e+18,-3.359344959259033,20.286178588867188,0.059859469532966614,0.004669575020670891,-0.255022257566452,0.1191495954990387,-0.10713662207126617,0.17548903822898865
1.7764686486353065e+18,-2.9593303203582764,13.61864185333252,0.02908162586390972,0.010821018368005753,-0.21400925517082214,-0.003929531201720238,-0.10713662207126617,-0.10127362608909607
1.7764686486363064e+18,-1.913138747215271,-15.615945816040039,-0.03247406333684921,-0.013784755952656269,0.032068751752376556,-0.003929531201720238,0.016005687415599823,0.02173200063407421
1.7764686486373064e+18,-0.4977028965950012,-20.53966522216797,0.02908162586390972,-0.026087643578648567,0.1551077514886856,-0.096238873898983,-0.10713662207126617,0.05248340591788292
1.776468648638306e+18,-1.5746649503707886,-0.8447856307029724,0.09063731133937836,-0.026087643578648567,0.1961207538843155,-0.12700866162776947,-0.045565467327833176,-0.009019406512379646
1.776468648639306e+18,-0.7130953073501587,-21.975749969482422,-0.06325190514326096,-0.019936200231313705,-0.008944249711930752,-0.096238873898983,0.016005687415599823,-0.039770811796188354
1.776468648640306e+18,2.0562355518341064,-36.02886962890625,-0.03247406333684921,-0.007633312605321407,0.1551077514886856,-0.15777844190597534,0.016005687415599823,-0.07052221894264221
1.7764686486413059e+18,-3.267033815383911,-12.948930740356445,-0.18636327981948853,0.029275350272655487,-0.255022257566452,-0.06546909362077713,-0.045565467327833176,-0.16277644038200378
1.7764686486423058e+18,1.5639101266860962,-6.178815841674805,-0.21714112162590027,0.0354267954826355,-0.255022257566452,0.14991937577724457,-0.10713662207126617,-0.039770811796188354
1.7764686486433057e+18,-0.12845878303050995,-32.438655853271484,-0.06325190514326096,-0.007633312605321407,0.07308174669742584,-0.003929531201720238,-0.10713662207126617,0.05248340591788292
1.7764686486443057e+18,-3.8208999633789062,-21.15513038635254,0.09063731133937836,-0.026087643578648567,0.1961207538843155,-0.06546909362077713,-0.10713662207126617,-0.07052221894264221
1.7764686486453056e+18,-0.22076980769634247,-11.205113410949707,-0.12480759620666504,-0.019936200231313705,0.032068751752376556,-0.096238873898983,-0.10713662207126617,-0.07052221894264221
1.7764686486463055e+18,-2.4977753162384033,-23.206680297851562,-0.0940297469496727,-0.0014818687923252583,0.07308174669742584,-0.25008776783943176,-0.045565467327833176,-0.19352784752845764
1.7764686486473055e+18,0.3638667166233063,-1.4602506160736084,0.1214151531457901,-0.026087643578648567,-0.04995724931359291,0.057610031217336655,-0.10713662207126617,-0.009019406512379646
1.7764686486483054e+18,-3.020871162414551,23.671236038208008,0.1214151531457901,-0.03223908692598343,0.23713375627994537,-0.21931800246238708,-0.045565467327833176,-0.13202503323554993
1.7764686486493053e+18,0.4869481027126312,-10.79480266571045,-0.0940297469496727,-0.019936200231313705,0.07308174669742584,-0.03469931334257126,-0.045565467327833176,-0.039770811796188354
1.7764686486503053e+18,-2.0977606773376465,7.361414432525635,-0.0016962187364697456,0.004669575020670891,-0.13198325037956238,0.14991937577724457,-0.16870778799057007,0.17548903822898865
1.7764686486513052e+18,-2.9593303203582764,13.926374435424805,0.1214151531457901,-0.019936200231313705,-0.17299625277519226,-0.06546909362077713,-0.045565467327833176,-0.16277644038200378
1.7764686486523052e+18,-3.174722909927368,-31.6180362701416,-0.12480759620666504,0.023123906925320625,-0.13198325037956238,-0.096238873898983,-0.10713662207126617,-0.2242792546749115
1.776468648653305e+18,-0.7438656687736511,-29.669063568115234,-0.0940297469496727,0.004669575020670891,-0.13198325037956238,-0.06546909362077713,-0.045565467327833176,-0.16277644038200378
1.7764686486543048e+18,0.42540740966796875,7.361414432525635,-0.0016962187364697456,-0.019936200231313705,-0.04995724931359291,-0.03469931334257126,-0.10713662207126617,0.02173200063407421
1.7764686486553047e+18,-2.6516270637512207,-7.922633171081543,-0.03247406333684921,0.023123906925320625,-0.17299625277519226,-0.06546909362077713,-0.045565467327833176,-0.07052221894264221
1.7764686486563046e+18,-1.482353925704956,9.002654075622559,-0.12480759620666504,-0.013784755952656269,0.07308174669742584,-0.15777844190597534,-0.045565467327833176,0.1447376310825348
1.7764686486573046e+18,-0.8054063320159912,15.46503734588623,0.02908162586390972,0.016972461715340614,-0.04995724931359291,-0.003929531201720238,0.016005687415599823,-0.19352784752845764
1.7764686486583045e+18,-3.2362635135650635,16.5933895111084,0.09063731133937836,-0.03839053213596344,0.11409474909305573,-0.12700866162776947,-0.045565467327833176,-0.009019406512379646
1.7764686486593044e+18,0.3638667166233063,11.156782150268555,0.09063731133937836,0.004669575020670891,-0.255022257566452,0.39607763290405273,-0.16870778799057007,-0.009019406512379646
1.7764686486603044e+18,2.2408576011657715,-17.97522735595703,-0.06325190514326096,-0.013784755952656269,-0.17299625277519226,0.1191495954990387,-0.10713662207126617,0.02173200063407421
1.7764686486613043e+18,1.9639246463775635,-5.973660469055176,0.059859469532966614,-0.0014818687923252583,-0.21400925517082214,0.026840249076485634,-0.045565467327833176,-0.16277644038200378
1.7764686486623043e+18,-2.6823973655700684,-3.511800527572632,-0.0016962187364697456,-0.007633312605321407,0.11409474909305573,0.08837981522083282,-0.045565467327833176,0.23699183762073517
1.7764686486633042e+18,-0.5592436194419861,-16.539142608642578,-0.0940297469496727,-0.0014818687923252583,0.11409474909305573,-0.1885482221841812,-0.10713662207126617,0.02173200063407421
1.776468648664304e+18,1.9023839235305786,-45.87630844116211,-0.06325190514326096,0.010821018368005753,-0.2960352599620819,-0.003929531201720238,-0.045565467327833176,-0.07052221894264221
1.776468648665304e+18,-3.1439523696899414,-20.334510803222656,-0.15558543801307678,0.023123906925320625,-0.0909702479839325,-0.096238873898983,-0.10713662207126617,-0.039770811796188354
1.776468648666304e+18,1.5639101266860962,26.645984649658203,0.1214151531457901,-0.019936200231313705,-0.17299625277519226,-0.096238873898983,-0.045565467327833176,-0.009019406512379646
1.776468648667304e+18,-1.3285021781921387,-31.310302734375,-0.06325190514326096,-0.007633312605321407,-0.0909702479839325,0.14991937577724457,0.016005687415599823,-0.2242792546749115
1.776468648668304e+18,-1.9746793508529663,-10.281915664672852,-0.15558543801307678,0.04157823696732521,-0.17299625277519226,0.14991937577724457,-0.045565467327833176,-0.009019406512379646
1.7764686486693038e+18,2.1485466957092285,10.131007194519043,0.09063731133937836,-0.026087643578648567,0.31915974617004395,-0.3116273581981659,0.016005687415599823,-0.039770811796188354
1.7764686486703035e+18,-2.1900718212127686,-12.948930740356445,-0.0016962187364697456,-0.019936200231313705,-0.04995724931359291,-0.003929531201720238,-0.045565467327833176,0.2677432596683502
1.7764686486713034e+18,1.0408142805099487,41.21199035644531,0.09063731133937836,-0.0014818687923252583,0.032068751752376556,-0.25008776783943176,-0.10713662207126617,-0.009019406512379646
1.7764686486723034e+18,-2.0054497718811035,18.644939422607422,0.1214151531457901,-0.026087643578648567,-0.255022257566452,0.24222871661186218,-0.10713662207126617,-0.009019406512379646
1.7764686486733033e+18,-2.713167667388916,-7.717478275299072,-0.06325190514326096,-0.0014818687923252583,-0.255022257566452,0.057610031217336655,-0.10713662207126617,-0.009019406512379646
1.7764686486743032e+18,2.5177907943725586,-36.746910095214844,-0.06325190514326096,-0.007633312605321407,0.11409474909305573,-0.28085756301879883,-0.045565467327833176,-0.19352784752845764
1.7764686486753032e+18,-0.03614775091409683,-12.538620948791504,-0.12480759620666504,0.0354267954826355,-0.21400925517082214,0.026840249076485634,-0.10713662207126617,-0.13202503323554993
1.776468648676303e+18,-4.990172863006592,-14.385015487670898,-0.15558543801307678,-0.007633312605321407,0.032068751752376556,-0.1885482221841812,-0.045565467327833176,0.02173200063407421
1.776468648677303e+18,1.2562066316604614,-12.128310203552246,-0.15558543801307678,0.016972461715340614,-0.17299625277519226,0.18068915605545044,-0.10713662207126617,-0.039770811796188354
1.776468648678303e+18,2.948575496673584,-6.6917033195495605,0.059859469532966614,-0.026087643578648567,-0.0909702479839325,-0.06546909362077713,-0.16870778799057007,0.1447376310825348
1.776468648679303e+18,-0.6515546441078186,-0.9473631381988525,-0.03247406333684921,0.010821018368005753,-0.21400925517082214,-0.1885482221841812,-0.10713662207126617,-0.13202503323554993
1.7764686486803028e+18,1.8408432006835938,10.438739776611328,0.1829708367586136,-0.026087643578648567,-0.008944249711930752,0.057610031217336655,-0.10713662207126617,-0.009019406512379646
1.7764686486813028e+18,-1.5746649503707886,-5.8710832595825195,0.09063731133937836,-0.019936200231313705,0.1551077514886856,-0.1885482221841812,-0.10713662207126617,0.05248340591788292
1.7764686486823027e+18,0.3023260235786438,29.928464889526367,0.15219299495220184,-0.019936200231313705,-0.04995724931359291,0.1191495954990387,-0.10713662207126617,0.2984946668148041
1.7764686486833027e+18,-2.4054641723632812,20.59391212463379,0.02908162586390972,0.010821018368005753,-0.255022257566452,-0.003929531201720238,0.016005687415599823,-0.19352784752845764
1.7764686486843026e+18,1.2869770526885986,-6.794280529022217,0.059859469532966614,-0.026087643578648567,0.27814674377441406,-0.28085756301879883,-0.045565467327833176,0.08323480933904648
1.7764686486853025e+18,-2.990100860595703,-12.333465576171875,0.1214151531457901,-0.026087643578648567,0.23713375627994537,-0.15777844190597534,-0.045565467327833176,0.08323480933904648
1.7764686486863022e+18,0.9177328944206238,-10.999958038330078,-0.15558543801307678,0.04157823696732521,-0.255022257566452,0.18068915605545044,-0.045565467327833176,-0.009019406512379646
1.7764686486873021e+18,-4.497847557067871,19.260404586791992,-0.0016962187364697456,0.010821018368005753,-0.255022257566452,0.1191495954990387,-0.045565467327833176,-0.009019406512379646
1.776468648688302e+18,-0.06691809743642807,-23.92472267150879,-0.0016962187364697456,0.004669575020670891,0.07308174669742584,-0.25008776783943176,-0.045565467327833176,-0.19352784752845764
1.776468648689302e+18,0.7946515083312988,-6.383970737457275,-0.18636327981948853,0.016972461715340614,-0.21400925517082214,0.18068915605545044,-0.10713662207126617,-0.07052221894264221
1.776468648690302e+18,-0.6823249459266663,5.207286834716797,0.15219299495220184,-0.03839053213596344,0.27814674377441406,0.026840249076485634,-0.10713662207126617,0.02173200063407421
1.776468648691302e+18,-0.06691809743642807,-16.128833770751953,-0.18636327981948853,-0.007633312605321407,0.07308174669742584,-0.1885482221841812,-0.045565467327833176,0.08323480933904648
1.7764686486923018e+18,-4.128603458404541,8.07945728302002,-0.21714112162590027,0.023123906925320625,0.11409474909305573,-0.06546909362077713,-0.045565467327833176,-0.19352784752845764
1.7764686486933018e+18,1.5639101266860962,-12.743775367736816,-0.247918963432312,-0.007633312605321407,-0.21400925517082214,0.27299851179122925,-0.10713662207126617,-0.039770811796188354
1.7764686486943017e+18,2.1485466957092285,-9.87160587310791,0.02908162586390972,-0.019936200231313705,0.1961207538843155,-0.25008776783943176,-0.16870778799057007,-0.009019406512379646
1.7764686486953016e+18,1.2869770526885986,-26.591737747192383,-0.0940297469496727,-0.013784755952656269,-0.008944249711930752,-0.003929531201720238,-0.10713662207126617,-0.16277644038200378
1.7764686486963016e+18,-3.082411766052246,21.20937728881836,0.059859469532966614,-0.019936200231313705,-0.04995724931359291,-0.003929531201720238,0.016005687415599823,-0.16277644038200378
1.7764686486973015e+18,-3.451655864715576,-15.41079044342041,0.059859469532966614,-0.0014818687923252583,-0.17299625277519226,0.2114589363336563,-0.10713662207126617,-0.07052221894264221
1.7764686486983014e+18,0.5484887957572937,18.95267105102539,0.059859469532966614,-0.007633312605321407,-0.255022257566452,0.18068915605545044,-0.10713662207126617,-0.009019406512379646
1.7764686486993014e+18,-2.2823827266693115,-11.615423202514648,-0.06325190514326096,0.010821018368005753,-0.04995724931359291,-0.003929531201720238,0.016005687415599823,-0.16277644038200378
1.7764686487003013e+18,1.0715845823287964,-29.566486358642578,-0.06325190514326096,-0.013784755952656269,0.11409474909305573,-0.21931800246238708,-0.045565467327833176,-0.009019406512379646
1.7764686487013012e+18,0.11770396679639816,-6.178815841674805,-0.12480759620666504,0.04772968217730522,-0.21400925517082214,0.057610031217336655,-0.045565467327833176,0.02173200063407421
1.776468648702301e+18,0.8254218697547913,-32.74638748168945,-0.0016962187364697456,-0.0014818687923252583,-0.008944249711930752,0.24222871661186218,-0.10713662207126617,0.1447376310825348
1.7764686487033009e+18,1.9023839235305786,-13.154085159301758,-0.0940297469496727,-0.019936200231313705,0.11409474909305573,-0.15777844190597534,-0.045565467327833176,0.08323480933904648
1.7764686487043008e+18,-0.6515546441078186,2.6428494453430176,0.059859469532966614,0.004669575020670891,-0.008944249711930752,-0.003929531201720238,-0.045565467327833176,-0.13202503323554993
1.7764686487053007e+18,-1.9746793508529663,1.7196518182754517,-0.0016962187364697456,0.004669575020670891,0.07308174669742584,-0.06546909362077713,-0.10713662207126617,0.11398621648550034
1.7764686487063007e+18,-1.913138747215271,2.9505817890167236,-0.15558543801307678,-0.0014818687923252583,-0.04995724931359291,0.08837981522083282,-0.10713662207126617,-0.13202503323554993
1.7764686487073006e+18,-1.666975975036621,-1.6654056310653687,0.02908162586390972,0.016972461715340614,-0.21400925517082214,0.18068915605545044,-0.045565467327833176,-0.07052221894264221
1.7764686487083005e+18,-1.8515980243682861,18.95267105102539,-0.06325190514326096,0.016972461715340614,-0.008944249711930752,-0.15777844190597534,0.016005687415599823,-0.19352784752845764
1.7764686487093005e+18,-1.8823683261871338,2.9505817890167236,0.059859469532966614,-0.03839053213596344,0.31915974617004395,-0.15777844190597534,-0.10713662207126617,-0.13202503323554993
1.7764686487103004e+18,-2.4977753162384033,21.004220962524414,0.1214151531457901,-0.026087643578648567,-0.04995724931359291,0.08837981522083282,-0.10713662207126617,-0.10127362608909607
1.7764686487113004e+18,-1.0515691041946411,-12.948930740356445,0.21374869346618652,-0.03223908692598343,0.032068751752376556,-0.12700866162776947,-0.045565467327833176,0.11398621648550034
1.7764686487123003e+18,-0.09768843650817871,-27.822668075561523,-0.0940297469496727,-0.007633312605321407,0.07308174669742584,0.057610031217336655,-0.045565467327833176,-0.13202503323554993
1.7764686487133002e+18,-0.1592291295528412,-15.41079044342041,-0.06325190514326096,-0.007633312605321407,0.032068751752376556,-0.3116273581981659,0.016005687415599823,-0.19352784752845764
1.7764686487143002e+18,2.025465250015259,-21.15513038635254,-0.15558543801307678,-0.0014818687923252583,-0.0909702479839325,0.1191495954990387,-0.045565467327833176,-0.07052221894264221
1.7764686487153e+18,1.5946804285049438,-4.332420825958252,0.1214151531457901,-0.013784755952656269,0.27814674377441406,-0.25008776783943176,-0.16870778799057007,0.17548903822898865
1.7764686487163e+18,-1.5746649503707886,-4.127265453338623,0.21374869346618652,-0.019936200231313705,-0.0909702479839325,0.18068915605545044,-0.045565467327833176,-0.13202503323554993
1.7764686487173e+18,-0.9900283813476562,-34.182472229003906,-0.0016962187364697456,-0.0014818687923252583,0.11409474909305573,0.08837981522083282,-0.045565467327833176,0.2984946668148041
1.7764686487182996e+18,-1.8515980243682861,14.541839599609375,0.059859469532966614,-0.03839053213596344,0.23713375627994537,-0.21931800246238708,-0.045565467327833176,-0.10127362608909607
1.7764686487192996e+18,-4.559388160705566,-18.795848846435547,-0.15558543801307678,0.010821018368005753,-0.008944249711930752,-0.03469931334257126,-0.045565467327833176,0.11398621648550034
1.7764686487202995e+18,0.17924465239048004,-18.180383682250977,0.1829708367586136,-0.026087643578648567,0.1551077514886856,-0.12700866162776947,-0.16870778799057007,-0.009019406512379646
1.7764686487212995e+18,-1.9746793508529663,-15.718523025512695,-0.0940297469496727,-0.013784755952656269,0.07308174669742584,-0.06546909362077713,-0.10713662207126617,-0.039770811796188354
1.7764686487222994e+18,0.11770396679639816,15.977924346923828,0.15219299495220184,-0.026087643578648567,-0.008944249711930752,0.057610031217336655,-0.045565467327833176,0.2062404304742813
1.7764686487232993e+18,0.11770396679639816,-14.282438278198242,-0.15558543801307678,0.04157823696732521,-0.21400925517082214,0.1191495954990387,-0.045565467327833176,0.02173200063407421
1.7764686487242993e+18,-2.8362491130828857,-1.767983078956604,-0.0940297469496727,0.016972461715340614,-0.21400925517082214,-0.003929531201720238,-0.045565467327833176,-0.07052221894264221
1.7764686487252992e+18,-1.5131242275238037,-15.205636024475098,-0.12480759620666504,0.0354267954826355,-0.17299625277519226,-0.1885482221841812,-0.10713662207126617,-0.07052221894264221
1.7764686487262991e+18,-3.7285890579223633,22.850616455078125,-0.03247406333684921,0.010821018368005753,0.032068751752376556,-0.1885482221841812,-0.045565467327833176,-0.19352784752845764
1.776468648727299e+18,2.8254942893981934,-9.050985336303711,0.02908162586390972,-0.026087643578648567,-0.008944249711930752,-0.1885482221841812,-0.045565467327833176,-0.10127362608909607
1.776468648728299e+18,-0.28231048583984375,13.516064643859863,0.059859469532966614,0.016972461715340614,-0.2960352599620819,-0.12700866162776947,-0.045565467327833176,-0.16277644038200378
1.776468648729299e+18,-4.159373760223389,-9.461296081542969,0.1214151531457901,-0.03223908692598343,0.07308174669742584,-0.06546909362077713,-0.10713662207126617,0.08323480933904648
1.776468648730299e+18,-4.528617858886719,6.027906894683838,0.02908162586390972,-0.0014818687923252583,0.27814674377441406,-0.15777844190597534,-0.045565467327833176,-0.10127362608909607
1.7764686487312988e+18,0.7638812065124512,8.797499656677246,0.1829708367586136,-0.019936200231313705,-0.008944249711930752,-0.096238873898983,-0.045565467327833176,0.08323480933904648
1.7764686487322988e+18,0.7946515083312988,24.491857528686523,0.1214151531457901,-0.0014818687923252583,-0.17299625277519226,-0.03469931334257126,0.016005687415599823,0.11398621648550034
1.7764686487332987e+18,-0.9900283813476562,34.13414001464844,0.1214151531457901,-0.0014818687923252583,-0.0909702479839325,-0.003929531201720238,-0.045565467327833176,0.08323480933904648
1.7764686487342986e+18,0.7331108450889587,-13.154085159301758,-0.0016962187364697456,-0.013784755952656269,0.31915974617004395,-0.1885482221841812,-0.16870778799057007,0.17548903822898865
1.7764686487352986e+18,-3.5131967067718506,19.56813621520996,0.059859469532966614,0.016972461715340614,-0.17299625277519226,-0.03469931334257126,-0.10713662207126617,0.05248340591788292
1.7764686487362985e+18,-3.451655864715576,23.97896957397461,0.1214151531457901,-0.0014818687923252583,-0.13198325037956238,-0.03469931334257126,-0.10713662207126617,-0.039770811796188354
1.7764686487372984e+18,0.8561922311782837,-49.2613639831543,-0.0940297469496727,-0.007633312605321407,0.07308174669742584,0.08837981522083282,-0.16870778799057007,0.17548903822898865
1.7764686487382984e+18,2.2716281414031982,-0.33189812302589417,-0.06325190514326096,0.023123906925320625,-0.17299625277519226,-0.096238873898983,-0.10713662207126617,0.08323480933904648
1.7764686487392983e+18,1.8408432006835938,-1.9731380939483643,-0.12480759620666504,-0.0014818687923252583,0.11409474909305573,-0.12700866162776947,-0.16870778799057007,-0.07052221894264221
1.7764686487402982e+18,-1.482353925704956,-17.15460777282715,-0.21714112162590027,-0.026087643578648567,0.11409474909305573,-0.21931800246238708,-0.10713662207126617,0.11398621648550034
1.7764686487412982e+18,-4.897861957550049,9.515542030334473,-0.03247406333684921,0.010821018368005753,-0.0909702479839325,-0.06546909362077713,-0.045565467327833176,0.02173200063407421
1.776468648742298e+18,1.8408432006835938,-7.717478275299072,-0.21714112162590027,0.0354267954826355,-0.17299625277519226,0.1191495954990387,-0.10713662207126617,-0.039770811796188354
1.776468648743298e+18,-0.28231048583984375,-42.491249084472656,-0.06325190514326096,-0.013784755952656269,-0.008944249711930752,-0.003929531201720238,-0.045565467327833176,-0.13202503323554993
1.776468648744298e+18,-2.4054641723632812,17.619163513183594,-0.03247406333684921,-0.0014818687923252583,-0.255022257566452,0.1191495954990387,-0.10713662207126617,0.02173200063407421
1.776468648745298e+18,-0.7130953073501587,-20.334510803222656,-0.12480759620666504,-0.0014818687923252583,-0.0909702479839325,0.057610031217336655,-0.045565467327833176,-0.13202503323554993
1.7764686487462979e+18,0.8254218697547913,-4.845308303833008,0.059859469532966614,-0.026087643578648567,-0.17299625277519226,-0.003929531201720238,-0.045565467327833176,0.05248340591788292
1.7764686487472978e+18,0.7946515083312988,-12.846353530883789,-0.0016962187364697456,-0.026087643578648567,-0.0909702479839325,-0.003929531201720238,-0.10713662207126617,-0.10127362608909607
1.7764686487482977e+18,0.08693362772464752,1.6170743703842163,0.09063731133937836,-0.03223908692598343,0.23713375627994537,-0.15777844190597534,-0.10713662207126617,0.08323480933904648
1.7764686487492977e+18,1.810072898864746,-0.9473631381988525,-0.18636327981948853,0.010821018368005753,-0.04995724931359291,-0.096238873898983,-0.10713662207126617,0.05248340591788292
1.7764686487502976e+18,-4.00552225112915,1.0016093254089355,-0.03247406333684921,-0.026087643578648567,0.1961207538843155,-0.12700866162776947,-0.10713662207126617,-0.009019406512379646
1.7764686487512975e+18,-4.497847557067871,16.080501556396484,-0.06325190514326096,0.010821018368005753,0.07308174669742584,0.057610031217336655,-0.10713662207126617,-0.16277644038200378
1.7764686487522975e+18,2.4562501907348633,22.1325740814209,0.09063731133937836,-0.013784755952656269,-0.008944249711930752,-0.06546909362077713,-0.045565467327833176,-0.13202503323554993
1.7764686487532974e+18,0.3638667166233063,-16.128833770751953,-0.03247406333684921,0.004669575020670891,0.032068751752376556,-0.1885482221841812,-0.045565467327833176,-0.009019406512379646
1.7764686487542973e+18,-3.0516414642333984,-8.0252103805542,-0.06325190514326096,0.0354267954826355,-0.04995724931359291,-0.15777844190597534,-0.10713662207126617,0.11398621648550034
1.7764686487552973e+18,-1.913138747215271,22.74803924560547,0.09063731133937836,-0.026087643578648567,-0.008944249711930752,-0.06546909362077713,-0.045565467327833176,-0.009019406512379646
1.7764686487562972e+18,-5.513268947601318,-16.23141098022461,-0.18636327981948853,0.023123906925320625,-0.17299625277519226,-0.06546909362077713,-0.045565467327833176,-0.16277644038200378
1.7764686487572972e+18,-2.4054641723632812,-4.127265453338623,0.02908162586390972,-0.03839053213596344,0.07308174669742584,0.057610031217336655,-0.10713662207126617,-0.07052221894264221
1.776468648758297e+18,-3.2362635135650635,23.260927200317383,0.02908162586390972,0.010821018368005753,-0.0909702479839325,-0.15777844190597534,-0.045565467327833176,0.02173200063407421
1.776468648759297e+18,1.6562211513519287,8.07945728302002,-0.03247406333684921,0.016972461715340614,-0.04995724931359291,-0.096238873898983,-0.045565467327833176,-0.039770811796188354
1.776468648760297e+18,-2.620856523513794,24.799589157104492,0.059859469532966614,0.023123906925320625,-0.008944249711930752,-0.1885482221841812,-0.10713662207126617,-0.009019406512379646
1.776468648761297e+18,1.3485177755355835,-18.07780647277832,-0.06325190514326096,-0.026087643578648567,-0.008944249711930752,-0.12700866162776947,-0.10713662207126617,-0.13202503323554993
1.7764686487622968e+18,0.5484887957572937,25.51763153076172,0.02908162586390972,0.016972461715340614,-0.008944249711930752,-0.12700866162776947,-0.045565467327833176,-0.13202503323554993
1.7764686487632968e+18,0.3638667166233063,15.157304763793945,0.02908162586390972,0.023123906925320625,-0.13198325037956238,-0.06546909362077713,-0.10713662207126617,0.11398621648550034
1.7764686487642967e+18,0.6407998204231262,2.8480043411254883,0.02908162586390972,-0.026087643578648567,-0.008944249711930752,-0.06546909362077713,-0.045565467327833176,-0.13202503323554993
1.7764686487652966e+18,-1.666975975036621,-29.77164077758789,-0.15558543801307678,-0.019936200231313705,-0.0909702479839325,0.1191495954990387,-0.045565467327833176,-0.25503066182136536
1.7764686487662966e+18,-2.5593159198760986,-2.8963356018066406,-0.12480759620666504,-0.013784755952656269,0.1551077514886856,-0.12700866162776947,-0.045565467327833176,-0.009019406512379646
1.7764686487672965e+18,-2.343923568725586,-8.64067554473877,0.24452653527259827,-0.026087643578648567,0.032068751752376556,0.14991937577724457,-0.10713662207126617,-0.16277644038200378
1.7764686487682964e+18,-0.8977173566818237,-0.7422081232070923,-0.06325190514326096,-0.026087643578648567,-0.0909702479839325,0.1191495954990387,-0.16870778799057007,0.05248340591788292
1.7764686487692961e+18,0.5792590975761414,7.156259536743164,0.059859469532966614,-0.0014818687923252583,0.07308174669742584,-0.28085756301879883,-0.16870778799057007,0.05248340591788292
1.776468648770296e+18,0.5484887957572937,-12.128310203552246,-0.12480759620666504,-0.026087643578648567,0.032068751752376556,0.026840249076485634,-0.045565467327833176,-0.009019406512379646
1.776468648771296e+18,-0.3130808472633362,-13.666973114013672,-0.0940297469496727,-0.0014818687923252583,-0.13198325037956238,0.18068915605545044,-0.16870778799057007,-0.07052221894264221
1.776468648772296e+18,-2.805478572845459,-27.30978012084961,-0.06325190514326096,-0.019936200231313705,-0.0909702479839325,0.1191495954990387,-0.16870778799057007,-0.13202503323554993
1.7764686487732959e+18,-2.1285312175750732,-5.153040409088135,0.1214151531457901,-0.03223908692598343,0.1551077514886856,-0.06546909362077713,-0.045565467327833176,0.02173200063407421
1.7764686487742958e+18,-2.6823973655700684,-0.7422081232070923,0.09063731133937836,-0.026087643578648567,-0.17299625277519226,0.14991937577724457,-0.10713662207126617,-0.16277644038200378
1.7764686487752957e+18,-2.251612424850464,-6.794280529022217,-0.0016962187364697456,-0.026087643578648567,0.07308174669742584,-0.3116273581981659,-0.10713662207126617,-0.10127362608909607
1.7764686487762957e+18,-0.7130953073501587,-15.000480651855469,-0.0016962187364697456,-0.03839053213596344,-0.13198325037956238,-0.03469931334257126,0.016005687415599823,0.05248340591788292
1.7764686487772956e+18,-2.4054641723632812,-5.563350677490234,0.21374869346618652,-0.019936200231313705,-0.17299625277519226,0.057610031217336655,0.016005687415599823,-0.10127362608909607
1.7764686487782956e+18,1.5023694038391113,-6.896858215332031,0.059859469532966614,-0.026087643578648567,0.23713375627994537,-0.21931800246238708,-0.045565467327833176,-0.07052221894264221
1.7764686487792955e+18,-0.7130953073501587,14.952149391174316,-0.15558543801307678,-0.013784755952656269,0.07308174669742584,-0.003929531201720238,-0.045565467327833176,0.05248340591788292
1.7764686487802954e+18,-1.913138747215271,-16.026256561279297,-0.0016962187364697456,-0.0014818687923252583,0.07308174669742584,-0.25008776783943176,-0.16870778799057007,-0.13202503323554993
1.7764686487812954e+18,1.0715845823287964,7.771724224090576,0.059859469532966614,-0.03223908692598343,-0.04995724931359291,-0.12700866162776947,-0.10713662207126617,-0.10127362608909607
1.7764686487822953e+18,-3.0516414642333984,2.0273842811584473,-0.03247406333684921,-0.03223908692598343,-0.0909702479839325,0.18068915605545044,-0.10713662207126617,-0.07052221894264221
1.7764686487832952e+18,-0.3130808472633362,-15.205636024475098,-0.06325190514326096,-0.013784755952656269,0.032068751752376556,0.08837981522083282,-0.10713662207126617,0.2984946668148041
1.7764686487842952e+18,-0.12845878303050995,25.927942276000977,0.1214151531457901,-0.026087643578648567,-0.008944249711930752,0.08837981522083282,-0.045565467327833176,0.02173200063407421
1.776468648785295e+18,-3.5439670085906982,2.745426893234253,-0.0016962187364697456,0.004669575020670891,-0.0909702479839325,0.026840249076485634,-0.10713662207126617,0.05248340591788292
1.776468648786295e+18,-0.2515401542186737,-22.591215133666992,-0.12480759620666504,-0.013784755952656269,0.1961207538843155,-0.12700866162776947,-0.045565467327833176,-0.07052221894264221
1.776468648787295e+18,-1.0823394060134888,-29.361330032348633,-0.0940297469496727,-0.013784755952656269,-0.0909702479839325,0.057610031217336655,-0.045565467327833176,-0.16277644038200378
1.776468648788295e+18,-0.4977028965950012,33.108367919921875,0.09063731133937836,-0.026087643578648567,-0.008944249711930752,0.1191495954990387,-0.10713662207126617,0.05248340591788292
1.7764686487892948e+18,-3.7285890579223633,-26.284006118774414,0.059859469532966614,-0.0014818687923252583,-0.04995724931359291,0.1191495954990387,-0.23027893900871277,-0.13202503323554993
1.7764686487902948e+18,1.3485177755355835,5.925329208374023,0.02908162586390972,-0.019936200231313705,0.23713375627994537,-0.1885482221841812,-0.045565467327833176,-0.10127362608909607
1.7764686487912947e+18,-2.343923568725586,16.5933895111084,0.059859469532966614,0.016972461715340614,-0.21400925517082214,0.24222871661186218,-0.045565467327833176,0.11398621648550034
1.7764686487922947e+18,1.3177473545074463,-21.15513038635254,-0.247918963432312,-0.0014818687923252583,-0.255022257566452,0.18068915605545044,-0.10713662207126617,-0.039770811796188354
1.7764686487932946e+18,2.1485466957092285,-38.7984619140625,-0.06325190514326096,-0.007633312605321407,0.032068751752376556,0.057610031217336655,-0.045565467327833176,-0.25503066182136536
1.7764686487942945e+18,-1.7592869997024536,-10.589648246765137,0.059859469532966614,-0.019936200231313705,-0.0909702479839325,0.18068915605545044,-0.10713662207126617,-0.039770811796188354
1.7764686487952945e+18,0.21001499891281128,-3.7169556617736816,-0.0016962187364697456,-0.026087643578648567,-0.13198325037956238,-0.096238873898983,-0.045565467327833176,0.05248340591788292
1.7764686487962944e+18,-3.390115261077881,6.643372058868408,0.15219299495220184,-0.03223908692598343,0.1551077514886856,-0.096238873898983,0.016005687415599823,-0.07052221894264221
1.7764686487972943e+18,-2.9593303203582764,22.1325740814209,-0.03247406333684921,0.004669575020670891,0.07308174669742584,-0.25008776783943176,-0.10713662207126617,0.05248340591788292
1.7764686487982943e+18,-1.728516697883606,4.591821670532227,-0.12480759620666504,0.016972461715340614,-0.17299625277519226,-0.003929531201720238,-0.10713662207126617,0.11398621648550034
1.7764686487992942e+18,1.5946804285049438,-23.61699104309082,-0.03247406333684921,0.010821018368005753,-0.17299625277519226,-0.12700866162776947,0.016005687415599823,-0.19352784752845764
1.7764686488002941e+18,0.7638812065124512,-29.361330032348633,-0.0016962187364697456,-0.007633312605321407,0.07308174669742584,-0.15777844190597534,-0.10713662207126617,-0.10127362608909607
1.776468648801294e+18,1.7793024778366089,-40.02939224243164,-0.06325190514326096,-0.0014818687923252583,0.11409474909305573,-0.003929531201720238,-0.10713662207126617,-0.13202503323554993
1.776468648802294e+18,-2.0977606773376465,11.156782150268555,0.09063731133937836,-0.007633312605321407,-0.21400925517082214,-0.06546909362077713,-0.045565467327833176,0.17548903822898865
1.776468648803294e+18,1.5639101266860962,-27.514936447143555,-0.18636327981948853,0.010821018368005753,-0.04995724931359291,-0.06546909362077713,-0.10713662207126617,0.02173200063407421
1.776468648804294e+18,-4.467077255249023,3.9763569831848145,-0.03247406333684921,-0.0014818687923252583,0.11409474909305573,-0.25008776783943176,-0.045565467327833176,-0.07052221894264221
1.7764686488052938e+18,-3.1439523696899414,-10.179338455200195,-0.03247406333684921,-0.0014818687923252583,0.07308174669742584,-0.1885482221841812,-0.045565467327833176,0.08323480933904648
1.7764686488062938e+18,1.7793024778366089,29.82588768005371,0.09063731133937836,-0.013784755952656269,-0.0909702479839325,-0.06546909362077713,-0.10713662207126617,-0.13202503323554993
1.7764686488072937e+18,-3.636277914047241,38.23724365234375,0.15219299495220184,-0.013784755952656269,-0.0909702479839325,-0.06546909362077713,-0.045565467327833176,0.08323480933904648
1.7764686488082936e+18,-0.37462154030799866,-10.79480266571045,-0.18636327981948853,-0.007633312605321407,0.032068751752376556,-0.25008776783943176,0.016005687415599823,-0.039770811796188354
1.7764686488092936e+18,-2.7747082710266113,-19.411314010620117,-0.18636327981948853,-0.0014818687923252583,0.11409474909305573,-0.06546909362077713,-0.045565467327833176,-0.009019406512379646
1.7764686488102935e+18,1.4715991020202637,1.0016093254089355,0.09063731133937836,-0.026087643578648567,-0.0909702479839325,-0.06546909362077713,-0.045565467327833176,0.1447376310825348
1.7764686488112934e+18,-0.9284877181053162,14.746994018554688,0.15219299495220184,-0.007633312605321407,-0.04995724931359291,-0.03469931334257126,-0.16870778799057007,-0.009019406512379646
1.7764686488122934e+18,-1.113109827041626,20.901643753051758,-0.0016962187364697456,0.016972461715340614,-0.21400925517082214,0.026840249076485634,0.016005687415599823,-0.16277644038200378
1.7764686488132933e+18,-2.220842123031616,-3.306645631790161,-0.15558543801307678,0.0354267954826355,-0.0909702479839325,-0.15777844190597534,-0.045565467327833176,-0.009019406512379646
1.7764686488142932e+18,0.6715701818466187,-41.978363037109375,-0.06325190514326096,-0.013784755952656269,-0.008944249711930752,0.1191495954990387,-0.10713662207126617,0.05248340591788292
1.7764686488152932e+18,0.11770396679639816,7.976879596710205,0.09063731133937836,-0.013784755952656269,-0.21400925517082214,0.1191495954990387,-0.10713662207126617,-0.009019406512379646
1.776468648816293e+18,1.163895606994629,-20.53966522216797,-0.15558543801307678,0.004669575020670891,-0.008944249711930752,-0.003929531201720238,-0.10713662207126617,-0.039770811796188354
1.776468648817293e+18,2.2716281414031982,-3.204068183898926,-0.0940297469496727,-0.0014818687923252583,-0.0909702479839325,0.14991937577724457,-0.045565467327833176,-0.039770811796188354
1.776468648818293e+18,-2.1900718212127686,20.18360137939453,0.1214151531457901,-0.026087643578648567,0.1961207538843155,-0.1885482221841812,-0.045565467327833176,-0.07052221894264221
1.776468648819293e+18,-2.220842123031616,3.053159475326538,-0.03247406333684921,0.004669575020670891,0.1551077514886856,-0.12700866162776947,-0.045565467327833176,-0.039770811796188354
1.7764686488202929e+18,-1.9439090490341187,-10.179338455200195,-0.06325190514326096,-0.013784755952656269,-0.04995724931359291,0.057610031217336655,-0.10713662207126617,0.2062404304742813
1.7764686488212928e+18,-0.4669325649738312,-15.000480651855469,-0.06325190514326096,-0.0014818687923252583,0.032068751752376556,0.057610031217336655,-0.10713662207126617,-0.13202503323554993
1.7764686488222927e+18,-4.067062854766846,-10.48707103729248,0.24452653527259827,-0.019936200231313705,0.1551077514886856,-0.15777844190597534,-0.10713662207126617,-0.039770811796188354
1.7764686488232927e+18,-1.6977462768554688,3.4634692668914795,-0.0016962187364697456,-0.013784755952656269,0.1961207538843155,-0.1885482221841812,-0.10713662207126617,0.05248340591788292
1.7764686488242926e+18,-4.036292552947998,-15.205636024475098,-0.12480759620666504,0.004669575020670891,-0.008944249711930752,-0.06546909362077713,-0.045565467327833176,0.02173200063407421
1.7764686488252925e+18,-3.1439523696899414,-10.999958038330078,-0.06325190514326096,0.029275350272655487,-0.21400925517082214,0.08837981522083282,-0.045565467327833176,-0.10127362608909607
1.7764686488262925e+18,-0.28231048583984375,-14.077282905578613,-0.12480759620666504,0.023123906925320625,-0.21400925517082214,-0.12700866162776947,-0.045565467327833176,-0.10127362608909607
1.7764686488272924e+18,0.27155569195747375,-22.591215133666992,0.02908162586390972,-0.03223908692598343,-0.17299625277519226,0.3037682771682739,-0.045565467327833176,-0.16277644038200378
1.7764686488282924e+18,-0.8669470548629761,8.592344284057617,0.1829708367586136,-0.013784755952656269,-0.13198325037956238,-0.03469931334257126,0.016005687415599823,0.02173200063407421
1.7764686488292923e+18,-2.8362491130828857,-10.999958038330078,-0.03247406333684921,0.010821018368005753,0.032068751752376556,0.08837981522083282,-0.045565467327833176,0.17548903822898865
1.7764686488302922e+18,-2.436234474182129,22.74803924560547,-0.03247406333684921,-0.007633312605321407,-0.008944249711930752,-0.12700866162776947,-0.10713662207126617,-0.13202503323554993
1.7764686488312924e+18,-0.09768843650817871,-12.743775367736816,-0.06325190514326096,0.010821018368005753,-0.17299625277519226,0.18068915605545044,-0.10713662207126617,0.05248340591788292
1.7764686488322924e+18,-0.2515401542186737,-25.360807418823242,-0.12480759620666504,-0.0014818687923252583,-0.04995724931359291,0.08837981522083282,-0.16870778799057007,0.2677432596683502
1.7764686488332923e+18,-2.620856523513794,23.97896957397461,-0.0016962187364697456,0.004669575020670891,-0.0909702479839325,-0.096238873898983,-0.10713662207126617,-0.009019406512379646
1.7764686488342925e+18,-2.036220073699951,4.078934192657471,-0.03247406333684921,0.010821018368005753,-0.3370482623577118,0.026840249076485634,-0.045565467327833176,-0.07052221894264221
1.7764686488352924e+18,1.7793024778366089,-22.69379234313965,-0.06325190514326096,-0.026087643578648567,-0.0909702479839325,-0.03469931334257126,-0.10713662207126617,0.11398621648550034
1.7764686488362926e+18,2.394709348678589,-27.92524528503418,-0.06325190514326096,-0.019936200231313705,-0.008944249711930752,-0.03469931334257126,-0.045565467327833176,0.11398621648550034
1.7764686488372925e+18,-0.22076980769634247,-23.206680297851562,-0.0940297469496727,-0.013784755952656269,0.11409474909305573,0.08837981522083282,-0.10713662207126617,0.2062404304742813
1.7764686488382925e+18,-4.682469844818115,7.05368185043335,-0.03247406333684921,0.004669575020670891,-0.255022257566452,-0.1885482221841812,-0.045565467327833176,-0.07052221894264221
1.7764686488392927e+18,0.7023404836654663,23.466081619262695,0.1214151531457901,-0.013784755952656269,-0.17299625277519226,-0.03469931334257126,-0.045565467327833176,0.11398621648550034
1.7764686488402926e+18,-0.9284877181053162,21.927419662475586,-0.0016962187364697456,0.010821018368005753,0.07308174669742584,-0.1885482221841812,-0.10713662207126617,-0.07052221894264221
1.7764686488412928e+18,1.2869770526885986,-36.746910095214844,-0.06325190514326096,-0.013784755952656269,-0.04995724931359291,0.1191495954990387,-0.045565467327833176,0.05248340591788292
1.7764686488422927e+18,-1.297731876373291,26.953716278076172,-0.06325190514326096,0.004669575020670891,-0.255022257566452,-0.003929531201720238,-0.045565467327833176,-0.009019406512379646
1.7764686488432927e+18,-2.8670194149017334,-23.92472267150879,-0.0940297469496727,-0.026087643578648567,0.1551077514886856,0.1191495954990387,-0.10713662207126617,-0.07052221894264221
1.7764686488442929e+18,-0.12845878303050995,-31.6180362701416,-0.15558543801307678,-0.0014818687923252583,0.11409474909305573,-0.003929531201720238,-0.10713662207126617,-0.07052221894264221
1.7764686488452928e+18,-1.728516697883606,-5.255618095397949,0.1214151531457901,-0.019936200231313705,0.07308174669742584,0.08837981522083282,-0.10713662207126617,-0.009019406512379646
1.776468648846293e+18,-3.2362635135650635,-1.870560646057129,-0.03247406333684921,0.010821018368005753,-0.255022257566452,0.24222871661186218,-0.045565467327833176,0.11398621648550034
1.776468648847293e+18,-1.6054352521896362,-6.281393051147461,-0.18636327981948853,-0.03223908692598343,0.23713375627994537,-0.25008776783943176,-0.045565467327833176,0.1447376310825348
1.7764686488482929e+18,-1.6054352521896362,14.336684226989746,0.1829708367586136,-0.007633312605321407,-0.04995724931359291,-0.096238873898983,-0.10713662207126617,0.05248340591788292
1.776468648849293e+18,-3.6978187561035156,-1.357673168182373,0.24452653527259827,-0.026087643578648567,0.032068751752376556,0.1191495954990387,-0.10713662207126617,-0.07052221894264221
1.776468648850293e+18,-3.297804117202759,-15.513367652893066,-0.03247406333684921,-0.013784755952656269,0.11409474909305573,-0.03469931334257126,-0.10713662207126617,-0.039770811796188354
1.7764686488512932e+18,1.1946660280227661,-0.6396306157112122,0.059859469532966614,-0.0014818687923252583,0.07308174669742584,0.08837981522083282,-0.10713662207126617,-0.10127362608909607
1.776468648852293e+18,0.3946370482444763,-11.718000411987305,-0.15558543801307678,0.0354267954826355,-0.17299625277519226,0.14991937577724457,-0.045565467327833176,-0.07052221894264221
1.776468648853293e+18,-0.28231048583984375,-9.050985336303711,-0.03247406333684921,-0.0014818687923252583,0.07308174669742584,-0.1885482221841812,-0.10713662207126617,-0.2242792546749115
1.7764686488542932e+18,0.17924465239048004,36.28826904296875,0.15219299495220184,-0.026087643578648567,-0.04995724931359291,0.1191495954990387,-0.16870778799057007,-0.039770811796188354
1.7764686488552932e+18,-1.9439090490341187,23.36350440979004,0.059859469532966614,0.016972461715340614,-0.13198325037956238,0.27299851179122925,-0.10713662207126617,0.11398621648550034
1.7764686488562934e+18,-1.9746793508529663,15.157304763793945,0.09063731133937836,0.023123906925320625,-0.17299625277519226,0.334538072347641,-0.045565467327833176,0.11398621648550034
1.7764686488572933e+18,-3.8208999633789062,4.48924446105957,0.21374869346618652,-0.026087643578648567,0.1551077514886856,-0.12700866162776947,-0.10713662207126617,-0.039770811796188354
1.7764686488582935e+18,0.42540740966796875,-4.2298431396484375,-0.21714112162590027,-0.026087643578648567,-0.17299625277519226,-0.003929531201720238,-0.045565467327833176,-0.16277644038200378
1.7764686488592934e+18,-1.8208277225494385,-8.230365753173828,-0.06325190514326096,0.029275350272655487,-0.255022257566452,0.14991937577724457,-0.045565467327833176,-0.13202503323554993
1.7764686488602934e+18,1.5639101266860962,4.899554252624512,0.02908162586390972,0.010821018368005753,-0.13198325037956238,-0.06546909362077713,-0.10713662207126617,0.11398621648550034
1.7764686488612936e+18,1.5946804285049438,-8.64067554473877,0.059859469532966614,-0.03223908692598343,-0.255022257566452,0.24222871661186218,-0.10713662207126617,0.05248340591788292
1.7764686488622935e+18,-2.5900862216949463,-9.461296081542969,-0.0940297469496727,-0.013784755952656269,0.11409474909305573,-0.25008776783943176,-0.045565467327833176,-0.10127362608909607
1.7764686488632937e+18,-1.0515691041946411,-13.154085159301758,-0.12480759620666504,-0.026087643578648567,0.11409474909305573,0.18068915605545044,0.016005687415599823,-0.07052221894264221
1.7764686488642936e+18,-2.251612424850464,20.696489334106445,-0.0016962187364697456,-0.0014818687923252583,0.07308174669742584,-0.06546909362077713,-0.16870778799057007,-0.16277644038200378
1.7764686488652936e+18,-2.5900862216949463,32.390323638916016,0.09063731133937836,-0.0014818687923252583,-0.13198325037956238,-0.06546909362077713,-0.10713662207126617,0.05248340591788292
1.7764686488662938e+18,0.24078534543514252,-12.128310203552246,-0.18636327981948853,-0.019936200231313705,0.11409474909305573,0.1191495954990387,0.016005687415599823,-0.10127362608909607
1.7764686488672937e+18,0.6715701818466187,-33.977317810058594,-0.0940297469496727,-0.0014818687923252583,0.07308174669742584,-0.15777844190597534,-0.10713662207126617,-0.16277644038200378
1.776468648868294e+18,-3.574737310409546,4.48924446105957,-0.0940297469496727,-0.019936200231313705,0.1961207538843155,-0.1885482221841812,-0.10713662207126617,-0.10127362608909607
1.7764686488692938e+18,4.271700382232666,8.387188911437988,0.09063731133937836,-0.026087643578648567,-0.17299625277519226,-0.06546909362077713,0.016005687415599823,0.08323480933904648
1.7764686488702938e+18,-3.0516414642333984,2.9505817890167236,-0.03247406333684921,0.016972461715340614,-0.17299625277519226,-0.03469931334257126,-0.045565467327833176,0.11398621648550034
1.776468648871294e+18,-3.174722909927368,13.721219062805176,-0.06325190514326096,-0.007633312605321407,-0.04995724931359291,0.14991937577724457,-0.10713662207126617,-0.009019406512379646
1.776468648872294e+18,0.3638667166233063,-16.128833770751953,-0.03247406333684921,-0.026087643578648567,-0.0909702479839325,-0.096238873898983,-0.10713662207126617,-0.13202503323554993
1.776468648873294e+18,-3.574737310409546,29.928464889526367,0.1214151531457901,-0.007633312605321407,-0.17299625277519226,-0.096238873898983,-0.10713662207126617,0.05248340591788292
1.776468648874294e+18,2.9793460369110107,2.9505817890167236,-0.0016962187364697456,-0.019936200231313705,-0.008944249711930752,-0.12700866162776947,0.016005687415599823,-0.19352784752845764
1.776468648875294e+18,-5.205565452575684,-24.84792137145996,-0.18636327981948853,0.016972461715340614,-0.17299625277519226,-0.06546909362077713,-0.045565467327833176,0.11398621648550034
1.7764686488762941e+18,-0.8054063320159912,14.439261436462402,-0.0016962187364697456,0.0354267954826355,-0.17299625277519226,-0.12700866162776947,-0.045565467327833176,0.02173200063407421
1.776468648877294e+18,-0.2515401542186737,18.337207794189453,0.059859469532966614,-0.03223908692598343,-0.008944249711930752,0.057610031217336655,-0.045565467327833176,-0.16277644038200378
1.7764686488782943e+18,-2.343923568725586,2.4376943111419678,-0.06325190514326096,-0.013784755952656269,-0.0909702479839325,0.2114589363336563,-0.045565467327833176,-0.13202503323554993
1.7764686488792942e+18,-0.5900139212608337,-1.049940586090088,-0.12480759620666504,0.023123906925320625,-0.0909702479839325,-0.12700866162776947,-0.10713662207126617,0.05248340591788292
1.7764686488802941e+18,-0.6207842826843262,-4.332420825958252,-0.12480759620666504,-0.026087643578648567,-0.008944249711930752,-0.12700866162776947,-0.045565467327833176,-0.009019406512379646
1.7764686488812943e+18,1.7793024778366089,20.286178588867188,0.1214151531457901,-0.026087643578648567,0.032068751752376556,0.1191495954990387,-0.16870778799057007,0.2677432596683502
1.7764686488822943e+18,-3.9132111072540283,4.694399356842041,-0.0940297469496727,0.004669575020670891,-0.008944249711930752,0.14991937577724457,-0.10713662207126617,-0.13202503323554993
1.7764686488832945e+18,-0.4669325649738312,-13.461817741394043,-0.18636327981948853,0.04772968217730522,-0.17299625277519226,0.2114589363336563,-0.10713662207126617,-0.009019406512379646
1.7764686488842944e+18,-1.6977462768554688,26.44083023071289,-0.0016962187364697456,0.010821018368005753,0.11409474909305573,-0.28085756301879883,-0.10713662207126617,-0.009019406512379646
1.7764686488852943e+18,0.24078534543514252,-12.128310203552246,-0.06325190514326096,0.0354267954826355,-0.13198325037956238,0.2114589363336563,-0.045565467327833176,-0.009019406512379646
1.7764686488862945e+18,-3.0516414642333984,7.25883674621582,0.02908162586390972,-0.019936200231313705,0.23713375627994537,0.026840249076485634,-0.10713662207126617,-0.039770811796188354
1.7764686488872945e+18,-0.43616223335266113,6.7459492683410645,0.059859469532966614,-0.019936200231313705,0.032068751752376556,0.057610031217336655,-0.045565467327833176,-0.039770811796188354
1.7764686488882947e+18,1.5639101266860962,11.567091941833496,0.09063731133937836,-0.007633312605321407,-0.0909702479839325,-0.12700866162776947,0.016005687415599823,-0.009019406512379646
1.7764686488892946e+18,1.9946949481964111,1.6170743703842163,0.09063731133937836,0.004669575020670891,-0.0909702479839325,0.27299851179122925,-0.16870778799057007,0.05248340591788292
1.7764686488902948e+18,0.3023260235786438,8.797499656677246,-0.03247406333684921,-0.0014818687923252583,-0.008944249711930752,-0.03469931334257126,0.016005687415599823,-0.13202503323554993
1.7764686488912947e+18,-1.8208277225494385,-24.84792137145996,-0.03247406333684921,-0.013784755952656269,-0.008944249711930752,0.3037682771682739,-0.045565467327833176,-0.2242792546749115
1.7764686488922947e+18,-1.7592869997024536,-9.25614070892334,0.09063731133937836,-0.026087643578648567,-0.255022257566452,0.14991937577724457,-0.045565467327833176,-0.009019406512379646
1.7764686488932948e+18,1.0408142805099487,-40.439701080322266,-0.0016962187364697456,-0.0014818687923252583,0.07308174669742584,-0.21931800246238708,-0.10713662207126617,0.1447376310825348
1.7764686488942948e+18,-0.4977028965950012,-10.897380828857422,0.24452653527259827,-0.0014818687923252583,-0.21400925517082214,-0.1885482221841812,-0.045565467327833176,0.1447376310825348
1.776468648895295e+18,-0.5284732580184937,-42.696407318115234,-0.06325190514326096,-0.007633312605321407,0.032068751752376556,0.1191495954990387,-0.10713662207126617,0.2677432596683502
1.776468648896295e+18,-1.113109827041626,17.003700256347656,0.09063731133937836,-0.019936200231313705,-0.008944249711930752,0.057610031217336655,-0.045565467327833176,-0.13202503323554993
1.7764686488972948e+18,0.9792736172676086,15.977924346923828,0.059859469532966614,0.016972461715340614,-0.17299625277519226,-0.03469931334257126,-0.045565467327833176,0.05248340591788292
1.776468648898295e+18,-3.5131967067718506,-4.332420825958252,-0.0016962187364697456,0.004669575020670891,-0.21400925517082214,0.334538072347641,-0.10713662207126617,0.11398621648550034
1.776468648899295e+18,-2.897789716720581,11.46451473236084,-0.06325190514326096,-0.007633312605321407,-0.008944249711930752,-0.003929531201720238,-0.10713662207126617,-0.13202503323554993
1.7764686489002952e+18,-1.9439090490341187,-9.358717918395996,-0.06325190514326096,-0.013784755952656269,0.07308174669742584,-0.15777844190597534,0.016005687415599823,-0.009019406512379646
1.776468648901295e+18,-0.8054063320159912,-27.104625701904297,-0.06325190514326096,0.004669575020670891,0.1551077514886856,-0.21931800246238708,-0.045565467327833176,-0.13202503323554993
1.776468648902295e+18,1.010043978691101,19.157827377319336,0.15219299495220184,-0.0014818687923252583,-0.0909702479839325,-0.06546909362077713,-0.10713662207126617,0.11398621648550034
1.7764686489032952e+18,0.11770396679639816,-25.668540954589844,-0.06325190514326096,-0.0014818687923252583,0.11409474909305573,-0.1885482221841812,-0.10713662207126617,0.17548903822898865
1.7764686489042952e+18,-1.6054352521896362,-13.8721284866333,-0.0940297469496727,0.010821018368005753,-0.17299625277519226,0.14991937577724457,-0.10713662207126617,-0.009019406512379646
1.7764686489052954e+18,1.1023550033569336,-4.2298431396484375,-0.12480759620666504,-0.013784755952656269,-0.04995724931359291,0.08837981522083282,-0.045565467327833176,-0.009019406512379646
1.7764686489062953e+18,-1.2054208517074585,1.924806833267212,0.059859469532966614,-0.026087643578648567,-0.0909702479839325,-0.03469931334257126,-0.045565467327833176,-0.10127362608909607
1.7764686489072952e+18,-1.4208132028579712,-3.7169556617736816,-0.0940297469496727,-0.013784755952656269,-0.04995724931359291,-0.03469931334257126,-0.045565467327833176,-0.009019406512379646
1.7764686489082954e+18,-1.1438801288604736,-5.973660469055176,-0.06325190514326096,-0.019936200231313705,0.07308174669742584,-0.06546909362077713,-0.10713662207126617,-0.009019406512379646
1.7764686489092954e+18,1.0408142805099487,-7.204590797424316,-0.247918963432312,-0.019936200231313705,-0.13198325037956238,-0.12700866162776947,-0.045565467327833176,-0.13202503323554993
1.7764686489102956e+18,-0.4669325649738312,-17.35976219177246,0.059859469532966614,-0.026087643578648567,-0.0909702479839325,-0.15777844190597534,-0.10713662207126617,0.11398621648550034
1.7764686489112955e+18,-5.451728343963623,-21.975749969482422,-0.12480759620666504,-0.007633312605321407,-0.21400925517082214,0.14991937577724457,-0.10713662207126617,-0.039770811796188354
1.7764686489122954e+18,-4.220914363861084,11.772247314453125,-0.03247406333684921,0.004669575020670891,-0.255022257566452,0.1191495954990387,-0.10713662207126617,0.17548903822898865
1.7764686489132956e+18,-0.6207842826843262,19.260404586791992,0.1214151531457901,-0.007633312605321407,-0.13198325037956238,-0.06546909362077713,-0.045565467327833176,-0.16277644038200378
1.7764686489142956e+18,-1.0207988023757935,-40.85000991821289,-0.18636327981948853,0.010821018368005753,0.1551077514886856,-0.1885482221841812,-0.10713662207126617,-0.009019406512379646
1.7764686489152957e+18,-1.5746649503707886,-6.383970737457275,-0.12480759620666504,-0.007633312605321407,-0.04995724931359291,0.1191495954990387,-0.10713662207126617,-0.13202503323554993
1.7764686489162957e+18,-0.8669470548629761,-5.153040409088135,0.059859469532966614,-0.03223908692598343,0.07308174669742584,-0.25008776783943176,-0.10713662207126617,0.1447376310825348
1.7764686489172956e+18,-5.513268947601318,10.438739776611328,0.30608221888542175,-0.03223908692598343,0.11409474909305573,-0.096238873898983,-0.10713662207126617,0.05248340591788292
1.7764686489182958e+18,-0.03614775091409683,-12.64119815826416,-0.0940297469496727,-0.0014818687923252583,-0.04995724931359291,0.14991937577724457,-0.10713662207126617,0.08323480933904648
1.7764686489192957e+18,-2.6823973655700684,-9.153563499450684,0.09063731133937836,-0.019936200231313705,0.1961207538843155,-0.12700866162776947,-0.10713662207126617,-0.009019406512379646
1.776468648920296e+18,0.5177184343338013,-27.61751365661621,-0.06325190514326096,-0.007633312605321407,-0.04995724931359291,0.057610031217336655,-0.16870778799057007,-0.009019406512379646
1.776468648921296e+18,0.11770396679639816,-10.897380828857422,-0.18636327981948853,0.04157823696732521,-0.21400925517082214,0.2114589363336563,-0.10713662207126617,-0.009019406512379646
1.776468648922296e+18,-4.343996047973633,7.771724224090576,0.1214151531457901,-0.026087643578648567,-0.17299625277519226,0.18068915605545044,-0.10713662207126617,-0.039770811796188354
1.776468648923296e+18,-2.9285600185394287,-18.07780647277832,0.059859469532966614,-0.019936200231313705,0.1551077514886856,-0.15777844190597534,-0.16870778799057007,0.02173200063407421
1.776468648924296e+18,0.3946370482444763,6.335639476776123,0.059859469532966614,0.010821018368005753,-0.17299625277519226,0.3037682771682739,-0.10713662207126617,0.11398621648550034
1.776468648925296e+18,-2.805478572845459,16.285655975341797,0.059859469532966614,-0.013784755952656269,-0.008944249711930752,0.057610031217336655,-0.10713662207126617,0.2677432596683502
1.776468648926296e+18,-1.2054208517074585,-12.436042785644531,-0.18636327981948853,-0.007633312605321407,0.11409474909305573,-0.1885482221841812,-0.045565467327833176,-0.009019406512379646
1.7764686489272963e+18,-1.2361911535263062,-12.846353530883789,0.059859469532966614,-0.026087643578648567,-0.04995724931359291,0.057610031217336655,-0.10713662207126617,0.02173200063407421
1.7764686489282962e+18,0.24078534543514252,-10.48707103729248,-0.15558543801307678,0.023123906925320625,-0.0909702479839325,-0.06546909362077713,-0.10713662207126617,0.11398621648550034
1.7764686489292964e+18,0.9177328944206238,-13.666973114013672,0.02908162586390972,0.010821018368005753,-0.255022257566452,0.27299851179122925,-0.10713662207126617,-0.07052221894264221
1.7764686489302963e+18,-1.3900429010391235,-27.412357330322266,-0.12480759620666504,-0.019936200231313705,0.07308174669742584,-0.06546909362077713,-0.10713662207126617,-0.009019406512379646
1.7764686489312965e+18,0.11770396679639816,-14.590170860290527,-0.15558543801307678,0.04157823696732521,-0.13198325037956238,-0.003929531201720238,-0.045565467327833176,-0.07052221894264221
1.7764686489322967e+18,-0.3438511788845062,22.74803924560547,0.15219299495220184,-0.026087643578648567,-0.0909702479839325,0.1191495954990387,-0.10713662207126617,0.17548903822898865
1.776468648933297e+18,0.3638667166233063,-23.30925750732422,-0.15558543801307678,-0.019936200231313705,0.11409474909305573,-0.1885482221841812,-0.10713662207126617,0.05248340591788292
1.7764686489342968e+18,0.21001499891281128,0.6938768625259399,-0.06325190514326096,-0.019936200231313705,-0.0909702479839325,0.08837981522083282,-0.10713662207126617,-0.25503066182136536
1.776468648935297e+18,-4.682469844818115,24.184123992919922,-0.0940297469496727,-0.013784755952656269,0.032068751752376556,-0.3116273581981659,0.016005687415599823,0.08323480933904648
1.7764686489362972e+18,-0.37462154030799866,-5.358195781707764,0.1214151531457901,0.010821018368005753,-0.13198325037956238,-0.003929531201720238,-0.045565467327833176,-0.13202503323554993
1.7764686489372974e+18,0.42540740966796875,2.232539415359497,-0.12480759620666504,0.029275350272655487,0.07308174669742584,-0.15777844190597534,-0.045565467327833176,0.05248340591788292
1.7764686489382973e+18,-1.5131242275238037,13.516064643859863,0.02908162586390972,-0.019936200231313705,-0.17299625277519226,0.14991937577724457,-0.10713662207126617,-0.009019406512379646
1.7764686489392975e+18,-0.7438656687736511,-26.69431495666504,-0.06325190514326096,-0.0014818687923252583,0.032068751752376556,0.057610031217336655,-0.045565467327833176,0.05248340591788292
1.7764686489402977e+18,-4.190144062042236,5.309864521026611,-0.0016962187364697456,-0.007633312605321407,0.07308174669742584,-0.15777844190597534,-0.10713662207126617,-0.19352784752845764
1.776468648941298e+18,-1.6054352521896362,-19.9242000579834,-0.06325190514326096,-0.007633312605321407,0.1551077514886856,-0.12700866162776947,-0.045565467327833176,-0.07052221894264221
1.7764686489422979e+18,-2.4670050144195557,18.43978500366211,-0.03247406333684921,0.004669575020670891,-0.255022257566452,0.36530783772468567,-0.10713662207126617,0.1447376310825348
1.776468648943298e+18,1.2869770526885986,-15.308213233947754,-0.0940297469496727,-0.0014818687923252583,0.032068751752376556,-0.21931800246238708,0.07757684588432312,-0.009019406512379646
1.7764686489442982e+18,-1.9746793508529663,-26.69431495666504,-0.03247406333684921,-0.0014818687923252583,-0.008944249711930752,0.026840249076485634,-0.10713662207126617,0.2677432596683502
1.7764686489452984e+18,1.2869770526885986,-24.642765045166016,-0.18636327981948853,0.04157823696732521,-0.255022257566452,0.2114589363336563,-0.16870778799057007,-0.009019406512379646
1.7764686489462984e+18,-0.06691809743642807,-12.846353530883789,-0.12480759620666504,-0.007633312605321407,-0.008944249711930752,-0.06546909362077713,-0.045565467327833176,-0.009019406512379646
1.7764686489472986e+18,0.7023404836654663,-16.128833770751953,0.02908162586390972,-0.026087643578648567,0.07308174669742584,-0.06546909362077713,-0.10713662207126617,0.1447376310825348
1.7764686489482988e+18,1.810072898864746,-6.589125633239746,-0.06325190514326096,-0.03223908692598343,-0.04995724931359291,-0.12700866162776947,-0.045565467327833176,-0.16277644038200378
1.776468648949299e+18,-4.774780750274658,5.720174312591553,0.02908162586390972,0.004669575020670891,-0.17299625277519226,-0.21931800246238708,-0.045565467327833176,-0.16277644038200378
1.7764686489502991e+18,0.24078534543514252,-8.538098335266113,-0.12480759620666504,-0.0014818687923252583,0.07308174669742584,-0.003929531201720238,-0.10713662207126617,-0.07052221894264221
1.776468648951299e+18,-1.9746793508529663,12.079978942871094,0.09063731133937836,-0.013784755952656269,-0.13198325037956238,0.2114589363336563,-0.10713662207126617,-0.009019406512379646
1.7764686489522993e+18,1.5946804285049438,-35.31082534790039,-0.12480759620666504,0.029275350272655487,-0.17299625277519226,-0.03469931334257126,-0.045565467327833176,0.08323480933904648
1.7764686489532995e+18,-0.6207842826843262,5.720174312591553,0.059859469532966614,0.016972461715340614,-0.21400925517082214,-0.03469931334257126,-0.045565467327833176,-0.039770811796188354
1.7764686489542996e+18,0.025392938405275345,-8.127788543701172,-0.03247406333684921,-0.026087643578648567,-0.13198325037956238,-0.03469931334257126,-0.045565467327833176,-0.13202503323554993
1.7764686489552996e+18,-5.420958042144775,7.66914701461792,-0.03247406333684921,0.004669575020670891,0.032068751752376556,-0.15777844190597534,-0.045565467327833176,-0.19352784752845764
1.7764686489562998e+18,-1.666975975036621,4.899554252624512,0.1829708367586136,-0.026087643578648567,0.1551077514886856,-0.12700866162776947,-0.045565467327833176,-0.009019406512379646
1.7764686489573e+18,-0.6823249459266663,4.2840895652771,0.09063731133937836,-0.03839053213596344,0.31915974617004395,-0.21931800246238708,-0.045565467327833176,-0.13202503323554993
1.7764686489583002e+18,1.7793024778366089,-22.591215133666992,-0.0940297469496727,-0.026087643578648567,0.1551077514886856,-0.003929531201720238,-0.045565467327833176,-0.19352784752845764
1.7764686489593e+18,-3.020871162414551,-21.873172760009766,-0.12480759620666504,0.023123906925320625,-0.13198325037956238,-0.06546909362077713,-0.045565467327833176,-0.16277644038200378
1.7764686489603003e+18,1.163895606994629,-8.538098335266113,0.059859469532966614,-0.03223908692598343,0.1961207538843155,-0.1885482221841812,-0.045565467327833176,0.05248340591788292
1.7764686489613005e+18,-4.190144062042236,7.771724224090576,-0.06325190514326096,-0.0014818687923252583,0.07308174669742584,-0.1885482221841812,-0.045565467327833176,-0.009019406512379646
1.7764686489623007e+18,-4.097833156585693,17.82431983947754,0.02908162586390972,0.004669575020670891,-0.255022257566452,0.3037682771682739,-0.10713662207126617,0.11398621648550034
1.7764686489633006e+18,-3.6055076122283936,-18.693269729614258,-0.15558543801307678,0.010821018368005753,-0.0909702479839325,-0.096238873898983,-0.045565467327833176,0.05248340591788292
1.7764686489643008e+18,-0.37462154030799866,-23.514413833618164,-0.0940297469496727,0.04157823696732521,-0.21400925517082214,0.18068915605545044,-0.10713662207126617,-0.07052221894264221
1.776468648965301e+18,-2.8362491130828857,0.2835668623447418,-0.0940297469496727,-0.013784755952656269,0.07308174669742584,-0.15777844190597534,-0.10713662207126617,0.08323480933904648
1.7764686489663012e+18,-2.5900862216949463,4.7969770431518555,-0.0016962187364697456,0.010821018368005753,-0.17299625277519226,-0.12700866162776947,-0.10713662207126617,-0.07052221894264221
1.776468648967301e+18,-0.03614775091409683,28.697534561157227,0.1214151531457901,-0.026087643578648567,-0.008944249711930752,-0.06546909362077713,-0.045565467327833176,0.08323480933904648
1.7764686489683013e+18,-1.7900573015213013,-42.08094024658203,0.02908162586390972,-0.0014818687923252583,0.032068751752376556,-0.25008776783943176,-0.10713662207126617,-0.16277644038200378
1.7764686489693015e+18,1.3485177755355835,-25.873695373535156,-0.06325190514326096,-0.0014818687923252583,0.032068751752376556,-0.3116273581981659,-0.045565467327833176,-0.19352784752845764
1.7764686489703017e+18,0.7331108450889587,17.41400909423828,0.059859469532966614,-0.0014818687923252583,-0.04995724931359291,-0.06546909362077713,-0.045565467327833176,0.11398621648550034
1.7764686489713016e+18,-1.3900429010391235,14.439261436462402,0.15219299495220184,-0.019936200231313705,-0.04995724931359291,0.026840249076485634,-0.045565467327833176,0.02173200063407421
1.7764686489723018e+18,1.7793024778366089,10.336161613464355,0.15219299495220184,-0.007633312605321407,-0.04995724931359291,-0.21931800246238708,-0.045565467327833176,-0.19352784752845764
1.776468648973302e+18,-2.897789716720581,17.106277465820312,0.09063731133937836,-0.026087643578648567,-0.17299625277519226,0.2114589363336563,-0.045565467327833176,-0.039770811796188354
1.7764686489743022e+18,1.1946660280227661,-35.41340255737305,-0.0016962187364697456,-0.007633312605321407,0.032068751752376556,-0.1885482221841812,-0.045565467327833176,0.11398621648550034
1.7764686489753021e+18,-1.3592724800109863,0.8990318775177002,-0.03247406333684921,0.010821018368005753,-0.17299625277519226,-0.03469931334257126,-0.10713662207126617,-0.13202503323554993
1.7764686489763023e+18,-1.6977462768554688,-16.744298934936523,-0.0940297469496727,-0.013784755952656269,-0.04995724931359291,0.1191495954990387,-0.16870778799057007,0.23699183762073517
1.7764686489773025e+18,-0.12845878303050995,-7.8200554847717285,-0.0016962187364697456,-0.03839053213596344,-0.17299625277519226,0.1191495954990387,-0.045565467327833176,-0.10127362608909607
1.7764686489783027e+18,-3.451655864715576,-13.974705696105957,-0.12480759620666504,-0.013784755952656269,0.1551077514886856,-0.096238873898983,-0.045565467327833176,-0.009019406512379646
1.7764686489793027e+18,0.17924465239048004,-18.693269729614258,-0.0016962187364697456,-0.0014818687923252583,0.07308174669742584,-0.096238873898983,-0.10713662207126617,0.17548903822898865
1.7764686489803028e+18,-1.1746504306793213,17.20885467529297,0.02908162586390972,-0.026087643578648567,0.31915974617004395,-0.21931800246238708,-0.045565467327833176,-0.16277644038200378
1.776468648981303e+18,0.24078534543514252,-10.281915664672852,-0.12480759620666504,0.029275350272655487,-0.17299625277519226,-0.03469931334257126,-0.10713662207126617,0.11398621648550034
1.7764686489823032e+18,1.2254363298416138,-27.412357330322266,-0.03247406333684921,0.004669575020670891,-0.255022257566452,0.3037682771682739,-0.10713662207126617,0.05248340591788292
1.7764686489833032e+18,-1.4515835046768188,15.670191764831543,0.1214151531457901,-0.03839053213596344,-0.17299625277519226,0.1191495954990387,-0.045565467327833176,-0.009019406512379646
1.7764686489843034e+18,-4.805551052093506,-15.308213233947754,-0.06325190514326096,0.016972461715340614,-0.13198325037956238,-0.06546909362077713,-0.10713662207126617,-0.16277644038200378
1.7764686489853036e+18,-1.6054352521896362,23.260927200317383,-0.03247406333684921,-0.007633312605321407,0.07308174669742584,-0.25008776783943176,0.016005687415599823,-0.009019406512379646
1.7764686489863037e+18,-0.4977028965950012,-11.307690620422363,-0.12480759620666504,0.010821018368005753,-0.0909702479839325,0.026840249076485634,-0.045565467327833176,0.1447376310825348
1.7764686489873037e+18,-2.1900718212127686,11.259359359741211,-0.0016962187364697456,0.016972461715340614,-0.17299625277519226,-0.12700866162776947,-0.045565467327833176,-0.07052221894264221
1.776468648988304e+18,-0.4669325649738312,-1.870560646057129,-0.06325190514326096,0.004669575020670891,-0.17299625277519226,0.1191495954990387,-0.045565467327833176,0.05248340591788292
1.776468648989304e+18,0.5792590975761414,-18.07780647277832,-0.06325190514326096,-0.0014818687923252583,-0.255022257566452,0.24222871661186218,-0.10713662207126617,-0.039770811796188354
1.7764686489903043e+18,0.5792590975761414,-21.565441131591797,-0.0940297469496727,-0.013784755952656269,-0.008944249711930752,0.18068915605545044,-0.10713662207126617,-0.039770811796188354
1.7764686489913042e+18,-0.28231048583984375,-23.411834716796875,-0.03247406333684921,-0.019936200231313705,-0.008944249711930752,0.14991937577724457,-0.045565467327833176,0.02173200063407421
1.7764686489923044e+18,-0.18999947607517242,2.540271759033203,0.15219299495220184,-0.03223908692598343,-0.0909702479839325,0.14991937577724457,-0.045565467327833176,-0.07052221894264221
1.7764686489933046e+18,-1.1746504306793213,-21.975749969482422,-0.12480759620666504,-0.007633312605321407,0.032068751752376556,0.08837981522083282,-0.10713662207126617,0.17548903822898865
1.7764686489943048e+18,-2.0054497718811035,14.439261436462402,0.02908162586390972,0.004669575020670891,-0.17299625277519226,-0.12700866162776947,-0.045565467327833176,-0.13202503323554993
1.7764686489953047e+18,-1.1438801288604736,-7.614900588989258,-0.0016962187364697456,0.010821018368005753,-0.255022257566452,0.18068915605545044,0.016005687415599823,-0.039770811796188354
1.776468648996305e+18,-2.713167667388916,6.540794372558594,-0.03247406333684921,-0.0014818687923252583,0.07308174669742584,-0.12700866162776947,-0.045565467327833176,-0.16277644038200378
1.776468648997305e+18,1.6869914531707764,-37.56753158569336,-0.12480759620666504,-0.007633312605321407,-0.0909702479839325,0.1191495954990387,-0.10713662207126617,0.2677432596683502
1.7764686489983053e+18,-0.5592436194419861,-21.257707595825195,-0.0940297469496727,-0.0014818687923252583,0.07308174669742584,-0.15777844190597534,-0.045565467327833176,0.11398621648550034
1.7764686489993052e+18,0.3023260235786438,-4.127265453338623,-0.0016962187364697456,-0.026087643578648567,-0.04995724931359291,-0.003929531201720238,-0.045565467327833176,-0.039770811796188354
1.7764686490003054e+18,-2.9593303203582764,-3.204068183898926,-0.12480759620666504,0.029275350272655487,-0.0909702479839325,-0.06546909362077713,0.016005687415599823,0.1447376310825348
1.7764686490013056e+18,-2.4670050144195557,-11.102535247802734,-0.03247406333684921,-0.013784755952656269,0.07308174669742584,0.026840249076485634,-0.16870778799057007,0.23699183762073517
1.7764686490023058e+18,-0.8977173566818237,-13.461817741394043,0.09063731133937836,-0.03223908692598343,0.11409474909305573,-0.25008776783943176,-0.045565467327833176,-0.009019406512379646
1.7764686490033057e+18,-0.43616223335266113,6.643372058868408,-0.06325190514326096,-0.013784755952656269,-0.008944249711930752,0.057610031217336655,-0.10713662207126617,0.23699183762073517
1.776468649004306e+18,1.1023550033569336,-11.820578575134277,-0.03247406333684921,-0.019936200231313705,-0.04995724931359291,-0.003929531201720238,-0.10713662207126617,-0.19352784752845764
1.776468649005306e+18,0.3638667166233063,-16.23141098022461,-0.21714112162590027,0.023123906925320625,-0.255022257566452,0.14991937577724457,-0.10713662207126617,-0.07052221894264221
1.7764686490063063e+18,-2.3131532669067383,14.746994018554688,0.09063731133937836,-0.026087643578648567,-0.04995724931359291,0.1191495954990387,-0.10713662207126617,-0.009019406512379646
1.7764686490073062e+18,-2.9593303203582764,4.694399356842041,0.21374869346618652,-0.03223908692598343,0.07308174669742584,-0.06546909362077713,-0.10713662207126617,0.02173200063407421
1.7764686490083064e+18,-0.43616223335266113,-22.591215133666992,0.02908162586390972,-0.0014818687923252583,0.11409474909305573,-0.21931800246238708,-0.10713662207126617,0.08323480933904648
1.7764686490093066e+18,-2.4670050144195557,21.722265243530273,0.09063731133937836,-0.03223908692598343,-0.0909702479839325,-0.12700866162776947,-0.045565467327833176,0.11398621648550034
1.7764686490103068e+18,0.27155569195747375,33.21094512939453,0.059859469532966614,-0.007633312605321407,-0.0909702479839325,-0.003929531201720238,0.016005687415599823,-0.16277644038200378
1.7764686490113068e+18,1.0715845823287964,-0.1267431229352951,-0.15558543801307678,0.0354267954826355,-0.17299625277519226,0.026840249076485634,0.016005687415599823,-0.16277644038200378
1.776468649012307e+18,1.2869770526885986,-20.642242431640625,-0.15558543801307678,0.023123906925320625,-0.13198325037956238,-0.12700866162776947,-0.045565467327833176,0.02173200063407421
1.7764686490133071e+18,-3.020871162414551,-7.512322902679443,0.27530437707901,-0.03223908692598343,0.07308174669742584,-0.096238873898983,-0.045565467327833176,-0.009019406512379646
1.7764686490143073e+18,-1.6362056732177734,-13.051507949829102,-0.06325190514326096,-0.007633312605321407,0.11409474909305573,-0.1885482221841812,-0.10713662207126617,-0.07052221894264221
1.7764686490153075e+18,-0.22076980769634247,20.286178588867188,0.09063731133937836,0.023123906925320625,-0.255022257566452,0.057610031217336655,-0.10713662207126617,-0.07052221894264221
1.7764686490163075e+18,-0.5592436194419861,-13.564395904541016,-0.0940297469496727,-0.007633312605321407,-0.0909702479839325,0.08837981522083282,-0.10713662207126617,-0.10127362608909607
1.7764686490173076e+18,-0.6515546441078186,-10.897380828857422,-0.03247406333684921,0.010821018368005753,-0.0909702479839325,0.18068915605545044,-0.10713662207126617,0.23699183762073517
1.7764686490183078e+18,0.33309638500213623,-15.308213233947754,-0.0940297469496727,-0.007633312605321407,0.07308174669742584,-0.25008776783943176,-0.10713662207126617,-0.19352784752845764
1.776468649019308e+18,2.5177907943725586,-30.38710594177246,-0.03247406333684921,-0.013784755952656269,-0.008944249711930752,0.1191495954990387,-0.10713662207126617,0.2677432596683502
1.776468649020308e+18,2.025465250015259,-29.77164077758789,-0.06325190514326096,-0.013784755952656269,-0.008944249711930752,0.026840249076485634,-0.10713662207126617,0.2677432596683502
1.7764686490213082e+18,0.9177328944206238,7.156259536743164,0.09063731133937836,-0.026087643578648567,-0.04995724931359291,0.1191495954990387,-0.10713662207126617,-0.13202503323554993
1.7764686490223084e+18,2.117776393890381,-5.255618095397949,-0.03247406333684921,0.010821018368005753,0.032068751752376556,-0.06546909362077713,-0.10713662207126617,0.11398621648550034
1.7764686490233085e+18,-2.528545618057251,-6.896858215332031,-0.247918963432312,-0.007633312605321407,-0.008944249711930752,-0.21931800246238708,-0.045565467327833176,0.17548903822898865
1.7764686490243085e+18,-0.09768843650817871,0.5912993550300598,0.02908162586390972,-0.007633312605321407,-0.04995724931359291,-0.003929531201720238,-0.10713662207126617,-0.13202503323554993
1.7764686490253087e+18,-3.2362635135650635,13.721219062805176,-0.0016962187364697456,-0.03223908692598343,0.07308174669742584,0.08837981522083282,-0.045565467327833176,-0.009019406512379646
1.7764686490263089e+18,-2.1285312175750732,26.543407440185547,-0.0016962187364697456,0.016972461715340614,-0.21400925517082214,-0.15777844190597534,-0.10713662207126617,-0.13202503323554993
1.776468649027309e+18,-4.620928764343262,28.800111770629883,0.09063731133937836,-0.019936200231313705,-0.008944249711930752,0.026840249076485634,-0.045565467327833176,-0.13202503323554993
1.776468649028309e+18,1.5331398248672485,-36.952064514160156,-0.0940297469496727,-0.026087643578648567,0.032068751752376556,-0.03469931334257126,-0.16870778799057007,-0.13202503323554993
1.7764686490293092e+18,1.0715845823287964,-21.257707595825195,-0.0016962187364697456,-0.013784755952656269,0.07308174669742584,-0.28085756301879883,-0.045565467327833176,-0.16277644038200378
1.776468649030309e+18,0.8561922311782837,-21.565441131591797,-0.03247406333684921,-0.026087643578648567,-0.0909702479839325,-0.06546909362077713,0.016005687415599823,-0.19352784752845764
1.776468649031309e+18,-3.759359359741211,10.131007194519043,0.09063731133937836,-0.0014818687923252583,0.36017274856567383,-0.1885482221841812,-0.045565467327833176,-0.07052221894264221
1.7764686490323092e+18,-5.882513046264648,1.2067643404006958,-0.12480759620666504,-0.013784755952656269,0.1551077514886856,0.18068915605545044,-0.10713662207126617,0.08323480933904648
1.7764686490333092e+18,-0.06691809743642807,-3.511800527572632,-0.21714112162590027,0.04157823696732521,-0.17299625277519226,0.18068915605545044,-0.045565467327833176,-0.039770811796188354
1.776468649034309e+18,-1.5746649503707886,-9.25614070892334,-0.15558543801307678,-0.019936200231313705,0.1551077514886856,-0.1885482221841812,-0.045565467327833176,0.1447376310825348
1.776468649035309e+18,-3.4208855628967285,24.286701202392578,0.1214151531457901,-0.026087643578648567,-0.0909702479839325,0.1191495954990387,-0.10713662207126617,0.2062404304742813
1.776468649036309e+18,-3.5439670085906982,14.746994018554688,0.1214151531457901,-0.019936200231313705,-0.04995724931359291,-0.03469931334257126,-0.045565467327833176,0.11398621648550034
1.7764686490373092e+18,-4.436306953430176,5.822751998901367,-0.0940297469496727,0.010821018368005753,-0.17299625277519226,-0.03469931334257126,-0.045565467327833176,-0.13202503323554993
1.776468649038309e+18,-0.03614775091409683,-20.642242431640625,-0.18636327981948853,0.04157823696732521,-0.04995724931359291,-0.12700866162776947,0.016005687415599823,0.05248340591788292
1.776468649039309e+18,0.6100294589996338,-2.8963356018066406,-0.21714112162590027,0.0354267954826355,-0.17299625277519226,0.18068915605545044,-0.045565467327833176,-0.039770811796188354
1.776468649040309e+18,-3.8208999633789062,23.97896957397461,0.1829708367586136,-0.019936200231313705,-0.008944249711930752,-0.06546909362077713,-0.10713662207126617,-0.13202503323554993
1.776468649041309e+18,-3.174722909927368,-7.614900588989258,-0.18636327981948853,0.023123906925320625,-0.0909702479839325,0.026840249076485634,-0.045565467327833176,0.2062404304742813
1.776468649042309e+18,-0.37462154030799866,-27.412357330322266,-0.0016962187364697456,0.004669575020670891,-0.04995724931359291,-0.15777844190597534,-0.045565467327833176,0.05248340591788292
1.776468649043309e+18,-1.8208277225494385,-12.128310203552246,-0.18636327981948853,-0.0014818687923252583,0.1551077514886856,-0.12700866162776947,-0.10713662207126617,-0.039770811796188354
1.776468649044309e+18,-1.5131242275238037,35.467647552490234,0.1829708367586136,-0.026087643578648567,-0.008944249711930752,-0.096238873898983,-0.045565467327833176,-0.10127362608909607
1.776468649045309e+18,-1.297731876373291,-13.769550323486328,-0.06325190514326096,-0.013784755952656269,0.032068751752376556,-0.1885482221841812,-0.045565467327833176,0.2062404304742813
1.7764686490463089e+18,-0.06691809743642807,1.3093419075012207,-0.06325190514326096,-0.0014818687923252583,0.032068751752376556,0.1191495954990387,-0.045565467327833176,-0.009019406512379646
1.776468649047309e+18,0.6715701818466187,16.79854393005371,0.02908162586390972,0.010821018368005753,0.07308174669742584,-0.25008776783943176,-0.045565467327833176,0.17548903822898865
1.776468649048309e+18,-0.09768843650817871,-33.669586181640625,-0.0940297469496727,-0.007633312605321407,0.07308174669742584,-0.15777844190597534,-0.10713662207126617,0.05248340591788292
1.776468649049309e+18,-4.774780750274658,-6.178815841674805,-0.12480759620666504,0.016972461715340614,-0.17299625277519226,-0.03469931334257126,-0.045565467327833176,-0.2242792546749115
1.7764686490503089e+18,-0.8977173566818237,39.57075119018555,0.1829708367586136,-0.026087643578648567,-0.008944249711930752,0.1191495954990387,-0.10713662207126617,-0.16277644038200378
1.7764686490513088e+18,-4.405536651611328,11.874824523925781,-0.15558543801307678,-0.013784755952656269,0.07308174669742584,-0.25008776783943176,-0.045565467327833176,-0.009019406512379646
1.7764686490523087e+18,-3.359344959259033,-18.488115310668945,-0.06325190514326096,-0.0014818687923252583,-0.04995724931359291,-0.03469931334257126,-0.045565467327833176,0.2984946668148041
1.776468649053309e+18,-2.620856523513794,-27.514936447143555,-0.12480759620666504,0.016972461715340614,-0.13198325037956238,-0.06546909362077713,-0.045565467327833176,0.11398621648550034
1.7764686490543089e+18,0.7331108450889587,15.875347137451172,-0.06325190514326096,-0.0014818687923252583,0.11409474909305573,-0.15777844190597534,-0.10713662207126617,0.11398621648550034
1.7764686490553088e+18,-0.4669325649738312,1.3093419075012207,-0.06325190514326096,-0.007633312605321407,-0.0909702479839325,0.14991937577724457,0.016005687415599823,-0.16277644038200378
1.7764686490563087e+18,0.11770396679639816,-2.3834481239318848,-0.0940297469496727,-0.026087643578648567,0.11409474909305573,-0.12700866162776947,-0.10713662207126617,0.02173200063407421
1.7764686490573087e+18,-2.0977606773376465,15.875347137451172,0.09063731133937836,-0.03223908692598343,0.31915974617004395,-0.25008776783943176,-0.10713662207126617,-0.16277644038200378
1.7764686490583089e+18,-3.174722909927368,-1.5628281831741333,-0.12480759620666504,-0.007633312605321407,0.11409474909305573,-0.12700866162776947,-0.045565467327833176,0.05248340591788292
1.7764686490593088e+18,-1.543894648551941,9.002654075622559,0.059859469532966614,-0.03223908692598343,-0.04995724931359291,-0.03469931334257126,-0.10713662207126617,0.1447376310825348
1.7764686490603087e+18,-0.8054063320159912,4.386666774749756,-0.12480759620666504,-0.019936200231313705,0.07308174669742584,-0.06546909362077713,-0.045565467327833176,-0.009019406512379646
1.7764686490613087e+18,-0.18999947607517242,-25.46338653564453,-0.12480759620666504,0.010821018368005753,0.032068751752376556,-0.12700866162776947,-0.045565467327833176,-0.009019406512379646
1.7764686490623086e+18,2.856264591217041,-11.307690620422363,-0.21714112162590027,0.029275350272655487,-0.17299625277519226,0.18068915605545044,-0.045565467327833176,-0.07052221894264221
1.7764686490633088e+18,-2.620856523513794,8.284611701965332,-0.0016962187364697456,0.010821018368005753,-0.21400925517082214,0.18068915605545044,-0.10713662207126617,0.17548903822898865
1.7764686490643087e+18,-0.9900283813476562,-17.667495727539062,-0.06325190514326096,-0.0014818687923252583,0.11409474909305573,-0.21931800246238708,-0.10713662207126617,0.08323480933904648
1.7764686490653087e+18,2.0562355518341064,-32.02834701538086,-0.0940297469496727,-0.0014818687923252583,0.07308174669742584,-0.3116273581981659,0.016005687415599823,-0.19352784752845764
1.7764686490663086e+18,0.11770396679639816,-10.897380828857422,-0.03247406333684921,0.010821018368005753,-0.17299625277519226,-0.096238873898983,-0.045565467327833176,0.11398621648550034
1.7764686490673085e+18,1.1023550033569336,-12.230888366699219,-0.0940297469496727,-0.019936200231313705,-0.008944249711930752,-0.25008776783943176,-0.10713662207126617,-0.07052221894264221
1.7764686490683087e+18,-3.205493211746216,-6.589125633239746,-0.06325190514326096,-0.013784755952656269,-0.04995724931359291,0.057610031217336655,-0.10713662207126617,-0.039770811796188354
1.7764686490693087e+18,-0.2515401542186737,-25.668540954589844,-0.0016962187364697456,-0.0014818687923252583,0.07308174669742584,-0.3116273581981659,-0.045565467327833176,-0.16277644038200378
1.7764686490703086e+18,-0.09768843650817871,-0.7422081232070923,-0.0016962187364697456,0.023123906925320625,-0.04995724931359291,-0.03469931334257126,-0.045565467327833176,0.05248340591788292
1.7764686490713085e+18,1.2562066316604614,-25.873695373535156,-0.06325190514326096,-0.026087643578648567,0.11409474909305573,-0.096238873898983,-0.045565467327833176,0.02173200063407421
1.7764686490723085e+18,-1.4208132028579712,11.772247314453125,-0.21714112162590027,0.0354267954826355,0.032068751752376556,-0.15777844190597534,-0.10713662207126617,0.11398621648550034
1.7764686490733087e+18,-5.390187740325928,-11.718000411987305,-0.18636327981948853,0.010821018368005753,-0.0909702479839325,-0.03469931334257126,-0.045565467327833176,-0.10127362608909607
1.7764686490743086e+18,0.4869481027126312,-5.973660469055176,-0.21714112162590027,0.023123906925320625,0.07308174669742584,-0.096238873898983,0.016005687415599823,0.02173200063407421
1.7764686490753085e+18,-3.8208999633789062,-18.795848846435547,-0.18636327981948853,0.010821018368005753,-0.0909702479839325,-0.03469931334257126,-0.045565467327833176,0.17548903822898865
1.7764686490763085e+18,-3.574737310409546,7.976879596710205,0.1214151531457901,-0.019936200231313705,-0.04995724931359291,-0.003929531201720238,-0.10713662207126617,-0.13202503323554993
1.7764686490773084e+18,-2.5900862216949463,-33.15669631958008,-0.0016962187364697456,-0.013784755952656269,0.11409474909305573,-0.21931800246238708,-0.045565467327833176,-0.16277644038200378
1.7764686490783084e+18,-1.0823394060134888,10.541316986083984,0.059859469532966614,0.010821018368005753,-0.17299625277519226,-0.06546909362077713,-0.045565467327833176,0.08323480933904648
1.7764686490793085e+18,1.2254363298416138,-24.027299880981445,0.02908162586390972,-0.0014818687923252583,0.07308174669742584,0.026840249076485634,-0.16870778799057007,0.2062404304742813
1.7764686490803085e+18,-0.8669470548629761,11.874824523925781,0.09063731133937836,-0.03223908692598343,-0.17299625277519226,0.1191495954990387,-0.045565467327833176,-0.039770811796188354
1.7764686490813084e+18,-3.174722909927368,-16.23141098022461,0.059859469532966614,-0.019936200231313705,-0.0909702479839325,0.14991937577724457,-0.045565467327833176,-0.19352784752845764
1.7764686490823084e+18,-2.7439379692077637,7.771724224090576,-0.06325190514326096,0.010821018368005753,-0.21400925517082214,-0.096238873898983,-0.045565467327833176,-0.07052221894264221
1.7764686490833083e+18,-4.3747663497924805,2.4376943111419678,-0.12480759620666504,0.023123906925320625,-0.0909702479839325,-0.03469931334257126,-0.16870778799057007,-0.13202503323554993
1.7764686490843085e+18,0.08693362772464752,-10.692225456237793,-0.12480759620666504,-0.026087643578648567,0.1551077514886856,-0.06546909362077713,-0.10713662207126617,0.1447376310825348
1.7764686490853084e+18,-0.005377406254410744,-21.36028480529785,0.059859469532966614,0.004669575020670891,-0.21400925517082214,0.057610031217336655,-0.045565467327833176,0.1447376310825348
1.7764686490863084e+18,0.3946370482444763,-25.360807418823242,-0.0940297469496727,-0.007633312605321407,0.11409474909305573,-0.1885482221841812,-0.10713662207126617,0.17548903822898865
1.7764686490873083e+18,0.8869625329971313,-42.388671875,-0.0940297469496727,0.004669575020670891,0.032068751752376556,-0.21931800246238708,-0.045565467327833176,-0.13202503323554993
1.7764686490883082e+18,-0.22076980769634247,-1.4602506160736084,-0.0016962187364697456,0.010821018368005753,-0.008944249711930752,-0.1885482221841812,-0.045565467327833176,0.05248340591788292
1.7764686490893084e+18,-1.5746649503707886,11.259359359741211,0.059859469532966614,-0.03223908692598343,-0.255022257566452,-0.1885482221841812,-0.045565467327833176,-0.07052221894264221
1.7764686490903084e+18,-3.759359359741211,-0.4344756305217743,-0.03247406333684921,0.004669575020670891,-0.21400925517082214,-0.096238873898983,-0.045565467327833176,-0.039770811796188354
1.7764686490913083e+18,-3.0516414642333984,-16.026256561279297,-0.06325190514326096,-0.0014818687923252583,-0.04995724931359291,0.057610031217336655,-0.10713662207126617,0.2984946668148041
1.7764686490923082e+18,-0.3130808472633362,27.261449813842773,0.09063731133937836,-0.019936200231313705,-0.008944249711930752,-0.03469931334257126,-0.10713662207126617,-0.19352784752845764
1.7764686490933082e+18,-1.3900429010391235,-6.6917033195495605,0.24452653527259827,-0.03839053213596344,0.1961207538843155,-0.15777844190597534,-0.10713662207126617,-0.039770811796188354
1.7764686490943084e+18,0.8561922311782837,-35.208248138427734,-0.0016962187364697456,-0.007633312605321407,0.1961207538843155,-0.21931800246238708,-0.10713662207126617,0.05248340591788292
1.7764686490953083e+18,-1.6054352521896362,-16.641719818115234,-0.06325190514326096,-0.007633312605321407,0.11409474909305573,0.057610031217336655,-0.10713662207126617,0.08323480933904648
1.7764686490963082e+18,-1.5746649503707886,18.43978500366211,-0.03247406333684921,0.010821018368005753,-0.17299625277519226,-0.003929531201720238,-0.10713662207126617,0.17548903822898865
1.7764686490973082e+18,-1.2054208517074585,-19.206157684326172,-0.0016962187364697456,-0.0014818687923252583,0.07308174669742584,-0.28085756301879883,-0.045565467327833176,-0.07052221894264221
1.776468649098308e+18,-2.8670194149017334,18.850093841552734,0.1214151531457901,-0.019936200231313705,-0.17299625277519226,0.08837981522083282,-0.10713662207126617,-0.039770811796188354
1.776468649099308e+18,-0.8054063320159912,-0.6396306157112122,0.1829708367586136,-0.026087643578648567,0.1551077514886856,-0.096238873898983,-0.045565467327833176,-0.039770811796188354
1.7764686491003082e+18,-1.9746793508529663,-37.77268600463867,-0.06325190514326096,-0.0014818687923252583,0.23713375627994537,-0.15777844190597534,-0.10713662207126617,0.05248340591788292
1.7764686491013082e+18,-1.0515691041946411,-13.666973114013672,-0.0940297469496727,-0.013784755952656269,0.032068751752376556,-0.03469931334257126,-0.10713662207126617,-0.009019406512379646
1.776468649102308e+18,-3.6978187561035156,8.489767074584961,-0.0016962187364697456,-0.007633312605321407,0.07308174669742584,-0.003929531201720238,-0.045565467327833176,0.08323480933904648
1.776468649103308e+18,-0.9900283813476562,-12.743775367736816,-0.06325190514326096,-0.026087643578648567,0.07308174669742584,-0.096238873898983,-0.10713662207126617,0.02173200063407421
1.776468649104308e+18,3.2870492935180664,-38.08041763305664,-0.0016962187364697456,-0.013784755952656269,0.1551077514886856,-0.12700866162776947,-0.045565467327833176,-0.009019406512379646
1.7764686491053082e+18,0.17924465239048004,-44.440223693847656,-0.06325190514326096,-0.013784755952656269,0.11409474909305573,-0.12700866162776947,-0.10713662207126617,0.05248340591788292
1.776468649106308e+18,-0.5900139212608337,-15.821100234985352,-0.03247406333684921,-0.0014818687923252583,0.11409474909305573,-0.1885482221841812,-0.045565467327833176,0.05248340591788292
1.776468649107308e+18,-0.4977028965950012,-3.511800527572632,-0.15558543801307678,-0.007633312605321407,-0.008944249711930752,0.1191495954990387,-0.045565467327833176,0.11398621648550034
1.776468649108308e+18,-2.159301519393921,6.540794372558594,0.059859469532966614,-0.026087643578648567,0.07308174669742584,-0.03469931334257126,-0.045565467327833176,0.02173200063407421
1.776468649109308e+18,-0.6823249459266663,-31.823190689086914,-0.06325190514326096,-0.013784755952656269,0.07308174669742584,-0.25008776783943176,0.016005687415599823,-0.19352784752845764
1.776468649110308e+18,-3.3285744190216064,31.467126846313477,0.02908162586390972,0.004669575020670891,-0.21400925517082214,-0.12700866162776947,-0.045565467327833176,-0.009019406512379646
1.776468649111308e+18,-2.1900718212127686,14.541839599609375,0.059859469532966614,-0.03223908692598343,-0.04995724931359291,-0.1885482221841812,-0.10713662207126617,0.02173200063407421
1.776468649112308e+18,0.5177184343338013,-26.38658332824707,-0.03247406333684921,-0.0014818687923252583,0.1551077514886856,-0.21931800246238708,-0.045565467327833176,-0.039770811796188354
1.776468649113308e+18,-2.343923568725586,-11.307690620422363,-0.12480759620666504,-0.013784755952656269,0.032068751752376556,0.08837981522083282,-0.045565467327833176,-0.19352784752845764
1.7764686491143078e+18,-0.9592580795288086,0.2835668623447418,-0.12480759620666504,0.0354267954826355,-0.21400925517082214,0.057610031217336655,-0.045565467327833176,-0.07052221894264221
1.776468649115308e+18,-4.251684665679932,-16.026256561279297,-0.18636327981948853,0.010821018368005753,0.032068751752376556,-0.06546909362077713,-0.045565467327833176,0.05248340591788292
1.776468649116308e+18,-0.8054063320159912,-23.104103088378906,-0.06325190514326096,-0.026087643578648567,0.07308174669742584,-0.06546909362077713,-0.10713662207126617,-0.009019406512379646
1.776468649117308e+18,-0.6515546441078186,-11.512845993041992,-0.15558543801307678,0.016972461715340614,-0.17299625277519226,-0.06546909362077713,-0.045565467327833176,-0.07052221894264221
1.7764686491183078e+18,-0.37462154030799866,6.540794372558594,0.1214151531457901,-0.026087643578648567,-0.255022257566452,0.18068915605545044,-0.16870778799057007,-0.039770811796188354
1.7764686491193078e+18,-2.036220073699951,2.540271759033203,-0.0016962187364697456,-0.019936200231313705,0.032068751752376556,0.026840249076485634,-0.10713662207126617,-0.16277644038200378
1.776468649120308e+18,-3.759359359741211,9.618119239807129,-0.03247406333684921,-0.007633312605321407,-0.04995724931359291,0.08837981522083282,-0.10713662207126617,0.23699183762073517
1.776468649121308e+18,-2.528545618057251,-6.178815841674805,-0.0940297469496727,0.004669575020670891,-0.04995724931359291,-0.003929531201720238,-0.10713662207126617,0.1447376310825348
1.7764686491223078e+18,-3.359344959259033,10.84904956817627,0.09063731133937836,-0.03223908692598343,-0.17299625277519226,0.18068915605545044,-0.10713662207126617,-0.07052221894264221
1.7764686491233078e+18,-2.620856523513794,6.7459492683410645,-0.12480759620666504,-0.0014818687923252583,-0.04995724931359291,-0.003929531201720238,-0.10713662207126617,0.11398621648550034
1.7764686491243077e+18,0.17924465239048004,8.182034492492676,0.1214151531457901,-0.03223908692598343,-0.17299625277519226,0.1191495954990387,-0.045565467327833176,0.02173200063407421
1.7764686491253076e+18,0.056163281202316284,-0.33189812302589417,-0.06325190514326096,-0.013784755952656269,0.1551077514886856,-0.12700866162776947,-0.10713662207126617,0.05248340591788292
1.7764686491263078e+18,-2.1285312175750732,-30.38710594177246,-0.0940297469496727,-0.013784755952656269,-0.008944249711930752,0.14991937577724457,-0.10713662207126617,-0.13202503323554993
1.7764686491273078e+18,-1.297731876373291,-30.38710594177246,-0.0940297469496727,-0.0014818687923252583,-0.008944249711930752,0.08837981522083282,-0.10713662207126617,-0.13202503323554993
1.7764686491283077e+18,-4.251684665679932,36.80115509033203,0.15219299495220184,-0.026087643578648567,-0.04995724931359291,-0.06546909362077713,-0.045565467327833176,-0.19352784752845764
1.776468649129308e+18,-3.297804117202759,-11.615423202514648,-0.12480759620666504,0.010821018368005753,-0.0909702479839325,0.026840249076485634,-0.10713662207126617,0.1447376310825348
1.7764686491303078e+18,1.0715845823287964,26.13309669494629,0.15219299495220184,-0.019936200231313705,-0.008944249711930752,0.08837981522083282,-0.10713662207126617,-0.16277644038200378
1.776468649131308e+18,-3.4208855628967285,17.20885467529297,0.059859469532966614,-0.026087643578648567,-0.21400925517082214,0.2114589363336563,-0.045565467327833176,-0.07052221894264221
1.776468649132308e+18,0.5177184343338013,-4.845308303833008,-0.18636327981948853,0.023123906925320625,-0.255022257566452,0.14991937577724457,-0.045565467327833176,-0.009019406512379646
1.7764686491333082e+18,-0.8054063320159912,-14.282438278198242,-0.12480759620666504,-0.019936200231313705,-0.008944249711930752,-0.003929531201720238,-0.045565467327833176,-0.039770811796188354
1.776468649134308e+18,-4.713240146636963,-11.512845993041992,-0.12480759620666504,-0.007633312605321407,0.23713375627994537,-0.1885482221841812,-0.045565467327833176,-0.009019406512379646
1.7764686491353083e+18,-3.6055076122283936,-5.255618095397949,-0.0940297469496727,-0.0014818687923252583,0.11409474909305573,-0.12700866162776947,-0.045565467327833176,0.11398621648550034
1.7764686491363082e+18,-2.0977606773376465,-8.332942962646484,-0.0016962187364697456,-0.019936200231313705,0.11409474909305573,-0.003929531201720238,-0.10713662207126617,0.05248340591788292
1.7764686491373084e+18,-0.9284877181053162,-4.434998035430908,0.1214151531457901,-0.013784755952656269,-0.04995724931359291,0.14991937577724457,-0.10713662207126617,0.11398621648550034
1.7764686491383084e+18,0.33309638500213623,1.514496922492981,-0.06325190514326096,-0.013784755952656269,-0.04995724931359291,0.1191495954990387,-0.10713662207126617,-0.19352784752845764
1.7764686491393085e+18,-1.9439090490341187,17.619163513183594,-0.06325190514326096,0.010821018368005753,-0.17299625277519226,0.026840249076485634,-0.10713662207126617,-0.009019406512379646
1.7764686491403085e+18,-3.6055076122283936,-4.742730617523193,-0.03247406333684921,0.010821018368005753,-0.17299625277519226,0.24222871661186218,-0.10713662207126617,0.05248340591788292
1.7764686491413087e+18,-3.174722909927368,-11.923155784606934,-0.12480759620666504,0.010821018368005753,-0.008944249711930752,-0.096238873898983,-0.10713662207126617,0.08323480933904648
1.7764686491423086e+18,-2.8362491130828857,7.25883674621582,0.09063731133937836,0.010821018368005753,-0.21400925517082214,0.057610031217336655,-0.10713662207126617,-0.16277644038200378
1.7764686491433088e+18,-0.43616223335266113,3.053159475326538,-0.15558543801307678,-0.0014818687923252583,0.1961207538843155,-0.12700866162776947,-0.10713662207126617,-0.07052221894264221
1.7764686491443087e+18,-2.6823973655700684,-14.385015487670898,0.059859469532966614,-0.019936200231313705,0.1551077514886856,-0.15777844190597534,-0.045565467327833176,0.02173200063407421
1.776468649145309e+18,-0.4977028965950012,-23.30925750732422,-0.18636327981948853,0.016972461715340614,-0.04995724931359291,-0.12700866162776947,-0.045565467327833176,-0.009019406512379646
1.776468649146309e+18,-5.205565452575684,20.7990665435791,-0.0016962187364697456,0.010821018368005753,-0.21400925517082214,-0.21931800246238708,-0.045565467327833176,-0.13202503323554993
1.776468649147309e+18,-0.37462154030799866,-10.281915664672852,-0.15558543801307678,-0.019936200231313705,-0.0909702479839325,-0.15777844190597534,-0.045565467327833176,-0.16277644038200378
1.7764686491483092e+18,-0.03614775091409683,-33.87474060058594,-0.03247406333684921,-0.0014818687923252583,0.07308174669742584,-0.25008776783943176,-0.10713662207126617,-0.13202503323554993
1.7764686491493092e+18,1.9639246463775635,-1.9731380939483643,-0.12480759620666504,-0.0014818687923252583,-0.21400925517082214,0.1191495954990387,-0.10713662207126617,-0.13202503323554993
1.7764686491503094e+18,-1.1746504306793213,-8.230365753173828,0.1829708367586136,-0.03839053213596344,0.07308174669742584,0.057610031217336655,-0.10713662207126617,-0.039770811796188354
1.7764686491513093e+18,-5.051713943481445,33.82640838623047,0.09063731133937836,-0.026087643578648567,-0.008944249711930752,0.08837981522083282,-0.045565467327833176,-0.19352784752845764
1.7764686491523095e+18,0.21001499891281128,-23.206680297851562,-0.15558543801307678,0.004669575020670891,0.1551077514886856,-0.12700866162776947,-0.10713662207126617,-0.009019406512379646
1.7764686491533094e+18,-1.7592869997024536,3.1557369232177734,0.24452653527259827,-0.013784755952656269,0.1961207538843155,-0.12700866162776947,-0.10713662207126617,0.05248340591788292
1.7764686491543096e+18,-0.5900139212608337,38.85270690917969,0.1214151531457901,-0.019936200231313705,-0.04995724931359291,0.1191495954990387,-0.045565467327833176,0.2062404304742813
1.7764686491553096e+18,-4.9286322593688965,10.336161613464355,-0.0016962187364697456,-0.013784755952656269,-0.04995724931359291,0.14991937577724457,-0.10713662207126617,0.2677432596683502
1.7764686491563098e+18,-4.9286322593688965,-4.434998035430908,0.1829708367586136,-0.019936200231313705,0.11409474909305573,-0.06546909362077713,-0.10713662207126617,-0.009019406512379646
1.7764686491573097e+18,0.9485032558441162,-29.46390724182129,-0.06325190514326096,-0.0014818687923252583,0.11409474909305573,-0.1885482221841812,-0.045565467327833176,-0.13202503323554993
1.77646864915831e+18,0.9792736172676086,-12.846353530883789,0.09063731133937836,-0.026087643578648567,0.31915974617004395,-0.21931800246238708,0.016005687415599823,-0.07052221894264221
1.7764686491593098e+18,-0.6823249459266663,-0.6396306157112122,-0.247918963432312,-0.007633312605321407,-0.17299625277519226,0.026840249076485634,-0.045565467327833176,-0.13202503323554993
1.77646864916031e+18,0.17924465239048004,-26.899471282958984,-0.0940297469496727,-0.007633312605321407,-0.008944249711930752,0.057610031217336655,-0.045565467327833176,0.1447376310825348
1.77646864916131e+18,-2.5900862216949463,6.848526954650879,0.24452653527259827,-0.026087643578648567,0.11409474909305573,-0.096238873898983,-0.045565467327833176,0.08323480933904648
1.7764686491623101e+18,-1.3592724800109863,-16.23141098022461,-0.12480759620666504,-0.019936200231313705,0.11409474909305573,-0.25008776783943176,-0.10713662207126617,0.08323480933904648
1.7764686491633103e+18,-3.0516414642333984,-16.949453353881836,-0.15558543801307678,0.029275350272655487,-0.0909702479839325,-0.06546909362077713,-0.045565467327833176,-0.07052221894264221
1.7764686491643103e+18,-2.0977606773376465,4.899554252624512,0.09063731133937836,-0.026087643578648567,-0.0909702479839325,0.026840249076485634,-0.045565467327833176,-0.07052221894264221
1.7764686491653105e+18,-3.6978187561035156,28.697534561157227,0.059859469532966614,0.010821018368005753,-0.21400925517082214,-0.06546909362077713,-0.045565467327833176,0.05248340591788292
1.7764686491663104e+18,0.6715701818466187,-18.38553810119629,-0.15558543801307678,-0.026087643578648567,0.07308174669742584,-0.1885482221841812,-0.10713662207126617,0.08323480933904648
1.7764686491673106e+18,-0.3438511788845062,4.181511878967285,-0.12480759620666504,-0.013784755952656269,0.07308174669742584,-0.15777844190597534,-0.045565467327833176,0.05248340591788292
1.7764686491683105e+18,-0.06691809743642807,-31.00257110595703,-0.06325190514326096,-0.013784755952656269,0.07308174669742584,0.24222871661186218,-0.045565467327833176,0.11398621648550034
1.7764686491693107e+18,-0.7746359705924988,-19.821622848510742,-0.0940297469496727,-0.007633312605321407,0.032068751752376556,0.057610031217336655,-0.045565467327833176,-0.16277644038200378
1.7764686491703107e+18,-0.7438656687736511,-24.437610626220703,-0.12480759620666504,-0.0014818687923252583,0.1961207538843155,0.057610031217336655,-0.16870778799057007,0.08323480933904648
1.7764686491713108e+18,-3.5439670085906982,27.774337768554688,0.059859469532966614,-0.03223908692598343,-0.17299625277519226,0.18068915605545044,-0.16870778799057007,-0.009019406512379646
1.7764686491723108e+18,-0.2515401542186737,-19.61646842956543,-0.15558543801307678,-0.0014818687923252583,-0.008944249711930752,-0.12700866162776947,-0.10713662207126617,-0.009019406512379646
1.776468649173311e+18,0.11770396679639816,-29.258752822875977,-0.03247406333684921,0.004669575020670891,-0.13198325037956238,-0.25008776783943176,-0.045565467327833176,-0.039770811796188354
1.776468649174311e+18,0.24078534543514252,10.2335844039917,0.02908162586390972,-0.03223908692598343,0.07308174669742584,-0.12700866162776947,0.016005687415599823,-0.13202503323554993
1.776468649175311e+18,-0.9284877181053162,-29.77164077758789,-0.06325190514326096,-0.0014818687923252583,0.1551077514886856,-0.12700866162776947,-0.045565467327833176,0.17548903822898865
1.776468649176311e+18,-4.959402561187744,33.416099548339844,0.15219299495220184,0.004669575020670891,-0.21400925517082214,-0.15777844190597534,-0.10713662207126617,0.05248340591788292
1.7764686491773112e+18,0.27155569195747375,-11.307690620422363,0.059859469532966614,-0.03223908692598343,0.27814674377441406,-0.25008776783943176,0.016005687415599823,-0.07052221894264221
1.7764686491783112e+18,-2.1900718212127686,-20.23193359375,-0.0940297469496727,-0.007633312605321407,0.032068751752376556,-0.15777844190597534,0.016005687415599823,0.02173200063407421
1.7764686491793114e+18,-3.0516414642333984,8.387188911437988,-0.06325190514326096,0.004669575020670891,-0.0909702479839325,0.1191495954990387,-0.16870778799057007,0.08323480933904648
1.7764686491803113e+18,-2.713167667388916,-2.0757155418395996,-0.0016962187364697456,-0.013784755952656269,0.23713375627994537,-0.21931800246238708,-0.10713662207126617,-0.07052221894264221
1.7764686491813115e+18,-3.9747517108917236,-6.383970737457275,-0.15558543801307678,-0.019936200231313705,-0.008944249711930752,0.08837981522083282,-0.045565467327833176,0.2062404304742813
1.7764686491823117e+18,-2.343923568725586,23.97896957397461,0.059859469532966614,0.010821018368005753,-0.17299625277519226,-0.06546909362077713,-0.10713662207126617,0.1447376310825348
1.7764686491833116e+18,-2.4054641723632812,-23.206680297851562,0.059859469532966614,-0.019936200231313705,-0.008944249711930752,0.057610031217336655,-0.10713662207126617,-0.16277644038200378
1.7764686491843118e+18,-0.7438656687736511,32.08259201049805,-0.03247406333684921,-0.0014818687923252583,0.11409474909305573,-0.25008776783943176,-0.045565467327833176,0.11398621648550034
1.7764686491853117e+18,-3.8208999633789062,-2.48602557182312,-0.03247406333684921,0.004669575020670891,-0.13198325037956238,-0.03469931334257126,-0.045565467327833176,0.11398621648550034
1.776468649186312e+18,-1.5746649503707886,-15.615945816040039,-0.0940297469496727,0.004669575020670891,0.07308174669742584,0.057610031217336655,-0.16870778799057007,-0.13202503323554993
1.7764686491873119e+18,-1.297731876373291,-2.2808706760406494,-0.0940297469496727,0.004669575020670891,0.1551077514886856,-0.12700866162776947,-0.045565467327833176,-0.10127362608909607
1.776468649188312e+18,-2.4670050144195557,-13.359240531921387,-0.0016962187364697456,-0.0014818687923252583,0.07308174669742584,-0.003929531201720238,-0.10713662207126617,0.05248340591788292
1.776468649189312e+18,-0.7438656687736511,-28.23297882080078,-0.06325190514326096,-0.0014818687923252583,0.07308174669742584,-0.3116273581981659,-0.045565467327833176,-0.19352784752845764
1.7764686491903122e+18,-1.1746504306793213,-24.335033416748047,-0.06325190514326096,-0.0014818687923252583,-0.008944249711930752,0.14991937577724457,-0.10713662207126617,0.05248340591788292
1.7764686491913121e+18,-1.2054208517074585,3.1557369232177734,0.1829708367586136,0.004669575020670891,-0.13198325037956238,-0.06546909362077713,0.016005687415599823,-0.16277644038200378
1.7764686491923123e+18,-3.390115261077881,-10.076760292053223,-0.0940297469496727,0.010821018368005753,-0.13198325037956238,-0.003929531201720238,-0.045565467327833176,-0.19352784752845764
1.7764686491933123e+18,-3.5131967067718506,-8.43552017211914,0.24452653527259827,-0.026087643578648567,0.07308174669742584,0.24222871661186218,-0.16870778799057007,-0.10127362608909607
1.7764686491943124e+18,0.33309638500213623,-27.822668075561523,-0.03247406333684921,-0.0014818687923252583,0.032068751752376556,-0.12700866162776947,-0.045565467327833176,0.08323480933904648
1.7764686491953124e+18,-1.9439090490341187,-10.79480266571045,0.1829708367586136,-0.03223908692598343,-0.008944249711930752,0.1191495954990387,-0.10713662207126617,-0.009019406512379646
1.7764686491963126e+18,0.3638667166233063,-17.667495727539062,-0.0940297469496727,-0.007633312605321407,0.032068751752376556,-0.03469931334257126,-0.10713662207126617,-0.13202503323554993
1.7764686491973125e+18,-0.8669470548629761,0.5912993550300598,0.09063731133937836,-0.007633312605321407,-0.0909702479839325,-0.06546909362077713,0.016005687415599823,-0.13202503323554993
1.7764686491983127e+18,-2.2823827266693115,-4.332420825958252,-0.0940297469496727,-0.013784755952656269,-0.008944249711930752,-0.06546909362077713,-0.10713662207126617,-0.19352784752845764
1.776468649199313e+18,-1.8515980243682861,14.131529808044434,-0.0016962187364697456,-0.03839053213596344,0.11409474909305573,-0.003929531201720238,-0.10713662207126617,-0.039770811796188354
1.7764686492003128e+18,-4.097833156585693,5.720174312591553,-0.12480759620666504,-0.0014818687923252583,0.1551077514886856,-0.096238873898983,-0.045565467327833176,0.11398621648550034
1.776468649201313e+18,-4.559388160705566,20.696489334106445,0.15219299495220184,-0.013784755952656269,-0.17299625277519226,-0.1885482221841812,-0.10713662207126617,0.08323480933904648
1.776468649202313e+18,-1.8208277225494385,6.027906894683838,0.09063731133937836,-0.026087643578648567,-0.13198325037956238,-0.003929531201720238,0.016005687415599823,-0.039770811796188354
1.7764686492033132e+18,-0.22076980769634247,-7.307168006896973,0.059859469532966614,0.004669575020670891,-0.0909702479839325,-0.06546909362077713,0.016005687415599823,-0.19352784752845764
1.776468649204313e+18,-1.2054208517074585,16.18307876586914,0.15219299495220184,-0.013784755952656269,-0.04995724931359291,-0.03469931334257126,-0.10713662207126617,-0.10127362608909607
1.7764686492053133e+18,-2.1900718212127686,-6.589125633239746,0.059859469532966614,-0.0014818687923252583,-0.13198325037956238,-0.03469931334257126,0.016005687415599823,-0.19352784752845764
1.7764686492063132e+18,-2.897789716720581,9.002654075622559,-0.06325190514326096,-0.0014818687923252583,-0.04995724931359291,-0.06546909362077713,-0.10713662207126617,-0.19352784752845764
1.7764686492073134e+18,2.5177907943725586,-35.31082534790039,-0.03247406333684921,-0.0014818687923252583,-0.008944249711930752,-0.28085756301879883,-0.045565467327833176,-0.13202503323554993
1.7764686492083133e+18,-2.990100860595703,23.876392364501953,0.02908162586390972,0.016972461715340614,-0.04995724931359291,-0.12700866162776947,-0.10713662207126617,-0.13202503323554993
1.7764686492093135e+18,-3.667048215866089,-0.4344756305217743,0.21374869346618652,-0.03223908692598343,-0.04995724931359291,0.14991937577724457,-0.045565467327833176,-0.07052221894264221
1.7764686492103135e+18,-1.3592724800109863,-15.308213233947754,-0.12480759620666504,-0.013784755952656269,-0.04995724931359291,0.14991937577724457,-0.10713662207126617,-0.009019406512379646
1.7764686492113137e+18,1.2562066316604614,-41.0551643371582,-0.06325190514326096,-0.007633312605321407,0.07308174669742584,-0.21931800246238708,-0.10713662207126617,-0.19352784752845764
1.7764686492123136e+18,-1.1438801288604736,14.952149391174316,0.09063731133937836,-0.019936200231313705,0.07308174669742584,-0.096238873898983,-0.045565467327833176,-0.10127362608909607
1.7764686492133138e+18,-3.482426166534424,-3.6143782138824463,-0.0016962187364697456,-0.0014818687923252583,-0.0909702479839325,-0.06546909362077713,-0.10713662207126617,-0.19352784752845764
1.7764686492143137e+18,-0.37462154030799866,31.36454963684082,0.15219299495220184,-0.013784755952656269,-0.04995724931359291,0.057610031217336655,-0.10713662207126617,-0.009019406512379646
1.776468649215314e+18,-1.913138747215271,-14.897903442382812,-0.06325190514326096,-0.019936200231313705,-0.008944249711930752,0.08837981522083282,-0.10713662207126617,-0.009019406512379646
1.7764686492163139e+18,-0.8669470548629761,0.5912993550300598,0.059859469532966614,-0.026087643578648567,0.31915974617004395,-0.25008776783943176,-0.045565467327833176,-0.07052221894264221
1.776468649217314e+18,-2.713167667388916,3.566046953201294,-0.0940297469496727,-0.026087643578648567,-0.04995724931359291,0.08837981522083282,0.016005687415599823,-0.039770811796188354
1.7764686492183142e+18,-3.636277914047241,-14.590170860290527,-0.0940297469496727,-0.019936200231313705,0.1551077514886856,-0.15777844190597534,-0.10713662207126617,0.11398621648550034
1.7764686492193142e+18,-4.343996047973633,24.286701202392578,0.09063731133937836,0.010821018368005753,-0.17299625277519226,0.18068915605545044,-0.045565467327833176,0.1447376310825348
1.7764686492203144e+18,-0.9900283813476562,-31.720613479614258,-0.06325190514326096,-0.0014818687923252583,0.11409474909305573,-0.21931800246238708,0.016005687415599823,-0.13202503323554993
1.7764686492213143e+18,-2.3746938705444336,14.131529808044434,0.059859469532966614,-0.04454197362065315,-0.008944249711930752,0.14991937577724457,-0.10713662207126617,-0.009019406512379646
1.7764686492223145e+18,-0.22076980769634247,-28.23297882080078,-0.06325190514326096,-0.0014818687923252583,-0.17299625277519226,-0.1885482221841812,-0.045565467327833176,-0.10127362608909607
1.7764686492233144e+18,0.5792590975761414,-11.820578575134277,0.09063731133937836,-0.019936200231313705,0.23713375627994537,-0.25008776783943176,0.016005687415599823,0.05248340591788292
1.7764686492243146e+18,-1.4208132028579712,14.028951644897461,-0.06325190514326096,-0.0014818687923252583,-0.2960352599620819,0.3037682771682739,-0.10713662207126617,0.17548903822898865
1.7764686492253146e+18,0.21001499891281128,-21.77059555053711,-0.0016962187364697456,-0.007633312605321407,0.11409474909305573,-0.096238873898983,-0.10713662207126617,-0.10127362608909607
1.7764686492263148e+18,-4.190144062042236,6.130484580993652,0.21374869346618652,-0.019936200231313705,-0.0909702479839325,0.2114589363336563,-0.045565467327833176,-0.13202503323554993
1.7764686492273147e+18,-3.3285744190216064,1.6170743703842163,0.1829708367586136,-0.026087643578648567,-0.008944249711930752,0.14991937577724457,-0.045565467327833176,-0.039770811796188354
1.776468649228315e+18,0.8869625329971313,-8.743252754211426,-0.18636327981948853,0.023123906925320625,-0.04995724931359291,-0.096238873898983,-0.10713662207126617,0.05248340591788292
1.776468649229315e+18,-2.897789716720581,22.235151290893555,0.059859469532966614,-0.03223908692598343,-0.0909702479839325,0.1191495954990387,-0.10713662207126617,-0.009019406512379646
1.776468649230315e+18,-3.3285744190216064,10.438739776611328,0.059859469532966614,-0.03839053213596344,0.07308174669742584,-0.1885482221841812,-0.10713662207126617,-0.13202503323554993
1.776468649231315e+18,-0.18999947607517242,16.695966720581055,0.1214151531457901,-0.019936200231313705,0.032068751752376556,-0.1885482221841812,-0.045565467327833176,0.05248340591788292
1.776468649232315e+18,-2.3131532669067383,-4.127265453338623,-0.15558543801307678,0.023123906925320625,-0.17299625277519226,-0.06546909362077713,-0.045565467327833176,-0.19352784752845764
1.776468649233315e+18,-1.8208277225494385,-11.102535247802734,-0.06325190514326096,0.004669575020670891,-0.17299625277519226,0.18068915605545044,-0.045565467327833176,-0.039770811796188354
1.776468649234315e+18,0.17924465239048004,-16.333988189697266,-0.0940297469496727,-0.013784755952656269,-0.0909702479839325,-0.003929531201720238,0.016005687415599823,-0.07052221894264221
1.776468649235315e+18,-2.3131532669067383,-22.898948669433594,-0.12480759620666504,-0.0014818687923252583,0.11409474909305573,-0.25008776783943176,-0.045565467327833176,-0.19352784752845764
1.776468649236315e+18,-2.436234474182129,12.079978942871094,0.1214151531457901,-0.026087643578648567,-0.21400925517082214,0.18068915605545044,-0.16870778799057007,-0.039770811796188354
1.776468649237315e+18,0.5484887957572937,-49.2613639831543,-0.06325190514326096,0.004669575020670891,-0.17299625277519226,-0.1885482221841812,-0.10713662207126617,-0.10127362608909607
1.776468649238315e+18,-0.43616223335266113,0.5912993550300598,0.02908162586390972,0.010821018368005753,0.032068751752376556,0.026840249076485634,-0.045565467327833176,-0.13202503323554993
1.776468649239315e+18,-1.8823683261871338,-19.513891220092773,-0.18636327981948853,0.023123906925320625,-0.13198325037956238,-0.03469931334257126,-0.045565467327833176,-0.19352784752845764
1.776468649240315e+18,-2.897789716720581,-27.822668075561523,-0.0940297469496727,-0.0014818687923252583,0.11409474909305573,-0.12700866162776947,-0.045565467327833176,0.08323480933904648
1.776468649241315e+18,-0.9592580795288086,17.20885467529297,0.059859469532966614,-0.007633312605321407,-0.04995724931359291,-0.096238873898983,-0.10713662207126617,0.05248340591788292
1.776468649242315e+18,0.7331108450889587,-31.720613479614258,-0.03247406333684921,-0.0014818687923252583,0.07308174669742584,-0.1885482221841812,-0.045565467327833176,-0.13202503323554993
1.776468649243315e+18,-3.3285744190216064,-20.23193359375,-0.18636327981948853,0.023123906925320625,-0.13198325037956238,-0.003929531201720238,0.016005687415599823,0.08323480933904648
1.776468649244315e+18,-0.2515401542186737,-20.026777267456055,-0.06325190514326096,-0.026087643578648567,0.1551077514886856,-0.15777844190597534,-0.10713662207126617,0.02173200063407421
1.776468649245315e+18,-3.851670265197754,19.05525016784668,-0.06325190514326096,0.004669575020670891,0.07308174669742584,-0.25008776783943176,-0.045565467327833176,-0.13202503323554993
1.776468649246315e+18,-0.8361766934394836,15.054726600646973,0.09063731133937836,-0.007633312605321407,-0.04995724931359291,-0.03469931334257126,-0.10713662207126617,0.1447376310825348
1.776468649247315e+18,-1.113109827041626,1.8222293853759766,-0.06325190514326096,0.004669575020670891,0.11409474909305573,-0.1885482221841812,0.016005687415599823,-0.19352784752845764
1.776468649248315e+18,-3.943981409072876,-6.794280529022217,-0.06325190514326096,-0.019936200231313705,-0.0909702479839325,0.1191495954990387,-0.10713662207126617,-0.009019406512379646
1.776468649249315e+18,0.08693362772464752,0.8990318775177002,0.059859469532966614,-0.0014818687923252583,-0.13198325037956238,-0.03469931334257126,-0.10713662207126617,-0.25503066182136536
1.776468649250315e+18,-3.9132111072540283,34.44187545776367,0.09063731133937836,0.010821018368005753,-0.0909702479839325,-0.15777844190597534,0.016005687415599823,0.02173200063407421
1.776468649251315e+18,-0.3438511788845062,31.467126846313477,0.1829708367586136,-0.026087643578648567,-0.008944249711930752,0.026840249076485634,-0.045565467327833176,-0.19352784752845764
1.776468649252315e+18,-0.5592436194419861,30.74908447265625,0.09063731133937836,-0.007633312605321407,0.032068751752376556,-0.3116273581981659,-0.045565467327833176,0.1447376310825348
1.776468649253315e+18,0.33309638500213623,22.645462036132812,0.1214151531457901,-0.019936200231313705,-0.04995724931359291,-0.03469931334257126,-0.045565467327833176,-0.13202503323554993
1.776468649254315e+18,-1.543894648551941,-23.92472267150879,-0.12480759620666504,0.004669575020670891,0.07308174669742584,-0.12700866162776947,-0.045565467327833176,0.08323480933904648
1.776468649255315e+18,-3.636277914047241,0.2835668623447418,0.21374869346618652,-0.026087643578648567,-0.008944249711930752,-0.06546909362077713,-0.10713662207126617,0.05248340591788292
1.776468649256315e+18,-3.943981409072876,29.415576934814453,-0.0016962187364697456,-0.026087643578648567,-0.008944249711930752,-0.03469931334257126,-0.045565467327833176,-0.16277644038200378
1.776468649257315e+18,-2.4054641723632812,-14.179861068725586,-0.0940297469496727,0.010821018368005753,-0.13198325037956238,0.18068915605545044,-0.045565467327833176,-0.009019406512379646
1.776468649258315e+18,0.4869481027126312,-27.822668075561523,0.02908162586390972,-0.007633312605321407,0.1551077514886856,-0.15777844190597534,-0.045565467327833176,0.02173200063407421
1.776468649259315e+18,-4.343996047973633,-16.026256561279297,-0.15558543801307678,0.016972461715340614,-0.13198325037956238,-0.1885482221841812,-0.045565467327833176,-0.2242792546749115
1.776468649260315e+18,-2.620856523513794,-2.48602557182312,-0.06325190514326096,0.010821018368005753,0.11409474909305573,-0.12700866162776947,0.016005687415599823,-0.19352784752845764
1.776468649261315e+18,0.21001499891281128,22.029996871948242,0.02908162586390972,0.010821018368005753,0.1551077514886856,-0.1885482221841812,-0.10713662207126617,0.1447376310825348
1.776468649262315e+18,-0.28231048583984375,-44.235069274902344,-0.0016962187364697456,0.004669575020670891,-0.008944249711930752,0.14991937577724457,-0.10713662207126617,0.1447376310825348
1.776468649263315e+18,-4.097833156585693,-3.819533109664917,-0.15558543801307678,0.010821018368005753,-0.0909702479839325,-0.03469931334257126,-0.045565467327833176,0.11398621648550034
1.776468649264315e+18,-2.897789716720581,20.901643753051758,0.1214151531457901,-0.013784755952656269,-0.008944249711930752,-0.03469931334257126,-0.10713662207126617,-0.25503066182136536
1.776468649265315e+18,1.7485321760177612,-26.38658332824707,-0.0940297469496727,-0.0014818687923252583,0.07308174669742584,0.08837981522083282,-0.16870778799057007,-0.13202503323554993
1.776468649266315e+18,0.3023260235786438,-19.308734893798828,-0.06325190514326096,-0.019936200231313705,0.032068751752376556,-0.12700866162776947,-0.10713662207126617,-0.07052221894264221
1.776468649267315e+18,-0.37462154030799866,-14.282438278198242,-0.12480759620666504,-0.013784755952656269,0.1551077514886856,-0.06546909362077713,0.016005687415599823,-0.009019406512379646
1.776468649268315e+18,-1.3592724800109863,-18.693269729614258,-0.12480759620666504,-0.007633312605321407,-0.04995724931359291,0.1191495954990387,-0.10713662207126617,0.23699183762073517
1.776468649269315e+18,-1.728516697883606,-5.46077299118042,-0.06325190514326096,0.016972461715340614,-0.17299625277519226,0.18068915605545044,-0.045565467327833176,-0.009019406512379646
1.776468649270315e+18,0.33309638500213623,-15.821100234985352,-0.18636327981948853,0.04157823696732521,-0.21400925517082214,0.18068915605545044,-0.10713662207126617,-0.07052221894264221
1.776468649271315e+18,-4.097833156585693,-13.8721284866333,-0.06325190514326096,-0.0014818687923252583,0.11409474909305573,0.08837981522083282,-0.16870778799057007,-0.16277644038200378
1.776468649272315e+18,1.7485321760177612,3.258314371109009,-0.21714112162590027,0.0354267954826355,-0.255022257566452,0.2114589363336563,-0.10713662207126617,-0.039770811796188354
1.7764686492733148e+18,-0.4669325649738312,-8.845830917358398,-0.03247406333684921,0.029275350272655487,-0.17299625277519226,-0.12700866162776947,0.016005687415599823,-0.13202503323554993
1.776468649274315e+18,0.5792590975761414,30.954238891601562,0.15219299495220184,-0.013784755952656269,-0.04995724931359291,-0.06546909362077713,-0.045565467327833176,-0.19352784752845764
1.776468649275315e+18,-1.1438801288604736,-18.898426055908203,0.09063731133937836,-0.03223908692598343,0.1551077514886856,-0.06546909362077713,-0.045565467327833176,0.11398621648550034
1.776468649276315e+18,-1.113109827041626,-25.7711181640625,-0.12480759620666504,-0.007633312605321407,-0.04995724931359291,0.057610031217336655,-0.10713662207126617,0.2062404304742813
1.7764686492773148e+18,-0.7130953073501587,-28.951021194458008,-0.03247406333684921,-0.0014818687923252583,0.07308174669742584,0.24222871661186218,-0.10713662207126617,0.23699183762073517
1.776468649278315e+18,-2.036220073699951,-6.589125633239746,-0.06325190514326096,0.004669575020670891,-0.0909702479839325,0.18068915605545044,-0.045565467327833176,-0.039770811796188354
1.776468649279315e+18,0.33309638500213623,-9.25614070892334,0.1214151531457901,-0.026087643578648567,-0.17299625277519226,-0.003929531201720238,-0.10713662207126617,-0.07052221894264221
1.776468649280315e+18,0.17924465239048004,-33.05411911010742,-0.03247406333684921,-0.007633312605321407,-0.0909702479839325,-0.003929531201720238,-0.10713662207126617,-0.13202503323554993
1.7764686492813148e+18,-3.7285890579223633,25.415054321289062,0.15219299495220184,-0.026087643578648567,-0.0909702479839325,0.057610031217336655,-0.10713662207126617,-0.16277644038200378
1.776468649282315e+18,-0.8669470548629761,0.6938768625259399,0.09063731133937836,-0.019936200231313705,-0.04995724931359291,0.057610031217336655,-0.10713662207126617,0.23699183762073517
1.776468649283315e+18,-1.7900573015213013,-17.052030563354492,-0.0940297469496727,-0.013784755952656269,-0.008944249711930752,-0.1885482221841812,-0.10713662207126617,0.1447376310825348
1.776468649284315e+18,-2.036220073699951,13.926374435424805,0.15219299495220184,-0.026087643578648567,-0.13198325037956238,0.18068915605545044,-0.10713662207126617,-0.039770811796188354
1.7764686492853148e+18,-3.451655864715576,25.004743576049805,0.059859469532966614,-0.007633312605321407,-0.13198325037956238,-0.1885482221841812,0.016005687415599823,-0.039770811796188354
1.776468649286315e+18,-2.713167667388916,6.540794372558594,-0.06325190514326096,-0.0014818687923252583,0.23713375627994537,-0.28085756301879883,-0.045565467327833176,-0.13202503323554993
1.776468649287315e+18,-3.359344959259033,-10.999958038330078,-0.18636327981948853,0.023123906925320625,-0.13198325037956238,-0.096238873898983,-0.045565467327833176,0.11398621648550034
1.776468649288315e+18,-0.3130808472633362,-16.641719818115234,-0.03247406333684921,0.004669575020670891,-0.255022257566452,0.334538072347641,-0.16870778799057007,0.1447376310825348
1.7764686492893148e+18,-0.6823249459266663,-12.128310203552246,0.24452653527259827,-0.007633312605321407,-0.008944249711930752,-0.03469931334257126,-0.045565467327833176,-0.10127362608909607
1.776468649290315e+18,0.7638812065124512,-28.951021194458008,-0.03247406333684921,-0.013784755952656269,0.032068751752376556,-0.12700866162776947,-0.10713662207126617,0.17548903822898865
1.776468649291315e+18,-2.0054497718811035,19.97844696044922,-0.247918963432312,-0.026087643578648567,-0.04995724931359291,-0.06546909362077713,-0.10713662207126617,-0.16277644038200378
1.776468649292315e+18,-3.1131820678710938,-7.409745693206787,-0.18636327981948853,0.0354267954826355,-0.008944249711930752,-0.06546909362077713,-0.10713662207126617,0.32924607396125793
1.7764686492933148e+18,-1.6054352521896362,20.901643753051758,0.1214151531457901,-0.013784755952656269,-0.008944249711930752,-0.06546909362077713,-0.045565467327833176,-0.25503066182136536
1.776468649294315e+18,1.5639101266860962,-8.64067554473877,-0.15558543801307678,0.010821018368005753,0.07308174669742584,-0.1885482221841812,-0.045565467327833176,-0.009019406512379646
1.776468649295315e+18,-0.28231048583984375,7.156259536743164,0.1214151531457901,-0.019936200231313705,-0.21400925517082214,0.18068915605545044,-0.10713662207126617,-0.009019406512379646
1.776468649296315e+18,-3.4208855628967285,17.41400909423828,0.09063731133937836,-0.026087643578648567,0.23713375627994537,-0.06546909362077713,-0.045565467327833176,-0.009019406512379646
1.7764686492973148e+18,-3.297804117202759,19.670713424682617,-0.0016962187364697456,0.010821018368005753,-0.21400925517082214,-0.12700866162776947,-0.10713662207126617,0.02173200063407421
1.776468649298315e+18,-3.943981409072876,11.156782150268555,-0.03247406333684921,0.010821018368005753,-0.255022257566452,0.3037682771682739,-0.045565467327833176,0.17548903822898865
1.776468649299315e+18,-4.3747663497924805,13.00317668914795,-0.03247406333684921,0.010821018368005753,0.11409474909305573,-0.15777844190597534,0.016005687415599823,-0.19352784752845764
1.776468649300315e+18,-4.097833156585693,19.465559005737305,0.1214151531457901,-0.03223908692598343,0.31915974617004395,-0.12700866162776947,-0.10713662207126617,-0.07052221894264221
1.7764686493013148e+18,-2.5900862216949463,18.02947425842285,0.15219299495220184,-0.019936200231313705,-0.0909702479839325,-0.03469931334257126,-0.10713662207126617,0.08323480933904648
1.776468649302315e+18,-0.6207842826843262,20.901643753051758,0.059859469532966614,-0.013784755952656269,-0.0909702479839325,0.057610031217336655,-0.10713662207126617,-0.009019406512379646
1.776468649303315e+18,-2.436234474182129,-14.79532527923584,0.15219299495220184,-0.03839053213596344,0.1551077514886856,-0.096238873898983,-0.10713662207126617,0.08323480933904648
1.776468649304315e+18,-3.082411766052246,-9.050985336303711,-0.06325190514326096,-0.007633312605321407,0.1961207538843155,-0.1885482221841812,-0.10713662207126617,-0.009019406512379646
1.7764686493053148e+18,0.8254218697547913,-38.59330749511719,-0.0940297469496727,-0.0014818687923252583,0.07308174669742584,0.1191495954990387,-0.10713662207126617,-0.16277644038200378
1.776468649306315e+18,-4.067062854766846,25.415054321289062,-0.06325190514326096,-0.0014818687923252583,0.032068751752376556,-0.12700866162776947,0.016005687415599823,-0.19352784752845764
1.776468649307315e+18,-0.6823249459266663,0.6938768625259399,0.1214151531457901,-0.019936200231313705,-0.0909702479839325,0.08837981522083282,0.016005687415599823,-0.039770811796188354
1.776468649308315e+18,-3.6978187561035156,33.00579071044922,0.15219299495220184,-0.013784755952656269,-0.008944249711930752,-0.06546909362077713,-0.10713662207126617,-0.16277644038200378
1.7764686493093148e+18,0.3638667166233063,14.541839599609375,0.09063731133937836,-0.026087643578648567,0.11409474909305573,-0.1885482221841812,-0.10713662207126617,-0.13202503323554993
1.776468649310315e+18,-1.2669614553451538,4.2840895652771,-0.03247406333684921,0.023123906925320625,-0.0909702479839325,-0.003929531201720238,-0.045565467327833176,0.08323480933904648
1.776468649311315e+18,-2.0977606773376465,36.49342346191406,0.1214151531457901,-0.0014818687923252583,-0.13198325037956238,-0.06546909362077713,-0.045565467327833176,0.05248340591788292
1.776468649312315e+18,-0.37462154030799866,-19.719045639038086,-0.0940297469496727,-0.013784755952656269,-0.008944249711930752,0.026840249076485634,-0.16870778799057007,-0.009019406512379646
1.7764686493133148e+18,-2.0977606773376465,24.491857528686523,0.1214151531457901,-0.019936200231313705,-0.04995724931359291,-0.03469931334257126,-0.10713662207126617,-0.2242792546749115
1.776468649314315e+18,1.625450849533081,-9.563873291015625,-0.06325190514326096,0.010821018368005753,-0.17299625277519226,-0.1885482221841812,-0.045565467327833176,-0.07052221894264221
1.776468649315315e+18,-3.8824408054351807,-10.179338455200195,0.1829708367586136,-0.03839053213596344,0.1551077514886856,-0.12700866162776947,-0.10713662207126617,0.02173200063407421
1.776468649316315e+18,-3.8824408054351807,-19.411314010620117,-0.15558543801307678,0.010821018368005753,-0.21400925517082214,-0.06546909362077713,-0.045565467327833176,-0.13202503323554993
1.7764686493173148e+18,-2.0054497718811035,20.388757705688477,0.059859469532966614,-0.03223908692598343,0.07308174669742584,-0.1885482221841812,-0.045565467327833176,0.17548903822898865
1.776468649318315e+18,-4.467077255249023,-13.974705696105957,-0.12480759620666504,0.023123906925320625,-0.17299625277519226,-0.06546909362077713,-0.10713662207126617,-0.13202503323554993
1.776468649319315e+18,-1.4208132028579712,5.207286834716797,0.02908162586390972,-0.026087643578648567,0.36017274856567383,-0.12700866162776947,0.07757684588432312,-0.13202503323554993
1.776468649320315e+18,-1.482353925704956,-15.41079044342041,-0.0016962187364697456,-0.013784755952656269,0.1551077514886856,-0.12700866162776947,-0.10713662207126617,-0.009019406512379646
1.7764686493213148e+18,-3.359344959259033,26.13309669494629,0.1214151531457901,-0.026087643578648567,-0.008944249711930752,0.18068915605545044,-0.10713662207126617,-0.07052221894264221
1.776468649322315e+18,-4.343996047973633,-11.41026782989502,-0.12480759620666504,-0.0014818687923252583,-0.0909702479839325,-0.03469931334257126,-0.10713662207126617,0.05248340591788292
1.776468649323315e+18,-2.3746938705444336,2.6428494453430176,-0.0016962187364697456,0.010821018368005753,-0.04995724931359291,-0.25008776783943176,0.016005687415599823,-0.13202503323554993
1.776468649324315e+18,-1.297731876373291,-21.565441131591797,-0.15558543801307678,0.023123906925320625,-0.04995724931359291,-0.03469931334257126,-0.045565467327833176,0.11398621648550034
1.7764686493253148e+18,-2.6516270637512207,1.2067643404006958,0.09063731133937836,-0.019936200231313705,-0.008944249711930752,-0.096238873898983,-0.10713662207126617,0.05248340591788292
1.776468649326315e+18,0.056163281202316284,0.4887218773365021,-0.12480759620666504,0.029275350272655487,-0.0909702479839325,-0.15777844190597534,-0.045565467327833176,0.02173200063407421
1.776468649327315e+18,-1.297731876373291,23.876392364501953,0.09063731133937836,0.010821018368005753,-0.13198325037956238,0.3037682771682739,-0.10713662207126617,-0.009019406512379646
1.776468649328315e+18,1.1023550033569336,-17.257184982299805,-0.15558543801307678,0.004669575020670891,-0.21400925517082214,-0.03469931334257126,-0.10713662207126617,-0.13202503323554993
1.7764686493293148e+18,0.9792736172676086,-19.00100326538086,-0.0940297469496727,0.023123906925320625,-0.13198325037956238,-0.096238873898983,-0.10713662207126617,-0.2242792546749115
1.776468649330315e+18,-0.5900139212608337,-28.130399703979492,-0.0016962187364697456,0.010821018368005753,-0.17299625277519226,-0.1885482221841812,-0.045565467327833176,-0.039770811796188354
1.7764686493313152e+18,1.4715991020202637,-12.436042785644531,-0.0940297469496727,-0.019936200231313705,0.07308174669742584,-0.1885482221841812,-0.045565467327833176,0.08323480933904648
1.7764686493323154e+18,-1.3592724800109863,-25.258230209350586,-0.0016962187364697456,-0.0014818687923252583,-0.008944249711930752,-0.096238873898983,-0.045565467327833176,-0.13202503323554993
1.7764686493333156e+18,-0.1592291295528412,-1.4602506160736084,0.059859469532966614,-0.013784755952656269,0.032068751752376556,-0.03469931334257126,-0.10713662207126617,-0.13202503323554993
1.7764686493343158e+18,-3.0516414642333984,1.2067643404006958,-0.0016962187364697456,-0.013784755952656269,-0.13198325037956238,0.18068915605545044,-0.10713662207126617,-0.039770811796188354
1.776468649335316e+18,-4.128603458404541,29.928464889526367,0.1214151531457901,0.010821018368005753,-0.17299625277519226,-0.06546909362077713,-0.10713662207126617,0.05248340591788292
1.7764686493363162e+18,0.21001499891281128,-16.026256561279297,-0.18636327981948853,0.0354267954826355,-0.21400925517082214,0.27299851179122925,0.016005687415599823,-0.07052221894264221
1.7764686493373164e+18,-1.9746793508529663,-7.102013111114502,0.1214151531457901,-0.026087643578648567,0.07308174669742584,0.026840249076485634,-0.23027893900871277,-0.009019406512379646
1.7764686493383165e+18,-3.297804117202759,27.9794921875,0.15219299495220184,-0.013784755952656269,-0.04995724931359291,0.1191495954990387,-0.045565467327833176,0.11398621648550034
1.7764686493393167e+18,-4.282454967498779,19.670713424682617,0.1214151531457901,-0.026087643578648567,0.07308174669742584,0.057610031217336655,-0.10713662207126617,-0.009019406512379646
1.776468649340317e+18,-2.3746938705444336,8.387188911437988,-0.06325190514326096,0.010821018368005753,0.07308174669742584,-0.03469931334257126,-0.10713662207126617,0.05248340591788292
1.776468649341317e+18,-0.9284877181053162,-10.999958038330078,-0.15558543801307678,0.0354267954826355,-0.17299625277519226,0.2114589363336563,-0.10713662207126617,-0.009019406512379646
1.7764686493423173e+18,-1.2054208517074585,20.901643753051758,0.059859469532966614,-0.019936200231313705,-0.008944249711930752,0.057610031217336655,-0.16870778799057007,-0.10127362608909607
1.7764686493433175e+18,-1.4515835046768188,-2.3834481239318848,0.059859469532966614,0.023123906925320625,-0.17299625277519226,-0.06546909362077713,-0.045565467327833176,0.02173200063407421
1.7764686493443177e+18,-0.06691809743642807,18.234628677368164,0.15219299495220184,-0.007633312605321407,-0.0909702479839325,-0.003929531201720238,-0.10713662207126617,0.1447376310825348
1.776468649345318e+18,-3.7285890579223633,22.850616455078125,-0.03247406333684921,0.023123906925320625,-0.17299625277519226,0.08837981522083282,-0.10713662207126617,0.05248340591788292
1.776468649346318e+18,-1.9439090490341187,-4.537575721740723,0.09063731133937836,-0.019936200231313705,-0.17299625277519226,0.2114589363336563,-0.10713662207126617,-0.039770811796188354
1.7764686493473183e+18,-0.9900283813476562,25.20989990234375,0.1214151531457901,-0.013784755952656269,-0.13198325037956238,-0.06546909362077713,-0.045565467327833176,0.11398621648550034
1.7764686493483185e+18,-2.220842123031616,17.41400909423828,-0.03247406333684921,0.004669575020670891,-0.255022257566452,0.24222871661186218,-0.10713662207126617,0.1447376310825348
1.7764686493493187e+18,-3.2362635135650635,35.467647552490234,0.1214151531457901,0.010821018368005753,-0.21400925517082214,0.026840249076485634,-0.10713662207126617,0.17548903822898865
1.7764686493503188e+18,-5.7902021408081055,-3.6143782138824463,0.1214151531457901,-0.026087643578648567,0.1551077514886856,-0.15777844190597534,-0.045565467327833176,-0.009019406512379646
1.776468649351319e+18,0.11770396679639816,-3.1014907360076904,-0.06325190514326096,0.010821018368005753,-0.13198325037956238,0.1191495954990387,-0.045565467327833176,-0.039770811796188354
1.7764686493523192e+18,-1.1746504306793213,8.284611701965332,-0.06325190514326096,-0.013784755952656269,-0.04995724931359291,0.14991937577724457,-0.10713662207126617,-0.009019406512379646
1.7764686493533194e+18,2.2408576011657715,-6.589125633239746,-0.06325190514326096,-0.019936200231313705,0.11409474909305573,-0.12700866162776947,-0.10713662207126617,-0.009019406512379646
1.7764686493543196e+18,0.5177184343338013,-4.537575721740723,-0.21714112162590027,0.016972461715340614,-0.0909702479839325,-0.06546909362077713,-0.10713662207126617,-0.039770811796188354
1.7764686493553198e+18,-5.082484245300293,5.925329208374023,0.1829708367586136,-0.03839053213596344,0.07308174669742584,0.026840249076485634,-0.045565467327833176,-0.009019406512379646
1.77646864935632e+18,-5.144024848937988,23.466081619262695,-0.0016962187364697456,0.016972461715340614,-0.0909702479839325,0.14991937577724457,-0.10713662207126617,0.1447376310825348
1.7764686493573202e+18,0.4561777412891388,-5.0504631996154785,-0.06325190514326096,-0.019936200231313705,0.07308174669742584,-0.15777844190597534,-0.10713662207126617,-0.039770811796188354
1.7764686493583204e+18,0.24078534543514252,-20.026777267456055,-0.06325190514326096,0.029275350272655487,-0.17299625277519226,-0.03469931334257126,-0.045565467327833176,0.08323480933904648
1.7764686493593206e+18,-3.174722909927368,21.619686126708984,-0.03247406333684921,0.010821018368005753,0.07308174669742584,-0.12700866162776947,-0.045565467327833176,-0.25503066182136536
1.7764686493603208e+18,1.3485177755355835,2.9505817890167236,0.059859469532966614,-0.019936200231313705,0.27814674377441406,-0.28085756301879883,-0.045565467327833176,-0.07052221894264221
1.776468649361321e+18,-2.3746938705444336,13.41348648071289,-0.03247406333684921,0.010821018368005753,0.11409474909305573,-0.25008776783943176,-0.045565467327833176,-0.009019406512379646
1.7764686493623212e+18,-1.482353925704956,9.515542030334473,0.09063731133937836,-0.0014818687923252583,-0.2960352599620819,0.14991937577724457,-0.16870778799057007,-0.009019406512379646
1.7764686493633213e+18,-2.5593159198760986,38.955284118652344,-0.06325190514326096,-0.0014818687923252583,-0.04995724931359291,0.1191495954990387,-0.045565467327833176,-0.19352784752845764
1.7764686493643215e+18,-3.1131820678710938,13.516064643859863,0.02908162586390972,0.016972461715340614,-0.17299625277519226,0.24222871661186218,-0.10713662207126617,0.08323480933904648
1.7764686493653217e+18,-2.2823827266693115,-5.8710832595825195,-0.15558543801307678,0.010821018368005753,-0.0909702479839325,-0.03469931334257126,-0.045565467327833176,0.02173200063407421
1.776468649366322e+18,-5.174795150756836,6.951104164123535,-0.0016962187364697456,0.010821018368005753,-0.0909702479839325,-0.1885482221841812,-0.045565467327833176,-0.13202503323554993
1.776468649367322e+18,1.4100583791732788,-8.332942962646484,-0.12480759620666504,-0.026087643578648567,-0.0909702479839325,-0.12700866162776947,0.016005687415599823,-0.13202503323554993
1.7764686493683223e+18,0.4869481027126312,9.310386657714844,0.02908162586390972,0.023123906925320625,-0.21400925517082214,0.1191495954990387,-0.045565467327833176,-0.039770811796188354
1.7764686493693225e+18,-0.4977028965950012,-34.07989501953125,-0.0940297469496727,-0.007633312605321407,0.11409474909305573,-0.15777844190597534,-0.045565467327833176,0.17548903822898865
1.7764686493703227e+18,0.24078534543514252,17.82431983947754,0.059859469532966614,-0.019936200231313705,0.36017274856567383,-0.21931800246238708,-0.045565467327833176,-0.009019406512379646
1.776468649371323e+18,0.9792736172676086,-18.898426055908203,-0.06325190514326096,0.010821018368005753,-0.13198325037956238,0.18068915605545044,-0.10713662207126617,0.17548903822898865
1.776468649372323e+18,-0.3438511788845062,-38.490726470947266,0.02908162586390972,0.010821018368005753,-0.17299625277519226,-0.15777844190597534,-0.045565467327833176,-0.13202503323554993
1.7764686493733233e+18,-3.482426166534424,19.56813621520996,-0.0016962187364697456,-0.0014818687923252583,-0.008944249711930752,-0.25008776783943176,-0.10713662207126617,-0.10127362608909607
1.7764686493743235e+18,0.33309638500213623,-10.692225456237793,-0.0940297469496727,-0.019936200231313705,-0.04995724931359291,-0.096238873898983,-0.10713662207126617,-0.009019406512379646
1.7764686493753236e+18,-1.5131242275238037,12.695444107055664,-0.0016962187364697456,0.010821018368005753,-0.13198325037956238,-0.12700866162776947,-0.10713662207126617,-0.13202503323554993
1.776468649376324e+18,-2.5593159198760986,22.1325740814209,0.09063731133937836,0.004669575020670891,-0.13198325037956238,-0.15777844190597534,-0.045565467327833176,0.05248340591788292
1.7764686493773243e+18,-0.06691809743642807,-26.899471282958984,-0.03247406333684921,-0.007633312605321407,0.032068751752376556,-0.003929531201720238,0.016005687415599823,0.17548903822898865
1.7764686493783245e+18,1.7485321760177612,-10.897380828857422,0.1214151531457901,-0.03223908692598343,-0.21400925517082214,-0.03469931334257126,-0.10713662207126617,-0.009019406512379646
1.7764686493793247e+18,1.625450849533081,1.0016093254089355,-0.0016962187364697456,0.010821018368005753,-0.13198325037956238,-0.06546909362077713,-0.10713662207126617,0.11398621648550034
1.7764686493803249e+18,-2.620856523513794,1.1041868925094604,-0.12480759620666504,0.016972461715340614,-0.13198325037956238,-0.003929531201720238,-0.10713662207126617,-0.13202503323554993
1.776468649381325e+18,-2.0977606773376465,18.132051467895508,-0.0016962187364697456,0.004669575020670891,-0.255022257566452,-0.1885482221841812,-0.10713662207126617,0.11398621648550034
1.7764686493823252e+18,1.6562211513519287,-36.23402404785156,-0.03247406333684921,-0.007633312605321407,0.1961207538843155,-0.12700866162776947,-0.10713662207126617,0.11398621648550034
1.7764686493833254e+18,0.5484887957572937,25.312477111816406,-0.03247406333684921,-0.0014818687923252583,-0.008944249711930752,-0.12700866162776947,-0.045565467327833176,-0.13202503323554993
1.7764686493843256e+18,-2.4977753162384033,-1.357673168182373,0.21374869346618652,-0.03223908692598343,0.1551077514886856,-0.21931800246238708,-0.045565467327833176,0.08323480933904648
1.7764686493853258e+18,-2.2823827266693115,-3.7169556617736816,-0.15558543801307678,0.004669575020670891,-0.04995724931359291,-0.003929531201720238,-0.045565467327833176,0.08323480933904648
1.776468649386326e+18,-3.4208855628967285,14.336684226989746,-0.06325190514326096,-0.013784755952656269,0.31915974617004395,-0.096238873898983,-0.10713662207126617,-0.009019406512379646
1.7764686493873262e+18,1.3792880773544312,-21.668018341064453,-0.18636327981948853,0.04772968217730522,-0.21400925517082214,0.14991937577724457,-0.045565467327833176,-0.07052221894264221
1.7764686493883264e+18,-2.528545618057251,-16.128833770751953,-0.18636327981948853,0.023123906925320625,-0.17299625277519226,-0.06546909362077713,-0.10713662207126617,-0.2242792546749115
1.7764686493893266e+18,-3.943981409072876,10.84904956817627,0.059859469532966614,-0.026087643578648567,-0.13198325037956238,0.057610031217336655,-0.10713662207126617,-0.009019406512379646
1.7764686493903268e+18,-3.759359359741211,11.874824523925781,0.09063731133937836,0.0354267954826355,0.07308174669742584,-0.12700866162776947,-0.045565467327833176,-0.2242792546749115
1.776468649391327e+18,-2.9593303203582764,-0.33189812302589417,0.24452653527259827,-0.03839053213596344,0.1961207538843155,-0.1885482221841812,-0.10713662207126617,0.05248340591788292
1.7764686493923272e+18,-0.3130808472633362,14.541839599609375,0.1214151531457901,-0.026087643578648567,-0.0909702479839325,-0.03469931334257126,0.016005687415599823,-0.25503066182136536
1.7764686493933274e+18,-0.3438511788845062,-35.61855697631836,-0.0940297469496727,-0.0014818687923252583,-0.0909702479839325,-0.03469931334257126,-0.045565467327833176,-0.10127362608909607
1.7764686493943276e+18,0.3946370482444763,-34.38762664794922,0.02908162586390972,-0.007633312605321407,0.032068751752376556,0.14991937577724457,-0.045565467327833176,0.1447376310825348
1.7764686493953277e+18,-0.8977173566818237,-19.821622848510742,-0.03247406333684921,-0.0014818687923252583,0.1551077514886856,0.026840249076485634,-0.045565467327833176,0.2677432596683502
1.776468649396328e+18,-1.0515691041946411,-13.461817741394043,-0.18636327981948853,-0.019936200231313705,-0.0909702479839325,-0.03469931334257126,-0.045565467327833176,-0.10127362608909607
1.7764686493973281e+18,-0.4669325649738312,11.46451473236084,-0.06325190514326096,0.010821018368005753,-0.17299625277519226,-0.15777844190597534,-0.10713662207126617,-0.13202503323554993
1.7764686493983283e+18,1.2254363298416138,-8.43552017211914,-0.15558543801307678,-0.013784755952656269,0.1551077514886856,-0.12700866162776947,-0.045565467327833176,-0.16277644038200378
1.7764686493993285e+18,-1.9439090490341187,21.927419662475586,0.1829708367586136,-0.019936200231313705,-0.008944249711930752,-0.15777844190597534,0.016005687415599823,-0.039770811796188354
1.7764686494003287e+18,-1.297731876373291,-11.718000411987305,-0.15558543801307678,0.029275350272655487,-0.13198325037956238,-0.03469931334257126,-0.10713662207126617,0.05248340591788292
1.776468649401329e+18,-5.636350154876709,2.0273842811584473,0.24452653527259827,-0.03223908692598343,0.1961207538843155,-0.15777844190597534,-0.045565467327833176,-0.039770811796188354
1.776468649402329e+18,0.27155569195747375,-17.97522735595703,-0.0016962187364697456,0.010821018368005753,-0.17299625277519226,-0.25008776783943176,-0.045565467327833176,-0.13202503323554993
1.7764686494033293e+18,-0.7438656687736511,-10.897380828857422,0.1214151531457901,0.004669575020670891,-0.17299625277519226,-0.03469931334257126,-0.045565467327833176,-0.13202503323554993
1.7764686494043295e+18,-1.113109827041626,10.746471405029297,0.02908162586390972,-0.03223908692598343,0.31915974617004395,-0.1885482221841812,-0.045565467327833176,-0.13202503323554993
1.7764686494053297e+18,-1.5131242275238037,27.158872604370117,-0.12480759620666504,-0.0014818687923252583,0.07308174669742584,-0.15777844190597534,-0.10713662207126617,0.17548903822898865
1.7764686494063299e+18,-3.6055076122283936,1.0016093254089355,-0.06325190514326096,0.010821018368005753,-0.17299625277519226,0.14991937577724457,-0.10713662207126617,0.11398621648550034
1.77646864940733e+18,-0.4053918719291687,-40.1319694519043,-0.06325190514326096,-0.0014818687923252583,0.07308174669742584,-0.096238873898983,-0.045565467327833176,0.05248340591788292
1.7764686494083302e+18,-0.7130953073501587,-18.180383682250977,-0.0016962187364697456,-0.0014818687923252583,0.07308174669742584,0.057610031217336655,-0.10713662207126617,0.11398621648550034
1.7764686494093304e+18,-3.8824408054351807,25.82536506652832,0.15219299495220184,-0.03223908692598343,-0.04995724931359291,0.026840249076485634,-0.10713662207126617,-0.039770811796188354
1.7764686494103306e+18,-2.8670194149017334,22.029996871948242,-0.0940297469496727,-0.013784755952656269,0.1551077514886856,0.1191495954990387,-0.10713662207126617,-0.039770811796188354
1.7764686494113308e+18,-3.482426166534424,-8.948408126831055,-0.12480759620666504,-0.007633312605321407,0.07308174669742584,-0.1885482221841812,-0.045565467327833176,0.02173200063407421
1.776468649412331e+18,0.1484743058681488,-9.153563499450684,-0.15558543801307678,0.0354267954826355,-0.17299625277519226,0.2114589363336563,-0.10713662207126617,-0.07052221894264221
1.7764686494133312e+18,-5.605579853057861,-6.9994354248046875,-0.0940297469496727,-0.007633312605321407,0.07308174669742584,-0.21931800246238708,0.016005687415599823,-0.07052221894264221
1.7764686494143314e+18,-0.6823249459266663,-9.769027709960938,0.059859469532966614,-0.019936200231313705,-0.13198325037956238,0.057610031217336655,-0.045565467327833176,-0.07052221894264221
1.7764686494153316e+18,-3.4208855628967285,-11.307690620422363,-0.15558543801307678,0.004669575020670891,0.07308174669742584,-0.12700866162776947,-0.10713662207126617,0.05248340591788292
1.7764686494163318e+18,-1.8823683261871338,1.1041868925094604,0.1829708367586136,-0.0014818687923252583,-0.008944249711930752,-0.03469931334257126,-0.10713662207126617,-0.25503066182136536
1.776468649417332e+18,-4.282454967498779,16.18307876586914,0.02908162586390972,-0.019936200231313705,-0.04995724931359291,0.08837981522083282,0.016005687415599823,-0.16277644038200378
1.7764686494183322e+18,-1.0515691041946411,11.874824523925781,0.1214151531457901,-0.026087643578648567,-0.04995724931359291,0.1191495954990387,-0.10713662207126617,0.05248340591788292
1.7764686494193324e+18,-2.990100860595703,12.079978942871094,0.02908162586390972,-0.019936200231313705,-0.008944249711930752,0.08837981522083282,0.016005687415599823,-0.13202503323554993
1.7764686494203325e+18,-2.251612424850464,-13.769550323486328,-0.0940297469496727,0.016972461715340614,-0.17299625277519226,-0.1885482221841812,0.016005687415599823,0.02173200063407421
1.7764686494213327e+18,-2.1285312175750732,-11.307690620422363,-0.15558543801307678,0.004669575020670891,-0.0909702479839325,-0.06546909362077713,-0.10713662207126617,0.02173200063407421
1.776468649422333e+18,-3.574737310409546,9.515542030334473,-0.0016962187364697456,0.010821018368005753,-0.13198325037956238,-0.03469931334257126,-0.045565467327833176,0.05248340591788292
1.776468649423333e+18,-4.251684665679932,-0.22932063043117523,0.24452653527259827,-0.019936200231313705,0.1551077514886856,-0.15777844190597534,-0.045565467327833176,0.08323480933904648
1.7764686494243333e+18,0.4869481027126312,-3.6143782138824463,-0.21714112162590027,0.04157823696732521,-0.17299625277519226,0.1191495954990387,-0.10713662207126617,-0.07052221894264221
1.7764686494253335e+18,-1.4208132028579712,-15.821100234985352,-0.18636327981948853,0.010821018368005753,-0.21400925517082214,0.08837981522083282,-0.045565467327833176,-0.039770811796188354
1.7764686494263337e+18,-0.37462154030799866,6.951104164123535,0.09063731133937836,-0.026087643578648567,0.27814674377441406,-0.1885482221841812,-0.10713662207126617,-0.13202503323554993
1.776468649427334e+18,0.4869481027126312,-6.589125633239746,0.09063731133937836,-0.019936200231313705,-0.04995724931359291,-0.03469931334257126,-0.045565467327833176,0.05248340591788292
1.776468649428334e+18,-1.5131242275238037,3.053159475326538,0.02908162586390972,-0.026087643578648567,0.23713375627994537,-0.25008776783943176,-0.045565467327833176,0.08323480933904648
1.7764686494293343e+18,-1.0207988023757935,-5.973660469055176,0.02908162586390972,0.004669575020670891,-0.0909702479839325,-0.03469931334257126,-0.10713662207126617,-0.19352784752845764
1.7764686494303342e+18,0.4561777412891388,-16.641719818115234,-0.0940297469496727,-0.019936200231313705,-0.0909702479839325,0.057610031217336655,-0.10713662207126617,-0.19352784752845764
1.7764686494313344e+18,-3.0516414642333984,-11.615423202514648,-0.06325190514326096,-0.026087643578648567,-0.008944249711930752,0.057610031217336655,-0.045565467327833176,-0.19352784752845764
1.7764686494323343e+18,-1.3592724800109863,23.05577278137207,-0.0016962187364697456,-0.013784755952656269,0.032068751752376556,-0.25008776783943176,-0.045565467327833176,0.05248340591788292
1.7764686494333345e+18,-0.8054063320159912,5.207286834716797,-0.0016962187364697456,0.023123906925320625,-0.17299625277519226,-0.21931800246238708,-0.045565467327833176,-0.16277644038200378
1.7764686494343345e+18,-0.4669325649738312,17.41400909423828,0.09063731133937836,0.010821018368005753,-0.21400925517082214,-0.03469931334257126,-0.045565467327833176,0.05248340591788292
1.7764686494353347e+18,-2.9593303203582764,-6.6917033195495605,-0.0940297469496727,0.004669575020670891,-0.13198325037956238,-0.003929531201720238,-0.16870778799057007,0.1447376310825348
1.7764686494363346e+18,-0.4053918719291687,13.105753898620605,0.09063731133937836,-0.0014818687923252583,-0.13198325037956238,-0.06546909362077713,-0.10713662207126617,-0.19352784752845764
1.7764686494373348e+18,0.7331108450889587,-6.383970737457275,0.24452653527259827,-0.019936200231313705,0.1551077514886856,-0.096238873898983,-0.045565467327833176,0.17548903822898865
1.7764686494383347e+18,-0.18999947607517242,-21.77059555053711,-0.06325190514326096,-0.007633312605321407,-0.0909702479839325,0.14991937577724457,-0.045565467327833176,0.17548903822898865
1.776468649439335e+18,-0.5900139212608337,46.956329345703125,0.15219299495220184,-0.026087643578648567,-0.0909702479839325,0.057610031217336655,-0.045565467327833176,-0.07052221894264221
1.7764686494403348e+18,0.9485032558441162,-29.669063568115234,-0.247918963432312,0.04157823696732521,-0.255022257566452,0.14991937577724457,-0.045565467327833176,-0.07052221894264221
1.7764686494413348e+18,-1.6054352521896362,-17.872650146484375,-0.12480759620666504,0.023123906925320625,-0.17299625277519226,-0.06546909362077713,-0.045565467327833176,-0.10127362608909607
1.776468649442335e+18,-2.6516270637512207,19.875869750976562,0.09063731133937836,-0.03223908692598343,-0.13198325037956238,0.1191495954990387,-0.045565467327833176,-0.009019406512379646
1.776468649443335e+18,-1.0515691041946411,24.491857528686523,-0.03247406333684921,0.004669575020670891,-0.0909702479839325,-0.15777844190597534,0.016005687415599823,-0.19352784752845764
1.776468649444335e+18,-1.913138747215271,-26.69431495666504,-0.06325190514326096,-0.019936200231313705,-0.008944249711930752,0.026840249076485634,-0.10713662207126617,-0.13202503323554993
1.776468649445335e+18,-3.5131967067718506,17.20885467529297,0.09063731133937836,-0.03839053213596344,0.31915974617004395,-0.1885482221841812,-0.10713662207126617,-0.13202503323554993
1.7764686494463352e+18,0.056163281202316284,-16.949453353881836,-0.15558543801307678,0.029275350272655487,-0.17299625277519226,0.14991937577724457,-0.16870778799057007,0.05248340591788292
1.7764686494473352e+18,-0.03614775091409683,24.081546783447266,0.1214151531457901,-0.019936200231313705,-0.04995724931359291,-0.003929531201720238,-0.045565467327833176,0.11398621648550034
1.7764686494483354e+18,-3.1439523696899414,-9.461296081542969,-0.15558543801307678,0.016972461715340614,-0.17299625277519226,0.026840249076485634,-0.10713662207126617,0.11398621648550034
1.7764686494493353e+18,-2.1285312175750732,-20.334510803222656,-0.0940297469496727,-0.0014818687923252583,0.032068751752376556,0.026840249076485634,-0.10713662207126617,-0.10127362608909607
1.7764686494503355e+18,-2.0977606773376465,-19.103580474853516,-0.06325190514326096,-0.013784755952656269,0.11409474909305573,0.026840249076485634,-0.10713662207126617,0.2984946668148041
1.7764686494513354e+18,-2.1285312175750732,-10.48707103729248,-0.03247406333684921,0.004669575020670891,-0.17299625277519226,-0.06546909362077713,-0.045565467327833176,-0.009019406512379646
1.7764686494523356e+18,0.056163281202316284,4.2840895652771,-0.15558543801307678,0.0354267954826355,-0.17299625277519226,0.18068915605545044,-0.10713662207126617,0.02173200063407421
1.7764686494533356e+18,-2.9285600185394287,21.004220962524414,-0.03247406333684921,-0.007633312605321407,-0.008944249711930752,0.1191495954990387,-0.10713662207126617,-0.13202503323554993
1.7764686494543357e+18,0.08693362772464752,-21.257707595825195,-0.15558543801307678,0.0354267954826355,-0.008944249711930752,-0.12700866162776947,-0.045565467327833176,0.08323480933904648
1.7764686494553357e+18,0.3638667166233063,-26.899471282958984,-0.0940297469496727,-0.0014818687923252583,0.032068751752376556,-0.15777844190597534,-0.10713662207126617,-0.039770811796188354
1.776468649456336e+18,-4.313225746154785,10.84904956817627,-0.12480759620666504,-0.007633312605321407,0.1551077514886856,-0.003929531201720238,-0.16870778799057007,-0.039770811796188354
1.7764686494573358e+18,-4.805551052093506,9.618119239807129,-0.0940297469496727,-0.019936200231313705,-0.008944249711930752,0.14991937577724457,-0.045565467327833176,0.2062404304742813
1.776468649458336e+18,-3.636277914047241,22.74803924560547,0.09063731133937836,-0.019936200231313705,-0.04995724931359291,-0.003929531201720238,-0.045565467327833176,-0.13202503323554993
1.776468649459336e+18,-0.4669325649738312,-1.357673168182373,0.1214151531457901,-0.007633312605321407,-0.008944249711930752,-0.06546909362077713,-0.10713662207126617,-0.16277644038200378
1.776468649460336e+18,-1.2054208517074585,-15.205636024475098,0.09063731133937836,-0.03223908692598343,0.23713375627994537,-0.12700866162776947,-0.10713662207126617,0.11398621648550034
1.776468649461336e+18,2.210087299346924,-11.307690620422363,-0.18636327981948853,-0.007633312605321407,0.1551077514886856,-0.03469931334257126,-0.10713662207126617,-0.07052221894264221
1.7764686494623363e+18,2.087005853652954,-24.027299880981445,-0.0940297469496727,-0.013784755952656269,-0.008944249711930752,0.08837981522083282,-0.10713662207126617,-0.10127362608909607
1.7764686494633362e+18,-1.0515691041946411,-2.2808706760406494,-0.18636327981948853,0.016972461715340614,-0.17299625277519226,0.08837981522083282,-0.045565467327833176,-0.07052221894264221
1.7764686494643361e+18,-2.990100860595703,9.310386657714844,-0.06325190514326096,-0.0014818687923252583,-0.008944249711930752,0.18068915605545044,-0.16870778799057007,-0.07052221894264221
1.7764686494653363e+18,-0.7130953073501587,21.106800079345703,0.09063731133937836,-0.03223908692598343,0.31915974617004395,-0.21931800246238708,-0.045565467327833176,-0.13202503323554993
1.7764686494663363e+18,-0.2515401542186737,-31.105148315429688,-0.0940297469496727,-0.013784755952656269,0.07308174669742584,-0.25008776783943176,-0.10713662207126617,-0.13202503323554993
1.7764686494673364e+18,-0.005377406254410744,-41.670631408691406,-0.0940297469496727,-0.0014818687923252583,0.07308174669742584,-0.096238873898983,-0.10713662207126617,-0.07052221894264221
1.7764686494683364e+18,-0.37462154030799866,1.6170743703842163,-0.0940297469496727,-0.013784755952656269,-0.008944249711930752,0.08837981522083282,-0.10713662207126617,0.17548903822898865
1.7764686494693366e+18,-0.7438656687736511,9.002654075622559,0.059859469532966614,-0.019936200231313705,0.36017274856567383,-0.21931800246238708,-0.10713662207126617,-0.07052221894264221
1.7764686494703365e+18,-3.943981409072876,20.491334915161133,-0.03247406333684921,0.010821018368005753,-0.21400925517082214,0.026840249076485634,-0.045565467327833176,0.05248340591788292
1.7764686494713367e+18,-0.6823249459266663,-9.87160587310791,-0.06325190514326096,0.010821018368005753,0.1551077514886856,-0.21931800246238708,0.016005687415599823,-0.07052221894264221
1.7764686494723366e+18,-2.036220073699951,9.618119239807129,-0.21714112162590027,-0.013784755952656269,0.1551077514886856,-0.06546909362077713,-0.045565467327833176,-0.19352784752845764
1.7764686494733368e+18,-0.9592580795288086,-2.998913049697876,-0.12480759620666504,0.010821018368005753,-0.0909702479839325,0.1191495954990387,-0.10713662207126617,-0.039770811796188354
1.7764686494743368e+18,-4.805551052093506,31.36454963684082,0.1214151531457901,-0.013784755952656269,-0.04995724931359291,-0.25008776783943176,-0.045565467327833176,0.02173200063407421
1.776468649475337e+18,-3.1131820678710938,11.567091941833496,-0.03247406333684921,0.004669575020670891,-0.13198325037956238,-0.003929531201720238,0.016005687415599823,-0.10127362608909607
1.776468649476337e+18,-4.097833156585693,1.0016093254089355,0.27530437707901,-0.03223908692598343,0.07308174669742584,0.026840249076485634,-0.10713662207126617,-0.039770811796188354
1.776468649477337e+18,-1.8823683261871338,-27.514936447143555,-0.06325190514326096,-0.007633312605321407,0.11409474909305573,-0.1885482221841812,-0.10713662207126617,-0.16277644038200378
1.776468649478337e+18,0.7946515083312988,1.1041868925094604,-0.0016962187364697456,0.023123906925320625,-0.13198325037956238,-0.03469931334257126,-0.045565467327833176,-0.009019406512379646
1.7764686494793372e+18,0.056163281202316284,1.924806833267212,0.09063731133937836,-0.03839053213596344,0.36017274856567383,-0.21931800246238708,-0.045565467327833176,-0.009019406512379646
1.7764686494803372e+18,-2.3131532669067383,-9.87160587310791,-0.18636327981948853,0.016972461715340614,-0.13198325037956238,-0.06546909362077713,-0.045565467327833176,-0.13202503323554993
1.7764686494813373e+18,-2.2823827266693115,-13.666973114013672,-0.06325190514326096,-0.013784755952656269,0.11409474909305573,-0.1885482221841812,-0.10713662207126617,0.05248340591788292
1.7764686494823373e+18,-3.3285744190216064,14.84957218170166,-0.03247406333684921,0.004669575020670891,-0.13198325037956238,-0.15777844190597534,-0.045565467327833176,-0.16277644038200378
1.7764686494833375e+18,-3.4208855628967285,-9.358717918395996,-0.03247406333684921,0.010821018368005753,-0.255022257566452,-0.003929531201720238,-0.10713662207126617,0.1447376310825348
1.7764686494843374e+18,-3.6978187561035156,1.1041868925094604,0.059859469532966614,-0.026087643578648567,-0.0909702479839325,0.2114589363336563,-0.10713662207126617,-0.07052221894264221
1.7764686494853373e+18,-3.8208999633789062,24.389280319213867,0.09063731133937836,-0.03223908692598343,0.23713375627994537,-0.003929531201720238,-0.10713662207126617,-0.039770811796188354
1.7764686494863375e+18,0.8869625329971313,18.95267105102539,0.09063731133937836,-0.026087643578648567,-0.0909702479839325,-0.003929531201720238,0.016005687415599823,-0.10127362608909607
1.7764686494873375e+18,1.1023550033569336,1.7196518182754517,-0.0016962187364697456,0.010821018368005753,-0.04995724931359291,-0.21931800246238708,0.016005687415599823,-0.039770811796188354
1.7764686494883377e+18,-3.6978187561035156,-11.615423202514648,-0.12480759620666504,0.029275350272655487,-0.0909702479839325,-0.03469931334257126,-0.045565467327833176,-0.19352784752845764
1.7764686494893376e+18,-2.2823827266693115,10.64389419555664,0.27530437707901,-0.019936200231313705,0.1551077514886856,-0.21931800246238708,-0.10713662207126617,-0.009019406512379646
1.7764686494903378e+18,-0.43616223335266113,17.82431983947754,0.1214151531457901,-0.026087643578648567,-0.17299625277519226,0.057610031217336655,-0.16870778799057007,0.1447376310825348
1.7764686494913377e+18,-0.18999947607517242,-2.998913049697876,-0.21714112162590027,0.010821018368005753,-0.0909702479839325,0.08837981522083282,-0.045565467327833176,-0.009019406512379646
1.776468649492338e+18,-0.43616223335266113,2.0273842811584473,0.09063731133937836,-0.026087643578648567,-0.008944249711930752,-0.25008776783943176,-0.10713662207126617,0.05248340591788292
1.7764686494933379e+18,-5.390187740325928,33.82640838623047,0.059859469532966614,0.023123906925320625,-0.17299625277519226,-0.15777844190597534,-0.045565467327833176,-0.039770811796188354
1.776468649494338e+18,-3.9132111072540283,-13.564395904541016,-0.03247406333684921,-0.0014818687923252583,-0.008944249711930752,-0.03469931334257126,-0.045565467327833176,0.11398621648550034
1.776468649495338e+18,-0.5900139212608337,-20.23193359375,-0.12480759620666504,-0.007633312605321407,0.07308174669742584,-0.3116273581981659,-0.045565467327833176,-0.13202503323554993
1.7764686494963382e+18,0.9485032558441162,-23.30925750732422,-0.15558543801307678,-0.013784755952656269,-0.04995724931359291,0.057610031217336655,-0.10713662207126617,-0.13202503323554993
1.776468649497338e+18,0.8869625329971313,-13.154085159301758,-0.0940297469496727,-0.007633312605321407,-0.04995724931359291,0.1191495954990387,-0.10713662207126617,0.11398621648550034
1.7764686494983383e+18,-0.12845878303050995,31.159395217895508,-0.0016962187364697456,-0.013784755952656269,0.36017274856567383,-0.06546909362077713,-0.045565467327833176,-0.009019406512379646
1.7764686494993382e+18,-3.9132111072540283,5.002131938934326,-0.03247406333684921,0.004669575020670891,-0.21400925517082214,-0.003929531201720238,-0.045565467327833176,-0.039770811796188354
1.7764686495003384e+18,-1.5746649503707886,-23.411834716796875,-0.12480759620666504,0.029275350272655487,-0.17299625277519226,0.1191495954990387,-0.045565467327833176,-0.039770811796188354
1.7764686495013384e+18,0.42540740966796875,15.362459182739258,0.09063731133937836,-0.019936200231313705,-0.0909702479839325,0.1191495954990387,-0.10713662207126617,-0.16277644038200378
1.7764686495023386e+18,-3.297804117202759,18.02947425842285,0.09063731133937836,-0.007633312605321407,-0.008944249711930752,-0.25008776783943176,0.016005687415599823,-0.16277644038200378
1.7764686495033385e+18,-3.297804117202759,-3.1014907360076904,0.21374869346618652,-0.019936200231313705,0.1551077514886856,-0.15777844190597534,-0.10713662207126617,0.08323480933904648
1.7764686495043387e+18,-0.18999947607517242,-23.30925750732422,-0.12480759620666504,-0.007633312605321407,-0.008944249711930752,0.1191495954990387,-0.10713662207126617,0.08323480933904648
1.7764686495053386e+18,1.5639101266860962,-19.513891220092773,-0.0016962187364697456,0.010821018368005753,-0.21400925517082214,-0.096238873898983,0.016005687415599823,-0.13202503323554993
1.7764686495063386e+18,-1.2361911535263062,-20.53966522216797,-0.03247406333684921,-0.013784755952656269,0.11409474909305573,0.026840249076485634,-0.10713662207126617,0.17548903822898865
1.7764686495073388e+18,-2.7747082710266113,-6.6917033195495605,-0.0940297469496727,-0.007633312605321407,-0.008944249711930752,-0.096238873898983,-0.10713662207126617,0.02173200063407421
1.7764686495083387e+18,-3.451655864715576,17.82431983947754,-0.06325190514326096,-0.013784755952656269,-0.04995724931359291,0.14991937577724457,-0.10713662207126617,0.23699183762073517
1.776468649509339e+18,-4.405536651611328,8.07945728302002,-0.03247406333684921,-0.007633312605321407,-0.04995724931359291,0.08837981522083282,-0.10713662207126617,-0.25503066182136536
1.7764686495103388e+18,-3.943981409072876,10.951626777648926,-0.03247406333684921,0.010821018368005753,-0.255022257566452,0.36530783772468567,-0.10713662207126617,0.17548903822898865
1.776468649511339e+18,0.42540740966796875,-18.795848846435547,-0.15558543801307678,0.010821018368005753,0.032068751752376556,-0.15777844190597534,-0.10713662207126617,-0.009019406512379646
1.776468649512339e+18,-1.8515980243682861,-11.718000411987305,-0.0940297469496727,-0.019936200231313705,0.07308174669742584,-0.25008776783943176,-0.045565467327833176,-0.16277644038200378
1.7764686495133391e+18,1.1023550033569336,-19.206157684326172,-0.21714112162590027,0.04157823696732521,-0.21400925517082214,0.2114589363336563,-0.10713662207126617,-0.039770811796188354
1.776468649514339e+18,0.6407998204231262,29.21042251586914,0.1214151531457901,-0.013784755952656269,-0.0909702479839325,-0.03469931334257126,0.016005687415599823,-0.10127362608909607
1.7764686495153393e+18,-2.7439379692077637,27.466604232788086,0.059859469532966614,-0.026087643578648567,0.31915974617004395,-0.15777844190597534,-0.045565467327833176,-0.10127362608909607
1.7764686495163392e+18,-0.2515401542186737,25.107322692871094,-0.03247406333684921,-0.0014818687923252583,0.07308174669742584,-0.21931800246238708,-0.10713662207126617,0.1447376310825348
1.7764686495173394e+18,-2.0054497718811035,5.720174312591553,0.02908162586390972,0.010821018368005753,-0.13198325037956238,-0.06546909362077713,-0.045565467327833176,-0.19352784752845764
1.7764686495183393e+18,-3.482426166534424,-10.589648246765137,0.059859469532966614,-0.0014818687923252583,-0.0909702479839325,-0.003929531201720238,-0.045565467327833176,-0.07052221894264221
1.7764686495193395e+18,1.163895606994629,14.336684226989746,0.059859469532966614,0.004669575020670891,-0.13198325037956238,0.3037682771682739,-0.10713662207126617,-0.07052221894264221
1.7764686495203395e+18,-2.8670194149017334,17.619163513183594,-0.0016962187364697456,-0.04454197362065315,0.032068751752376556,0.1191495954990387,-0.10713662207126617,-0.009019406512379646
1.7764686495213396e+18,-0.9592580795288086,4.7969770431518555,0.15219299495220184,-0.03223908692598343,-0.04995724931359291,-0.25008776783943176,-0.045565467327833176,0.1447376310825348
1.7764686495223396e+18,-1.5131242275238037,10.84904956817627,0.09063731133937836,0.010821018368005753,-0.0909702479839325,-0.003929531201720238,-0.045565467327833176,0.05248340591788292
1.7764686495233398e+18,-5.605579853057861,-10.48707103729248,-0.15558543801307678,0.004669575020670891,0.11409474909305573,-0.12700866162776947,-0.045565467327833176,0.05248340591788292
1.7764686495243397e+18,-3.759359359741211,11.156782150268555,-0.0016962187364697456,0.016972461715340614,-0.17299625277519226,-0.096238873898983,-0.10713662207126617,0.1447376310825348
1.77646864952534e+18,-4.897861957550049,-15.000480651855469,-0.12480759620666504,-0.013784755952656269,0.1551077514886856,-0.096238873898983,-0.045565467327833176,-0.009019406512379646
1.7764686495263398e+18,-0.5284732580184937,-19.411314010620117,-0.06325190514326096,-0.026087643578648567,0.1961207538843155,-0.25008776783943176,0.016005687415599823,-0.13202503323554993
1.7764686495273398e+18,0.5792590975761414,-42.286094665527344,-0.12480759620666504,-0.007633312605321407,-0.008944249711930752,0.08837981522083282,-0.10713662207126617,0.02173200063407421
1.77646864952834e+18,-5.144024848937988,-11.102535247802734,-0.12480759620666504,0.004669575020670891,-0.04995724931359291,-0.096238873898983,-0.045565467327833176,-0.039770811796188354
1.77646864952934e+18,-3.6978187561035156,3.6686244010925293,0.09063731133937836,-0.013784755952656269,-0.17299625277519226,-0.003929531201720238,0.016005687415599823,-0.07052221894264221
1.77646864953034e+18,2.087005853652954,-9.153563499450684,0.09063731133937836,-0.007633312605321407,-0.008944249711930752,-0.003929531201720238,0.016005687415599823,0.05248340591788292
1.7764686495313403e+18,-3.943981409072876,8.182034492492676,-0.06325190514326096,0.004669575020670891,-0.13198325037956238,0.14991937577724457,-0.10713662207126617,0.17548903822898865
1.7764686495323405e+18,-3.451655864715576,15.157304763793945,-0.03247406333684921,-0.007633312605321407,0.11409474909305573,-0.28085756301879883,-0.045565467327833176,0.02173200063407421
1.7764686495333404e+18,-4.590158462524414,28.59495735168457,0.059859469532966614,-0.019936200231313705,-0.008944249711930752,-0.03469931334257126,-0.10713662207126617,-0.16277644038200378
1.7764686495343406e+18,-3.390115261077881,2.232539415359497,-0.06325190514326096,0.010821018368005753,0.032068751752376556,-0.06546909362077713,-0.045565467327833176,0.11398621648550034
1.7764686495353408e+18,-2.2823827266693115,11.46451473236084,-0.06325190514326096,0.023123906925320625,-0.17299625277519226,0.2114589363336563,-0.10713662207126617,-0.039770811796188354
1.7764686495363407e+18,0.7946515083312988,-7.922633171081543,0.24452653527259827,-0.019936200231313705,-0.0909702479839325,-0.06546909362077713,-0.10713662207126617,-0.07052221894264221
1.776468649537341e+18,-1.8208277225494385,-4.2298431396484375,0.02908162586390972,-0.019936200231313705,-0.04995724931359291,0.026840249076485634,-0.16870778799057007,-0.009019406512379646
1.776468649538341e+18,-0.4977028965950012,-4.845308303833008,0.09063731133937836,-0.026087643578648567,-0.008944249711930752,-0.15777844190597534,-0.10713662207126617,0.11398621648550034
1.776468649539341e+18,-0.8054063320159912,-12.436042785644531,-0.0016962187364697456,-0.026087643578648567,-0.13198325037956238,-0.03469931334257126,0.016005687415599823,-0.10127362608909607
1.7764686495403412e+18,-4.128603458404541,22.1325740814209,-0.0016962187364697456,0.023123906925320625,-0.17299625277519226,-0.1885482221841812,-0.10713662207126617,-0.13202503323554993
1.7764686495413414e+18,0.6100294589996338,30.338773727416992,0.09063731133937836,0.004669575020670891,-0.0909702479839325,-0.06546909362077713,-0.10713662207126617,0.1447376310825348
1.7764686495423414e+18,-1.7900573015213013,-8.743252754211426,-0.12480759620666504,0.010821018368005753,-0.008944249711930752,0.1191495954990387,-0.10713662207126617,-0.009019406512379646
1.7764686495433416e+18,-0.09768843650817871,-8.332942962646484,-0.0940297469496727,0.010821018368005753,0.032068751752376556,0.08837981522083282,-0.10713662207126617,0.02173200063407421
1.7764686495443418e+18,-1.8515980243682861,17.311431884765625,0.02908162586390972,-0.0014818687923252583,-0.255022257566452,0.08837981522083282,-0.10713662207126617,0.05248340591788292
1.7764686495453417e+18,0.7946515083312988,-30.489683151245117,-0.12480759620666504,-0.0014818687923252583,-0.008944249711930752,-0.25008776783943176,-0.16870778799057007,-0.13202503323554993
1.776468649546342e+18,-1.3900429010391235,-21.46286392211914,-0.03247406333684921,-0.007633312605321407,0.11409474909305573,-0.12700866162776947,-0.045565467327833176,-0.009019406512379646
1.776468649547342e+18,-1.9439090490341187,-6.07623815536499,0.059859469532966614,-0.019936200231313705,-0.0909702479839325,0.14991937577724457,-0.10713662207126617,0.11398621648550034
1.776468649548342e+18,-0.7438656687736511,-7.512322902679443,-0.18636327981948853,0.004669575020670891,-0.17299625277519226,-0.03469931334257126,0.016005687415599823,-0.19352784752845764
1.7764686495493422e+18,1.5023694038391113,-3.4092230796813965,0.059859469532966614,-0.019936200231313705,0.31915974617004395,-0.21931800246238708,-0.10713662207126617,0.17548903822898865
1.7764686495503424e+18,-3.759359359741211,20.286178588867188,-0.06325190514326096,-0.007633312605321407,-0.04995724931359291,-0.003929531201720238,-0.045565467327833176,-0.2242792546749115
1.7764686495513423e+18,-3.267033815383911,22.74803924560547,0.15219299495220184,0.010821018368005753,-0.13198325037956238,0.057610031217336655,-0.045565467327833176,0.17548903822898865
1.7764686495523425e+18,0.6100294589996338,8.387188911437988,0.059859469532966614,-0.019936200231313705,0.032068751752376556,-0.1885482221841812,0.016005687415599823,-0.16277644038200378
1.7764686495533427e+18,-1.2361911535263062,45.2125129699707,0.1214151531457901,-0.013784755952656269,-0.04995724931359291,0.026840249076485634,-0.10713662207126617,-0.19352784752845764
1.7764686495543427e+18,0.4561777412891388,-23.92472267150879,-0.12480759620666504,-0.019936200231313705,0.07308174669742584,-0.25008776783943176,-0.10713662207126617,0.05248340591788292
1.7764686495553428e+18,0.11770396679639816,-34.900516510009766,-0.12480759620666504,-0.007633312605321407,-0.04995724931359291,0.08837981522083282,-0.045565467327833176,-0.10127362608909607
1.776468649556343e+18,-0.6207842826843262,19.97844696044922,0.1214151531457901,-0.013784755952656269,-0.04995724931359291,-0.096238873898983,0.016005687415599823,-0.16277644038200378
1.776468649557343e+18,-1.9746793508529663,-6.178815841674805,-0.03247406333684921,-0.0014818687923252583,-0.21400925517082214,-0.03469931334257126,-0.045565467327833176,-0.13202503323554993
1.7764686495583432e+18,-0.06691809743642807,-37.87526321411133,-0.0940297469496727,-0.013784755952656269,0.032068751752376556,-0.28085756301879883,0.016005687415599823,-0.19352784752845764
1.7764686495593434e+18,-3.943981409072876,-24.23245620727539,-0.03247406333684921,-0.019936200231313705,0.1961207538843155,-0.03469931334257126,-0.045565467327833176,-0.009019406512379646
1.7764686495603433e+18,-0.9284877181053162,2.4376943111419678,0.09063731133937836,0.016972461715340614,-0.21400925517082214,0.27299851179122925,-0.045565467327833176,0.08323480933904648
1.7764686495613435e+18,-3.851670265197754,10.438739776611328,-0.03247406333684921,0.016972461715340614,-0.17299625277519226,-0.12700866162776947,-0.045565467327833176,-0.13202503323554993
1.7764686495623437e+18,0.42540740966796875,-36.746910095214844,-0.03247406333684921,-0.007633312605321407,0.07308174669742584,0.057610031217336655,-0.10713662207126617,0.1447376310825348
1.7764686495633436e+18,-0.6207842826843262,-6.9994354248046875,-0.0016962187364697456,-0.013784755952656269,0.032068751752376556,-0.06546909362077713,-0.10713662207126617,-0.039770811796188354
1.7764686495643438e+18,-0.37462154030799866,-22.69379234313965,-0.03247406333684921,0.004669575020670891,-0.2960352599620819,0.3037682771682739,-0.10713662207126617,0.08323480933904648
1.776468649565344e+18,0.33309638500213623,-15.308213233947754,-0.18636327981948853,0.010821018368005753,-0.21400925517082214,0.1191495954990387,-0.10713662207126617,-0.16277644038200378
1.776468649566344e+18,-2.8670194149017334,-14.385015487670898,-0.15558543801307678,0.010821018368005753,-0.13198325037956238,-0.06546909362077713,-0.045565467327833176,0.05248340591788292
1.776468649567344e+18,-1.728516697883606,-4.2298431396484375,-0.03247406333684921,-0.013784755952656269,-0.008944249711930752,0.08837981522083282,-0.045565467327833176,-0.13202503323554993
1.7764686495683443e+18,-2.343923568725586,2.1299619674682617,-0.06325190514326096,-0.013784755952656269,-0.008944249711930752,0.1191495954990387,-0.045565467327833176,-0.10127362608909607
1.7764686495693443e+18,-1.3592724800109863,-4.947885513305664,-0.06325190514326096,-0.019936200231313705,-0.17299625277519226,0.057610031217336655,-0.10713662207126617,-0.039770811796188354
1.7764686495703444e+18,0.17924465239048004,4.386666774749756,0.02908162586390972,-0.019936200231313705,0.27814674377441406,-0.1885482221841812,-0.045565467327833176,-0.16277644038200378
1.7764686495713446e+18,-1.6054352521896362,10.2335844039917,0.02908162586390972,-0.03223908692598343,0.032068751752376556,0.18068915605545044,-0.10713662207126617,-0.039770811796188354
1.7764686495723446e+18,-3.174722909927368,14.541839599609375,0.09063731133937836,0.023123906925320625,-0.13198325037956238,-0.1885482221841812,-0.10713662207126617,0.08323480933904648
1.7764686495733448e+18,-2.436234474182129,-7.512322902679443,-0.18636327981948853,0.023123906925320625,-0.17299625277519226,-0.003929531201720238,-0.10713662207126617,0.11398621648550034
1.776468649574345e+18,-1.543894648551941,7.361414432525635,-0.06325190514326096,-0.0014818687923252583,-0.255022257566452,0.3037682771682739,-0.16870778799057007,0.11398621648550034
1.776468649575345e+18,-3.8208999633789062,25.004743576049805,0.02908162586390972,-0.026087643578648567,0.1961207538843155,-0.1885482221841812,-0.10713662207126617,-0.07052221894264221
1.776468649576345e+18,-2.343923568725586,-11.820578575134277,-0.12480759620666504,-0.007633312605321407,-0.0909702479839325,0.14991937577724457,-0.045565467327833176,-0.16277644038200378
1.7764686495773453e+18,-0.12845878303050995,-8.64067554473877,-0.15558543801307678,0.023123906925320625,-0.17299625277519226,-0.003929531201720238,-0.10713662207126617,0.05248340591788292
1.7764686495783452e+18,1.7485321760177612,23.05577278137207,0.1214151531457901,-0.026087643578648567,-0.04995724931359291,0.14991937577724457,-0.10713662207126617,-0.13202503323554993
1.7764686495793454e+18,1.2562066316604614,-13.154085159301758,-0.03247406333684921,-0.026087643578648567,0.23713375627994537,-0.25008776783943176,-0.045565467327833176,-0.009019406512379646
1.7764686495803456e+18,-5.082484245300293,28.28722381591797,0.09063731133937836,-0.019936200231313705,-0.0909702479839325,0.1191495954990387,-0.045565467327833176,-0.16277644038200378
1.7764686495813455e+18,0.7946515083312988,-10.384492874145508,0.02908162586390972,-0.019936200231313705,-0.17299625277519226,0.1191495954990387,-0.045565467327833176,-0.039770811796188354
1.7764686495823457e+18,-0.5592436194419861,-20.026777267456055,-0.12480759620666504,-0.007633312605321407,0.11409474909305573,-0.1885482221841812,-0.045565467327833176,-0.16277644038200378
1.776468649583346e+18,-4.436306953430176,-7.409745693206787,0.24452653527259827,-0.03223908692598343,0.1551077514886856,-0.003929531201720238,-0.10713662207126617,-0.07052221894264221
1.7764686495843459e+18,-4.620928764343262,6.027906894683838,-0.0016962187364697456,0.010821018368005753,-0.13198325037956238,-0.25008776783943176,-0.16870778799057007,-0.10127362608909607
1.776468649585346e+18,0.4869481027126312,-33.15669631958008,-0.03247406333684921,-0.0014818687923252583,-0.17299625277519226,0.18068915605545044,-0.10713662207126617,-0.07052221894264221
1.7764686495863462e+18,0.025392938405275345,-45.978885650634766,-0.03247406333684921,-0.0014818687923252583,0.07308174669742584,-0.3116273581981659,-0.045565467327833176,-0.07052221894264221
1.7764686495873462e+18,0.7331108450889587,-9.461296081542969,0.02908162586390972,-0.0014818687923252583,-0.04995724931359291,-0.003929531201720238,-0.10713662207126617,-0.07052221894264221
1.7764686495883464e+18,1.5639101266860962,35.467647552490234,-0.0016962187364697456,0.010821018368005753,-0.0909702479839325,-0.06546909362077713,-0.10713662207126617,0.08323480933904648
1.7764686495893466e+18,-0.9284877181053162,0.38614436984062195,0.059859469532966614,-0.007633312605321407,-0.008944249711930752,-0.06546909362077713,0.016005687415599823,-0.16277644038200378
1.7764686495903465e+18,-0.8977173566818237,13.41348648071289,-0.18636327981948853,-0.0014818687923252583,-0.0909702479839325,0.18068915605545044,-0.045565467327833176,0.1447376310825348
1.7764686495913467e+18,0.11770396679639816,-10.999958038330078,-0.06325190514326096,-0.0014818687923252583,0.032068751752376556,0.057610031217336655,-0.10713662207126617,-0.039770811796188354
1.776468649592347e+18,0.4869481027126312,19.260404586791992,0.059859469532966614,-0.007633312605321407,-0.008944249711930752,-0.03469931334257126,-0.045565467327833176,-0.13202503323554993
1.776468649593347e+18,-0.09768843650817871,4.2840895652771,-0.03247406333684921,0.010821018368005753,-0.21400925517082214,0.24222871661186218,-0.10713662207126617,-0.009019406512379646
1.776468649594347e+18,-3.667048215866089,-4.024688243865967,-0.03247406333684921,0.004669575020670891,-0.0909702479839325,-0.096238873898983,-0.10713662207126617,0.08323480933904648
1.7764686495953472e+18,-1.0515691041946411,-18.898426055908203,-0.12480759620666504,0.0354267954826355,-0.21400925517082214,0.1191495954990387,-0.045565467327833176,-0.07052221894264221
1.7764686495963474e+18,-1.543894648551941,-12.128310203552246,-0.12480759620666504,-0.013784755952656269,0.07308174669742584,-0.28085756301879883,-0.045565467327833176,-0.07052221894264221
1.7764686495973473e+18,-2.528545618057251,25.20989990234375,-0.0016962187364697456,0.010821018368005753,-0.04995724931359291,-0.06546909362077713,-0.10713662207126617,0.02173200063407421
1.7764686495983475e+18,-0.6207842826843262,-17.97522735595703,-0.0940297469496727,-0.013784755952656269,-0.04995724931359291,0.1191495954990387,-0.045565467327833176,0.05248340591788292
1.7764686495993477e+18,-6.220986843109131,9.207809448242188,0.1214151531457901,-0.03839053213596344,-0.21400925517082214,0.18068915605545044,-0.10713662207126617,-0.07052221894264221
1.7764686496003476e+18,-3.667048215866089,-12.333465576171875,-0.12480759620666504,-0.007633312605321407,0.11409474909305573,-0.1885482221841812,-0.045565467327833176,0.17548903822898865
1.7764686496013478e+18,-3.8824408054351807,12.079978942871094,0.09063731133937836,-0.026087643578648567,-0.0909702479839325,0.2114589363336563,-0.10713662207126617,-0.07052221894264221
1.776468649602348e+18,-3.636277914047241,2.1299619674682617,-0.0940297469496727,0.010821018368005753,0.032068751752376556,-0.12700866162776947,-0.045565467327833176,-0.009019406512379646
1.776468649603348e+18,1.0715845823287964,-9.050985336303711,-0.0016962187364697456,0.016972461715340614,-0.13198325037956238,-0.003929531201720238,-0.10713662207126617,0.11398621648550034
1.7764686496043482e+18,-0.18999947607517242,-19.308734893798828,-0.03247406333684921,0.004669575020670891,-0.2960352599620819,0.1191495954990387,-0.045565467327833176,-0.16277644038200378
1.7764686496053484e+18,-2.2823827266693115,-12.436042785644531,0.02908162586390972,-0.026087643578648567,0.11409474909305573,-0.12700866162776947,-0.10713662207126617,0.17548903822898865
1.7764686496063483e+18,0.8561922311782837,-29.976795196533203,-0.0016962187364697456,-0.0014818687923252583,0.07308174669742584,-0.12700866162776947,-0.10713662207126617,0.11398621648550034
1.7764686496073485e+18,1.7177618741989136,-25.668540954589844,-0.0016962187364697456,0.010821018368005753,-0.04995724931359291,0.24222871661186218,-0.10713662207126617,0.1447376310825348
1.7764686496083487e+18,-1.113109827041626,-19.61646842956543,-0.03247406333684921,0.010821018368005753,-0.008944249711930752,-0.12700866162776947,-0.045565467327833176,-0.13202503323554993
1.7764686496093486e+18,-4.313225746154785,25.004743576049805,-0.03247406333684921,0.010821018368005753,-0.21400925517082214,0.24222871661186218,-0.045565467327833176,0.2062404304742813
1.7764686496103488e+18,-4.067062854766846,13.516064643859863,-0.0016962187364697456,0.004669575020670891,-0.21400925517082214,-0.15777844190597534,-0.10713662207126617,-0.10127362608909607
1.776468649611349e+18,-2.528545618057251,6.335639476776123,-0.0016962187364697456,0.023123906925320625,-0.13198325037956238,0.026840249076485634,-0.10713662207126617,0.02173200063407421
1.776468649612349e+18,-2.4054641723632812,16.79854393005371,-0.0016962187364697456,0.023123906925320625,-0.17299625277519226,0.1191495954990387,-0.045565467327833176,0.17548903822898865
1.776468649613349e+18,-2.5900862216949463,14.23410701751709,0.24452653527259827,-0.03223908692598343,0.1551077514886856,-0.12700866162776947,-0.045565467327833176,-0.039770811796188354
1.7764686496143493e+18,-4.313225746154785,14.439261436462402,0.09063731133937836,-0.019936200231313705,-0.255022257566452,0.14991937577724457,-0.10713662207126617,-0.07052221894264221
1.7764686496153492e+18,-0.5900139212608337,2.4376943111419678,0.1214151531457901,-0.026087643578648567,0.27814674377441406,-0.21931800246238708,-0.045565467327833176,-0.16277644038200378
1.7764686496163494e+18,-5.6978912353515625,-8.64067554473877,-0.12480759620666504,-0.013784755952656269,0.11409474909305573,0.27299851179122925,-0.10713662207126617,-0.10127362608909607
1.7764686496173496e+18,-2.220842123031616,-0.6396306157112122,0.1829708367586136,-0.03223908692598343,0.1961207538843155,-0.15777844190597534,0.016005687415599823,-0.009019406512379646
1.7764686496183496e+18,-1.8208277225494385,-38.59330749511719,-0.0016962187364697456,-0.013784755952656269,0.07308174669742584,-0.06546909362077713,-0.10713662207126617,0.1447376310825348
1.7764686496193498e+18,-4.497847557067871,-28.130399703979492,-0.12480759620666504,0.016972461715340614,-0.13198325037956238,-0.096238873898983,-0.10713662207126617,-0.19352784752845764
1.77646864962035e+18,-1.9746793508529663,15.362459182739258,0.09063731133937836,0.016972461715340614,-0.17299625277519226,0.026840249076485634,-0.045565467327833176,0.17548903822898865
1.77646864962135e+18,-0.4669325649738312,1.0016093254089355,0.02908162586390972,0.010821018368005753,-0.0909702479839325,-0.03469931334257126,-0.045565467327833176,-0.2242792546749115
1.77646864962235e+18,0.08693362772464752,-15.513367652893066,-0.0940297469496727,-0.03223908692598343,0.07308174669742584,-0.12700866162776947,-0.10713662207126617,0.02173200063407421
1.7764686496233503e+18,-1.8515980243682861,24.389280319213867,0.1214151531457901,-0.013784755952656269,0.032068751752376556,-0.06546909362077713,-0.10713662207126617,-0.16277644038200378
1.7764686496243502e+18,-3.082411766052246,-9.666450500488281,0.059859469532966614,-0.03223908692598343,0.1551077514886856,-0.15777844190597534,-0.10713662207126617,0.08323480933904648
1.7764686496253504e+18,-3.0516414642333984,-10.281915664672852,-0.15558543801307678,0.023123906925320625,-0.13198325037956238,-0.06546909362077713,-0.045565467327833176,-0.19352784752845764
1.7764686496263506e+18,-1.1746504306793213,-15.308213233947754,-0.21714112162590027,0.023123906925320625,-0.17299625277519226,0.026840249076485634,0.016005687415599823,-0.13202503323554993
1.7764686496273505e+18,-1.8515980243682861,-17.257184982299805,-0.15558543801307678,0.029275350272655487,-0.17299625277519226,-0.03469931334257126,-0.10713662207126617,0.08323480933904648
1.7764686496283507e+18,-1.4208132028579712,-6.178815841674805,-0.03247406333684921,-0.0014818687923252583,0.1551077514886856,-0.15777844190597534,-0.10713662207126617,-0.07052221894264221
1.776468649629351e+18,-2.251612424850464,-8.332942962646484,-0.03247406333684921,0.010821018368005753,0.1551077514886856,-0.25008776783943176,-0.045565467327833176,-0.19352784752845764
1.7764686496303508e+18,-0.5284732580184937,-38.28557205200195,-0.06325190514326096,-0.013784755952656269,-0.008944249711930752,0.057610031217336655,-0.10713662207126617,-0.009019406512379646
1.7764686496313508e+18,0.42540740966796875,23.36350440979004,0.02908162586390972,0.023123906925320625,-0.17299625277519226,-0.06546909362077713,-0.045565467327833176,0.05248340591788292
1.776468649632351e+18,-0.8361766934394836,19.05525016784668,0.09063731133937836,-0.026087643578648567,-0.17299625277519226,0.14991937577724457,-0.10713662207126617,0.05248340591788292
1.776468649633351e+18,-4.897861957550049,-8.332942962646484,-0.12480759620666504,0.010821018368005753,-0.04995724931359291,-0.03469931334257126,-0.045565467327833176,0.1447376310825348
1.7764686496343508e+18,-1.666975975036621,-12.64119815826416,-0.18636327981948853,0.023123906925320625,-0.21400925517082214,0.14991937577724457,-0.10713662207126617,-0.039770811796188354
1.7764686496353508e+18,-2.4670050144195557,9.002654075622559,-0.03247406333684921,0.016972461715340614,0.07308174669742584,-0.1885482221841812,-0.045565467327833176,-0.009019406512379646
1.776468649636351e+18,-2.1285312175750732,-16.744298934936523,-0.12480759620666504,0.023123906925320625,-0.04995724931359291,-0.06546909362077713,-0.10713662207126617,0.11398621648550034
1.776468649637351e+18,-2.0054497718811035,10.02842903137207,0.059859469532966614,-0.026087643578648567,-0.17299625277519226,0.24222871661186218,-0.10713662207126617,-0.039770811796188354
1.7764686496383508e+18,-2.713167667388916,26.953716278076172,0.059859469532966614,0.023123906925320625,-0.21400925517082214,-0.06546909362077713,-0.045565467327833176,0.08323480933904648
1.776468649639351e+18,-3.5439670085906982,19.05525016784668,-0.0016962187364697456,0.010821018368005753,0.27814674377441406,-0.1885482221841812,-0.10713662207126617,-0.07052221894264221
1.776468649640351e+18,-0.7438656687736511,27.056293487548828,0.1829708367586136,-0.013784755952656269,-0.04995724931359291,-0.003929531201720238,-0.045565467327833176,-0.16277644038200378
1.776468649641351e+18,-3.390115261077881,2.8480043411254883,-0.03247406333684921,0.004669575020670891,0.032068751752376556,-0.25008776783943176,-0.10713662207126617,-0.07052221894264221
1.776468649642351e+18,-1.113109827041626,-0.024165624752640724,-0.06325190514326096,0.010821018368005753,-0.13198325037956238,0.24222871661186218,-0.10713662207126617,0.08323480933904648
1.776468649643351e+18,-1.0515691041946411,-19.821622848510742,-0.15558543801307678,-0.0014818687923252583,0.032068751752376556,-0.06546909362077713,-0.10713662207126617,0.05248340591788292
1.776468649644351e+18,-1.2361911535263062,-13.359240531921387,-0.0016962187364697456,-0.019936200231313705,0.27814674377441406,-0.1885482221841812,-0.10713662207126617,0.17548903822898865
1.776468649645351e+18,0.1484743058681488,-31.207725524902344,-0.06325190514326096,-0.0014818687923252583,0.032068751752376556,0.026840249076485634,-0.10713662207126617,-0.10127362608909607
1.776468649646351e+18,-3.667048215866089,10.2335844039917,-0.06325190514326096,-0.007633312605321407,-0.04995724931359291,0.08837981522083282,-0.10713662207126617,-0.13202503323554993
1.776468649647351e+18,-3.082411766052246,-8.64067554473877,0.09063731133937836,-0.03839053213596344,0.07308174669742584,-0.06546909362077713,-0.10713662207126617,-0.07052221894264221
1.776468649648351e+18,-2.159301519393921,24.389280319213867,0.1214151531457901,0.004669575020670891,-0.17299625277519226,-0.096238873898983,-0.045565467327833176,-0.009019406512379646
1.7764686496493512e+18,-4.559388160705566,12.285134315490723,-0.0940297469496727,-0.013784755952656269,0.07308174669742584,-0.1885482221841812,-0.045565467327833176,0.11398621648550034
1.776468649650351e+18,-3.2362635135650635,26.645984649658203,0.1214151531457901,-0.0014818687923252583,-0.0909702479839325,-0.06546909362077713,-0.10713662207126617,0.05248340591788292
1.776468649651351e+18,-0.6823249459266663,-15.000480651855469,-0.06325190514326096,0.023123906925320625,-0.17299625277519226,-0.03469931334257126,-0.10713662207126617,0.08323480933904648
1.7764686496523512e+18,-2.1900718212127686,26.851139068603516,0.09063731133937836,-0.03223908692598343,0.31915974617004395,-0.21931800246238708,-0.045565467327833176,-0.13202503323554993
1.7764686496533512e+18,-0.005377406254410744,-18.693269729614258,-0.15558543801307678,0.023123906925320625,-0.0909702479839325,-0.003929531201720238,-0.10713662207126617,0.05248340591788292
1.776468649654351e+18,-3.8208999633789062,5.412441730499268,-0.0016962187364697456,-0.0014818687923252583,-0.255022257566452,0.14991937577724457,-0.10713662207126617,0.08323480933904648
1.776468649655351e+18,-3.7901296615600586,14.952149391174316,0.059859469532966614,-0.026087643578648567,0.23713375627994537,-0.21931800246238708,-0.045565467327833176,-0.07052221894264221
1.7764686496563512e+18,-0.5592436194419861,7.874301910400391,0.02908162586390972,-0.013784755952656269,-0.21400925517082214,0.1191495954990387,-0.10713662207126617,-0.07052221894264221
1.7764686496573512e+18,-2.713167667388916,15.362459182739258,-0.0016962187364697456,0.023123906925320625,-0.21400925517082214,-0.1885482221841812,-0.045565467327833176,-0.13202503323554993
1.776468649658351e+18,1.9331542253494263,10.438739776611328,0.059859469532966614,-0.007633312605321407,-0.17299625277519226,0.27299851179122925,-0.045565467327833176,-0.009019406512379646
1.7764686496593513e+18,-0.8361766934394836,-14.692748069763184,-0.0940297469496727,0.029275350272655487,-0.2960352599620819,0.026840249076485634,0.016005687415599823,-0.13202503323554993
1.7764686496603512e+18,-4.959402561187744,-0.8447856307029724,-0.0940297469496727,-0.013784755952656269,0.23713375627994537,-0.096238873898983,-0.045565467327833176,-0.039770811796188354
1.7764686496613512e+18,0.5484887957572937,-10.076760292053223,0.1214151531457901,-0.019936200231313705,0.1551077514886856,-0.21931800246238708,-0.045565467327833176,-0.039770811796188354
1.7764686496623514e+18,0.3638667166233063,-19.103580474853516,-0.0016962187364697456,-0.007633312605321407,-0.008944249711930752,-0.25008776783943176,-0.10713662207126617,-0.16277644038200378
1.7764686496633513e+18,-0.8669470548629761,-3.204068183898926,-0.06325190514326096,-0.026087643578648567,-0.17299625277519226,0.18068915605545044,-0.10713662207126617,-0.07052221894264221
1.7764686496643512e+18,-1.1746504306793213,-22.38606071472168,-0.03247406333684921,-0.013784755952656269,0.1961207538843155,-0.03469931334257126,-0.10713662207126617,0.08323480933904648
1.7764686496653512e+18,-2.8670194149017334,-11.205113410949707,-0.0940297469496727,-0.0014818687923252583,0.07308174669742584,-0.1885482221841812,-0.10713662207126617,-0.16277644038200378
1.7764686496663514e+18,-0.3438511788845062,-33.56700897216797,-0.0940297469496727,-0.013784755952656269,0.07308174669742584,-0.06546909362077713,-0.10713662207126617,-0.16277644038200378
1.7764686496673513e+18,-4.805551052093506,-8.948408126831055,-0.12480759620666504,0.004669575020670891,0.11409474909305573,-0.12700866162776947,-0.10713662207126617,-0.009019406512379646
1.7764686496683512e+18,-3.8824408054351807,-9.974183082580566,-0.0016962187364697456,0.010821018368005753,-0.008944249711930752,-0.1885482221841812,-0.045565467327833176,-0.10127362608909607
1.7764686496693514e+18,0.3638667166233063,-44.440223693847656,-0.03247406333684921,-0.0014818687923252583,0.07308174669742584,-0.25008776783943176,0.016005687415599823,-0.07052221894264221
1.7764686496703514e+18,-2.436234474182129,-8.845830917358398,-0.0940297469496727,-0.013784755952656269,-0.255022257566452,0.18068915605545044,-0.045565467327833176,-0.10127362608909607
1.7764686496713513e+18,-2.2823827266693115,-9.050985336303711,-0.0940297469496727,0.010821018368005753,-0.21400925517082214,-0.003929531201720238,-0.045565467327833176,-0.07052221894264221
1.7764686496723512e+18,0.8561922311782837,-33.77216339111328,-0.0016962187364697456,0.010821018368005753,-0.21400925517082214,-0.25008776783943176,0.016005687415599823,-0.009019406512379646
1.7764686496733514e+18,-3.020871162414551,13.00317668914795,-0.0016962187364697456,-0.03223908692598343,0.032068751752376556,0.14991937577724457,-0.045565467327833176,-0.039770811796188354
1.7764686496743514e+18,-4.00552225112915,11.874824523925781,0.02908162586390972,-0.03839053213596344,-0.17299625277519226,0.1191495954990387,-0.10713662207126617,0.02173200063407421
1.7764686496753513e+18,-1.8208277225494385,-21.052553176879883,0.02908162586390972,0.004669575020670891,0.11409474909305573,-0.1885482221841812,-0.045565467327833176,-0.19352784752845764
1.7764686496763515e+18,-2.0054497718811035,-10.179338455200195,-0.0016962187364697456,-0.0014818687923252583,0.1551077514886856,-0.21931800246238708,0.016005687415599823,-0.19352784752845764
1.7764686496773514e+18,-2.1900718212127686,24.389280319213867,0.15219299495220184,-0.03223908692598343,-0.0909702479839325,-0.003929531201720238,-0.045565467327833176,0.08323480933904648
1.7764686496783514e+18,1.9639246463775635,14.131529808044434,0.059859469532966614,0.016972461715340614,-0.17299625277519226,0.3037682771682739,-0.045565467327833176,-0.039770811796188354
1.7764686496793516e+18,-0.005377406254410744,-12.128310203552246,0.15219299495220184,-0.007633312605321407,-0.0909702479839325,-0.003929531201720238,-0.10713662207126617,-0.2242792546749115
1.7764686496803515e+18,-1.8515980243682861,-20.026777267456055,-0.06325190514326096,0.010821018368005753,-0.17299625277519226,-0.096238873898983,-0.045565467327833176,-0.07052221894264221
1.7764686496813514e+18,-1.4515835046768188,-44.54280090332031,-0.06325190514326096,-0.007633312605321407,-0.04995724931359291,0.14991937577724457,-0.045565467327833176,-0.19352784752845764
1.7764686496823514e+18,-1.0207988023757935,-2.69118070602417,0.24452653527259827,-0.026087643578648567,0.1961207538843155,-0.15777844190597534,-0.16870778799057007,0.08323480933904648
1.7764686496833516e+18,-0.3130808472633362,-19.308734893798828,-0.03247406333684921,-0.007633312605321407,0.1551077514886856,-0.096238873898983,-0.045565467327833176,0.17548903822898865
1.7764686496843515e+18,-2.6823973655700684,2.1299619674682617,0.27530437707901,-0.026087643578648567,0.11409474909305573,-0.096238873898983,-0.045565467327833176,0.11398621648550034
1.7764686496853514e+18,0.11770396679639816,33.82640838623047,0.059859469532966614,-0.019936200231313705,-0.04995724931359291,-0.003929531201720238,-0.045565467327833176,0.08323480933904648
1.7764686496863516e+18,-1.6362056732177734,-1.049940586090088,0.27530437707901,-0.019936200231313705,0.1551077514886856,-0.12700866162776947,-0.045565467327833176,-0.009019406512379646
1.7764686496873516e+18,-2.066990375518799,3.258314371109009,-0.0940297469496727,0.016972461715340614,-0.17299625277519226,-0.06546909362077713,-0.10713662207126617,-0.19352784752845764
1.7764686496883515e+18,1.2254363298416138,-11.923155784606934,-0.12480759620666504,0.016972461715340614,-0.17299625277519226,0.18068915605545044,-0.10713662207126617,-0.009019406512379646
1.7764686496893517e+18,-3.667048215866089,11.054203987121582,0.1214151531457901,-0.026087643578648567,0.1961207538843155,-0.1885482221841812,-0.045565467327833176,0.11398621648550034
1.7764686496903516e+18,-3.7901296615600586,8.592344284057617,-0.03247406333684921,-0.007633312605321407,-0.008944249711930752,0.14991937577724457,-0.10713662207126617,-0.10127362608909607
1.7764686496913516e+18,-1.4208132028579712,6.233061790466309,-0.12480759620666504,-0.03223908692598343,-0.0909702479839325,-0.03469931334257126,-0.045565467327833176,0.17548903822898865
1.7764686496923515e+18,-2.7439379692077637,14.746994018554688,-0.03247406333684921,-0.013784755952656269,0.36017274856567383,-0.21931800246238708,-0.045565467327833176,-0.07052221894264221
1.7764686496933517e+18,-2.1900718212127686,-1.870560646057129,0.24452653527259827,-0.03223908692598343,0.1551077514886856,-0.12700866162776947,-0.10713662207126617,-0.009019406512379646
1.7764686496943516e+18,-0.18999947607517242,17.003700256347656,0.02908162586390972,0.023123906925320625,-0.17299625277519226,-0.06546909362077713,-0.045565467327833176,0.08323480933904648
1.7764686496953516e+18,1.1331253051757812,-11.512845993041992,-0.0940297469496727,0.023123906925320625,-0.13198325037956238,0.08837981522083282,-0.045565467327833176,0.02173200063407421
1.7764686496963517e+18,3.0101163387298584,-9.87160587310791,-0.12480759620666504,0.04157823696732521,-0.255022257566452,0.18068915605545044,-0.045565467327833176,-0.039770811796188354
1.7764686496973517e+18,0.17924465239048004,-9.563873291015625,-0.06325190514326096,-0.013784755952656269,-0.04995724931359291,-0.06546909362077713,-0.045565467327833176,0.05248340591788292
1.7764686496983516e+18,-3.759359359741211,17.516586303710938,0.09063731133937836,-0.019936200231313705,0.23713375627994537,-0.25008776783943176,-0.045565467327833176,-0.19352784752845764
1.7764686496993516e+18,-5.328646659851074,-4.2298431396484375,0.059859469532966614,-0.019936200231313705,0.1551077514886856,-0.12700866162776947,-0.10713662207126617,0.05248340591788292
1.7764686497003517e+18,0.7638812065124512,-18.282960891723633,-0.06325190514326096,0.004669575020670891,-0.04995724931359291,0.3037682771682739,-0.10713662207126617,0.17548903822898865
1.7764686497013517e+18,-5.020943641662598,17.20885467529297,-0.0016962187364697456,0.010821018368005753,-0.17299625277519226,-0.003929531201720238,-0.045565467327833176,0.08323480933904648
1.7764686497023516e+18,-0.2515401542186737,-25.15565299987793,-0.12480759620666504,-0.013784755952656269,0.1961207538843155,-0.1885482221841812,-0.10713662207126617,0.08323480933904648
1.7764686497033518e+18,-2.436234474182129,10.131007194519043,-0.03247406333684921,0.004669575020670891,-0.255022257566452,-0.003929531201720238,-0.10713662207126617,0.11398621648550034
1.7764686497043517e+18,-2.343923568725586,8.284611701965332,0.24452653527259827,-0.03223908692598343,0.07308174669742584,0.057610031217336655,-0.16870778799057007,-0.009019406512379646
1.7764686497053517e+18,-1.8515980243682861,-8.64067554473877,-0.12480759620666504,-0.007633312605321407,0.07308174669742584,-0.1885482221841812,-0.045565467327833176,0.05248340591788292
1.7764686497063519e+18,-0.5900139212608337,-12.333465576171875,-0.06325190514326096,0.029275350272655487,-0.0909702479839325,-0.096238873898983,-0.045565467327833176,0.08323480933904648
1.7764686497073518e+18,-2.7439379692077637,-1.870560646057129,-0.03247406333684921,-0.026087643578648567,-0.0909702479839325,-0.003929531201720238,0.016005687415599823,-0.19352784752845764
1.7764686497083517e+18,-2.436234474182129,-27.104625701904297,-0.06325190514326096,-0.013784755952656269,-0.008944249711930752,0.08837981522083282,-0.045565467327833176,-0.10127362608909607
1.7764686497093517e+18,-4.405536651611328,-2.3834481239318848,-0.12480759620666504,-0.013784755952656269,0.07308174669742584,-0.06546909362077713,-0.045565467327833176,-0.16277644038200378
1.776468649710352e+18,-0.9900283813476562,3.258314371109009,-0.06325190514326096,0.004669575020670891,0.07308174669742584,-0.06546909362077713,-0.10713662207126617,0.08323480933904648
1.7764686497113518e+18,0.1484743058681488,-5.8710832595825195,-0.03247406333684921,-0.0014818687923252583,0.1551077514886856,-0.28085756301879883,-0.045565467327833176,-0.19352784752845764
1.7764686497123517e+18,-1.6054352521896362,-12.538620948791504,-0.12480759620666504,-0.007633312605321407,0.07308174669742584,-0.1885482221841812,-0.045565467327833176,-0.19352784752845764
1.776468649713352e+18,-3.574737310409546,9.002654075622559,0.059859469532966614,-0.019936200231313705,0.23713375627994537,-0.1885482221841812,-0.045565467327833176,-0.13202503323554993
1.7764686497143519e+18,-4.959402561187744,23.876392364501953,-0.03247406333684921,0.010821018368005753,0.11409474909305573,-0.15777844190597534,-0.045565467327833176,-0.16277644038200378
1.7764686497153518e+18,-2.528545618057251,-10.692225456237793,-0.0940297469496727,-0.013784755952656269,0.27814674377441406,-0.12700866162776947,-0.10713662207126617,-0.009019406512379646
1.776468649716352e+18,-4.651699542999268,-13.769550323486328,0.1829708367586136,-0.03223908692598343,0.07308174669742584,0.14991937577724457,-0.045565467327833176,-0.039770811796188354
1.776468649717352e+18,-2.3131532669067383,-6.6917033195495605,-0.21714112162590027,-0.007633312605321407,0.11409474909305573,-0.1885482221841812,-0.10713662207126617,0.2062404304742813
1.776468649718352e+18,-1.113109827041626,25.20989990234375,0.1214151531457901,-0.0014818687923252583,-0.0909702479839325,-0.06546909362077713,0.016005687415599823,-0.009019406512379646
1.7764686497193518e+18,0.6715701818466187,0.7964543700218201,0.059859469532966614,-0.026087643578648567,-0.0909702479839325,0.2114589363336563,-0.045565467327833176,-0.16277644038200378
1.776468649720352e+18,-1.1438801288604736,3.7712018489837646,-0.0016962187364697456,-0.013784755952656269,-0.04995724931359291,0.1191495954990387,-0.10713662207126617,0.2984946668148041
1.776468649721352e+18,-4.436306953430176,35.877960205078125,0.09063731133937836,0.010821018368005753,-0.13198325037956238,-0.12700866162776947,-0.16870778799057007,0.05248340591788292
1.7764686497223519e+18,-2.7747082710266113,2.4376943111419678,-0.03247406333684921,0.004669575020670891,-0.008944249711930752,-0.1885482221841812,0.016005687415599823,-0.19352784752845764
1.776468649723352e+18,0.7638812065124512,15.157304763793945,-0.12480759620666504,0.010821018368005753,0.1551077514886856,-0.12700866162776947,-0.10713662207126617,0.02173200063407421
1.776468649724352e+18,-1.0823394060134888,-24.335033416748047,-0.0940297469496727,-0.026087643578648567,0.1551077514886856,-0.1885482221841812,-0.045565467327833176,0.11398621648550034
1.776468649725352e+18,-3.8208999633789062,-24.027299880981445,-0.0016962187364697456,0.010821018368005753,-0.04995724931359291,-0.06546909362077713,0.016005687415599823,-0.07052221894264221
1.7764686497263521e+18,-0.28231048583984375,19.670713424682617,0.09063731133937836,0.004669575020670891,-0.17299625277519226,0.3037682771682739,-0.10713662207126617,0.11398621648550034
1.776468649727352e+18,-1.482353925704956,-15.821100234985352,-0.0940297469496727,-0.0014818687923252583,-0.0909702479839325,0.14991937577724457,-0.16870778799057007,0.05248340591788292
1.776468649728352e+18,-1.8823683261871338,-9.666450500488281,-0.12480759620666504,-0.0014818687923252583,0.032068751752376556,-0.28085756301879883,-0.045565467327833176,-0.16277644038200378
1.7764686497293522e+18,-2.5593159198760986,2.3351168632507324,-0.03247406333684921,-0.0014818687923252583,-0.008944249711930752,-0.003929531201720238,-0.045565467327833176,0.11398621648550034
1.776468649730352e+18,-1.2669614553451538,36.90373611450195,0.02908162586390972,-0.007633312605321407,-0.008944249711930752,-0.28085756301879883,0.016005687415599823,0.1447376310825348
1.776468649731352e+18,-1.2669614553451538,10.746471405029297,-0.03247406333684921,-0.013784755952656269,0.23713375627994537,0.1191495954990387,-0.10713662207126617,-0.009019406512379646
1.7764686497323523e+18,-3.759359359741211,-0.024165624752640724,-0.12480759620666504,-0.013784755952656269,0.1961207538843155,-0.15777844190597534,-0.045565467327833176,0.02173200063407421
1.7764686497333522e+18,-1.8208277225494385,38.955284118652344,0.059859469532966614,0.023123906925320625,-0.17299625277519226,0.026840249076485634,-0.10713662207126617,0.17548903822898865
1.7764686497343521e+18,-4.00552225112915,20.901643753051758,0.059859469532966614,-0.019936200231313705,0.31915974617004395,-0.25008776783943176,-0.045565467327833176,-0.13202503323554993
1.776468649735352e+18,-1.666975975036621,16.490812301635742,0.1214151531457901,0.004669575020670891,0.032068751752376556,-0.25008776783943176,-0.045565467327833176,0.02173200063407421
1.7764686497363523e+18,0.4561777412891388,17.106277465820312,0.1214151531457901,-0.019936200231313705,-0.008944249711930752,-0.03469931334257126,-0.045565467327833176,-0.13202503323554993
1.7764686497373522e+18,1.8408432006835938,-31.207725524902344,-0.12480759620666504,-0.013784755952656269,-0.04995724931359291,0.026840249076485634,-0.10713662207126617,-0.13202503323554993
1.776468649738352e+18,-1.2054208517074585,-18.282960891723633,0.09063731133937836,-0.019936200231313705,-0.008944249711930752,-0.003929531201720238,-0.10713662207126617,-0.13202503323554993
1.7764686497393523e+18,-1.728516697883606,-5.768505573272705,-0.0016962187364697456,0.004669575020670891,0.1551077514886856,-0.1885482221841812,-0.10713662207126617,-0.10127362608909607
1.7764686497403523e+18,2.302398443222046,-24.335033416748047,-0.0940297469496727,0.029275350272655487,-0.255022257566452,0.2114589363336563,-0.10713662207126617,-0.07052221894264221
1.7764686497413522e+18,-0.7746359705924988,30.954238891601562,0.15219299495220184,-0.026087643578648567,-0.008944249711930752,0.1191495954990387,-0.10713662207126617,-0.10127362608909607
1.7764686497423521e+18,-0.8361766934394836,-24.745342254638672,-0.0016962187364697456,0.004669575020670891,-0.21400925517082214,-0.03469931334257126,-0.10713662207126617,-0.16277644038200378
1.7764686497433523e+18,-1.3592724800109863,-10.384492874145508,-0.21714112162590027,0.0354267954826355,0.032068751752376556,-0.06546909362077713,-0.045565467327833176,0.02173200063407421
1.7764686497443523e+18,-3.174722909927368,21.414531707763672,0.059859469532966614,0.010821018368005753,-0.21400925517082214,0.24222871661186218,-0.10713662207126617,0.11398621648550034
1.7764686497453522e+18,3.163968086242676,-16.23141098022461,-0.0940297469496727,-0.013784755952656269,-0.21400925517082214,0.18068915605545044,-0.10713662207126617,-0.039770811796188354
1.7764686497463524e+18,-1.2361911535263062,-22.180906295776367,0.02908162586390972,-0.0014818687923252583,0.07308174669742584,0.1191495954990387,-0.16870778799057007,-0.10127362608909607
1.7764686497473523e+18,1.2869770526885986,14.23410701751709,0.02908162586390972,-0.03223908692598343,0.11409474909305573,-0.1885482221841812,-0.10713662207126617,0.17548903822898865
1.7764686497483523e+18,-4.9286322593688965,2.8480043411254883,-0.06325190514326096,-0.0014818687923252583,0.1961207538843155,-0.1885482221841812,0.016005687415599823,-0.19352784752845764
1.7764686497493522e+18,-3.636277914047241,8.694921493530273,0.15219299495220184,-0.019936200231313705,-0.04995724931359291,0.18068915605545044,-0.045565467327833176,-0.07052221894264221
1.7764686497503524e+18,-1.728516697883606,24.389280319213867,0.1214151531457901,-0.03223908692598343,-0.008944249711930752,0.1191495954990387,-0.10713662207126617,-0.13202503323554993
1.7764686497513523e+18,-4.3747663497924805,-5.46077299118042,-0.0940297469496727,0.023123906925320625,-0.13198325037956238,-0.06546909362077713,-0.10713662207126617,-0.009019406512379646
1.7764686497523523e+18,-2.7439379692077637,2.6428494453430176,-0.06325190514326096,0.010821018368005753,-0.21400925517082214,-0.21931800246238708,-0.10713662207126617,-0.13202503323554993
1.7764686497533524e+18,-4.528617858886719,-19.308734893798828,-0.03247406333684921,-0.019936200231313705,-0.008944249711930752,0.08837981522083282,-0.10713662207126617,0.08323480933904648
1.7764686497543524e+18,-1.543894648551941,-17.35976219177246,-0.12480759620666504,-0.013784755952656269,-0.008944249711930752,0.14991937577724457,-0.045565467327833176,-0.13202503323554993
1.7764686497553523e+18,-0.43616223335266113,-7.409745693206787,-0.03247406333684921,0.004669575020670891,-0.21400925517082214,-0.1885482221841812,-0.045565467327833176,-0.13202503323554993
1.7764686497563523e+18,-2.4670050144195557,-6.589125633239746,0.02908162586390972,0.010821018368005753,-0.13198325037956238,-0.096238873898983,-0.10713662207126617,0.17548903822898865
1.7764686497573524e+18,-0.8054063320159912,13.208332061767578,0.059859469532966614,-0.026087643578648567,-0.008944249711930752,0.1191495954990387,-0.10713662207126617,0.23699183762073517
1.7764686497583524e+18,-2.990100860595703,-24.437610626220703,-0.06325190514326096,-0.007633312605321407,-0.04995724931359291,0.1191495954990387,-0.16870778799057007,-0.19352784752845764
1.7764686497593523e+18,-4.3747663497924805,-8.230365753173828,0.09063731133937836,-0.019936200231313705,-0.0909702479839325,0.057610031217336655,-0.045565467327833176,-0.19352784752845764
1.7764686497603525e+18,0.11770396679639816,-13.769550323486328,-0.247918963432312,0.0354267954826355,-0.04995724931359291,0.026840249076485634,-0.045565467327833176,-0.009019406512379646
1.7764686497613524e+18,-0.8054063320159912,11.361936569213867,0.059859469532966614,0.016972461715340614,-0.21400925517082214,0.14991937577724457,-0.16870778799057007,-0.16277644038200378
1.7764686497623524e+18,-3.5131967067718506,20.18360137939453,-0.0016962187364697456,0.004669575020670891,0.11409474909305573,-0.25008776783943176,-0.045565467327833176,-0.13202503323554993
1.7764686497633526e+18,-1.666975975036621,7.771724224090576,-0.0940297469496727,-0.0014818687923252583,0.11409474909305573,-0.1885482221841812,-0.10713662207126617,0.17548903822898865
1.7764686497643525e+18,0.3023260235786438,-23.30925750732422,-0.06325190514326096,-0.026087643578648567,0.1551077514886856,-0.15777844190597534,0.016005687415599823,0.08323480933904648
1.7764686497653524e+18,1.440828800201416,-2.69118070602417,0.02908162586390972,-0.026087643578648567,0.1961207538843155,-0.06546909362077713,-0.16870778799057007,0.05248340591788292
1.7764686497663524e+18,-4.097833156585693,22.850616455078125,0.09063731133937836,-0.019936200231313705,-0.13198325037956238,0.18068915605545044,-0.10713662207126617,-0.039770811796188354
1.7764686497673526e+18,-0.28231048583984375,-10.48707103729248,-0.15558543801307678,0.04157823696732521,-0.21400925517082214,0.18068915605545044,-0.10713662207126617,-0.009019406512379646
1.7764686497683525e+18,-2.4054641723632812,21.20937728881836,-0.03247406333684921,-0.03839053213596344,0.1551077514886856,0.1191495954990387,-0.045565467327833176,-0.009019406512379646
1.7764686497693524e+18,-1.5746649503707886,5.822751998901367,0.1214151531457901,-0.03223908692598343,-0.0909702479839325,0.057610031217336655,-0.10713662207126617,-0.19352784752845764
1.7764686497703526e+18,-2.5900862216949463,-15.41079044342041,-0.06325190514326096,0.004669575020670891,0.1961207538843155,0.24222871661186218,-0.10713662207126617,-0.07052221894264221
1.7764686497713526e+18,-1.543894648551941,-6.589125633239746,-0.12480759620666504,0.023123906925320625,-0.13198325037956238,-0.096238873898983,-0.16870778799057007,-0.2242792546749115
1.7764686497723525e+18,-1.666975975036621,5.309864521026611,-0.12480759620666504,-0.007633312605321407,0.07308174669742584,0.39607763290405273,-0.10713662207126617,-0.10127362608909607
1.7764686497733524e+18,1.3177473545074463,13.823797225952148,0.059859469532966614,-0.019936200231313705,-0.04995724931359291,0.08837981522083282,-0.045565467327833176,-0.13202503323554993
1.7764686497743526e+18,-1.0515691041946411,-20.437088012695312,-0.03247406333684921,-0.0014818687923252583,0.1551077514886856,-0.06546909362077713,-0.045565467327833176,0.1447376310825348
1.7764686497753526e+18,-3.267033815383911,-34.79793930053711,-0.06325190514326096,0.004669575020670891,0.11409474909305573,-0.21931800246238708,-0.10713662207126617,-0.16277644038200378
1.7764686497763525e+18,-0.8669470548629761,-18.488115310668945,-0.18636327981948853,0.0354267954826355,-0.255022257566452,0.08837981522083282,-0.045565467327833176,-0.10127362608909607
1.7764686497773527e+18,0.33309638500213623,-15.000480651855469,-0.0016962187364697456,-0.026087643578648567,-0.0909702479839325,-0.06546909362077713,-0.045565467327833176,-0.009019406512379646
1.7764686497783526e+18,-2.620856523513794,-14.385015487670898,-0.18636327981948853,0.004669575020670891,0.032068751752376556,-0.12700866162776947,-0.045565467327833176,0.08323480933904648
1.7764686497793526e+18,-1.913138747215271,7.5665693283081055,0.059859469532966614,-0.03839053213596344,0.31915974617004395,-0.12700866162776947,-0.045565467327833176,-0.16277644038200378
1.7764686497803525e+18,0.056163281202316284,8.592344284057617,-0.06325190514326096,-0.0014818687923252583,-0.17299625277519226,0.026840249076485634,-0.10713662207126617,-0.07052221894264221
1.7764686497813527e+18,-0.43616223335266113,-30.489683151245117,-0.0940297469496727,-0.007633312605321407,0.07308174669742584,-0.21931800246238708,-0.10713662207126617,-0.07052221894264221
1.7764686497823526e+18,-0.9900283813476562,-25.7711181640625,-0.0940297469496727,-0.026087643578648567,0.1961207538843155,-0.1885482221841812,-0.10713662207126617,0.08323480933904648
1.7764686497833526e+18,-0.28231048583984375,-23.719568252563477,-0.12480759620666504,-0.0014818687923252583,0.07308174669742584,-0.25008776783943176,0.016005687415599823,-0.13202503323554993
1.7764686497843528e+18,-3.205493211746216,17.20885467529297,0.1829708367586136,-0.019936200231313705,0.032068751752376556,-0.21931800246238708,-0.045565467327833176,-0.10127362608909607
1.7764686497853527e+18,-3.082411766052246,11.259359359741211,-0.03247406333684921,-0.007633312605321407,-0.04995724931359291,0.1191495954990387,0.016005687415599823,-0.16277644038200378
1.7764686497863526e+18,0.9792736172676086,13.823797225952148,0.059859469532966614,-0.019936200231313705,-0.008944249711930752,-0.003929531201720238,-0.045565467327833176,0.17548903822898865
1.7764686497873526e+18,-0.8669470548629761,-38.7984619140625,-0.12480759620666504,-0.013784755952656269,-0.04995724931359291,-0.003929531201720238,-0.10713662207126617,-0.07052221894264221
1.7764686497883528e+18,-2.7747082710266113,-15.000480651855469,0.24452653527259827,-0.03223908692598343,0.11409474909305573,-0.15777844190597534,-0.045565467327833176,0.05248340591788292
1.7764686497893527e+18,-3.390115261077881,6.7459492683410645,0.1214151531457901,-0.03223908692598343,0.23713375627994537,-0.21931800246238708,-0.045565467327833176,-0.16277644038200378
1.7764686497903526e+18,-2.620856523513794,16.080501556396484,-0.21714112162590027,-0.019936200231313705,-0.0909702479839325,-0.1885482221841812,-0.10713662207126617,-0.009019406512379646
1.7764686497913528e+18,-2.0977606773376465,-25.15565299987793,-0.03247406333684921,-0.007633312605321407,-0.008944249711930752,-0.28085756301879883,0.016005687415599823,-0.13202503323554993
1.7764686497923528e+18,-4.682469844818115,21.82484245300293,0.1214151531457901,-0.03839053213596344,0.23713375627994537,-0.1885482221841812,-0.10713662207126617,-0.13202503323554993
1.7764686497933527e+18,-3.020871162414551,20.081024169921875,0.09063731133937836,0.023123906925320625,-0.17299625277519226,-0.06546909362077713,-0.045565467327833176,0.02173200063407421
1.7764686497943526e+18,-1.297731876373291,-13.564395904541016,-0.12480759620666504,0.010821018368005753,-0.13198325037956238,0.18068915605545044,0.016005687415599823,-0.07052221894264221
1.7764686497953528e+18,-0.3130808472633362,10.541316986083984,-0.06325190514326096,0.016972461715340614,-0.17299625277519226,-0.06546909362077713,0.016005687415599823,0.02173200063407421
1.7764686497963528e+18,-3.020871162414551,-10.48707103729248,-0.06325190514326096,-0.007633312605321407,0.032068751752376556,-0.25008776783943176,-0.16870778799057007,-0.13202503323554993
1.7764686497973527e+18,-3.4208855628967285,-6.794280529022217,-0.12480759620666504,0.016972461715340614,-0.17299625277519226,0.14991937577724457,-0.045565467327833176,-0.16277644038200378
1.776468649798353e+18,-2.805478572845459,25.82536506652832,0.09063731133937836,-0.03839053213596344,0.31915974617004395,-0.096238873898983,-0.045565467327833176,-0.009019406512379646
1.7764686497993528e+18,-2.251612424850464,-0.22932063043117523,0.1829708367586136,-0.0014818687923252583,-0.13198325037956238,-0.003929531201720238,-0.045565467327833176,-0.19352784752845764
1.7764686498003528e+18,-0.06691809743642807,-3.4092230796813965,0.059859469532966614,-0.026087643578648567,-0.04995724931359291,0.1191495954990387,-0.045565467327833176,-0.16277644038200378
1.7764686498013527e+18,-3.1131820678710938,-8.538098335266113,-0.06325190514326096,0.004669575020670891,-0.13198325037956238,0.18068915605545044,-0.045565467327833176,-0.009019406512379646
1.776468649802353e+18,-4.682469844818115,5.002131938934326,-0.06325190514326096,-0.019936200231313705,-0.0909702479839325,0.14991937577724457,-0.10713662207126617,-0.039770811796188354
1.7764686498033528e+18,0.6715701818466187,-9.769027709960938,-0.15558543801307678,0.04772968217730522,-0.255022257566452,0.026840249076485634,-0.10713662207126617,-0.13202503323554993
1.7764686498043528e+18,-1.7900573015213013,-34.900516510009766,-0.15558543801307678,0.023123906925320625,-0.13198325037956238,-0.06546909362077713,-0.10713662207126617,0.11398621648550034
1.776468649805353e+18,-1.113109827041626,-13.564395904541016,-0.15558543801307678,0.029275350272655487,-0.17299625277519226,-0.06546909362077713,-0.045565467327833176,-0.13202503323554993
1.776468649806353e+18,-1.543894648551941,-30.18195152282715,-0.0016962187364697456,-0.013784755952656269,0.032068751752376556,0.08837981522083282,-0.10713662207126617,0.08323480933904648
1.7764686498073528e+18,-1.1438801288604736,-31.92576789855957,-0.12480759620666504,-0.007633312605321407,0.032068751752376556,0.057610031217336655,-0.045565467327833176,0.17548903822898865
1.776468649808353e+18,-0.37462154030799866,6.130484580993652,0.059859469532966614,-0.03223908692598343,0.31915974617004395,-0.1885482221841812,0.016005687415599823,-0.13202503323554993
1.776468649809353e+18,-0.28231048583984375,-31.720613479614258,0.09063731133937836,-0.026087643578648567,0.11409474909305573,-0.003929531201720238,-0.10713662207126617,-0.009019406512379646
1.776468649810353e+18,-3.1439523696899414,15.567614555358887,0.059859469532966614,0.004669575020670891,-0.13198325037956238,-0.1885482221841812,-0.045565467327833176,-0.13202503323554993
1.7764686498113528e+18,-2.4054641723632812,30.543930053710938,0.02908162586390972,0.004669575020670891,-0.17299625277519226,-0.06546909362077713,-0.045565467327833176,0.02173200063407421
1.776468649812353e+18,-3.1131820678710938,30.543930053710938,0.1214151531457901,0.016972461715340614,-0.17299625277519226,0.334538072347641,-0.10713662207126617,0.11398621648550034
1.776468649813353e+18,-0.03614775091409683,-17.257184982299805,-0.03247406333684921,-0.0014818687923252583,0.11409474909305573,-0.12700866162776947,0.016005687415599823,-0.13202503323554993
1.776468649814353e+18,0.3023260235786438,-7.922633171081543,0.09063731133937836,-0.026087643578648567,-0.008944249711930752,-0.03469931334257126,-0.16870778799057007,0.05248340591788292
1.776468649815353e+18,-1.7900573015213013,43.57126998901367,0.1214151531457901,-0.03223908692598343,-0.008944249711930752,0.057610031217336655,-0.10713662207126617,0.23699183762073517
1.776468649816353e+18,-4.8363213539123535,22.74803924560547,-0.03247406333684921,0.010821018368005753,-0.17299625277519226,-0.12700866162776947,-0.045565467327833176,-0.039770811796188354
1.776468649817353e+18,-3.4208855628967285,4.899554252624512,-0.0940297469496727,-0.013784755952656269,-0.008944249711930752,0.057610031217336655,-0.045565467327833176,0.17548903822898865
1.776468649818353e+18,-0.7438656687736511,10.131007194519043,0.059859469532966614,0.010821018368005753,-0.17299625277519226,0.3037682771682739,0.016005687415599823,0.05248340591788292
1.776468649819353e+18,-0.3130808472633362,-32.438655853271484,-0.0940297469496727,-0.019936200231313705,-0.04995724931359291,0.026840249076485634,-0.10713662207126617,-0.19352784752845764
1.776468649820353e+18,-0.4053918719291687,-18.488115310668945,-0.03247406333684921,-0.007633312605321407,-0.0909702479839325,0.1191495954990387,-0.045565467327833176,-0.10127362608909607
1.776468649821353e+18,0.3638667166233063,17.619163513183594,0.059859469532966614,0.010821018368005753,-0.255022257566452,0.08837981522083282,-0.10713662207126617,-0.10127362608909607
1.7764686498223532e+18,-1.6054352521896362,-24.23245620727539,-0.0940297469496727,-0.007633312605321407,0.07308174669742584,-0.03469931334257126,-0.10713662207126617,0.1447376310825348
1.776468649823353e+18,-1.1746504306793213,-3.1014907360076904,-0.12480759620666504,0.010821018368005753,-0.0909702479839325,0.026840249076485634,-0.045565467327833176,0.08323480933904648
1.776468649824353e+18,-3.267033815383911,7.463991641998291,-0.0940297469496727,-0.013784755952656269,-0.008944249711930752,0.057610031217336655,-0.10713662207126617,0.1447376310825348
1.776468649825353e+18,-0.9284877181053162,-1.870560646057129,-0.12480759620666504,-0.019936200231313705,0.1961207538843155,-0.096238873898983,-0.045565467327833176,-0.039770811796188354
1.7764686498263532e+18,-2.5593159198760986,2.6428494453430176,0.21374869346618652,0.010821018368005753,-0.255022257566452,0.057610031217336655,-0.045565467327833176,-0.10127362608909607
1.776468649827353e+18,-3.390115261077881,-20.84739875793457,-0.12480759620666504,-0.03223908692598343,0.1961207538843155,-0.1885482221841812,-0.045565467327833176,-0.039770811796188354
1.776468649828353e+18,-3.8824408054351807,6.540794372558594,-0.06325190514326096,-0.0014818687923252583,0.07308174669742584,0.057610031217336655,-0.10713662207126617,0.05248340591788292
1.7764686498293532e+18,-1.6362056732177734,-10.589648246765137,0.27530437707901,-0.026087643578648567,0.07308174669742584,-0.003929531201720238,-0.16870778799057007,-0.13202503323554993
1.7764686498303532e+18,0.1484743058681488,-0.024165624752640724,-0.15558543801307678,0.0354267954826355,-0.008944249711930752,-0.096238873898983,-0.045565467327833176,0.05248340591788292
1.776468649831353e+18,-1.5131242275238037,10.64389419555664,-0.21714112162590027,-0.0014818687923252583,0.07308174669742584,-0.15777844190597534,-0.045565467327833176,0.1447376310825348
1.776468649832353e+18,-1.2669614553451538,4.48924446105957,0.059859469532966614,-0.03223908692598343,0.23713375627994537,-0.1885482221841812,-0.045565467327833176,-0.13202503323554993
1.776468649833353e+18,-1.7592869997024536,-7.717478275299072,-0.12480759620666504,0.0354267954826355,-0.17299625277519226,-0.003929531201720238,-0.045565467327833176,-0.13202503323554993
1.776468649834353e+18,-2.6823973655700684,-25.053075790405273,-0.12480759620666504,-0.026087643578648567,0.11409474909305573,0.026840249076485634,-0.10713662207126617,-0.07052221894264221
1.776468649835353e+18,-0.9900283813476562,-4.742730617523193,-0.03247406333684921,-0.026087643578648567,-0.0909702479839325,-0.03469931334257126,-0.10713662207126617,-0.13202503323554993
1.776468649836353e+18,-1.4515835046768188,0.07841187715530396,-0.18636327981948853,0.016972461715340614,-0.17299625277519226,-0.06546909362077713,-0.045565467327833176,-0.19352784752845764
1.776468649837353e+18,-0.5592436194419861,-12.230888366699219,-0.06325190514326096,-0.007633312605321407,-0.0909702479839325,0.08837981522083282,-0.045565467327833176,0.11398621648550034
1.776468649838353e+18,-0.5900139212608337,-19.411314010620117,-0.12480759620666504,-0.0014818687923252583,-0.008944249711930752,0.08837981522083282,-0.10713662207126617,0.05248340591788292
1.7764686498393528e+18,0.4561777412891388,-10.076760292053223,-0.06325190514326096,-0.013784755952656269,-0.008944249711930752,0.057610031217336655,-0.10713662207126617,-0.19352784752845764
1.7764686498403528e+18,-0.4669325649738312,11.46451473236084,0.059859469532966614,0.016972461715340614,-0.21400925517082214,-0.03469931334257126,-0.045565467327833176,0.08323480933904648
1.776468649841353e+18,-3.8824408054351807,2.6428494453430176,-0.03247406333684921,-0.0014818687923252583,0.032068751752376556,-0.25008776783943176,-0.10713662207126617,-0.07052221894264221
1.776468649842353e+18,-3.8824408054351807,18.644939422607422,-0.0016962187364697456,-0.0014818687923252583,-0.21400925517082214,0.39607763290405273,-0.10713662207126617,0.17548903822898865
1.7764686498433528e+18,0.4869481027126312,-12.538620948791504,0.059859469532966614,-0.019936200231313705,0.11409474909305573,-0.12700866162776947,-0.045565467327833176,0.17548903822898865
1.7764686498443528e+18,-4.436306953430176,23.97896957397461,0.15219299495220184,-0.026087643578648567,-0.008944249711930752,-0.03469931334257126,-0.045565467327833176,-0.19352784752845764
1.7764686498453527e+18,-2.343923568725586,30.13361930847168,0.1214151531457901,0.016972461715340614,-0.13198325037956238,-0.12700866162776947,-0.16870778799057007,-0.009019406512379646
1.7764686498463526e+18,-0.8977173566818237,2.1299619674682617,0.1214151531457901,-0.03223908692598343,0.07308174669742584,-0.06546909362077713,-0.16870778799057007,-0.009019406512379646
1.7764686498473528e+18,-0.9900283813476562,-34.900516510009766,-0.06325190514326096,-0.007633312605321407,-0.04995724931359291,-0.03469931334257126,-0.10713662207126617,0.05248340591788292
1.7764686498483528e+18,-4.282454967498779,33.108367919921875,0.15219299495220184,-0.013784755952656269,-0.04995724931359291,-0.06546909362077713,-0.10713662207126617,-0.2242792546749115
1.7764686498493527e+18,0.8561922311782837,-18.488115310668945,-0.12480759620666504,-0.013784755952656269,-0.04995724931359291,0.08837981522083282,-0.045565467327833176,-0.13202503323554993
1.7764686498503526e+18,-1.2361911535263062,-6.281393051147461,-0.0016962187364697456,-0.026087643578648567,0.07308174669742584,-0.12700866162776947,-0.10713662207126617,-0.009019406512379646
1.7764686498513526e+18,-5.513268947601318,1.8222293853759766,-0.12480759620666504,0.010821018368005753,-0.0909702479839325,-0.06546909362077713,-0.10713662207126617,0.1447376310825348
1.7764686498523525e+18,-0.4669325649738312,21.517108917236328,0.09063731133937836,-0.026087643578648567,0.07308174669742584,-0.096238873898983,0.016005687415599823,-0.13202503323554993
1.7764686498533527e+18,-5.051713943481445,31.98001480102539,-0.0016962187364697456,0.004669575020670891,-0.255022257566452,0.27299851179122925,-0.16870778799057007,0.08323480933904648
1.7764686498543526e+18,-3.9132111072540283,11.669669151306152,0.09063731133937836,-0.019936200231313705,-0.0909702479839325,-0.1885482221841812,-0.045565467327833176,0.05248340591788292
1.7764686498553526e+18,0.42540740966796875,3.053159475326538,0.09063731133937836,-0.03223908692598343,-0.17299625277519226,-0.12700866162776947,-0.10713662207126617,0.1447376310825348
1.7764686498563525e+18,2.4562501907348633,9.310386657714844,0.1214151531457901,-0.019936200231313705,0.27814674377441406,-0.21931800246238708,-0.045565467327833176,-0.039770811796188354
1.7764686498573524e+18,0.3023260235786438,-32.84896469116211,-0.06325190514326096,-0.0014818687923252583,0.11409474909305573,-0.12700866162776947,-0.045565467327833176,-0.13202503323554993
1.7764686498583524e+18,1.1023550033569336,36.185691833496094,0.1214151531457901,-0.026087643578648567,-0.0909702479839325,0.1191495954990387,-0.10713662207126617,-0.10127362608909607
1.7764686498593523e+18,0.4869481027126312,-19.719045639038086,-0.06325190514326096,-0.0014818687923252583,-0.008944249711930752,0.18068915605545044,-0.045565467327833176,-0.16277644038200378
1.7764686498603525e+18,-3.7285890579223633,37.51919937133789,0.1214151531457901,-0.013784755952656269,-0.04995724931359291,-0.06546909362077713,0.016005687415599823,0.02173200063407421
1.7764686498613524e+18,-1.6054352521896362,-0.22932063043117523,-0.0016962187364697456,-0.013784755952656269,-0.04995724931359291,0.057610031217336655,0.016005687415599823,-0.13202503323554993
1.7764686498623524e+18,0.42540740966796875,3.566046953201294,0.09063731133937836,-0.026087643578648567,0.31915974617004395,-0.21931800246238708,-0.045565467327833176,-0.07052221894264221
1.7764686498633523e+18,2.6101016998291016,-5.153040409088135,0.059859469532966614,-0.03223908692598343,0.23713375627994537,-0.25008776783943176,-0.045565467327833176,-0.009019406512379646
1.7764686498643523e+18,-3.1131820678710938,16.901121139526367,0.02908162586390972,-0.026087643578648567,-0.04995724931359291,0.057610031217336655,-0.045565467327833176,-0.07052221894264221
1.7764686498653522e+18,-1.4515835046768188,29.107845306396484,0.09063731133937836,-0.019936200231313705,-0.0909702479839325,0.08837981522083282,-0.10713662207126617,-0.16277644038200378
1.7764686498663524e+18,-1.4208132028579712,-22.898948669433594,-0.03247406333684921,-0.013784755952656269,0.07308174669742584,0.08837981522083282,-0.045565467327833176,0.11398621648550034
1.7764686498673523e+18,-2.220842123031616,-6.794280529022217,0.09063731133937836,0.010821018368005753,-0.04995724931359291,-0.06546909362077713,-0.045565467327833176,-0.19352784752845764
1.7764686498683523e+18,-4.159373760223389,-20.437088012695312,-0.06325190514326096,-0.007633312605321407,0.07308174669742584,-0.15777844190597534,-0.10713662207126617,0.17548903822898865
1.7764686498693522e+18,1.3485177755355835,-7.512322902679443,0.09063731133937836,-0.026087643578648567,0.07308174669742584,-0.21931800246238708,-0.045565467327833176,-0.16277644038200378
1.7764686498703521e+18,0.3638667166233063,-26.899471282958984,-0.15558543801307678,0.023123906925320625,-0.13198325037956238,-0.003929531201720238,-0.10713662207126617,0.11398621648550034
1.776468649871352e+18,0.8254218697547913,-25.258230209350586,0.02908162586390972,0.010821018368005753,-0.21400925517082214,-0.1885482221841812,-0.045565467327833176,-0.16277644038200378
1.7764686498723523e+18,-3.297804117202759,8.182034492492676,0.09063731133937836,-0.03839053213596344,-0.21400925517082214,0.057610031217336655,-0.10713662207126617,0.08323480933904648
1.7764686498733522e+18,-3.205493211746216,-35.721134185791016,-0.0940297469496727,-0.007633312605321407,0.1551077514886856,-0.12700866162776947,-0.10713662207126617,0.11398621648550034
1.776468649874352e+18,-0.43616223335266113,3.7712018489837646,-0.12480759620666504,0.023123906925320625,-0.17299625277519226,0.2114589363336563,-0.10713662207126617,-0.07052221894264221
1.776468649875352e+18,-3.3285744190216064,20.081024169921875,-0.0940297469496727,-0.013784755952656269,0.11409474909305573,-0.3116273581981659,0.016005687415599823,0.11398621648550034
1.776468649876352e+18,-0.06691809743642807,-29.976795196533203,-0.06325190514326096,-0.019936200231313705,0.032068751752376556,0.026840249076485634,-0.045565467327833176,-0.2242792546749115
1.776468649877352e+18,-2.713167667388916,-13.8721284866333,-0.06325190514326096,-0.007633312605321407,-0.0909702479839325,0.1191495954990387,-0.10713662207126617,0.2677432596683502
1.7764686498783521e+18,0.3638667166233063,-13.564395904541016,0.1214151531457901,-0.007633312605321407,-0.21400925517082214,0.2114589363336563,-0.045565467327833176,-0.009019406512379646
1.776468649879352e+18,-3.6978187561035156,-14.077282905578613,-0.18636327981948853,0.010821018368005753,0.032068751752376556,-0.12700866162776947,-0.16870778799057007,-0.039770811796188354
1.776468649880352e+18,-4.897861957550049,-6.383970737457275,-0.0940297469496727,-0.03223908692598343,0.11409474909305573,-0.12700866162776947,-0.10713662207126617,0.05248340591788292
1.776468649881352e+18,-3.359344959259033,5.002131938934326,0.09063731133937836,-0.026087643578648567,-0.0909702479839325,0.08837981522083282,-0.10713662207126617,-0.009019406512379646
1.7764686498823519e+18,-0.7746359705924988,-8.845830917358398,-0.0940297469496727,-0.007633312605321407,0.032068751752376556,-0.1885482221841812,-0.045565467327833176,-0.16277644038200378
1.7764686498833518e+18,-1.3592724800109863,14.952149391174316,-0.0016962187364697456,0.023123906925320625,-0.17299625277519226,-0.06546909362077713,-0.045565467327833176,0.08323480933904648
1.7764686498843517e+18,-1.0823394060134888,-18.180383682250977,-0.18636327981948853,0.0354267954826355,-0.17299625277519226,0.057610031217336655,-0.10713662207126617,-0.009019406512379646
1.776468649885352e+18,-1.3592724800109863,4.48924446105957,0.059859469532966614,-0.013784755952656269,0.032068751752376556,-0.06546909362077713,0.016005687415599823,-0.13202503323554993
1.776468649886352e+18,-1.728516697883606,-8.948408126831055,-0.18636327981948853,0.0354267954826355,-0.17299625277519226,0.08837981522083282,-0.10713662207126617,-0.039770811796188354
1.7764686498873518e+18,1.7793024778366089,-16.128833770751953,-0.18636327981948853,-0.0014818687923252583,0.1961207538843155,-0.096238873898983,-0.16870778799057007,-0.009019406512379646
1.7764686498883517e+18,-2.7747082710266113,-18.898426055908203,-0.18636327981948853,-0.03223908692598343,-0.008944249711930752,-0.21931800246238708,-0.10713662207126617,0.05248340591788292
1.7764686498893517e+18,-0.03614775091409683,-15.821100234985352,-0.03247406333684921,0.023123906925320625,-0.17299625277519226,-0.096238873898983,-0.10713662207126617,0.08323480933904648
1.7764686498903516e+18,-2.6516270637512207,-10.179338455200195,-0.03247406333684921,-0.0014818687923252583,0.1551077514886856,0.08837981522083282,-0.10713662207126617,0.11398621648550034
1.7764686498913518e+18,-2.159301519393921,-1.870560646057129,0.15219299495220184,-0.03223908692598343,0.11409474909305573,-0.12700866162776947,-0.10713662207126617,-0.07052221894264221
1.7764686498923517e+18,-1.0823394060134888,-7.409745693206787,-0.03247406333684921,-0.0014818687923252583,0.11409474909305573,-0.15777844190597534,-0.045565467327833176,-0.10127362608909607
1.7764686498933517e+18,-3.9747517108917236,-11.102535247802734,-0.0016962187364697456,-0.026087643578648567,0.1961207538843155,-0.15777844190597534,-0.045565467327833176,0.05248340591788292
1.7764686498943516e+18,0.42540740966796875,-17.872650146484375,-0.12480759620666504,0.023123906925320625,-0.13198325037956238,-0.096238873898983,-0.045565467327833176,0.08323480933904648
1.7764686498953516e+18,-3.943981409072876,2.6428494453430176,-0.0940297469496727,-0.019936200231313705,0.23713375627994537,-0.12700866162776947,-0.10713662207126617,-0.039770811796188354
1.7764686498963515e+18,1.0715845823287964,-28.84844398498535,-0.06325190514326096,-0.007633312605321407,-0.008944249711930752,0.057610031217336655,-0.045565467327833176,0.17548903822898865
1.7764686498973517e+18,1.2869770526885986,-18.5906925201416,-0.0940297469496727,-0.013784755952656269,0.1551077514886856,-0.12700866162776947,-0.045565467327833176,-0.07052221894264221
1.7764686498983516e+18,-4.251684665679932,3.9763569831848145,-0.0016962187364697456,0.010821018368005753,-0.255022257566452,0.08837981522083282,-0.10713662207126617,0.05248340591788292
1.7764686498993516e+18,-1.3285021781921387,-14.487592697143555,-0.18636327981948853,0.04772968217730522,-0.255022257566452,0.14991937577724457,-0.10713662207126617,-0.039770811796188354
1.7764686499003515e+18,-1.728516697883606,23.56865882873535,-0.12480759620666504,-0.0014818687923252583,0.07308174669742584,-0.12700866162776947,-0.10713662207126617,0.1447376310825348
1.7764686499013514e+18,-1.0515691041946411,-37.56753158569336,-0.0940297469496727,-0.007633312605321407,0.07308174669742584,-0.25008776783943176,-0.045565467327833176,-0.19352784752845764
1.7764686499023514e+18,-1.1746504306793213,-13.974705696105957,-0.12480759620666504,-0.019936200231313705,0.07308174669742584,-0.12700866162776947,-0.10713662207126617,0.02173200063407421
1.7764686499033516e+18,-3.851670265197754,-8.127788543701172,0.1214151531457901,-0.019936200231313705,-0.04995724931359291,0.057610031217336655,-0.045565467327833176,-0.039770811796188354
1.7764686499043515e+18,0.4561777412891388,-11.307690620422363,-0.03247406333684921,-0.026087643578648567,-0.008944249711930752,-0.06546909362077713,-0.045565467327833176,0.05248340591788292
1.7764686499053514e+18,-3.451655864715576,18.337207794189453,0.059859469532966614,0.010821018368005753,-0.17299625277519226,0.3037682771682739,-0.045565467327833176,0.05248340591788292
1.7764686499063514e+18,-2.9593303203582764,1.8222293853759766,-0.18636327981948853,-0.0014818687923252583,0.07308174669742584,-0.06546909362077713,-0.16870778799057007,0.08323480933904648
1.7764686499073513e+18,-1.728516697883606,-8.538098335266113,-0.03247406333684921,-0.007633312605321407,0.1961207538843155,-0.15777844190597534,-0.045565467327833176,-0.009019406512379646
1.7764686499083512e+18,-3.020871162414551,-17.667495727539062,0.02908162586390972,-0.013784755952656269,-0.04995724931359291,-0.003929531201720238,-0.16870778799057007,0.05248340591788292
1.7764686499093512e+18,-2.159301519393921,16.79854393005371,-0.03247406333684921,0.016972461715340614,0.032068751752376556,-0.12700866162776947,-0.045565467327833176,-0.07052221894264221
1.7764686499103514e+18,-1.2361911535263062,9.515542030334473,-0.12480759620666504,0.016972461715340614,-0.13198325037956238,-0.12700866162776947,-0.045565467327833176,0.08323480933904648
1.7764686499113513e+18,-1.2361911535263062,15.567614555358887,0.15219299495220184,-0.019936200231313705,-0.13198325037956238,-0.03469931334257126,-0.045565467327833176,-0.10127362608909607
1.7764686499123512e+18,-0.9900283813476562,-38.901039123535156,-0.06325190514326096,-0.013784755952656269,-0.04995724931359291,0.1191495954990387,-0.10713662207126617,0.2062404304742813
1.7764686499133512e+18,0.5792590975761414,-13.974705696105957,-0.12480759620666504,-0.007633312605321407,0.07308174669742584,-0.003929531201720238,-0.045565467327833176,-0.039770811796188354
1.776468649914351e+18,-2.713167667388916,3.258314371109009,-0.12480759620666504,-0.013784755952656269,-0.17299625277519226,0.2114589363336563,0.016005687415599823,0.02173200063407421
1.776468649915351e+18,-3.2362635135650635,-3.7169556617736816,0.24452653527259827,-0.026087643578648567,-0.13198325037956238,0.18068915605545044,0.016005687415599823,-0.07052221894264221
1.7764686499163512e+18,-3.759359359741211,25.20989990234375,0.1829708367586136,-0.026087643578648567,-0.04995724931359291,0.057610031217336655,-0.10713662207126617,-0.16277644038200378
1.7764686499173512e+18,-1.113109827041626,-23.61699104309082,0.09063731133937836,-0.026087643578648567,0.1961207538843155,-0.1885482221841812,-0.10713662207126617,0.1447376310825348
1.776468649918351e+18,-1.1746504306793213,-7.8200554847717285,-0.0940297469496727,-0.0014818687923252583,-0.0909702479839325,0.14991937577724457,-0.045565467327833176,0.02173200063407421
1.776468649919351e+18,-0.4977028965950012,33.5186767578125,0.1214151531457901,-0.019936200231313705,-0.008944249711930752,-0.06546909362077713,-0.10713662207126617,-0.13202503323554993
1.776468649920351e+18,-2.528545618057251,11.772247314453125,0.059859469532966614,-0.0014818687923252583,-0.17299625277519226,-0.15777844190597534,-0.10713662207126617,-0.07052221894264221
1.776468649921351e+18,-0.43616223335266113,-3.1014907360076904,0.059859469532966614,-0.026087643578648567,-0.0909702479839325,-0.06546909362077713,-0.045565467327833176,-0.13202503323554993
1.776468649922351e+18,-3.267033815383911,-18.282960891723633,-0.15558543801307678,0.010821018368005753,-0.04995724931359291,-0.12700866162776947,-0.045565467327833176,0.05248340591788292
1.776468649923351e+18,-2.4054641723632812,-10.076760292053223,-0.06325190514326096,-0.03223908692598343,0.11409474909305573,-0.06546909362077713,-0.10713662207126617,-0.009019406512379646
1.776468649924351e+18,0.5484887957572937,10.02842903137207,0.059859469532966614,0.0354267954826355,-0.0909702479839325,-0.003929531201720238,-0.10713662207126617,0.08323480933904648
1.776468649925351e+18,-3.020871162414551,-6.6917033195495605,-0.03247406333684921,-0.013784755952656269,0.1551077514886856,0.1191495954990387,-0.10713662207126617,0.2984946668148041
1.7764686499263508e+18,-2.066990375518799,0.38614436984062195,-0.12480759620666504,0.029275350272655487,-0.17299625277519226,0.18068915605545044,0.016005687415599823,-0.07052221894264221
1.7764686499273508e+18,-0.6823249459266663,-10.692225456237793,-0.03247406333684921,-0.013784755952656269,-0.04995724931359291,0.026840249076485634,-0.045565467327833176,-0.25503066182136536
1.776468649928351e+18,-1.666975975036621,-17.97522735595703,-0.15558543801307678,0.016972461715340614,-0.17299625277519226,-0.03469931334257126,0.016005687415599823,0.08323480933904648
1.776468649929351e+18,-1.0515691041946411,-4.2298431396484375,0.059859469532966614,-0.026087643578648567,0.31915974617004395,-0.21931800246238708,-0.10713662207126617,-0.10127362608909607
1.7764686499303508e+18,-1.9439090490341187,-19.513891220092773,-0.15558543801307678,0.010821018368005753,-0.008944249711930752,-0.15777844190597534,-0.045565467327833176,0.08323480933904648
1.776468649931351e+18,0.21001499891281128,-22.488637924194336,-0.06325190514326096,-0.013784755952656269,-0.04995724931359291,-0.003929531201720238,-0.045565467327833176,0.05248340591788292
1.776468649932351e+18,-1.1746504306793213,-4.127265453338623,-0.247918963432312,0.0354267954826355,-0.21400925517082214,0.14991937577724457,-0.16870778799057007,-0.07052221894264221
1.7764686499333512e+18,-0.9592580795288086,5.720174312591553,0.09063731133937836,-0.026087643578648567,0.27814674377441406,-0.25008776783943176,-0.10713662207126617,-0.07052221894264221
1.776468649934351e+18,-0.6207842826843262,37.62177658081055,0.09063731133937836,-0.026087643578648567,-0.04995724931359291,-0.06546909362077713,0.016005687415599823,-0.19352784752845764
1.7764686499353513e+18,-0.22076980769634247,-26.489160537719727,-0.0016962187364697456,0.004669575020670891,0.1551077514886856,-0.1885482221841812,-0.045565467327833176,0.11398621648550034
1.7764686499363512e+18,-1.9439090490341187,23.158349990844727,-0.0016962187364697456,0.010821018368005753,-0.2960352599620819,0.057610031217336655,-0.045565467327833176,-0.009019406512379646
1.7764686499373512e+18,-1.6977462768554688,27.9794921875,0.1214151531457901,-0.013784755952656269,-0.17299625277519226,-0.06546909362077713,-0.045565467327833176,0.05248340591788292
1.7764686499383514e+18,-0.8977173566818237,-16.436565399169922,0.1829708367586136,-0.03839053213596344,0.07308174669742584,0.057610031217336655,-0.10713662207126617,-0.039770811796188354
1.7764686499393513e+18,-1.6362056732177734,-2.2808706760406494,-0.06325190514326096,0.004669575020670891,0.11409474909305573,-0.15777844190597534,-0.045565467327833176,-0.19352784752845764
1.7764686499403515e+18,-3.7285890579223633,15.054726600646973,0.1214151531457901,-0.007633312605321407,-0.13198325037956238,-0.06546909362077713,-0.045565467327833176,-0.07052221894264221
1.7764686499413514e+18,-0.4977028965950012,32.80063247680664,-0.06325190514326096,0.010821018368005753,-0.008944249711930752,-0.28085756301879883,-0.045565467327833176,0.11398621648550034
1.7764686499423516e+18,-1.0207988023757935,32.390323638916016,0.15219299495220184,-0.019936200231313705,-0.04995724931359291,0.057610031217336655,-0.23027893900871277,0.2677432596683502
1.7764686499433516e+18,-4.8363213539123535,24.389280319213867,0.1214151531457901,-0.013784755952656269,0.11409474909305573,-0.28085756301879883,0.016005687415599823,-0.039770811796188354
1.7764686499443517e+18,-0.3130808472633362,14.336684226989746,0.09063731133937836,-0.026087643578648567,-0.008944249711930752,0.057610031217336655,-0.045565467327833176,0.05248340591788292
1.7764686499453517e+18,-1.7592869997024536,5.104709148406982,-0.03247406333684921,0.004669575020670891,-0.13198325037956238,0.14991937577724457,-0.16870778799057007,0.2062404304742813
1.7764686499463519e+18,2.087005853652954,-5.153040409088135,-0.12480759620666504,0.010821018368005753,0.07308174669742584,-0.15777844190597534,-0.10713662207126617,0.02173200063407421
1.7764686499473518e+18,-1.0515691041946411,17.82431983947754,0.1214151531457901,-0.026087643578648567,-0.008944249711930752,0.057610031217336655,-0.16870778799057007,0.23699183762073517
1.776468649948352e+18,-0.06691809743642807,-26.899471282958984,-0.0016962187364697456,-0.013784755952656269,0.07308174669742584,-0.1885482221841812,0.016005687415599823,-0.13202503323554993
1.776468649949352e+18,-1.8823683261871338,-14.79532527923584,-0.12480759620666504,0.010821018368005753,-0.008944249711930752,-0.096238873898983,-0.10713662207126617,-0.009019406512379646
1.776468649950352e+18,-2.990100860595703,29.005266189575195,0.1214151531457901,-0.007633312605321407,-0.008944249711930752,-0.06546909362077713,-0.10713662207126617,0.1447376310825348
1.776468649951352e+18,-1.0515691041946411,-35.00309371948242,-0.06325190514326096,-0.007633312605321407,0.1551077514886856,-0.12700866162776947,-0.045565467327833176,0.1447376310825348
1.776468649952352e+18,-2.251612424850464,-9.050985336303711,0.15219299495220184,-0.03839053213596344,0.032068751752376556,-0.096238873898983,-0.045565467327833176,-0.039770811796188354
1.7764686499533522e+18,-0.03614775091409683,24.081546783447266,0.02908162586390972,0.029275350272655487,-0.0909702479839325,-0.06546909362077713,0.016005687415599823,-0.039770811796188354
1.776468649954352e+18,-2.159301519393921,-8.948408126831055,-0.12480759620666504,-0.007633312605321407,0.1961207538843155,-0.12700866162776947,-0.10713662207126617,-0.039770811796188354
1.7764686499553523e+18,1.0715845823287964,-12.02573299407959,-0.0940297469496727,-0.03223908692598343,0.23713375627994537,-0.06546909362077713,0.016005687415599823,0.08323480933904648
1.7764686499563523e+18,-3.2362635135650635,-8.127788543701172,-0.0940297469496727,-0.013784755952656269,0.1961207538843155,-0.1885482221841812,-0.045565467327833176,-0.039770811796188354
1.7764686499573524e+18,-1.1438801288604736,-21.36028480529785,-0.0940297469496727,-0.007633312605321407,0.11409474909305573,-0.06546909362077713,-0.10713662207126617,0.05248340591788292
1.7764686499583524e+18,-3.8824408054351807,6.540794372558594,-0.06325190514326096,0.004669575020670891,-0.255022257566452,0.14991937577724457,-0.10713662207126617,-0.07052221894264221
1.7764686499593526e+18,-0.2515401542186737,5.207286834716797,0.15219299495220184,-0.026087643578648567,-0.17299625277519226,0.14991937577724457,-0.10713662207126617,-0.009019406512379646
1.7764686499603525e+18,0.025392938405275345,23.05577278137207,0.1214151531457901,-0.013784755952656269,-0.17299625277519226,-0.06546909362077713,-0.10713662207126617,0.11398621648550034
1.7764686499613527e+18,0.17924465239048004,-33.56700897216797,-0.06325190514326096,-0.007633312605321407,-0.008944249711930752,0.1191495954990387,0.016005687415599823,-0.10127362608909607
1.7764686499623526e+18,-1.3285021781921387,-2.69118070602417,-0.0940297469496727,-0.0014818687923252583,-0.04995724931359291,0.14991937577724457,-0.10713662207126617,-0.07052221894264221
1.7764686499633526e+18,1.7485321760177612,-19.513891220092773,-0.06325190514326096,-0.03223908692598343,-0.04995724931359291,0.026840249076485634,-0.045565467327833176,-0.13202503323554993
1.7764686499643528e+18,0.4561777412891388,-31.412879943847656,-0.21714112162590027,0.004669575020670891,0.07308174669742584,-0.15777844190597534,-0.10713662207126617,-0.009019406512379646
1.7764686499653527e+18,0.6100294589996338,-16.436565399169922,-0.18636327981948853,-0.0014818687923252583,0.1551077514886856,-0.1885482221841812,-0.045565467327833176,-0.039770811796188354
1.776468649966353e+18,-1.8515980243682861,-5.153040409088135,-0.0016962187364697456,0.004669575020670891,0.1961207538843155,-0.15777844190597534,-0.045565467327833176,-0.16277644038200378
1.7764686499673528e+18,-2.343923568725586,-1.357673168182373,0.09063731133937836,0.010821018368005753,0.11409474909305573,-0.06546909362077713,-0.045565467327833176,0.05248340591788292
1.776468649968353e+18,-0.09768843650817871,-19.9242000579834,-0.0940297469496727,-0.013784755952656269,-0.0909702479839325,0.057610031217336655,-0.045565467327833176,-0.13202503323554993
1.776468649969353e+18,-3.020871162414551,-15.000480651855469,0.09063731133937836,-0.026087643578648567,0.11409474909305573,-0.003929531201720238,-0.10713662207126617,-0.039770811796188354
1.7764686499703532e+18,-1.0207988023757935,-10.076760292053223,0.09063731133937836,-0.03223908692598343,0.11409474909305573,-0.15777844190597534,-0.10713662207126617,0.05248340591788292
1.776468649971353e+18,0.8561922311782837,-24.745342254638672,-0.0940297469496727,0.004669575020670891,0.032068751752376556,-0.1885482221841812,-0.045565467327833176,0.11398621648550034
1.7764686499723533e+18,-3.359344959259033,7.66914701461792,-0.0016962187364697456,0.010821018368005753,-0.13198325037956238,-0.06546909362077713,-0.10713662207126617,0.11398621648550034
1.7764686499733532e+18,-0.6207842826843262,16.080501556396484,0.059859469532966614,0.010821018368005753,-0.21400925517082214,-0.06546909362077713,0.016005687415599823,0.1447376310825348
1.7764686499743534e+18,0.025392938405275345,8.592344284057617,0.1214151531457901,-0.013784755952656269,0.032068751752376556,-0.03469931334257126,0.016005687415599823,-0.13202503323554993
1.7764686499753533e+18,-5.328646659851074,-18.488115310668945,-0.0016962187364697456,-0.026087643578648567,0.11409474909305573,-0.06546909362077713,-0.16870778799057007,-0.07052221894264221
1.7764686499763533e+18,-3.205493211746216,15.977924346923828,0.02908162586390972,-0.026087643578648567,-0.04995724931359291,0.026840249076485634,-0.045565467327833176,-0.10127362608909607
1.7764686499773535e+18,-1.9746793508529663,-30.38710594177246,-0.03247406333684921,-0.013784755952656269,0.1551077514886856,-0.12700866162776947,-0.10713662207126617,0.17548903822898865
1.7764686499783534e+18,-3.6055076122283936,13.516064643859863,0.02908162586390972,-0.026087643578648567,-0.0909702479839325,0.1191495954990387,-0.045565467327833176,-0.13202503323554993
1.7764686499793536e+18,0.9177328944206238,0.8990318775177002,0.1214151531457901,0.004669575020670891,-0.17299625277519226,0.334538072347641,-0.10713662207126617,-0.039770811796188354
1.7764686499803535e+18,-3.6055076122283936,-11.615423202514648,-0.12480759620666504,0.023123906925320625,-0.13198325037956238,-0.06546909362077713,-0.10713662207126617,-0.13202503323554993
1.7764686499813537e+18,0.4561777412891388,3.053159475326538,0.09063731133937836,-0.026087643578648567,-0.008944249711930752,0.026840249076485634,-0.045565467327833176,-0.009019406512379646
1.7764686499823537e+18,-2.713167667388916,18.43978500366211,-0.0016962187364697456,-0.007633312605321407,0.07308174669742584,0.057610031217336655,-0.045565467327833176,0.2062404304742813
1.7764686499833539e+18,-4.128603458404541,-10.384492874145508,-0.15558543801307678,0.016972461715340614,-0.17299625277519226,-0.06546909362077713,-0.045565467327833176,0.08323480933904648
1.7764686499843538e+18,1.5639101266860962,34.647029876708984,0.1214151531457901,-0.03223908692598343,-0.008944249711930752,0.057610031217336655,-0.045565467327833176,0.2062404304742813
1.776468649985354e+18,-5.082484245300293,-3.4092230796813965,-0.12480759620666504,0.016972461715340614,-0.17299625277519226,-0.003929531201720238,0.016005687415599823,-0.16277644038200378
1.776468649986354e+18,2.2408576011657715,-17.77007293701172,-0.06325190514326096,-0.013784755952656269,0.1551077514886856,-0.096238873898983,-0.045565467327833176,0.05248340591788292
1.776468649987354e+18,1.1331253051757812,-36.746910095214844,-0.06325190514326096,-0.007633312605321407,0.1551077514886856,-0.15777844190597534,-0.10713662207126617,0.1447376310825348
1.776468649988354e+18,-0.7438656687736511,-14.590170860290527,-0.06325190514326096,-0.03839053213596344,0.11409474909305573,-0.12700866162776947,-0.10713662207126617,0.05248340591788292
1.776468649989354e+18,-1.5131242275238037,-5.768505573272705,-0.06325190514326096,-0.0014818687923252583,-0.17299625277519226,-0.15777844190597534,-0.10713662207126617,-0.13202503323554993
1.7764686499903542e+18,0.5792590975761414,-4.332420825958252,-0.15558543801307678,-0.007633312605321407,0.11409474909305573,-0.1885482221841812,-0.10713662207126617,0.05248340591788292
1.776468649991354e+18,-0.5284732580184937,-21.77059555053711,-0.12480759620666504,-0.03223908692598343,0.032068751752376556,0.026840249076485634,0.016005687415599823,-0.13202503323554993
1.7764686499923543e+18,-1.8823683261871338,5.6175971031188965,-0.247918963432312,-0.019936200231313705,0.11409474909305573,-0.003929531201720238,-0.045565467327833176,-0.19352784752845764
1.7764686499933542e+18,-3.759359359741211,-5.358195781707764,-0.12480759620666504,-0.013784755952656269,0.032068751752376556,-0.28085756301879883,-0.045565467327833176,-0.039770811796188354
1.7764686499943544e+18,0.6715701818466187,-30.489683151245117,-0.06325190514326096,-0.007633312605321407,0.1551077514886856,-0.15777844190597534,-0.10713662207126617,-0.16277644038200378
1.7764686499953544e+18,-2.6516270637512207,11.567091941833496,-0.0940297469496727,-0.013784755952656269,0.11409474909305573,-0.096238873898983,-0.045565467327833176,0.08323480933904648
1.7764686499963546e+18,-3.020871162414551,-19.00100326538086,-0.15558543801307678,0.004669575020670891,0.07308174669742584,-0.15777844190597534,-0.045565467327833176,-0.039770811796188354
1.7764686499973545e+18,0.33309638500213623,-36.952064514160156,-0.06325190514326096,-0.013784755952656269,-0.04995724931359291,0.1191495954990387,-0.045565467327833176,-0.19352784752845764
1.7764686499983547e+18,-2.5593159198760986,12.490289688110352,-0.0016962187364697456,-0.026087643578648567,-0.04995724931359291,0.08837981522083282,-0.10713662207126617,-0.10127362608909607
1.7764686499993546e+18,1.2254363298416138,28.90268898010254,0.15219299495220184,-0.019936200231313705,-0.008944249711930752,0.1191495954990387,-0.10713662207126617,-0.10127362608909607
