time_chanNI9203_2,PT_N2_12_2,PT_N2_08,PT_LO2_07,PT_N2_15,PT_N2_16,PT_N2_17,PT_FU_01_2,PT_GO2_05
1.776468648500369e+18,-0.03317371755838394,23.610183715820312,0.12587109208106995,0.0003716624923981726,-0.011587575078010559,0.022328244522213936,-0.1321951299905777,7.159002780914307
1.7764686485013696e+18,0.24336618185043335,-27.424388885498047,-0.027862031012773514,0.024965887889266014,-0.005437743850052357,0.010022206231951714,-0.25523748993873596,0.885046660900116
1.7764686485023703e+18,-0.0024470624048262835,-6.518660068511963,-0.08935528248548508,0.04956011101603508,-0.023887237533926964,0.028481261804699898,-0.17320924997329712,-1.4830642938613892
1.7764686485033708e+18,-0.0024470624048262835,-8.260804176330566,-0.08935528248548508,0.03726299852132797,-0.011587575078010559,-0.008436850272119045,-0.009152749553322792,-6.711360931396484
1.7764686485043715e+18,0.12045956403017044,-5.083952903747559,-0.08935528248548508,0.031114444136619568,0.006861918605864048,-0.008436850272119045,0.11388962715864182,9.281076431274414
1.7764686485053722e+18,0.05900625139474869,46.667972564697266,0.1873643398284912,0.01881733164191246,0.019161581993103027,-0.0022838313598185778,0.0728754997253418,10.080698013305664
1.7764686485063726e+18,0.028279593214392662,16.53912925720215,0.12587109208106995,-0.024222562089562416,0.04376090690493584,-0.033048924058675766,0.03186137601733208,-7.480228424072266
1.7764686485073733e+18,0.12045956403017044,-17.381441116333008,0.1873643398284912,-0.011925449594855309,0.019161581993103027,0.028481261804699898,-0.21422336995601654,-1.7906111478805542
1.776468648508374e+18,-0.0024470624048262835,39.08452224731445,0.1873643398284912,0.01881733164191246,0.0007120874943211675,-0.014589868485927582,0.0728754997253418,-9.694565773010254
1.7764686485093747e+18,-0.03317371755838394,23.610183715820312,0.12587109208106995,0.01881733164191246,-0.011587575078010559,0.04078729823231697,-0.2962516248226166,3.253157615661621
1.7764686485103752e+18,0.028279593214392662,-21.890520095825195,0.06437784433364868,0.0003716624923981726,0.06836023181676865,-0.039201945066452026,0.03186137601733208,-3.174571990966797
1.776468648511376e+18,0.21263952553272247,-20.660770416259766,0.002884593792259693,0.01881733164191246,0.0007120874943211675,-0.008436850272119045,-0.21422336995601654,5.4982500076293945
1.7764686485123766e+18,-0.0024470624048262835,-16.766565322875977,-0.08935528248548508,0.031114444136619568,-0.011587575078010559,0.0038691875524818897,-0.09118100255727768,8.635228157043457
1.776468648513377e+18,-0.0024470624048262835,-9.080636978149414,-0.058608654886484146,0.04956011101603508,0.0007120874943211675,-0.008436850272119045,-0.009152749553322792,8.912019729614258
1.7764686485143777e+18,-0.12535369396209717,-7.440971374511719,-0.08935528248548508,0.03726299852132797,0.006861918605864048,-0.0022838313598185778,0.11388962715864182,2.761082649230957
1.7764686485153784e+18,-0.06390037387609482,18.896146774291992,0.1873643398284912,0.012668775394558907,0.006861918605864048,-0.0022838313598185778,0.11388962715864182,4.883155822753906
1.776468648516379e+18,0.05900625139474869,-14.716984748840332,-0.058608654886484146,0.043411556631326675,-0.017737405374646187,0.04078729823231697,0.0728754997253418,-0.9294798970222473
1.7764686485173796e+18,0.1819128692150116,-15.946733474731445,0.002884593792259693,0.031114444136619568,-0.023887237533926964,0.04078729823231697,-0.1321951299905777,-0.5911783576011658
1.7764686485183803e+18,0.1819128692150116,-37.56981658935547,0.002884593792259693,0.012668775394558907,0.049910739064216614,0.022328244522213936,-0.17320924997329712,-7.849284648895264
1.7764686485193807e+18,0.3355461657047272,45.0283088684082,0.24885758757591248,0.0003716624923981726,0.0007120874943211675,0.022328244522213936,-0.2962516248226166,-4.312495708465576
1.7764686485203814e+18,0.05900625139474869,-13.794672966003418,-0.08935528248548508,0.04956011101603508,-0.017737405374646187,0.03463428094983101,-0.17320924997329712,-1.8828752040863037
1.7764686485213821e+18,-0.06390037387609482,-4.469078540802002,-0.058608654886484146,0.01881733164191246,-0.005437743850052357,-0.014589868485927582,0.03186137601733208,4.391080856323242
1.7764686485223826e+18,-0.06390037387609482,28.939096450805664,0.1873643398284912,-0.011925449594855309,0.03146124258637428,-0.033048924058675766,0.23693199455738068,-1.1447627544403076
1.7764686485233833e+18,-0.06390037387609482,7.623450756072998,0.06437784433364868,0.031114444136619568,-0.005437743850052357,0.028481261804699898,-0.09118100255727768,-6.0347580909729
1.776468648524384e+18,0.3355461657047272,33.858089447021484,0.12587109208106995,0.012668775394558907,0.0007120874943211675,0.016175225377082825,-0.21422336995601654,-10.094376564025879
1.7764686485253844e+18,0.3969994783401489,38.059730529785156,0.1873643398284912,-0.011925449594855309,-0.005437743850052357,0.010022206231951714,-0.09118100255727768,2.730327844619751
1.7764686485263852e+18,-0.0024470624048262835,27.5043888092041,0.09512446820735931,0.0003716624923981726,0.019161581993103027,-0.014589868485927582,0.23693199455738068,3.406930923461914
1.7764686485273859e+18,-0.12535369396209717,7.623450756072998,-0.058608654886484146,0.03726299852132797,0.019161581993103027,0.0038691875524818897,0.15490375459194183,10.44975471496582
1.7764686485283863e+18,-0.0946270301938057,-5.596348285675049,-0.08935528248548508,0.012668775394558907,0.006861918605864048,-0.014589868485927582,-0.09118100255727768,-3.14381742477417
1.776468648529387e+18,0.05900625139474869,-39.6193962097168,0.03363122045993805,0.0065202186815440655,0.03761107474565506,-0.026895906776189804,-0.05016687512397766,8.327680587768555
1.7764686485303877e+18,0.12045956403017044,11.722613334655762,0.06437784433364868,0.024965887889266014,-0.011587575078010559,-0.014589868485927582,0.11388962715864182,-4.281740665435791
1.7764686485313882e+18,0.08973290771245956,-43.2061653137207,0.03363122045993805,0.012668775394558907,0.01301174983382225,0.028481261804699898,-0.17320924997329712,-8.279850006103516
1.7764686485323889e+18,-0.0024470624048262835,-41.87393569946289,0.03363122045993805,0.0003716624923981726,0.025311412289738655,0.016175225377082825,-0.25523748993873596,-6.680606365203857
1.7764686485333896e+18,0.1819128692150116,-21.58308219909668,0.03363122045993805,0.01881733164191246,-0.011587575078010559,0.0038691875524818897,-0.21422336995601654,-4.958343982696533
1.77646864853439e+18,0.12045956403017044,2.704455614089966,-0.058608654886484146,0.012668775394558907,-0.005437743850052357,-0.008436850272119045,0.11388962715864182,-10.770979881286621
1.7764686485353907e+18,0.12045956403017044,43.59360122680664,0.24885758757591248,-0.005776893813163042,0.01301174983382225,0.010022206231951714,0.15490375459194183,8.696737289428711
1.7764686485363914e+18,0.12045956403017044,38.9820442199707,0.15661771595478058,0.03726299852132797,0.006861918605864048,-0.0022838313598185778,-0.09118100255727768,9.926924705505371
1.7764686485373919e+18,-0.0946270301938057,-1.5996650457382202,0.09512446820735931,0.01881733164191246,0.006861918605864048,-0.0022838313598185778,0.0728754997253418,7.343531131744385
1.7764686485383926e+18,-0.06390037387609482,15.206901550292969,0.09512446820735931,0.0003716624923981726,0.006861918605864048,-0.008436850272119045,-0.009152749553322792,-2.2519314289093018
1.7764686485393933e+18,-0.0024470624048262835,33.9605712890625,0.06437784433364868,0.024965887889266014,0.0007120874943211675,-0.020742887631058693,0.3189602494239807,3.714478015899658
1.7764686485403937e+18,0.05900625139474869,14.284589767456055,0.03363122045993805,0.031114444136619568,-0.011587575078010559,0.04078729823231697,-0.17320924997329712,1.7154232263565063
1.7764686485413944e+18,-0.12535369396209717,-13.487236022949219,-0.027862031012773514,0.01881733164191246,0.01301174983382225,-0.0022838313598185778,-0.05016687512397766,-2.344195604324341
1.7764686485423951e+18,0.12045956403017044,-16.35664939880371,-0.12010190635919571,0.012668775394558907,-0.017737405374646187,-0.0022838313598185778,0.2779461145401001,-4.773815631866455
1.7764686485433956e+18,-0.0024470624048262835,18.07631492614746,0.21811096370220184,-0.005776893813163042,0.01301174983382225,0.0038691875524818897,0.11388962715864182,5.6520233154296875
1.7764686485443963e+18,-0.0946270301938057,18.896146774291992,0.1873643398284912,0.0003716624923981726,0.006861918605864048,-0.0022838313598185778,0.15490375459194183,-10.740224838256836
1.776468648545397e+18,0.21263952553272247,-43.61608123779297,-0.058608654886484146,0.0065202186815440655,0.006861918605864048,0.022328244522213936,0.0728754997253418,0.76202791929245
1.7764686485463974e+18,-0.03317371755838394,23.815141677856445,0.15661771595478058,-0.011925449594855309,0.05606056749820709,0.016175225377082825,-0.05016687512397766,-2.3134407997131348
1.7764686485473981e+18,0.24336618185043335,6.598659992218018,-0.058608654886484146,0.012668775394558907,0.03761107474565506,-0.033048924058675766,0.3189602494239807,11.433904647827148
1.7764686485483988e+18,0.3048194944858551,44.72087097167969,0.1873643398284912,0.012668775394558907,-0.005437743850052357,-0.008436850272119045,0.0728754997253418,-12.770034790039062
1.7764686485493993e+18,0.12045956403017044,-19.328542709350586,0.06437784433364868,-0.005776893813163042,0.01301174983382225,0.028481261804699898,-0.17320924997329712,-2.744006395339966
1.7764686485504e+18,-0.12535369396209717,5.778827667236328,-0.027862031012773514,0.031114444136619568,0.0007120874943211675,-0.0022838313598185778,-0.009152749553322792,-10.924753189086914
1.7764686485514007e+18,0.028279593214392662,31.193635940551758,0.1873643398284912,-0.011925449594855309,0.03146124258637428,-0.008436850272119045,0.19591787457466125,1.2233482599258423
1.7764686485524012e+18,0.028279593214392662,-14.307068824768066,-0.058608654886484146,0.0065202186815440655,-0.023887237533926964,0.028481261804699898,-0.09118100255727768,0.3929716646671295
1.7764686485534019e+18,0.05900625139474869,-20.045896530151367,0.002884593792259693,0.0065202186815440655,0.025311412289738655,0.0038691875524818897,-0.09118100255727768,11.741451263427734
1.7764686485544026e+18,0.08973290771245956,-28.96157455444336,0.24885758757591248,-0.011925449594855309,0.03761107474565506,-0.008436850272119045,-0.009152749553322792,8.450699806213379
1.776468648555403e+18,0.21263952553272247,-30.088844299316406,0.06437784433364868,0.012668775394558907,0.025311412289738655,-0.026895906776189804,0.3189602494239807,8.819756507873535
1.7764686485564037e+18,-0.06390037387609482,31.706029891967773,0.1873643398284912,0.024965887889266014,-0.042336732149124146,0.016175225377082825,-0.25523748993873596,9.496358871459961
1.7764686485574044e+18,0.05900625139474869,-40.84914779663086,0.03363122045993805,0.0003716624923981726,0.03146124258637428,-0.020742887631058693,-0.25523748993873596,4.821646690368652
1.7764686485584049e+18,-0.0024470624048262835,-6.518660068511963,-0.058608654886484146,0.04956011101603508,0.006861918605864048,0.016175225377082825,-0.1321951299905777,4.452590465545654
1.7764686485594056e+18,0.12045956403017044,45.54070281982422,0.1873643398284912,0.03726299852132797,0.0007120874943211675,0.0038691875524818897,-0.009152749553322792,-1.3908002376556396
1.7764686485604063e+18,0.12045956403017044,-65.23916625976562,-0.08935528248548508,0.0065202186815440655,0.006861918605864048,0.022328244522213936,-0.3372657597064972,4.698627948760986
1.7764686485614067e+18,0.028279593214392662,-19.53350067138672,0.09512446820735931,0.0003716624923981726,0.006861918605864048,0.016175225377082825,0.15490375459194183,-10.463433265686035
1.7764686485624074e+18,-0.0024470624048262835,26.172161102294922,0.12587109208106995,-0.005776893813163042,0.06836023181676865,-0.033048924058675766,0.23693199455738068,-0.5911783576011658
1.7764686485634081e+18,-0.0024470624048262835,18.281272888183594,0.12587109208106995,0.0003716624923981726,0.006861918605864048,0.016175225377082825,-0.1321951299905777,-2.52872371673584
1.7764686485644086e+18,-0.15608035027980804,-4.469078540802002,-0.08935528248548508,0.031114444136619568,-0.005437743850052357,0.0038691875524818897,0.19591787457466125,-0.6526877284049988
1.7764686485654093e+18,-0.03317371755838394,5.368911266326904,0.09512446820735931,0.0003716624923981726,0.01301174983382225,0.0038691875524818897,0.23693199455738068,-10.617206573486328
1.77646864856641e+18,0.1819128692150116,-18.816146850585938,0.12587109208106995,0.0003716624923981726,0.019161581993103027,0.010022206231951714,0.11388962715864182,-12.001167297363281
1.7764686485674104e+18,-0.0946270301938057,5.368911266326904,0.06437784433364868,0.024965887889266014,-0.005437743850052357,-0.008436850272119045,0.15490375459194183,-5.296645641326904
1.7764686485684111e+18,0.15118621289730072,-25.57976531982422,0.31035083532333374,-0.011925449594855309,0.049910739064216614,-0.014589868485927582,-0.009152749553322792,10.11145305633545
1.7764686485694118e+18,0.1819128692150116,-23.427705764770508,-0.027862031012773514,0.01881733164191246,0.01301174983382225,-0.008436850272119045,-0.05016687512397766,-6.83437967300415
1.7764686485704123e+18,0.08973290771245956,-34.18800735473633,0.24885758757591248,-0.005776893813163042,0.04376090690493584,-0.008436850272119045,-0.09118100255727768,-6.6190972328186035
1.776468648571413e+18,-0.12535369396209717,-7.031055450439453,0.002884593792259693,0.0003716624923981726,0.0007120874943211675,0.016175225377082825,-0.17320924997329712,-6.2500410079956055
1.7764686485724137e+18,-0.0024470624048262835,42.466331481933594,0.12587109208106995,-0.018074005842208862,0.06221039965748787,-0.026895906776189804,0.2779461145401001,2.176743507385254
1.7764686485734144e+18,-0.18680700659751892,-3.034371852874756,-0.12010190635919571,0.01881733164191246,0.01301174983382225,-0.008436850272119045,-0.05016687512397766,-12.831543922424316
1.7764686485744148e+18,0.24336618185043335,35.49775695800781,0.21811096370220184,-0.005776893813163042,-0.011587575078010559,0.03463428094983101,-0.3782798647880554,-4.527778148651123
1.7764686485754156e+18,0.12045956403017044,-22.710351943969727,0.03363122045993805,0.0065202186815440655,0.03761107474565506,0.010022206231951714,-0.2962516248226166,-2.1904220581054688
1.7764686485764163e+18,-0.06390037387609482,-25.6822452545166,-0.058608654886484146,0.0003716624923981726,0.025311412289738655,0.022328244522213936,-0.21422336995601654,2.484290361404419
1.7764686485774167e+18,0.028279593214392662,-12.052529335021973,-0.027862031012773514,0.0003716624923981726,-0.005437743850052357,-0.0022838313598185778,0.19591787457466125,1.1003295183181763
1.7764686485784174e+18,0.12045956403017044,-31.216114044189453,0.002884593792259693,-0.005776893813163042,0.019161581993103027,0.016175225377082825,-0.25523748993873596,0.4544810354709625
1.776468648579418e+18,0.028279593214392662,-6.928576469421387,-0.027862031012773514,0.0003716624923981726,0.03761107474565506,-0.026895906776189804,-0.09118100255727768,2.82259202003479
1.7764686485804186e+18,0.12045956403017044,-41.66897964477539,0.002884593792259693,0.031114444136619568,-0.04848656430840492,0.022328244522213936,0.11388962715864182,-3.605137825012207
1.7764686485814193e+18,-0.12535369396209717,1.7821440696716309,0.15661771595478058,-0.011925449594855309,-0.005437743850052357,0.022328244522213936,-0.1321951299905777,-10.278904914855957
1.77646864858242e+18,-0.0024470624048262835,26.889514923095703,0.15661771595478058,0.0003716624923981726,0.03761107474565506,-0.033048924058675766,0.23693199455738068,1.8076872825622559
1.7764686485834202e+18,0.15118621289730072,-18.816146850585938,0.1873643398284912,-0.018074005842208862,0.04376090690493584,-0.014589868485927582,-0.009152749553322792,8.758246421813965
1.7764686485844204e+18,-0.06390037387609482,25.249849319458008,0.15661771595478058,0.0003716624923981726,-0.017737405374646187,0.04078729823231697,-0.05016687512397766,-0.12985803186893463
1.7764686485854205e+18,-0.03317371755838394,25.044891357421875,0.06437784433364868,0.012668775394558907,0.01301174983382225,0.022328244522213936,-0.09118100255727768,-11.847393989562988
1.7764686485864207e+18,-0.06390037387609482,12.132529258728027,0.15661771595478058,-0.005776893813163042,0.04376090690493584,-0.026895906776189804,0.23693199455738068,1.0695748329162598
1.776468648587421e+18,-0.0024470624048262835,36.01015090942383,0.21811096370220184,0.0003716624923981726,0.0007120874943211675,0.0038691875524818897,0.0728754997253418,9.035038948059082
1.776468648588421e+18,0.2740928530693054,43.183685302734375,0.1873643398284912,0.0003716624923981726,0.0007120874943211675,0.028481261804699898,-0.2962516248226166,-2.098158121109009
1.7764686485894216e+18,-0.0024470624048262835,26.377119064331055,0.15661771595478058,0.012668775394558907,-0.023887237533926964,0.04078729823231697,-0.17320924997329712,8.450699806213379
1.7764686485904218e+18,0.12045956403017044,-9.18311595916748,-0.027862031012773514,0.03726299852132797,-0.005437743850052357,-0.008436850272119045,0.11388962715864182,8.573718070983887
1.776468648591422e+18,-0.06390037387609482,-8.4657621383667,-0.058608654886484146,0.031114444136619568,-0.011587575078010559,0.0038691875524818897,0.0728754997253418,-11.017017364501953
1.7764686485924221e+18,0.1819128692150116,-11.84757137298584,0.24885758757591248,-0.011925449594855309,0.049910739064216614,-0.026895906776189804,-0.09118100255727768,2.115234136581421
1.7764686485934223e+18,0.3048194944858551,30.578760147094727,0.1873643398284912,0.01881733164191246,0.006861918605864048,-0.008436850272119045,0.11388962715864182,-10.709470748901367
1.7764686485944225e+18,0.1819128692150116,-18.406230926513672,0.002884593792259693,0.03726299852132797,-0.011587575078010559,-0.008436850272119045,0.11388962715864182,-3.23608136177063
1.7764686485954227e+18,0.1819128692150116,46.565494537353516,0.21811096370220184,0.0003716624923981726,-0.005437743850052357,0.016175225377082825,-0.17320924997329712,-8.34135913848877
1.776468648596423e+18,0.028279593214392662,29.553970336914062,0.15661771595478058,-0.024222562089562416,0.025311412289738655,-0.039201945066452026,0.15490375459194183,-6.957398891448975
1.7764686485974234e+18,0.05900625139474869,3.011892795562744,-0.15084853768348694,0.031114444136619568,0.03146124258637428,-0.0022838313598185778,-0.009152749553322792,-0.9602345824241638
1.7764686485984236e+18,-0.0024470624048262835,13.259799003601074,0.12587109208106995,0.024965887889266014,-0.017737405374646187,0.028481261804699898,-0.05016687512397766,-10.86324405670166
1.7764686485994237e+18,0.1819128692150116,-34.700401306152344,0.002884593792259693,0.03726299852132797,-0.023887237533926964,0.03463428094983101,-0.17320924997329712,-2.221176862716675
1.776468648600424e+18,-0.03317371755838394,14.387068748474121,0.1873643398284912,0.012668775394558907,-0.023887237533926964,0.04078729823231697,-0.3372657597064972,10.234471321105957
1.7764686486014241e+18,-0.12535369396209717,-2.112060308456421,-0.027862031012773514,0.012668775394558907,0.01301174983382225,0.016175225377082825,-0.09118100255727768,-0.40665021538734436
1.7764686486024243e+18,-0.0024470624048262835,29.041574478149414,0.12587109208106995,0.031114444136619568,0.0007120874943211675,-0.008436850272119045,-0.1321951299905777,-5.727210998535156
1.7764686486034245e+18,0.028279593214392662,-7.748408794403076,-0.12010190635919571,0.024965887889266014,-0.023887237533926964,0.04078729823231697,-0.21422336995601654,0.946556031703949
1.776468648604425e+18,0.15118621289730072,-2.419497489929199,-0.12010190635919571,0.031114444136619568,0.01301174983382225,0.0038691875524818897,0.11388962715864182,4.298817157745361
1.7764686486054252e+18,0.1819128692150116,3.011892795562744,0.002884593792259693,0.024965887889266014,0.0007120874943211675,-0.014589868485927582,-0.21422336995601654,9.373340606689453
1.7764686486064253e+18,-0.03317371755838394,-2.2145392894744873,0.002884593792259693,0.01881733164191246,-0.017737405374646187,0.028481261804699898,-0.1321951299905777,-2.221176862716675
1.7764686486074255e+18,-0.03317371755838394,18.178794860839844,0.15661771595478058,0.0003716624923981726,-0.017737405374646187,0.04078729823231697,-0.09118100255727768,7.466549873352051
1.7764686486084257e+18,-0.12535369396209717,3.3193299770355225,-0.08935528248548508,0.024965887889266014,-0.011587575078010559,-0.008436850272119045,-0.009152749553322792,-7.910793781280518
1.776468648609426e+18,-0.15608035027980804,39.596920013427734,0.1873643398284912,0.0065202186815440655,-0.005437743850052357,-0.0022838313598185778,0.03186137601733208,2.638063907623291
1.776468648610426e+18,0.3048194944858551,36.11262893676758,0.21811096370220184,0.0003716624923981726,-0.011587575078010559,0.016175225377082825,-0.05016687512397766,7.958624839782715
1.7764686486114263e+18,-0.06390037387609482,28.221742630004883,0.03363122045993805,0.024965887889266014,-0.03618689998984337,0.016175225377082825,-0.25523748993873596,10.01918888092041
1.7764686486124268e+18,-0.0024470624048262835,16.334171295166016,0.06437784433364868,0.024965887889266014,-0.042336732149124146,0.05309333652257919,-0.25523748993873596,2.515045166015625
1.776468648613427e+18,-0.03317371755838394,15.206901550292969,0.03363122045993805,0.031114444136619568,-0.005437743850052357,-0.020742887631058693,-0.009152749553322792,-9.971358299255371
1.7764686486144271e+18,-0.12535369396209717,-18.713668823242188,0.06437784433364868,0.0065202186815440655,-0.011587575078010559,0.022328244522213936,0.15490375459194183,7.312776565551758
1.7764686486154273e+18,0.05900625139474869,-37.05741882324219,0.002884593792259693,-0.024222562089562416,0.04376090690493584,-0.020742887631058693,-0.05016687512397766,-5.788720607757568
1.7764686486164275e+18,0.028279593214392662,12.747404098510742,0.12587109208106995,-0.018074005842208862,0.03761107474565506,-0.026895906776189804,-0.17320924997329712,-2.1904220581054688
1.7764686486174277e+18,0.05900625139474869,-4.878994941711426,0.09512446820735931,0.01881733164191246,0.006861918605864048,-0.008436850272119045,-0.05016687512397766,-9.633056640625
1.776468648618428e+18,-0.06390037387609482,-8.773199081420898,0.06437784433364868,-0.011925449594855309,0.03761107474565506,0.022328244522213936,-0.17320924997329712,-2.497968912124634
1.7764686486194284e+18,0.028279593214392662,-5.186432361602783,-0.15084853768348694,0.012668775394558907,-0.017737405374646187,0.010022206231951714,0.19591787457466125,-0.7141970992088318
1.7764686486204285e+18,0.12045956403017044,7.930887699127197,0.06437784433364868,0.024965887889266014,-0.017737405374646187,-0.008436850272119045,0.15490375459194183,-2.036648750305176
1.7764686486214287e+18,0.028279593214392662,30.886198043823242,0.1873643398284912,0.01881733164191246,-0.017737405374646187,0.016175225377082825,-0.25523748993873596,9.619378089904785
1.776468648622429e+18,0.05900625139474869,-30.088844299316406,0.15661771595478058,-0.024222562089562416,0.049910739064216614,-0.020742887631058693,-0.05016687512397766,1.1925935745239258
1.776468648623429e+18,0.21263952553272247,4.241641521453857,0.03363122045993805,0.024965887889266014,-0.011587575078010559,-0.008436850272119045,0.0728754997253418,-7.0189080238342285
1.7764686486244293e+18,-0.12535369396209717,-26.297119140625,-0.08935528248548508,-0.005776893813163042,0.04376090690493584,-0.039201945066452026,0.3189602494239807,-0.09910334646701813
1.7764686486254295e+18,0.15118621289730072,-2.624455690383911,0.24885758757591248,-0.005776893813163042,0.04376090690493584,-0.014589868485927582,-0.09118100255727768,8.635228157043457
1.7764686486264297e+18,-0.06390037387609482,40.92914581298828,0.15661771595478058,0.0003716624923981726,-0.005437743850052357,0.016175225377082825,-0.17320924997329712,3.560704469680786
1.7764686486274301e+18,-0.12535369396209717,-20.660770416259766,0.002884593792259693,0.01881733164191246,0.019161581993103027,0.028481261804699898,-0.17320924997329712,-7.1419267654418945
1.7764686486284303e+18,-0.0946270301938057,-9.388073921203613,-0.058608654886484146,0.012668775394558907,0.049910739064216614,-0.033048924058675766,0.23693199455738068,9.527113914489746
1.7764686486294305e+18,-0.18680700659751892,-3.546767234802246,-0.058608654886484146,0.024965887889266014,0.019161581993103027,-0.020742887631058693,-0.05016687512397766,5.098438739776611
1.7764686486304307e+18,0.12045956403017044,-37.56981658935547,0.002884593792259693,0.012668775394558907,0.025311412289738655,-0.008436850272119045,-0.25523748993873596,1.4693857431411743
1.776468648631431e+18,0.1819128692150116,-14.921942710876465,0.002884593792259693,0.024965887889266014,-0.03618689998984337,0.05309333652257919,-0.1321951299905777,-8.003058433532715
1.776468648632431e+18,0.21263952553272247,-5.596348285675049,-0.058608654886484146,0.03726299852132797,-0.011587575078010559,-0.008436850272119045,0.11388962715864182,-3.389854907989502
1.7764686486334313e+18,-0.0024470624048262835,-15.331859588623047,0.2796042263507843,-0.018074005842208862,0.025311412289738655,-0.020742887631058693,-0.09118100255727768,5.436740398406982
1.7764686486344317e+18,0.24336618185043335,12.33748722076416,0.002884593792259693,0.031114444136619568,0.019161581993103027,-0.020742887631058693,-0.2962516248226166,2.330517053604126
1.776468648635432e+18,-0.06390037387609482,6.188743591308594,0.03363122045993805,0.043411556631326675,0.0007120874943211675,0.0038691875524818897,-0.009152749553322792,-6.9266438484191895
1.7764686486364321e+18,-0.0946270301938057,0.1424790620803833,0.09512446820735931,0.01881733164191246,0.01301174983382225,0.0038691875524818897,0.11388962715864182,10.757301330566406
1.7764686486374323e+18,0.05900625139474869,-40.33675003051758,-0.058608654886484146,0.0003716624923981726,0.04376090690493584,-0.039201945066452026,0.15490375459194183,2.115234136581421
1.7764686486384325e+18,-0.18680700659751892,6.80361795425415,0.06437784433364868,0.01881733164191246,0.0007120874943211675,0.0038691875524818897,0.15490375459194183,8.78900146484375
1.7764686486394327e+18,0.12045956403017044,7.828408718109131,0.06437784433364868,0.024965887889266014,0.019161581993103027,-0.033048924058675766,0.2779461145401001,2.361271619796753
1.776468648640433e+18,-0.06390037387609482,-10.002947807312012,0.03363122045993805,0.0065202186815440655,0.0007120874943211675,0.028481261804699898,-0.21422336995601654,5.129193305969238
1.776468648641433e+18,-0.0024470624048262835,-6.4161810874938965,-0.058608654886484146,0.04956011101603508,0.03146124258637428,-0.008436850272119045,-0.05016687512397766,7.159002780914307
1.7764686486424335e+18,0.08973290771245956,-49.04747009277344,-0.08935528248548508,0.01881733164191246,0.006861918605864048,0.03463428094983101,0.0728754997253418,8.327680587768555
1.7764686486434337e+18,0.1819128692150116,-31.318593978881836,0.06437784433364868,0.024965887889266014,0.0007120874943211675,0.0038691875524818897,-0.25523748993873596,-0.7449517846107483
1.776468648644434e+18,-0.0024470624048262835,-50.687137603759766,-0.027862031012773514,0.0065202186815440655,0.006861918605864048,0.016175225377082825,-0.2962516248226166,2.91485595703125
1.776468648645434e+18,0.15118621289730072,-33.88056945800781,-0.08935528248548508,0.04956011101603508,-0.023887237533926964,0.010022206231951714,0.23693199455738068,-0.46815958619117737
1.7764686486464343e+18,-0.12535369396209717,-18.91862678527832,-0.027862031012773514,0.012668775394558907,0.019161581993103027,0.028481261804699898,-0.1321951299905777,-3.697401762008667
1.7764686486474345e+18,0.2740928530693054,32.62834167480469,0.1873643398284912,0.0003716624923981726,0.01301174983382225,0.010022206231951714,0.11388962715864182,11.24937629699707
1.7764686486484347e+18,0.15118621289730072,-12.052529335021973,0.06437784433364868,-0.011925449594855309,0.025311412289738655,0.022328244522213936,-0.17320924997329712,5.006174564361572
1.7764686486494351e+18,-0.0946270301938057,24.73745346069336,0.002884593792259693,0.0065202186815440655,0.019161581993103027,0.016175225377082825,-0.1321951299905777,-6.3730597496032715
1.7764686486504353e+18,0.05900625139474869,-7.1335344314575195,0.002884593792259693,0.024965887889266014,0.025311412289738655,-0.008436850272119045,-0.09118100255727768,9.035038948059082
1.7764686486514355e+18,0.05900625139474869,33.9605712890625,0.15661771595478058,-0.024222562089562416,0.06836023181676865,-0.020742887631058693,0.23693199455738068,-6.3730597496032715
1.7764686486524357e+18,-0.06390037387609482,23.815141677856445,0.15661771595478058,-0.018074005842208862,0.06836023181676865,-0.020742887631058693,0.23693199455738068,1.9614607095718384
1.776468648653436e+18,-0.06390037387609482,-43.4111213684082,-0.058608654886484146,0.0065202186815440655,0.049910739064216614,-0.033048924058675766,0.3189602494239807,10.265226364135742
1.776468648654436e+18,0.15118621289730072,-15.53681755065918,0.31035083532333374,-0.011925449594855309,0.049910739064216614,-0.020742887631058693,-0.05016687512397766,7.958624839782715
1.7764686486554363e+18,-0.03317371755838394,1.1672697067260742,0.06437784433364868,0.024965887889266014,0.0007120874943211675,-0.008436850272119045,0.0728754997253418,-4.927589416503906
1.7764686486564365e+18,0.1819128692150116,-8.875678062438965,0.002884593792259693,0.024965887889266014,-0.03618689998984337,0.028481261804699898,-0.009152749553322792,-9.017962455749512
1.776468648657437e+18,0.15118621289730072,-7.440971374511719,0.2796042263507843,-0.018074005842208862,0.03761107474565506,-0.0022838313598185778,-0.1321951299905777,4.483345031738281
1.776468648658437e+18,0.12045956403017044,-6.826097011566162,-0.08935528248548508,0.0003716624923981726,-0.017737405374646187,-0.026895906776189804,0.23693199455738068,-0.31438615918159485
1.7764686486594373e+18,-0.0024470624048262835,39.904354095458984,0.06437784433364868,0.031114444136619568,-0.017737405374646187,-0.014589868485927582,0.15490375459194183,10.01918888092041
1.7764686486604375e+18,0.15118621289730072,-28.141742706298828,0.002884593792259693,-0.011925449594855309,0.03146124258637428,0.0038691875524818897,-0.17320924997329712,1.0080654621124268
1.7764686486614377e+18,0.15118621289730072,-37.05741882324219,0.002884593792259693,0.0003716624923981726,0.006861918605864048,0.010022206231951714,0.11388962715864182,-7.849284648895264
1.776468648662438e+18,-0.0024470624048262835,32.21842575073242,0.06437784433364868,0.01881733164191246,-0.011587575078010559,-0.014589868485927582,0.0728754997253418,9.711642265319824
1.776468648663438e+18,-0.0946270301938057,-12.462445259094238,-0.058608654886484146,0.0003716624923981726,0.04376090690493584,-0.014589868485927582,-0.25523748993873596,-6.1270222663879395
1.7764686486644385e+18,-0.0946270301938057,-28.244220733642578,-0.08935528248548508,0.0003716624923981726,0.03761107474565506,-0.026895906776189804,-0.05016687512397766,6.851456165313721
1.7764686486654387e+18,-0.0024470624048262835,31.603551864624023,0.1873643398284912,-0.005776893813163042,0.0007120874943211675,0.022328244522213936,-0.3782798647880554,-0.34514084458351135
1.776468648666439e+18,-0.0024470624048262835,19.101104736328125,0.09512446820735931,0.0003716624923981726,0.019161581993103027,0.022328244522213936,-0.09118100255727768,-2.590233087539673
1.776468648667439e+18,0.1819128692150116,-21.378124237060547,0.002884593792259693,0.0065202186815440655,0.03761107474565506,0.028481261804699898,-0.3372657597064972,4.514099597930908
1.7764686486684393e+18,0.028279593214392662,-12.87236213684082,-0.15084853768348694,0.012668775394558907,-0.03618689998984337,0.028481261804699898,0.0728754997253418,2.053724765777588
1.7764686486694395e+18,-0.0024470624048262835,2.8069345951080322,-0.08935528248548508,0.024965887889266014,-0.017737405374646187,0.028481261804699898,-0.09118100255727768,0.9773107171058655
1.7764686486704397e+18,0.15118621289730072,-10.310385704040527,-0.08935528248548508,0.03726299852132797,0.0007120874943211675,-0.008436850272119045,0.19591787457466125,9.711642265319824
1.77646864867144e+18,-0.06390037387609482,29.041574478149414,0.09512446820735931,-0.005776893813163042,-0.017737405374646187,0.028481261804699898,-0.17320924997329712,-3.174571990966797
1.7764686486724403e+18,0.08973290771245956,-55.81108856201172,0.03363122045993805,0.012668775394558907,0.019161581993103027,-0.020742887631058693,-0.25523748993873596,-0.7757064700126648
1.7764686486734405e+18,0.1819128692150116,-6.518660068511963,-0.08935528248548508,0.03726299852132797,-0.011587575078010559,-0.008436850272119045,0.19591787457466125,7.405040264129639
1.7764686486744407e+18,-0.15608035027980804,-19.43102264404297,0.002884593792259693,0.012668775394558907,0.01301174983382225,0.016175225377082825,-0.1321951299905777,-11.263054847717285
1.776468648675441e+18,0.05900625139474869,-45.4607048034668,-0.058608654886484146,0.0065202186815440655,0.025311412289738655,0.03463428094983101,-0.41929399967193604,4.391080856323242
1.776468648676441e+18,-0.03317371755838394,21.25316619873047,0.002884593792259693,0.031114444136619568,-0.03618689998984337,-0.020742887631058693,0.3189602494239807,5.313721656799316
1.7764686486774413e+18,0.12045956403017044,-24.554975509643555,0.09512446820735931,0.01881733164191246,0.025311412289738655,-0.0022838313598185778,-0.05016687512397766,-10.248149871826172
1.7764686486784415e+18,0.3048194944858551,33.44817352294922,0.1873643398284912,0.0065202186815440655,0.0007120874943211675,-0.0022838313598185778,0.15490375459194183,1.4386310577392578
1.7764686486794417e+18,0.05900625139474869,38.9820442199707,0.12587109208106995,0.024965887889266014,0.019161581993103027,0.016175225377082825,-0.17320924997329712,3.929760694503784
1.776468648680442e+18,0.15118621289730072,-7.031055450439453,0.12587109208106995,0.01881733164191246,-0.023887237533926964,0.0038691875524818897,0.15490375459194183,12.848620414733887
1.7764686486814423e+18,-0.12535369396209717,-23.940099716186523,-0.058608654886484146,0.012668775394558907,0.03761107474565506,-0.008436850272119045,-0.17320924997329712,1.2541029453277588
1.7764686486824425e+18,0.1819128692150116,-15.126901626586914,0.06437784433364868,0.012668775394558907,0.03761107474565506,-0.026895906776189804,0.11388962715864182,-3.943439245223999
1.7764686486834424e+18,0.15118621289730072,-25.6822452545166,0.03363122045993805,0.0003716624923981726,-0.005437743850052357,0.022328244522213936,-0.21422336995601654,-3.635892391204834
1.7764686486844426e+18,-0.0024470624048262835,2.704455614089966,0.12587109208106995,0.0065202186815440655,-0.017737405374646187,-0.020742887631058693,0.23693199455738068,8.512208938598633
1.7764686486854426e+18,-0.03317371755838394,5.061473846435547,0.12587109208106995,0.024965887889266014,0.006861918605864048,-0.0022838313598185778,0.15490375459194183,-2.682497024536133
1.7764686486864425e+18,-0.12535369396209717,8.443283081054688,-0.08935528248548508,0.024965887889266014,0.0007120874943211675,-0.008436850272119045,-0.05016687512397766,-4.743061065673828
1.7764686486874424e+18,-0.0024470624048262835,36.420066833496094,0.21811096370220184,0.0003716624923981726,-0.005437743850052357,0.016175225377082825,0.0728754997253418,7.312776565551758
1.7764686486884426e+18,-0.0024470624048262835,-3.8542044162750244,-0.058608654886484146,0.0003716624923981726,0.04376090690493584,-0.020742887631058693,-0.17320924997329712,-6.311550140380859
1.7764686486894426e+18,0.08973290771245956,-29.883886337280273,-0.058608654886484146,-0.011925449594855309,0.025311412289738655,-0.020742887631058693,-0.09118100255727768,7.651077747344971
1.7764686486904425e+18,0.028279593214392662,21.97052001953125,0.03363122045993805,0.04956011101603508,-0.017737405374646187,0.022328244522213936,-0.09118100255727768,9.588623046875
1.7764686486914424e+18,-0.0946270301938057,1.4747068881988525,0.09512446820735931,0.012668775394558907,0.006861918605864048,-0.0022838313598185778,-0.17320924997329712,-9.510037422180176
1.7764686486924426e+18,0.3969994783401489,8.443283081054688,-0.027862031012773514,0.0003716624923981726,-0.042336732149124146,-0.020742887631058693,0.23693199455738068,-3.020798683166504
1.7764686486934426e+18,0.2740928530693054,-50.58465576171875,-0.027862031012773514,0.012668775394558907,0.01301174983382225,0.016175225377082825,-0.25523748993873596,-1.2985361814498901
1.7764686486944425e+18,-0.12535369396209717,-4.878994941711426,0.12587109208106995,-0.011925449594855309,0.03761107474565506,-0.008436850272119045,-0.17320924997329712,-0.37589552998542786
1.7764686486954427e+18,0.08973290771245956,-20.35333251953125,0.03363122045993805,0.012668775394558907,0.03761107474565506,-0.014589868485927582,-0.17320924997329712,-10.801734924316406
1.7764686486964426e+18,-0.06390037387609482,-0.36991626024246216,-0.12010190635919571,0.043411556631326675,-0.005437743850052357,0.0038691875524818897,-0.009152749553322792,-10.371169090270996
1.7764686486974426e+18,0.15118621289730072,-26.194639205932617,0.21811096370220184,-0.011925449594855309,0.04376090690493584,-0.008436850272119045,-0.09118100255727768,7.220512390136719
1.7764686486984425e+18,-0.06390037387609482,14.387068748474121,0.06437784433364868,0.0065202186815440655,0.06221039965748787,-0.020742887631058693,0.19591787457466125,1.2233482599258423
1.7764686486994427e+18,0.028279593214392662,-25.6822452545166,-0.027862031012773514,-0.005776893813163042,0.04376090690493584,-0.020742887631058693,-0.09118100255727768,1.4693857431411743
1.7764686487004426e+18,-0.12535369396209717,24.532495498657227,0.1873643398284912,0.0003716624923981726,0.01301174983382225,0.022328244522213936,-0.05016687512397766,4.175798416137695
1.7764686487014426e+18,-0.0024470624048262835,29.963886260986328,0.12587109208106995,-0.005776893813163042,-0.023887237533926964,0.028481261804699898,-0.17320924997329712,1.2848576307296753
1.7764686487024425e+18,-0.0946270301938057,-22.095478057861328,0.002884593792259693,0.0065202186815440655,0.03761107474565506,-0.020742887631058693,-0.25523748993873596,2.607309103012085
1.7764686487034427e+18,0.028279593214392662,-26.194639205932617,-0.027862031012773514,-0.011925449594855309,0.04376090690493584,-0.020742887631058693,-0.009152749553322792,-13.139090538024902
1.7764686487044426e+18,0.08973290771245956,-29.166532516479492,0.2796042263507843,0.0003716624923981726,0.019161581993103027,0.0038691875524818897,0.03186137601733208,-4.527778148651123
1.7764686487054426e+18,-0.12535369396209717,-34.18800735473633,0.03363122045993805,0.012668775394558907,0.025311412289738655,-0.026895906776189804,-0.3372657597064972,6.390135765075684
1.7764686487064428e+18,0.1819128692150116,-1.08726966381073,-0.08935528248548508,0.03726299852132797,-0.011587575078010559,-0.008436850272119045,0.11388962715864182,4.913910865783691
1.7764686487074427e+18,-0.03317371755838394,5.8813066482543945,-0.08935528248548508,0.01881733164191246,0.025311412289738655,-0.0022838313598185778,0.03186137601733208,-10.9555082321167
1.7764686487084426e+18,-0.06390037387609482,14.387068748474121,0.002884593792259693,0.031114444136619568,-0.011587575078010559,0.010022206231951714,-0.009152749553322792,-12.770034790039062
1.7764686487094426e+18,0.24336618185043335,-32.548343658447266,0.03363122045993805,0.0065202186815440655,0.04376090690493584,0.022328244522213936,-0.3372657597064972,0.4544810354709625
1.7764686487104428e+18,0.05900625139474869,29.246532440185547,0.1873643398284912,-0.011925449594855309,-0.011587575078010559,0.028481261804699898,-0.41929399967193604,-2.0058939456939697
1.7764686487114427e+18,-0.0946270301938057,23.200267791748047,0.15661771595478058,-0.024222562089562416,0.07451006025075912,-0.026895906776189804,0.23693199455738068,5.036929607391357
1.7764686487124426e+18,0.028279593214392662,8.545762062072754,0.1873643398284912,0.0003716624923981726,-0.023887237533926964,0.04694031924009323,-0.21422336995601654,5.867306232452393
1.7764686487134426e+18,0.028279593214392662,5.471390247344971,0.12587109208106995,-0.011925449594855309,0.05606056749820709,-0.014589868485927582,0.23693199455738068,2.976365327835083
1.7764686487144428e+18,-0.03317371755838394,6.598659992218018,0.002884593792259693,0.01881733164191246,0.03146124258637428,-0.026895906776189804,0.23693199455738068,-3.697401762008667
1.7764686487154427e+18,0.12045956403017044,24.12257957458496,-0.027862031012773514,0.043411556631326675,-0.005437743850052357,0.010022206231951714,0.03186137601733208,-11.724374771118164
1.7764686487164426e+18,-0.06390037387609482,-19.73845863342285,-0.027862031012773514,0.0003716624923981726,-0.011587575078010559,0.022328244522213936,0.0728754997253418,11.526168823242188
1.7764686487174426e+18,-0.06390037387609482,20.843250274658203,0.06437784433364868,0.03726299852132797,0.025311412289738655,-0.008436850272119045,0.35997438430786133,-0.09910334646701813
1.7764686487184428e+18,0.2740928530693054,38.36716842651367,0.21811096370220184,-0.005776893813163042,-0.011587575078010559,0.028481261804699898,-0.05016687512397766,2.484290361404419
1.7764686487194427e+18,0.05900625139474869,-15.53681755065918,-0.12010190635919571,0.043411556631326675,-0.023887237533926964,0.028481261804699898,-0.009152749553322792,1.3156123161315918
1.7764686487204426e+18,-0.06390037387609482,1.0647906064987183,-0.027862031012773514,0.012668775394558907,0.03761107474565506,-0.008436850272119045,0.23693199455738068,8.665982246398926
1.7764686487214428e+18,-0.06390037387609482,-31.7285099029541,0.002884593792259693,0.012668775394558907,0.006861918605864048,0.016175225377082825,-0.09118100255727768,-10.032867431640625
1.7764686487224428e+18,-0.12535369396209717,2.6019766330718994,-0.058608654886484146,0.012668775394558907,0.0007120874943211675,0.022328244522213936,-0.09118100255727768,7.405040264129639
1.7764686487234427e+18,0.12045956403017044,22.58539390563965,0.06437784433364868,0.012668775394558907,0.0007120874943211675,0.028481261804699898,-0.17320924997329712,-9.356264114379883
1.7764686487244426e+18,0.12045956403017044,-4.264120578765869,0.31035083532333374,-0.005776893813163042,0.03761107474565506,0.016175225377082825,-0.17320924997329712,1.8384419679641724
1.7764686487254428e+18,0.15118621289730072,-17.176483154296875,0.1873643398284912,-0.011925449594855309,0.03761107474565506,0.03463428094983101,-0.17320924997329712,-1.1447627544403076
1.7764686487264428e+18,0.21263952553272247,-45.05078887939453,-0.058608654886484146,0.012668775394558907,0.01301174983382225,0.028481261804699898,0.0728754997253418,-3.328345537185669
1.7764686487274427e+18,0.028279593214392662,19.101104736328125,0.09512446820735931,0.01881733164191246,-0.03618689998984337,0.04694031924009323,-0.25523748993873596,-2.436459541320801
1.7764686487284426e+18,0.1819128692150116,-0.7798324823379517,0.03363122045993805,-0.005776893813163042,0.04376090690493584,-0.026895906776189804,-0.09118100255727768,9.988433837890625
1.7764686487294428e+18,0.12045956403017044,-29.473970413208008,0.1873643398284912,-0.011925449594855309,0.049910739064216614,-0.008436850272119045,-0.05016687512397766,7.189757823944092
1.7764686487304428e+18,-0.06390037387609482,-5.493869304656982,-0.027862031012773514,0.0065202186815440655,0.049910739064216614,-0.020742887631058693,0.0728754997253418,10.38824462890625
1.7764686487314427e+18,-0.0946270301938057,34.26800537109375,0.002884593792259693,0.031114444136619568,-0.03618689998984337,-0.008436850272119045,-0.21422336995601654,10.757301330566406
1.776468648732443e+18,0.12045956403017044,41.54402160644531,0.21811096370220184,-0.005776893813163042,0.0007120874943211675,0.022328244522213936,-0.3782798647880554,-7.234190940856934
1.7764686487334428e+18,0.12045956403017044,-28.039262771606445,0.002884593792259693,-0.011925449594855309,0.01301174983382225,0.016175225377082825,0.19591787457466125,-11.570601463317871
1.7764686487344428e+18,-0.0946270301938057,-33.26569366455078,-0.027862031012773514,0.03726299852132797,-0.011587575078010559,-0.0022838313598185778,0.15490375459194183,1.1618388891220093
1.7764686487354427e+18,0.1819128692150116,-20.35333251953125,0.03363122045993805,0.0003716624923981726,0.03146124258637428,-0.033048924058675766,0.2779461145401001,6.359381198883057
1.776468648736443e+18,-0.06390037387609482,21.97052001953125,0.09512446820735931,0.01881733164191246,0.025311412289738655,-0.020742887631058693,0.15490375459194183,-4.681551933288574
1.7764686487374428e+18,0.12045956403017044,-6.518660068511963,0.002884593792259693,0.0003716624923981726,0.03761107474565506,-0.020742887631058693,-0.09118100255727768,4.452590465545654
1.7764686487384428e+18,0.1819128692150116,-32.138423919677734,0.06437784433364868,0.0003716624923981726,0.025311412289738655,-0.014589868485927582,-0.09118100255727768,9.957679748535156
1.7764686487394427e+18,-0.06390037387609482,-3.2393300533294678,-0.12010190635919571,0.012668775394558907,0.03761107474565506,-0.020742887631058693,-0.17320924997329712,11.126358032226562
1.776468648740443e+18,0.2740928530693054,28.529178619384766,0.15661771595478058,0.0003716624923981726,0.0007120874943211675,0.0038691875524818897,0.15490375459194183,-12.493242263793945
1.7764686487414428e+18,-0.06390037387609482,39.39196014404297,0.12587109208106995,0.031114444136619568,0.006861918605864048,-0.020742887631058693,0.03186137601733208,-7.726265907287598
1.7764686487424428e+18,0.21263952553272247,-47.510284423828125,0.002884593792259693,0.0003716624923981726,0.025311412289738655,0.028481261804699898,-0.25523748993873596,4.57560920715332
1.7764686487434427e+18,-0.06390037387609482,22.58539390563965,0.1873643398284912,0.012668775394558907,0.006861918605864048,-0.008436850272119045,0.15490375459194183,-11.324563980102539
1.776468648744443e+18,0.3355461657047272,30.78371810913086,0.21811096370220184,0.012668775394558907,0.0007120874943211675,-0.0022838313598185778,0.15490375459194183,-11.601356506347656
1.7764686487454428e+18,-0.06390037387609482,-1.5996650457382202,-0.12010190635919571,0.024965887889266014,0.01301174983382225,-0.014589868485927582,-0.05016687512397766,8.604473114013672
1.7764686487464428e+18,-0.03317371755838394,27.914304733276367,0.06437784433364868,0.03726299852132797,0.025311412289738655,-0.014589868485927582,-0.25523748993873596,8.573718070983887
1.776468648747443e+18,-0.03317371755838394,18.69118881225586,0.1873643398284912,-0.018074005842208862,0.06836023181676865,-0.020742887631058693,0.23693199455738068,-0.6526877284049988
1.776468648748443e+18,-0.03317371755838394,25.659765243530273,0.21811096370220184,-0.005776893813163042,-0.042336732149124146,0.03463428094983101,-0.25523748993873596,-1.1140080690383911
1.7764686487494428e+18,0.12045956403017044,-34.18800735473633,-0.058608654886484146,0.0003716624923981726,0.0007120874943211675,0.028481261804699898,-0.09118100255727768,6.390135765075684
1.7764686487504428e+18,0.12045956403017044,-41.259063720703125,-0.058608654886484146,0.0065202186815440655,0.006861918605864048,0.028481261804699898,-0.25523748993873596,9.21956729888916
1.776468648751443e+18,0.21263952553272247,-49.35490798950195,-0.058608654886484146,0.0065202186815440655,0.006861918605864048,0.022328244522213936,-0.17320924997329712,10.634283065795898
1.776468648752443e+18,-0.06390037387609482,33.24321746826172,0.09512446820735931,0.0065202186815440655,0.006861918605864048,-0.033048924058675766,0.15490375459194183,-7.880039215087891
1.7764686487534428e+18,-0.06390037387609482,-37.67229461669922,0.002884593792259693,0.0065202186815440655,0.0007120874943211675,0.022328244522213936,-0.17320924997329712,9.803906440734863
1.7764686487544428e+18,0.028279593214392662,18.281272888183594,0.15661771595478058,-0.024222562089562416,0.01301174983382225,-0.0022838313598185778,-0.21422336995601654,5.006174564361572
1.776468648755443e+18,0.3048194944858551,49.947303771972656,0.24885758757591248,0.0003716624923981726,0.0007120874943211675,-0.008436850272119045,0.15490375459194183,-10.801734924316406
1.776468648756443e+18,0.1819128692150116,-33.26569366455078,0.002884593792259693,0.01881733164191246,0.019161581993103027,-0.020742887631058693,-0.25523748993873596,3.253157615661621
1.7764686487574428e+18,0.15118621289730072,12.644925117492676,-0.058608654886484146,0.024965887889266014,0.0007120874943211675,-0.014589868485927582,-0.09118100255727768,11.618432998657227
1.776468648758443e+18,0.12045956403017044,-53.14663314819336,0.002884593792259693,0.0003716624923981726,0.03146124258637428,0.028481261804699898,-0.21422336995601654,-7.387964248657227
1.776468648759443e+18,-0.12535369396209717,27.709346771240234,0.24885758757591248,0.01881733164191246,-0.011587575078010559,-0.0022838313598185778,-0.05016687512397766,-6.311550140380859
1.776468648760443e+18,-0.06390037387609482,15.514338493347168,0.12587109208106995,0.012668775394558907,-0.005437743850052357,0.022328244522213936,-0.3372657597064972,3.991270065307617
1.7764686487614428e+18,0.028279593214392662,4.754036903381348,0.1873643398284912,-0.005776893813163042,-0.017737405374646187,0.028481261804699898,0.03186137601733208,-0.46815958619117737
1.776468648762443e+18,-0.0946270301938057,24.225059509277344,0.09512446820735931,0.031114444136619568,0.019161581993103027,-0.020742887631058693,0.2779461145401001,-5.327400207519531
1.776468648763443e+18,-0.03317371755838394,35.49775695800781,0.15661771595478058,-0.005776893813163042,0.01301174983382225,0.010022206231951714,0.15490375459194183,10.572772979736328
1.776468648764443e+18,-0.0024470624048262835,12.644925117492676,-0.12010190635919571,0.024965887889266014,0.019161581993103027,-0.014589868485927582,-0.009152749553322792,7.989379405975342
1.7764686487654428e+18,-0.06390037387609482,-40.23427200317383,0.03363122045993805,0.012668775394558907,0.0007120874943211675,0.016175225377082825,0.0728754997253418,1.5308951139450073
1.776468648766443e+18,-0.0946270301938057,8.853199005126953,0.21811096370220184,-0.005776893813163042,0.0007120874943211675,0.022328244522213936,0.11388962715864182,7.651077747344971
1.776468648767443e+18,0.05900625139474869,0.4499162435531616,0.2796042263507843,-0.011925449594855309,0.006861918605864048,0.04694031924009323,-0.1321951299905777,-2.559478282928467
1.776468648768443e+18,-0.12535369396209717,34.78040313720703,0.1873643398284912,0.0003716624923981726,-0.005437743850052357,0.0038691875524818897,0.11388962715864182,8.296926498413086
1.7764686487694428e+18,-0.0024470624048262835,14.69450569152832,0.1873643398284912,0.0003716624923981726,0.07451006025075912,-0.026895906776189804,0.23693199455738068,-5.265891075134277
1.776468648770443e+18,0.1819128692150116,-20.76325035095215,0.03363122045993805,0.031114444136619568,-0.023887237533926964,-0.008436850272119045,0.23693199455738068,0.023915406316518784
1.776468648771443e+18,-0.03317371755838394,-13.384757041931152,-0.027862031012773514,0.031114444136619568,-0.005437743850052357,-0.0022838313598185778,-0.05016687512397766,-8.033812522888184
1.776468648772443e+18,-0.0024470624048262835,9.775510787963867,0.15661771595478058,-0.005776893813163042,0.06221039965748787,-0.008436850272119045,0.23693199455738068,2.853346586227417
1.776468648773443e+18,0.1819128692150116,-1.3947068452835083,0.002884593792259693,0.0065202186815440655,0.03146124258637428,-0.014589868485927582,0.35997438430786133,2.361271619796753
1.776468648774443e+18,0.08973290771245956,10.697822570800781,0.002884593792259693,0.03726299852132797,-0.005437743850052357,-0.014589868485927582,-0.009152749553322792,7.528059005737305
1.776468648775443e+18,-0.06390037387609482,21.663082122802734,0.15661771595478058,0.0065202186815440655,0.025311412289738655,-0.033048924058675766,0.11388962715864182,-2.405704975128174
1.776468648776443e+18,-0.12535369396209717,21.56060218811035,0.09512446820735931,-0.005776893813163042,0.006861918605864048,-0.008436850272119045,0.03186137601733208,-2.559478282928467
1.776468648777443e+18,0.24336618185043335,-11.437655448913574,0.002884593792259693,0.01881733164191246,0.01301174983382225,-0.008436850272119045,-0.21422336995601654,7.466549873352051
1.776468648778443e+18,-0.06390037387609482,-20.148374557495117,0.002884593792259693,0.0003716624923981726,0.0007120874943211675,0.028481261804699898,0.0728754997253418,11.403149604797363
1.776468648779443e+18,-0.06390037387609482,-17.483919143676758,-0.08935528248548508,0.031114444136619568,-0.011587575078010559,0.0038691875524818897,-0.009152749553322792,-9.479283332824707
1.776468648780443e+18,0.08973290771245956,-12.155008316040039,-0.058608654886484146,0.024965887889266014,0.0007120874943211675,-0.008436850272119045,0.03186137601733208,-11.509092330932617
1.776468648781443e+18,-0.0024470624048262835,13.567235946655273,0.002884593792259693,0.0065202186815440655,-0.023887237533926964,0.028481261804699898,-0.009152749553322792,-1.3908002376556396
1.776468648782443e+18,0.08973290771245956,-19.328542709350586,-0.058608654886484146,0.024965887889266014,-0.011587575078010559,0.03463428094983101,-0.21422336995601654,-2.590233087539673
1.7764686487834432e+18,-0.06390037387609482,25.044891357421875,0.12587109208106995,-0.018074005842208862,0.05606056749820709,-0.020742887631058693,0.23693199455738068,1.9614607095718384
1.7764686487844434e+18,0.12045956403017044,10.800301551818848,0.03363122045993805,0.024965887889266014,0.01301174983382225,0.028481261804699898,-0.25523748993873596,-7.480228424072266
1.7764686487854436e+18,0.028279593214392662,25.147369384765625,0.12587109208106995,-0.018074005842208862,0.06836023181676865,-0.020742887631058693,0.3189602494239807,-1.7598564624786377
1.7764686487864438e+18,0.12045956403017044,-12.87236213684082,-0.027862031012773514,0.024965887889266014,0.025311412289738655,-0.020742887631058693,0.19591787457466125,11.526168823242188
1.776468648787444e+18,0.028279593214392662,19.40854263305664,0.15661771595478058,-0.018074005842208862,0.06836023181676865,-0.020742887631058693,0.19591787457466125,-0.8987252116203308
1.7764686487884442e+18,0.1819128692150116,-31.62602996826172,0.06437784433364868,0.03726299852132797,-0.042336732149124146,0.04694031924009323,-0.009152749553322792,-7.818530082702637
1.7764686487894444e+18,0.12045956403017044,-4.469078540802002,0.1873643398284912,-0.005776893813163042,0.006861918605864048,0.010022206231951714,0.3189602494239807,10.080698013305664
1.7764686487904445e+18,0.24336618185043335,-17.996315002441406,0.06437784433364868,0.01881733164191246,0.04376090690493584,-0.04535496234893799,-0.1321951299905777,-10.524942398071289
1.7764686487914447e+18,-0.18680700659751892,-1.189748764038086,-0.08935528248548508,0.0003716624923981726,0.03761107474565506,-0.020742887631058693,-0.05016687512397766,6.482399940490723
1.776468648792445e+18,-0.0024470624048262835,-3.546767234802246,-0.08935528248548508,0.031114444136619568,-0.023887237533926964,0.04078729823231697,0.15490375459194183,0.5774998068809509
1.776468648793445e+18,0.12045956403017044,-30.396282196044922,0.09512446820735931,-0.011925449594855309,0.03146124258637428,-0.0022838313598185778,-0.05016687512397766,10.080698013305664
1.7764686487944453e+18,0.05900625139474869,42.05641555786133,0.21811096370220184,0.0003716624923981726,0.006861918605864048,-0.0022838313598185778,0.0728754997253418,-10.9555082321167
1.7764686487954455e+18,0.3048194944858551,25.659765243530273,0.002884593792259693,0.043411556631326675,0.006861918605864048,-0.008436850272119045,-0.05016687512397766,7.251266956329346
1.7764686487964457e+18,0.05900625139474869,-17.074003219604492,-0.15084853768348694,0.04956011101603508,-0.023887237533926964,0.022328244522213936,-0.009152749553322792,0.823537290096283
1.7764686487974461e+18,0.15118621289730072,-20.2508544921875,0.03363122045993805,-0.018074005842208862,-0.011587575078010559,0.03463428094983101,-0.09118100255727768,1.9922153949737549
1.7764686487984463e+18,0.21263952553272247,-11.232696533203125,0.06437784433364868,0.024965887889266014,-0.011587575078010559,-0.020742887631058693,0.23693199455738068,-4.435514450073242
1.7764686487994465e+18,0.05900625139474869,-4.059162616729736,-0.058608654886484146,0.024965887889266014,0.03146124258637428,-0.020742887631058693,-0.09118100255727768,2.422780990600586
1.7764686488004467e+18,-0.06390037387609482,11.210217475891113,0.002884593792259693,0.03726299852132797,-0.017737405374646187,-0.0022838313598185778,0.0728754997253418,-9.971358299255371
1.776468648801447e+18,0.15118621289730072,-30.088844299316406,0.002884593792259693,0.0003716624923981726,-0.017737405374646187,0.03463428094983101,0.15490375459194183,-0.6834424138069153
1.776468648802447e+18,-0.0024470624048262835,32.11594772338867,0.24885758757591248,0.0003716624923981726,0.01301174983382225,-0.008436850272119045,0.11388962715864182,-12.52399730682373
1.7764686488034473e+18,-0.06390037387609482,-10.310385704040527,0.15661771595478058,0.012668775394558907,0.006861918605864048,-0.0022838313598185778,0.11388962715864182,7.405040264129639
1.7764686488044475e+18,-0.03317371755838394,25.659765243530273,0.03363122045993805,0.024965887889266014,0.01301174983382225,-0.008436850272119045,0.11388962715864182,-8.556642532348633
1.7764686488054477e+18,0.08973290771245956,-33.98304748535156,-0.058608654886484146,0.0003716624923981726,0.0007120874943211675,0.028481261804699898,-0.3372657597064972,8.450699806213379
1.7764686488064479e+18,-0.03317371755838394,-3.8542044162750244,-0.08935528248548508,0.031114444136619568,-0.011587575078010559,0.0038691875524818897,-0.009152749553322792,-2.836270570755005
1.776468648807448e+18,-0.0024470624048262835,18.281272888183594,0.12587109208106995,-0.018074005842208862,0.05606056749820709,-0.020742887631058693,0.19591787457466125,-5.696456432342529
1.7764686488084483e+18,0.21263952553272247,-13.8971529006958,-0.08935528248548508,0.012668775394558907,-0.011587575078010559,0.0038691875524818897,0.03186137601733208,-4.835325241088867
1.7764686488094484e+18,-0.12535369396209717,-13.487236022949219,0.12587109208106995,-0.005776893813163042,0.019161581993103027,0.03463428094983101,-0.09118100255727768,-0.49891427159309387
1.7764686488104486e+18,0.15118621289730072,-32.3433837890625,-0.08935528248548508,0.01881733164191246,-0.011587575078010559,-0.008436850272119045,0.19591787457466125,-6.7421159744262695
1.7764686488114488e+18,-0.0946270301938057,8.340804100036621,0.15661771595478058,-0.005776893813163042,0.01301174983382225,0.0038691875524818897,0.15490375459194183,-10.986262321472168
1.776468648812449e+18,0.3355461657047272,34.575443267822266,0.15661771595478058,0.01881733164191246,-0.011587575078010559,-0.0022838313598185778,-0.05016687512397766,-9.571547508239746
1.7764686488134492e+18,-0.15608035027980804,-13.282278060913086,0.1873643398284912,-0.011925449594855309,0.04376090690493584,-0.0022838313598185778,-0.17320924997329712,1.4693857431411743
1.7764686488144494e+18,0.08973290771245956,-18.303752899169922,-0.058608654886484146,0.012668775394558907,0.0007120874943211675,-0.020742887631058693,0.19591787457466125,-7.941548824310303
1.7764686488154496e+18,0.1819128692150116,-0.2674371898174286,-0.058608654886484146,0.031114444136619568,-0.011587575078010559,-0.008436850272119045,0.11388962715864182,6.943719863891602
1.7764686488164498e+18,0.21263952553272247,-16.971525192260742,0.03363122045993805,0.024965887889266014,0.006861918605864048,-0.0022838313598185778,0.15490375459194183,-6.3730597496032715
1.77646864881745e+18,-0.06390037387609482,7.623450756072998,0.06437784433364868,0.031114444136619568,-0.005437743850052357,0.0038691875524818897,0.19591787457466125,-6.2500410079956055
1.7764686488184502e+18,-0.0024470624048262835,-9.797989845275879,0.12587109208106995,0.012668775394558907,0.01301174983382225,0.0038691875524818897,0.15490375459194183,9.250321388244629
1.7764686488194504e+18,-0.0946270301938057,31.910987854003906,0.09512446820735931,-0.011925449594855309,0.01301174983382225,0.0038691875524818897,0.0728754997253418,1.2233482599258423
1.7764686488204506e+18,0.12045956403017044,-32.855777740478516,-0.058608654886484146,0.04956011101603508,-0.023887237533926964,0.03463428094983101,-0.1321951299905777,1.8691966533660889
1.7764686488214508e+18,-0.0024470624048262835,28.83661651611328,0.15661771595478058,0.01881733164191246,-0.011587575078010559,0.028481261804699898,-0.25523748993873596,8.696737289428711
1.776468648822451e+18,0.08973290771245956,7.828408718109131,0.03363122045993805,0.01881733164191246,-0.017737405374646187,-0.008436850272119045,-0.2962516248226166,4.14504337310791
1.7764686488234511e+18,0.028279593214392662,-10.207906723022461,0.21811096370220184,0.0003716624923981726,0.03761107474565506,-0.014589868485927582,-0.1321951299905777,-3.728156566619873
1.7764686488244513e+18,-0.18680700659751892,-0.47239530086517334,-0.058608654886484146,0.024965887889266014,0.01301174983382225,-0.008436850272119045,-0.05016687512397766,5.959569931030273
1.7764686488254515e+18,0.3355461657047272,33.653133392333984,0.1873643398284912,0.024965887889266014,-0.005437743850052357,0.0038691875524818897,0.0728754997253418,-13.262109756469727
1.7764686488264517e+18,0.12045956403017044,-27.219430923461914,0.1873643398284912,0.0065202186815440655,0.01301174983382225,0.04078729823231697,-0.25523748993873596,-2.036648750305176
1.776468648827452e+18,-0.12535369396209717,23.507705688476562,0.24885758757591248,0.0003716624923981726,-0.005437743850052357,-0.008436850272119045,-0.05016687512397766,10.142207145690918
1.776468648828452e+18,0.1819128692150116,-13.692193984985352,0.002884593792259693,0.012668775394558907,0.03146124258637428,-0.020742887631058693,0.2779461145401001,12.787110328674316
1.7764686488294523e+18,-0.0024470624048262835,10.390385627746582,0.1873643398284912,0.0003716624923981726,0.0007120874943211675,0.016175225377082825,0.15490375459194183,1.5001404285430908
1.7764686488304525e+18,0.05900625139474869,-20.2508544921875,-0.15084853768348694,0.04956011101603508,-0.023887237533926964,0.016175225377082825,-0.1321951299905777,10.01918888092041
1.7764686488314527e+18,-0.0024470624048262835,22.6878719329834,0.15661771595478058,0.0003716624923981726,0.006861918605864048,0.0038691875524818897,0.2779461145401001,0.2699528932571411
1.7764686488324529e+18,-0.06390037387609482,4.549078941345215,-0.027862031012773514,0.043411556631326675,-0.005437743850052357,-0.0022838313598185778,-0.009152749553322792,0.2084435373544693
1.776468648833453e+18,-0.0024470624048262835,-0.47239530086517334,0.03363122045993805,0.012668775394558907,0.03761107474565506,0.010022206231951714,-0.1321951299905777,-1.6060830354690552
1.7764686488344532e+18,-0.06390037387609482,10.492864608764648,0.09512446820735931,0.0003716624923981726,0.0007120874943211675,0.022328244522213936,0.15490375459194183,-7.97230339050293
1.7764686488354534e+18,-0.0024470624048262835,6.906097412109375,-0.058608654886484146,0.012668775394558907,0.03146124258637428,-0.014589868485927582,-0.09118100255727768,3.591459274291992
1.7764686488364536e+18,-0.0024470624048262835,16.53912925720215,0.06437784433364868,0.031114444136619568,0.01301174983382225,-0.020742887631058693,0.23693199455738068,11.464658737182617
1.7764686488374538e+18,0.08973290771245956,-34.597923278808594,-0.058608654886484146,0.0065202186815440655,0.01301174983382225,0.028481261804699898,-0.21422336995601654,-0.34514084458351135
1.776468648838454e+18,-0.0024470624048262835,36.72750473022461,0.21811096370220184,0.0003716624923981726,0.0007120874943211675,0.016175225377082825,-0.17320924997329712,-9.571547508239746
1.7764686488394542e+18,0.12045956403017044,-7.953366756439209,0.24885758757591248,-0.005776893813163042,0.049910739064216614,-0.014589868485927582,-0.009152749553322792,8.573718070983887
1.7764686488404544e+18,0.1819128692150116,0.34743717312812805,0.002884593792259693,0.012668775394558907,0.03761107474565506,-0.014589868485927582,-0.17320924997329712,-8.464378356933594
1.7764686488414546e+18,0.08973290771245956,-12.564924240112305,-0.058608654886484146,0.01881733164191246,-0.017737405374646187,0.028481261804699898,0.23693199455738068,1.4386310577392578
1.7764686488424548e+18,-0.03317371755838394,22.072998046875,0.12587109208106995,0.0003716624923981726,-0.011587575078010559,0.04694031924009323,-0.2962516248226166,8.942774772644043
1.776468648843455e+18,0.12045956403017044,-24.14505958557129,0.03363122045993805,0.04956011101603508,-0.03003706783056259,0.028481261804699898,0.23693199455738068,-2.1289126873016357
1.7764686488444552e+18,0.08973290771245956,-27.01447296142578,-0.058608654886484146,0.01881733164191246,-0.03003706783056259,0.04078729823231697,-0.09118100255727768,1.2233482599258423
1.7764686488454554e+18,0.05900625139474869,9.365594863891602,0.15661771595478058,-0.024222562089562416,0.07451006025075912,-0.026895906776189804,0.2779461145401001,-0.8372158408164978
1.7764686488464556e+18,0.21263952553272247,-29.67892837524414,0.06437784433364868,0.024965887889266014,0.025311412289738655,-0.014589868485927582,-0.2962516248226166,8.419944763183594
1.7764686488474557e+18,0.24336618185043335,40.82666778564453,0.15661771595478058,0.0065202186815440655,0.0007120874943211675,-0.0022838313598185778,0.03186137601733208,-5.41966438293457
1.776468648848456e+18,0.24336618185043335,-44.948307037353516,-0.027862031012773514,0.0003716624923981726,0.01301174983382225,0.022328244522213936,-0.3372657597064972,3.52994966506958
1.776468648849456e+18,-0.12535369396209717,37.54733657836914,0.21811096370220184,-0.005776893813163042,0.01301174983382225,-0.008436850272119045,0.11388962715864182,-12.031922340393066
1.7764686488504563e+18,0.08973290771245956,-9.388073921203613,0.12587109208106995,0.0003716624923981726,-0.017737405374646187,0.022328244522213936,0.19591787457466125,0.4544810354709625
1.7764686488514565e+18,0.15118621289730072,-40.644187927246094,-0.027862031012773514,0.0065202186815440655,0.0007120874943211675,0.03463428094983101,0.11388962715864182,2.791837215423584
1.7764686488524567e+18,0.1819128692150116,2.8069345951080322,-0.027862031012773514,0.024965887889266014,-0.011587575078010559,-0.008436850272119045,0.03186137601733208,-8.987208366394043
1.776468648853457e+18,0.028279593214392662,9.6730318069458,0.15661771595478058,0.0003716624923981726,0.04376090690493584,-0.033048924058675766,-0.009152749553322792,-6.803625106811523
1.776468648854457e+18,-0.03317371755838394,37.957252502441406,0.15661771595478058,-0.005776893813163042,0.0007120874943211675,0.016175225377082825,0.0728754997253418,8.912019729614258
1.7764686488554573e+18,-0.0024470624048262835,20.330854415893555,0.03363122045993805,0.03726299852132797,0.025311412289738655,-0.039201945066452026,-0.1321951299905777,-4.866079807281494
1.7764686488564575e+18,-0.06390037387609482,29.041574478149414,0.15661771595478058,0.012668775394558907,0.019161581993103027,-0.020742887631058693,0.15490375459194183,-4.158721923828125
1.7764686488574577e+18,0.028279593214392662,-11.130217552185059,-0.15084853768348694,-0.005776893813163042,-0.023887237533926964,-0.0022838313598185778,0.2779461145401001,0.4544810354709625
1.7764686488584579e+18,0.028279593214392662,3.421808958053589,0.06437784433364868,0.0003716624923981726,-0.011587575078010559,0.010022206231951714,0.0728754997253418,-1.2985361814498901
1.776468648859458e+18,-0.0024470624048262835,45.13078689575195,0.21811096370220184,0.0003716624923981726,0.006861918605864048,-0.0022838313598185778,0.23693199455738068,-7.6647562980651855
1.7764686488604582e+18,0.15118621289730072,-3.546767234802246,-0.027862031012773514,0.024965887889266014,0.0007120874943211675,-0.008436850272119045,-0.09118100255727768,-1.0832533836364746
1.7764686488614584e+18,0.1819128692150116,44.92583084106445,0.21811096370220184,-0.011925449594855309,0.006861918605864048,0.0038691875524818897,0.15490375459194183,7.405040264129639
1.776468648862459e+18,0.028279593214392662,22.892831802368164,0.15661771595478058,0.012668775394558907,0.0007120874943211675,0.04078729823231697,-0.25523748993873596,7.958624839782715
1.776468648863459e+18,0.12045956403017044,-19.02110481262207,-0.058608654886484146,0.04956011101603508,-0.023887237533926964,0.016175225377082825,0.23693199455738068,-0.40665021538734436
1.7764686488644593e+18,-0.03317371755838394,10.902780532836914,0.002884593792259693,0.01881733164191246,0.03761107474565506,-0.033048924058675766,-0.1321951299905777,-10.125131607055664
1.7764686488654595e+18,0.24336618185043335,-45.76814270019531,0.002884593792259693,0.0065202186815440655,0.03761107474565506,-0.008436850272119045,-0.09118100255727768,-7.787775039672852
1.7764686488664596e+18,0.24336618185043335,18.281272888183594,0.002884593792259693,0.031114444136619568,-0.023887237533926964,-0.0022838313598185778,-0.05016687512397766,-6.588342189788818
1.7764686488674598e+18,0.12045956403017044,-2.9318928718566895,0.03363122045993805,0.024965887889266014,-0.023887237533926964,0.010022206231951714,-0.25523748993873596,7.312776565551758
1.77646864886846e+18,0.028279593214392662,5.983785629272461,0.2796042263507843,-0.018074005842208862,0.0007120874943211675,0.03463428094983101,-0.1321951299905777,-1.2062721252441406
1.7764686488694602e+18,0.1819128692150116,-52.01936340332031,-0.058608654886484146,0.0003716624923981726,0.03761107474565506,0.010022206231951714,-0.17320924997329712,-9.756074905395508
1.7764686488704604e+18,-0.0024470624048262835,-18.406230926513672,-0.08935528248548508,0.04956011101603508,-0.017737405374646187,0.03463428094983101,-0.25523748993873596,5.8980607986450195
1.7764686488714606e+18,-0.0024470624048262835,29.246532440185547,0.09512446820735931,0.031114444136619568,-0.023887237533926964,0.0038691875524818897,-0.17320924997329712,11.77220630645752
1.7764686488724608e+18,0.1819128692150116,40.724185943603516,0.12587109208106995,0.031114444136619568,-0.005437743850052357,0.0038691875524818897,-0.009152749553322792,-5.542683124542236
1.776468648873461e+18,0.05900625139474869,-37.1599006652832,-0.058608654886484146,0.012668775394558907,0.006861918605864048,0.028481261804699898,0.0728754997253418,7.251266956329346
1.7764686488744612e+18,0.12045956403017044,36.522544860839844,0.21811096370220184,0.0065202186815440655,0.0007120874943211675,0.028481261804699898,-0.3782798647880554,-4.158721923828125
1.7764686488754614e+18,-0.12535369396209717,-8.875678062438965,-0.058608654886484146,0.03726299852132797,-0.011587575078010559,-0.0022838313598185778,-0.09118100255727768,-4.773815631866455
1.7764686488764616e+18,-0.12535369396209717,16.74408721923828,0.09512446820735931,0.0003716624923981726,0.0007120874943211675,-0.008436850272119045,0.15490375459194183,-6.1270222663879395
1.7764686488774618e+18,-0.15608035027980804,5.266432285308838,-0.058608654886484146,0.03726299852132797,-0.005437743850052357,0.0038691875524818897,0.23693199455738068,-4.712306499481201
1.776468648878462e+18,0.3355461657047272,30.578760147094727,0.12587109208106995,0.03726299852132797,0.0007120874943211675,-0.0022838313598185778,0.0728754997253418,1.0695748329162598
1.7764686488794621e+18,0.21263952553272247,-37.26237869262695,0.002884593792259693,0.0065202186815440655,0.019161581993103027,0.022328244522213936,-0.1321951299905777,-2.467214345932007
1.7764686488804623e+18,-0.0024470624048262835,-37.46733856201172,0.002884593792259693,0.0003716624923981726,0.03146124258637428,-0.008436850272119045,-0.25523748993873596,-4.220231533050537
1.7764686488814625e+18,0.028279593214392662,31.296113967895508,0.15661771595478058,0.0003716624923981726,-0.023887237533926964,0.04078729823231697,-0.17320924997329712,-1.9751392602920532
1.7764686488824627e+18,0.028279593214392662,29.246532440185547,0.12587109208106995,-0.024222562089562416,0.07451006025075912,-0.020742887631058693,0.23693199455738068,-1.5753283500671387
1.776468648883463e+18,0.12045956403017044,-25.06736946105957,-0.027862031012773514,-0.011925449594855309,-0.005437743850052357,0.028481261804699898,-0.25523748993873596,-1.3908002376556396
1.776468648884463e+18,0.1819128692150116,-47.10036849975586,-0.058608654886484146,0.03726299852132797,-0.023887237533926964,0.0038691875524818897,0.03186137601733208,-10.032867431640625
1.7764686488854636e+18,-0.03317371755838394,-2.112060308456421,0.1873643398284912,0.012668775394558907,-0.023887237533926964,0.04078729823231697,-0.1321951299905777,-3.113062620162964
1.7764686488864637e+18,-0.12535369396209717,-10.617822647094727,0.03363122045993805,0.0065202186815440655,0.006861918605864048,0.028481261804699898,-0.25523748993873596,-8.464378356933594
1.776468648887464e+18,-0.12535369396209717,-0.36991626024246216,0.09512446820735931,0.012668775394558907,0.006861918605864048,0.0038691875524818897,0.15490375459194183,6.144098281860352
1.7764686488884641e+18,-0.06390037387609482,-5.596348285675049,0.002884593792259693,0.0065202186815440655,-0.005437743850052357,0.016175225377082825,-0.21422336995601654,5.006174564361572
1.7764686488894643e+18,-0.03317371755838394,-4.776515960693359,-0.027862031012773514,0.031114444136619568,-0.005437743850052357,-0.008436850272119045,-0.009152749553322792,-10.555697441101074
1.7764686488904645e+18,0.1819128692150116,-45.6656608581543,0.002884593792259693,0.0065202186815440655,0.03146124258637428,-0.020742887631058693,-0.1321951299905777,6.0518341064453125
1.7764686488914647e+18,0.08973290771245956,-29.986364364624023,0.06437784433364868,0.0003716624923981726,-0.005437743850052357,0.04078729823231697,0.0728754997253418,-5.696456432342529
1.776468648892465e+18,-0.0024470624048262835,14.69450569152832,0.12587109208106995,-0.011925449594855309,-0.023887237533926964,0.05309333652257919,-0.17320924997329712,9.004283905029297
1.7764686488934653e+18,-0.0024470624048262835,8.750720024108887,0.12587109208106995,-0.011925449594855309,0.06221039965748787,-0.033048924058675766,0.15490375459194183,-0.40665021538734436
1.7764686488944655e+18,-0.03317371755838394,10.800301551818848,0.06437784433364868,0.012668775394558907,0.03146124258637428,-0.026895906776189804,0.0728754997253418,-4.250986099243164
1.7764686488954657e+18,0.12045956403017044,-20.455812454223633,0.06437784433364868,-0.011925449594855309,0.04376090690493584,-0.008436850272119045,-0.1321951299905777,3.406930923461914
1.776468648896466e+18,0.08973290771245956,31.910987854003906,0.24885758757591248,-0.005776893813163042,0.0007120874943211675,0.016175225377082825,0.03186137601733208,10.480508804321289
1.776468648897466e+18,-0.06390037387609482,-1.3947068452835083,0.06437784433364868,0.031114444136619568,0.0007120874943211675,-0.008436850272119045,0.19591787457466125,0.823537290096283
1.7764686488984663e+18,-0.06390037387609482,16.949045181274414,0.03363122045993805,0.024965887889266014,-0.017737405374646187,-0.014589868485927582,-0.09118100255727768,9.250321388244629
1.7764686488994665e+18,0.05900625139474869,14.489547729492188,0.06437784433364868,0.0065202186815440655,-0.023887237533926964,0.022328244522213936,-0.21422336995601654,3.376176357269287
1.776468648900467e+18,0.1819128692150116,-36.95494079589844,-0.058608654886484146,0.012668775394558907,0.006861918605864048,0.022328244522213936,-0.09118100255727768,9.496358871459961
1.7764686489014671e+18,0.15118621289730072,-43.61608123779297,0.002884593792259693,0.0065202186815440655,0.03146124258637428,-0.014589868485927582,0.03186137601733208,10.9110746383667
1.7764686489024673e+18,-0.12535369396209717,-11.232696533203125,-0.08935528248548508,0.031114444136619568,-0.011587575078010559,-0.008436850272119045,-0.009152749553322792,-9.571547508239746
1.7764686489034675e+18,-0.06390037387609482,9.058157920837402,0.09512446820735931,0.012668775394558907,0.01301174983382225,0.010022206231951714,0.15490375459194183,13.309940338134766
1.7764686489044677e+18,0.21263952553272247,-5.80130672454834,0.002884593792259693,0.012668775394558907,0.03761107474565506,-0.04535496234893799,0.2779461145401001,3.007120132446289
1.776468648905468e+18,-0.0024470624048262835,-28.34670066833496,0.03363122045993805,-0.018074005842208862,0.04376090690493584,-0.008436850272119045,-0.009152749553322792,7.035984039306641
1.776468648906468e+18,0.15118621289730072,-17.893835067749023,-0.08935528248548508,-0.005776893813163042,0.01301174983382225,0.022328244522213936,-0.21422336995601654,2.176743507385254
1.7764686489074683e+18,-0.12535369396209717,-25.6822452545166,-0.058608654886484146,0.0003716624923981726,0.03761107474565506,-0.033048924058675766,0.3189602494239807,9.926924705505371
1.7764686489084687e+18,-0.06390037387609482,30.06636619567871,0.15661771595478058,-0.03037111833691597,0.0007120874943211675,0.022328244522213936,-0.1321951299905777,-2.805515766143799
1.776468648909469e+18,-0.0946270301938057,-5.083952903747559,-0.027862031012773514,-0.005776893813163042,0.0007120874943211675,0.022328244522213936,0.11388962715864182,11.218621253967285
1.776468648910469e+18,0.05900625139474869,4.44659948348999,0.002884593792259693,0.031114444136619568,-0.005437743850052357,-0.008436850272119045,-0.05016687512397766,3.9605154991149902
1.7764686489114693e+18,0.12045956403017044,39.596920013427734,0.24885758757591248,0.0003716624923981726,0.0007120874943211675,0.0038691875524818897,-0.009152749553322792,-13.016072273254395
1.7764686489124695e+18,0.12045956403017044,-34.08552932739258,0.21811096370220184,-0.018074005842208862,0.03761107474565506,-0.033048924058675766,-0.09118100255727768,-0.8679705262184143
1.7764686489134697e+18,-0.0024470624048262835,-26.194639205932617,-0.12010190635919571,0.0065202186815440655,-0.005437743850052357,-0.020742887631058693,0.23693199455738068,-5.142871856689453
1.77646864891447e+18,-0.06390037387609482,17.563919067382812,0.12587109208106995,0.012668775394558907,0.019161581993103027,0.0038691875524818897,0.19591787457466125,10.38824462890625
1.7764686489154703e+18,0.21263952553272247,-35.82767105102539,0.03363122045993805,0.0065202186815440655,0.03761107474565506,-0.026895906776189804,0.0728754997253418,-2.436459541320801
1.7764686489164705e+18,0.08973290771245956,-39.92683410644531,0.03363122045993805,0.012668775394558907,0.04376090690493584,-0.020742887631058693,-0.09118100255727768,0.1776888370513916
1.7764686489174707e+18,0.21263952553272247,-34.18800735473633,0.09512446820735931,0.0065202186815440655,0.04376090690493584,-0.008436850272119045,-0.17320924997329712,-11.601356506347656
1.776468648918471e+18,0.21263952553272247,-42.89872741699219,0.03363122045993805,0.0065202186815440655,0.03761107474565506,-0.033048924058675766,0.2779461145401001,7.774096488952637
1.776468648919471e+18,-0.06390037387609482,24.225059509277344,0.03363122045993805,0.024965887889266014,-0.017737405374646187,-0.020742887631058693,-0.09118100255727768,9.680887222290039
1.7764686489204713e+18,0.15118621289730072,-11.027738571166992,0.24885758757591248,-0.011925449594855309,0.03146124258637428,-0.008436850272119045,-0.17320924997329712,9.434849739074707
1.7764686489214715e+18,-0.0024470624048262835,-4.3665995597839355,-0.12010190635919571,0.04956011101603508,-0.017737405374646187,0.03463428094983101,-0.1321951299905777,8.173907279968262
1.7764686489224717e+18,0.1819128692150116,37.137420654296875,0.21811096370220184,-0.011925449594855309,0.006861918605864048,0.010022206231951714,0.0728754997253418,9.434849739074707
1.7764686489234721e+18,0.05900625139474869,13.66971492767334,0.12587109208106995,-0.018074005842208862,0.025311412289738655,-0.020742887631058693,0.19591787457466125,-8.218340873718262
1.7764686489244723e+18,0.15118621289730072,-27.834304809570312,0.03363122045993805,0.012668775394558907,0.03146124258637428,-0.0022838313598185778,-0.05016687512397766,9.496358871459961
1.7764686489254725e+18,-0.06390037387609482,7.828408718109131,0.06437784433364868,0.03726299852132797,0.0007120874943211675,-0.014589868485927582,-0.09118100255727768,0.2391982227563858
1.7764686489264727e+18,-0.03317371755838394,26.274639129638672,0.21811096370220184,0.0003716624923981726,-0.005437743850052357,0.0038691875524818897,-0.009152749553322792,-8.587396621704102
1.776468648927473e+18,0.05900625139474869,5.983785629272461,-0.12010190635919571,0.024965887889266014,-0.03003706783056259,0.022328244522213936,-0.09118100255727768,1.7461779117584229
1.776468648928473e+18,-0.0024470624048262835,-7.748408794403076,-0.058608654886484146,0.04956011101603508,-0.03003706783056259,0.03463428094983101,-0.17320924997329712,-0.9602345824241638
1.7764686489294733e+18,-0.0024470624048262835,17.051525115966797,0.1873643398284912,0.024965887889266014,-0.011587575078010559,-0.008436850272119045,-0.009152749553322792,5.467494964599609
1.7764686489304735e+18,-0.0024470624048262835,-57.14331817626953,0.03363122045993805,0.0003716624923981726,0.0007120874943211675,0.04694031924009323,-0.17320924997329712,-7.449473857879639
1.776468648931474e+18,-0.0946270301938057,25.35232925415039,0.12587109208106995,-0.018074005842208862,0.025311412289738655,0.03463428094983101,-0.17320924997329712,-1.9443845748901367
1.776468648932474e+18,-0.06390037387609482,-40.33675003051758,-0.058608654886484146,0.012668775394558907,0.03146124258637428,-0.0022838313598185778,-0.17320924997329712,-7.0189080238342285
1.7764686489334743e+18,0.05900625139474869,-36.95494079589844,0.002884593792259693,0.01881733164191246,0.03146124258637428,-0.04535496234893799,0.19591787457466125,6.2978715896606445
1.7764686489344745e+18,-0.0946270301938057,-24.042579650878906,-0.058608654886484146,0.012668775394558907,0.025311412289738655,-0.014589868485927582,0.40098848938941956,8.850510597229004
1.7764686489354747e+18,0.24336618185043335,-18.611188888549805,0.002884593792259693,0.031114444136619568,0.0007120874943211675,-0.026895906776189804,0.3189602494239807,6.0210795402526855
1.776468648936475e+18,-0.0024470624048262835,-0.7798324823379517,0.1873643398284912,-0.011925449594855309,0.006861918605864048,0.016175225377082825,-0.17320924997329712,9.742396354675293
1.776468648937475e+18,-0.0024470624048262835,-1.292227864265442,-0.12010190635919571,0.05570866912603378,-0.023887237533926964,0.022328244522213936,-0.17320924997329712,14.816920280456543
1.7764686489384755e+18,-0.0024470624048262835,13.567235946655273,0.09512446820735931,-0.024222562089562416,0.0007120874943211675,0.03463428094983101,-0.17320924997329712,25.088985443115234
1.7764686489394757e+18,0.08973290771245956,41.03162384033203,0.12587109208106995,0.012668775394558907,0.019161581993103027,0.0038691875524818897,0.11388962715864182,18.322954177856445
1.776468648940476e+18,0.15118621289730072,21.868040084838867,0.15661771595478058,0.03726299852132797,0.0007120874943211675,-0.008436850272119045,0.03186137601733208,16.23163604736328
1.776468648941476e+18,0.15118621289730072,-44.845829010009766,0.03363122045993805,0.012668775394558907,0.03761107474565506,-0.039201945066452026,0.15490375459194183,41.81953430175781
1.7764686489424763e+18,-0.0024470624048262835,-29.473970413208008,0.03363122045993805,-0.011925449594855309,0.049910739064216614,-0.026895906776189804,-0.09118100255727768,38.03670883178711
1.7764686489434765e+18,-0.06390037387609482,5.061473846435547,0.1873643398284912,0.0003716624923981726,0.0007120874943211675,0.016175225377082825,-0.25523748993873596,38.49802780151367
1.7764686489444767e+18,0.1819128692150116,-42.48881149291992,0.03363122045993805,0.0065202186815440655,0.04376090690493584,0.016175225377082825,-0.17320924997329712,47.72443389892578
1.7764686489454769e+18,0.2740928530693054,30.988676071166992,0.21811096370220184,-0.011925449594855309,0.006861918605864048,0.016175225377082825,-0.009152749553322792,66.85385131835938
1.7764686489464773e+18,0.12045956403017044,-21.58308219909668,0.31035083532333374,-0.011925449594855309,0.03761107474565506,-0.020742887631058693,-0.05016687512397766,77.74101257324219
1.7764686489474775e+18,0.15118621289730072,-17.893835067749023,-0.027862031012773514,0.024965887889266014,-0.011587575078010559,0.0038691875524818897,-0.009152749553322792,66.14649200439453
1.7764686489484777e+18,0.12045956403017044,-56.5284423828125,0.002884593792259693,0.0065202186815440655,0.019161581993103027,0.016175225377082825,-0.17320924997329712,73.2200698852539
1.776468648949478e+18,-0.12535369396209717,-31.52355194091797,-0.058608654886484146,0.0003716624923981726,0.019161581993103027,0.016175225377082825,-0.17320924997329712,77.55648040771484
1.776468648950478e+18,-0.12535369396209717,14.387068748474121,0.002884593792259693,0.0065202186815440655,0.006861918605864048,0.028481261804699898,-0.17320924997329712,80.01686096191406
1.7764686489514783e+18,0.15118621289730072,25.659765243530273,0.21811096370220184,-0.005776893813163042,0.006861918605864048,0.028481261804699898,-0.09118100255727768,95.1174087524414
1.7764686489524785e+18,0.3048194944858551,32.9357795715332,0.1873643398284912,0.0003716624923981726,0.01301174983382225,0.0038691875524818897,0.15490375459194183,109.81815338134766
1.776468648953479e+18,0.1819128692150116,-3.341809034347534,-0.12010190635919571,0.031114444136619568,0.0007120874943211675,-0.008436850272119045,0.11388962715864182,111.81720733642578
1.776468648954479e+18,0.05900625139474869,-5.596348285675049,-0.12010190635919571,0.031114444136619568,-0.011587575078010559,0.04078729823231697,-0.17320924997329712,106.46588897705078
1.7764686489554793e+18,0.15118621289730072,-34.08552932739258,-0.027862031012773514,0.012668775394558907,0.0007120874943211675,0.028481261804699898,-0.17320924997329712,111.81720733642578
1.7764686489564795e+18,0.21263952553272247,5.368911266326904,0.002884593792259693,0.012668775394558907,0.03146124258637428,-0.033048924058675766,0.0728754997253418,106.89645385742188
1.7764686489574797e+18,0.15118621289730072,-28.44917869567871,0.03363122045993805,-0.011925449594855309,0.049910739064216614,-0.026895906776189804,-0.05016687512397766,116.95323944091797
1.77646864895848e+18,-0.06390037387609482,41.54402160644531,0.1873643398284912,0.012668775394558907,0.025311412289738655,-0.014589868485927582,0.3189602494239807,119.75191497802734
1.77646864895948e+18,0.15118621289730072,-49.35490798950195,0.002884593792259693,-0.005776893813163042,0.049910739064216614,0.010022206231951714,-0.17320924997329712,104.34381866455078
1.7764686489604803e+18,0.21263952553272247,28.83661651611328,0.12587109208106995,0.03726299852132797,-0.011587575078010559,0.0038691875524818897,-0.009152749553322792,106.43513488769531
1.7764686489614807e+18,0.08973290771245956,-28.85909652709961,0.06437784433364868,-0.011925449594855309,0.04376090690493584,-0.014589868485927582,-0.05016687512397766,119.75191497802734
1.776468648962481e+18,-0.06390037387609482,21.25316619873047,0.15661771595478058,-0.018074005842208862,0.06221039965748787,-0.033048924058675766,0.15490375459194183,111.26361846923828
1.776468648963481e+18,0.08973290771245956,9.365594863891602,0.15661771595478058,-0.011925449594855309,0.03761107474565506,-0.020742887631058693,0.0728754997253418,110.80229949951172
1.7764686489644813e+18,0.12045956403017044,-1.8046231269836426,0.002884593792259693,0.01881733164191246,0.03146124258637428,-0.020742887631058693,0.3189602494239807,127.77888488769531
1.7764686489654815e+18,-0.12535369396209717,-2.5219764709472656,0.002884593792259693,0.031114444136619568,-0.005437743850052357,-0.0022838313598185778,0.11388962715864182,128.27096557617188
1.7764686489664817e+18,0.3355461657047272,20.843250274658203,0.09512446820735931,0.0003716624923981726,0.006861918605864048,-0.026895906776189804,0.0728754997253418,123.7500228881836
1.7764686489674819e+18,0.24336618185043335,-25.272329330444336,-0.058608654886484146,0.0003716624923981726,0.01301174983382225,0.016175225377082825,-0.09118100255727768,128.20945739746094
1.7764686489684823e+18,-0.06390037387609482,25.96720314025879,0.21811096370220184,-0.005776893813163042,0.0007120874943211675,0.016175225377082825,0.11388962715864182,133.03793334960938
1.7764686489694825e+18,0.15118621289730072,-13.999631881713867,0.03363122045993805,0.012668775394558907,0.025311412289738655,-0.008436850272119045,-0.05016687512397766,133.468505859375
1.7764686489704827e+18,0.1819128692150116,-3.8542044162750244,0.03363122045993805,0.024965887889266014,-0.011587575078010559,-0.033048924058675766,0.19591787457466125,125.04171752929688
1.776468648971483e+18,0.08973290771245956,-40.23427200317383,0.002884593792259693,0.031114444136619568,-0.042336732149124146,-0.020742887631058693,0.23693199455738068,126.79473876953125
1.776468648972483e+18,-0.0024470624048262835,26.991992950439453,0.06437784433364868,0.012668775394558907,0.0007120874943211675,-0.026895906776189804,0.0728754997253418,118.58323669433594
1.7764686489734833e+18,-0.06390037387609482,31.193635940551758,0.12587109208106995,-0.005776893813163042,-0.011587575078010559,0.03463428094983101,-0.17320924997329712,125.77983093261719
1.7764686489744835e+18,-0.12535369396209717,-54.171424865722656,0.06437784433364868,0.01881733164191246,-0.042336732149124146,0.022328244522213936,0.15490375459194183,126.45643615722656
1.7764686489754836e+18,0.15118621289730072,-28.85909652709961,0.002884593792259693,0.01881733164191246,0.025311412289738655,-0.008436850272119045,-0.05016687512397766,129.9317169189453
1.776468648976484e+18,0.15118621289730072,-11.84757137298584,0.06437784433364868,0.03726299852132797,-0.023887237533926964,0.04078729823231697,-0.21422336995601654,123.90379333496094
1.7764686489774843e+18,0.028279593214392662,17.871356964111328,0.06437784433364868,0.01881733164191246,0.006861918605864048,-0.008436850272119045,-0.21422336995601654,138.38925170898438
1.7764686489784845e+18,0.24336618185043335,-39.72187805175781,-0.027862031012773514,0.0065202186815440655,0.019161581993103027,0.016175225377082825,-0.2962516248226166,131.1003875732422
1.7764686489794847e+18,-0.0946270301938057,-16.664087295532227,0.09512446820735931,0.0065202186815440655,0.006861918605864048,0.016175225377082825,-0.3782798647880554,123.44247436523438
1.7764686489804849e+18,0.21263952553272247,-39.82435607910156,0.03363122045993805,0.01881733164191246,-0.011587575078010559,0.04694031924009323,-0.25523748993873596,125.07247161865234
1.776468648981485e+18,-0.06390037387609482,9.775510787963867,-0.027862031012773514,0.0003716624923981726,0.0007120874943211675,0.022328244522213936,-0.09118100255727768,125.28775787353516
1.7764686489824855e+18,0.1819128692150116,-39.4144401550293,0.03363122045993805,0.024965887889266014,-0.023887237533926964,-0.0022838313598185778,0.11388962715864182,125.38002014160156
1.7764686489834854e+18,-0.0024470624048262835,19.613500595092773,0.15661771595478058,-0.03037111833691597,-0.017737405374646187,0.03463428094983101,-0.21422336995601654,135.2830352783203
1.7764686489844854e+18,-0.0024470624048262835,10.185426712036133,-0.058608654886484146,0.024965887889266014,0.025311412289738655,-0.026895906776189804,-0.17320924997329712,145.4013214111328
1.7764686489854856e+18,-0.12535369396209717,-16.561607360839844,-0.12010190635919571,0.03726299852132797,-0.011587575078010559,-0.0022838313598185778,0.11388962715864182,123.90379333496094
1.7764686489864855e+18,0.05900625139474869,-9.18311595916748,-0.027862031012773514,-0.011925449594855309,0.049910739064216614,-0.026895906776189804,-0.09118100255727768,128.57850646972656
1.7764686489874854e+18,-0.0946270301938057,-27.321908950805664,-0.058608654886484146,0.0003716624923981726,0.04376090690493584,-0.020742887631058693,-0.3372657597064972,131.346435546875
1.7764686489884856e+18,0.12045956403017044,-0.36991626024246216,0.03363122045993805,0.031114444136619568,-0.005437743850052357,-0.026895906776189804,0.23693199455738068,136.6669921875
1.7764686489894856e+18,0.12045956403017044,-3.341809034347534,-0.058608654886484146,0.0003716624923981726,0.006861918605864048,0.022328244522213936,-0.17320924997329712,137.12831115722656
1.7764686489904855e+18,-0.0946270301938057,-36.44254684448242,0.09512446820735931,0.031114444136619568,0.07451006025075912,0.03463428094983101,-0.1321951299905777,141.71075439453125
1.7764686489914854e+18,0.08973290771245956,-4.469078540802002,0.002884593792259693,-0.011925449594855309,0.04376090690493584,-0.008436850272119045,-0.05016687512397766,134.97547912597656
1.7764686489924856e+18,0.028279593214392662,21.56060218811035,-0.027862031012773514,0.0003716624923981726,0.01301174983382225,0.016175225377082825,-0.1321951299905777,140.6343536376953
1.7764686489934856e+18,-0.0024470624048262835,14.182110786437988,0.12587109208106995,-0.024222562089562416,0.06221039965748787,-0.020742887631058693,0.19591787457466125,130.4545440673828
1.7764686489944855e+18,-0.12535369396209717,-24.657453536987305,-0.027862031012773514,0.0003716624923981726,0.04376090690493584,-0.008436850272119045,0.03186137601733208,141.8030242919922
1.7764686489954857e+18,-0.12535369396209717,-39.51691818237305,-0.027862031012773514,0.0003716624923981726,0.03761107474565506,-0.026895906776189804,0.03186137601733208,154.01263427734375
1.7764686489964856e+18,0.028279593214392662,41.33906173706055,0.1873643398284912,-0.005776893813163042,0.0007120874943211675,0.016175225377082825,0.15490375459194183,152.3211212158203
1.7764686489974856e+18,0.028279593214392662,10.082947731018066,0.12587109208106995,0.01881733164191246,-0.023887237533926964,0.03463428094983101,-0.1321951299905777,146.23170471191406
1.7764686489984855e+18,0.12045956403017044,14.899463653564453,0.06437784433364868,-0.011925449594855309,0.0806598961353302,-0.020742887631058693,0.03186137601733208,141.92604064941406
1.7764686489994857e+18,0.12045956403017044,-25.6822452545166,0.24885758757591248,-0.018074005842208862,0.049910739064216614,-0.026895906776189804,-0.09118100255727768,152.9977264404297
1.7764686490004856e+18,-0.06390037387609482,16.0267333984375,0.03363122045993805,0.024965887889266014,0.006861918605864048,-0.008436850272119045,0.0728754997253418,133.9913330078125
1.7764686490014856e+18,0.05900625139474869,-2.624455690383911,0.002884593792259693,0.012668775394558907,-0.023887237533926964,0.028481261804699898,0.15490375459194183,142.3258514404297
1.7764686490024858e+18,-0.0024470624048262835,21.765562057495117,0.12587109208106995,0.0003716624923981726,0.0007120874943211675,0.016175225377082825,-0.3372657597064972,141.40321350097656
1.7764686490034857e+18,-0.0946270301938057,-6.723618030548096,-0.12010190635919571,0.03726299852132797,0.0007120874943211675,-0.0022838313598185778,-0.09118100255727768,134.39114379882812
1.7764686490044856e+18,-0.06390037387609482,5.1639533042907715,-0.08935528248548508,0.03726299852132797,-0.005437743850052357,-0.0022838313598185778,0.03186137601733208,135.34454345703125
1.7764686490054858e+18,0.2740928530693054,38.059730529785156,0.24885758757591248,0.0003716624923981726,0.006861918605864048,-0.008436850272119045,0.15490375459194183,147.98471069335938
1.7764686490064858e+18,0.05900625139474869,16.0267333984375,0.15661771595478058,0.0003716624923981726,-0.023887237533926964,0.028481261804699898,-0.17320924997329712,145.67811584472656
1.7764686490074857e+18,0.15118621289730072,-25.169849395751953,0.09512446820735931,-0.018074005842208862,0.049910739064216614,-0.008436850272119045,-0.09118100255727768,151.4292449951172
1.7764686490084856e+18,0.08973290771245956,17.768877029418945,0.1873643398284912,-0.005776893813163042,0.0007120874943211675,0.0038691875524818897,-0.009152749553322792,146.0471649169922
1.7764686490094858e+18,0.028279593214392662,-15.53681755065918,-0.08935528248548508,0.024965887889266014,0.01301174983382225,0.028481261804699898,-0.21422336995601654,152.75169372558594
1.7764686490104858e+18,-0.0946270301938057,-34.700401306152344,-0.027862031012773514,0.0003716624923981726,0.03761107474565506,-0.014589868485927582,-0.21422336995601654,145.70887756347656
1.7764686490114857e+18,0.24336618185043335,-28.244220733642578,0.06437784433364868,0.0003716624923981726,0.03761107474565506,-0.026895906776189804,0.0728754997253418,150.59886169433594
1.776468649012486e+18,0.15118621289730072,37.034942626953125,0.21811096370220184,-0.005776893813163042,0.0007120874943211675,0.028481261804699898,-0.1321951299905777,152.59791564941406
1.7764686490134858e+18,0.12045956403017044,-4.469078540802002,0.31035083532333374,-0.018074005842208862,0.049910739064216614,-0.020742887631058693,-0.009152749553322792,158.93338012695312
1.7764686490144858e+18,0.15118621289730072,-40.23427200317383,0.002884593792259693,0.0003716624923981726,0.049910739064216614,-0.020742887631058693,0.0728754997253418,152.659423828125
1.776468649015486e+18,0.08973290771245956,-15.024422645568848,0.21811096370220184,-0.018074005842208862,0.049910739064216614,0.010022206231951714,-0.21422336995601654,150.99867248535156
1.776468649016486e+18,-0.0024470624048262835,19.40854263305664,0.09512446820735931,0.03726299852132797,-0.023887237533926964,0.03463428094983101,-0.25523748993873596,143.4022674560547
1.7764686490174858e+18,0.1819128692150116,-29.064054489135742,0.06437784433364868,0.031114444136619568,-0.023887237533926964,-0.020742887631058693,0.15490375459194183,151.18319702148438
1.7764686490184858e+18,-0.12535369396209717,25.96720314025879,0.09512446820735931,0.01881733164191246,0.01301174983382225,-0.020742887631058693,0.15490375459194183,146.5084991455078
1.776468649019486e+18,0.3048194944858551,32.62834167480469,0.1873643398284912,0.012668775394558907,0.0007120874943211675,-0.0022838313598185778,0.11388962715864182,148.1999969482422
1.776468649020486e+18,-0.06390037387609482,1.5771859884262085,-0.08935528248548508,0.03726299852132797,0.0007120874943211675,-0.014589868485927582,0.03186137601733208,146.8160400390625
1.7764686490214858e+18,0.36627280712127686,39.699398040771484,0.21811096370220184,0.0065202186815440655,0.0007120874943211675,0.028481261804699898,-0.2962516248226166,149.21490478515625
1.776468649022486e+18,-0.03317371755838394,37.34238052368164,0.1873643398284912,0.0003716624923981726,0.025311412289738655,-0.026895906776189804,0.23693199455738068,154.90452575683594
1.776468649023486e+18,-0.0024470624048262835,30.373802185058594,0.09512446820735931,0.031114444136619568,0.01301174983382225,-0.020742887631058693,0.3189602494239807,157.4879150390625
1.776468649024486e+18,-0.0024470624048262835,-12.974841117858887,-0.058608654886484146,-0.011925449594855309,0.03761107474565506,0.0038691875524818897,0.11388962715864182,147.3388671875
1.7764686490254858e+18,-0.18680700659751892,8.64824104309082,0.24885758757591248,-0.005776893813163042,0.0007120874943211675,0.028481261804699898,-0.09118100255727768,157.64169311523438
1.776468649026486e+18,-0.03317371755838394,-10.617822647094727,-0.058608654886484146,0.031114444136619568,-0.011587575078010559,-0.008436850272119045,0.15490375459194183,149.92225646972656
1.776468649027486e+18,-0.03317371755838394,10.390385627746582,0.06437784433364868,0.01881733164191246,0.006861918605864048,-0.0022838313598185778,0.11388962715864182,149.86074829101562
1.776468649028486e+18,-0.06390037387609482,17.666399002075195,0.09512446820735931,-0.011925449594855309,0.03146124258637428,-0.0022838313598185778,0.19591787457466125,157.3033905029297
1.776468649029486e+18,-0.0024470624048262835,25.147369384765625,0.1873643398284912,-0.005776893813163042,-0.03003706783056259,0.010022206231951714,-0.05016687512397766,157.33413696289062
1.776468649030486e+18,-0.06390037387609482,21.868040084838867,0.06437784433364868,0.03726299852132797,-0.03618689998984337,0.04078729823231697,-0.21422336995601654,153.85885620117188
1.776468649031486e+18,0.24336618185043335,31.50107192993164,0.21811096370220184,-0.011925449594855309,0.0007120874943211675,0.016175225377082825,-0.21422336995601654,154.71998596191406
1.7764686490324861e+18,0.15118621289730072,4.139162540435791,-0.058608654886484146,0.031114444136619568,0.0007120874943211675,-0.0022838313598185778,0.0728754997253418,155.61187744140625
1.776468649033486e+18,0.05900625139474869,15.514338493347168,0.1873643398284912,0.0003716624923981726,0.0007120874943211675,0.010022206231951714,-0.009152749553322792,155.1505584716797
1.776468649034486e+18,-0.0024470624048262835,22.892831802368164,0.21811096370220184,0.0003716624923981726,0.0007120874943211675,0.022328244522213936,-0.1321951299905777,157.91848754882812
1.776468649035486e+18,-0.06390037387609482,26.274639129638672,0.09512446820735931,0.0003716624923981726,-0.005437743850052357,0.022328244522213936,0.0728754997253418,167.02186584472656
1.7764686490364861e+18,0.028279593214392662,17.35896110534668,0.15661771595478058,0.0003716624923981726,0.0007120874943211675,0.016175225377082825,-0.17320924997329712,153.33602905273438
1.776468649037486e+18,-0.18680700659751892,-13.384757041931152,0.15661771595478058,-0.005776893813163042,0.01301174983382225,0.016175225377082825,-0.17320924997329712,158.3490447998047
1.776468649038486e+18,-0.0024470624048262835,19.818458557128906,0.09512446820735931,-0.005776893813163042,0.07451006025075912,-0.020742887631058693,0.0728754997253418,159.67149353027344
1.7764686490394862e+18,-0.03317371755838394,28.939096450805664,0.12587109208106995,-0.018074005842208862,0.019161581993103027,-0.020742887631058693,0.11388962715864182,151.21395874023438
1.7764686490404861e+18,-0.0946270301938057,-10.82278060913086,-0.027862031012773514,0.0065202186815440655,0.03761107474565506,-0.020742887631058693,0.0728754997253418,159.02565002441406
1.776468649041486e+18,-0.06390037387609482,30.16884422302246,0.15661771595478058,-0.011925449594855309,-0.023887237533926964,0.0038691875524818897,-0.009152749553322792,160.84017944335938
1.7764686490424863e+18,-0.0946270301938057,14.079631805419922,0.002884593792259693,0.0003716624923981726,-0.011587575078010559,0.022328244522213936,-0.009152749553322792,168.8979034423828
1.7764686490434862e+18,0.15118621289730072,-30.908676147460938,0.06437784433364868,0.012668775394558907,0.03761107474565506,-0.033048924058675766,0.3189602494239807,167.51394653320312
1.7764686490444861e+18,0.36627280712127686,28.324220657348633,0.21811096370220184,0.0003716624923981726,0.019161581993103027,0.010022206231951714,0.11388962715864182,166.06846618652344
1.776468649045486e+18,-0.0024470624048262835,-15.434338569641113,-0.12010190635919571,0.024965887889266014,-0.017737405374646187,0.028481261804699898,-0.05016687512397766,158.99488830566406
1.7764686490464863e+18,0.08973290771245956,37.957252502441406,0.15661771595478058,0.0003716624923981726,0.01301174983382225,0.0038691875524818897,0.15490375459194183,170.37413024902344
1.7764686490474862e+18,0.15118621289730072,-21.07068634033203,0.15661771595478058,-0.018074005842208862,0.03761107474565506,-0.014589868485927582,-0.1321951299905777,170.15884399414062
1.7764686490484861e+18,0.15118621289730072,-1.5996650457382202,0.03363122045993805,0.024965887889266014,0.03146124258637428,-0.0022838313598185778,-0.1321951299905777,160.25584411621094
1.7764686490494863e+18,-0.0024470624048262835,-8.1583251953125,-0.08935528248548508,0.0003716624923981726,0.049910739064216614,-0.020742887631058693,-0.05016687512397766,152.1365966796875
1.7764686490504863e+18,-0.03317371755838394,-12.87236213684082,-0.058608654886484146,0.031114444136619568,0.006861918605864048,0.0038691875524818897,0.11388962715864182,166.52980041503906
1.7764686490514862e+18,0.12045956403017044,1.7821440696716309,-0.08935528248548508,0.03726299852132797,-0.005437743850052357,-0.008436850272119045,0.15490375459194183,164.2231903076172
1.7764686490524864e+18,-0.0024470624048262835,30.78371810913086,0.24885758757591248,0.0003716624923981726,0.01301174983382225,-0.014589868485927582,0.35997438430786133,167.02186584472656
1.7764686490534863e+18,0.1819128692150116,-27.834304809570312,0.06437784433364868,0.031114444136619568,-0.03618689998984337,0.028481261804699898,-0.009152749553322792,155.98094177246094
1.7764686490544863e+18,-0.06390037387609482,-30.19132423400879,0.06437784433364868,0.024965887889266014,-0.03618689998984337,0.03463428094983101,0.03186137601733208,162.4701690673828
1.7764686490554862e+18,-0.12535369396209717,6.80361795425415,0.03363122045993805,0.0065202186815440655,0.0007120874943211675,0.03463428094983101,-0.25523748993873596,162.40866088867188
1.7764686490564864e+18,0.12045956403017044,-34.90536117553711,0.03363122045993805,0.012668775394558907,0.025311412289738655,-0.020742887631058693,-0.2962516248226166,159.9790496826172
1.7764686490574863e+18,-0.03317371755838394,-1.4971859455108643,-0.08935528248548508,0.043411556631326675,-0.011587575078010559,-0.008436850272119045,0.15490375459194183,152.04434204101562
1.7764686490584863e+18,0.1819128692150116,-8.568241119384766,0.002884593792259693,0.0065202186815440655,0.019161581993103027,-0.020742887631058693,-0.009152749553322792,160.8709259033203
1.7764686490594865e+18,0.15118621289730072,42.05641555786133,0.15661771595478058,0.01881733164191246,0.0007120874943211675,-0.008436850272119045,0.15490375459194183,158.50282287597656
1.7764686490604864e+18,0.12045956403017044,-0.7798324823379517,0.24885758757591248,-0.011925449594855309,0.049910739064216614,-0.026895906776189804,-0.09118100255727768,169.32847595214844
1.7764686490614863e+18,0.15118621289730072,-15.639296531677246,0.06437784433364868,0.012668775394558907,0.03146124258637428,-0.033048924058675766,0.0728754997253418,160.04055786132812
1.7764686490624863e+18,0.15118621289730072,-12.87236213684082,-0.058608654886484146,-0.011925449594855309,0.03761107474565506,-0.014589868485927582,-0.05016687512397766,173.35733032226562
1.7764686490634865e+18,0.028279593214392662,46.15557861328125,0.21811096370220184,0.0065202186815440655,0.006861918605864048,0.022328244522213936,-0.1321951299905777,164.71527099609375
1.7764686490644864e+18,0.1819128692150116,-23.017789840698242,0.002884593792259693,0.024965887889266014,-0.023887237533926964,-0.033048924058675766,0.15490375459194183,162.25489807128906
1.7764686490654863e+18,0.1819128692150116,-44.128475189208984,0.002884593792259693,0.012668775394558907,0.049910739064216614,-0.033048924058675766,0.11388962715864182,163.85414123535156
1.7764686490664865e+18,-0.15608035027980804,-10.002947807312012,-0.12010190635919571,0.03726299852132797,-0.011587575078010559,0.0038691875524818897,0.0728754997253418,155.85791015625
1.7764686490674865e+18,-0.06390037387609482,3.3193299770355225,-0.058608654886484146,0.024965887889266014,0.019161581993103027,-0.020742887631058693,-0.05016687512397766,173.91091918945312
1.7764686490684864e+18,0.05900625139474869,-2.624455690383911,0.002884593792259693,0.0003716624923981726,-0.023887237533926964,0.022328244522213936,0.15490375459194183,164.89979553222656
1.7764686490694866e+18,0.15118621289730072,-4.3665995597839355,0.002884593792259693,0.031114444136619568,-0.042336732149124146,0.022328244522213936,-0.25523748993873596,165.39187622070312
1.7764686490704865e+18,0.12045956403017044,-10.617822647094727,-0.08935528248548508,0.024965887889266014,-0.005437743850052357,-0.0022838313598185778,0.11388962715864182,157.54942321777344
1.7764686490714865e+18,-0.06390037387609482,27.811826705932617,0.12587109208106995,0.0003716624923981726,-0.023887237533926964,0.016175225377082825,-0.009152749553322792,170.74317932128906
1.7764686490724864e+18,0.05900625139474869,-1.9071022272109985,0.06437784433364868,-0.005776893813163042,0.006861918605864048,0.022328244522213936,-0.17320924997329712,163.20828247070312
1.7764686490734866e+18,-0.03317371755838394,49.53738784790039,0.12587109208106995,0.01881733164191246,0.03146124258637428,-0.033048924058675766,-0.21422336995601654,159.8252716064453
1.7764686490744865e+18,0.028279593214392662,-11.232696533203125,-0.08935528248548508,0.012668775394558907,0.03146124258637428,-0.008436850272119045,-0.09118100255727768,172.40394592285156
1.7764686490754865e+18,0.028279593214392662,-14.102110862731934,0.06437784433364868,-0.011925449594855309,0.049910739064216614,-0.020742887631058693,-0.09118100255727768,173.35733032226562
1.7764686490764867e+18,0.05900625139474869,-4.981473922729492,0.12587109208106995,0.0065202186815440655,0.03146124258637428,-0.020742887631058693,-0.009152749553322792,171.45054626464844
1.7764686490774866e+18,0.1819128692150116,-33.26569366455078,0.002884593792259693,0.012668775394558907,0.04376090690493584,-0.039201945066452026,0.2779461145401001,172.1271514892578
1.7764686490784865e+18,-0.0024470624048262835,24.532495498657227,0.15661771595478058,0.0065202186815440655,0.0007120874943211675,-0.020742887631058693,-0.09118100255727768,163.5773468017578
1.7764686490794867e+18,0.15118621289730072,-22.505393981933594,0.03363122045993805,0.031114444136619568,-0.03003706783056259,-0.014589868485927582,0.15490375459194183,167.54469299316406
1.7764686490804867e+18,0.05900625139474869,-57.24579620361328,0.06437784433364868,0.024965887889266014,-0.03003706783056259,-0.014589868485927582,0.23693199455738068,167.02186584472656
1.7764686490814866e+18,0.24336618185043335,5.983785629272461,0.06437784433364868,-0.011925449594855309,0.06221039965748787,0.010022206231951714,-0.21422336995601654,166.8988494873047
1.7764686490824865e+18,-0.0946270301938057,46.36053466796875,0.1873643398284912,0.0003716624923981726,-0.011587575078010559,0.022328244522213936,-0.17320924997329712,170.00506591796875
1.7764686490834867e+18,0.05900625139474869,-9.18311595916748,-0.058608654886484146,0.0065202186815440655,0.03761107474565506,-0.014589868485927582,-0.05016687512397766,175.04884338378906
1.776468649084487e+18,0.12045956403017044,-2.624455690383911,-0.058608654886484146,0.043411556631326675,0.0007120874943211675,-0.008436850272119045,0.15490375459194183,165.02281188964844
1.776468649085487e+18,-0.0024470624048262835,42.363853454589844,0.21811096370220184,-0.005776893813163042,0.0007120874943211675,0.03463428094983101,-0.2962516248226166,163.1467742919922
1.776468649086487e+18,0.08973290771245956,-33.16321563720703,0.002884593792259693,0.01881733164191246,-0.005437743850052357,-0.026895906776189804,0.23693199455738068,166.68356323242188
1.7764686490874872e+18,0.15118621289730072,-27.321908950805664,0.24885758757591248,-0.011925449594855309,0.03761107474565506,-0.008436850272119045,-0.05016687512397766,159.76376342773438
1.7764686490884874e+18,0.08973290771245956,-7.543450832366943,0.15661771595478058,-0.011925449594855309,0.006861918605864048,-0.026895906776189804,-0.05016687512397766,167.606201171875
1.7764686490894876e+18,0.15118621289730072,7.316013336181641,0.09512446820735931,-0.005776893813163042,-0.011587575078010559,0.0038691875524818897,-0.09118100255727768,155.82716369628906
1.7764686490904876e+18,0.08973290771245956,4.44659948348999,-0.08935528248548508,0.05570866912603378,-0.005437743850052357,-0.008436850272119045,-0.05016687512397766,172.15789794921875
1.7764686490914877e+18,-0.06390037387609482,32.21842575073242,0.12587109208106995,0.0003716624923981726,0.0007120874943211675,0.028481261804699898,-0.009152749553322792,176.7403564453125
1.776468649092488e+18,-0.06390037387609482,4.036683559417725,0.002884593792259693,0.03726299852132797,0.0007120874943211675,-0.008436850272119045,0.0728754997253418,153.7666015625
1.7764686490934879e+18,0.08973290771245956,8.64824104309082,-0.15084853768348694,0.012668775394558907,0.049910739064216614,-0.020742887631058693,-0.05016687512397766,155.61187744140625
1.776468649094488e+18,-0.06390037387609482,24.839933395385742,0.03363122045993805,0.01881733164191246,-0.03618689998984337,-0.0022838313598185778,-0.2962516248226166,169.69752502441406
1.7764686490954883e+18,0.05900625139474869,-24.759933471679688,-0.18159516155719757,0.012668775394558907,-0.017737405374646187,0.028481261804699898,0.15490375459194183,168.5288543701172
1.7764686490964884e+18,-0.12535369396209717,25.044891357421875,0.15661771595478058,0.0065202186815440655,0.03761107474565506,-0.026895906776189804,0.19591787457466125,167.3294219970703
1.7764686490974884e+18,0.028279593214392662,0.4499162435531616,0.12587109208106995,0.031114444136619568,-0.03618689998984337,0.028481261804699898,-0.09118100255727768,174.7720489501953
1.7764686490984886e+18,0.15118621289730072,16.6416072845459,0.06437784433364868,-0.005776893813163042,0.03761107474565506,0.028481261804699898,-0.2962516248226166,170.37413024902344
1.7764686490994888e+18,-0.06390037387609482,2.1920602321624756,-0.058608654886484146,0.012668775394558907,0.019161581993103027,0.010022206231951714,-0.09118100255727768,162.4701690673828
1.7764686491004887e+18,0.15118621289730072,-12.052529335021973,0.1873643398284912,0.012668775394558907,0.019161581993103027,-0.008436850272119045,-0.09118100255727768,159.24093627929688
1.776468649101489e+18,0.05900625139474869,15.514338493347168,0.06437784433364868,0.012668775394558907,-0.023887237533926964,0.04078729823231697,-0.21422336995601654,171.81959533691406
1.776468649102489e+18,0.12045956403017044,-43.51360321044922,0.06437784433364868,0.012668775394558907,0.04376090690493584,-0.020742887631058693,0.03186137601733208,178.6163787841797
1.7764686491034893e+18,-0.12535369396209717,28.939096450805664,0.1873643398284912,-0.005776893813163042,-0.011587575078010559,0.03463428094983101,-0.17320924997329712,169.08242797851562
1.7764686491044892e+18,0.028279593214392662,-37.26237869262695,0.002884593792259693,0.0003716624923981726,0.03146124258637428,-0.020742887631058693,0.23693199455738068,169.85130310058594
1.7764686491054894e+18,-0.12535369396209717,1.7821440696716309,-0.058608654886484146,0.012668775394558907,0.03761107474565506,-0.026895906776189804,0.3189602494239807,172.83450317382812
1.7764686491064896e+18,0.15118621289730072,-2.7269346714019775,-0.027862031012773514,0.024965887889266014,-0.011587575078010559,-0.008436850272119045,-0.05016687512397766,161.67054748535156
1.7764686491074895e+18,-0.06390037387609482,32.52586364746094,0.1873643398284912,0.0003716624923981726,0.05606056749820709,-0.026895906776189804,0.2779461145401001,170.6509246826172
1.7764686491084897e+18,-0.15608035027980804,-0.16495811939239502,0.03363122045993805,0.024965887889266014,0.0007120874943211675,-0.0022838313598185778,0.0728754997253418,176.98638916015625
1.77646864910949e+18,0.028279593214392662,1.679664969444275,-0.058608654886484146,0.043411556631326675,-0.011587575078010559,0.016175225377082825,-0.1321951299905777,175.26412963867188
1.77646864911049e+18,0.05900625139474869,-27.01447296142578,-0.058608654886484146,-0.005776893813163042,0.03146124258637428,-0.026895906776189804,-0.05016687512397766,180.18487548828125
1.77646864911149e+18,0.12045956403017044,2.8069345951080322,0.06437784433364868,0.012668775394558907,-0.011587575078010559,0.0038691875524818897,0.03186137601733208,161.7935791015625
1.7764686491124902e+18,-0.06390037387609482,41.33906173706055,0.21811096370220184,-0.005776893813163042,0.006861918605864048,0.0038691875524818897,0.19591787457466125,179.87733459472656
1.7764686491134904e+18,0.24336618185043335,26.78703498840332,0.1873643398284912,0.0003716624923981726,0.0007120874943211675,0.010022206231951714,0.0728754997253418,177.4169464111328
1.7764686491144904e+18,0.05900625139474869,-7.64592981338501,-0.15084853768348694,0.024965887889266014,0.0007120874943211675,0.016175225377082825,-0.009152749553322792,178.6163787841797
1.7764686491154906e+18,0.12045956403017044,-15.639296531677246,0.2796042263507843,-0.011925449594855309,0.04376090690493584,-0.014589868485927582,-0.05016687512397766,176.8941192626953
1.7764686491164908e+18,-0.0024470624048262835,26.991992950439453,0.12587109208106995,0.024965887889266014,0.01301174983382225,-0.033048924058675766,0.19591787457466125,170.5279083251953
1.776468649117491e+18,-0.0024470624048262835,-11.84757137298584,-0.058608654886484146,-0.011925449594855309,0.04376090690493584,-0.026895906776189804,-0.09118100255727768,162.56243896484375
1.776468649118491e+18,0.028279593214392662,18.998626708984375,0.15661771595478058,0.0003716624923981726,-0.023887237533926964,0.03463428094983101,-0.09118100255727768,167.69847106933594
1.776468649119491e+18,0.05900625139474869,-11.130217552185059,-0.08935528248548508,0.0003716624923981726,-0.023887237533926964,0.016175225377082825,0.23693199455738068,167.4216766357422
1.7764686491204913e+18,-0.06390037387609482,22.6878719329834,0.09512446820735931,0.01881733164191246,0.0007120874943211675,-0.026895906776189804,0.0728754997253418,163.5465850830078
1.7764686491214915e+18,-0.12535369396209717,30.578760147094727,0.06437784433364868,0.03726299852132797,-0.023887237533926964,0.04694031924009323,-0.17320924997329712,163.8848876953125
1.7764686491224914e+18,-0.0024470624048262835,5.266432285308838,0.15661771595478058,-0.011925449594855309,0.05606056749820709,-0.026895906776189804,0.19591787457466125,167.57545471191406
1.7764686491234916e+18,0.12045956403017044,-45.25574493408203,0.06437784433364868,0.012668775394558907,0.006861918605864048,-0.008436850272119045,-0.25523748993873596,172.89601135253906
1.7764686491244918e+18,-0.06390037387609482,14.387068748474121,0.1873643398284912,0.012668775394558907,-0.011587575078010559,-0.0022838313598185778,-0.05016687512397766,167.51394653320312
1.7764686491254917e+18,0.1819128692150116,-5.903785705566406,0.03363122045993805,0.01881733164191246,-0.011587575078010559,0.0038691875524818897,0.15490375459194183,165.11508178710938
1.776468649126492e+18,-0.06390037387609482,33.44817352294922,0.06437784433364868,0.031114444136619568,-0.011587575078010559,0.022328244522213936,-0.25523748993873596,180.18487548828125
1.776468649127492e+18,0.028279593214392662,2.294539451599121,0.15661771595478058,-0.011925449594855309,0.03146124258637428,-0.008436850272119045,0.2779461145401001,168.1905517578125
1.7764686491284923e+18,-0.15608035027980804,-17.381441116333008,-0.08935528248548508,0.031114444136619568,-0.005437743850052357,0.0038691875524818897,0.0728754997253418,168.59036254882812
1.7764686491294922e+18,-0.06390037387609482,26.479598999023438,0.09512446820735931,0.024965887889266014,0.0007120874943211675,0.0038691875524818897,0.11388962715864182,162.8084716796875
1.7764686491304924e+18,0.1819128692150116,53.5340690612793,0.1873643398284912,0.0003716624923981726,0.01301174983382225,-0.033048924058675766,-0.1321951299905777,170.74317932128906
1.7764686491314926e+18,0.15118621289730072,-10.002947807312012,-0.08935528248548508,0.031114444136619568,0.01301174983382225,0.0038691875524818897,-0.09118100255727768,164.86903381347656
1.7764686491324925e+18,0.1819128692150116,51.2795295715332,0.15661771595478058,0.03726299852132797,-0.005437743850052357,-0.008436850272119045,-0.09118100255727768,175.51016235351562
1.7764686491334927e+18,0.1819128692150116,0.7573534250259399,0.03363122045993805,0.0003716624923981726,0.049910739064216614,-0.014589868485927582,-0.05016687512397766,178.46261596679688
1.776468649134493e+18,-0.03317371755838394,17.25648307800293,0.002884593792259693,0.024965887889266014,0.025311412289738655,-0.033048924058675766,0.40098848938941956,177.90902709960938
1.776468649135493e+18,0.24336618185043335,42.466331481933594,0.24885758757591248,-0.005776893813163042,0.006861918605864048,0.0038691875524818897,0.0728754997253418,176.83261108398438
1.776468649136493e+18,-0.06390037387609482,5.573869228363037,-0.058608654886484146,0.043411556631326675,0.0007120874943211675,-0.0022838313598185778,0.15490375459194183,179.32374572753906
1.7764686491374932e+18,0.05900625139474869,-6.826097011566162,-0.12010190635919571,0.04956011101603508,0.0007120874943211675,0.022328244522213936,-0.1321951299905777,176.7403564453125
1.7764686491384934e+18,0.1819128692150116,-1.9071022272109985,-0.058608654886484146,0.024965887889266014,0.006861918605864048,-0.008436850272119045,0.0728754997253418,165.94544982910156
1.7764686491394934e+18,0.21263952553272247,-20.045896530151367,0.06437784433364868,0.031114444136619568,-0.011587575078010559,-0.020742887631058693,0.19591787457466125,171.78884887695312
1.7764686491404936e+18,-0.12535369396209717,0.03999999910593033,-0.027862031012773514,0.03726299852132797,0.0007120874943211675,0.0038691875524818897,0.0728754997253418,172.7729949951172
1.7764686491414938e+18,0.028279593214392662,-13.999631881713867,-0.12010190635919571,0.031114444136619568,-0.023887237533926964,0.03463428094983101,-0.1321951299905777,171.5735626220703
1.776468649142494e+18,-0.06390037387609482,29.246532440185547,0.002884593792259693,0.031114444136619568,0.0007120874943211675,-0.008436850272119045,0.35997438430786133,173.78790283203125
1.776468649143494e+18,-0.03317371755838394,23.917621612548828,0.09512446820735931,0.024965887889266014,0.0007120874943211675,-0.014589868485927582,0.11388962715864182,168.3750762939453
1.776468649144494e+18,0.08973290771245956,-26.194639205932617,-0.08935528248548508,0.06185722351074219,-0.03618689998984337,0.03463428094983101,-0.21422336995601654,170.34336853027344
1.7764686491454943e+18,-0.0024470624048262835,15.309380531311035,0.12587109208106995,-0.011925449594855309,0.06836023181676865,-0.020742887631058693,0.23693199455738068,174.27996826171875
1.7764686491464942e+18,-0.15608035027980804,-20.558292388916016,-0.027862031012773514,0.0003716624923981726,0.03761107474565506,-0.014589868485927582,-0.1321951299905777,175.8177032470703
1.7764686491474944e+18,-0.0024470624048262835,29.758928298950195,0.1873643398284912,-0.024222562089562416,0.06221039965748787,-0.020742887631058693,0.23693199455738068,172.7422332763672
1.7764686491484946e+18,-0.0024470624048262835,23.507705688476562,0.15661771595478058,-0.018074005842208862,0.03761107474565506,0.0038691875524818897,-0.009152749553322792,170.34336853027344
1.7764686491494948e+18,0.1819128692150116,-2.624455690383911,0.06437784433364868,0.0065202186815440655,0.01301174983382225,-0.014589868485927582,-0.05016687512397766,161.209228515625
1.7764686491504947e+18,-0.0024470624048262835,21.150686264038086,0.1873643398284912,0.0003716624923981726,0.006861918605864048,0.010022206231951714,0.11388962715864182,172.00413513183594
1.776468649151495e+18,-0.12535369396209717,-6.621139049530029,-0.027862031012773514,0.012668775394558907,0.03146124258637428,0.0038691875524818897,-0.21422336995601654,171.08148193359375
1.776468649152495e+18,-0.06390037387609482,21.765562057495117,0.1873643398284912,-0.005776893813163042,0.019161581993103027,0.0038691875524818897,0.23693199455738068,161.33224487304688
1.7764686491534953e+18,-0.0946270301938057,32.9357795715332,0.15661771595478058,0.0003716624923981726,-0.023887237533926964,0.04078729823231697,-0.09118100255727768,177.6014862060547
1.7764686491544952e+18,0.1819128692150116,-31.7285099029541,0.002884593792259693,0.0003716624923981726,0.03761107474565506,-0.026895906776189804,0.23693199455738068,176.0022430419922
1.7764686491554954e+18,0.1819128692150116,-2.419497489929199,0.06437784433364868,0.0065202186815440655,0.006861918605864048,-0.0022838313598185778,-0.009152749553322792,160.65565490722656
1.7764686491564956e+18,-0.06390037387609482,-1.292227864265442,-0.08935528248548508,0.03726299852132797,-0.005437743850052357,0.0038691875524818897,0.11388962715864182,163.5773468017578
1.7764686491574956e+18,0.028279593214392662,-19.123584747314453,-0.12010190635919571,0.04956011101603508,-0.011587575078010559,0.016175225377082825,-0.17320924997329712,176.4943084716797
1.7764686491584957e+18,-0.0024470624048262835,-9.388073921203613,0.002884593792259693,0.012668775394558907,0.025311412289738655,-0.008436850272119045,-0.09118100255727768,179.50827026367188
1.776468649159496e+18,0.12045956403017044,-47.20284652709961,-0.027862031012773514,0.0065202186815440655,0.03146124258637428,0.022328244522213936,-0.21422336995601654,164.34620666503906
1.776468649160496e+18,0.12045956403017044,17.35896110534668,0.09512446820735931,0.0003716624923981726,-0.005437743850052357,0.022328244522213936,-0.17320924997329712,166.65281677246094
1.776468649161496e+18,0.1819128692150116,-47.20284652709961,0.002884593792259693,0.0065202186815440655,0.03146124258637428,-0.026895906776189804,0.2779461145401001,183.4756317138672
1.7764686491624963e+18,0.3048194944858551,21.150686264038086,0.1873643398284912,0.024965887889266014,0.006861918605864048,-0.008436850272119045,0.15490375459194183,166.0069580078125
1.7764686491634964e+18,0.1819128692150116,-20.76325035095215,-0.12010190635919571,0.031114444136619568,-0.011587575078010559,0.0038691875524818897,0.15490375459194183,181.78411865234375
1.7764686491644964e+18,0.12045956403017044,-24.350017547607422,0.06437784433364868,-0.005776893813163042,0.025311412289738655,-0.014589868485927582,-0.09118100255727768,180.30789184570312
1.7764686491654966e+18,0.15118621289730072,32.73081970214844,-0.058608654886484146,0.0065202186815440655,0.04376090690493584,-0.026895906776189804,-0.21422336995601654,169.91281127929688
1.7764686491664968e+18,0.12045956403017044,-11.437655448913574,-0.08935528248548508,0.03726299852132797,0.0007120874943211675,-0.008436850272119045,0.11388962715864182,175.6331787109375
1.776468649167497e+18,-0.0024470624048262835,11.722613334655762,0.002884593792259693,0.03726299852132797,-0.023887237533926964,0.028481261804699898,-0.09118100255727768,180.58468627929688
1.776468649168497e+18,0.05900625139474869,-39.4144401550293,0.06437784433364868,0.0065202186815440655,0.0007120874943211675,0.03463428094983101,-0.17320924997329712,162.53167724609375
1.776468649169497e+18,0.15118621289730072,33.34569549560547,0.21811096370220184,0.0003716624923981726,0.006861918605864048,0.0038691875524818897,0.11388962715864182,179.50827026367188
1.7764686491704973e+18,0.05900625139474869,-9.695510864257812,-0.12010190635919571,0.01881733164191246,0.03761107474565506,-0.014589868485927582,-0.09118100255727768,162.86997985839844
1.7764686491714972e+18,0.028279593214392662,-19.43102264404297,-0.058608654886484146,-0.011925449594855309,0.04376090690493584,-0.014589868485927582,-0.09118100255727768,166.28375244140625
1.7764686491724974e+18,0.15118621289730072,-1.7021440267562866,0.03363122045993805,0.024965887889266014,0.0007120874943211675,-0.033048924058675766,0.3189602494239807,173.75714111328125
1.7764686491734976e+18,-0.0024470624048262835,-8.875678062438965,-0.08935528248548508,0.04956011101603508,0.0007120874943211675,0.0038691875524818897,-0.09118100255727768,180.461669921875
1.7764686491744978e+18,-0.12535369396209717,0.8598325252532959,0.1873643398284912,0.0003716624923981726,0.01301174983382225,0.010022206231951714,-0.3782798647880554,163.7003631591797
1.7764686491754977e+18,0.12045956403017044,9.160636901855469,0.002884593792259693,0.024965887889266014,0.03761107474565506,-0.026895906776189804,0.2779461145401001,172.18865966796875
1.776468649176498e+18,-0.03317371755838394,23.507705688476562,0.1873643398284912,0.024965887889266014,-0.005437743850052357,0.016175225377082825,-0.21422336995601654,176.24827575683594
1.776468649177498e+18,-0.06390037387609482,42.15889358520508,0.06437784433364868,0.031114444136619568,-0.03618689998984337,0.04078729823231697,-0.21422336995601654,174.34149169921875
1.776468649178498e+18,0.12045956403017044,16.0267333984375,-0.058608654886484146,0.0065202186815440655,0.03761107474565506,-0.020742887631058693,-0.25523748993873596,169.29771423339844
1.7764686491794982e+18,0.12045956403017044,-9.593031883239746,0.03363122045993805,0.0065202186815440655,0.03146124258637428,-0.020742887631058693,-0.05016687512397766,170.6201629638672
1.7764686491804984e+18,-0.0946270301938057,8.135846138000488,0.12587109208106995,0.0065202186815440655,0.006861918605864048,-0.008436850272119045,-0.21422336995601654,166.65281677246094
1.7764686491814986e+18,0.12045956403017044,-21.992998123168945,0.002884593792259693,0.0065202186815440655,0.03761107474565506,-0.008436850272119045,0.0728754997253418,181.81488037109375
1.7764686491824986e+18,0.24336618185043335,26.274639129638672,-0.027862031012773514,0.0003716624923981726,0.049910739064216614,-0.020742887631058693,-0.25523748993873596,163.5773468017578
1.776468649183499e+18,-0.06390037387609482,20.63829231262207,0.15661771595478058,-0.005776893813163042,-0.03618689998984337,0.03463428094983101,-0.1321951299905777,181.5380859375
1.7764686491844992e+18,0.15118621289730072,0.4499162435531616,0.2796042263507843,0.0003716624923981726,0.03146124258637428,-0.014589868485927582,-0.09118100255727768,179.41600036621094
1.7764686491854996e+18,0.12045956403017044,-16.459129333496094,-0.12010190635919571,0.024965887889266014,-0.011587575078010559,-0.0022838313598185778,0.15490375459194183,178.43185424804688
1.7764686491864998e+18,0.028279593214392662,12.439966201782227,0.12587109208106995,0.0003716624923981726,0.03761107474565506,-0.008436850272119045,0.19591787457466125,173.6956329345703
1.7764686491875003e+18,0.15118621289730072,-16.151691436767578,0.31035083532333374,0.0003716624923981726,0.019161581993103027,0.0038691875524818897,0.0728754997253418,169.17469787597656
1.7764686491885005e+18,0.12045956403017044,11.927571296691895,0.03363122045993805,0.01881733164191246,0.025311412289738655,-0.026895906776189804,0.0728754997253418,171.85035705566406
1.776468649189501e+18,-0.06390037387609482,36.72750473022461,0.21811096370220184,0.0003716624923981726,0.01301174983382225,0.03463428094983101,0.19591787457466125,183.04505920410156
1.776468649190501e+18,0.15118621289730072,8.545762062072754,0.12587109208106995,0.0003716624923981726,-0.023887237533926964,-0.008436850272119045,-0.09118100255727768,160.84017944335938
1.7764686491915016e+18,-0.0946270301938057,38.16221237182617,0.21811096370220184,0.0003716624923981726,-0.005437743850052357,0.022328244522213936,-0.21422336995601654,176.0022430419922
1.7764686491925018e+18,-0.06390037387609482,23.815141677856445,0.09512446820735931,-0.011925449594855309,-0.005437743850052357,0.028481261804699898,0.0728754997253418,180.33865356445312
1.7764686491935022e+18,0.1819128692150116,-21.890520095825195,0.03363122045993805,0.024965887889266014,0.01301174983382225,-0.008436850272119045,-0.25523748993873596,179.84657287597656
1.7764686491945024e+18,-0.0024470624048262835,38.57212829589844,0.21811096370220184,-0.005776893813163042,0.0007120874943211675,0.03463428094983101,-0.3372657597064972,166.99111938476562
1.7764686491955028e+18,-0.06390037387609482,30.476282119750977,0.09512446820735931,0.01881733164191246,-0.005437743850052357,-0.014589868485927582,0.03186137601733208,167.02186584472656
1.776468649196503e+18,0.15118621289730072,-9.797989845275879,-0.027862031012773514,0.031114444136619568,-0.011587575078010559,-0.008436850272119045,0.0728754997253418,182.46072387695312
1.7764686491975035e+18,-0.0024470624048262835,20.843250274658203,0.15661771595478058,-0.011925449594855309,0.07451006025075912,-0.008436850272119045,-0.05016687512397766,171.81959533691406
1.7764686491985037e+18,-0.0024470624048262835,2.089581251144409,-0.058608654886484146,0.043411556631326675,-0.03003706783056259,0.04078729823231697,-0.17320924997329712,172.4346923828125
1.776468649199504e+18,0.05900625139474869,3.934204339981079,-0.08935528248548508,0.024965887889266014,0.019161581993103027,0.010022206231951714,-0.25523748993873596,163.7003631591797
1.7764686492005043e+18,-0.0946270301938057,-11.335175514221191,0.03363122045993805,0.031114444136619568,0.0007120874943211675,-0.0022838313598185778,0.11388962715864182,164.2539520263672
1.7764686492015045e+18,-0.12535369396209717,26.274639129638672,0.15661771595478058,-0.011925449594855309,0.06221039965748787,-0.020742887631058693,0.19591787457466125,172.49620056152344
1.776468649202505e+18,-0.0024470624048262835,-27.11695098876953,-0.058608654886484146,-0.011925449594855309,0.049910739064216614,-0.014589868485927582,-0.09118100255727768,163.0545196533203
1.7764686492035052e+18,0.028279593214392662,21.868040084838867,0.06437784433364868,0.024965887889266014,0.0007120874943211675,-0.008436850272119045,0.11388962715864182,165.6686553955078
1.7764686492045056e+18,0.05900625139474869,10.902780532836914,0.15661771595478058,-0.005776893813163042,-0.017737405374646187,0.04078729823231697,-0.25523748993873596,173.60337829589844
1.7764686492055058e+18,0.1819128692150116,-18.611188888549805,0.06437784433364868,0.031114444136619568,-0.04848656430840492,0.04078729823231697,-0.1321951299905777,164.7767791748047
1.7764686492065062e+18,-0.06390037387609482,-8.670720100402832,-0.058608654886484146,0.012668775394558907,0.03146124258637428,-0.0022838313598185778,-0.25523748993873596,163.94639587402344
1.7764686492075064e+18,0.12045956403017044,-25.989681243896484,0.31035083532333374,-0.005776893813163042,0.03146124258637428,-0.014589868485927582,-0.05016687512397766,161.88583374023438
1.776468649208507e+18,-0.06390037387609482,36.72750473022461,0.1873643398284912,-0.005776893813163042,0.0007120874943211675,0.016175225377082825,-0.05016687512397766,176.06375122070312
1.776468649209507e+18,0.05900625139474869,-35.212799072265625,-0.027862031012773514,0.0003716624923981726,0.01301174983382225,0.016175225377082825,-0.3372657597064972,178.58563232421875
1.7764686492105075e+18,0.1819128692150116,-25.47728729248047,0.06437784433364868,0.0003716624923981726,0.03146124258637428,-0.008436850272119045,0.40098848938941956,175.35638427734375
1.7764686492115077e+18,-0.06390037387609482,22.380435943603516,0.1873643398284912,0.0003716624923981726,0.0007120874943211675,0.022328244522213936,0.0728754997253418,183.16807556152344
1.7764686492125082e+18,0.05900625139474869,27.40190887451172,0.06437784433364868,0.0065202186815440655,-0.005437743850052357,0.016175225377082825,-0.17320924997329712,171.97337341308594
1.7764686492135084e+18,-0.06390037387609482,30.886198043823242,0.1873643398284912,-0.011925449594855309,-0.005437743850052357,0.022328244522213936,-0.1321951299905777,167.39093017578125
1.7764686492145088e+18,0.028279593214392662,25.044891357421875,0.15661771595478058,0.0003716624923981726,0.01301174983382225,-0.0022838313598185778,0.15490375459194183,172.37318420410156
1.776468649215509e+18,0.21263952553272247,47.2828483581543,0.21811096370220184,-0.005776893813163042,0.0007120874943211675,0.016175225377082825,-0.1321951299905777,170.15884399414062
1.7764686492165094e+18,-0.06390037387609482,-12.359966278076172,0.002884593792259693,0.0003716624923981726,0.006861918605864048,0.022328244522213936,-0.25523748993873596,171.2045135498047
1.7764686492175096e+18,0.21263952553272247,-5.596348285675049,0.002884593792259693,0.012668775394558907,0.025311412289738655,-0.033048924058675766,0.3189602494239807,176.09449768066406
1.77646864921851e+18,0.15118621289730072,-11.335175514221191,0.09512446820735931,-0.005776893813163042,0.03146124258637428,-0.014589868485927582,-0.09118100255727768,174.43374633789062
1.7764686492195103e+18,0.15118621289730072,-42.79624938964844,-0.027862031012773514,0.0003716624923981726,0.03761107474565506,-0.020742887631058693,-0.05016687512397766,172.6499786376953
1.7764686492205105e+18,0.12045956403017044,-11.027738571166992,-0.027862031012773514,0.024965887889266014,-0.005437743850052357,-0.0022838313598185778,0.19591787457466125,176.27902221679688
1.776468649221511e+18,-0.06390037387609482,44.003517150878906,0.21811096370220184,-0.005776893813163042,0.0007120874943211675,0.028481261804699898,-0.17320924997329712,173.23431396484375
1.776468649222511e+18,0.08973290771245956,-4.161641597747803,0.15661771595478058,-0.005776893813163042,0.04376090690493584,-0.026895906776189804,-0.09118100255727768,182.42996215820312
1.7764686492235116e+18,0.24336618185043335,-32.44586181640625,0.002884593792259693,0.01881733164191246,0.025311412289738655,-0.033048924058675766,0.35997438430786133,178.27809143066406
1.7764686492245117e+18,0.15118621289730072,-6.108743667602539,-0.08935528248548508,0.031114444136619568,-0.005437743850052357,0.0038691875524818897,0.11388962715864182,182.86053466796875
1.7764686492255122e+18,-0.03317371755838394,23.40522575378418,0.12587109208106995,-0.018074005842208862,0.03761107474565506,-0.014589868485927582,0.23693199455738068,173.7263946533203
1.7764686492265124e+18,0.1819128692150116,-46.587974548339844,0.002884593792259693,0.012668775394558907,0.04376090690493584,0.0038691875524818897,-0.1321951299905777,165.97621154785156
1.7764686492275128e+18,-0.0024470624048262835,-16.664087295532227,0.002884593792259693,0.024965887889266014,0.0007120874943211675,0.028481261804699898,-0.25523748993873596,174.52601623535156
1.776468649228513e+18,0.05900625139474869,-17.58639907836914,-0.15084853768348694,0.043411556631326675,-0.023887237533926964,0.04078729823231697,-0.25523748993873596,174.83355712890625
1.7764686492295135e+18,-0.12535369396209717,-32.548343658447266,-0.08935528248548508,0.0003716624923981726,0.049910739064216614,-0.020742887631058693,-0.21422336995601654,175.4486541748047
1.7764686492305137e+18,0.05900625139474869,7.213534355163574,0.03363122045993805,0.03726299852132797,-0.03618689998984337,0.04694031924009323,-0.21422336995601654,171.97337341308594
1.776468649231514e+18,-0.06390037387609482,-3.956683397293091,0.03363122045993805,0.0003716624923981726,0.01301174983382225,0.016175225377082825,-0.3372657597064972,164.34620666503906
1.7764686492325143e+18,0.05900625139474869,3.3193299770355225,0.15661771595478058,0.01881733164191246,-0.03003706783056259,0.03463428094983101,-0.25523748993873596,173.97242736816406
1.7764686492335148e+18,0.15118621289730072,5.471390247344971,0.1873643398284912,0.0003716624923981726,0.03761107474565506,-0.020742887631058693,-0.05016687512397766,178.40110778808594
1.776468649234515e+18,0.21263952553272247,-35.93014907836914,0.002884593792259693,0.012668775394558907,0.049910739064216614,-0.033048924058675766,-0.17320924997329712,166.06846618652344
1.7764686492355154e+18,0.1819128692150116,1.4747068881988525,-0.058608654886484146,0.03726299852132797,-0.005437743850052357,0.0038691875524818897,0.15490375459194183,179.0469512939453
1.7764686492365156e+18,0.12045956403017044,-11.232696533203125,-0.058608654886484146,0.03726299852132797,-0.023887237533926964,0.0038691875524818897,0.15490375459194183,182.49147033691406
1.776468649237516e+18,-0.0024470624048262835,17.768877029418945,0.1873643398284912,0.01881733164191246,-0.023887237533926964,0.022328244522213936,-0.09118100255727768,183.22958374023438
1.7764686492385162e+18,-0.0946270301938057,-0.16495811939239502,0.002884593792259693,0.0065202186815440655,0.01301174983382225,0.022328244522213936,-0.17320924997329712,169.32847595214844
1.7764686492395167e+18,0.1819128692150116,-4.878994941711426,-0.08935528248548508,0.031114444136619568,0.0007120874943211675,-0.008436850272119045,0.15490375459194183,175.87921142578125
1.7764686492405169e+18,0.08973290771245956,-12.667404174804688,0.2796042263507843,-0.011925449594855309,0.04376090690493584,-0.020742887631058693,-0.009152749553322792,164.19244384765625
1.7764686492415173e+18,-0.18680700659751892,-0.36991626024246216,-0.058608654886484146,-0.011925449594855309,0.049910739064216614,0.0038691875524818897,-0.21422336995601654,171.1429901123047
1.7764686492425175e+18,-0.0024470624048262835,25.557287216186523,0.03363122045993805,0.031114444136619568,-0.023887237533926964,-0.0022838313598185778,-0.17320924997329712,180.15411376953125
1.7764686492435177e+18,-0.0946270301938057,-27.936784744262695,-0.027862031012773514,0.0065202186815440655,0.03146124258637428,-0.020742887631058693,-0.21422336995601654,176.9248809814453
1.7764686492445181e+18,-0.0024470624048262835,30.78371810913086,0.1873643398284912,-0.005776893813163042,-0.023887237533926964,0.028481261804699898,-0.17320924997329712,172.71148681640625
1.7764686492455183e+18,0.08973290771245956,-5.493869304656982,-0.12010190635919571,0.0003716624923981726,0.019161581993103027,-0.020742887631058693,0.23693199455738068,165.76092529296875
1.7764686492465188e+18,-0.0024470624048262835,-1.189748764038086,-0.058608654886484146,0.012668775394558907,-0.023887237533926964,0.028481261804699898,-0.05016687512397766,171.6043243408203
1.776468649247519e+18,0.24336618185043335,-16.971525192260742,0.03363122045993805,0.024965887889266014,0.006861918605864048,-0.0022838313598185778,-0.25523748993873596,180.461669921875
1.7764686492485194e+18,0.08973290771245956,-15.946733474731445,-0.058608654886484146,0.03726299852132797,-0.011587575078010559,0.0038691875524818897,-0.009152749553322792,163.45433044433594
1.7764686492495196e+18,-0.0024470624048262835,11.107738494873047,0.12587109208106995,0.024965887889266014,-0.011587575078010559,-0.0022838313598185778,0.11388962715864182,161.9781036376953
1.77646864925052e+18,0.24336618185043335,-19.43102264404297,0.002884593792259693,0.012668775394558907,0.019161581993103027,-0.008436850272119045,-0.17320924997329712,178.70864868164062
1.7764686492515203e+18,-0.0024470624048262835,20.74077033996582,0.1873643398284912,-0.005776893813163042,-0.03618689998984337,0.028481261804699898,-0.21422336995601654,175.35638427734375
1.7764686492525207e+18,-0.06390037387609482,24.532495498657227,0.12587109208106995,-0.005776893813163042,0.006861918605864048,0.03463428094983101,-0.21422336995601654,173.63412475585938
1.776468649253521e+18,-0.06390037387609482,10.595343589782715,0.15661771595478058,-0.005776893813163042,-0.011587575078010559,0.028481261804699898,-0.25523748993873596,168.3750762939453
1.7764686492545213e+18,0.15118621289730072,-20.660770416259766,0.002884593792259693,0.05570866912603378,-0.023887237533926964,0.028481261804699898,-0.21422336995601654,172.71148681640625
1.7764686492555215e+18,-0.06390037387609482,22.79035186767578,0.1873643398284912,-0.011925449594855309,0.03761107474565506,-0.026895906776189804,0.19591787457466125,170.22035217285156
1.776468649256522e+18,0.12045956403017044,-15.639296531677246,0.002884593792259693,-0.005776893813163042,0.01301174983382225,0.016175225377082825,-0.21422336995601654,169.5437469482422
1.7764686492575222e+18,-0.12535369396209717,-13.589715003967285,0.12587109208106995,0.01881733164191246,0.01301174983382225,0.0038691875524818897,0.0728754997253418,181.63034057617188
1.7764686492585226e+18,-0.0024470624048262835,1.9871021509170532,0.002884593792259693,0.024965887889266014,-0.017737405374646187,0.04078729823231697,-0.25523748993873596,173.8494110107422
1.7764686492595228e+18,0.21263952553272247,-41.361541748046875,0.06437784433364868,0.0065202186815440655,0.025311412289738655,-0.020742887631058693,0.03186137601733208,183.26034545898438
1.7764686492605233e+18,-0.06390037387609482,33.03825759887695,0.15661771595478058,-0.018074005842208862,0.06221039965748787,-0.0022838313598185778,0.11388962715864182,172.4654541015625
1.7764686492615235e+18,-0.0946270301938057,38.36716842651367,0.1873643398284912,0.012668775394558907,0.0007120874943211675,-0.0022838313598185778,0.03186137601733208,159.4254608154297
1.776468649262524e+18,-0.06390037387609482,-1.189748764038086,-0.027862031012773514,0.0065202186815440655,0.03146124258637428,-0.039201945066452026,-0.009152749553322792,180.55392456054688
1.776468649263524e+18,-0.0946270301938057,-10.82278060913086,-0.027862031012773514,0.0065202186815440655,0.03761107474565506,-0.020742887631058693,-0.05016687512397766,181.93789672851562
1.7764686492645243e+18,-0.0946270301938057,-0.7798324823379517,0.002884593792259693,0.031114444136619568,0.006861918605864048,-0.008436850272119045,0.0728754997253418,162.86997985839844
1.7764686492655247e+18,-0.12535369396209717,-14.819463729858398,-0.027862031012773514,0.0065202186815440655,0.01301174983382225,0.028481261804699898,-0.17320924997329712,163.82337951660156
1.776468649266525e+18,-0.03317371755838394,17.051525115966797,0.15661771595478058,-0.024222562089562416,0.025311412289738655,-0.0022838313598185778,-0.25523748993873596,173.8494110107422
1.7764686492675254e+18,-0.12535369396209717,-4.878994941711426,-0.058608654886484146,0.024965887889266014,0.025311412289738655,-0.014589868485927582,-0.09118100255727768,179.41600036621094
1.7764686492685256e+18,0.21263952553272247,36.72750473022461,0.1873643398284912,0.0003716624923981726,0.006861918605864048,0.0038691875524818897,0.11388962715864182,174.52601623535156
1.776468649269526e+18,-0.03317371755838394,32.013465881347656,0.12587109208106995,0.024965887889266014,-0.03618689998984337,0.03463428094983101,-0.25523748993873596,178.46261596679688
1.7764686492705262e+18,0.3048194944858551,32.83330154418945,0.21811096370220184,0.0065202186815440655,0.0007120874943211675,0.016175225377082825,-0.17320924997329712,165.54563903808594
1.7764686492715267e+18,0.12045956403017044,-22.30043601989746,-0.027862031012773514,0.03726299852132797,-0.011587575078010559,0.03463428094983101,-0.1321951299905777,174.43374633789062
1.7764686492725268e+18,-0.06390037387609482,-36.85246276855469,0.03363122045993805,0.0065202186815440655,0.01301174983382225,0.022328244522213936,-0.25523748993873596,162.90074157714844
1.7764686492735273e+18,-0.0024470624048262835,-23.73514175415039,0.24885758757591248,0.0065202186815440655,-0.011587575078010559,-0.0022838313598185778,0.15490375459194183,181.07676696777344
1.7764686492745275e+18,-0.06390037387609482,8.750720024108887,-0.08935528248548508,0.03726299852132797,-0.005437743850052357,-0.008436850272119045,0.11388962715864182,166.3452606201172
1.776468649275528e+18,0.24336618185043335,-8.568241119384766,0.03363122045993805,0.01881733164191246,-0.03003706783056259,0.010022206231951714,-0.21422336995601654,172.37318420410156
1.776468649276528e+18,-0.06390037387609482,0.6548743844032288,-0.058608654886484146,0.01881733164191246,0.0007120874943211675,-0.026895906776189804,0.03186137601733208,166.31451416015625
1.7764686492775286e+18,0.08973290771245956,-9.797989845275879,0.09512446820735931,-0.011925449594855309,0.025311412289738655,0.028481261804699898,-0.21422336995601654,172.98828125
1.7764686492785288e+18,-0.0946270301938057,-39.72187805175781,0.002884593792259693,0.0003716624923981726,0.025311412289738655,-0.008436850272119045,-0.25523748993873596,171.3582763671875
1.7764686492795292e+18,0.15118621289730072,-21.275644302368164,0.12587109208106995,-0.011925449594855309,0.049910739064216614,-0.014589868485927582,-0.05016687512397766,180.6769561767578
1.7764686492805294e+18,0.028279593214392662,17.25648307800293,0.06437784433364868,0.024965887889266014,0.06221039965748787,0.010022206231951714,-0.05016687512397766,172.2194061279297
1.7764686492815299e+18,-0.0024470624048262835,23.200267791748047,0.09512446820735931,0.0065202186815440655,0.07451006025075912,-0.020742887631058693,0.15490375459194183,173.11129760742188
1.77646864928253e+18,-0.12535369396209717,-13.8971529006958,0.06437784433364868,0.0003716624923981726,0.006861918605864048,0.022328244522213936,-0.25523748993873596,162.99301147460938
1.7764686492835302e+18,-0.12535369396209717,-4.878994941711426,-0.027862031012773514,0.012668775394558907,0.049910739064216614,-0.033048924058675766,0.11388962715864182,182.64524841308594
1.7764686492845307e+18,0.24336618185043335,39.596920013427734,0.24885758757591248,-0.005776893813163042,0.006861918605864048,0.016175225377082825,-0.2962516248226166,162.71621704101562
1.776468649285531e+18,0.3355461657047272,38.16221237182617,0.21811096370220184,0.0065202186815440655,0.0007120874943211675,0.016175225377082825,-0.17320924997329712,173.60337829589844
1.776468649286531e+18,0.08973290771245956,-44.128475189208984,0.002884593792259693,0.0003716624923981726,0.03146124258637428,-0.008436850272119045,-0.3372657597064972,169.82054138183594
1.7764686492875313e+18,-0.0024470624048262835,-0.7798324823379517,-0.058608654886484146,-0.005776893813163042,0.04376090690493584,-0.020742887631058693,-0.05016687512397766,165.39187622070312
1.7764686492885315e+18,0.08973290771245956,8.135846138000488,-0.08935528248548508,0.03726299852132797,-0.005437743850052357,-0.0022838313598185778,0.19591787457466125,185.01336669921875
1.7764686492895316e+18,-0.0024470624048262835,24.02010154724121,0.1873643398284912,0.0003716624923981726,0.0007120874943211675,0.04078729823231697,-0.21422336995601654,170.58941650390625
1.7764686492905318e+18,-0.0024470624048262835,40.2117919921875,0.15661771595478058,0.0003716624923981726,0.01301174983382225,-0.014589868485927582,0.23693199455738068,179.75430297851562
1.776468649291532e+18,0.05900625139474869,-9.49055290222168,-0.058608654886484146,-0.005776893813163042,0.01301174983382225,0.05309333652257919,-0.009152749553322792,172.37318420410156
1.7764686492925322e+18,0.15118621289730072,-17.278961181640625,0.06437784433364868,0.0065202186815440655,0.01301174983382225,0.0038691875524818897,-0.009152749553322792,162.59320068359375
1.7764686492935324e+18,0.15118621289730072,-11.027738571166992,0.2796042263507843,-0.018074005842208862,0.04376090690493584,-0.0022838313598185778,-0.17320924997329712,176.98638916015625
1.7764686492945326e+18,0.12045956403017044,-37.77477264404297,-0.058608654886484146,0.0065202186815440655,-0.005437743850052357,0.022328244522213936,-0.3372657597064972,171.41978454589844
1.7764686492955328e+18,-0.06390037387609482,-12.769883155822754,-0.08935528248548508,0.03726299852132797,0.0007120874943211675,0.010022206231951714,0.11388962715864182,181.56883239746094
1.776468649296533e+18,0.12045956403017044,39.49443817138672,0.24885758757591248,-0.005776893813163042,0.0007120874943211675,0.016175225377082825,-0.21422336995601654,166.09922790527344
1.7764686492975332e+18,-0.03317371755838394,-7.031055450439453,-0.058608654886484146,0.0065202186815440655,0.03146124258637428,-0.008436850272119045,-0.25523748993873596,163.82337951660156
1.7764686492985334e+18,0.15118621289730072,-1.189748764038086,-0.15084853768348694,0.031114444136619568,0.0007120874943211675,-0.0022838313598185778,0.11388962715864182,173.2958221435547
1.7764686492995336e+18,0.3048194944858551,44.72087097167969,0.24885758757591248,0.012668775394558907,0.01301174983382225,0.0038691875524818897,0.19591787457466125,166.71432495117188
1.7764686493005338e+18,0.028279593214392662,15.104422569274902,0.06437784433364868,0.024965887889266014,0.019161581993103027,0.022328244522213936,-0.17320924997329712,162.19338989257812
1.7764686493015342e+18,0.08973290771245956,0.4499162435531616,0.002884593792259693,-0.011925449594855309,0.04376090690493584,-0.020742887631058693,-0.1321951299905777,179.75430297851562
1.7764686493025344e+18,0.12045956403017044,-10.720301628112793,-0.058608654886484146,0.01881733164191246,0.006861918605864048,0.0038691875524818897,-0.05016687512397766,159.2716827392578
1.7764686493035346e+18,-0.06390037387609482,18.998626708984375,0.12587109208106995,-0.018074005842208862,0.03761107474565506,0.010022206231951714,0.03186137601733208,171.78884887695312
1.7764686493045348e+18,-0.0024470624048262835,-5.596348285675049,0.1873643398284912,-0.024222562089562416,0.025311412289738655,-0.020742887631058693,0.03186137601733208,164.6230010986328
1.776468649305535e+18,-0.03317371755838394,1.3722277879714966,-0.08935528248548508,0.031114444136619568,-0.005437743850052357,-0.0022838313598185778,0.15490375459194183,173.2958221435547
1.7764686493065352e+18,0.12045956403017044,-24.759933471679688,0.03363122045993805,0.031114444136619568,-0.005437743850052357,-0.020742887631058693,0.19591787457466125,174.49525451660156
1.7764686493075354e+18,0.028279593214392662,24.73745346069336,0.1873643398284912,-0.011925449594855309,0.07451006025075912,0.010022206231951714,-0.09118100255727768,169.35922241210938
1.7764686493085356e+18,0.028279593214392662,5.8813066482543945,0.1873643398284912,-0.005776893813163042,0.03761107474565506,-0.020742887631058693,0.19591787457466125,167.1141357421875
1.7764686493095357e+18,0.05900625139474869,16.436649322509766,0.12587109208106995,-0.03037111833691597,0.03761107474565506,-0.020742887631058693,0.23693199455738068,173.7263946533203
1.776468649310536e+18,-0.06390037387609482,16.0267333984375,0.06437784433364868,0.03726299852132797,-0.011587575078010559,-0.014589868485927582,-0.05016687512397766,181.81488037109375
1.776468649311536e+18,0.12045956403017044,-10.105426788330078,0.31035083532333374,-0.005776893813163042,0.03761107474565506,-0.026895906776189804,-0.05016687512397766,173.54185485839844
1.7764686493125363e+18,-0.12535369396209717,-3.341809034347534,0.002884593792259693,0.012668775394558907,0.01301174983382225,0.0038691875524818897,0.11388962715864182,179.53903198242188
1.7764686493135365e+18,-0.0024470624048262835,2.9094138145446777,0.12587109208106995,-0.018074005842208862,0.049910739064216614,-0.033048924058675766,0.23693199455738068,169.789794921875
1.7764686493145367e+18,0.05900625139474869,5.368911266326904,0.002884593792259693,0.031114444136619568,-0.023887237533926964,0.04694031924009323,-0.25523748993873596,173.41883850097656
1.776468649315537e+18,0.1819128692150116,-8.260804176330566,0.31035083532333374,-0.011925449594855309,0.03761107474565506,-0.020742887631058693,-0.17320924997329712,178.37034606933594
1.776468649316537e+18,-0.0946270301938057,-6.928576469421387,-0.15084853768348694,0.03726299852132797,0.03146124258637428,-0.026895906776189804,-0.009152749553322792,178.77015686035156
1.7764686493175373e+18,0.028279593214392662,-33.26569366455078,-0.058608654886484146,0.0065202186815440655,0.0007120874943211675,0.028481261804699898,-0.25523748993873596,165.1458282470703
1.7764686493185377e+18,0.1819128692150116,-14.20458984375,0.31035083532333374,0.0003716624923981726,0.025311412289738655,-0.0022838313598185778,-0.09118100255727768,163.9156494140625
1.776468649319538e+18,0.028279593214392662,32.32090377807617,0.12587109208106995,-0.018074005842208862,0.04376090690493584,-0.033048924058675766,0.23693199455738068,170.95846557617188
1.776468649320538e+18,0.1819128692150116,-23.73514175415039,0.002884593792259693,0.012668775394558907,0.04376090690493584,0.016175225377082825,-0.21422336995601654,165.3303680419922
1.7764686493215383e+18,-0.03317371755838394,29.144054412841797,0.1873643398284912,-0.005776893813163042,0.019161581993103027,-0.0022838313598185778,0.0728754997253418,173.7263946533203
1.7764686493225385e+18,-0.03317371755838394,-0.16495811939239502,-0.12010190635919571,0.01881733164191246,0.025311412289738655,-0.020742887631058693,-0.05016687512397766,170.92771911621094
1.7764686493235387e+18,-0.06390037387609482,37.957252502441406,0.1873643398284912,-0.005776893813163042,-0.023887237533926964,0.028481261804699898,-0.09118100255727768,180.52317810058594
1.776468649324539e+18,0.08973290771245956,-44.948307037353516,0.002884593792259693,0.0065202186815440655,0.03146124258637428,-0.020742887631058693,0.0728754997253418,181.41506958007812
1.776468649325539e+18,-0.03317371755838394,48.71755599975586,0.15661771595478058,-0.005776893813163042,0.0007120874943211675,0.022328244522213936,-0.1321951299905777,175.3256378173828
1.7764686493265393e+18,-0.0946270301938057,24.225059509277344,0.1873643398284912,-0.005776893813163042,0.006861918605864048,0.010022206231951714,0.15490375459194183,172.34242248535156
1.7764686493275395e+18,-0.12535369396209717,-18.713668823242188,-0.027862031012773514,0.0065202186815440655,0.0007120874943211675,0.016175225377082825,-0.1321951299905777,164.34620666503906
1.7764686493285396e+18,0.028279593214392662,2.1920602321624756,0.03363122045993805,0.024965887889266014,0.006861918605864048,-0.008436850272119045,-0.2962516248226166,179.78506469726562
1.7764686493295398e+18,-0.06390037387609482,25.044891357421875,0.15661771595478058,0.012668775394558907,-0.023887237533926964,0.03463428094983101,-0.09118100255727768,181.63034057617188
1.77646864933054e+18,-0.0024470624048262835,4.754036903381348,-0.08935528248548508,0.0003716624923981726,0.025311412289738655,-0.020742887631058693,-0.09118100255727768,159.73300170898438
1.7764686493315402e+18,-0.0024470624048262835,-13.8971529006958,0.002884593792259693,-0.011925449594855309,0.049910739064216614,-0.020742887631058693,-0.09118100255727768,163.6696014404297
1.7764686493325404e+18,-0.0024470624048262835,-22.40291404724121,-0.027862031012773514,-0.005776893813163042,0.049910739064216614,-0.020742887631058693,-0.05016687512397766,180.55392456054688
1.7764686493335406e+18,-0.0946270301938057,13.464756965637207,0.12587109208106995,0.024965887889266014,0.006861918605864048,-0.0022838313598185778,0.15490375459194183,169.14393615722656
1.7764686493345408e+18,-0.06390037387609482,-23.222747802734375,0.002884593792259693,0.0003716624923981726,0.0007120874943211675,0.016175225377082825,0.0728754997253418,180.73846435546875
1.776468649335541e+18,0.1819128692150116,-14.614505767822266,-0.027862031012773514,0.0003716624923981726,-0.005437743850052357,-0.0022838313598185778,-0.009152749553322792,165.76092529296875
1.7764686493365414e+18,0.15118621289730072,-20.96820831298828,0.24885758757591248,-0.011925449594855309,0.04376090690493584,-0.008436850272119045,-0.09118100255727768,175.07958984375
1.7764686493375416e+18,0.028279593214392662,14.284589767456055,0.06437784433364868,0.0065202186815440655,-0.017737405374646187,0.028481261804699898,-0.1321951299905777,172.18865966796875
1.7764686493385418e+18,0.1819128692150116,-20.045896530151367,0.06437784433364868,0.024965887889266014,-0.005437743850052357,-0.026895906776189804,0.19591787457466125,176.3712921142578
1.776468649339542e+18,0.05900625139474869,-2.624455690383911,-0.12010190635919571,0.031114444136619568,0.025311412289738655,-0.020742887631058693,-0.09118100255727768,164.83828735351562
1.7764686493405422e+18,0.12045956403017044,-15.53681755065918,0.31035083532333374,-0.018074005842208862,0.049910739064216614,-0.014589868485927582,-0.17320924997329712,181.23052978515625
1.7764686493415424e+18,0.05900625139474869,-19.943416595458984,-0.12010190635919571,0.01881733164191246,-0.017737405374646187,0.03463428094983101,-0.17320924997329712,176.86337280273438
1.7764686493425426e+18,-0.06390037387609482,34.26800537109375,0.12587109208106995,-0.011925449594855309,0.05606056749820709,-0.033048924058675766,0.15490375459194183,168.59036254882812
1.7764686493435428e+18,0.05900625139474869,5.061473846435547,0.12587109208106995,-0.011925449594855309,0.06836023181676865,-0.026895906776189804,0.15490375459194183,169.88204956054688
1.776468649344543e+18,0.028279593214392662,-29.67892837524414,-0.058608654886484146,0.043411556631326675,-0.017737405374646187,0.03463428094983101,-0.17320924997329712,171.41978454589844
1.7764686493455432e+18,-0.06390037387609482,27.914304733276367,0.24885758757591248,-0.005776893813163042,0.01301174983382225,0.022328244522213936,-0.17320924997329712,176.3712921142578
1.7764686493465434e+18,-0.0024470624048262835,38.87956619262695,0.1873643398284912,-0.005776893813163042,0.01301174983382225,0.010022206231951714,-0.009152749553322792,178.77015686035156
1.7764686493475436e+18,0.028279593214392662,-13.589715003967285,-0.058608654886484146,0.0003716624923981726,-0.017737405374646187,0.016175225377082825,0.15490375459194183,171.1429901123047
1.7764686493485437e+18,0.028279593214392662,16.53912925720215,0.15661771595478058,-0.005776893813163042,0.03146124258637428,-0.008436850272119045,0.19591787457466125,172.00413513183594
1.776468649349544e+18,0.05900625139474869,3.5242881774902344,0.002884593792259693,0.031114444136619568,-0.011587575078010559,-0.008436850272119045,-0.21422336995601654,181.90713500976562
1.7764686493505441e+18,-0.18680700659751892,3.216850996017456,-0.058608654886484146,0.024965887889266014,-0.011587575078010559,-0.008436850272119045,0.19591787457466125,164.86903381347656
1.7764686493515443e+18,-0.0946270301938057,27.709346771240234,0.12587109208106995,0.031114444136619568,-0.03618689998984337,0.016175225377082825,-0.25523748993873596,180.9844970703125
1.7764686493525445e+18,-0.03317371755838394,6.086264610290527,0.15661771595478058,-0.018074005842208862,0.06836023181676865,-0.020742887631058693,0.19591787457466125,172.68072509765625
1.776468649353545e+18,0.028279593214392662,16.334171295166016,0.12587109208106995,0.0065202186815440655,0.05606056749820709,-0.020742887631058693,0.15490375459194183,173.54185485839844
1.7764686493545452e+18,0.2740928530693054,53.43159103393555,0.21811096370220184,-0.005776893813163042,0.0007120874943211675,0.016175225377082825,0.0728754997253418,179.81581115722656
1.7764686493555453e+18,0.3048194944858551,38.16221237182617,0.21811096370220184,-0.011925449594855309,0.0007120874943211675,-0.0022838313598185778,0.15490375459194183,167.02186584472656
1.7764686493565455e+18,0.1819128692150116,-6.31370210647583,0.03363122045993805,0.024965887889266014,0.025311412289738655,-0.020742887631058693,0.3189602494239807,172.52696228027344
1.7764686493575457e+18,0.028279593214392662,28.529178619384766,0.1873643398284912,0.0003716624923981726,0.01301174983382225,0.0038691875524818897,0.15490375459194183,182.9220428466797
1.776468649358546e+18,-0.03317371755838394,5.983785629272461,0.12587109208106995,-0.018074005842208862,0.03761107474565506,-0.020742887631058693,-0.009152749553322792,164.68450927734375
1.776468649359546e+18,-0.06390037387609482,18.07631492614746,0.06437784433364868,-0.011925449594855309,0.0007120874943211675,0.016175225377082825,0.0728754997253418,178.0012969970703
1.7764686493605463e+18,0.12045956403017044,-34.90536117553711,-0.027862031012773514,0.012668775394558907,0.01301174983382225,0.016175225377082825,-0.21422336995601654,165.08432006835938
1.7764686493615465e+18,-0.03317371755838394,-37.1599006652832,0.002884593792259693,0.012668775394558907,0.03146124258637428,-0.014589868485927582,-0.17320924997329712,179.9080810546875
1.7764686493625467e+18,0.12045956403017044,-39.10700225830078,-0.027862031012773514,0.0003716624923981726,0.04376090690493584,-0.020742887631058693,-0.009152749553322792,170.71243286132812
1.776468649363547e+18,0.08973290771245956,-16.35664939880371,0.03363122045993805,0.031114444136619568,-0.005437743850052357,-0.033048924058675766,0.23693199455738068,176.98638916015625
1.776468649364547e+18,0.24336618185043335,-20.455812454223633,0.002884593792259693,0.0065202186815440655,0.025311412289738655,-0.014589868485927582,0.19591787457466125,182.0301513671875
1.7764686493655473e+18,0.12045956403017044,-8.875678062438965,0.03363122045993805,-0.018074005842208862,0.03146124258637428,-0.014589868485927582,-0.1321951299905777,178.40110778808594
1.7764686493665475e+18,-0.06390037387609482,36.82998275756836,0.21811096370220184,0.0003716624923981726,0.019161581993103027,0.0038691875524818897,0.15490375459194183,180.92298889160156
1.7764686493675476e+18,-0.06390037387609482,9.160636901855469,0.1873643398284912,0.012668775394558907,0.0007120874943211675,-0.020742887631058693,0.0728754997253418,163.23904418945312
1.7764686493685478e+18,0.05900625139474869,13.772193908691406,0.15661771595478058,0.012668775394558907,-0.03618689998984337,0.028481261804699898,-0.17320924997329712,182.7990264892578
1.776468649369548e+18,-0.03317371755838394,44.20847702026367,0.21811096370220184,0.0003716624923981726,0.0007120874943211675,0.016175225377082825,-0.21422336995601654,169.0209197998047
1.7764686493705485e+18,-0.03317371755838394,-24.350017547607422,-0.058608654886484146,0.0065202186815440655,0.0007120874943211675,0.022328244522213936,-0.3372657597064972,172.03488159179688
1.7764686493715487e+18,-0.0024470624048262835,-2.829413652420044,0.002884593792259693,0.043411556631326675,-0.005437743850052357,-0.008436850272119045,0.15490375459194183,165.91470336914062
1.7764686493725489e+18,-0.18680700659751892,-0.8823115825653076,-0.058608654886484146,0.03726299852132797,0.0007120874943211675,-0.0022838313598185778,0.0728754997253418,181.66110229492188
1.776468649373549e+18,-0.06390037387609482,8.238325119018555,0.12587109208106995,0.0003716624923981726,0.06836023181676865,-0.008436850272119045,-0.17320924997329712,171.81959533691406
1.7764686493745492e+18,-0.06390037387609482,11.722613334655762,0.06437784433364868,0.024965887889266014,0.0007120874943211675,-0.0022838313598185778,0.19591787457466125,168.55960083007812
1.7764686493755494e+18,0.1819128692150116,-27.731826782226562,0.03363122045993805,0.031114444136619568,-0.03618689998984337,0.05309333652257919,-0.17320924997329712,167.75997924804688
1.7764686493765496e+18,-0.03317371755838394,-6.2112226486206055,-0.027862031012773514,0.0065202186815440655,0.01301174983382225,0.0038691875524818897,0.15490375459194183,178.77015686035156
1.7764686493775498e+18,0.05900625139474869,19.715980529785156,0.12587109208106995,-0.011925449594855309,0.01301174983382225,-0.026895906776189804,0.03186137601733208,166.560546875
1.77646864937855e+18,0.21263952553272247,40.519229888916016,0.06437784433364868,0.0003716624923981726,0.006861918605864048,0.022328244522213936,-0.21422336995601654,164.59225463867188
1.7764686493795502e+18,-0.0946270301938057,11.415176391601562,-0.027862031012773514,0.012668775394558907,0.025311412289738655,0.0038691875524818897,-0.05016687512397766,177.66299438476562
1.7764686493805504e+18,-0.0024470624048262835,-0.16495811939239502,-0.12010190635919571,0.043411556631326675,0.025311412289738655,-0.026895906776189804,-0.09118100255727768,166.2222442626953
1.7764686493815506e+18,0.15118621289730072,1.7821440696716309,0.06437784433364868,0.024965887889266014,0.0007120874943211675,-0.008436850272119045,-0.09118100255727768,182.2454376220703
1.776468649382551e+18,0.028279593214392662,-28.34670066833496,0.06437784433364868,0.031114444136619568,-0.011587575078010559,-0.026895906776189804,0.3189602494239807,172.6192169189453
1.776468649383551e+18,0.3048194944858551,32.9357795715332,0.12587109208106995,0.012668775394558907,0.006861918605864048,0.016175225377082825,-0.09118100255727768,172.7729949951172
1.776468649384551e+18,-0.03317371755838394,-36.44254684448242,-0.058608654886484146,0.0065202186815440655,0.03761107474565506,-0.020742887631058693,0.40098848938941956,183.62939453125
1.7764686493855508e+18,-0.06390037387609482,-4.264120578765869,0.002884593792259693,0.024965887889266014,-0.005437743850052357,-0.008436850272119045,0.0728754997253418,163.45433044433594
1.776468649386551e+18,0.08973290771245956,-29.166532516479492,0.21811096370220184,-0.005776893813163042,0.019161581993103027,0.0038691875524818897,-0.009152749553322792,163.60809326171875
1.776468649387551e+18,-0.06390037387609482,7.213534355163574,0.12587109208106995,0.01881733164191246,0.006861918605864048,-0.0022838313598185778,0.15490375459194183,178.5241241455078
1.776468649388551e+18,-0.06390037387609482,29.861406326293945,0.12587109208106995,-0.024222562089562416,0.03761107474565506,0.016175225377082825,-0.17320924997329712,171.97337341308594
1.7764686493895508e+18,0.15118621289730072,1.4747068881988525,0.12587109208106995,-0.011925449594855309,0.0007120874943211675,-0.020742887631058693,-0.25523748993873596,164.6230010986328
1.776468649390551e+18,-0.03317371755838394,26.991992950439453,0.1873643398284912,0.012668775394558907,-0.023887237533926964,0.028481261804699898,-0.17320924997329712,179.87733459472656
1.776468649391551e+18,0.24336618185043335,29.45149040222168,0.12587109208106995,0.0065202186815440655,-0.005437743850052357,0.022328244522213936,-0.21422336995601654,173.2035675048828
1.776468649392551e+18,-0.06390037387609482,-9.593031883239746,-0.08935528248548508,0.0065202186815440655,0.019161581993103027,-0.020742887631058693,-0.09118100255727768,179.87733459472656
1.7764686493935508e+18,0.028279593214392662,-24.96489143371582,0.002884593792259693,0.0065202186815440655,0.01301174983382225,0.016175225377082825,-0.17320924997329712,172.86526489257812
1.776468649394551e+18,-0.0946270301938057,1.0647906064987183,-0.027862031012773514,0.012668775394558907,0.04376090690493584,-0.039201945066452026,0.15490375459194183,181.1690216064453
1.776468649395551e+18,0.028279593214392662,15.616817474365234,0.12587109208106995,-0.011925449594855309,0.025311412289738655,-0.020742887631058693,-0.1321951299905777,165.54563903808594
1.776468649396551e+18,0.08973290771245956,-32.138423919677734,0.002884593792259693,0.0003716624923981726,0.03761107474565506,-0.014589868485927582,-0.17320924997329712,170.8046875
1.7764686493975508e+18,-0.0024470624048262835,-25.989681243896484,0.06437784433364868,-0.018074005842208862,0.01301174983382225,0.010022206231951714,0.0728754997253418,177.38619995117188
1.776468649398551e+18,0.24336618185043335,25.864723205566406,0.09512446820735931,-0.024222562089562416,0.025311412289738655,0.03463428094983101,-0.17320924997329712,178.46261596679688
1.776468649399551e+18,0.05900625139474869,-16.971525192260742,0.31035083532333374,0.012668775394558907,-0.011587575078010559,0.0038691875524818897,0.0728754997253418,169.9435577392578
1.776468649400551e+18,0.12045956403017044,-34.29048538208008,0.002884593792259693,0.0065202186815440655,0.0007120874943211675,0.016175225377082825,-0.09118100255727768,177.0478973388672
1.776468649401551e+18,-0.12535369396209717,-27.219430923461914,0.002884593792259693,0.0003716624923981726,0.04376090690493584,-0.026895906776189804,-0.2962516248226166,165.45338439941406
1.776468649402551e+18,0.1819128692150116,9.775510787963867,-0.08935528248548508,0.01881733164191246,0.01301174983382225,0.022328244522213936,-0.25523748993873596,169.38998413085938
1.776468649403551e+18,-0.18680700659751892,5.573869228363037,0.1873643398284912,0.0003716624923981726,0.006861918605864048,0.028481261804699898,-0.17320924997329712,164.9920654296875
1.776468649404551e+18,0.05900625139474869,-37.1599006652832,0.06437784433364868,0.024965887889266014,-0.03618689998984337,0.05309333652257919,0.0728754997253418,169.759033203125
1.776468649405551e+18,0.028279593214392662,-13.8971529006958,0.002884593792259693,-0.018074005842208862,0.04376090690493584,-0.020742887631058693,-0.05016687512397766,179.26223754882812
1.776468649406551e+18,-0.0024470624048262835,16.846567153930664,0.12587109208106995,-0.011925449594855309,-0.011587575078010559,0.016175225377082825,0.03186137601733208,173.11129760742188
1.776468649407551e+18,-0.0024470624048262835,3.421808958053589,0.15661771595478058,0.0003716624923981726,-0.005437743850052357,0.022328244522213936,-0.09118100255727768,170.92771911621094
1.776468649408551e+18,-0.06390037387609482,3.421808958053589,0.15661771595478058,-0.018074005842208862,0.04376090690493584,-0.026895906776189804,0.23693199455738068,164.0694122314453
1.776468649409551e+18,-0.06390037387609482,10.185426712036133,0.12587109208106995,-0.024222562089562416,0.0007120874943211675,0.016175225377082825,-0.17320924997329712,172.4346923828125
1.776468649410551e+18,-0.03317371755838394,0.8598325252532959,0.03363122045993805,0.012668775394558907,0.03146124258637428,-0.033048924058675766,0.0728754997253418,171.0199737548828
1.776468649411551e+18,-0.06390037387609482,-0.36991626024246216,0.06437784433364868,0.01881733164191246,0.006861918605864048,0.0038691875524818897,0.15490375459194183,177.232421875
1.776468649412551e+18,0.05900625139474869,-25.78472328186035,-0.058608654886484146,0.024965887889266014,0.0007120874943211675,0.016175225377082825,-0.17320924997329712,174.71054077148438
1.776468649413551e+18,0.05900625139474869,-20.660770416259766,-0.058608654886484146,-0.011925449594855309,0.049910739064216614,-0.020742887631058693,-0.05016687512397766,175.57167053222656
1.776468649414551e+18,-0.0024470624048262835,22.995309829711914,0.12587109208106995,0.024965887889266014,-0.005437743850052357,0.010022206231951714,-0.09118100255727768,168.46734619140625
1.776468649415551e+18,0.08973290771245956,-12.564924240112305,-0.058608654886484146,0.031114444136619568,-0.005437743850052357,0.0038691875524818897,0.03186137601733208,162.99301147460938
1.776468649416551e+18,0.15118621289730072,-10.925259590148926,-0.08935528248548508,0.03726299852132797,0.0007120874943211675,-0.008436850272119045,0.15490375459194183,173.63412475585938
1.776468649417551e+18,-0.06390037387609482,21.4581241607666,0.12587109208106995,0.012668775394558907,0.0007120874943211675,0.0038691875524818897,0.11388962715864182,168.40582275390625
1.776468649418551e+18,0.028279593214392662,34.16552734375,0.12587109208106995,-0.005776893813163042,-0.017737405374646187,0.028481261804699898,-0.009152749553322792,170.77394104003906
1.776468649419551e+18,0.05900625139474869,34.06304931640625,0.15661771595478058,0.012668775394558907,0.01301174983382225,0.010022206231951714,-0.17320924997329712,165.514892578125
1.7764686494205512e+18,0.24336618185043335,34.677921295166016,0.1873643398284912,0.0065202186815440655,0.01301174983382225,-0.0022838313598185778,0.0728754997253418,174.52601623535156
1.776468649421551e+18,0.3048194944858551,41.2365837097168,0.15661771595478058,0.012668775394558907,-0.005437743850052357,-0.008436850272119045,0.0728754997253418,160.62489318847656
1.776468649422551e+18,-0.18680700659751892,-2.0095813274383545,-0.058608654886484146,0.0065202186815440655,0.04376090690493584,-0.014589868485927582,-0.009152749553322792,178.40110778808594
1.776468649423551e+18,0.05900625139474869,5.368911266326904,0.06437784433364868,0.031114444136619568,0.0007120874943211675,-0.026895906776189804,0.23693199455738068,171.81959533691406
1.7764686494245512e+18,-0.03317371755838394,7.520971775054932,-0.08935528248548508,0.03726299852132797,-0.005437743850052357,0.0038691875524818897,0.03186137601733208,163.6696014404297
1.776468649425551e+18,0.21263952553272247,1.2697488069534302,0.03363122045993805,0.024965887889266014,-0.005437743850052357,-0.020742887631058693,0.19591787457466125,173.08053588867188
1.776468649426551e+18,-0.06390037387609482,21.868040084838867,0.03363122045993805,-0.005776893813163042,0.0007120874943211675,0.010022206231951714,0.0728754997253418,171.81959533691406
1.776468649427551e+18,-0.0024470624048262835,26.274639129638672,0.12587109208106995,0.01881733164191246,-0.011587575078010559,0.04694031924009323,-0.2962516248226166,171.97337341308594
1.7764686494285512e+18,0.1819128692150116,-32.24090576171875,0.03363122045993805,0.012668775394558907,0.03146124258637428,-0.008436850272119045,0.23693199455738068,179.9388427734375
1.776468649429551e+18,-0.06390037387609482,13.464756965637207,0.15661771595478058,-0.011925449594855309,-0.017737405374646187,0.03463428094983101,-0.21422336995601654,178.18582153320312
1.776468649430551e+18,-0.03317371755838394,27.5043888092041,0.15661771595478058,0.012668775394558907,0.0007120874943211675,-0.039201945066452026,0.23693199455738068,168.99017333984375
1.776468649431551e+18,-0.12535369396209717,-47.71524429321289,0.03363122045993805,0.012668775394558907,0.006861918605864048,0.010022206231951714,-0.2962516248226166,168.55960083007812
1.7764686494325512e+18,-0.06390037387609482,30.78371810913086,0.15661771595478058,0.0003716624923981726,-0.023887237533926964,0.04078729823231697,-0.17320924997329712,181.04600524902344
1.776468649433551e+18,-0.0024470624048262835,26.68455696105957,0.06437784433364868,0.012668775394558907,0.0007120874943211675,0.016175225377082825,-0.1321951299905777,169.17469787597656
1.776468649434551e+18,0.15118621289730072,-30.703718185424805,0.002884593792259693,0.031114444136619568,-0.011587575078010559,0.03463428094983101,-0.25523748993873596,170.74317932128906
1.776468649435551e+18,-0.03317371755838394,36.317588806152344,0.09512446820735931,0.024965887889266014,0.006861918605864048,-0.014589868485927582,-0.009152749553322792,161.9781036376953
1.7764686494365512e+18,-0.0024470624048262835,-47.612762451171875,0.002884593792259693,0.012668775394558907,0.03761107474565506,-0.039201945066452026,0.2779461145401001,177.38619995117188
1.776468649437551e+18,0.24336618185043335,-37.877254486083984,0.06437784433364868,0.012668775394558907,0.03761107474565506,-0.014589868485927582,-0.25523748993873596,179.66204833984375
1.776468649438551e+18,-0.0024470624048262835,-10.82278060913086,-0.058608654886484146,-0.011925449594855309,0.04376090690493584,-0.008436850272119045,-0.05016687512397766,166.49903869628906
1.776468649439551e+18,0.05900625139474869,15.514338493347168,0.06437784433364868,0.03726299852132797,0.0007120874943211675,-0.020742887631058693,0.15490375459194183,170.83544921875
1.7764686494405512e+18,0.08973290771245956,-20.660770416259766,-0.058608654886484146,-0.005776893813163042,0.03146124258637428,-0.008436850272119045,-0.09118100255727768,180.03109741210938
1.776468649441551e+18,-0.0024470624048262835,-30.498760223388672,0.31035083532333374,-0.011925449594855309,0.01301174983382225,0.0038691875524818897,-0.009152749553322792,165.6994171142578
1.776468649442551e+18,0.24336618185043335,-10.002947807312012,0.12587109208106995,0.0003716624923981726,0.049910739064216614,-0.020742887631058693,-0.09118100255727768,178.80091857910156
1.7764686494435512e+18,0.12045956403017044,-30.908676147460938,-0.027862031012773514,0.031114444136619568,-0.023887237533926964,0.028481261804699898,-0.1321951299905777,170.40487670898438
1.7764686494445512e+18,-0.06390037387609482,2.704455614089966,-0.08935528248548508,0.03726299852132797,-0.017737405374646187,-0.008436850272119045,-0.05016687512397766,162.19338989257812
1.776468649445551e+18,-0.18680700659751892,-12.769883155822754,-0.058608654886484146,0.031114444136619568,0.0007120874943211675,-0.008436850272119045,0.15490375459194183,184.67506408691406
1.776468649446551e+18,0.15118621289730072,-1.292227864265442,0.06437784433364868,0.0065202186815440655,0.03761107474565506,-0.014589868485927582,-0.009152749553322792,175.94073486328125
1.7764686494475512e+18,0.2740928530693054,37.64981460571289,0.1873643398284912,-0.005776893813163042,0.0007120874943211675,0.016175225377082825,0.0728754997253418,177.7860107421875
1.7764686494485512e+18,0.21263952553272247,-33.16321563720703,0.09512446820735931,0.031114444136619568,-0.042336732149124146,0.028481261804699898,-0.009152749553322792,164.46922302246094
1.776468649449551e+18,0.1819128692150116,29.144054412841797,0.12587109208106995,0.03726299852132797,-0.005437743850052357,-0.0022838313598185778,0.11388962715864182,161.33224487304688
1.776468649450551e+18,-0.06390037387609482,16.53912925720215,0.12587109208106995,0.0065202186815440655,-0.005437743850052357,0.022328244522213936,-0.3372657597064972,167.2678985595703
1.7764686494515512e+18,-0.12535369396209717,-1.189748764038086,-0.058608654886484146,-0.005776893813163042,0.025311412289738655,-0.008436850272119045,-0.009152749553322792,167.69847106933594
1.7764686494525512e+18,0.05900625139474869,-36.64750289916992,0.03363122045993805,0.031114444136619568,-0.023887237533926964,0.0038691875524818897,0.15490375459194183,170.46640014648438
1.776468649453551e+18,-0.0024470624048262835,18.793668746948242,0.15661771595478058,0.0003716624923981726,0.01301174983382225,0.010022206231951714,-0.009152749553322792,170.6201629638672
1.776468649454551e+18,-0.12535369396209717,-12.564924240112305,-0.058608654886484146,0.031114444136619568,-0.005437743850052357,0.0038691875524818897,0.15490375459194183,182.0301513671875
1.7764686494555512e+18,-0.0024470624048262835,-2.9318928718566895,-0.2123417854309082,0.0003716624923981726,0.04376090690493584,-0.020742887631058693,-0.09118100255727768,169.82054138183594
1.7764686494565512e+18,0.05900625139474869,4.036683559417725,-0.08935528248548508,0.031114444136619568,0.01301174983382225,-0.014589868485927582,-0.05016687512397766,170.6509246826172
1.776468649457551e+18,-0.0946270301938057,-6.4161810874938965,-0.027862031012773514,0.012668775394558907,0.019161581993103027,0.016175225377082825,-0.17320924997329712,162.99301147460938
1.776468649458551e+18,0.12045956403017044,30.476282119750977,0.1873643398284912,0.024965887889266014,0.006861918605864048,-0.008436850272119045,0.15490375459194183,164.53074645996094
1.7764686494595512e+18,-0.0946270301938057,35.29279708862305,0.1873643398284912,0.0003716624923981726,0.06221039965748787,-0.033048924058675766,0.2779461145401001,175.8177032470703
1.7764686494605512e+18,-0.12535369396209717,-6.621139049530029,-0.058608654886484146,0.012668775394558907,0.01301174983382225,0.022328244522213936,-0.17320924997329712,166.2222442626953
1.776468649461551e+18,0.24336618185043335,25.147369384765625,0.09512446820735931,0.03726299852132797,0.0007120874943211675,-0.008436850272119045,-0.09118100255727768,169.35922241210938
1.7764686494625513e+18,0.15118621289730072,-51.19953155517578,0.03363122045993805,0.0003716624923981726,0.03761107474565506,-0.039201945066452026,0.23693199455738068,177.32469177246094
1.7764686494635512e+18,0.028279593214392662,2.9094138145446777,-0.18159516155719757,0.043411556631326675,-0.011587575078010559,0.028481261804699898,-0.09118100255727768,180.86148071289062
1.7764686494645512e+18,0.05900625139474869,16.0267333984375,0.15661771595478058,0.0003716624923981726,0.0007120874943211675,0.022328244522213936,-0.05016687512397766,170.58941650390625
1.776468649465551e+18,0.12045956403017044,-18.816146850585938,0.1873643398284912,0.0003716624923981726,0.03761107474565506,-0.008436850272119045,-0.09118100255727768,172.71148681640625
1.7764686494665513e+18,0.028279593214392662,-17.176483154296875,-0.027862031012773514,-0.011925449594855309,0.03146124258637428,-0.033048924058675766,-0.09118100255727768,170.34336853027344
1.7764686494675512e+18,0.08973290771245956,-43.30864334106445,-0.058608654886484146,0.012668775394558907,0.049910739064216614,-0.026895906776189804,0.19591787457466125,177.66299438476562
1.7764686494685512e+18,-0.06390037387609482,5.573869228363037,-0.027862031012773514,0.03726299852132797,-0.011587575078010559,0.0038691875524818897,0.0728754997253418,160.31735229492188
1.776468649469551e+18,0.05900625139474869,18.793668746948242,0.03363122045993805,0.031114444136619568,-0.03003706783056259,0.03463428094983101,-0.25523748993873596,172.7729949951172
1.7764686494705513e+18,0.05900625139474869,-8.055846214294434,-0.08935528248548508,0.043411556631326675,0.0007120874943211675,0.010022206231951714,-0.009152749553322792,177.4169464111328
1.7764686494715512e+18,-0.0024470624048262835,17.461441040039062,0.06437784433364868,0.05570866912603378,-0.011587575078010559,0.010022206231951714,-0.009152749553322792,180.52317810058594
1.7764686494725512e+18,0.12045956403017044,-7.338492393493652,-0.058608654886484146,0.031114444136619568,-0.011587575078010559,0.0038691875524818897,0.15490375459194183,175.35638427734375
1.776468649473551e+18,0.08973290771245956,23.712663650512695,0.12587109208106995,0.012668775394558907,0.0007120874943211675,0.016175225377082825,-0.17320924997329712,171.0199737548828
1.7764686494745513e+18,0.12045956403017044,-39.31195831298828,0.002884593792259693,0.0003716624923981726,0.03146124258637428,-0.0022838313598185778,-0.09118100255727768,167.4216766357422
1.7764686494755512e+18,0.12045956403017044,-33.77809143066406,0.03363122045993805,0.024965887889266014,-0.042336732149124146,0.0038691875524818897,0.23693199455738068,168.65187072753906
1.7764686494765512e+18,0.15118621289730072,-47.92020034790039,-0.058608654886484146,0.0065202186815440655,0.006861918605864048,0.028481261804699898,0.15490375459194183,178.06280517578125
1.776468649477551e+18,-0.06390037387609482,15.821775436401367,0.03363122045993805,0.0003716624923981726,0.0007120874943211675,0.022328244522213936,-0.3782798647880554,164.9920654296875
1.7764686494785513e+18,-0.0946270301938057,12.747404098510742,0.09512446820735931,0.012668775394558907,-0.03618689998984337,0.04694031924009323,-0.2962516248226166,168.1905517578125
1.7764686494795512e+18,-0.03317371755838394,-38.49212646484375,-0.058608654886484146,0.012668775394558907,0.01301174983382225,0.022328244522213936,-0.09118100255727768,165.08432006835938
1.7764686494805512e+18,0.12045956403017044,-12.87236213684082,0.002884593792259693,0.024965887889266014,-0.011587575078010559,0.0038691875524818897,0.19591787457466125,178.6163787841797
1.776468649481551e+18,-0.12535369396209717,6.701138973236084,-0.027862031012773514,0.031114444136619568,0.0007120874943211675,-0.008436850272119045,-0.009152749553322792,162.34715270996094
1.7764686494825513e+18,0.24336618185043335,-19.840938568115234,0.002884593792259693,0.024965887889266014,-0.03618689998984337,0.04694031924009323,-0.21422336995601654,164.1001739501953
1.7764686494835512e+18,0.12045956403017044,-35.11031723022461,0.2796042263507843,-0.018074005842208862,0.04376090690493584,-0.020742887631058693,-0.1321951299905777,163.82337951660156
1.7764686494845512e+18,-0.06390037387609482,29.144054412841797,0.1873643398284912,0.0003716624923981726,-0.017737405374646187,0.03463428094983101,-0.05016687512397766,169.32847595214844
1.776468649485551e+18,-0.06390037387609482,24.73745346069336,0.15661771595478058,-0.011925449594855309,0.0007120874943211675,0.016175225377082825,-0.17320924997329712,169.51300048828125
1.7764686494865513e+18,0.028279593214392662,-16.459129333496094,-0.027862031012773514,0.0065202186815440655,0.025311412289738655,-0.008436850272119045,-0.05016687512397766,180.83071899414062
1.7764686494875512e+18,0.15118621289730072,-4.264120578765869,-0.08935528248548508,0.043411556631326675,0.019161581993103027,0.0038691875524818897,-0.3372657597064972,162.22413635253906
1.7764686494885512e+18,0.05900625139474869,-25.47728729248047,0.31035083532333374,0.024965887889266014,-0.017737405374646187,-0.0022838313598185778,0.15490375459194183,178.92393493652344
1.776468649489551e+18,0.1819128692150116,-0.062479063868522644,0.002884593792259693,0.031114444136619568,-0.03003706783056259,-0.0022838313598185778,0.0728754997253418,169.759033203125
1.776468649490551e+18,0.15118621289730072,-22.30043601989746,0.24885758757591248,-0.005776893813163042,0.025311412289738655,-0.014589868485927582,-0.009152749553322792,158.59507751464844
1.776468649491551e+18,0.2740928530693054,27.40190887451172,-0.027862031012773514,0.012668775394558907,-0.042336732149124146,-0.033048924058675766,0.03186137601733208,171.45054626464844
1.776468649492551e+18,-0.12535369396209717,7.520971775054932,-0.08935528248548508,0.0065202186815440655,0.025311412289738655,0.016175225377082825,-0.21422336995601654,167.4216766357422
1.776468649493551e+18,-0.06390037387609482,33.858089447021484,0.1873643398284912,0.0003716624923981726,0.01301174983382225,0.0038691875524818897,0.19591787457466125,162.4701690673828
1.776468649494551e+18,-0.06390037387609482,-47.92020034790039,0.03363122045993805,0.0065202186815440655,0.03761107474565506,-0.014589868485927582,-0.17320924997329712,177.35543823242188
1.776468649495551e+18,-0.0024470624048262835,19.101104736328125,-0.08935528248548508,0.0065202186815440655,0.049910739064216614,-0.039201945066452026,0.23693199455738068,184.30599975585938
1.776468649496551e+18,0.12045956403017044,-24.452495574951172,0.24885758757591248,-0.018074005842208862,0.03761107474565506,-0.026895906776189804,-0.05016687512397766,178.70864868164062
1.7764686494975508e+18,0.15118621289730072,-8.568241119384766,-0.08935528248548508,0.031114444136619568,0.006861918605864048,0.0038691875524818897,0.15490375459194183,172.55770874023438
1.7764686494985508e+18,0.08973290771245956,-16.35664939880371,-0.08935528248548508,0.043411556631326675,-0.017737405374646187,-0.014589868485927582,0.15490375459194183,175.35638427734375
1.776468649499551e+18,-0.03317371755838394,32.013465881347656,0.12587109208106995,0.01881733164191246,-0.017737405374646187,0.022328244522213936,-0.25523748993873596,179.29298400878906
1.776468649500551e+18,-0.03317371755838394,16.846567153930664,0.15661771595478058,0.0003716624923981726,0.019161581993103027,-0.020742887631058693,0.2779461145401001,172.7422332763672
1.7764686495015508e+18,0.24336618185043335,4.856515884399414,0.03363122045993805,0.012668775394558907,0.06221039965748787,0.0038691875524818897,-0.009152749553322792,170.4971466064453
1.7764686495025508e+18,0.21263952553272247,0.24495811760425568,0.06437784433364868,0.031114444136619568,0.03146124258637428,-0.014589868485927582,-0.09118100255727768,170.95846557617188
1.7764686495035507e+18,0.15118621289730072,-19.840938568115234,-0.058608654886484146,0.024965887889266014,-0.011587575078010559,0.028481261804699898,-0.1321951299905777,171.7273406982422
1.7764686495045507e+18,0.15118621289730072,-31.216114044189453,0.03363122045993805,0.01881733164191246,0.03761107474565506,-0.008436850272119045,-0.05016687512397766,178.80091857910156
1.7764686495055508e+18,-0.06390037387609482,-22.81283187866211,0.002884593792259693,0.03726299852132797,0.0806598961353302,0.0038691875524818897,-0.25523748993873596,175.9714813232422
1.7764686495065508e+18,-0.0024470624048262835,7.111055374145508,0.1873643398284912,-0.005776893813163042,-0.011587575078010559,0.010022206231951714,0.03186137601733208,173.3265838623047
1.7764686495075507e+18,0.05900625139474869,-51.5069694519043,0.06437784433364868,0.012668775394558907,0.03146124258637428,-0.008436850272119045,-0.21422336995601654,171.0507354736328
1.7764686495085507e+18,0.12045956403017044,23.507705688476562,0.06437784433364868,0.031114444136619568,-0.005437743850052357,-0.026895906776189804,0.15490375459194183,165.20733642578125
1.7764686495095506e+18,-0.0024470624048262835,-8.363283157348633,-0.08935528248548508,0.012668775394558907,0.03146124258637428,-0.026895906776189804,-0.05016687512397766,181.23052978515625
1.7764686495105505e+18,-0.0946270301938057,20.228374481201172,0.12587109208106995,0.0065202186815440655,0.0007120874943211675,-0.033048924058675766,0.19591787457466125,170.00506591796875
1.7764686495115507e+18,0.15118621289730072,-30.908676147460938,0.002884593792259693,0.0065202186815440655,0.03146124258637428,0.010022206231951714,-0.17320924997329712,163.82337951660156
1.7764686495125507e+18,0.3048194944858551,30.68124008178711,0.002884593792259693,0.012668775394558907,0.04376090690493584,-0.033048924058675766,-0.17320924997329712,175.51016235351562
1.7764686495135506e+18,-0.06390037387609482,23.917621612548828,0.1873643398284912,0.01881733164191246,0.0007120874943211675,-0.026895906776189804,0.11388962715864182,163.85414123535156
1.7764686495145505e+18,0.05900625139474869,-12.87236213684082,-0.08935528248548508,0.03726299852132797,0.006861918605864048,-0.014589868485927582,0.0728754997253418,179.63128662109375
1.7764686495155505e+18,-0.12535369396209717,-5.28891134262085,-0.027862031012773514,0.0003716624923981726,0.03761107474565506,-0.014589868485927582,-0.25523748993873596,165.6686553955078
1.7764686495165504e+18,-0.06390037387609482,25.659765243530273,0.1873643398284912,0.01881733164191246,-0.011587575078010559,0.0038691875524818897,-0.05016687512397766,168.8979034423828
1.7764686495175506e+18,0.08973290771245956,-35.93014907836914,0.12587109208106995,-0.005776893813163042,0.019161581993103027,0.010022206231951714,0.0728754997253418,174.7720489501953
1.7764686495185505e+18,-0.0024470624048262835,24.430017471313477,0.15661771595478058,-0.018074005842208862,0.06836023181676865,-0.014589868485927582,0.19591787457466125,170.58941650390625
1.7764686495195505e+18,0.15118621289730072,-3.6492462158203125,0.15661771595478058,-0.011925449594855309,0.04376090690493584,-0.020742887631058693,-0.009152749553322792,179.81581115722656
1.7764686495205504e+18,0.15118621289730072,-11.642613410949707,-0.12010190635919571,0.031114444136619568,0.019161581993103027,0.0038691875524818897,-0.25523748993873596,164.6230010986328
1.7764686495215503e+18,-0.0024470624048262835,4.651557922363281,-0.15084853768348694,0.05570866912603378,0.0007120874943211675,0.0038691875524818897,-0.009152749553322792,178.80091857910156
1.7764686495225503e+18,0.21263952553272247,39.596920013427734,0.21811096370220184,0.0003716624923981726,-0.005437743850052357,0.022328244522213936,-0.09118100255727768,179.78506469726562
1.7764686495235502e+18,0.36627280712127686,38.77708435058594,0.24885758757591248,-0.005776893813163042,-0.011587575078010559,0.010022206231951714,-0.009152749553322792,175.9714813232422
1.7764686495245504e+18,-0.12535369396209717,29.758928298950195,0.06437784433364868,0.024965887889266014,-0.017737405374646187,0.04078729823231697,-0.17320924997329712,166.09922790527344
1.7764686495255503e+18,-0.0024470624048262835,9.058157920837402,0.03363122045993805,0.024965887889266014,0.025311412289738655,-0.020742887631058693,0.3189602494239807,175.9714813232422
1.7764686495265503e+18,0.05900625139474869,13.567235946655273,0.12587109208106995,-0.011925449594855309,0.006861918605864048,-0.033048924058675766,0.15490375459194183,166.71432495117188
1.7764686495275502e+18,0.3048194944858551,43.286163330078125,0.15661771595478058,0.0065202186815440655,0.006861918605864048,0.0038691875524818897,0.11388962715864182,165.88394165039062
1.7764686495285501e+18,0.05900625139474869,43.69607925415039,0.1873643398284912,0.012668775394558907,0.01301174983382225,-0.008436850272119045,0.3189602494239807,184.64430236816406
1.77646864952955e+18,-0.06390037387609482,5.061473846435547,-0.08935528248548508,0.043411556631326675,0.0007120874943211675,-0.008436850272119045,-0.05016687512397766,162.1011199951172
1.7764686495305503e+18,0.15118621289730072,-41.566497802734375,0.06437784433364868,0.012668775394558907,0.03146124258637428,-0.039201945066452026,0.15490375459194183,181.66110229492188
1.7764686495315502e+18,0.08973290771245956,1.7821440696716309,-0.08935528248548508,0.024965887889266014,0.0007120874943211675,-0.0022838313598185778,0.15490375459194183,173.35733032226562
1.7764686495325501e+18,0.08973290771245956,-12.87236213684082,0.06437784433364868,0.012668775394558907,0.0007120874943211675,-0.0022838313598185778,-0.009152749553322792,159.3024444580078
1.77646864953355e+18,0.12045956403017044,-7.1335344314575195,0.03363122045993805,0.012668775394558907,0.03761107474565506,-0.014589868485927582,-0.1321951299905777,174.95657348632812
1.77646864953455e+18,-0.0946270301938057,30.373802185058594,0.09512446820735931,0.0003716624923981726,0.0007120874943211675,0.016175225377082825,-0.41929399967193604,167.3294219970703
1.77646864953555e+18,-0.06390037387609482,22.175477981567383,0.1873643398284912,-0.005776893813163042,0.006861918605864048,0.04078729823231697,-0.17320924997329712,172.2501678466797
1.7764686495365501e+18,0.05900625139474869,16.129213333129883,0.12587109208106995,-0.005776893813163042,-0.03618689998984337,0.04078729823231697,-0.17320924997329712,178.40110778808594
1.77646864953755e+18,-0.12535369396209717,-41.259063720703125,0.002884593792259693,0.0065202186815440655,0.04376090690493584,-0.020742887631058693,-0.1321951299905777,175.60243225097656
1.77646864953855e+18,-0.12535369396209717,8.545762062072754,0.002884593792259693,0.012668775394558907,0.019161581993103027,0.0038691875524818897,-0.17320924997329712,168.3750762939453
1.77646864953955e+18,0.15118621289730072,-15.946733474731445,0.24885758757591248,-0.018074005842208862,0.04376090690493584,-0.014589868485927582,-0.05016687512397766,158.2567901611328
1.77646864954055e+18,-0.12535369396209717,-19.02110481262207,0.1873643398284912,0.0065202186815440655,0.019161581993103027,0.016175225377082825,-0.2962516248226166,165.42262268066406
1.7764686495415498e+18,0.028279593214392662,14.284589767456055,0.15661771595478058,-0.018074005842208862,0.06836023181676865,-0.020742887631058693,0.15490375459194183,164.7460174560547
1.77646864954255e+18,0.1819128692150116,-31.318593978881836,0.21811096370220184,0.0003716624923981726,0.04376090690493584,0.0038691875524818897,-0.09118100255727768,176.7403564453125
1.77646864954355e+18,-0.03317371755838394,-44.230953216552734,0.03363122045993805,0.0065202186815440655,0.025311412289738655,0.022328244522213936,-0.25523748993873596,161.30149841308594
1.77646864954455e+18,0.1819128692150116,28.426700592041016,0.15661771595478058,0.031114444136619568,-0.005437743850052357,-0.0022838313598185778,0.03186137601733208,157.97999572753906
1.7764686495455498e+18,0.1819128692150116,2.6019766330718994,0.03363122045993805,0.024965887889266014,-0.03003706783056259,0.05309333652257919,-0.21422336995601654,168.1597900390625
1.7764686495465498e+18,-0.0024470624048262835,-17.893835067749023,-0.027862031012773514,-0.011925449594855309,0.049910739064216614,-0.020742887631058693,-0.05016687512397766,169.0516815185547
1.7764686495475497e+18,-0.06390037387609482,-25.06736946105957,0.002884593792259693,0.012668775394558907,0.03761107474565506,-0.008436850272119045,-0.17320924997329712,163.1467742919922
1.7764686495485496e+18,0.028279593214392662,-21.788040161132812,-0.12010190635919571,0.05570866912603378,-0.023887237533926964,0.04694031924009323,-0.21422336995601654,170.74317932128906
1.7764686495495498e+18,-0.0024470624048262835,26.479598999023438,0.12587109208106995,0.012668775394558907,-0.017737405374646187,0.010022206231951714,-0.09118100255727768,163.94639587402344
1.7764686495505498e+18,-0.06390037387609482,39.801876068115234,0.15661771595478058,0.0003716624923981726,0.0007120874943211675,0.016175225377082825,-0.3372657597064972,159.70225524902344
1.7764686495515497e+18,-0.0024470624048262835,29.246532440185547,0.09512446820735931,0.024965887889266014,-0.03003706783056259,0.059246357530355453,-0.25523748993873596,173.38809204101562
1.7764686495525496e+18,-0.0946270301938057,3.729246139526367,-0.08935528248548508,0.03726299852132797,-0.011587575078010559,0.0038691875524818897,0.0728754997253418,161.85508728027344
1.7764686495535496e+18,-0.06390037387609482,-16.35664939880371,-0.058608654886484146,0.012668775394558907,0.01301174983382225,0.022328244522213936,-0.17320924997329712,164.86903381347656
1.7764686495545495e+18,0.08973290771245956,-26.194639205932617,0.21811096370220184,-0.011925449594855309,0.04376090690493584,-0.020742887631058693,-0.009152749553322792,180.7692108154297
1.7764686495555497e+18,-0.15608035027980804,3.5242881774902344,-0.058608654886484146,0.0065202186815440655,0.03761107474565506,-0.020742887631058693,-0.05016687512397766,179.23147583007812
1.7764686495565496e+18,0.028279593214392662,-42.38633346557617,0.03363122045993805,0.0003716624923981726,0.04376090690493584,-0.020742887631058693,-0.09118100255727768,179.44676208496094
1.7764686495575496e+18,-0.12535369396209717,3.011892795562744,-0.058608654886484146,0.0003716624923981726,0.03146124258637428,-0.026895906776189804,0.2779461145401001,178.24732971191406
1.7764686495585495e+18,-0.03317371755838394,35.90767288208008,0.1873643398284912,-0.024222562089562416,0.0007120874943211675,0.010022206231951714,0.0728754997253418,169.08242797851562
1.7764686495595494e+18,-0.0024470624048262835,-4.981473922729492,0.09512446820735931,0.0003716624923981726,-0.005437743850052357,0.010022206231951714,0.19591787457466125,172.15789794921875
1.7764686495605494e+18,-0.12535369396209717,24.63497543334961,0.1873643398284912,0.0003716624923981726,0.0007120874943211675,0.022328244522213936,-0.3372657597064972,173.91091918945312
1.7764686495615496e+18,-0.12535369396209717,8.033367156982422,0.06437784433364868,0.0003716624923981726,0.0007120874943211675,0.03463428094983101,-0.25523748993873596,172.4346923828125
1.7764686495625495e+18,-0.15608035027980804,-14.102110862731934,-0.027862031012773514,0.031114444136619568,0.0007120874943211675,0.0038691875524818897,0.23693199455738068,167.2678985595703
1.7764686495635494e+18,0.21263952553272247,-8.670720100402832,0.2796042263507843,-0.011925449594855309,0.049910739064216614,-0.014589868485927582,-0.1321951299905777,179.6005401611328
1.7764686495645494e+18,0.05900625139474869,14.592026710510254,0.03363122045993805,0.0003716624923981726,0.006861918605864048,0.028481261804699898,-0.1321951299905777,163.5465850830078
1.7764686495655493e+18,0.05900625139474869,-26.604557037353516,-0.058608654886484146,-0.005776893813163042,0.03146124258637428,-0.014589868485927582,-0.009152749553322792,181.2920379638672
1.7764686495665492e+18,-0.0024470624048262835,2.9094138145446777,0.002884593792259693,0.024965887889266014,0.03146124258637428,-0.020742887631058693,-0.009152749553322792,167.606201171875
1.7764686495675494e+18,0.24336618185043335,-21.890520095825195,0.03363122045993805,0.012668775394558907,0.049910739064216614,0.016175225377082825,-0.21422336995601654,170.83544921875
1.7764686495685494e+18,0.15118621289730072,-6.31370210647583,0.06437784433364868,0.024965887889266014,-0.023887237533926964,0.022328244522213936,-0.09118100255727768,163.48507690429688
1.7764686495695493e+18,0.12045956403017044,2.6019766330718994,-0.058608654886484146,0.024965887889266014,0.0007120874943211675,-0.008436850272119045,-0.009152749553322792,161.08621215820312
1.7764686495705492e+18,-0.03317371755838394,-4.3665995597839355,0.09512446820735931,0.01881733164191246,0.01301174983382225,0.0038691875524818897,0.19591787457466125,178.70864868164062
1.7764686495715492e+18,0.1819128692150116,-11.027738571166992,0.06437784433364868,0.024965887889266014,-0.011587575078010559,-0.033048924058675766,0.19591787457466125,171.29676818847656
1.776468649572549e+18,-0.0024470624048262835,11.00525951385498,0.12587109208106995,-0.018074005842208862,0.06836023181676865,-0.0022838313598185778,-0.009152749553322792,170.34336853027344
1.776468649573549e+18,-0.06390037387609482,0.1424790620803833,0.06437784433364868,0.01881733164191246,0.01301174983382225,-0.0022838313598185778,0.0728754997253418,180.83071899414062
1.7764686495745492e+18,0.1819128692150116,-3.8542044162750244,0.002884593792259693,0.024965887889266014,0.025311412289738655,-0.014589868485927582,-0.1321951299905777,177.72450256347656
1.7764686495755492e+18,0.028279593214392662,-17.68887710571289,-0.08935528248548508,0.04956011101603508,0.006861918605864048,0.04078729823231697,-0.1321951299905777,170.89695739746094
1.776468649576549e+18,-0.03317371755838394,-44.128475189208984,-0.027862031012773514,0.012668775394558907,0.04376090690493584,-0.026895906776189804,-0.05016687512397766,166.52980041503906
1.776468649577549e+18,0.15118621289730072,-14.20458984375,-0.027862031012773514,0.012668775394558907,0.0007120874943211675,0.028481261804699898,-0.21422336995601654,175.4486541748047
1.776468649578549e+18,0.3048194944858551,31.39859390258789,0.12587109208106995,0.0065202186815440655,0.006861918605864048,0.022328244522213936,-0.1321951299905777,160.53262329101562
1.776468649579549e+18,0.21263952553272247,-13.384757041931152,0.06437784433364868,0.0065202186815440655,0.03761107474565506,-0.014589868485927582,-0.17320924997329712,182.21469116210938
1.776468649580549e+18,-0.0946270301938057,-24.657453536987305,-0.027862031012773514,0.012668775394558907,0.03761107474565506,-0.033048924058675766,0.11388962715864182,180.7999725341797
1.776468649581549e+18,0.028279593214392662,-25.169849395751953,-0.058608654886484146,0.05570866912603378,-0.023887237533926964,0.028481261804699898,-0.17320924997329712,170.6509246826172
1.776468649582549e+18,0.12045956403017044,-23.427705764770508,0.21811096370220184,-0.018074005842208862,0.049910739064216614,-0.014589868485927582,-0.009152749553322792,162.40866088867188
1.776468649583549e+18,-0.06390037387609482,20.02341651916504,0.15661771595478058,-0.018074005842208862,0.06836023181676865,-0.008436850272119045,0.0728754997253418,172.92677307128906
1.7764686495845489e+18,0.05900625139474869,18.281272888183594,-0.08935528248548508,0.03726299852132797,0.019161581993103027,-0.026895906776189804,-0.1321951299905777,158.28753662109375
1.7764686495855488e+18,-0.06390037387609482,18.281272888183594,0.15661771595478058,0.0003716624923981726,-0.023887237533926964,0.028481261804699898,-0.17320924997329712,179.26223754882812
1.776468649586549e+18,-0.15608035027980804,6.393702030181885,-0.058608654886484146,0.01881733164191246,0.019161581993103027,-0.026895906776189804,-0.09118100255727768,180.9844970703125
1.776468649587549e+18,0.05900625139474869,-31.421072006225586,0.1873643398284912,-0.011925449594855309,0.03761107474565506,-0.014589868485927582,-0.05016687512397766,160.9016876220703
1.7764686495885489e+18,0.2740928530693054,37.137420654296875,0.1873643398284912,0.0065202186815440655,0.006861918605864048,0.016175225377082825,-0.05016687512397766,174.7720489501953
1.7764686495895488e+18,-0.0024470624048262835,-2.2145392894744873,-0.058608654886484146,0.0003716624923981726,-0.011587575078010559,0.0038691875524818897,-0.25523748993873596,164.89979553222656
1.7764686495905487e+18,-0.0024470624048262835,-17.791357040405273,-0.08935528248548508,-0.011925449594855309,0.049910739064216614,-0.020742887631058693,-0.009152749553322792,159.24093627929688
1.7764686495915487e+18,-0.12535369396209717,13.36227798461914,-0.08935528248548508,0.012668775394558907,0.01301174983382225,0.022328244522213936,-0.25523748993873596,165.2688446044922
1.7764686495925486e+18,0.028279593214392662,-14.819463729858398,0.002884593792259693,-0.011925449594855309,0.04376090690493584,-0.020742887631058693,-0.09118100255727768,163.9156494140625
1.7764686495935488e+18,0.15118621289730072,21.25316619873047,0.06437784433364868,0.031114444136619568,0.025311412289738655,-0.033048924058675766,0.15490375459194183,172.6192169189453
1.7764686495945487e+18,0.05900625139474869,4.139162540435791,0.002884593792259693,0.031114444136619568,-0.005437743850052357,-0.008436850272119045,-0.25523748993873596,180.52317810058594
1.7764686495955487e+18,-0.0024470624048262835,-30.806198120117188,-0.058608654886484146,0.012668775394558907,0.0007120874943211675,0.028481261804699898,-0.17320924997329712,176.9248809814453
1.7764686495965486e+18,-0.0024470624048262835,9.570552825927734,-0.027862031012773514,0.03726299852132797,-0.011587575078010559,0.03463428094983101,-0.21422336995601654,174.15695190429688
1.7764686495975485e+18,0.21263952553272247,5.471390247344971,-0.08935528248548508,0.03726299852132797,0.0007120874943211675,-0.008436850272119045,0.11388962715864182,178.46261596679688
1.7764686495985485e+18,0.21263952553272247,-21.992998123168945,0.03363122045993805,0.031114444136619568,-0.017737405374646187,0.04078729823231697,-0.25523748993873596,165.36111450195312
1.7764686495995484e+18,-0.0024470624048262835,13.66971492767334,0.15661771595478058,-0.018074005842208862,0.06836023181676865,-0.008436850272119045,0.19591787457466125,172.55770874023438
1.7764686496005486e+18,0.15118621289730072,35.29279708862305,0.06437784433364868,0.01881733164191246,0.019161581993103027,0.0038691875524818897,0.2779461145401001,177.4169464111328
1.7764686496015485e+18,0.24336618185043335,28.426700592041016,0.21811096370220184,-0.011925449594855309,0.0007120874943211675,0.022328244522213936,0.11388962715864182,172.98828125
1.7764686496025485e+18,0.08973290771245956,9.877989768981934,0.002884593792259693,0.0003716624923981726,-0.017737405374646187,0.0038691875524818897,0.15490375459194183,171.1429901123047
1.7764686496035484e+18,-0.18680700659751892,0.9623115658760071,0.12587109208106995,0.012668775394558907,0.01301174983382225,0.0038691875524818897,-0.09118100255727768,168.83639526367188
1.7764686496045484e+18,0.05900625139474869,-52.01936340332031,0.06437784433364868,0.012668775394558907,-0.023887237533926964,0.05309333652257919,-0.05016687512397766,166.7758331298828
1.7764686496055483e+18,-0.0024470624048262835,40.92914581298828,0.15661771595478058,0.0003716624923981726,0.0007120874943211675,0.022328244522213936,0.0728754997253418,178.1243133544922
1.7764686496065482e+18,0.15118621289730072,-17.996315002441406,0.03363122045993805,0.012668775394558907,0.01301174983382225,0.010022206231951714,-0.009152749553322792,156.28848266601562
1.7764686496075484e+18,-0.0946270301938057,24.430017471313477,0.12587109208106995,0.0003716624923981726,0.01301174983382225,0.016175225377082825,-0.1321951299905777,171.2045135498047
1.7764686496085484e+18,0.15118621289730072,-33.26569366455078,0.002884593792259693,0.0003716624923981726,0.03761107474565506,-0.026895906776189804,0.2779461145401001,177.4169464111328
1.7764686496095483e+18,0.24336618185043335,-31.421072006225586,0.06437784433364868,0.012668775394558907,0.03146124258637428,-0.014589868485927582,0.3189602494239807,177.93978881835938
1.7764686496105482e+18,0.21263952553272247,-5.596348285675049,0.03363122045993805,0.024965887889266014,-0.023887237533926964,0.04694031924009323,-0.25523748993873596,165.54563903808594
1.7764686496115482e+18,0.1819128692150116,31.910987854003906,0.12587109208106995,0.0065202186815440655,-0.005437743850052357,0.016175225377082825,0.03186137601733208,176.58657836914062
1.776468649612548e+18,-0.03317371755838394,33.1407356262207,0.15661771595478058,-0.005776893813163042,0.01301174983382225,-0.0022838313598185778,0.15490375459194183,172.06564331054688
1.776468649613548e+18,0.24336618185043335,35.60023498535156,0.1873643398284912,-0.005776893813163042,0.019161581993103027,0.022328244522213936,-0.05016687512397766,175.14111328125
1.7764686496145482e+18,0.05900625139474869,11.620134353637695,0.1873643398284912,0.0003716624923981726,-0.023887237533926964,0.028481261804699898,-0.21422336995601654,169.69752502441406
1.7764686496155482e+18,0.24336618185043335,7.7259297370910645,-0.058608654886484146,0.031114444136619568,-0.017737405374646187,-0.008436850272119045,0.11388962715864182,167.36016845703125
1.776468649616548e+18,0.028279593214392662,1.679664969444275,-0.12010190635919571,0.03726299852132797,0.006861918605864048,-0.014589868485927582,0.03186137601733208,175.3256378173828
1.776468649617548e+18,0.15118621289730072,-33.88056945800781,-0.027862031012773514,0.01881733164191246,-0.011587575078010559,0.04078729823231697,-0.21422336995601654,171.63507080078125
1.776468649618548e+18,0.05900625139474869,26.479598999023438,0.1873643398284912,0.0065202186815440655,0.006861918605864048,-0.008436850272119045,-0.009152749553322792,163.60809326171875
1.776468649619548e+18,0.05900625139474869,-50.174739837646484,0.09512446820735931,0.012668775394558907,0.03761107474565506,-0.033048924058675766,-0.1321951299905777,168.31356811523438
1.776468649620548e+18,0.05900625139474869,-36.135108947753906,0.002884593792259693,0.012668775394558907,0.03761107474565506,0.0038691875524818897,-0.09118100255727768,167.0833740234375
1.776468649621548e+18,-0.03317371755838394,44.20847702026367,0.03363122045993805,0.024965887889266014,-0.005437743850052357,0.022328244522213936,-0.05016687512397766,164.71527099609375
1.776468649622548e+18,-0.18680700659751892,-2.0095813274383545,-0.12010190635919571,0.03726299852132797,-0.005437743850052357,0.0038691875524818897,0.11388962715864182,160.00979614257812
1.776468649623548e+18,0.24336618185043335,41.33906173706055,0.1873643398284912,-0.005776893813163042,0.0007120874943211675,0.022328244522213936,-0.09118100255727768,175.6331787109375
1.7764686496245478e+18,-0.0946270301938057,-24.24753761291504,-0.058608654886484146,0.0003716624923981726,0.03761107474565506,-0.014589868485927582,0.35997438430786133,181.56883239746094
1.7764686496255478e+18,-0.12535369396209717,-3.2393300533294678,0.15661771595478058,-0.005776893813163042,-0.011587575078010559,0.022328244522213936,-0.25523748993873596,167.05262756347656
1.7764686496265477e+18,0.12045956403017044,32.11594772338867,0.1873643398284912,0.012668775394558907,-0.005437743850052357,-0.0022838313598185778,0.0728754997253418,162.16262817382812
1.776468649627548e+18,0.1819128692150116,-37.3648567199707,0.03363122045993805,0.012668775394558907,0.04376090690493584,-0.039201945066452026,0.23693199455738068,178.6163787841797
1.7764686496285478e+18,-0.03317371755838394,29.656448364257812,0.12587109208106995,-0.018074005842208862,0.0007120874943211675,0.016175225377082825,-0.09118100255727768,172.1271514892578
1.7764686496295478e+18,0.21263952553272247,32.11594772338867,0.24885758757591248,-0.011925449594855309,0.01301174983382225,0.016175225377082825,0.15490375459194183,178.98544311523438
1.7764686496305477e+18,0.12045956403017044,25.762245178222656,0.21811096370220184,-0.005776893813163042,0.01301174983382225,0.010022206231951714,-0.2962516248226166,166.06846618652344
1.7764686496315476e+18,-0.06390037387609482,7.520971775054932,-0.058608654886484146,0.03726299852132797,0.0007120874943211675,0.0038691875524818897,0.15490375459194183,169.32847595214844
1.7764686496325476e+18,0.12045956403017044,-7.440971374511719,0.002884593792259693,0.0065202186815440655,0.01301174983382225,0.010022206231951714,-0.009152749553322792,168.4980926513672
1.7764686496335475e+18,-0.06390037387609482,27.709346771240234,0.15661771595478058,0.0003716624923981726,-0.03003706783056259,0.022328244522213936,-0.009152749553322792,177.4784698486328
1.7764686496345477e+18,0.24336618185043335,30.06636619567871,0.09512446820735931,0.0065202186815440655,0.0007120874943211675,0.022328244522213936,-0.1321951299905777,165.2688446044922
1.7764686496355476e+18,-0.0024470624048262835,32.62834167480469,0.12587109208106995,0.0003716624923981726,-0.017737405374646187,0.04694031924009323,-0.17320924997329712,175.07958984375
1.7764686496365476e+18,0.028279593214392662,-4.878994941711426,-0.058608654886484146,0.043411556631326675,-0.005437743850052357,0.0038691875524818897,-0.09118100255727768,179.2007293701172
1.7764686496375475e+18,0.05900625139474869,-33.47065353393555,0.12587109208106995,-0.011925449594855309,0.01301174983382225,0.0038691875524818897,0.11388962715864182,173.23431396484375
1.7764686496385475e+18,0.2740928530693054,-29.269012451171875,0.002884593792259693,0.01881733164191246,0.01301174983382225,-0.008436850272119045,-0.25523748993873596,167.606201171875
1.7764686496395474e+18,-0.0946270301938057,38.46965026855469,0.12587109208106995,-0.005776893813163042,-0.03003706783056259,0.04078729823231697,-0.2962516248226166,177.63223266601562
1.7764686496405473e+18,-0.0024470624048262835,-47.612762451171875,0.002884593792259693,0.0065202186815440655,0.019161581993103027,0.010022206231951714,-0.21422336995601654,162.19338989257812
1.7764686496415475e+18,-0.0024470624048262835,-26.194639205932617,0.15661771595478058,-0.011925449594855309,0.006861918605864048,0.010022206231951714,0.0728754997253418,175.26412963867188
1.7764686496425475e+18,-0.06390037387609482,42.363853454589844,0.1873643398284912,-0.005776893813163042,0.006861918605864048,0.010022206231951714,0.03186137601733208,169.08242797851562
1.7764686496435474e+18,0.05900625139474869,13.567235946655273,0.12587109208106995,-0.018074005842208862,0.07451006025075912,-0.020742887631058693,0.23693199455738068,169.5437469482422
1.7764686496445473e+18,0.12045956403017044,-44.230953216552734,-0.058608654886484146,0.04956011101603508,-0.017737405374646187,0.016175225377082825,0.19591787457466125,169.2669677734375
1.7764686496455473e+18,0.12045956403017044,-46.38301467895508,0.002884593792259693,0.0065202186815440655,0.03146124258637428,-0.026895906776189804,0.3189602494239807,180.1233673095703
1.7764686496465472e+18,-0.03317371755838394,2.294539451599121,-0.058608654886484146,0.01881733164191246,0.01301174983382225,-0.020742887631058693,-0.09118100255727768,179.50827026367188
1.7764686496475471e+18,-0.0024470624048262835,-2.0095813274383545,-0.058608654886484146,0.031114444136619568,-0.011587575078010559,-0.008436850272119045,0.15490375459194183,170.4971466064453
1.7764686496485473e+18,0.05900625139474869,-20.2508544921875,-0.027862031012773514,0.012668775394558907,0.03146124258637428,0.0038691875524818897,-0.17320924997329712,163.94639587402344
1.7764686496495473e+18,-0.06390037387609482,-48.330116271972656,0.06437784433364868,0.01881733164191246,-0.03003706783056259,0.028481261804699898,0.11388962715864182,165.8531951904297
1.7764686496505472e+18,0.12045956403017044,-30.29380226135254,0.002884593792259693,-0.011925449594855309,0.019161581993103027,0.016175225377082825,-0.17320924997329712,174.83355712890625
1.7764686496515471e+18,-0.0946270301938057,13.567235946655273,-0.058608654886484146,0.024965887889266014,0.0007120874943211675,-0.0022838313598185778,-0.009152749553322792,166.0069580078125
1.776468649652547e+18,-0.12535369396209717,3.421808958053589,-0.058608654886484146,0.03726299852132797,0.0007120874943211675,-0.0022838313598185778,0.15490375459194183,176.77110290527344
1.776468649653547e+18,0.21263952553272247,-12.359966278076172,0.09512446820735931,0.0003716624923981726,0.03761107474565506,-0.020742887631058693,-0.009152749553322792,176.12525939941406
1.776468649654547e+18,0.1819128692150116,-3.034371852874756,0.03363122045993805,0.024965887889266014,-0.005437743850052357,-0.0022838313598185778,-0.17320924997329712,176.43280029296875
1.7764686496555471e+18,0.15118621289730072,44.105995178222656,0.15661771595478058,-0.011925449594855309,0.01301174983382225,0.010022206231951714,0.15490375459194183,181.0152587890625
1.776468649656547e+18,-0.06390037387609482,29.861406326293945,0.21811096370220184,0.0003716624923981726,-0.023887237533926964,0.016175225377082825,-0.17320924997329712,178.80091857910156
1.776468649657547e+18,0.3048194944858551,39.1870002746582,0.1873643398284912,0.0065202186815440655,0.006861918605864048,0.022328244522213936,-0.17320924997329712,165.42262268066406
1.776468649658547e+18,-0.03317371755838394,38.67460632324219,0.09512446820735931,0.0003716624923981726,0.0007120874943211675,0.010022206231951714,-0.21422336995601654,173.94166564941406
1.776468649659547e+18,0.15118621289730072,-41.15658187866211,0.002884593792259693,0.0003716624923981726,0.04376090690493584,0.028481261804699898,-0.21422336995601654,164.19244384765625
1.7764686496605468e+18,0.08973290771245956,-13.487236022949219,0.31035083532333374,-0.005776893813163042,0.049910739064216614,-0.020742887631058693,-0.009152749553322792,175.3256378173828
1.7764686496615468e+18,0.24336618185043335,-41.77145767211914,0.03363122045993805,0.012668775394558907,0.049910739064216614,-0.008436850272119045,-0.009152749553322792,166.0377197265625
1.776468649662547e+18,0.05900625139474869,-1.7021440267562866,0.03363122045993805,0.024965887889266014,-0.005437743850052357,0.0038691875524818897,0.19591787457466125,162.16262817382812
1.776468649663547e+18,0.24336618185043335,3.011892795562744,0.06437784433364868,0.024965887889266014,-0.011587575078010559,-0.008436850272119045,0.03186137601733208,167.75997924804688
1.7764686496645468e+18,0.1819128692150116,-27.11695098876953,0.06437784433364868,0.024965887889266014,0.0007120874943211675,-0.026895906776189804,0.19591787457466125,171.75808715820312
1.7764686496655468e+18,0.15118621289730072,1.4747068881988525,0.03363122045993805,0.01881733164191246,0.019161581993103027,-0.020742887631058693,0.11388962715864182,178.46261596679688
1.7764686496665467e+18,0.15118621289730072,-39.10700225830078,0.002884593792259693,0.0065202186815440655,0.025311412289738655,-0.033048924058675766,0.40098848938941956,179.63128662109375
1.7764686496675466e+18,0.15118621289730072,-27.01447296142578,0.03363122045993805,0.012668775394558907,0.03761107474565506,-0.008436850272119045,-0.17320924997329712,162.4701690673828
1.7764686496685466e+18,-0.06390037387609482,-32.753299713134766,-0.058608654886484146,0.0065202186815440655,0.03761107474565506,-0.026895906776189804,0.0728754997253418,173.97242736816406
1.7764686496695468e+18,0.1819128692150116,-4.878994941711426,0.002884593792259693,0.024965887889266014,0.006861918605864048,-0.008436850272119045,-0.25523748993873596,178.8316650390625
1.7764686496705467e+18,0.21263952553272247,38.9820442199707,0.09512446820735931,0.012668775394558907,0.025311412289738655,-0.04535496234893799,0.0728754997253418,176.77110290527344
1.7764686496715466e+18,-0.06390037387609482,25.659765243530273,0.1873643398284912,-0.005776893813163042,-0.011587575078010559,0.04078729823231697,-0.17320924997329712,176.186767578125
1.7764686496725466e+18,0.12045956403017044,18.383752822875977,0.06437784433364868,0.024965887889266014,0.049910739064216614,-0.014589868485927582,0.11388962715864182,170.83544921875
1.7764686496735465e+18,0.05900625139474869,17.051525115966797,0.1873643398284912,0.0003716624923981726,-0.023887237533926964,0.03463428094983101,-0.21422336995601654,170.95846557617188
1.7764686496745464e+18,0.3048194944858551,36.522544860839844,0.21811096370220184,0.0003716624923981726,-0.005437743850052357,0.028481261804699898,-0.17320924997329712,163.6696014404297
1.7764686496755464e+18,-0.0024470624048262835,24.430017471313477,0.06437784433364868,0.031114444136619568,-0.005437743850052357,-0.008436850272119045,0.11388962715864182,160.93243408203125
1.7764686496765466e+18,-0.0946270301938057,-15.024422645568848,-0.027862031012773514,0.031114444136619568,-0.017737405374646187,0.0038691875524818897,-0.009152749553322792,164.7460174560547
1.7764686496775465e+18,0.12045956403017044,-12.462445259094238,0.002884593792259693,0.012668775394558907,0.03146124258637428,-0.020742887631058693,-0.09118100255727768,176.06375122070312
1.7764686496785464e+18,-0.0946270301938057,26.06968116760254,0.15661771595478058,-0.011925449594855309,0.06836023181676865,-0.008436850272119045,0.23693199455738068,170.77394104003906
1.7764686496795464e+18,0.05900625139474869,1.0647906064987183,-0.08935528248548508,0.03726299852132797,-0.023887237533926964,0.03463428094983101,-0.17320924997329712,175.87921142578125
1.7764686496805463e+18,0.05900625139474869,-11.130217552185059,-0.12010190635919571,0.03726299852132797,-0.03003706783056259,0.028481261804699898,-0.21422336995601654,169.17469787597656
1.7764686496815462e+18,0.08973290771245956,-0.7798324823379517,-0.027862031012773514,0.012668775394558907,0.049910739064216614,-0.0022838313598185778,-0.17320924997329712,163.45433044433594
1.7764686496825464e+18,-0.06390037387609482,29.041574478149414,0.12587109208106995,-0.011925449594855309,-0.011587575078010559,0.04078729823231697,-0.1321951299905777,176.0022430419922
1.7764686496835464e+18,-0.0946270301938057,2.704455614089966,-0.027862031012773514,0.0065202186815440655,0.03761107474565506,-0.008436850272119045,-0.21422336995601654,172.2194061279297
1.7764686496845463e+18,-0.06390037387609482,19.101104736328125,0.06437784433364868,0.031114444136619568,0.0007120874943211675,-0.0022838313598185778,0.0728754997253418,164.71527099609375
1.7764686496855465e+18,-0.03317371755838394,8.853199005126953,0.12587109208106995,-0.005776893813163042,0.01301174983382225,0.0038691875524818897,0.0728754997253418,169.9435577392578
1.7764686496865464e+18,0.05900625139474869,14.079631805419922,0.03363122045993805,0.012668775394558907,0.025311412289738655,-0.014589868485927582,0.35997438430786133,180.33865356445312
1.7764686496875464e+18,0.21263952553272247,-7.236013412475586,0.06437784433364868,0.024965887889266014,0.06836023181676865,0.0038691875524818897,-0.17320924997329712,170.34336853027344
1.7764686496885466e+18,-0.06390037387609482,-41.566497802734375,0.03363122045993805,0.031114444136619568,-0.03003706783056259,0.028481261804699898,-0.17320924997329712,164.93055725097656
1.7764686496895465e+18,-0.06390037387609482,24.12257957458496,0.12587109208106995,0.0003716624923981726,0.06836023181676865,0.016175225377082825,0.03186137601733208,170.5279083251953
1.7764686496905464e+18,-0.06390037387609482,5.266432285308838,0.1873643398284912,0.0003716624923981726,0.0007120874943211675,0.028481261804699898,-0.17320924997329712,179.75430297851562
1.7764686496915466e+18,-0.03317371755838394,10.287906646728516,-0.058608654886484146,-0.018074005842208862,-0.005437743850052357,0.0038691875524818897,-0.009152749553322792,160.56338500976562
1.7764686496925466e+18,0.08973290771245956,-16.664087295532227,0.31035083532333374,-0.024222562089562416,0.049910739064216614,-0.020742887631058693,-0.1321951299905777,176.6788330078125
1.7764686496935465e+18,0.05900625139474869,20.433334350585938,0.12587109208106995,-0.018074005842208862,0.07451006025075912,-0.026895906776189804,0.2779461145401001,167.9445037841797
1.7764686496945467e+18,-0.12535369396209717,-6.928576469421387,-0.12010190635919571,0.03726299852132797,-0.011587575078010559,-0.0022838313598185778,0.15490375459194183,175.3256378173828
1.7764686496955466e+18,-0.15608035027980804,-24.96489143371582,-0.027862031012773514,0.0003716624923981726,0.04376090690493584,-0.020742887631058693,-0.17320924997329712,178.37034606933594
1.7764686496965468e+18,0.15118621289730072,-36.64750289916992,0.06437784433364868,0.012668775394558907,0.04376090690493584,-0.014589868485927582,0.2779461145401001,169.08242797851562
1.7764686496975468e+18,0.15118621289730072,-36.64750289916992,0.15661771595478058,-0.011925449594855309,0.03146124258637428,0.010022206231951714,-0.17320924997329712,169.60525512695312
1.7764686496985467e+18,0.05900625139474869,9.365594863891602,-0.027862031012773514,0.0065202186815440655,0.03761107474565506,-0.04535496234893799,0.11388962715864182,179.5697784423828
1.776468649699547e+18,-0.12535369396209717,-35.520233154296875,0.002884593792259693,0.0003716624923981726,0.025311412289738655,0.0038691875524818897,-0.25523748993873596,164.00790405273438
1.7764686497005468e+18,-0.0024470624048262835,-25.6822452545166,-0.12010190635919571,0.043411556631326675,-0.017737405374646187,0.028481261804699898,-0.1321951299905777,176.03298950195312
1.7764686497015468e+18,0.028279593214392662,34.06304931640625,0.15661771595478058,-0.018074005842208862,0.03146124258637428,-0.020742887631058693,0.15490375459194183,163.30055236816406
1.776468649702547e+18,0.05900625139474869,-34.29048538208008,0.1873643398284912,0.01881733164191246,-0.011587575078010559,-0.0022838313598185778,0.15490375459194183,180.03109741210938
1.776468649703547e+18,0.05900625139474869,14.284589767456055,0.06437784433364868,0.024965887889266014,-0.03618689998984337,0.04694031924009323,-0.25523748993873596,172.28091430664062
1.7764686497045468e+18,0.028279593214392662,-22.710351943969727,-0.12010190635919571,0.043411556631326675,-0.017737405374646187,0.022328244522213936,-0.17320924997329712,173.41883850097656
1.776468649705547e+18,0.028279593214392662,26.68455696105957,0.15661771595478058,-0.024222562089562416,0.05606056749820709,0.010022206231951714,0.03186137601733208,167.4524383544922
1.776468649706547e+18,0.15118621289730072,-22.91530990600586,-0.058608654886484146,0.012668775394558907,0.025311412289738655,0.022328244522213936,-0.3372657597064972,171.1429901123047
1.776468649707547e+18,-0.03317371755838394,36.11262893676758,0.09512446820735931,0.024965887889266014,-0.03618689998984337,0.0038691875524818897,-0.17320924997329712,179.3544921875
1.776468649708547e+18,-0.06390037387609482,-46.28053665161133,0.06437784433364868,0.01881733164191246,-0.03618689998984337,0.04694031924009323,0.0728754997253418,166.96035766601562
1.776468649709547e+18,-0.06390037387609482,2.3970184326171875,-0.058608654886484146,0.031114444136619568,-0.011587575078010559,0.0038691875524818897,0.11388962715864182,177.63223266601562
1.776468649710547e+18,0.21263952553272247,44.20847702026367,0.21811096370220184,-0.011925449594855309,-0.005437743850052357,0.028481261804699898,-0.17320924997329712,172.1271514892578
1.7764686497115471e+18,-0.12535369396209717,2.9094138145446777,0.002884593792259693,0.0065202186815440655,0.01301174983382225,0.028481261804699898,-0.25523748993873596,163.85414123535156
1.776468649712547e+18,-0.0024470624048262835,-11.642613410949707,-0.12010190635919571,0.04956011101603508,-0.03003706783056259,0.03463428094983101,-0.25523748993873596,171.94261169433594
1.7764686497135473e+18,-0.0024470624048262835,7.008576393127441,0.15661771595478058,-0.011925449594855309,0.05606056749820709,-0.026895906776189804,0.19591787457466125,168.3750762939453
1.7764686497145472e+18,0.1819128692150116,-50.892093658447266,-0.058608654886484146,0.012668775394558907,-0.005437743850052357,0.016175225377082825,0.0728754997253418,164.46922302246094
1.7764686497155471e+18,-0.0024470624048262835,-21.788040161132812,0.12587109208106995,-0.005776893813163042,0.006861918605864048,-0.0022838313598185778,0.03186137601733208,165.02281188964844
1.7764686497165473e+18,-0.0024470624048262835,34.370487213134766,0.12587109208106995,-0.018074005842208862,0.0007120874943211675,-0.014589868485927582,-0.17320924997329712,167.2986602783203
1.7764686497175473e+18,0.12045956403017044,-15.024422645568848,0.002884593792259693,0.0065202186815440655,0.019161581993103027,0.016175225377082825,0.0728754997253418,178.98544311523438
1.7764686497185472e+18,-0.0946270301938057,29.861406326293945,0.21811096370220184,-0.005776893813163042,0.019161581993103027,0.0038691875524818897,0.15490375459194183,165.45338439941406
1.7764686497195474e+18,-0.0946270301938057,-10.105426788330078,0.06437784433364868,0.024965887889266014,0.0007120874943211675,0.010022206231951714,0.0728754997253418,174.64903259277344
1.7764686497205473e+18,-0.0024470624048262835,-6.826097011566162,0.09512446820735931,-0.018074005842208862,0.03761107474565506,-0.0022838313598185778,-0.21422336995601654,170.8662109375
1.7764686497215473e+18,0.12045956403017044,-51.7119255065918,0.03363122045993805,0.012668775394558907,0.03761107474565506,-0.04535496234893799,0.3189602494239807,172.03488159179688
1.7764686497225475e+18,-0.06390037387609482,13.464756965637207,0.24885758757591248,0.0003716624923981726,0.01301174983382225,-0.0022838313598185778,-0.009152749553322792,175.04884338378906
1.7764686497235474e+18,-0.0024470624048262835,-13.692193984985352,-0.027862031012773514,0.012668775394558907,0.019161581993103027,0.0038691875524818897,-0.09118100255727768,175.3256378173828
1.7764686497245473e+18,-0.12535369396209717,-10.82278060913086,-0.058608654886484146,0.012668775394558907,0.006861918605864048,0.016175225377082825,-0.25523748993873596,164.1001739501953
1.7764686497255475e+18,0.15118621289730072,7.623450756072998,-0.058608654886484146,0.03726299852132797,-0.017737405374646187,-0.008436850272119045,0.11388962715864182,163.76187133789062
1.7764686497265475e+18,-0.12535369396209717,-8.055846214294434,0.002884593792259693,0.03726299852132797,0.0007120874943211675,-0.014589868485927582,-0.009152749553322792,163.82337951660156
1.7764686497275476e+18,0.1819128692150116,-16.151691436767578,0.03363122045993805,0.024965887889266014,-0.005437743850052357,-0.0022838313598185778,-0.25523748993873596,170.06658935546875
1.7764686497285476e+18,-0.03317371755838394,-4.878994941711426,0.1873643398284912,-0.005776893813163042,-0.005437743850052357,0.028481261804699898,-0.25523748993873596,161.48602294921875
1.7764686497295475e+18,0.08973290771245956,-22.607872009277344,0.1873643398284912,-0.005776893813163042,0.049910739064216614,-0.020742887631058693,-0.09118100255727768,161.60903930664062
1.7764686497305477e+18,0.21263952553272247,0.24495811760425568,0.12587109208106995,0.024965887889266014,0.0007120874943211675,-0.020742887631058693,0.19591787457466125,171.97337341308594
1.7764686497315476e+18,-0.0946270301938057,0.03999999910593033,0.15661771595478058,-0.011925449594855309,0.0007120874943211675,0.022328244522213936,-0.1321951299905777,174.4029998779297
1.7764686497325476e+18,0.12045956403017044,7.623450756072998,0.002884593792259693,0.012668775394558907,0.019161581993103027,-0.014589868485927582,-0.05016687512397766,167.9752655029297
1.7764686497335478e+18,-0.0946270301938057,21.97052001953125,0.1873643398284912,-0.005776893813163042,0.01301174983382225,0.010022206231951714,0.15490375459194183,176.5250701904297
1.7764686497345477e+18,0.15118621289730072,10.800301551818848,0.09512446820735931,0.031114444136619568,0.04376090690493584,-0.020742887631058693,0.2779461145401001,171.911865234375
1.7764686497355476e+18,-0.12535369396209717,1.8846231698989868,0.002884593792259693,0.043411556631326675,-0.005437743850052357,-0.0022838313598185778,0.0728754997253418,161.17848205566406
1.7764686497365478e+18,0.08973290771245956,21.25316619873047,0.1873643398284912,0.0065202186815440655,0.006861918605864048,0.0038691875524818897,0.0728754997253418,169.63601684570312
1.7764686497375478e+18,0.12045956403017044,-12.257487297058105,0.03363122045993805,0.01881733164191246,0.01301174983382225,-0.008436850272119045,-0.009152749553322792,158.7488555908203
1.7764686497385477e+18,0.05900625139474869,-10.412864685058594,0.12587109208106995,-0.005776893813163042,-0.011587575078010559,0.0038691875524818897,0.15490375459194183,181.96864318847656
1.776468649739548e+18,0.028279593214392662,23.815141677856445,0.09512446820735931,0.024965887889266014,-0.011587575078010559,-0.033048924058675766,0.15490375459194183,167.4216766357422
1.7764686497405478e+18,0.1819128692150116,-23.427705764770508,-0.058608654886484146,0.012668775394558907,-0.005437743850052357,0.0038691875524818897,-0.009152749553322792,162.8084716796875
1.776468649741548e+18,-0.18680700659751892,-42.38633346557617,0.09512446820735931,0.012668775394558907,-0.03618689998984337,0.028481261804699898,0.15490375459194183,169.5437469482422
1.776468649742548e+18,-0.03317371755838394,24.63497543334961,0.21811096370220184,-0.011925449594855309,-0.017737405374646187,0.03463428094983101,-0.17320924997329712,176.8941192626953
1.776468649743548e+18,0.12045956403017044,-5.083952903747559,-0.058608654886484146,0.024965887889266014,-0.017737405374646187,-0.008436850272119045,0.19591787457466125,175.57167053222656
1.776468649744548e+18,0.12045956403017044,-40.13179397583008,0.03363122045993805,0.0003716624923981726,0.03761107474565506,-0.04535496234893799,0.3189602494239807,180.9844970703125
1.776468649745548e+18,-0.18680700659751892,-0.062479063868522644,-0.058608654886484146,0.043411556631326675,-0.011587575078010559,-0.008436850272119045,0.15490375459194183,170.06658935546875
1.776468649746548e+18,-0.03317371755838394,22.58539390563965,0.12587109208106995,0.024965887889266014,-0.017737405374646187,0.05309333652257919,-0.25523748993873596,173.7263946533203
1.7764686497475482e+18,-0.06390037387609482,25.147369384765625,0.15661771595478058,0.0003716624923981726,0.07451006025075912,-0.020742887631058693,0.19591787457466125,167.636962890625
1.776468649748548e+18,-0.06390037387609482,-46.690452575683594,-0.058608654886484146,0.0003716624923981726,0.025311412289738655,0.016175225377082825,-0.09118100255727768,165.20733642578125
1.776468649749548e+18,-0.03317371755838394,41.54402160644531,0.1873643398284912,0.0003716624923981726,0.01301174983382225,-0.0022838313598185778,0.15490375459194183,159.8560333251953
1.7764686497505482e+18,-0.06390037387609482,57.1208381652832,0.1873643398284912,0.0003716624923981726,0.01301174983382225,-0.008436850272119045,0.35997438430786133,177.50921630859375
1.7764686497515482e+18,-0.03317371755838394,8.95567798614502,0.06437784433364868,0.04956011101603508,0.01301174983382225,-0.026895906776189804,-0.09118100255727768,161.0247039794922
1.776468649752548e+18,0.1819128692150116,-32.24090576171875,0.002884593792259693,0.024965887889266014,-0.042336732149124146,0.03463428094983101,-0.09118100255727768,163.60809326171875
1.7764686497535483e+18,0.21263952553272247,14.182110786437988,0.06437784433364868,-0.018074005842208862,-0.005437743850052357,0.04694031924009323,-0.09118100255727768,177.10940551757812
1.7764686497545482e+18,-0.0024470624048262835,-22.81283187866211,0.24885758757591248,0.0003716624923981726,-0.011587575078010559,-0.0022838313598185778,0.15490375459194183,178.4933624267578
1.7764686497555482e+18,-0.0946270301938057,43.798561096191406,0.06437784433364868,0.012668775394558907,0.04376090690493584,-0.020742887631058693,-0.21422336995601654,170.2818603515625
1.7764686497565484e+18,0.05900625139474869,-4.674036979675293,-0.058608654886484146,-0.018074005842208862,0.01301174983382225,0.010022206231951714,0.15490375459194183,179.87733459472656
1.7764686497575483e+18,0.15118621289730072,-32.753299713134766,0.03363122045993805,0.01881733164191246,0.01301174983382225,0.010022206231951714,-0.25523748993873596,165.36111450195312
1.7764686497585485e+18,0.028279593214392662,-17.176483154296875,-0.027862031012773514,-0.011925449594855309,-0.011587575078010559,-0.0022838313598185778,0.19591787457466125,171.85035705566406
1.7764686497595484e+18,-0.06390037387609482,-36.64750289916992,0.09512446820735931,0.012668775394558907,-0.023887237533926964,0.059246357530355453,-0.09118100255727768,164.6537628173828
1.7764686497605484e+18,-0.0024470624048262835,20.535812377929688,0.15661771595478058,0.0003716624923981726,-0.03618689998984337,0.03463428094983101,-0.17320924997329712,171.66583251953125
1.7764686497615485e+18,-0.0024470624048262835,40.31427001953125,0.12587109208106995,0.024965887889266014,-0.03618689998984337,-0.008436850272119045,-0.17320924997329712,180.06185913085938
1.7764686497625485e+18,0.08973290771245956,3.216850996017456,0.06437784433364868,0.01881733164191246,0.049910739064216614,-0.020742887631058693,0.15490375459194183,172.06564331054688
1.7764686497635484e+18,-0.0946270301938057,-34.29048538208008,0.002884593792259693,0.01881733164191246,0.006861918605864048,0.04078729823231697,-0.17320924997329712,161.7628173828125
1.7764686497645486e+18,0.028279593214392662,-12.87236213684082,-0.08935528248548508,-0.011925449594855309,0.049910739064216614,-0.020742887631058693,-0.1321951299905777,170.0973358154297
1.7764686497655485e+18,0.05900625139474869,1.679664969444275,-0.058608654886484146,0.031114444136619568,0.019161581993103027,0.022328244522213936,-0.05016687512397766,169.82054138183594
1.7764686497665485e+18,0.028279593214392662,-23.837621688842773,0.2796042263507843,0.0003716624923981726,0.04376090690493584,0.0038691875524818897,0.11388962715864182,179.0161895751953
1.7764686497675487e+18,-0.06390037387609482,17.871356964111328,0.1873643398284912,0.0003716624923981726,-0.005437743850052357,0.016175225377082825,-0.21422336995601654,161.0554656982422
1.7764686497685486e+18,0.15118621289730072,10.185426712036133,0.03363122045993805,0.024965887889266014,-0.005437743850052357,-0.033048924058675766,0.23693199455738068,171.32752990722656
1.7764686497695485e+18,0.1819128692150116,15.206901550292969,0.03363122045993805,0.01881733164191246,0.06836023181676865,0.0038691875524818897,-0.05016687512397766,168.09828186035156
1.7764686497705487e+18,0.028279593214392662,13.259799003601074,-0.15084853768348694,0.03726299852132797,0.025311412289738655,-0.026895906776189804,-0.09118100255727768,164.6537628173828
1.7764686497715487e+18,0.12045956403017044,-33.5731315612793,0.15661771595478058,-0.018074005842208862,0.03761107474565506,-0.014589868485927582,-0.09118100255727768,163.63885498046875
1.7764686497725489e+18,0.1819128692150116,-18.91862678527832,0.03363122045993805,0.024965887889266014,-0.03618689998984337,0.022328244522213936,0.15490375459194183,169.72828674316406
1.7764686497735488e+18,0.1819128692150116,20.125896453857422,0.09512446820735931,-0.024222562089562416,0.006861918605864048,0.028481261804699898,-0.17320924997329712,179.0161895751953
1.7764686497745487e+18,-0.06390037387609482,38.36716842651367,0.21811096370220184,0.0065202186815440655,-0.023887237533926964,0.04078729823231697,-0.09118100255727768,176.8941192626953
1.776468649775549e+18,0.21263952553272247,-29.67892837524414,0.06437784433364868,0.012668775394558907,0.03146124258637428,-0.020742887631058693,0.3189602494239807,179.47752380371094
1.7764686497765489e+18,-0.06390037387609482,-7.953366756439209,0.06437784433364868,0.024965887889266014,-0.03003706783056259,0.0038691875524818897,-0.21422336995601654,176.64808654785156
1.7764686497775488e+18,0.028279593214392662,42.97872543334961,0.21811096370220184,-0.005776893813163042,0.006861918605864048,0.0038691875524818897,0.11388962715864182,169.85130310058594
1.776468649778549e+18,0.05900625139474869,-21.890520095825195,0.002884593792259693,-0.011925449594855309,0.03146124258637428,0.0038691875524818897,-0.09118100255727768,179.9388427734375
1.776468649779549e+18,-0.0946270301938057,33.44817352294922,0.21811096370220184,0.0003716624923981726,0.01301174983382225,0.010022206231951714,-0.1321951299905777,168.40582275390625
1.7764686497805489e+18,0.1819128692150116,-36.135108947753906,0.03363122045993805,0.012668775394558907,0.03146124258637428,-0.033048924058675766,0.3189602494239807,178.40110778808594
1.776468649781549e+18,0.15118621289730072,-23.73514175415039,0.03363122045993805,0.012668775394558907,0.03761107474565506,-0.039201945066452026,0.3189602494239807,178.8624267578125
1.776468649782549e+18,-0.03317371755838394,5.6763482093811035,-0.18159516155719757,0.04956011101603508,-0.005437743850052357,0.022328244522213936,-0.05016687512397766,177.53997802734375
1.77646864978355e+18,-0.0024470624048262835,36.01015090942383,0.15661771595478058,-0.018074005842208862,0.06221039965748787,-0.008436850272119045,0.23693199455738068,169.60525512695312
1.776468649784551e+18,0.05900625139474869,-23.73514175415039,-0.08935528248548508,0.0003716624923981726,0.025311412289738655,0.0038691875524818897,-0.09118100255727768,174.8950653076172
1.7764686497855516e+18,0.05900625139474869,-34.700401306152344,-0.08935528248548508,0.04956011101603508,-0.017737405374646187,0.028481261804699898,-0.25523748993873596,170.15884399414062
1.7764686497865526e+18,-0.06390037387609482,21.35564422607422,0.15661771595478058,-0.011925449594855309,0.006861918605864048,0.022328244522213936,-0.2962516248226166,166.7450714111328
1.7764686497875533e+18,-0.0024470624048262835,9.160636901855469,0.03363122045993805,0.024965887889266014,-0.005437743850052357,-0.014589868485927582,-0.21422336995601654,178.5241241455078
1.7764686497885542e+18,-0.06390037387609482,-6.621139049530029,0.03363122045993805,0.012668775394558907,0.01301174983382225,0.0038691875524818897,0.03186137601733208,169.60525512695312
1.776468649789555e+18,0.05900625139474869,-18.816146850585938,-0.058608654886484146,0.043411556631326675,-0.005437743850052357,0.016175225377082825,-0.09118100255727768,177.29393005371094
1.776468649790556e+18,0.12045956403017044,27.709346771240234,0.15661771595478058,-0.011925449594855309,-0.023887237533926964,0.0038691875524818897,-0.009152749553322792,175.4178924560547
1.7764686497915566e+18,0.05900625139474869,-9.285594940185547,0.12587109208106995,0.031114444136619568,0.0007120874943211675,-0.008436850272119045,0.03186137601733208,160.74790954589844
1.7764686497925576e+18,-0.06390037387609482,-52.12184143066406,0.03363122045993805,0.012668775394558907,0.03146124258637428,-0.014589868485927582,-0.21422336995601654,170.37413024902344
1.7764686497935583e+18,0.12045956403017044,-3.8542044162750244,-0.027862031012773514,0.01881733164191246,-0.005437743850052357,0.0038691875524818897,0.11388962715864182,164.59225463867188
1.7764686497945592e+18,0.05900625139474869,27.914304733276367,0.09512446820735931,-0.011925449594855309,0.06221039965748787,-0.033048924058675766,0.23693199455738068,166.9296112060547
1.7764686497955602e+18,0.21263952553272247,-25.57976531982422,0.03363122045993805,0.0003716624923981726,0.03761107474565506,0.010022206231951714,-0.1321951299905777,168.99017333984375
1.776468649796561e+18,0.15118621289730072,-9.900468826293945,0.09512446820735931,0.0003716624923981726,0.03761107474565506,-0.020742887631058693,-0.009152749553322792,177.29393005371094
1.7764686497975619e+18,0.12045956403017044,-5.083952903747559,0.1873643398284912,0.012668775394558907,0.0007120874943211675,-0.0022838313598185778,-0.009152749553322792,160.31735229492188
1.7764686497985626e+18,0.24336618185043335,40.31427001953125,0.24885758757591248,-0.005776893813163042,0.0007120874943211675,0.010022206231951714,-0.009152749553322792,173.7263946533203
1.7764686497995635e+18,-0.0946270301938057,-13.8971529006958,-0.027862031012773514,0.0003716624923981726,0.025311412289738655,0.04694031924009323,-0.09118100255727768,167.23715209960938
1.7764686498005642e+18,0.1819128692150116,-11.232696533203125,0.06437784433364868,0.012668775394558907,0.006861918605864048,-0.0022838313598185778,0.03186137601733208,159.48696899414062
1.7764686498015652e+18,-0.0024470624048262835,17.051525115966797,0.12587109208106995,-0.005776893813163042,0.0007120874943211675,0.0038691875524818897,-0.009152749553322792,169.2362060546875
1.776468649802566e+18,-0.03317371755838394,33.44817352294922,0.15661771595478058,0.012668775394558907,0.006861918605864048,-0.026895906776189804,-0.09118100255727768,163.9156494140625
1.7764686498035668e+18,0.24336618185043335,39.39196014404297,0.12587109208106995,0.012668775394558907,0.0007120874943211675,-0.014589868485927582,0.15490375459194183,162.77772521972656
1.7764686498045676e+18,-0.12535369396209717,11.927571296691895,-0.058608654886484146,0.01881733164191246,0.01301174983382225,-0.0022838313598185778,-0.009152749553322792,158.96414184570312
1.7764686498055685e+18,0.028279593214392662,5.368911266326904,0.15661771595478058,0.0003716624923981726,0.019161581993103027,-0.008436850272119045,0.2779461145401001,169.51300048828125
1.7764686498065692e+18,-0.03317371755838394,21.765562057495117,0.002884593792259693,0.0065202186815440655,0.006861918605864048,0.016175225377082825,-0.25523748993873596,164.86903381347656
1.7764686498075702e+18,0.1819128692150116,-33.16321563720703,0.06437784433364868,0.012668775394558907,0.01301174983382225,-0.008436850272119045,-0.25523748993873596,174.033935546875
1.7764686498085711e+18,-0.12535369396209717,5.983785629272461,0.09512446820735931,0.012668775394558907,0.01301174983382225,-0.008436850272119045,0.0728754997253418,177.84751892089844
1.7764686498095718e+18,0.1819128692150116,-13.487236022949219,0.21811096370220184,-0.011925449594855309,0.04376090690493584,0.0038691875524818897,-0.21422336995601654,168.09828186035156
1.7764686498105728e+18,0.05900625139474869,-11.745092391967773,0.15661771595478058,-0.005776893813163042,0.06221039965748787,-0.033048924058675766,0.11388962715864182,164.83828735351562
1.7764686498115735e+18,0.08973290771245956,-14.5120267868042,0.002884593792259693,0.012668775394558907,0.03146124258637428,-0.020742887631058693,0.23693199455738068,180.2463836669922
1.7764686498125745e+18,-0.0024470624048262835,-49.969783782958984,-0.058608654886484146,0.0003716624923981726,0.04376090690493584,0.016175225377082825,-0.09118100255727768,161.82432556152344
1.7764686498135752e+18,-0.06390037387609482,19.30606460571289,0.1873643398284912,-0.005776893813163042,0.0007120874943211675,0.0038691875524818897,0.11388962715864182,172.86526489257812
1.776468649814576e+18,0.08973290771245956,-27.01447296142578,-0.027862031012773514,-0.005776893813163042,0.06221039965748787,-0.026895906776189804,0.0728754997253418,163.73110961914062
1.7764686498155768e+18,0.1819128692150116,-31.7285099029541,0.06437784433364868,0.012668775394558907,0.03146124258637428,-0.020742887631058693,-0.17320924997329712,178.8624267578125
1.7764686498165778e+18,-0.18680700659751892,2.1920602321624756,-0.027862031012773514,0.03726299852132797,0.01301174983382225,0.0038691875524818897,0.11388962715864182,180.2463836669922
1.7764686498175785e+18,0.21263952553272247,27.606868743896484,0.12587109208106995,0.031114444136619568,-0.005437743850052357,0.0038691875524818897,-0.009152749553322792,161.7320556640625
1.7764686498185795e+18,0.12045956403017044,-9.695510864257812,-0.12010190635919571,0.0003716624923981726,0.006861918605864048,-0.014589868485927582,0.23693199455738068,166.16073608398438
1.7764686498195804e+18,0.05900625139474869,-15.22938060760498,-0.12010190635919571,0.05570866912603378,-0.017737405374646187,0.03463428094983101,-0.09118100255727768,169.69752502441406
1.776468649820581e+18,0.08973290771245956,-3.8542044162750244,0.06437784433364868,0.0003716624923981726,0.03761107474565506,-0.026895906776189804,0.23693199455738068,165.11508178710938
1.776468649821582e+18,-0.03317371755838394,11.31269645690918,-0.08935528248548508,0.031114444136619568,0.03146124258637428,-0.020742887631058693,-0.1321951299905777,178.40110778808594
1.7764686498225828e+18,0.1819128692150116,-11.232696533203125,0.21811096370220184,-0.005776893813163042,0.04376090690493584,-0.026895906776189804,-0.05016687512397766,176.186767578125
1.7764686498235837e+18,0.3355461657047272,39.1870002746582,0.12587109208106995,0.0003716624923981726,0.0007120874943211675,0.010022206231951714,0.11388962715864182,179.10845947265625
1.7764686498245844e+18,-0.06390037387609482,5.061473846435547,-0.12010190635919571,0.03726299852132797,-0.011587575078010559,-0.008436850272119045,-0.009152749553322792,169.72828674316406
1.7764686498255854e+18,0.028279593214392662,-17.074003219604492,-0.058608654886484146,0.024965887889266014,0.03146124258637428,-0.008436850272119045,-0.05016687512397766,175.94073486328125
1.776468649826586e+18,0.028279593214392662,1.5771859884262085,0.15661771595478058,0.0065202186815440655,-0.011587575078010559,0.04694031924009323,-0.2962516248226166,183.07582092285156
1.776468649827587e+18,-0.03317371755838394,32.11594772338867,0.06437784433364868,0.024965887889266014,-0.03003706783056259,0.04078729823231697,-0.2962516248226166,173.26507568359375
1.7764686498285878e+18,0.15118621289730072,-53.351593017578125,-0.058608654886484146,0.012668775394558907,0.006861918605864048,0.028481261804699898,0.11388962715864182,174.61827087402344
1.7764686498295887e+18,0.1819128692150116,41.74897766113281,0.15661771595478058,0.0003716624923981726,0.01301174983382225,-0.008436850272119045,0.40098848938941956,181.1690216064453
1.7764686498305897e+18,-0.06390037387609482,28.529178619384766,0.15661771595478058,-0.011925449594855309,-0.011587575078010559,0.03463428094983101,-0.17320924997329712,175.75619506835938
1.7764686498315904e+18,-0.03317371755838394,-7.1335344314575195,-0.058608654886484146,0.024965887889266014,0.0007120874943211675,0.010022206231951714,0.0728754997253418,171.63507080078125
1.7764686498325914e+18,0.028279593214392662,23.200267791748047,0.1873643398284912,0.0003716624923981726,0.03146124258637428,-0.020742887631058693,0.19591787457466125,170.2818603515625
1.776468649833592e+18,0.12045956403017044,-6.108743667602539,0.24885758757591248,-0.005776893813163042,0.019161581993103027,0.04078729823231697,-0.1321951299905777,168.5288543701172
1.776468649834593e+18,0.1819128692150116,-30.703718185424805,-0.08935528248548508,0.0003716624923981726,0.019161581993103027,-0.008436850272119045,0.23693199455738068,165.45338439941406
1.7764686498355937e+18,0.1819128692150116,-5.083952903747559,0.09512446820735931,0.0003716624923981726,0.04376090690493584,-0.033048924058675766,-0.1321951299905777,178.43185424804688
1.7764686498365947e+18,0.12045956403017044,1.679664969444275,-0.058608654886484146,0.031114444136619568,0.0007120874943211675,-0.0022838313598185778,0.15490375459194183,172.55770874023438
1.7764686498375954e+18,-0.0946270301938057,9.365594863891602,0.03363122045993805,0.0003716624923981726,0.006861918605864048,0.022328244522213936,-0.3372657597064972,168.40582275390625
1.7764686498385964e+18,0.08973290771245956,-35.417755126953125,0.21811096370220184,-0.011925449594855309,0.03146124258637428,0.0038691875524818897,0.0728754997253418,173.41883850097656
1.776468649839597e+18,0.08973290771245956,-22.91530990600586,0.002884593792259693,0.043411556631326675,-0.017737405374646187,0.04078729823231697,-0.25523748993873596,166.65281677246094
1.776468649840598e+18,0.21263952553272247,-22.30043601989746,0.03363122045993805,0.012668775394558907,0.04376090690493584,0.016175225377082825,-0.17320924997329712,163.42356872558594
1.7764686498415987e+18,0.028279593214392662,-2.419497489929199,0.12587109208106995,0.0003716624923981726,0.06221039965748787,-0.020742887631058693,0.15490375459194183,163.94639587402344
1.7764686498425997e+18,-0.03317371755838394,31.706029891967773,0.15661771595478058,0.024965887889266014,0.025311412289738655,-0.033048924058675766,0.11388962715864182,164.13092041015625
1.7764686498436006e+18,0.3048194944858551,40.82666778564453,0.1873643398284912,-0.005776893813163042,0.006861918605864048,0.010022206231951714,0.11388962715864182,174.83355712890625
1.7764686498446013e+18,0.028279593214392662,8.238325119018555,0.12587109208106995,-0.011925449594855309,0.03146124258637428,-0.020742887631058693,0.19591787457466125,164.9613037109375
1.7764686498456023e+18,-0.0946270301938057,-4.878994941711426,0.1873643398284912,-0.011925449594855309,0.01301174983382225,0.03463428094983101,-0.17320924997329712,170.4971466064453
1.776468649846603e+18,0.1819128692150116,-10.720301628112793,0.12587109208106995,0.0003716624923981726,0.019161581993103027,-0.008436850272119045,-0.009152749553322792,164.83828735351562
1.776468649847604e+18,0.1819128692150116,-30.601240158081055,0.002884593792259693,-0.005776893813163042,0.03146124258637428,0.0038691875524818897,-0.1321951299905777,178.339599609375
1.7764686498486047e+18,0.12045956403017044,2.704455614089966,0.15661771595478058,-0.011925449594855309,0.03146124258637428,-0.014589868485927582,-0.05016687512397766,176.34054565429688
1.7764686498496056e+18,0.1819128692150116,46.0531005859375,0.21811096370220184,-0.011925449594855309,0.006861918605864048,0.028481261804699898,-0.2962516248226166,165.8224334716797
1.7764686498506063e+18,-0.06390037387609482,-8.568241119384766,-0.058608654886484146,0.031114444136619568,-0.011587575078010559,-0.0022838313598185778,0.11388962715864182,161.9781036376953
1.7764686498516073e+18,-0.06390037387609482,40.0068359375,0.12587109208106995,-0.011925449594855309,0.006861918605864048,0.010022206231951714,-0.009152749553322792,170.68167114257812
1.776468649852608e+18,0.05900625139474869,-12.257487297058105,-0.12010190635919571,0.03726299852132797,-0.017737405374646187,0.04078729823231697,-0.21422336995601654,167.636962890625
1.776468649853609e+18,-0.0024470624048262835,-9.593031883239746,-0.12010190635919571,0.04956011101603508,-0.023887237533926964,0.04078729823231697,-0.17320924997329712,173.08053588867188
1.77646864985461e+18,0.028279593214392662,-15.53681755065918,-0.12010190635919571,0.04956011101603508,-0.017737405374646187,0.03463428094983101,-0.17320924997329712,174.27996826171875
1.7764686498556106e+18,-0.0024470624048262835,-6.518660068511963,0.06437784433364868,0.0003716624923981726,0.01301174983382225,-0.014589868485927582,0.23693199455738068,173.63412475585938
1.7764686498566116e+18,0.05900625139474869,15.821775436401367,0.06437784433364868,0.024965887889266014,-0.03618689998984337,0.03463428094983101,-0.25523748993873596,168.80563354492188
1.7764686498576123e+18,-0.15608035027980804,-3.1368508338928223,-0.027862031012773514,0.012668775394558907,0.006861918605864048,0.022328244522213936,-0.2962516248226166,161.5782928466797
1.7764686498586132e+18,0.05900625139474869,-37.26237869262695,0.06437784433364868,-0.011925449594855309,0.03761107474565506,-0.020742887631058693,-0.09118100255727768,161.4245147705078
1.776468649859614e+18,-0.03317371755838394,36.62502670288086,0.12587109208106995,0.024965887889266014,-0.03618689998984337,0.028481261804699898,-0.2962516248226166,177.232421875
1.776468649860615e+18,0.05900625139474869,-9.593031883239746,-0.058608654886484146,0.0003716624923981726,-0.017737405374646187,0.010022206231951714,0.15490375459194183,170.25111389160156
1.7764686498616156e+18,0.15118621289730072,5.8813066482543945,0.06437784433364868,0.024965887889266014,0.0007120874943211675,-0.026895906776189804,0.23693199455738068,167.2678985595703
1.7764686498626166e+18,-0.06390037387609482,26.274639129638672,0.15661771595478058,0.01881733164191246,-0.005437743850052357,-0.020742887631058693,0.03186137601733208,162.68545532226562
1.7764686498636173e+18,-0.03317371755838394,42.77376937866211,0.1873643398284912,0.0003716624923981726,0.006861918605864048,0.0038691875524818897,0.03186137601733208,174.46450805664062
1.7764686498646182e+18,0.12045956403017044,-21.890520095825195,0.03363122045993805,-0.005776893813163042,0.025311412289738655,0.03463428094983101,-0.17320924997329712,171.26602172851562
1.7764686498656192e+18,-0.03317371755838394,14.592026710510254,0.15661771595478058,-0.024222562089562416,0.049910739064216614,-0.0022838313598185778,0.0728754997253418,170.8046875
1.77646864986662e+18,-0.0946270301938057,1.5771859884262085,-0.058608654886484146,0.03726299852132797,0.0007120874943211675,0.0038691875524818897,-0.05016687512397766,170.0973358154297
1.7764686498676209e+18,0.05900625139474869,-4.674036979675293,-0.12010190635919571,0.06185722351074219,0.0007120874943211675,-0.008436850272119045,-0.009152749553322792,177.90902709960938
1.7764686498686216e+18,0.12045956403017044,-6.108743667602539,-0.058608654886484146,0.024965887889266014,-0.017737405374646187,0.0038691875524818897,0.0728754997253418,164.9613037109375
1.7764686498696225e+18,0.1819128692150116,1.9871021509170532,0.002884593792259693,0.01881733164191246,0.04376090690493584,-0.033048924058675766,-0.009152749553322792,171.97337341308594
1.7764686498706232e+18,0.08973290771245956,-1.292227864265442,-0.027862031012773514,0.0003716624923981726,0.03761107474565506,-0.020742887631058693,-0.05016687512397766,176.21751403808594
1.7764686498716242e+18,0.028279593214392662,-9.285594940185547,0.002884593792259693,-0.005776893813163042,0.03761107474565506,-0.020742887631058693,-0.09118100255727768,170.15884399414062
1.776468649872625e+18,0.05900625139474869,-13.999631881713867,0.002884593792259693,0.012668775394558907,0.0007120874943211675,0.016175225377082825,-0.1321951299905777,177.32469177246094
1.7764686498736259e+18,-0.03317371755838394,-4.776515960693359,0.002884593792259693,-0.018074005842208862,0.03761107474565506,-0.020742887631058693,-0.009152749553322792,160.7171630859375
1.7764686498746266e+18,-0.12535369396209717,-7.338492393493652,-0.058608654886484146,0.031114444136619568,-0.017737405374646187,-0.0022838313598185778,0.11388962715864182,162.5009307861328
1.7764686498756275e+18,-0.0024470624048262835,42.568809509277344,0.2796042263507843,-0.005776893813163042,0.0007120874943211675,0.022328244522213936,-0.21422336995601654,159.76376342773438
1.7764686498766282e+18,-0.03317371755838394,5.368911266326904,0.12587109208106995,0.0003716624923981726,0.07451006025075912,-0.033048924058675766,0.23693199455738068,169.51300048828125
1.7764686498776292e+18,-0.0946270301938057,35.49775695800781,0.12587109208106995,-0.005776893813163042,0.0007120874943211675,0.028481261804699898,-0.3372657597064972,166.59130859375
1.7764686498786301e+18,-0.06390037387609482,21.97052001953125,0.15661771595478058,-0.018074005842208862,0.025311412289738655,0.028481261804699898,-0.17320924997329712,165.79168701171875
1.7764686498796308e+18,-0.0024470624048262835,25.762245178222656,0.06437784433364868,0.01881733164191246,0.01301174983382225,-0.020742887631058693,0.2779461145401001,176.98638916015625
1.7764686498806318e+18,0.028279593214392662,-17.58639907836914,-0.058608654886484146,-0.018074005842208862,0.049910739064216614,-0.020742887631058693,-0.009152749553322792,160.84017944335938
1.7764686498816325e+18,-0.06390037387609482,21.4581241607666,0.1873643398284912,0.0003716624923981726,0.019161581993103027,-0.0022838313598185778,0.15490375459194183,175.38714599609375
1.7764686498826335e+18,0.1819128692150116,1.7821440696716309,0.03363122045993805,0.024965887889266014,-0.03618689998984337,-0.0022838313598185778,0.0728754997253418,164.00790405273438
1.7764686498836334e+18,-0.0024470624048262835,-19.123584747314453,-0.027862031012773514,0.012668775394558907,-0.017737405374646187,0.028481261804699898,-0.17320924997329712,168.99017333984375
1.7764686498846333e+18,0.3355461657047272,27.811826705932617,0.12587109208106995,0.012668775394558907,0.0007120874943211675,0.016175225377082825,-0.05016687512397766,175.47940063476562
1.7764686498856335e+18,0.028279593214392662,-13.794672966003418,-0.027862031012773514,-0.011925449594855309,0.049910739064216614,-0.026895906776189804,-0.009152749553322792,173.2958221435547
1.7764686498866335e+18,-0.06390037387609482,22.79035186767578,0.06437784433364868,-0.005776893813163042,0.0007120874943211675,0.010022206231951714,0.15490375459194183,180.92298889160156
1.7764686498876337e+18,0.05900625139474869,-50.789615631103516,-0.08935528248548508,0.0065202186815440655,0.019161581993103027,0.028481261804699898,-0.21422336995601654,163.97715759277344
1.7764686498886336e+18,-0.06390037387609482,27.811826705932617,0.15661771595478058,0.012668775394558907,0.0007120874943211675,0.022328244522213936,-0.21422336995601654,176.03298950195312
1.7764686498896335e+18,-0.06390037387609482,-6.723618030548096,-0.058608654886484146,0.024965887889266014,-0.005437743850052357,-0.0022838313598185778,0.11388962715864182,166.0069580078125
1.7764686498906337e+18,-0.0024470624048262835,35.29279708862305,0.1873643398284912,-0.018074005842208862,0.03146124258637428,-0.026895906776189804,-0.09118100255727768,162.16262817382812
1.7764686498916337e+18,-0.06390037387609482,33.755611419677734,0.06437784433364868,0.03726299852132797,-0.03003706783056259,-0.008436850272119045,-0.009152749553322792,177.7552490234375
1.7764686498926336e+18,0.21263952553272247,-27.62934684753418,0.03363122045993805,0.012668775394558907,0.025311412289738655,-0.026895906776189804,0.3189602494239807,175.26412963867188
1.7764686498936338e+18,0.028279593214392662,-2.829413652420044,-0.08935528248548508,0.012668775394558907,-0.023887237533926964,0.028481261804699898,-0.09118100255727768,170.58941650390625
1.7764686498946337e+18,0.05900625139474869,-1.4971859455108643,0.12587109208106995,0.0003716624923981726,0.03761107474565506,-0.008436850272119045,0.23693199455738068,167.54469299316406
1.7764686498956337e+18,-0.0024470624048262835,23.610183715820312,0.06437784433364868,0.024965887889266014,-0.017737405374646187,-0.014589868485927582,-0.25523748993873596,183.75242614746094
1.7764686498966339e+18,0.15118621289730072,-10.310385704040527,-0.058608654886484146,0.024965887889266014,-0.017737405374646187,0.04078729823231697,-0.17320924997329712,169.48223876953125
1.7764686498976338e+18,0.05900625139474869,-9.49055290222168,-0.12010190635919571,0.0065202186815440655,-0.03003706783056259,0.03463428094983101,-0.009152749553322792,168.12904357910156
1.7764686498986337e+18,-0.06390037387609482,-25.57976531982422,0.002884593792259693,0.0065202186815440655,0.01301174983382225,0.016175225377082825,-0.3372657597064972,168.86715698242188
1.776468649899634e+18,0.12045956403017044,-32.753299713134766,-0.058608654886484146,-0.011925449594855309,0.025311412289738655,-0.0022838313598185778,-0.09118100255727768,181.90713500976562
1.7764686499006339e+18,0.15118621289730072,-38.082210540771484,0.03363122045993805,0.01881733164191246,0.0007120874943211675,0.010022206231951714,-0.25523748993873596,169.0209197998047
1.7764686499016338e+18,-0.0024470624048262835,22.79035186767578,0.09512446820735931,0.0003716624923981726,-0.017737405374646187,0.03463428094983101,-0.1321951299905777,168.12904357910156
1.776468649902634e+18,-0.03317371755838394,-45.15326690673828,0.002884593792259693,0.0003716624923981726,0.03146124258637428,-0.014589868485927582,-0.17320924997329712,174.31072998046875
1.776468649903634e+18,-0.06390037387609482,13.464756965637207,0.06437784433364868,0.031114444136619568,0.0007120874943211675,-0.026895906776189804,0.0728754997253418,174.46450805664062
1.7764686499046339e+18,-0.0024470624048262835,11.927571296691895,0.03363122045993805,0.01881733164191246,0.03146124258637428,-0.026895906776189804,0.23693199455738068,163.63885498046875
1.776468649905634e+18,-0.06390037387609482,11.927571296691895,0.21811096370220184,-0.005776893813163042,0.01301174983382225,0.010022206231951714,0.0728754997253418,166.96035766601562
1.776468649906634e+18,0.3355461657047272,44.31095504760742,0.1873643398284912,0.0003716624923981726,0.0007120874943211675,0.028481261804699898,-0.3372657597064972,156.7805633544922
1.776468649907634e+18,0.1819128692150116,39.39196014404297,0.1873643398284912,0.0003716624923981726,0.0007120874943211675,0.03463428094983101,-0.17320924997329712,163.331298828125
1.776468649908634e+18,-0.0024470624048262835,32.42338562011719,0.12587109208106995,-0.024222562089562416,0.05606056749820709,-0.0022838313598185778,0.11388962715864182,159.88677978515625
1.776468649909634e+18,0.1819128692150116,41.13410568237305,0.1873643398284912,0.0003716624923981726,0.006861918605864048,-0.008436850272119045,0.11388962715864182,150.16830444335938
1.7764686499106342e+18,-0.03317371755838394,31.603551864624023,0.06437784433364868,0.024965887889266014,-0.011587575078010559,-0.008436850272119045,-0.17320924997329712,167.91375732421875
1.7764686499116342e+18,-0.0024470624048262835,15.206901550292969,0.12587109208106995,0.0003716624923981726,0.006861918605864048,0.028481261804699898,-0.25523748993873596,157.61093139648438
1.776468649912634e+18,-0.0024470624048262835,33.03825759887695,0.1873643398284912,0.031114444136619568,-0.011587575078010559,0.05309333652257919,-0.25523748993873596,170.18960571289062
1.7764686499136343e+18,0.15118621289730072,-47.10036849975586,0.002884593792259693,0.0065202186815440655,0.03146124258637428,-0.014589868485927582,-0.1321951299905777,168.74412536621094
1.7764686499146342e+18,-0.06390037387609482,6.393702030181885,0.03363122045993805,0.0065202186815440655,-0.005437743850052357,0.0038691875524818897,0.15490375459194183,155.85791015625
1.7764686499156342e+18,-0.03317371755838394,0.4499162435531616,-0.08935528248548508,0.0003716624923981726,0.05606056749820709,-0.014589868485927582,-0.17320924997329712,161.7935791015625
1.7764686499166344e+18,0.15118621289730072,-47.510284423828125,0.002884593792259693,0.024965887889266014,-0.005437743850052357,0.028481261804699898,-0.17320924997329712,156.1039581298828
1.7764686499176343e+18,0.05900625139474869,-37.877254486083984,0.002884593792259693,0.0003716624923981726,0.03146124258637428,0.0038691875524818897,-0.09118100255727768,152.53640747070312
1.7764686499186342e+18,0.028279593214392662,-10.002947807312012,0.002884593792259693,0.012668775394558907,0.03146124258637428,-0.020742887631058693,0.35997438430786133,163.5465850830078
1.7764686499196344e+18,-0.06390037387609482,10.390385627746582,0.002884593792259693,0.03726299852132797,-0.005437743850052357,-0.0022838313598185778,0.0728754997253418,142.97171020507812
1.7764686499206344e+18,-0.0024470624048262835,8.238325119018555,0.1873643398284912,0.0003716624923981726,-0.011587575078010559,0.016175225377082825,-0.09118100255727768,154.04339599609375
1.7764686499216343e+18,0.12045956403017044,-7.64592981338501,0.06437784433364868,-0.024222562089562416,0.03146124258637428,0.0038691875524818897,-0.17320924997329712,153.9203643798828
1.7764686499226345e+18,-0.06390037387609482,-8.773199081420898,0.06437784433364868,-0.005776893813163042,0.01301174983382225,-0.0022838313598185778,0.23693199455738068,144.75547790527344
1.7764686499236344e+18,-0.06390037387609482,36.522544860839844,0.21811096370220184,0.0065202186815440655,0.0007120874943211675,-0.0022838313598185778,0.03186137601733208,140.14227294921875
1.7764686499246344e+18,-0.0024470624048262835,10.185426712036133,0.15661771595478058,0.024965887889266014,-0.005437743850052357,0.03463428094983101,-0.21422336995601654,147.8924560546875
1.7764686499256346e+18,0.028279593214392662,32.73081970214844,0.12587109208106995,0.0003716624923981726,0.0007120874943211675,-0.0022838313598185778,-0.21422336995601654,145.15528869628906
1.7764686499266345e+18,-0.0946270301938057,-8.978157043457031,0.15661771595478058,0.0003716624923981726,0.01301174983382225,0.010022206231951714,0.15490375459194183,144.23265075683594
1.7764686499276344e+18,0.21263952553272247,-49.66234588623047,-0.027862031012773514,0.012668775394558907,0.0007120874943211675,0.022328244522213936,-0.2962516248226166,154.96603393554688
1.7764686499286346e+18,0.24336618185043335,41.2365837097168,0.1873643398284912,-0.005776893813163042,0.01301174983382225,0.0038691875524818897,0.11388962715864182,157.76470947265625
1.7764686499296346e+18,0.08973290771245956,10.697822570800781,0.002884593792259693,0.024965887889266014,0.019161581993103027,-0.020742887631058693,-0.1321951299905777,158.62583923339844
1.7764686499306345e+18,-0.0024470624048262835,1.2697488069534302,0.15661771595478058,0.0003716624923981726,0.01301174983382225,0.010022206231951714,0.15490375459194183,149.03038024902344
1.7764686499316347e+18,0.21263952553272247,40.724185943603516,0.09512446820735931,0.031114444136619568,-0.011587575078010559,-0.008436850272119045,-0.009152749553322792,143.9250946044922
1.7764686499326346e+18,0.12045956403017044,22.482913970947266,0.002884593792259693,0.0003716624923981726,0.03146124258637428,-0.033048924058675766,0.35997438430786133,156.5960235595703
1.7764686499336348e+18,-0.0024470624048262835,4.139162540435791,0.06437784433364868,0.012668775394558907,-0.023887237533926964,0.03463428094983101,-0.17320924997329712,145.18603515625
1.7764686499346348e+18,-0.06390037387609482,12.33748722076416,0.06437784433364868,0.0065202186815440655,0.006861918605864048,0.028481261804699898,-0.3372657597064972,144.4786834716797
1.7764686499356347e+18,0.028279593214392662,22.277956008911133,0.1873643398284912,-0.011925449594855309,0.006861918605864048,0.016175225377082825,-0.05016687512397766,144.6939697265625
1.776468649936635e+18,0.05900625139474869,-15.844254493713379,-0.027862031012773514,-0.005776893813163042,0.03146124258637428,-0.026895906776189804,0.23693199455738068,141.2801971435547
1.7764686499376348e+18,-0.0946270301938057,26.582077026367188,0.21811096370220184,0.0003716624923981726,0.0007120874943211675,-0.0022838313598185778,0.03186137601733208,134.82171630859375
1.7764686499386348e+18,-0.12535369396209717,-3.956683397293091,-0.058608654886484146,0.012668775394558907,0.03146124258637428,-0.014589868485927582,-0.09118100255727768,148.50755310058594
1.776468649939635e+18,0.15118621289730072,-33.67561340332031,0.002884593792259693,0.0065202186815440655,0.04376090690493584,-0.020742887631058693,-0.25523748993873596,148.56906127929688
1.776468649940635e+18,-0.06390037387609482,-9.080636978149414,-0.058608654886484146,0.031114444136619568,0.006861918605864048,-0.0022838313598185778,0.11388962715864182,150.9064178466797
1.7764686499416348e+18,0.12045956403017044,17.973834991455078,0.09512446820735931,-0.005776893813163042,0.06221039965748787,0.022328244522213936,-0.17320924997329712,140.5728302001953
1.776468649942635e+18,0.05900625139474869,-11.335175514221191,-0.12010190635919571,0.04956011101603508,0.025311412289738655,0.0038691875524818897,-0.05016687512397766,149.73773193359375
1.776468649943635e+18,0.3048194944858551,21.868040084838867,-0.027862031012773514,0.012668775394558907,0.025311412289738655,-0.026895906776189804,0.23693199455738068,151.24472045898438
1.776468649944635e+18,0.12045956403017044,1.4747068881988525,0.03363122045993805,0.024965887889266014,-0.03003706783056259,0.05309333652257919,-0.21422336995601654,135.7751007080078
1.776468649945635e+18,0.028279593214392662,26.68455696105957,0.21811096370220184,0.0003716624923981726,-0.017737405374646187,0.016175225377082825,0.03186137601733208,140.29605102539062
1.776468649946635e+18,0.08973290771245956,-45.6656608581543,-0.058608654886484146,0.012668775394558907,0.03761107474565506,-0.0022838313598185778,-0.1321951299905777,131.37718200683594
1.776468649947635e+18,-0.12535369396209717,-18.611188888549805,0.002884593792259693,0.0003716624923981726,0.0007120874943211675,0.05309333652257919,0.03186137601733208,135.55982971191406
1.7764686499486351e+18,-0.0946270301938057,17.051525115966797,0.03363122045993805,0.024965887889266014,0.0007120874943211675,0.010022206231951714,-0.09118100255727768,130.73133850097656
1.776468649949635e+18,-0.0024470624048262835,-21.173166275024414,-0.027862031012773514,0.01881733164191246,-0.005437743850052357,0.028481261804699898,0.0728754997253418,148.0769805908203
1.776468649950635e+18,0.05900625139474869,-13.077320098876953,0.002884593792259693,0.0065202186815440655,0.01301174983382225,-0.014589868485927582,0.23693199455738068,137.31283569335938
1.7764686499516352e+18,0.1819128692150116,-35.82767105102539,0.002884593792259693,0.031114444136619568,-0.03003706783056259,-0.020742887631058693,0.15490375459194183,134.6986846923828
1.7764686499526351e+18,-0.03317371755838394,19.511022567749023,0.12587109208106995,0.024965887889266014,-0.023887237533926964,0.04078729823231697,-0.25523748993873596,141.6492462158203
1.776468649953635e+18,-0.0946270301938057,-8.260804176330566,0.06437784433364868,0.0003716624923981726,0.006861918605864048,0.0038691875524818897,0.19591787457466125,128.91680908203125
1.7764686499546353e+18,0.12045956403017044,-12.667404174804688,0.34109747409820557,-0.011925449594855309,0.05606056749820709,-0.026895906776189804,-0.05016687512397766,140.2037811279297
1.7764686499556352e+18,0.12045956403017044,37.752296447753906,0.1873643398284912,-0.005776893813163042,0.006861918605864048,0.010022206231951714,0.11388962715864182,143.18698120117188
1.7764686499566354e+18,-0.0946270301938057,20.228374481201172,0.06437784433364868,0.031114444136619568,-0.04848656430840492,0.010022206231951714,-0.17320924997329712,142.2335968017578
1.7764686499576353e+18,0.12045956403017044,5.368911266326904,0.31035083532333374,-0.011925449594855309,0.04376090690493584,-0.014589868485927582,-0.1321951299905777,142.5103759765625
1.7764686499586353e+18,-0.12535369396209717,-22.91530990600586,0.002884593792259693,0.012668775394558907,0.025311412289738655,-0.020742887631058693,-0.3372657597064972,128.8245391845703
1.7764686499596355e+18,-0.0946270301938057,10.800301551818848,-0.058608654886484146,0.012668775394558907,0.019161581993103027,0.022328244522213936,-0.1321951299905777,124.85719299316406
1.7764686499606354e+18,0.2740928530693054,41.2365837097168,0.1873643398284912,0.03726299852132797,-0.005437743850052357,-0.014589868485927582,-0.1321951299905777,141.1571807861328
1.7764686499616353e+18,0.12045956403017044,-61.3449592590332,-0.058608654886484146,0.012668775394558907,0.006861918605864048,0.022328244522213936,0.0728754997253418,134.48341369628906
1.7764686499626355e+18,0.12045956403017044,-37.05741882324219,0.002884593792259693,-0.011925449594855309,0.03761107474565506,-0.033048924058675766,-0.09118100255727768,129.80870056152344
1.7764686499636355e+18,0.21263952553272247,-29.064054489135742,-0.058608654886484146,0.0065202186815440655,0.03146124258637428,0.010022206231951714,-0.1321951299905777,127.040771484375
1.7764686499646354e+18,-0.12535369396209717,0.5523952841758728,0.12587109208106995,0.0003716624923981726,-0.005437743850052357,0.016175225377082825,0.11388962715864182,133.7760467529297
1.7764686499656356e+18,0.08973290771245956,-38.49212646484375,-0.027862031012773514,0.012668775394558907,0.01301174983382225,0.022328244522213936,-0.17320924997329712,135.65208435058594
1.7764686499666355e+18,0.1819128692150116,-17.996315002441406,0.03363122045993805,0.031114444136619568,-0.011587575078010559,-0.008436850272119045,-0.09118100255727768,137.712646484375
1.7764686499676355e+18,0.05900625139474869,0.9623115658760071,0.12587109208106995,-0.005776893813163042,0.07451006025075912,-0.020742887631058693,0.15490375459194183,123.90379333496094
1.7764686499686356e+18,0.12045956403017044,-22.710351943969727,0.03363122045993805,0.0003716624923981726,0.049910739064216614,-0.026895906776189804,-0.1321951299905777,121.01285552978516
1.7764686499696356e+18,0.1819128692150116,-22.197956085205078,0.002884593792259693,0.031114444136619568,0.006861918605864048,-0.008436850272119045,-0.17320924997329712,134.91397094726562
1.7764686499706355e+18,-0.06390037387609482,23.507705688476562,0.09512446820735931,0.03726299852132797,-0.011587575078010559,0.03463428094983101,-0.25523748993873596,122.91964721679688
1.7764686499716357e+18,-0.06390037387609482,28.221742630004883,0.1873643398284912,0.01881733164191246,-0.03003706783056259,0.03463428094983101,-0.1321951299905777,136.57472229003906
1.7764686499726356e+18,0.15118621289730072,19.203584671020508,0.03363122045993805,0.024965887889266014,-0.017737405374646187,-0.014589868485927582,0.23693199455738068,125.8720932006836
1.7764686499736356e+18,0.08973290771245956,-3.4442880153656006,0.03363122045993805,0.0003716624923981726,0.03146124258637428,-0.014589868485927582,-0.17320924997329712,127.53285217285156
1.7764686499746358e+18,-0.0946270301938057,-4.878994941711426,-0.08935528248548508,0.031114444136619568,0.006861918605864048,-0.008436850272119045,-0.05016687512397766,122.6736068725586
1.7764686499756357e+18,0.24336618185043335,-35.00783920288086,0.03363122045993805,-0.005776893813163042,0.03146124258637428,0.016175225377082825,-0.25523748993873596,122.85813903808594
1.7764686499766356e+18,0.05900625139474869,39.596920013427734,0.24885758757591248,0.0003716624923981726,0.0007120874943211675,0.028481261804699898,-0.09118100255727768,132.23831176757812
1.7764686499776358e+18,0.12045956403017044,-5.903785705566406,0.31035083532333374,-0.011925449594855309,0.04376090690493584,-0.026895906776189804,-0.09118100255727768,135.8058624267578
1.7764686499786358e+18,0.08973290771245956,-44.845829010009766,0.03363122045993805,0.012668775394558907,0.049910739064216614,-0.039201945066452026,0.40098848938941956,132.9456787109375
1.776468649979636e+18,0.05900625139474869,-7.031055450439453,0.15661771595478058,0.0065202186815440655,0.0007120874943211675,-0.0022838313598185778,0.15490375459194183,125.31851196289062
1.776468649980636e+18,-0.0024470624048262835,4.754036903381348,0.12587109208106995,0.0003716624923981726,-0.03003706783056259,0.03463428094983101,-0.21422336995601654,124.30360412597656
1.7764686499816358e+18,0.21263952553272247,28.63165855407715,0.09512446820735931,-0.005776893813163042,0.0007120874943211675,0.022328244522213936,-0.17320924997329712,112.86286163330078
1.776468649982636e+18,0.1819128692150116,-32.753299713134766,0.03363122045993805,0.012668775394558907,0.03761107474565506,-0.020742887631058693,0.11388962715864182,131.0081329345703
1.776468649983636e+18,0.08973290771245956,19.715980529785156,0.1873643398284912,0.0003716624923981726,0.006861918605864048,0.028481261804699898,-0.2962516248226166,124.61115264892578
1.776468649984636e+18,0.08973290771245956,-28.244220733642578,0.1873643398284912,-0.005776893813163042,0.03146124258637428,0.0038691875524818897,0.03186137601733208,112.70909118652344
1.7764686499856358e+18,0.028279593214392662,-10.105426788330078,0.002884593792259693,-0.011925449594855309,0.04376090690493584,-0.014589868485927582,-0.05016687512397766,124.42662811279297
1.7764686499866358e+18,-0.2175336629152298,-17.58639907836914,0.21811096370220184,-0.005776893813163042,-0.011587575078010559,0.03463428094983101,-0.17320924997329712,120.33625030517578
1.7764686499876357e+18,0.12045956403017044,-11.642613410949707,-0.058608654886484146,0.031114444136619568,-0.005437743850052357,-0.008436850272119045,0.15490375459194183,129.9009552001953
1.7764686499886356e+18,0.12045956403017044,-6.518660068511963,-0.058608654886484146,0.031114444136619568,0.019161581993103027,0.016175225377082825,-0.3782798647880554,109.971923828125
1.7764686499896356e+18,-0.12535369396209717,34.16552734375,0.15661771595478058,0.0003716624923981726,-0.017737405374646187,0.04694031924009323,-0.17320924997329712,124.14983367919922
1.7764686499906355e+18,0.12045956403017044,-14.102110862731934,0.1873643398284912,0.01881733164191246,-0.017737405374646187,-0.0022838313598185778,0.0728754997253418,128.70152282714844
1.7764686499916357e+18,0.24336618185043335,-6.31370210647583,0.06437784433364868,0.01881733164191246,0.06836023181676865,0.022328244522213936,-0.17320924997329712,119.16757202148438
1.7764686499926356e+18,-0.15608035027980804,-52.42927932739258,0.03363122045993805,0.0065202186815440655,0.01301174983382225,0.03463428094983101,-0.25523748993873596,111.07909393310547
1.7764686499936356e+18,-0.0946270301938057,2.089581251144409,0.002884593792259693,0.012668775394558907,0.03146124258637428,-0.039201945066452026,0.3189602494239807,127.77888488769531
1.7764686499946355e+18,-0.06390037387609482,31.193635940551758,0.09512446820735931,0.0065202186815440655,0.025311412289738655,-0.014589868485927582,0.23693199455738068,118.49097442626953
1.7764686499956355e+18,0.3048194944858551,47.79524230957031,0.24885758757591248,0.0003716624923981726,0.019161581993103027,0.010022206231951714,0.11388962715864182,124.18058776855469
1.7764686499966354e+18,0.1819128692150116,-22.91530990600586,0.002884593792259693,0.012668775394558907,0.03146124258637428,-0.014589868485927582,-0.25523748993873596,121.78172302246094
1.7764686499976353e+18,0.12045956403017044,-19.02110481262207,-0.058608654886484146,0.0003716624923981726,0.0007120874943211675,0.028481261804699898,-0.17320924997329712,116.61493682861328
1.7764686499986353e+18,-0.0946270301938057,29.963886260986328,0.21811096370220184,0.0065202186815440655,0.03761107474565506,-0.020742887631058693,0.23693199455738068,116.4919204711914
1.7764686499996352e+18,0.08973290771245956,-3.4442880153656006,-0.058608654886484146,0.03726299852132797,-0.005437743850052357,-0.0022838313598185778,0.15490375459194183,113.8162612915039
