time,PT_FU_02,PT_N2_05,PT_GO2_04_1,PT_N2_19,PT_FU_01_1,PT_LO2_05,PT_N2_06,PT_GO2_03_1,PT_N2_12_2,PT_N2_08,PT_LO2_07,PT_N2_15,PT_N2_16,PT_N2_17,PT_FU_01_2,PT_GO2_05,PT_N2_01,PT_N2_03,PT_N2_04,PT_N2_23,PT_GO2_01,PT_GO2_02,PT_H2_01,PT_H2_02,PT_GO2_04_2,PT_FU_05,PT_FU_06,PT_GO2_03_2,PT_H2_03,PT_LO2_03,PT_LO2_04,PT_TI_01,PT_GG_01,PT_FU_04,Accel_AI,TC_LO2_03,TC_GO2_04_1,TC_GO2_04_2,TC_FU_01,TC_GO2_05,TC_H2_03,TC_FU_02,TC_LO2_04,TC_GG_01,TC_FU_04,TC_FU_05,TC_N2_12_1,TC_LO2_05,TC_LO2_07,ER_N2_06_state,ER_GO2_03_state,Accel_state,PV_N2_17_state,PV_N2_18_state,PV_N2_19_state,PV_LO2_03_state,PV_LO2_05_state,PV_LO2_01_state,PV_GO2_04_state,PV_FU_02_state,PV_FU_04_state,PV_LO2_04_state,SN_N2_08_state,SN_N2_09_state,SN_GO2_05_state,SN_H2_03_state,SN_N2_20_state,SN_N2_13_state,SN_N2_22_state,SN_N2_10_1_state,SN_N2_10_2_state,SN_CO2_01_state,SN_N2_11_state,SN_N2_12_state,Spark_Plug_state
1.7758752980636613e+18,,,,,,,,,,,,,,,,,-288.2130432128906,-312.59136962890625,-304.0819396972656,-283.61334228515625,-315.1211853027344,-311.4414367675781,-291.43280029296875,-337.8896179199219,108.25556945800781,43.30222702026367,43.30222702026367,-299.31793212890625,,,,,,,,,,,,,,,,,,,,,,,,,,,,,,,,,,,,,,,,,,,,,,,
1.7758752980638065e+18,-375.0960998535156,-1251.3433837890625,-375.12481689453125,-74.95841979980469,-500.1730041503906,-375.55780029296875,-372.4765625,-374.82452392578125,,,,,,,,,,,,,,,,,,,,,,,,,,,,,,,,,,,,,,,,,,,,,,,,,,,,,,,,,,,,,,,,,,,
1.7758752980638405e+18,,,,,,,,,-375.3097229003906,-1249.992919921875,-374.8126220703125,-75.01807403564453,-75.05463409423828,-74.97382354736328,-499.9911804199219,-375.425537109375,,,,,,,,,,,,,,,,,,,,,,,,,,,,,,,,,,,,,,,,,,,,,,,,,,,,,,,,,,,
1.775875298064612e+18,,,,,,,,,,,,,,,,,,,,,,,,,,,,,-215.71531677246094,-21.571531295776367,-21.572189331054688,-21.571531295776367,-21.571531295776367,-21.571531295776367,-180.37783813476562,,,,,,,,,,,,,,,,,,,,,,,,,,,,,,,,,,,,,,,,
1.7758752980646612e+18,,,,,,,,,,,,,,,,,-319.2608947753906,-305.46185302734375,-290.05291748046875,-316.7310791015625,-285.2232360839844,-311.2114562988281,-301.7821044921875,-306.61175537109375,108.25556945800781,43.30222702026367,43.30222702026367,-300.3035583496094,,,,,,,,,,,,,,,,,,,,,,,,,,,,,,,,,,,,,,,,,,,,,,,
1.7758752980648064e+18,-374.84991455078125,-1250.317626953125,-375.4325866699219,-75.00763702392578,-499.80389404296875,-374.9423828125,-382.5421447753906,-375.19354248046875,,,,,,,,,,,,,,,,,,,,,,,,,,,,,,,,,,,,,,,,,,,,,,,,,,,,,,,,,,,,,,,,,,,
1.7758752980648404e+18,,,,,,,,,-375.00244140625,-1250.6077880859375,-374.93560791015625,-74.94429016113281,-74.96853637695312,-75.0107421875,-500.3603210449219,-374.62591552734375,,,,,,,,,,,,,,,,,,,,,,,,,,,,,,,,,,,,,,,,,,,,,,,,,,,,,,,,,,,
1.7758752980648484e+18,,,,,,,,,,,,,,,,,,,,,,,,,,,,,,,,,,,,2297.579833984375,21.98140525817871,2297.579833984375,2297.579833984375,2297.579833984375,2297.579833984375,2297.579833984375,24.678373336791992,2297.579833984375,2297.579833984375,2297.579833984375,2297.579833984375,2297.579833984375,2297.579833984375,,,,,,,,,,,,,,,,,,,,,,,,,,
1.7758752980656123e+18,,,,,,,,,,,,,,,,,,,,,,,,,,,,,-215.71531677246094,-21.571531295776367,-21.571531295776367,-21.571531295776367,-21.571531295776367,-21.571531295776367,-180.45994567871094,,,,,,,,,,,,,,,,,,,,,,,,,,,,,,,,,,,,,,,,
1.7758752980656612e+18,,,,,,,,,,,,,,,,,-289.1329650878906,-317.4210205078125,-282.69342041015625,-316.5010986328125,-277.8637390136719,-308.681640625,-272.5740966796875,-309.83154296875,108.25556945800781,43.30222702026367,43.30222702026367,-299.0099182128906,,,,,,,,,,,,,,,,,,,,,,,,,,,,,,,,,,,,,,,,,,,,,,,
1.7758752980658063e+18,-374.81915283203125,-1250.215087890625,-375.40179443359375,-75.07530212402344,-500.2550354003906,-374.97314453125,-373.584716796875,-374.7322692871094,,,,,,,,,,,,,,,,,,,,,,,,,,,,,,,,,,,,,,,,,,,,,,,,,,,,,,,,,,,,,,,,,,,
1.7758752980658406e+18,,,,,,,,,-374.6644592285156,-1249.7879638671875,-375.08935546875,-75.05496215820312,-75.0484848022461,-74.9984359741211,-499.5810546875,-374.56439208984375,,,,,,,,,,,,,,,,,,,,,,,,,,,,,,,,,,,,,,,,,,,,,,,,,,,,,,,,,,,
1.7758752980666122e+18,,,,,,,,,,,,,,,,,,,,,,,,,,,,,-215.71531677246094,-21.571531295776367,-21.571531295776367,-21.571531295776367,-21.570873260498047,-21.571531295776367,-180.4763641357422,,,,,,,,,,,,,,,,,,,,,,,,,,,,,,,,,,,,,,,,
1.7758752980666614e+18,,,,,,,,,,,,,,,,,-302.4720458984375,-298.10235595703125,-322.0207214355469,-293.5026550292969,-318.1109924316406,-293.0426940917969,-301.7821044921875,-296.7224426269531,108.25556945800781,43.30222702026367,43.30222702026367,-300.3805847167969,,,,,,,,,,,,,,,,,,,,,,,,,,,,,,,,,,,,,,,,,,,,,,,
1.7758752980668063e+18,-375.3422546386719,-1249.599609375,-374.8170166015625,-75.01378631591797,-500.1319885253906,-374.4808349609375,-374.7851867675781,-375.16278076171875,,,,,,,,,,,,,,,,,,,,,,,,,,,,,,,,,,,,,,,,,,,,,,,,,,,,,,,,,,,,,,,,,,,
1.7758752980668406e+18,,,,,,,,,-374.9102783203125,-1249.5830078125,-375.3353271484375,-75.00577545166016,-74.96238708496094,-75.00459289550781,-499.8271179199219,-374.56439208984375,,,,,,,,,,,,,,,,,,,,,,,,,,,,,,,,,,,,,,,,,,,,,,,,,,,,,,,,,,,
1.7758752980676122e+18,,,,,,,,,,,,,,,,,,,,,,,,,,,,,-215.71531677246094,-21.571531295776367,-21.571531295776367,-21.571531295776367,-21.570873260498047,-21.571531295776367,-180.49278259277344,,,,,,,,,,,,,,,,,,,,,,,,,,,,,,,,,,,,,,,,
1.7758752980676613e+18,,,,,,,,,,,,,,,,,-322.4806823730469,-292.5827331542969,-295.342529296875,-302.2420654296875,-270.0442810058594,-300.4021911621094,-263.8346862792969,-295.8025207519531,108.25556945800781,43.30222702026367,43.30222702026367,-298.65570068359375,,,,,,,,,,,,,,,,,,,,,,,,,,,,,,,,,,,,,,,,,,,,,,,
1.7758752980678062e+18,-375.31146240234375,-1249.9073486328125,-374.9709167480469,-75.08145141601562,-499.9269104003906,-374.7577819824219,-379.0638427734375,-374.82452392578125,,,,,,,,,,,,,,,,,,,,,,,,,,,,,,,,,,,,,,,,,,,,,,,,,,,,,,,,,,,,,,,,,,,
1.7758752980678405e+18,,,,,,,,,-374.8795471191406,-1249.4805908203125,-375.3045959472656,-74.98118591308594,-74.9931411743164,-75.04766082763672,-499.4990234375,-375.05645751953125,,,,,,,,,,,,,,,,,,,,,,,,,,,,,,,,,,,,,,,,,,,,,,,,,,,,,,,,,,,
1.775875298068323e+18,,,,,,,,,,,,,,,,,,,,,,,,,,,,,,,,,,,,,,,,,,,,,,,,,,0.0,0.0,0.0,,,,,,,,,,,,,,,,,,,,,,,
1.775875298068612e+18,,,,,,,,,,,,,,,,,,,,,,,,,,,,,-215.71531677246094,-21.572189331054688,-21.571531295776367,-21.571531295776367,-21.571531295776367,-21.572189331054688,-180.525634765625,,,,,,,,,,,,,,,,,,,,,,,,,,,,,,,,,,,,,,,,
1.7758752980686612e+18,,,,,,,,,,,,,,,,,-300.8621520996094,-296.0325012207031,-274.4139709472656,-303.1620178222656,-266.1345520019531,-295.342529296875,-266.5945129394531,-287.9830322265625,108.25556945800781,43.30222702026367,43.30222702026367,-297.8702392578125,,,,,,,,,,,,,,,,,,,,,,,,,,,,,,,,,,,,,,,,,,,,,,,
1.7758752980688061e+18,-374.8807067871094,-1250.83056640625,-374.8785705566406,-74.9645767211914,-500.5831298828125,-375.0346984863281,-368.6904296875,-375.4087829589844,,,,,,,,,,,,,,,,,,,,,,,,,,,,,,,,,,,,,,,,,,,,,,,,,,,,,,,,,,,,,,,,,,,
1.7758752980688407e+18,,,,,,,,,-375.3097229003906,-1249.0706787109375,-374.93560791015625,-75.01807403564453,-74.97468566894531,-74.96151733398438,-500.3193054199219,-374.9949645996094,,,,,,,,,,,,,,,,,,,,,,,,,,,,,,,,,,,,,,,,,,,,,,,,,,,,,,,,,,,
1.7758752980690004e+18,,,,,,,,,,,,,,,,,,,,,,,,,,,,,,,,,,,,,,,,,,,,,,,,,,,,,0.0,0.0,0.0,0.0,0.0,0.0,0.0,0.0,0.0,0.0,0.0,0.0,0.0,0.0,0.0,0.0,0.0,0.0,0.0,0.0,0.0,0.0,0.0
1.775875298069612e+18,,,,,,,,,,,,,,,,,,,,,,,,,,,,,-215.708740234375,-21.571531295776367,-21.571531295776367,-21.571531295776367,-21.571531295776367,-21.571531295776367,-180.59130859375,,,,,,,,,,,,,,,,,,,,,,,,,,,,,,,,,,,,,,,,
1.7758752980696612e+18,,,,,,,,,,,,,,,,,-269.5843200683594,-302.2420654296875,-294.652587890625,-284.07330322265625,-302.9320373535156,-290.05291748046875,-251.64553833007812,-290.28289794921875,108.25556945800781,43.30222702026367,43.30222702026367,-300.54998779296875,,,,,,,,,,,,,,,,,,,,,,,,,,,,,,,,,,,,,,,,,,,,,,,
1.775875298069806e+18,-374.7575988769531,-1249.3944091796875,-374.7862548828125,-74.97687530517578,-499.43475341796875,-374.72698974609375,-369.0906066894531,-374.82452392578125,,,,,,,,,,,,,,,,,,,,,,,,,,,,,,,,,,,,,,,,,,,,,,,,,,,,,,,,,,,,,,,,,,,
1.7758752980698406e+18,,,,,,,,,-375.06390380859375,-1249.8905029296875,-374.93560791015625,-74.97503662109375,-74.93778991699219,-74.93075561523438,-499.6220397949219,-374.7796936035156,,,,,,,,,,,,,,,,,,,,,,,,,,,,,,,,,,,,,,,,,,,,,,,,,,,,,,,,,,,
1.775875298070612e+18,,,,,,,,,,,,,,,,,,,,,,,,,,,,,-215.708740234375,-21.571531295776367,-21.571531295776367,-21.572189331054688,-21.571531295776367,-21.571531295776367,-180.49278259277344,,,,,,,,,,,,,,,,,,,,,,,,,,,,,,,,,,,,,,,,
1.775875298070661e+18,,,,,,,,,,,,,,,,,-303.3919982910156,-277.4037780761719,-307.9916687011719,-283.38336181640625,-301.7821044921875,-280.3935546875,-293.5026550292969,-278.3236999511719,108.25556945800781,43.30222702026367,43.30222702026367,-299.2563171386719,,,,,,,,,,,,,,,,,,,,,,,,,,,,,,,,,,,,,,,,,,,,,,,
1.775875298070806e+18,-375.1883850097656,-1249.4969482421875,-374.8170166015625,-75.07530212402344,-500.0089416503906,-374.8193054199219,-380.6336975097656,-375.3165283203125,,,,,,,,,,,,,,,,,,,,,,,,,,,,,,,,,,,,,,,,,,,,,,,,,,,,,,,,,,,,,,,,,,,
1.7758752980708406e+18,,,,,,,,,-374.63372802734375,-1249.685546875,-375.1200866699219,-74.97503662109375,-74.95008850097656,-75.03535461425781,-499.9911804199219,-374.7796936035156,,,,,,,,,,,,,,,,,,,,,,,,,,,,,,,,,,,,,,,,,,,,,,,,,,,,,,,,,,,
1.7758752980716122e+18,,,,,,,,,,,,,,,,,,,,,,,,,,,,,-215.708740234375,-21.571531295776367,-21.571531295776367,-21.571531295776367,-21.571531295776367,-21.570873260498047,-180.525634765625,,,,,,,,,,,,,,,,,,,,,,,,,,,,,,,,,,,,,,,,
1.775875298071661e+18,,,,,,,,,,,,,,,,,-275.56390380859375,-284.30328369140625,-264.754638671875,-299.2522888183594,-267.5144348144531,-291.20281982421875,-298.10235595703125,-280.8535461425781,108.25556945800781,43.30222702026367,43.30222702026367,-299.5797424316406,,,,,,,,,,,,,,,,,,,,,,,,,,,,,,,,,,,,,,,,,,,,,,,
1.7758752980718057e+18,-374.84991455078125,-1250.420166015625,-374.8170166015625,-74.9707260131836,-500.5010986328125,-374.7577819824219,-373.8617248535156,-375.50103759765625,,,,,,,,,,,,,,,,,,,,,,,,,,,,,,,,,,,,,,,,,,,,,,,,,,,,,,,,,,,,,,,,,,,
1.7758752980718408e+18,,,,,,,,,-375.37115478515625,-1249.0706787109375,-375.0278625488281,-75.01192474365234,-74.96238708496094,-75.01689910888672,-500.1552429199219,-374.6874084472656,,,,,,,,,,,,,,,,,,,,,,,,,,,,,,,,,,,,,,,,,,,,,,,,,,,,,,,,,,,
1.775875298072612e+18,,,,,,,,,,,,,,,,,,,,,,,,,,,,,-215.71531677246094,-21.571531295776367,-21.571531295776367,-21.571531295776367,-21.571531295776367,-21.571531295776367,-180.5092010498047,,,,,,,,,,,,,,,,,,,,,,,,,,,,,,,,,,,,,,,,
1.775875298072661e+18,,,,,,,,,,,,,,,,,-270.0442810058594,-285.9131774902344,-258.7750549316406,-295.112548828125,-257.3951416015625,-283.84332275390625,-270.2742614746094,-278.0937194824219,108.25556945800781,43.30222702026367,43.30222702026367,-298.2244567871094,,,,,,,,,,,,,,,,,,,,,,,,,,,,,,,,,,,,,,,,,,,,,,,
1.7758752980728056e+18,-375.28070068359375,-1249.8046875,-375.032470703125,-75.07530212402344,-499.59881591796875,-375.0039367675781,-381.0030822753906,-374.8860168457031,,,,,,,,,,,,,,,,,,,,,,,,,,,,,,,,,,,,,,,,,,,,,,,,,,,,,,,,,,,,,,,,,,,
1.7758752980728407e+18,,,,,,,,,-374.84881591796875,-1250.3004150390625,-375.2738342285156,-74.97503662109375,-74.9992904663086,-75.02920532226562,-499.4990234375,-374.9949645996094,,,,,,,,,,,,,,,,,,,,,,,,,,,,,,,,,,,,,,,,,,,,,,,,,,,,,,,,,,,
1.775875298073612e+18,,,,,,,,,,,,,,,,,,,,,,,,,,,,,-215.71531677246094,-21.571531295776367,-21.570873260498047,-21.571531295776367,-21.570873260498047,-21.571531295776367,-180.42710876464844,,,,,,,,,,,,,,,,,,,,,,,,,,,,,,,,,,,,,,,,
1.775875298073661e+18,,,,,,,,,,,,,,,,,-283.38336181640625,-295.5725402832031,-297.41241455078125,-296.2624816894531,-299.4822692871094,-286.1431579589844,-302.7020263671875,-286.6031494140625,108.25556945800781,43.30222702026367,43.30222702026367,-299.70294189453125,,,,,,,,,,,,,,,,,,,,,,,,,,,,,,,,,,,,,,,,,,,,,,,
1.7758752980738056e+18,-375.0653076171875,-1249.599609375,-375.3094787597656,-75.05684661865234,-499.76287841796875,-375.0654602050781,-383.52716064453125,-374.6400146484375,,,,,,,,,,,,,,,,,,,,,,,,,,,,,,,,,,,,,,,,,,,,,,,,,,,,,,,,,,,,,,,,,,,
1.7758752980738406e+18,,,,,,,,,-374.6029968261719,-1250.6077880859375,-375.0278625488281,-74.96888732910156,-75.03618621826172,-75.01689910888672,-499.6630554199219,-374.9642028808594,,,,,,,,,,,,,,,,,,,,,,,,,,,,,,,,,,,,,,,,,,,,,,,,,,,,,,,,,,,
1.775875298074612e+18,,,,,,,,,,,,,,,,,,,,,,,,,,,,,-215.708740234375,-21.571531295776367,-21.571531295776367,-21.571531295776367,-21.571531295776367,-21.572189331054688,-180.4435272216797,,,,,,,,,,,,,,,,,,,,,,,,,,,,,,,,,,,,,,,,
1.775875298074661e+18,,,,,,,,,,,,,,,,,-290.74285888671875,-281.3135070800781,-283.61334228515625,-294.882568359375,-272.5740966796875,-294.652587890625,-261.76483154296875,-301.0921630859375,108.25556945800781,43.30222702026367,43.30222702026367,-300.041748046875,,,,,,,,,,,,,,,,,,,,,,,,,,,,,,,,,,,,,,,,,,,,,,,
1.7758752980748055e+18,-374.9422302246094,-1251.4459228515625,-374.8170166015625,-74.97687530517578,-500.2550354003906,-374.69622802734375,-362.93426513671875,-375.4395446777344,,,,,,,,,,,,,,,,,,,,,,,,,,,,,,,,,,,,,,,,,,,,,,,,,,,,,,,,,,,,,,,,,,,
1.7758752980748408e+18,,,,,,,,,-375.3404541015625,-1249.4805908203125,-374.93560791015625,-75.04267120361328,-74.95623779296875,-74.97382354736328,-500.1962585449219,-374.8411865234375,,,,,,,,,,,,,,,,,,,,,,,,,,,,,,,,,,,,,,,,,,,,,,,,,,,,,,,,,,,
1.775875298075577e+18,,,,,,,,,,,,,,,,,,,,,,,,,,,,,,,,,,,,,,,,,,,,,,,,,,0.0,0.0,0.0,,,,,,,,,,,,,,,,,,,,,,,
1.775875298075612e+18,,,,,,,,,,,,,,,,,,,,,,,,,,,,,-215.71531677246094,-21.571531295776367,-21.571531295776367,-21.571531295776367,-21.571531295776367,-21.572189331054688,-180.41067504882812,,,,,,,,,,,,,,,,,,,,,,,,,,,,,,,,,,,,,,,,
1.775875298075661e+18,,,,,,,,,,,,,,,,,-299.4822692871094,-301.3221435546875,-298.33233642578125,-322.0207214355469,-291.8927917480469,-311.9013977050781,-287.0631103515625,-292.8127136230469,108.25556945800781,43.30222702026367,43.30222702026367,-298.8251037597656,,,,,,,,,,,,,,,,,,,,,,,,,,,,,,,,,,,,,,,,,,,,,,,
1.7758752980758054e+18,-375.24993896484375,-1250.420166015625,-374.7554626464844,-75.00763702392578,-499.9269104003906,-374.4500732421875,-375.0622253417969,-375.2242736816406,,,,,,,,,,,,,,,,,,,,,,,,,,,,,,,,,,,,,,,,,,,,,,,,,,,,,,,,,,,,,,,,,,,
1.7758752980758408e+18,,,,,,,,,-374.9717102050781,-1249.5830078125,-375.3045959472656,-74.99962615966797,-74.96238708496094,-74.9984359741211,-500.1142272949219,-374.56439208984375,,,,,,,,,,,,,,,,,,,,,,,,,,,,,,,,,,,,,,,,,,,,,,,,,,,,,,,,,,,
1.7758752980760893e+18,,,,,,,,,,,,,,,,,,,,,,,,,,,,,,,,,,,,,,,,,,,,,,,,,,,,,0.0,0.0,0.0,0.0,0.0,0.0,0.0,0.0,0.0,0.0,0.0,0.0,0.0,0.0,0.0,0.0,0.0,0.0,0.0,0.0,0.0,0.0,0.0
1.7758752980766118e+18,,,,,,,,,,,,,,,,,,,,,,,,,,,,,-215.71531677246094,-21.571531295776367,-21.571531295776367,-21.571531295776367,-21.570873260498047,-21.571531295776367,-180.34500122070312,,,,,,,,,,,,,,,,,,,,,,,,,,,,,,,,,,,,,,,,
1.775875298076661e+18,,,,,,,,,,,,,,,,,-286.8331298828125,-311.6714172363281,-278.78369140625,-313.97125244140625,-317.1910400390625,-291.43280029296875,-302.7020263671875,-305.69183349609375,108.25556945800781,43.30222702026367,43.30222702026367,-298.67108154296875,,,,,,,,,,,,,,,,,,,,,,,,,,,,,,,,,,,,,,,,,,,,,,,
1.7758752980768054e+18,-375.1268615722656,-1250.83056640625,-375.37103271484375,-75.03839111328125,-500.6241455078125,-375.55780029296875,-381.7726135253906,-375.50103759765625,,,,,,,,,,,,,,,,,,,,,,,,,,,,,,,,,,,,,,,,,,,,,,,,,,,,,,,,,,,,,,,,,,,
1.775875298076841e+18,,,,,,,,,-374.84881591796875,-1249.992919921875,-374.9048767089844,-74.99347686767578,-75.02388763427734,-75.0230484008789,-500.2782897949219,-375.11798095703125,,,,,,,,,,,,,,,,,,,,,,,,,,,,,,,,,,,,,,,,,,,,,,,,,,,,,,,,,,,
1.7758752980773484e+18,,,,,,,,,,,,,,,,,,,,,,,,,,,,,,,,,,,,2297.55859375,22.034109115600586,2297.55859375,2297.55859375,2297.55859375,2297.55859375,2297.55859375,24.71849250793457,2297.55859375,2297.55859375,2297.55859375,2297.55859375,2297.55859375,2297.55859375,,,,,,,,,,,,,,,,,,,,,,,,,,
1.7758752980776118e+18,,,,,,,,,,,,,,,,,,,,,,,,,,,,,-215.71531677246094,-21.572189331054688,-21.571531295776367,-21.571531295776367,-21.571531295776367,-21.571531295776367,-180.31214904785156,,,,,,,,,,,,,,,,,,,,,,,,,,,,,,,,,,,,,,,,
1.775875298077661e+18,,,,,,,,,,,,,,,,,-281.5434875488281,-316.2711181640625,-289.3629455566406,-321.5607604980469,-287.7530517578125,-315.8111267089844,-275.79388427734375,-316.2711181640625,108.25556945800781,43.30222702026367,43.30222702026367,-301.13519287109375,,,,,,,,,,,,,,,,,,,,,,,,,,,,,,,,,,,,,,,,,,,,,,,
1.7758752980778053e+18,-375.31146240234375,-1251.1383056640625,-374.7554626464844,-75.01378631591797,-500.5831298828125,-374.880859375,-367.8901062011719,-375.2550354003906,,,,,,,,,,,,,,,,,,,,,,,,,,,,,,,,,,,,,,,,,,,,,,,,,,,,,,,,,,,,,,,,,,,
1.775875298077841e+18,,,,,,,,,-375.1253662109375,-1249.5830078125,-374.96636962890625,-75.0365219116211,-74.97468566894531,-74.9984359741211,-500.4013366699219,-374.9027099609375,,,,,,,,,,,,,,,,,,,,,,,,,,,,,,,,,,,,,,,,,,,,,,,,,,,,,,,,,,,
1.775875298078612e+18,,,,,,,,,,,,,,,,,,,,,,,,,,,,,-215.708740234375,-21.571531295776367,-21.570873260498047,-21.571531295776367,-21.571531295776367,-21.571531295776367,-180.32858276367188,,,,,,,,,,,,,,,,,,,,,,,,,,,,,,,,,,,,,,,,
1.7758752980786609e+18,,,,,,,,,,,,,,,,,-304.3119201660156,-307.0717468261719,-325.010498046875,-310.29150390625,-329.8401794433594,-304.77191162109375,-307.7616882324219,-308.2216491699219,108.25556945800781,43.30222702026367,43.30222702026367,-301.0119934082031,,,,,,,,,,,,,,,,,,,,,,,,,,,,,,,,,,,,,,,,,,,,,,,
1.7758752980788052e+18,-374.9114685058594,-1250.1124267578125,-375.40179443359375,-74.9338150024414,-500.0909729003906,-375.3116149902344,-370.2295227050781,-374.8860168457031,,,,,,,,,,,,,,,,,,,,,,,,,,,,,,,,,,,,,,,,,,,,,,,,,,,,,,,,,,,,,,,,,,,
1.7758752980788408e+18,,,,,,,,,-375.1253662109375,-1250.6077880859375,-374.7511291503906,-74.99962615966797,-75.01158905029297,-74.93690490722656,-499.9911804199219,-375.14874267578125,,,,,,,,,,,,,,,,,,,,,,,,,,,,,,,,,,,,,,,,,,,,,,,,,,,,,,,,,,,
1.775875298079612e+18,,,,,,,,,,,,,,,,,,,,,,,,,,,,,-215.708740234375,-21.571531295776367,-21.571531295776367,-21.571531295776367,-21.571531295776367,-21.571531295776367,-180.31214904785156,,,,,,,,,,,,,,,,,,,,,,,,,,,,,,,,,,,,,,,,
1.7758752980796608e+18,,,,,,,,,,,,,,,,,-304.3119201660156,-287.2930908203125,-311.6714172363281,-298.10235595703125,-297.64239501953125,-313.28131103515625,-285.2232360839844,-314.2012634277344,108.25556945800781,43.30222702026367,43.30222702026367,-301.6280212402344,,,,,,,,,,,,,,,,,,,,,,,,,,,,,,,,,,,,,,,,,,,,,,,
1.7758752980798052e+18,-375.0037841796875,-1251.03564453125,-374.57080078125,-75.01378631591797,-500.2960205078125,-374.8193054199219,-378.2019348144531,-375.2550354003906,,,,,,,,,,,,,,,,,,,,,,,,,,,,,,,,,,,,,,,,,,,,,,,,,,,,,,,,,,,,,,,,,,,
1.775875298079841e+18,,,,,,,,,-375.15606689453125,-1249.3780517578125,-374.96636962890625,-74.97503662109375,-74.93778991699219,-75.04766082763672,-499.9911804199219,-374.8411865234375,,,,,,,,,,,,,,,,,,,,,,,,,,,,,,,,,,,,,,,,,,,,,,,,,,,,,,,,,,,
1.7758752980806118e+18,,,,,,,,,,,,,,,,,,,,,,,,,,,,,-215.71531677246094,-21.571531295776367,-21.571531295776367,-21.571531295776367,-21.571531295776367,-21.571531295776367,-180.36141967773438,,,,,,,,,,,,,,,,,,,,,,,,,,,,,,,,,,,,,,,,
1.7758752980806607e+18,,,,,,,,,,,,,,,,,-291.66278076171875,-315.8111267089844,-288.2130432128906,-319.2608947753906,-307.3017272949219,-305.92181396484375,-322.0207214355469,-301.0921630859375,108.25556945800781,43.30222702026367,43.30222702026367,-301.181396484375,,,,,,,,,,,,,,,,,,,,,,,,,,,,,,,,,,,,,,,,,,,,,,,
1.775875298080805e+18,-375.1883850097656,-1249.3944091796875,-374.7862548828125,-75.06299591064453,-500.1730041503906,-374.8193054199219,-369.6138916015625,-375.47027587890625,,,,,,,,,,,,,,,,,,,,,,,,,,,,,,,,,,,,,,,,,,,,,,,,,,,,,,,,,,,,,,,,,,,
1.775875298080841e+18,,,,,,,,,-374.6951904296875,-1249.5830078125,-375.1200866699219,-74.98118591308594,-74.931640625,-74.9984359741211,-500.2372741699219,-374.7181701660156,,,,,,,,,,,,,,,,,,,,,,,,,,,,,,,,,,,,,,,,,,,,,,,,,,,,,,,,,,,
1.7758752980816118e+18,,,,,,,,,,,,,,,,,,,,,,,,,,,,,-215.708740234375,-21.571531295776367,-21.571531295776367,-21.571531295776367,-21.571531295776367,-21.571531295776367,-180.37783813476562,,,,,,,,,,,,,,,,,,,,,,,,,,,,,,,,,,,,,,,,
1.7758752980816607e+18,,,,,,,,,,,,,,,,,-292.3527526855469,-312.59136962890625,-282.69342041015625,-317.6510009765625,-275.56390380859375,-310.9814758300781,-273.4940490722656,-311.9013977050781,108.25556945800781,43.30222702026367,43.30222702026367,-301.350830078125,,,,,,,,,,,,,,,,,,,,,,,,,,,,,,,,,,,,,,,,,,,,,,,
1.775875298081805e+18,-374.9422302246094,-1250.7279052734375,-375.40179443359375,-75.02608489990234,-499.76287841796875,-374.3885192871094,-369.70623779296875,-375.16278076171875,,,,,,,,,,,,,,,,,,,,,,,,,,,,,,,,,,,,,,,,,,,,,,,,,,,,,,,,,,,,,,,,,,,
1.775875298081841e+18,,,,,,,,,-374.9102783203125,-1250.3004150390625,-375.3045959472656,-74.9873275756836,-74.95623779296875,-74.9676742553711,-500.0321960449219,-375.2409973144531,,,,,,,,,,,,,,,,,,,,,,,,,,,,,,,,,,,,,,,,,,,,,,,,,,,,,,,,,,,
1.7758752980825347e+18,,,,,,,,,,,,,,,,,,,,,,,,,,,,,,,,,,,,,,,,,,,,,,,,,,0.0,0.0,0.0,,,,,,,,,,,,,,,,,,,,,,,
1.7758752980826117e+18,,,,,,,,,,,,,,,,,,,,,,,,,,,,,-215.71531677246094,-21.571531295776367,-21.571531295776367,-21.571531295776367,-21.570873260498047,-21.572189331054688,-180.4435272216797,,,,,,,,,,,,,,,,,,,,,,,,,,,,,,,,,,,,,,,,
1.7758752980826609e+18,,,,,,,,,,,,,,,,,-301.7821044921875,-328.23028564453125,-293.732666015625,-319.0309143066406,-299.4822692871094,-285.6831970214844,-301.3221435546875,-275.79388427734375,108.25556945800781,43.30222702026367,43.30222702026367,-299.79534912109375,,,,,,,,,,,,,,,,,,,,,,,,,,,,,,,,,,,,,,,,,,,,,,,
1.775875298082805e+18,-375.1883850097656,-1249.1893310546875,-374.6323547363281,-75.02608489990234,-500.2960205078125,-374.880859375,-362.995849609375,-375.4395446777344,,,,,,,,,,,,,,,,,,,,,,,,,,,,,,,,,,,,,,,,,,,,,,,,,,,,,,,,,,,,,,,,,,,
1.775875298082841e+18,,,,,,,,,-375.00244140625,-1249.173095703125,-374.9971008300781,-75.01807403564453,-74.95008850097656,-74.97998046875,-500.1552429199219,-374.7796936035156,,,,,,,,,,,,,,,,,,,,,,,,,,,,,,,,,,,,,,,,,,,,,,,,,,,,,,,,,,,
1.7758752980831199e+18,,,,,,,,,,,,,,,,,,,,,,,,,,,,,,,,,,,,,,,,,,,,,,,,,,,,,0.0,0.0,0.0,0.0,0.0,0.0,0.0,0.0,0.0,0.0,0.0,0.0,0.0,0.0,0.0,0.0,0.0,0.0,0.0,0.0,0.0,0.0,0.0
1.7758752980836116e+18,,,,,,,,,,,,,,,,,,,,,,,,,,,,,-215.708740234375,-21.570873260498047,-21.571531295776367,-21.571531295776367,-21.571531295776367,-21.571531295776367,-180.4763641357422,,,,,,,,,,,,,,,,,,,,,,,,,,,,,,,,,,,,,,,,
1.7758752980836608e+18,,,,,,,,,,,,,,,,,-306.15179443359375,-275.33392333984375,-286.1431579589844,-312.36138916015625,-279.70361328125,-285.9131774902344,-307.7616882324219,-293.732666015625,108.25556945800781,43.30222702026367,43.30222702026367,-298.9790954589844,,,,,,,,,,,,,,,,,,,,,,,,,,,,,,,,,,,,,,,,,,,,,,,
1.775875298083805e+18,-374.84991455078125,-1250.1124267578125,-374.90936279296875,-74.94612121582031,-499.80389404296875,-374.7577819824219,-364.0116271972656,-374.6400146484375,,,,,,,,,,,,,,,,,,,,,,,,,,,,,,,,,,,,,,,,,,,,,,,,,,,,,,,,,,,,,,,,,,,
1.775875298083841e+18,,,,,,,,,-375.1867980957031,-1251.017822265625,-375.3045959472656,-75.01192474365234,-75.02388763427734,-75.0230484008789,-499.9501647949219,-375.0257263183594,,,,,,,,,,,,,,,,,,,,,,,,,,,,,,,,,,,,,,,,,,,,,,,,,,,,,,,,,,,
1.7758752980846116e+18,,,,,,,,,,,,,,,,,,,,,,,,,,,,,-215.71531677246094,-21.571531295776367,-21.571531295776367,-21.571531295776367,-21.571531295776367,-21.571531295776367,-180.5584716796875,,,,,,,,,,,,,,,,,,,,,,,,,,,,,,,,,,,,,,,,
1.7758752980846607e+18,,,,,,,,,,,,,,,,,-295.342529296875,-273.0340576171875,-301.3221435546875,-291.20281982421875,-285.2232360839844,-310.5215148925781,-273.2640686035156,-281.3135070800781,108.25556945800781,43.30222702026367,43.30222702026367,-300.84259033203125,,,,,,,,,,,,,,,,,,,,,,,,,,,,,,,,,,,,,,,,,,,,,,,
1.7758752980848049e+18,-375.21917724609375,-1251.4459228515625,-375.032470703125,-74.97687530517578,-499.80389404296875,-375.4039306640625,-381.156982421875,-374.8860168457031,,,,,,,,,,,,,,,,,,,,,,,,,,,,,,,,,,,,,,,,,,,,,,,,,,,,,,,,,,,,,,,,,,,
1.775875298084841e+18,,,,,,,,,-375.1253662109375,-1250.095458984375,-374.6281433105469,-74.96888732910156,-74.9992904663086,-75.05996704101562,-500.2372741699219,-374.8104248046875,,,,,,,,,,,,,,,,,,,,,,,,,,,,,,,,,,,,,,,,,,,,,,,,,,,,,,,,,,,
1.7758752980856118e+18,,,,,,,,,,,,,,,,,,,,,,,,,,,,,-215.708740234375,-21.571531295776367,-21.571531295776367,-21.571531295776367,-21.571531295776367,-21.571531295776367,-180.5584716796875,,,,,,,,,,,,,,,,,,,,,,,,,,,,,,,,,,,,,,,,
1.7758752980856607e+18,,,,,,,,,,,,,,,,,-308.4516296386719,-284.30328369140625,-309.83154296875,-289.8229064941406,-273.2640686035156,-291.8927917480469,-254.1753692626953,-280.3935546875,108.25556945800781,43.30222702026367,43.30222702026367,-301.11981201171875,,,,,,,,,,,,,,,,,,,,,,,,,,,,,,,,,,,,,,,,,,,,,,,
1.7758752980858048e+18,-374.8807067871094,-1248.6763916015625,-374.9401550292969,-75.03224182128906,-500.3370361328125,-375.4654846191406,-381.06463623046875,-375.53179931640625,,,,,,,,,,,,,,,,,,,,,,,,,,,,,,,,,,,,,,,,,,,,,,,,,,,,,,,,,,,,,,,,,,,
1.7758752980858412e+18,,,,,,,,,-374.787353515625,-1249.4805908203125,-374.597412109375,-74.98118591308594,-75.01158905029297,-75.01689910888672,-500.2782897949219,-375.17950439453125,,,,,,,,,,,,,,,,,,,,,,,,,,,,,,,,,,,,,,,,,,,,,,,,,,,,,,,,,,,
1.7758752980866117e+18,,,,,,,,,,,,,,,,,,,,,,,,,,,,,-215.71531677246094,-21.571531295776367,-21.571531295776367,-21.571531295776367,-21.571531295776367,-21.571531295776367,-180.525634765625,,,,,,,,,,,,,,,,,,,,,,,,,,,,,,,,,,,,,,,,
1.7758752980866606e+18,,,,,,,,,,,,,,,,,-273.9540100097656,-288.2130432128906,-281.3135070800781,-280.6235656738281,-286.1431579589844,-260.84490966796875,-281.7734680175781,-266.1345520019531,108.25556945800781,43.30222702026367,43.30222702026367,-301.1044006347656,,,,,,,,,,,,,,,,,,,,,,,,,,,,,,,,,,,,,,,,,,,,,,,
1.7758752980868047e+18,-375.0653076171875,-1249.1893310546875,-375.0632629394531,-75.04454040527344,-499.51678466796875,-375.09625244140625,-380.51055908203125,-374.8860168457031,,,,,,,,,,,,,,,,,,,,,,,,,,,,,,,,,,,,,,,,,,,,,,,,,,,,,,,,,,,,,,,,,,,
1.775875298086841e+18,,,,,,,,,-374.787353515625,-1250.6077880859375,-375.08935546875,-74.96273803710938,-74.9992904663086,-75.01689910888672,-499.4990234375,-374.9949645996094,,,,,,,,,,,,,,,,,,,,,,,,,,,,,,,,,,,,,,,,,,,,,,,,,,,,,,,,,,,
1.7758752980876116e+18,,,,,,,,,,,,,,,,,,,,,,,,,,,,,-215.71531677246094,-21.571531295776367,-21.571531295776367,-21.572189331054688,-21.571531295776367,-21.571531295776367,-180.5584716796875,,,,,,,,,,,,,,,,,,,,,,,,,,,,,,,,,,,,,,,,
1.7758752980876608e+18,,,,,,,,,,,,,,,,,-267.5144348144531,-297.1824035644531,-264.754638671875,-302.2420654296875,-269.12432861328125,-285.2232360839844,-282.69342041015625,-279.24365234375,108.25556945800781,43.30222702026367,43.30222702026367,-299.24090576171875,,,,,,,,,,,,,,,,,,,,,,,,,,,,,,,,,,,,,,,,,,,,,,,
1.7758752980878047e+18,-375.1576232910156,-1249.2918701171875,-374.8170166015625,-75.07530212402344,-499.9269104003906,-374.97314453125,-383.52716064453125,-374.79376220703125,,,,,,,,,,,,,,,,,,,,,,,,,,,,,,,,,,,,,,,,,,,,,,,,,,,,,,,,,,,,,,,,,,,
1.775875298087841e+18,,,,,,,,,-374.6951904296875,-1249.7879638671875,-375.1508483886719,-74.97503662109375,-74.98699188232422,-75.04766082763672,-499.7450866699219,-374.9949645996094,,,,,,,,,,,,,,,,,,,,,,,,,,,,,,,,,,,,,,,,,,,,,,,,,,,,,,,,,,,
1.7758752980886116e+18,,,,,,,,,,,,,,,,,,,,,,,,,,,,,-215.71531677246094,-21.571531295776367,-21.571531295776367,-21.571531295776367,-21.570873260498047,-21.571531295776367,-180.49278259277344,,,,,,,,,,,,,,,,,,,,,,,,,,,,,,,,,,,,,,,,
1.7758752980886607e+18,,,,,,,,,,,,,,,,,-273.9540100097656,-296.0325012207031,-267.5144348144531,-301.7821044921875,-271.4241943359375,-284.9932556152344,-284.7632751464844,-280.6235656738281,108.25556945800781,43.30222702026367,43.30222702026367,-299.51812744140625,,,,,,,,,,,,,,,,,,,,,,,,,,,,,,,,,,,,,,,,,,,,,,,
1.7758752980888046e+18,-374.9729919433594,-1250.0098876953125,-375.494140625,-74.98918151855469,-499.8448791503906,-375.2193298339844,-371.79937744140625,-374.7015075683594,,,,,,,,,,,,,,,,,,,,,,,,,,,,,,,,,,,,,,,,,,,,,,,,,,,,,,,,,,,,,,,,,,,
1.775875298088841e+18,,,,,,,,,-374.8795471191406,-1251.017822265625,-374.8741149902344,-74.99347686767578,-75.06078338623047,-74.94921112060547,-499.8271179199219,-375.17950439453125,,,,,,,,,,,,,,,,,,,,,,,,,,,,,,,,,,,,,,,,,,,,,,,,,,,,,,,,,,,
1.7758752980895918e+18,,,,,,,,,,,,,,,,,,,,,,,,,,,,,,,,,,,,,,,,,,,,,,,,,,0.0,0.0,0.0,,,,,,,,,,,,,,,,,,,,,,,
1.7758752980896115e+18,,,,,,,,,,,,,,,,,,,,,,,,,,,,,-215.708740234375,-21.571531295776367,-21.571531295776367,-21.571531295776367,-21.571531295776367,-21.571531295776367,-180.49278259277344,,,,,,,,,,,,,,,,,,,,,,,,,,,,,,,,,,,,,,,,
1.7758752980896607e+18,,,,,,,,,,,,,,,,,-267.97442626953125,-294.652587890625,-274.6439514160156,-299.4822692871094,-284.30328369140625,-283.15338134765625,-290.51287841796875,-278.3236999511719,108.25556945800781,43.30222702026367,43.30222702026367,-299.5489196777344,,,,,,,,,,,,,,,,,,,,,,,,,,,,,,,,,,,,,,,,,,,,,,,
1.7758752980898045e+18,-375.0037841796875,-1250.420166015625,-374.6015930175781,-75.00763702392578,-500.2960205078125,-374.8500671386719,-363.1805114746094,-375.4395446777344,,,,,,,,,,,,,,,,,,,,,,,,,,,,,,,,,,,,,,,,,,,,,,,,,,,,,,,,,,,,,,,,,,,
1.7758752980898412e+18,,,,,,,,,-375.0946350097656,-1249.3780517578125,-374.96636962890625,-75.0365219116211,-74.95008850097656,-74.97382354736328,-500.2372741699219,-374.7796936035156,,,,,,,,,,,,,,,,,,,,,,,,,,,,,,,,,,,,,,,,,,,,,,,,,,,,,,,,,,,
1.775875298089848e+18,,,,,,,,,,,,,,,,,,,,,,,,,,,,,,,,,,,,2297.51220703125,22.050100326538086,2297.51220703125,2297.51220703125,2297.51220703125,2297.51220703125,2297.51220703125,24.554475784301758,2297.51220703125,2297.51220703125,2297.51220703125,2297.51220703125,2297.51220703125,2297.51220703125,,,,,,,,,,,,,,,,,,,,,,,,,,
1.7758752980902776e+18,,,,,,,,,,,,,,,,,,,,,,,,,,,,,,,,,,,,,,,,,,,,,,,,,,,,,0.0,0.0,0.0,0.0,0.0,0.0,0.0,0.0,0.0,0.0,0.0,0.0,0.0,0.0,0.0,0.0,0.0,0.0,0.0,0.0,0.0,0.0,0.0
1.7758752980906115e+18,,,,,,,,,,,,,,,,,,,,,,,,,,,,,-215.71531677246094,-21.571531295776367,-21.571531295776367,-21.571531295776367,-21.571531295776367,-21.571531295776367,-180.49278259277344,,,,,,,,,,,,,,,,,,,,,,,,,,,,,,,,,,,,,,,,
1.7758752980906606e+18,,,,,,,,,,,,,,,,,-291.20281982421875,-266.1345520019531,-299.2522888183594,-281.5434875488281,-282.69342041015625,-310.7514953613281,-266.8244934082031,-287.2930908203125,108.25556945800781,43.30222702026367,43.30222702026367,-299.9339599609375,,,,,,,,,,,,,,,,,,,,,,,,,,,,,,,,,,,,,,,,,,,,,,,
1.7758752980908045e+18,-374.7268371582031,-1249.1893310546875,-375.001708984375,-75.03224182128906,-500.5010986328125,-375.2808532714844,-383.52716064453125,-375.2857971191406,,,,,,,,,,,,,,,,,,,,,,,,,,,,,,,,,,,,,,,,,,,,,,,,,,,,,,,,,,,,,,,,,,,
1.775875298090841e+18,,,,,,,,,-374.7259216308594,-1248.76318359375,-374.8433837890625,-75.01192474365234,-75.02388763427734,-75.04151153564453,-500.2372741699219,-375.14874267578125,,,,,,,,,,,,,,,,,,,,,,,,,,,,,,,,,,,,,,,,,,,,,,,,,,,,,,,,,,,
1.7758752980916114e+18,,,,,,,,,,,,,,,,,,,,,,,,,,,,,-215.708740234375,-21.571531295776367,-21.571531295776367,-21.571531295776367,-21.571531295776367,-21.571531295776367,-180.41067504882812,,,,,,,,,,,,,,,,,,,,,,,,,,,,,,,,,,,,,,,,
1.7758752980916605e+18,,,,,,,,,,,,,,,,,-284.07330322265625,-315.1211853027344,-291.20281982421875,-296.4924621582031,-296.4924621582031,-268.89434814453125,-289.3629455566406,-268.89434814453125,108.25556945800781,43.30222702026367,43.30222702026367,-299.8723449707031,,,,,,,,,,,,,,,,,,,,,,,,,,,,,,,,,,,,,,,,,,,,,,,
1.7758752980918044e+18,-375.1268615722656,-1249.1893310546875,-374.6015930175781,-75.03224182128906,-500.2140197753906,-374.8193054199219,-363.85772705078125,-375.47027587890625,,,,,,,,,,,,,,,,,,,,,,,,,,,,,,,,,,,,,,,,,,,,,,,,,,,,,,,,,,,,,,,,,,,
1.775875298091841e+18,,,,,,,,,-375.00244140625,-1249.3780517578125,-374.9971008300781,-75.0303726196289,-74.94393920898438,-74.97998046875,-500.1962585449219,-374.7489318847656,,,,,,,,,,,,,,,,,,,,,,,,,,,,,,,,,,,,,,,,,,,,,,,,,,,,,,,,,,,
1.7758752980926116e+18,,,,,,,,,,,,,,,,,,,,,,,,,,,,,-215.71531677246094,-21.571531295776367,-21.571531295776367,-21.571531295776367,-21.570873260498047,-21.572189331054688,-180.42710876464844,,,,,,,,,,,,,,,,,,,,,,,,,,,,,,,,,,,,,,,,
1.7758752980926607e+18,,,,,,,,,,,,,,,,,-306.61175537109375,-276.48382568359375,-301.3221435546875,-294.882568359375,-284.9932556152344,-299.02227783203125,-265.9045715332031,-303.3919982910156,108.25556945800781,43.30222702026367,43.30222702026367,-300.411376953125,,,,,,,,,,,,,,,,,,,,,,,,,,,,,,,,,,,,,,,,,,,,,,,
1.7758752980928044e+18,-375.1576232910156,-1249.2918701171875,-374.7862548828125,-75.06299591064453,-499.9679260253906,-374.97314453125,-383.52716064453125,-374.8860168457031,,,,,,,,,,,,,,,,,,,,,,,,,,,,,,,,,,,,,,,,,,,,,,,,,,,,,,,,,,,,,,,,,,,
1.7758752980928412e+18,,,,,,,,,-374.7259216308594,-1249.685546875,-375.1816101074219,-74.99347686767578,-74.97468566894531,-75.04766082763672,-499.8271179199219,-374.9949645996094,,,,,,,,,,,,,,,,,,,,,,,,,,,,,,,,,,,,,,,,,,,,,,,,,,,,,,,,,,,
1.7758752980936115e+18,,,,,,,,,,,,,,,,,,,,,,,,,,,,,-215.71531677246094,-21.571531295776367,-21.570873260498047,-21.571531295776367,-21.570873260498047,-21.571531295776367,-180.2957305908203,,,,,,,,,,,,,,,,,,,,,,,,,,,,,,,,,,,,,,,,
1.7758752980936607e+18,,,,,,,,,,,,,,,,,-295.342529296875,-313.05133056640625,-286.3731689453125,-317.4210205078125,-278.5536804199219,-306.38177490234375,-266.8244934082031,-306.8417663574219,108.25556945800781,43.30222702026367,43.30222702026367,-301.0119934082031,,,,,,,,,,,,,,,,,,,,,,,,,,,,,,,,,,,,,,,,,,,,,,,
1.7758752980938043e+18,-375.21917724609375,-1249.2918701171875,-374.7554626464844,-75.05684661865234,-500.1730041503906,-374.8193054199219,-373.4000244140625,-375.3472900390625,,,,,,,,,,,,,,,,,,,,,,,,,,,,,,,,,,,,,,,,,,,,,,,,,,,,,,,,,,,,,,,,,,,
1.7758752980938412e+18,,,,,,,,,-374.6951904296875,-1249.5830078125,-375.08935546875,-74.98118591308594,-74.931640625,-75.03535461425781,-500.0732116699219,-374.8104248046875,,,,,,,,,,,,,,,,,,,,,,,,,,,,,,,,,,,,,,,,,,,,,,,,,,,,,,,,,,,
1.7758752980946115e+18,,,,,,,,,,,,,,,,,,,,,,,,,,,,,-215.7218780517578,-21.571531295776367,-21.571531295776367,-21.571531295776367,-21.571531295776367,-21.572189331054688,-180.27931213378906,,,,,,,,,,,,,,,,,,,,,,,,,,,,,,,,,,,,,,,,
1.7758752980946606e+18,,,,,,,,,,,,,,,,,-320.64080810546875,-306.61175537109375,-307.9916687011719,-315.1211853027344,-296.2624816894531,-307.7616882324219,-281.5434875488281,-311.6714172363281,108.25556945800781,43.30222702026367,43.30222702026367,-301.3816223144531,,,,,,,,,,,,,,,,,,,,,,,,,,,,,,,,,,,,,,,,,,,,,,,
1.7758752980948042e+18,-375.1883850097656,-1249.1893310546875,-374.69390869140625,-75.06299591064453,-500.1730041503906,-374.8193054199219,-368.1363525390625,-375.47027587890625,,,,,,,,,,,,,,,,,,,,,,,,,,,,,,,,,,,,,,,,,,,,,,,,,,,,,,,,,,,,,,,,,,,
1.775875298094841e+18,,,,,,,,,-374.7259216308594,-1249.3780517578125,-374.9971008300781,-74.99347686767578,-74.931640625,-74.98612976074219,-500.1552429199219,-374.8411865234375,,,,,,,,,,,,,,,,,,,,,,,,,,,,,,,,,,,,,,,,,,,,,,,,,,,,,,,,,,,
1.7758752980956114e+18,,,,,,,,,,,,,,,,,,,,,,,,,,,,,-215.708740234375,-21.571531295776367,-21.571531295776367,-21.571531295776367,-21.571531295776367,-21.572189331054688,-180.34500122070312,,,,,,,,,,,,,,,,,,,,,,,,,,,,,,,,,,,,,,,,
1.7758752980956605e+18,,,,,,,,,,,,,,,,,-294.192626953125,-316.5010986328125,-290.05291748046875,-322.2507019042969,-288.6730041503906,-307.0717468261719,-291.43280029296875,-301.0921630859375,108.25556945800781,43.30222702026367,43.30222702026367,-299.61053466796875,,,,,,,,,,,,,,,,,,,,,,,,,,,,,,,,,,,,,,,,,,,,,,,
1.7758752980958042e+18,-374.81915283203125,-1250.317626953125,-375.40179443359375,-74.94612121582031,-500.0089416503906,-375.3116149902344,-371.5838928222656,-374.6400146484375,,,,,,,,,,,,,,,,,,,,,,,,,,,,,,,,,,,,,,,,,,,,,,,,,,,,,,,,,,,,,,,,,,,
1.7758752980958413e+18,,,,,,,,,-375.1867980957031,-1250.6077880859375,-374.72039794921875,-74.99962615966797,-75.05463409423828,-74.96151733398438,-499.8271179199219,-375.14874267578125,,,,,,,,,,,,,,,,,,,,,,,,,,,,,,,,,,,,,,,,,,,,,,,,,,,,,,,,,,,
1.7758752980966113e+18,,,,,,,,,,,,,,,,,,,,,,,,,,,,,-215.71531677246094,-21.571531295776367,-21.571531295776367,-21.570873260498047,-21.570873260498047,-21.571531295776367,-180.34500122070312,,,,,,,,,,,,,,,,,,,,,,,,,,,,,,,,,,,,,,,,
1.7758752980966607e+18,,,,,,,,,,,,,,,,,-308.2216491699219,-308.4516296386719,-294.882568359375,-321.5607604980469,-286.6031494140625,-310.9814758300781,-292.5827331542969,-314.2012634277344,108.25556945800781,43.30222702026367,43.30222702026367,-300.611572265625,,,,,,,,,,,,,,,,,,,,,,,,,,,,,,,,,,,,,,,,,,,,,,,
1.775875298096804e+18,-375.1576232910156,-1249.4969482421875,-375.3402404785156,-75.04454040527344,-499.76287841796875,-375.12701416015625,-373.12298583984375,-374.5784912109375,,,,,,,,,,,,,,,,,,,,,,,,,,,,,,,,,,,,,,,,,,,,,,,,,,,,,,,,,,,,,,,,,,,
1.7758752980968305e+18,,,,,,,,,,,,,,,,,,,,,,,,,,,,,,,,,,,,,,,,,,,,,,,,,,0.0,0.0,0.0,,,,,,,,,,,,,,,,,,,,,,,
1.7758752980968412e+18,,,,,,,,,-374.63372802734375,-1250.812744140625,-374.96636962890625,-74.98118591308594,-75.06078338623047,-74.9676742553711,-499.8271179199219,-375.2102355957031,,,,,,,,,,,,,,,,,,,,,,,,,,,,,,,,,,,,,,,,,,,,,,,,,,,,,,,,,,,
1.77587529809738e+18,,,,,,,,,,,,,,,,,,,,,,,,,,,,,,,,,,,,,,,,,,,,,,,,,,,,,0.0,0.0,0.0,0.0,0.0,0.0,0.0,0.0,0.0,0.0,0.0,0.0,0.0,0.0,0.0,0.0,0.0,0.0,0.0,0.0,0.0,0.0,0.0
1.7758752980976113e+18,,,,,,,,,,,,,,,,,,,,,,,,,,,,,-215.71531677246094,-21.570873260498047,-21.570873260498047,-21.571531295776367,-21.571531295776367,-21.571531295776367,-180.36141967773438,,,,,,,,,,,,,,,,,,,,,,,,,,,,,,,,,,,,,,,,
1.7758752980976607e+18,,,,,,,,,,,,,,,,,-309.37158203125,-308.4516296386719,-296.4924621582031,-312.36138916015625,-289.3629455566406,-301.7821044921875,-281.3135070800781,-309.6015625,108.25556945800781,43.30222702026367,43.30222702026367,-300.3497619628906,,,,,,,,,,,,,,,,,,,,,,,,,,,,,,,,,,,,,,,,,,,,,,,
1.775875298097804e+18,-375.1883850097656,-1250.7279052734375,-375.12481689453125,-74.9707260131836,-499.80389404296875,-374.7885437011719,-361.02581787109375,-374.978271484375,,,,,,,,,,,,,,,,,,,,,,,,,,,,,,,,,,,,,,,,,,,,,,,,,,,,,,,,,,,,,,,,,,,
1.7758752980978412e+18,,,,,,,,,-375.37115478515625,-1251.017822265625,-375.05859375,-74.97503662109375,-74.94393920898438,-74.95536804199219,-499.7450866699219,-374.7181701660156,,,,,,,,,,,,,,,,,,,,,,,,,,,,,,,,,,,,,,,,,,,,,,,,,,,,,,,,,,,
1.7758752980986115e+18,,,,,,,,,,,,,,,,,,,,,,,,,,,,,-215.71531677246094,-21.571531295776367,-21.570873260498047,-21.571531295776367,-21.571531295776367,-21.571531295776367,-180.42710876464844,,,,,,,,,,,,,,,,,,,,,,,,,,,,,,,,,,,,,,,,
1.7758752980986606e+18,,,,,,,,,,,,,,,,,-330.0701599121094,-301.0921630859375,-330.3001403808594,-305.92181396484375,-292.5827331542969,-310.5215148925781,-273.4940490722656,-308.2216491699219,108.25556945800781,43.30222702026367,43.30222702026367,-298.9790954589844,,,,,,,,,,,,,,,,,,,,,,,,,,,,,,,,,,,,,,,,,,,,,,,
1.775875298098804e+18,-374.8807067871094,-1250.317626953125,-375.3094787597656,-74.95841979980469,-499.80389404296875,-375.12701416015625,-383.52716064453125,-374.6092529296875,,,,,,,,,,,,,,,,,,,,,,,,,,,,,,,,,,,,,,,,,,,,,,,,,,,,,,,,,,,,,,,,,,,
1.7758752980988413e+18,,,,,,,,,-375.217529296875,-1250.812744140625,-374.7818908691406,-74.9873275756836,-75.0423355102539,-75.0230484008789,-499.6630554199219,-374.9642028808594,,,,,,,,,,,,,,,,,,,,,,,,,,,,,,,,,,,,,,,,,,,,,,,,,,,,,,,,,,,
1.7758752980996114e+18,,,,,,,,,,,,,,,,,,,,,,,,,,,,,-215.71531677246094,-21.571531295776367,-21.571531295776367,-21.571531295776367,-21.571531295776367,-21.572189331054688,-180.45994567871094,,,,,,,,,,,,,,,,,,,,,,,,,,,,,,,,,,,,,,,,
1.7758752980996605e+18,,,,,,,,,,,,,,,,,-311.4414367675781,-286.8331298828125,-307.0717468261719,-287.2930908203125,-293.2726745605469,-290.97283935546875,-274.8739318847656,-305.92181396484375,108.25556945800781,43.30222702026367,43.30222702026367,-300.3959655761719,,,,,,,,,,,,,,,,,,,,,,,,,,,,,,,,,,,,,,,,,,,,,,,
1.775875298099804e+18,-374.9729919433594,-1250.5228271484375,-374.6323547363281,-75.05068969726562,-500.0909729003906,-374.8193054199219,-381.8957214355469,-374.947509765625,,,,,,,,,,,,,,,,,,,,,,,,,,,,,,,,,,,,,,,,,,,,,,,,,,,,,,,,,,,,,,,,,,,
1.7758752980998413e+18,,,,,,,,,-374.9717102050781,-1249.3780517578125,-375.1200866699219,-74.97503662109375,-74.95623779296875,-75.04766082763672,-499.7040710449219,-374.9949645996094,,,,,,,,,,,,,,,,,,,,,,,,,,,,,,,,,,,,,,,,,,,,,,,,,,,,,,,,,,,
1.7758752981006113e+18,,,,,,,,,,,,,,,,,,,,,,,,,,,,,-215.71531677246094,-21.571531295776367,-21.571531295776367,-21.571531295776367,-21.571531295776367,-21.571531295776367,-180.4763641357422,,,,,,,,,,,,,,,,,,,,,,,,,,,,,,,,,,,,,,,,
1.7758752981006607e+18,,,,,,,,,,,,,,,,,-297.1824035644531,-320.18084716796875,-296.2624816894531,-308.4516296386719,-290.05291748046875,-284.9932556152344,-291.20281982421875,-284.7632751464844,108.25556945800781,43.30222702026367,43.30222702026367,-298.4400939941406,,,,,,,,,,,,,,,,,,,,,,,,,,,,,,,,,,,,,,,,,,,,,,,
1.7758752981008038e+18,-374.7268371582031,-1250.0098876953125,-375.1863708496094,-74.97687530517578,-499.80389404296875,-375.5270080566406,-375.6470642089844,-375.009033203125,,,,,,,,,,,,,,,,,,,,,,,,,,,,,,,,,,,,,,,,,,,,,,,,,,,,,,,,,,,,,,,,,,,
1.7758752981008412e+18,,,,,,,,,-374.9717102050781,-1250.6077880859375,-374.6281433105469,-74.9873275756836,-75.02388763427734,-74.9676742553711,-499.7450866699219,-375.333251953125,,,,,,,,,,,,,,,,,,,,,,,,,,,,,,,,,,,,,,,,,,,,,,,,,,,,,,,,,,,
1.7758752981016113e+18,,,,,,,,,,,,,,,,,,,,,,,,,,,,,-215.71531677246094,-21.571531295776367,-21.571531295776367,-21.571531295776367,-21.571531295776367,-21.572189331054688,-180.525634765625,,,,,,,,,,,,,,,,,,,,,,,,,,,,,,,,,,,,,,,,
1.7758752981016607e+18,,,,,,,,,,,,,,,,,-297.1824035644531,-303.6219787597656,-307.0717468261719,-296.2624816894531,-305.46185302734375,-283.38336181640625,-294.192626953125,-291.20281982421875,108.25556945800781,43.30222702026367,43.30222702026367,-299.88775634765625,,,,,,,,,,,,,,,,,,,,,,,,,,,,,,,,,,,,,,,,,,,,,,,
1.7758752981018038e+18,-374.9729919433594,-1249.7021484375,-375.37103271484375,-75.00148010253906,-499.76287841796875,-375.0654602050781,-383.52716064453125,-374.6092529296875,,,,,,,,,,,,,,,,,,,,,,,,,,,,,,,,,,,,,,,,,,,,,,,,,,,,,,,,,,,,,,,,,,,
1.7758752981018414e+18,,,,,,,,,-374.8795471191406,-1250.915283203125,-374.8741149902344,-74.9873275756836,-75.0484848022461,-75.00459289550781,-499.7040710449219,-375.0257263183594,,,,,,,,,,,,,,,,,,,,,,,,,,,,,,,,,,,,,,,,,,,,,,,,,,,,,,,,,,,
1.775875298102348e+18,,,,,,,,,,,,,,,,,,,,,,,,,,,,,,,,,,,,2297.521484375,22.070680618286133,2297.521484375,2297.521484375,2297.521484375,2297.521484375,2297.521484375,24.665918350219727,2297.521484375,2297.521484375,2297.521484375,2297.521484375,2297.521484375,2297.521484375,,,,,,,,,,,,,,,,,,,,,,,,,,
1.7758752981026112e+18,,,,,,,,,,,,,,,,,,,,,,,,,,,,,-215.7218780517578,-21.571531295776367,-21.571531295776367,-21.572189331054688,-21.571531295776367,-21.571531295776367,-180.54205322265625,,,,,,,,,,,,,,,,,,,,,,,,,,,,,,,,,,,,,,,,
1.7758752981026606e+18,,,,,,,,,,,,,,,,,-285.4532165527344,-308.91162109375,-286.6031494140625,-319.0309143066406,-274.4139709472656,-304.5419006347656,-276.48382568359375,-288.9029846191406,108.25556945800781,43.30222702026367,43.30222702026367,-297.7778625488281,,,,,,,,,,,,,,,,,,,,,,,,,,,,,,,,,,,,,,,,,,,,,,,
1.7758752981028037e+18,-374.84991455078125,-1251.4459228515625,-374.9709167480469,-74.97687530517578,-500.3780517578125,-375.3731689453125,-367.3360290527344,-375.0705261230469,,,,,,,,,,,,,,,,,,,,,,,,,,,,,,,,,,,,,,,,,,,,,,,,,,,,,,,,,,,,,,,,,,,
1.7758752981028413e+18,,,,,,,,,-375.1253662109375,-1249.3780517578125,-374.68963623046875,-75.0365219116211,-74.9931411743164,-74.97382354736328,-500.3603210449219,-375.0257263183594,,,,,,,,,,,,,,,,,,,,,,,,,,,,,,,,,,,,,,,,,,,,,,,,,,,,,,,,,,,
1.7758752981036111e+18,,,,,,,,,,,,,,,,,,,,,,,,,,,,,-215.7218780517578,-21.571531295776367,-21.571531295776367,-21.571531295776367,-21.571531295776367,-21.571531295776367,-180.54205322265625,,,,,,,,,,,,,,,,,,,,,,,,,,,,,,,,,,,,,,,,
1.7758752981036605e+18,,,,,,,,,,,,,,,,,-295.5725402832031,-266.3645324707031,-293.5026550292969,-268.43438720703125,-285.4532165527344,-262.4548034667969,-283.61334228515625,-267.97442626953125,108.25556945800781,43.30222702026367,43.30222702026367,-297.962646484375,,,,,,,,,,,,,,,,,,,,,,,,,,,,,,,,,,,,,,,,,,,,,,,
1.7758752981037947e+18,,,,,,,,,,,,,,,,,,,,,,,,,,,,,,,,,,,,,,,,,,,,,,,,,,0.0,0.0,0.0,,,,,,,,,,,,,,,,,,,,,,,
1.7758752981038036e+18,-374.84991455078125,-1250.0098876953125,-375.4325866699219,-75.00763702392578,-499.63983154296875,-375.0654602050781,-383.52716064453125,-374.79376220703125,,,,,,,,,,,,,,,,,,,,,,,,,,,,,,,,,,,,,,,,,,,,,,,,,,,,,,,,,,,,,,,,,,,
1.7758752981038413e+18,,,,,,,,,-374.8795471191406,-1251.017822265625,-375.0278625488281,-74.97503662109375,-75.02388763427734,-75.04151153564453,-499.7450866699219,-374.9334411621094,,,,,,,,,,,,,,,,,,,,,,,,,,,,,,,,,,,,,,,,,,,,,,,,,,,,,,,,,,,
1.7758752981043983e+18,,,,,,,,,,,,,,,,,,,,,,,,,,,,,,,,,,,,,,,,,,,,,,,,,,,,,0.0,0.0,0.0,0.0,0.0,0.0,0.0,0.0,0.0,0.0,0.0,0.0,0.0,0.0,0.0,0.0,0.0,0.0,0.0,0.0,0.0,0.0,0.0
1.775875298104611e+18,,,,,,,,,,,,,,,,,,,,,,,,,,,,,-215.71531677246094,-21.571531295776367,-21.571531295776367,-21.570873260498047,-21.571531295776367,-21.571531295776367,-180.54205322265625,,,,,,,,,,,,,,,,,,,,,,,,,,,,,,,,,,,,,,,,
1.7758752981046607e+18,,,,,,,,,,,,,,,,,-271.6541748046875,-295.112548828125,-267.2844543457031,-297.41241455078125,-256.4751892089844,-290.97283935546875,-257.1651611328125,-293.5026550292969,108.25556945800781,43.30222702026367,43.30222702026367,-298.5016784667969,,,,,,,,,,,,,,,,,,,,,,,,,,,,,,,,,,,,,,,,,,,,,,,
1.7758752981048036e+18,-374.78839111328125,-1250.1124267578125,-375.12481689453125,-75.09375,-500.4600830078125,-375.09625244140625,-373.24609375,-374.6707458496094,,,,,,,,,,,,,,,,,,,,,,,,,,,,,,,,,,,,,,,,,,,,,,,,,,,,,,,,,,,,,,,,,,,
1.7758752981048412e+18,,,,,,,,,-374.8795471191406,-1249.685546875,-375.1816101074219,-75.02422332763672,-75.06693267822266,-75.03535461425781,-499.9911804199219,-374.62591552734375,,,,,,,,,,,,,,,,,,,,,,,,,,,,,,,,,,,,,,,,,,,,,,,,,,,,,,,,,,,
1.7758752981056113e+18,,,,,,,,,,,,,,,,,,,,,,,,,,,,,-215.71531677246094,-21.570873260498047,-21.571531295776367,-21.570873260498047,-21.571531295776367,-21.571531295776367,-180.49278259277344,,,,,,,,,,,,,,,,,,,,,,,,,,,,,,,,,,,,,,,,
1.7758752981056607e+18,,,,,,,,,,,,,,,,,-262.6847839355469,-294.882568359375,-311.4414367675781,-282.46343994140625,-255.32528686523438,-275.79388427734375,-286.8331298828125,-272.3441162109375,108.25556945800781,43.30222702026367,43.30222702026367,-297.23883056640625,,,,,,,,,,,,,,,,,,,,,,,,,,,,,,,,,,,,,,,,,,,,,,,
1.7758752981058035e+18,-375.31146240234375,-1250.5228271484375,-375.4325866699219,-75.07530212402344,-500.2140197753906,-375.61932373046875,-383.52716064453125,-375.2550354003906,,,,,,,,,,,,,,,,,,,,,,,,,,,,,,,,,,,,,,,,,,,,,,,,,,,,,,,,,,,,,,,,,,,
1.7758752981058414e+18,,,,,,,,,-374.8795471191406,-1249.8905029296875,-375.08935546875,-74.97503662109375,-74.98699188232422,-74.9984359741211,-500.0321960449219,-375.17950439453125,,,,,,,,,,,,,,,,,,,,,,,,,,,,,,,,,,,,,,,,,,,,,,,,,,,,,,,,,,,
1.7758752981066112e+18,,,,,,,,,,,,,,,,,,,,,,,,,,,,,-215.71531677246094,-21.571531295776367,-21.571531295776367,-21.571531295776367,-21.571531295776367,-21.572189331054688,-180.4763641357422,,,,,,,,,,,,,,,,,,,,,,,,,,,,,,,,,,,,,,,,
1.7758752981066606e+18,,,,,,,,,,,,,,,,,-267.5144348144531,-295.112548828125,-275.33392333984375,-289.8229064941406,-284.30328369140625,-264.984619140625,-284.7632751464844,-277.6337585449219,108.25556945800781,43.30222702026367,43.30222702026367,-300.981201171875,,,,,,,,,,,,,,,,,,,,,,,,,,,,,,,,,,,,,,,,,,,,,,,
1.7758752981068035e+18,-374.78839111328125,-1251.3433837890625,-374.8785705566406,-75.01378631591797,-500.4190673828125,-374.5423889160156,-376.17034912109375,-375.13201904296875,,,,,,,,,,,,,,,,,,,,,,,,,,,,,,,,,,,,,,,,,,,,,,,,,,,,,,,,,,,,,,,,,,,
1.7758752981068413e+18,,,,,,,,,-375.1867980957031,-1249.5830078125,-375.1816101074219,-75.01192474365234,-74.96238708496094,-75.0107421875,-499.7040710449219,-374.6566467285156,,,,,,,,,,,,,,,,,,,,,,,,,,,,,,,,,,,,,,,,,,,,,,,,,,,,,,,,,,,
1.7758752981076111e+18,,,,,,,,,,,,,,,,,,,,,,,,,,,,,-215.71531677246094,-21.571531295776367,-21.571531295776367,-21.571531295776367,-21.571531295776367,-21.571531295776367,-180.4763641357422,,,,,,,,,,,,,,,,,,,,,,,,,,,,,,,,,,,,,,,,
1.7758752981076605e+18,,,,,,,,,,,,,,,,,-291.20281982421875,-276.25384521484375,-292.5827331542969,-278.78369140625,-278.0937194824219,-290.28289794921875,-260.61492919921875,-298.56231689453125,108.25556945800781,43.30222702026367,43.30222702026367,-299.6413269042969,,,,,,,,,,,,,,,,,,,,,,,,,,,,,,,,,,,,,,,,,,,,,,,
1.7758752981078034e+18,-375.1576232910156,-1249.599609375,-375.0940246582031,-75.06914520263672,-499.76287841796875,-375.09625244140625,-383.52716064453125,-374.5784912109375,,,,,,,,,,,,,,,,,,,,,,,,,,,,,,,,,,,,,,,,,,,,,,,,,,,,,,,,,,,,,,,,,,,
1.7758752981078413e+18,,,,,,,,,-374.6029968261719,-1250.40283203125,-375.08935546875,-74.97503662109375,-75.02388763427734,-75.00459289550781,-499.7040710449219,-374.9642028808594,,,,,,,,,,,,,,,,,,,,,,,,,,,,,,,,,,,,,,,,,,,,,,,,,,,,,,,,,,,
1.775875298108611e+18,,,,,,,,,,,,,,,,,,,,,,,,,,,,,-215.708740234375,-21.571531295776367,-21.571531295776367,-21.571531295776367,-21.571531295776367,-21.572189331054688,-180.39425659179688,,,,,,,,,,,,,,,,,,,,,,,,,,,,,,,,,,,,,,,,
1.7758752981086607e+18,,,,,,,,,,,,,,,,,-307.9916687011719,-284.30328369140625,-302.0120849609375,-281.3135070800781,-293.732666015625,-293.2726745605469,-272.1141357421875,-302.2420654296875,108.25556945800781,43.30222702026367,43.30222702026367,-300.1033630371094,,,,,,,,,,,,,,,,,,,,,,,,,,,,,,,,,,,,,,,,,,,,,,,
1.7758752981088033e+18,-375.0345458984375,-1251.4459228515625,-374.8785705566406,-74.97687530517578,-500.1730041503906,-374.9423828125,-361.79534912109375,-375.19354248046875,,,,,,,,,,,,,,,,,,,,,,,,,,,,,,,,,,,,,,,,,,,,,,,,,,,,,,,,,,,,,,,,,,,
1.7758752981088415e+18,,,,,,,,,-375.37115478515625,-1249.685546875,-374.93560791015625,-75.04882049560547,-74.98699188232422,-74.9676742553711,-500.0321960449219,-374.8104248046875,,,,,,,,,,,,,,,,,,,,,,,,,,,,,,,,,,,,,,,,,,,,,,,,,,,,,,,,,,,
1.775875298109611e+18,,,,,,,,,,,,,,,,,,,,,,,,,,,,,-215.71531677246094,-21.571531295776367,-21.571531295776367,-21.571531295776367,-21.571531295776367,-21.571531295776367,-180.36141967773438,,,,,,,,,,,,,,,,,,,,,,,,,,,,,,,,,,,,,,,,
1.7758752981096607e+18,,,,,,,,,,,,,,,,,-304.5419006347656,-323.1706237792969,-299.7122497558594,-325.9304504394531,-292.5827331542969,-319.72088623046875,-287.2930908203125,-321.7907409667969,108.25556945800781,43.30222702026367,43.30222702026367,-300.5345764160156,,,,,,,,,,,,,,,,,,,,,,,,,,,,,,,,,,,,,,,,,,,,,,,
1.7758752981098033e+18,-374.84991455078125,-1249.2918701171875,-375.1863708496094,-75.00763702392578,-499.51678466796875,-375.2500915527344,-381.2185363769531,-374.947509765625,,,,,,,,,,,,,,,,,,,,,,,,,,,,,,,,,,,,,,,,,,,,,,,,,,,,,,,,,,,,,,,,,,,
1.7758752981098414e+18,,,,,,,,,-374.9717102050781,-1250.915283203125,-374.93560791015625,-74.96888732910156,-74.9992904663086,-74.9922866821289,-499.4580078125,-374.9027099609375,,,,,,,,,,,,,,,,,,,,,,,,,,,,,,,,,,,,,,,,,,,,,,,,,,,,,,,,,,,
1.775875298110611e+18,,,,,,,,,,,,,,,,,,,,,,,,,,,,,-215.71531677246094,-21.572189331054688,-21.570873260498047,-21.571531295776367,-21.571531295776367,-21.571531295776367,-180.34500122070312,,,,,,,,,,,,,,,,,,,,,,,,,,,,,,,,,,,,,,,,
1.7758752981106606e+18,,,,,,,,,,,,,,,,,-298.10235595703125,-330.3001403808594,-300.1722106933594,-326.6203918457031,-298.56231689453125,-306.38177490234375,-300.4021911621094,-299.9422302246094,108.25556945800781,43.30222702026367,43.30222702026367,-299.4873352050781,,,,,,,,,,,,,,,,,,,,,,,,,,,,,,,,,,,,,,,,,,,,,,,
1.7758752981107963e+18,,,,,,,,,,,,,,,,,,,,,,,,,,,,,,,,,,,,,,,,,,,,,,,,,,0.0,0.0,0.0,,,,,,,,,,,,,,,,,,,,,,,
1.7758752981108032e+18,-375.1883850097656,-1251.03564453125,-374.8170166015625,-75.00148010253906,-500.5831298828125,-374.9423828125,-368.19793701171875,-375.16278076171875,,,,,,,,,,,,,,,,,,,,,,,,,,,,,,,,,,,,,,,,,,,,,,,,,,,,,,,,,,,,,,,,,,,
1.7758752981108413e+18,,,,,,,,,-375.1253662109375,-1249.5830078125,-374.9048767089844,-75.04882049560547,-74.9808349609375,-74.98612976074219,-500.4013366699219,-375.08721923828125,,,,,,,,,,,,,,,,,,,,,,,,,,,,,,,,,,,,,,,,,,,,,,,,,,,,,,,,,,,
1.7758752981115924e+18,,,,,,,,,,,,,,,,,,,,,,,,,,,,,,,,,,,,,,,,,,,,,,,,,,,,,0.0,0.0,0.0,0.0,0.0,0.0,0.0,0.0,0.0,0.0,0.0,0.0,0.0,0.0,0.0,0.0,0.0,0.0,0.0,0.0,0.0,0.0,0.0
1.775875298111611e+18,,,,,,,,,,,,,,,,,,,,,,,,,,,,,-215.708740234375,-21.571531295776367,-21.571531295776367,-21.571531295776367,-21.571531295776367,-21.571531295776367,-180.2957305908203,,,,,,,,,,,,,,,,,,,,,,,,,,,,,,,,,,,,,,,,
1.7758752981116605e+18,,,,,,,,,,,,,,,,,-302.4720458984375,-315.8111267089844,-309.1416015625,-297.1824035644531,-312.36138916015625,-285.6831970214844,-306.8417663574219,-296.0325012207031,108.25556945800781,43.30222702026367,43.30222702026367,-301.02740478515625,,,,,,,,,,,,,,,,,,,,,,,,,,,,,,,,,,,,,,,,,,,,,,,
1.7758752981118031e+18,-375.24993896484375,-1250.420166015625,-375.2171325683594,-75.04454040527344,-500.0909729003906,-375.09625244140625,-380.78759765625,-374.978271484375,,,,,,,,,,,,,,,,,,,,,,,,,,,,,,,,,,,,,,,,,,,,,,,,,,,,,,,,,,,,,,,,,,,
1.7758752981118415e+18,,,,,,,,,-375.3404541015625,-1250.812744140625,-375.1508483886719,-75.04882049560547,-75.0484848022461,-75.01689910888672,-500.4013366699219,-375.364013671875,,,,,,,,,,,,,,,,,,,,,,,,,,,,,,,,,,,,,,,,,,,,,,,,,,,,,,,,,,,
1.775875298112611e+18,,,,,,,,,,,,,,,,,,,,,,,,,,,,,-215.71531677246094,-21.571531295776367,-21.571531295776367,-21.570873260498047,-21.571531295776367,-21.571531295776367,-180.32858276367188,,,,,,,,,,,,,,,,,,,,,,,,,,,,,,,,,,,,,,,,
1.7758752981126605e+18,,,,,,,,,,,,,,,,,-333.2899475097656,-301.3221435546875,-296.4924621582031,-323.860595703125,-284.5332946777344,-310.5215148925781,-302.7020263671875,-289.5929260253906,108.25556945800781,43.30222702026367,43.30222702026367,-302.7676696777344,,,,,,,,,,,,,,,,,,,,,,,,,,,,,,,,,,,,,,,,,,,,,,,
1.775875298112803e+18,-375.1268615722656,-1251.4459228515625,-375.37103271484375,-75.00763702392578,-499.8448791503906,-374.4500732421875,-371.2760925292969,-375.2242736816406,,,,,,,,,,,,,,,,,,,,,,,,,,,,,,,,,,,,,,,,,,,,,,,,,,,,,,,,,,,,,,,,,,,
1.7758752981128415e+18,,,,,,,,,-375.0946350097656,-1250.50537109375,-375.1200866699219,-74.96888732910156,-74.95623779296875,-74.9922866821289,-500.3193054199219,-375.364013671875,,,,,,,,,,,,,,,,,,,,,,,,,,,,,,,,,,,,,,,,,,,,,,,,,,,,,,,,,,,
1.775875298113611e+18,,,,,,,,,,,,,,,,,,,,,,,,,,,,,-215.71531677246094,-21.570873260498047,-21.571531295776367,-21.571531295776367,-21.571531295776367,-21.571531295776367,-180.36141967773438,,,,,,,,,,,,,,,,,,,,,,,,,,,,,,,,,,,,,,,,
1.7758752981136607e+18,,,,,,,,,,,,,,,,,-317.6510009765625,-286.1431579589844,-306.61175537109375,-295.5725402832031,-299.2522888183594,-307.7616882324219,-282.69342041015625,-320.64080810546875,108.25556945800781,43.30222702026367,43.30222702026367,-300.84259033203125,,,,,,,,,,,,,,,,,,,,,,,,,,,,,,,,,,,,,,,,,,,,,,,
1.775875298113803e+18,-375.1268615722656,-1249.3944091796875,-374.69390869140625,-75.08145141601562,-499.9679260253906,-375.0654602050781,-383.52716064453125,-374.6707458496094,,,,,,,,,,,,,,,,,,,,,,,,,,,,,,,,,,,,,,,,,,,,,,,,,,,,,,,,,,,,,,,,,,,
1.7758752981138414e+18,,,,,,,,,-374.787353515625,-1249.685546875,-375.1200866699219,-74.9873275756836,-75.01158905029297,-75.04151153564453,-499.6630554199219,-374.8719482421875,,,,,,,,,,,,,,,,,,,,,,,,,,,,,,,,,,,,,,,,,,,,,,,,,,,,,,,,,,,
1.775875298114611e+18,,,,,,,,,,,,,,,,,,,,,,,,,,,,,-215.71531677246094,-21.571531295776367,-21.571531295776367,-21.571531295776367,-21.571531295776367,-21.571531295776367,-180.39425659179688,,,,,,,,,,,,,,,,,,,,,,,,,,,,,,,,,,,,,,,,
1.7758752981146606e+18,,,,,,,,,,,,,,,,,-298.33233642578125,-317.4210205078125,-315.5811462402344,-307.7616882324219,-322.9406433105469,-301.3221435546875,-324.320556640625,-306.61175537109375,108.25556945800781,43.30222702026367,43.30222702026367,-300.5807800292969,,,,,,,,,,,,,,,,,,,,,,,,,,,,,,,,,,,,,,,,,,,,,,,
1.775875298114803e+18,-375.1268615722656,-1251.1383056640625,-375.1863708496094,-75.01378631591797,-499.76287841796875,-374.6039123535156,-371.1529541015625,-375.2857971191406,,,,,,,,,,,,,,,,,,,,,,,,,,,,,,,,,,,,,,,,,,,,,,,,,,,,,,,,,,,,,,,,,,,
1.7758752981148416e+18,,,,,,,,,-375.0946350097656,-1251.017822265625,-375.3045959472656,-74.99347686767578,-74.96853637695312,-74.92459869384766,-499.8271179199219,-375.11798095703125,,,,,,,,,,,,,,,,,,,,,,,,,,,,,,,,,,,,,,,,,,,,,,,,,,,,,,,,,,,
1.775875298114848e+18,,,,,,,,,,,,,,,,,,,,,,,,,,,,,,,,,,,,2297.373291015625,21.98944664001465,2297.373291015625,2297.373291015625,2297.373291015625,2297.373291015625,2297.373291015625,24.567567825317383,2297.373291015625,2297.373291015625,2297.373291015625,2297.373291015625,2297.373291015625,2297.373291015625,,,,,,,,,,,,,,,,,,,,,,,,,,
1.775875298115611e+18,,,,,,,,,,,,,,,,,,,,,,,,,,,,,-215.71531677246094,-21.571531295776367,-21.571531295776367,-21.571531295776367,-21.572189331054688,-21.571531295776367,-180.45994567871094,,,,,,,,,,,,,,,,,,,,,,,,,,,,,,,,,,,,,,,,
1.7758752981156605e+18,,,,,,,,,,,,,,,,,-292.3527526855469,-318.8009338378906,-275.79388427734375,-318.3409729003906,-275.10394287109375,-307.5317077636719,-287.7530517578125,-302.0120849609375,108.25556945800781,43.30222702026367,43.30222702026367,-299.841552734375,,,,,,,,,,,,,,,,,,,,,,,,,,,,,,,,,,,,,,,,,,,,,,,
1.775875298115803e+18,-375.31146240234375,-1250.83056640625,-375.12481689453125,-74.98918151855469,-499.80389404296875,-374.69622802734375,-361.5491027832031,-374.76300048828125,,,,,,,,,,,,,,,,,,,,,,,,,,,,,,,,,,,,,,,,,,,,,,,,,,,,,,,,,,,,,,,,,,,
1.7758752981158415e+18,,,,,,,,,-375.37115478515625,-1251.017822265625,-375.08935546875,-75.01807403564453,-74.9992904663086,-74.98612976074219,-499.5810546875,-374.6566467285156,,,,,,,,,,,,,,,,,,,,,,,,,,,,,,,,,,,,,,,,,,,,,,,,,,,,,,,,,,,
1.7758752981166108e+18,,,,,,,,,,,,,,,,,,,,,,,,,,,,,-215.71531677246094,-21.571531295776367,-21.571531295776367,-21.571531295776367,-21.571531295776367,-21.571531295776367,-180.49278259277344,,,,,,,,,,,,,,,,,,,,,,,,,,,,,,,,,,,,,,,,
1.7758752981166605e+18,,,,,,,,,,,,,,,,,-297.41241455078125,-328.46026611328125,-293.0426940917969,-326.8503723144531,-290.28289794921875,-303.6219787597656,-293.2726745605469,-292.5827331542969,108.25556945800781,43.30222702026367,43.30222702026367,-298.9637145996094,,,,,,,,,,,,,,,,,,,,,,,,,,,,,,,,,,,,,,,,,,,,,,,
1.7758752981168028e+18,-375.31146240234375,-1250.0098876953125,-374.7862548828125,-75.02608489990234,-499.8448791503906,-374.5116271972656,-380.32586669921875,-375.0705261230469,,,,,,,,,,,,,,,,,,,,,,,,,,,,,,,,,,,,,,,,,,,,,,,,,,,,,,,,,,,,,,,,,,,
1.7758752981168415e+18,,,,,,,,,-374.8795471191406,-1249.685546875,-375.3353271484375,-74.9873275756836,-74.97468566894531,-75.0230484008789,-499.7450866699219,-374.59515380859375,,,,,,,,,,,,,,,,,,,,,,,,,,,,,,,,,,,,,,,,,,,,,,,,,,,,,,,,,,,
1.7758752981176108e+18,,,,,,,,,,,,,,,,,,,,,,,,,,,,,-215.71531677246094,-21.571531295776367,-21.571531295776367,-21.571531295776367,-21.571531295776367,-21.571531295776367,-180.525634765625,,,,,,,,,,,,,,,,,,,,,,,,,,,,,,,,,,,,,,,,
1.7758752981176607e+18,,,,,,,,,,,,,,,,,-291.66278076171875,-304.3119201660156,-271.8841552734375,-305.92181396484375,-278.5536804199219,-284.9932556152344,-290.05291748046875,-277.8637390136719,108.25556945800781,43.30222702026367,43.30222702026367,-300.0571594238281,,,,,,,,,,,,,,,,,,,,,,,,,,,,,,,,,,,,,,,,,,,,,,,
1.7758752981178028e+18,-375.0960998535156,-1249.1893310546875,-375.0632629394531,-75.05068969726562,-499.59881591796875,-375.12701416015625,-380.4797668457031,-374.8860168457031,,,,,,,,,,,,,,,,,,,,,,,,,,,,,,,,,,,,,,,,,,,,,,,,,,,,,,,,,,,,,,,,,,,
1.7758752981178417e+18,,,,,,,,,-374.8180847167969,-1250.50537109375,-375.08935546875,-74.97503662109375,-74.9992904663086,-74.97998046875,-499.4990234375,-375.2717590332031,,,,,,,,,,,,,,,,,,,,,,,,,,,,,,,,,,,,,,,,,,,,,,,,,,,,,,,,,,,
1.7758752981179018e+18,,,,,,,,,,,,,,,,,,,,,,,,,,,,,,,,,,,,,,,,,,,,,,,,,,0.0,0.0,0.0,,,,,,,,,,,,,,,,,,,,,,,
1.7758752981186107e+18,,,,,,,,,,,,,,,,,,,,,,,,,,,,,-215.71531677246094,-21.571531295776367,-21.571531295776367,-21.571531295776367,-21.571531295776367,-21.571531295776367,-180.57489013671875,,,,,,,,,,,,,,,,,,,,,,,,,,,,,,,,,,,,,,,,
1.7758752981186606e+18,,,,,,,,,,,,,,,,,-315.5811462402344,-285.6831970214844,-304.77191162109375,-289.8229064941406,-296.9524230957031,-287.2930908203125,-289.1329650878906,-288.4430236816406,108.25556945800781,43.30222702026367,43.30222702026367,-298.6864929199219,,,,,,,,,,,,,,,,,,,,,,,,,,,,,,,,,,,,,,,,,,,,,,,
1.7758752981186685e+18,,,,,,,,,,,,,,,,,,,,,,,,,,,,,,,,,,,,,,,,,,,,,,,,,,,,,0.0,0.0,0.0,0.0,0.0,0.0,0.0,0.0,0.0,0.0,0.0,0.0,0.0,0.0,0.0,0.0,0.0,0.0,0.0,0.0,0.0,0.0,0.0
1.7758752981188027e+18,-374.6960754394531,-1249.8046875,-375.1863708496094,-75.09375,-500.5831298828125,-375.12701416015625,-373.9233093261719,-374.6707458496094,,,,,,,,,,,,,,,,,,,,,,,,,,,,,,,,,,,,,,,,,,,,,,,,,,,,,,,,,,,,,,,,,,,
1.7758752981188416e+18,,,,,,,,,-374.84881591796875,-1249.3780517578125,-375.0278625488281,-75.00577545166016,-75.06078338623047,-75.03535461425781,-499.9911804199219,-374.6874084472656,,,,,,,,,,,,,,,,,,,,,,,,,,,,,,,,,,,,,,,,,,,,,,,,,,,,,,,,,,,
1.775875298119611e+18,,,,,,,,,,,,,,,,,,,,,,,,,,,,,-215.708740234375,-21.571531295776367,-21.571531295776367,-21.571531295776367,-21.570873260498047,-21.571531295776367,-180.525634765625,,,,,,,,,,,,,,,,,,,,,,,,,,,,,,,,,,,,,,,,
1.7758752981196605e+18,,,,,,,,,,,,,,,,,-301.7821044921875,-281.0835266113281,-282.2334289550781,-311.9013977050781,-271.6541748046875,-291.20281982421875,-284.9932556152344,-264.754638671875,108.25556945800781,43.30222702026367,43.30222702026367,-299.65673828125,,,,,,,,,,,,,,,,,,,,,,,,,,,,,,,,,,,,,,,,,,,,,,,
1.7758752981198026e+18,-375.28070068359375,-1250.215087890625,-374.6323547363281,-74.9522705078125,-499.68084716796875,-374.8193054199219,-366.1971130371094,-375.2550354003906,,,,,,,,,,,,,,,,,,,,,,,,,,,,,,,,,,,,,,,,,,,,,,,,,,,,,,,,,,,,,,,,,,,
1.7758752981198415e+18,,,,,,,,,-375.4018859863281,-1250.7103271484375,-374.9971008300781,-74.96273803710938,-74.931640625,-74.9676742553711,-499.9911804199219,-375.2409973144531,,,,,,,,,,,,,,,,,,,,,,,,,,,,,,,,,,,,,,,,,,,,,,,,,,,,,,,,,,,
1.7758752981206108e+18,,,,,,,,,,,,,,,,,,,,,,,,,,,,,-215.708740234375,-21.571531295776367,-21.571531295776367,-21.571531295776367,-21.571531295776367,-21.572189331054688,-180.525634765625,,,,,,,,,,,,,,,,,,,,,,,,,,,,,,,,,,,,,,,,
1.7758752981206605e+18,,,,,,,,,,,,,,,,,-277.4037780761719,-284.30328369140625,-287.9830322265625,-270.2742614746094,-292.3527526855469,-258.7750549316406,-287.7530517578125,-269.12432861328125,108.25556945800781,43.30222702026367,43.30222702026367,-298.6248779296875,,,,,,,,,,,,,,,,,,,,,,,,,,,,,,,,,,,,,,,,,,,,,,,
1.7758752981208026e+18,-374.8807067871094,-1248.5738525390625,-375.0940246582031,-75.04454040527344,-500.0089416503906,-374.63470458984375,-366.0740051269531,-375.13201904296875,,,,,,,,,,,,,,,,,,,,,,,,,,,,,,,,,,,,,,,,,,,,,,,,,,,,,,,,,,,,,,,,,,,
1.7758752981208415e+18,,,,,,,,,-374.6951904296875,-1250.095458984375,-375.3660888671875,-75.0365219116211,-74.9992904663086,-74.9676742553711,-499.7040710449219,-375.05645751953125,,,,,,,,,,,,,,,,,,,,,,,,,,,,,,,,,,,,,,,,,,,,,,,,,,,,,,,,,,,
1.7758752981216108e+18,,,,,,,,,,,,,,,,,,,,,,,,,,,,,-215.71531677246094,-21.571531295776367,-21.571531295776367,-21.571531295776367,-21.571531295776367,-21.572189331054688,-180.54205322265625,,,,,,,,,,,,,,,,,,,,,,,,,,,,,,,,,,,,,,,,
1.7758752981216607e+18,,,,,,,,,,,,,,,,,-287.2930908203125,-257.8551025390625,-284.7632751464844,-296.7224426269531,-267.5144348144531,-299.7122497558594,-276.02386474609375,-273.7240295410156,108.25556945800781,43.30222702026367,43.30222702026367,-299.5489196777344,,,,,,,,,,,,,,,,,,,,,,,,,,,,,,,,,,,,,,,,,,,,,,,
1.7758752981218028e+18,-375.0037841796875,-1248.984130859375,-374.8785705566406,-75.01993560791016,-500.5831298828125,-374.69622802734375,-366.41259765625,-375.1012878417969,,,,,,,,,,,,,,,,,,,,,,,,,,,,,,,,,,,,,,,,,,,,,,,,,,,,,,,,,,,,,,,,,,,
1.7758752981218417e+18,,,,,,,,,-374.8180847167969,-1249.5830078125,-375.1508483886719,-75.04267120361328,-74.98699188232422,-74.9676742553711,-500.1552429199219,-375.364013671875,,,,,,,,,,,,,,,,,,,,,,,,,,,,,,,,,,,,,,,,,,,,,,,,,,,,,,,,,,,
1.7758752981226107e+18,,,,,,,,,,,,,,,,,,,,,,,,,,,,,-215.71531677246094,-21.571531295776367,-21.572189331054688,-21.570873260498047,-21.571531295776367,-21.571531295776367,-180.54205322265625,,,,,,,,,,,,,,,,,,,,,,,,,,,,,,,,,,,,,,,,
1.7758752981226606e+18,,,,,,,,,,,,,,,,,-300.6321716308594,-282.69342041015625,-275.10394287109375,-290.28289794921875,-259.0050354003906,-284.9932556152344,-255.32528686523438,-286.8331298828125,108.25556945800781,43.30222702026367,43.30222702026367,-298.94830322265625,,,,,,,,,,,,,,,,,,,,,,,,,,,,,,,,,,,,,,,,,,,,,,,
1.7758752981228027e+18,-375.0345458984375,-1249.2918701171875,-375.15557861328125,-75.00148010253906,-499.8858947753906,-375.4962463378906,-369.6754455566406,-374.978271484375,,,,,,,,,,,,,,,,,,,,,,,,,,,,,,,,,,,,,,,,,,,,,,,,,,,,,,,,,,,,,,,,,,,
1.7758752981228416e+18,,,,,,,,,-374.94097900390625,-1250.40283203125,-374.566650390625,-75.01192474365234,-75.00543975830078,-74.97382354736328,-500.3603210449219,-374.7489318847656,,,,,,,,,,,,,,,,,,,,,,,,,,,,,,,,,,,,,,,,,,,,,,,,,,,,,,,,,,,
1.7758752981236106e+18,,,,,,,,,,,,,,,,,,,,,,,,,,,,,-215.71531677246094,-21.571531295776367,-21.571531295776367,-21.571531295776367,-21.571531295776367,-21.571531295776367,-180.42710876464844,,,,,,,,,,,,,,,,,,,,,,,,,,,,,,,,,,,,,,,,
1.7758752981236605e+18,,,,,,,,,,,,,,,,,-281.0835266113281,-288.9029846191406,-291.66278076171875,-275.33392333984375,-293.962646484375,-269.12432861328125,-284.30328369140625,-286.1431579589844,108.25556945800781,43.30222702026367,43.30222702026367,-300.8580017089844,,,,,,,,,,,,,,,,,,,,,,,,,,,,,,,,,,,,,,,,,,,,,,,
1.7758752981238026e+18,-375.0037841796875,-1249.2918701171875,-375.12481689453125,-74.97687530517578,-499.51678466796875,-375.4962463378906,-375.9241027832031,-374.9167785644531,,,,,,,,,,,,,,,,,,,,,,,,,,,,,,,,,,,,,,,,,,,,,,,,,,,,,,,,,,,,,,,,,,,
1.7758752981238415e+18,,,,,,,,,-374.9102783203125,-1251.017822265625,-374.8433837890625,-74.98118591308594,-75.02388763427734,-74.97382354736328,-499.7861022949219,-375.364013671875,,,,,,,,,,,,,,,,,,,,,,,,,,,,,,,,,,,,,,,,,,,,,,,,,,,,,,,,,,,
1.7758752981246106e+18,,,,,,,,,,,,,,,,,,,,,,,,,,,,,-215.71531677246094,-21.571531295776367,-21.571531295776367,-21.572189331054688,-21.571531295776367,-21.572189331054688,-180.41067504882812,,,,,,,,,,,,,,,,,,,,,,,,,,,,,,,,,,,,,,,,
1.7758752981246605e+18,,,,,,,,,,,,,,,,,-310.29150390625,-286.6031494140625,-299.4822692871094,-296.0325012207031,-281.3135070800781,-296.7224426269531,-263.6047058105469,-298.10235595703125,108.25556945800781,43.30222702026367,43.30222702026367,-299.5489196777344,,,,,,,,,,,,,,,,,,,,,,,,,,,,,,,,,,,,,,,,,,,,,,,
1.7758752981248028e+18,-374.81915283203125,-1250.420166015625,-374.7554626464844,-74.9399642944336,-500.4600830078125,-375.0346984863281,-369.9832458496094,-375.47027587890625,,,,,,,,,,,,,,,,,,,,,,,,,,,,,,,,,,,,,,,,,,,,,,,,,,,,,,,,,,,,,,,,,,,
1.7758752981248417e+18,,,,,,,,,-375.4326171875,-1249.275634765625,-374.8126220703125,-75.01807403564453,-74.98699188232422,-74.97382354736328,-500.44232177734375,-374.9949645996094,,,,,,,,,,,,,,,,,,,,,,,,,,,,,,,,,,,,,,,,,,,,,,,,,,,,,,,,,,,
1.775875298124962e+18,,,,,,,,,,,,,,,,,,,,,,,,,,,,,,,,,,,,,,,,,,,,,,,,,,0.0,0.0,0.0,,,,,,,,,,,,,,,,,,,,,,,
1.7758752981256108e+18,,,,,,,,,,,,,,,,,,,,,,,,,,,,,-215.71531677246094,-21.571531295776367,-21.571531295776367,-21.571531295776367,-21.571531295776367,-21.571531295776367,-180.42710876464844,,,,,,,,,,,,,,,,,,,,,,,,,,,,,,,,,,,,,,,,
1.7758752981256538e+18,,,,,,,,,,,,,,,,,,,,,,,,,,,,,,,,,,,,,,,,,,,,,,,,,,,,,0.0,0.0,0.0,0.0,0.0,0.0,0.0,0.0,0.0,0.0,0.0,0.0,0.0,0.0,0.0,0.0,0.0,0.0,0.0,0.0,0.0,0.0,0.0
1.7758752981256607e+18,,,,,,,,,,,,,,,,,-287.5230712890625,-299.02227783203125,-278.5536804199219,-306.61175537109375,-281.3135070800781,-299.4822692871094,-295.342529296875,-293.962646484375,108.25556945800781,43.30222702026367,43.30222702026367,-299.7183532714844,,,,,,,,,,,,,,,,,,,,,,,,,,,,,,,,,,,,,,,,,,,,,,,
1.7758752981258028e+18,-375.21917724609375,-1251.3433837890625,-375.1863708496094,-74.98302459716797,-499.55780029296875,-374.66546630859375,-372.4150085449219,-375.3165283203125,,,,,,,,,,,,,,,,,,,,,,,,,,,,,,,,,,,,,,,,,,,,,,,,,,,,,,,,,,,,,,,,,,,
1.7758752981258417e+18,,,,,,,,,-375.06390380859375,-1251.017822265625,-375.24310302734375,-74.98118591308594,-74.97468566894531,-74.93075561523438,-499.9501647949219,-375.11798095703125,,,,,,,,,,,,,,,,,,,,,,,,,,,,,,,,,,,,,,,,,,,,,,,,,,,,,,,,,,,
1.7758752981266107e+18,,,,,,,,,,,,,,,,,,,,,,,,,,,,,-215.71531677246094,-21.572189331054688,-21.571531295776367,-21.571531295776367,-21.571531295776367,-21.571531295776367,-180.34500122070312,,,,,,,,,,,,,,,,,,,,,,,,,,,,,,,,,,,,,,,,
1.7758752981266606e+18,,,,,,,,,,,,,,,,,-301.3221435546875,-311.6714172363281,-279.24365234375,-308.91162109375,-298.56231689453125,-274.6439514160156,-297.41241455078125,-302.0120849609375,108.25556945800781,43.30222702026367,43.30222702026367,-298.6402893066406,,,,,,,,,,,,,,,,,,,,,,,,,,,,,,,,,,,,,,,,,,,,,,,
1.775875298126803e+18,-374.81915283203125,-1250.0098876953125,-375.1863708496094,-75.05068969726562,-500.4600830078125,-375.2808532714844,-383.52716064453125,-375.1012878417969,,,,,,,,,,,,,,,,,,,,,,,,,,,,,,,,,,,,,,,,,,,,,,,,,,,,,,,,,,,,,,,,,,,
1.7758752981268416e+18,,,,,,,,,-374.84881591796875,-1248.9681396484375,-374.8126220703125,-75.00577545166016,-75.0484848022461,-75.04151153564453,-500.1552429199219,-374.8411865234375,,,,,,,,,,,,,,,,,,,,,,,,,,,,,,,,,,,,,,,,,,,,,,,,,,,,,,,,,,,
1.775875298127348e+18,,,,,,,,,,,,,,,,,,,,,,,,,,,,,,,,,,,,2297.5947265625,22.032045364379883,2297.5947265625,2297.5947265625,2297.5947265625,2297.5947265625,2297.5947265625,24.69220733642578,2297.5947265625,2297.5947265625,2297.5947265625,2297.5947265625,2297.5947265625,2297.5947265625,,,,,,,,,,,,,,,,,,,,,,,,,,
1.7758752981276106e+18,,,,,,,,,,,,,,,,,,,,,,,,,,,,,-215.71531677246094,-21.571531295776367,-21.571531295776367,-21.571531295776367,-21.571531295776367,-21.571531295776367,-180.34500122070312,,,,,,,,,,,,,,,,,,,,,,,,,,,,,,,,,,,,,,,,
1.7758752981276605e+18,,,,,,,,,,,,,,,,,-293.732666015625,-308.2216491699219,-303.3919982910156,-297.64239501953125,-310.7514953613281,-290.74285888671875,-304.3119201660156,-291.8927917480469,108.25556945800781,43.30222702026367,43.30222702026367,-301.8128356933594,,,,,,,,,,,,,,,,,,,,,,,,,,,,,,,,,,,,,,,,,,,,,,,
1.775875298127803e+18,-375.1883850097656,-1249.1893310546875,-375.0632629394531,-75.01378631591797,-499.47576904296875,-375.2193298339844,-380.78759765625,-374.9167785644531,,,,,,,,,,,,,,,,,,,,,,,,,,,,,,,,,,,,,,,,,,,,,,,,,,,,,,,,,,,,,,,,,,,
1.7758752981278418e+18,,,,,,,,,-374.8180847167969,-1250.7103271484375,-374.9971008300781,-74.96273803710938,-74.9992904663086,-75.0107421875,-499.4580078125,-375.0257263183594,,,,,,,,,,,,,,,,,,,,,,,,,,,,,,,,,,,,,,,,,,,,,,,,,,,,,,,,,,,
1.7758752981286106e+18,,,,,,,,,,,,,,,,,,,,,,,,,,,,,-215.71531677246094,-21.570873260498047,-21.571531295776367,-21.572189331054688,-21.570873260498047,-21.571531295776367,-180.2957305908203,,,,,,,,,,,,,,,,,,,,,,,,,,,,,,,,,,,,,,,,
1.7758752981286605e+18,,,,,,,,,,,,,,,,,-311.4414367675781,-292.1227722167969,-309.37158203125,-307.9916687011719,-298.33233642578125,-311.2114562988281,-283.61334228515625,-314.2012634277344,108.25556945800781,43.30222702026367,43.30222702026367,-301.2430114746094,,,,,,,,,,,,,,,,,,,,,,,,,,,,,,,,,,,,,,,,,,,,,,,
1.7758752981288028e+18,-374.81915283203125,-1249.1893310546875,-375.37103271484375,-75.00148010253906,-499.9679260253906,-375.58856201171875,-377.4324035644531,-374.82452392578125,,,,,,,,,,,,,,,,,,,,,,,,,,,,,,,,,,,,,,,,,,,,,,,,,,,,,,,,,,,,,,,,,,,
1.7758752981288417e+18,,,,,,,,,-374.94097900390625,-1250.40283203125,-374.93560791015625,-74.99962615966797,-75.05463409423828,-74.97998046875,-499.9091491699219,-375.425537109375,,,,,,,,,,,,,,,,,,,,,,,,,,,,,,,,,,,,,,,,,,,,,,,,,,,,,,,,,,,
1.7758752981296105e+18,,,,,,,,,,,,,,,,,,,,,,,,,,,,,-215.71531677246094,-21.571531295776367,-21.571531295776367,-21.570873260498047,-21.571531295776367,-21.571531295776367,-180.2957305908203,,,,,,,,,,,,,,,,,,,,,,,,,,,,,,,,,,,,,,,,
1.7758752981296607e+18,,,,,,,,,,,,,,,,,-300.1722106933594,-306.38177490234375,-316.5010986328125,-293.732666015625,-318.5709533691406,-292.8127136230469,-308.91162109375,-298.33233642578125,108.25556945800781,43.30222702026367,43.30222702026367,-301.21221923828125,,,,,,,,,,,,,,,,,,,,,,,,,,,,,,,,,,,,,,,,,,,,,,,
1.775875298129803e+18,-375.0037841796875,-1250.7279052734375,-374.6015930175781,-74.98918151855469,-500.2960205078125,-374.69622802734375,-361.0873718261719,-375.16278076171875,,,,,,,,,,,,,,,,,,,,,,,,,,,,,,,,,,,,,,,,,,,,,,,,,,,,,,,,,,,,,,,,,,,
1.7758752981298417e+18,,,,,,,,,-375.2482604980469,-1249.3780517578125,-374.9971008300781,-75.0365219116211,-74.9992904663086,-74.96151733398438,-499.9911804199219,-375.4562683105469,,,,,,,,,,,,,,,,,,,,,,,,,,,,,,,,,,,,,,,,,,,,,,,,,,,,,,,,,,,
1.7758752981306107e+18,,,,,,,,,,,,,,,,,,,,,,,,,,,,,-215.71531677246094,-21.571531295776367,-21.571531295776367,-21.571531295776367,-21.571531295776367,-21.571531295776367,-180.32858276367188,,,,,,,,,,,,,,,,,,,,,,,,,,,,,,,,,,,,,,,,
1.7758752981306606e+18,,,,,,,,,,,,,,,,,-308.91162109375,-293.732666015625,-325.4704895019531,-311.9013977050781,-282.46343994140625,-316.7310791015625,-302.7020263671875,-283.61334228515625,108.25556945800781,43.30222702026367,43.30222702026367,-300.75018310546875,,,,,,,,,,,,,,,,,,,,,,,,,,,,,,,,,,,,,,,,,,,,,,,
1.775875298130803e+18,-375.3422546386719,-1250.83056640625,-374.8785705566406,-74.97687530517578,-499.55780029296875,-375.15777587890625,-379.55633544921875,-375.19354248046875,,,,,,,,,,,,,,,,,,,,,,,,,,,,,,,,,,,,,,,,,,,,,,,,,,,,,,,,,,,,,,,,,,,
1.7758752981308419e+18,,,,,,,,,-375.1867980957031,-1249.5830078125,-374.68963623046875,-74.96273803710938,-74.9992904663086,-75.04766082763672,-500.4013366699219,-374.8104248046875,,,,,,,,,,,,,,,,,,,,,,,,,,,,,,,,,,,,,,,,,,,,,,,,,,,,,,,,,,,
1.7758752981316106e+18,,,,,,,,,,,,,,,,,,,,,,,,,,,,,-215.71531677246094,-21.571531295776367,-21.572189331054688,-21.572189331054688,-21.571531295776367,-21.571531295776367,-180.39425659179688,,,,,,,,,,,,,,,,,,,,,,,,,,,,,,,,,,,,,,,,
1.7758752981316605e+18,,,,,,,,,,,,,,,,,-312.82135009765625,-321.5607604980469,-299.2522888183594,-334.4398498535156,-299.7122497558594,-307.9916687011719,-302.7020263671875,-288.4430236816406,108.25556945800781,43.30222702026367,43.30222702026367,-299.841552734375,,,,,,,,,,,,,,,,,,,,,,,,,,,,,,,,,,,,,,,,,,,,,,,
1.775875298131803e+18,-374.9422302246094,-1248.7789306640625,-375.3094787597656,-75.01378631591797,-499.8448791503906,-375.4346923828125,-382.4497985839844,-374.79376220703125,,,,,,,,,,,,,,,,,,,,,,,,,,,,,,,,,,,,,,,,,,,,,,,,,,,,,,,,,,,,,,,,,,,
1.7758752981318418e+18,,,,,,,,,-374.787353515625,-1250.3004150390625,-374.8126220703125,-74.96273803710938,-75.06078338623047,-74.98612976074219,-499.8681335449219,-375.425537109375,,,,,,,,,,,,,,,,,,,,,,,,,,,,,,,,,,,,,,,,,,,,,,,,,,,,,,,,,,,
1.7758752981319578e+18,,,,,,,,,,,,,,,,,,,,,,,,,,,,,,,,,,,,,,,,,,,,,,,,,,0.0,0.0,0.0,,,,,,,,,,,,,,,,,,,,,,,
1.7758752981326106e+18,,,,,,,,,,,,,,,,,,,,,,,,,,,,,-215.71531677246094,-21.572189331054688,-21.571531295776367,-21.571531295776367,-21.571531295776367,-21.572189331054688,-180.39425659179688,,,,,,,,,,,,,,,,,,,,,,,,,,,,,,,,,,,,,,,,
1.7758752981326605e+18,,,,,,,,,,,,,,,,,-307.3017272949219,-283.15338134765625,-305.92181396484375,-285.2232360839844,-299.7122497558594,-294.422607421875,-281.7734680175781,-305.46185302734375,108.25556945800781,43.30222702026367,43.30222702026367,-300.54998779296875,,,,,,,,,,,,,,,,,,,,,,,,,,,,,,,,,,,,,,,,,,,,,,,
1.7758752981327903e+18,,,,,,,,,,,,,,,,,,,,,,,,,,,,,,,,,,,,,,,,,,,,,,,,,,,,,0.0,0.0,0.0,0.0,0.0,0.0,0.0,0.0,0.0,0.0,0.0,0.0,0.0,0.0,0.0,0.0,0.0,0.0,0.0,0.0,0.0,0.0,0.0
1.775875298132803e+18,-374.9422302246094,-1249.086669921875,-374.8785705566406,-75.00763702392578,-500.4600830078125,-375.2808532714844,-373.6462707519531,-374.5784912109375,,,,,,,,,,,,,,,,,,,,,,,,,,,,,,,,,,,,,,,,,,,,,,,,,,,,,,,,,,,,,,,,,,,
1.7758752981328417e+18,,,,,,,,,-374.7259216308594,-1248.76318359375,-374.8433837890625,-75.01807403564453,-75.06693267822266,-74.9922866821289,-499.7040710449219,-374.8719482421875,,,,,,,,,,,,,,,,,,,,,,,,,,,,,,,,,,,,,,,,,,,,,,,,,,,,,,,,,,,
1.7758752981336105e+18,,,,,,,,,,,,,,,,,,,,,,,,,,,,,-215.71531677246094,-21.571531295776367,-21.571531295776367,-21.571531295776367,-21.571531295776367,-21.571531295776367,-180.42710876464844,,,,,,,,,,,,,,,,,,,,,,,,,,,,,,,,,,,,,,,,
1.7758752981336607e+18,,,,,,,,,,,,,,,,,-271.8841552734375,-304.77191162109375,-294.882568359375,-294.652587890625,-318.5709533691406,-288.6730041503906,-304.77191162109375,-301.5521240234375,108.25556945800781,43.30222702026367,43.30222702026367,-299.3487243652344,,,,,,,,,,,,,,,,,,,,,,,,,,,,,,,,,,,,,,,,,,,,,,,
1.775875298133803e+18,-375.1268615722656,-1250.6253662109375,-375.0632629394531,-74.99533081054688,-499.63983154296875,-374.5423889160156,-367.4283752441406,-374.8552551269531,,,,,,,,,,,,,,,,,,,,,,,,,,,,,,,,,,,,,,,,,,,,,,,,,,,,,,,,,,,,,,,,,,,
1.775875298133842e+18,,,,,,,,,-375.3404541015625,-1250.40283203125,-375.3045959472656,-75.02422332763672,-74.9992904663086,-74.97382354736328,-499.7861022949219,-374.7796936035156,,,,,,,,,,,,,,,,,,,,,,,,,,,,,,,,,,,,,,,,,,,,,,,,,,,,,,,,,,,
1.7758752981346104e+18,,,,,,,,,,,,,,,,,,,,,,,,,,,,,-215.71531677246094,-21.571531295776367,-21.571531295776367,-21.571531295776367,-21.571531295776367,-21.571531295776367,-180.4763641357422,,,,,,,,,,,,,,,,,,,,,,,,,,,,,,,,,,,,,,,,
1.7758752981346606e+18,,,,,,,,,,,,,,,,,-295.5725402832031,-275.10394287109375,-297.64239501953125,-275.56390380859375,-295.342529296875,-282.69342041015625,-285.9131774902344,-308.2216491699219,108.25556945800781,43.30222702026367,43.30222702026367,-299.841552734375,,,,,,,,,,,,,,,,,,,,,,,,,,,,,,,,,,,,,,,,,,,,,,,
1.775875298134803e+18,-374.6960754394531,-1250.93310546875,-375.0632629394531,-74.98918151855469,-500.5831298828125,-374.8193054199219,-369.7985534667969,-375.2550354003906,,,,,,,,,,,,,,,,,,,,,,,,,,,,,,,,,,,,,,,,,,,,,,,,,,,,,,,,,,,,,,,,,,,
1.7758752981348419e+18,,,,,,,,,-375.1867980957031,-1249.5830078125,-374.8741149902344,-75.04267120361328,-74.96238708496094,-74.98612976074219,-500.2372741699219,-374.56439208984375,,,,,,,,,,,,,,,,,,,,,,,,,,,,,,,,,,,,,,,,,,,,,,,,,,,,,,,,,,,
1.7758752981356104e+18,,,,,,,,,,,,,,,,,,,,,,,,,,,,,-215.708740234375,-21.571531295776367,-21.571531295776367,-21.571531295776367,-21.571531295776367,-21.571531295776367,-180.5092010498047,,,,,,,,,,,,,,,,,,,,,,,,,,,,,,,,,,,,,,,,
1.7758752981356605e+18,,,,,,,,,,,,,,,,,-263.1447448730469,-295.8025207519531,-267.2844543457031,-289.5929260253906,-279.4736328125,-269.8143005371094,-283.84332275390625,-267.2844543457031,108.25556945800781,43.30222702026367,43.30222702026367,-300.36517333984375,,,,,,,,,,,,,,,,,,,,,,,,,,,,,,,,,,,,,,,,,,,,,,,
1.7758752981358031e+18,-375.21917724609375,-1250.1124267578125,-374.8785705566406,-75.03839111328125,-500.5010986328125,-374.8193054199219,-372.5073547363281,-375.5625305175781,,,,,,,,,,,,,,,,,,,,,,,,,,,,,,,,,,,,,,,,,,,,,,,,,,,,,,,,,,,,,,,,,,,
1.7758752981358418e+18,,,,,,,,,-374.8795471191406,-1248.9681396484375,-375.08935546875,-75.01192474365234,-74.97468566894531,-74.97998046875,-500.4013366699219,-374.8411865234375,,,,,,,,,,,,,,,,,,,,,,,,,,,,,,,,,,,,,,,,,,,,,,,,,,,,,,,,,,,
1.7758752981366103e+18,,,,,,,,,,,,,,,,,,,,,,,,,,,,,-215.71531677246094,-21.571531295776367,-21.571531295776367,-21.571531295776367,-21.570873260498047,-21.572189331054688,-180.54205322265625,,,,,,,,,,,,,,,,,,,,,,,,,,,,,,,,,,,,,,,,
1.7758752981366605e+18,,,,,,,,,,,,,,,,,-286.3731689453125,-301.7821044921875,-279.4736328125,-314.4312438964844,-275.33392333984375,-300.1722106933594,-270.7342224121094,-282.2334289550781,108.25556945800781,43.30222702026367,43.30222702026367,-297.7778625488281,,,,,,,,,,,,,,,,,,,,,,,,,,,,,,,,,,,,,,,,,,,,,,,
1.775875298136803e+18,-374.7268371582031,-1249.4969482421875,-375.0940246582031,-75.02608489990234,-499.59881591796875,-374.880859375,-378.0172424316406,-375.009033203125,,,,,,,,,,,,,,,,,,,,,,,,,,,,,,,,,,,,,,,,,,,,,,,,,,,,,,,,,,,,,,,,,,,
1.7758752981368417e+18,,,,,,,,,-374.9102783203125,-1251.017822265625,-375.21234130859375,-74.97503662109375,-74.98699188232422,-75.05996704101562,-500.0732116699219,-374.6874084472656,,,,,,,,,,,,,,,,,,,,,,,,,,,,,,,,,,,,,,,,,,,,,,,,,,,,,,,,,,,
1.7758752981376105e+18,,,,,,,,,,,,,,,,,,,,,,,,,,,,,-215.708740234375,-21.571531295776367,-21.571531295776367,-21.571531295776367,-21.571531295776367,-21.571531295776367,-180.54205322265625,,,,,,,,,,,,,,,,,,,,,,,,,,,,,,,,,,,,,,,,
1.7758752981376604e+18,,,,,,,,,,,,,,,,,-295.8025207519531,-283.84332275390625,-286.6031494140625,-303.3919982910156,-279.24365234375,-305.23187255859375,-266.3645324707031,-305.69183349609375,108.25556945800781,43.30222702026367,43.30222702026367,-298.5016784667969,,,,,,,,,,,,,,,,,,,,,,,,,,,,,,,,,,,,,,,,,,,,,,,
1.775875298137803e+18,-374.6960754394531,-1250.83056640625,-375.12481689453125,-74.98918151855469,-500.2550354003906,-375.4346923828125,-368.1671447753906,-375.0705261230469,,,,,,,,,,,,,,,,,,,,,,,,,,,,,,,,,,,,,,,,,,,,,,,,,,,,,,,,,,,,,,,,,,,
1.775875298137842e+18,,,,,,,,,-375.0331726074219,-1249.7879638671875,-374.597412109375,-75.02422332763672,-75.01158905029297,-74.97382354736328,-500.3193054199219,-375.14874267578125,,,,,,,,,,,,,,,,,,,,,,,,,,,,,,,,,,,,,,,,,,,,,,,,,,,,,,,,,,,
1.7758752981386104e+18,,,,,,,,,,,,,,,,,,,,,,,,,,,,,-215.708740234375,-21.571531295776367,-21.571531295776367,-21.571531295776367,-21.571531295776367,-21.571531295776367,-180.49278259277344,,,,,,,,,,,,,,,,,,,,,,,,,,,,,,,,,,,,,,,,
1.7758752981386606e+18,,,,,,,,,,,,,,,,,-263.3747253417969,-291.8927917480469,-265.674560546875,-286.3731689453125,-281.3135070800781,-262.4548034667969,-279.93359375,-279.24365234375,108.25556945800781,43.30222702026367,43.30222702026367,-300.9042053222656,,,,,,,,,,,,,,,,,,,,,,,,,,,,,,,,,,,,,,,,,,,,,,,
1.7758752981388032e+18,-374.6960754394531,-1250.6253662109375,-375.0632629394531,-74.97687530517578,-500.5010986328125,-375.15777587890625,-366.90509033203125,-375.0397644042969,,,,,,,,,,,,,,,,,,,,,,,,,,,,,,,,,,,,,,,,,,,,,,,,,,,,,,,,,,,,,,,,,,,
1.7758752981388419e+18,,,,,,,,,-375.06390380859375,-1249.685546875,-374.72039794921875,-75.0365219116211,-74.9931411743164,-74.97382354736328,-500.3193054199219,-374.9949645996094,,,,,,,,,,,,,,,,,,,,,,,,,,,,,,,,,,,,,,,,,,,,,,,,,,,,,,,,,,,
1.7758752981389358e+18,,,,,,,,,,,,,,,,,,,,,,,,,,,,,,,,,,,,,,,,,,,,,,,,,,0.0,0.0,0.0,,,,,,,,,,,,,,,,,,,,,,,
1.7758752981396104e+18,,,,,,,,,,,,,,,,,,,,,,,,,,,,,-215.71531677246094,-21.571531295776367,-21.571531295776367,-21.571531295776367,-21.571531295776367,-21.572189331054688,-180.4763641357422,,,,,,,,,,,,,,,,,,,,,,,,,,,,,,,,,,,,,,,,
1.7758752981396605e+18,,,,,,,,,,,,,,,,,-309.1416015625,-280.8535461425781,-303.6219787597656,-288.4430236816406,-283.84332275390625,-287.0631103515625,-257.6251220703125,-286.1431579589844,108.25556945800781,43.30222702026367,43.30222702026367,-300.07257080078125,,,,,,,,,,,,,,,,,,,,,,,,,,,,,,,,,,,,,,,,,,,,,,,
1.7758752981398031e+18,-374.7575988769531,-1248.5738525390625,-375.001708984375,-75.02608489990234,-500.5831298828125,-375.15777587890625,-369.15216064453125,-374.82452392578125,,,,,,,,,,,,,,,,,,,,,,,,,,,,,,,,,,,,,,,,,,,,,,,,,,,,,,,,,,,,,,,,,,,
1.7758752981398418e+18,,,,,,,,,-374.6951904296875,-1249.685546875,-375.1816101074219,-75.04882049560547,-75.01158905029297,-74.95536804199219,-499.4580078125,-374.7489318847656,,,,,,,,,,,,,,,,,,,,,,,,,,,,,,,,,,,,,,,,,,,,,,,,,,,,,,,,,,,
1.7758752981398482e+18,,,,,,,,,,,,,,,,,,,,,,,,,,,,,,,,,,,,2297.53857421875,22.058712005615234,2297.53857421875,2297.53857421875,2297.53857421875,2297.53857421875,2297.53857421875,24.67635726928711,2297.53857421875,2297.53857421875,2297.53857421875,2297.53857421875,2297.53857421875,2297.53857421875,,,,,,,,,,,,,,,,,,,,,,,,,,
1.775875298139958e+18,,,,,,,,,,,,,,,,,,,,,,,,,,,,,,,,,,,,,,,,,,,,,,,,,,,,,0.0,0.0,0.0,0.0,0.0,0.0,0.0,0.0,0.0,0.0,0.0,0.0,0.0,0.0,0.0,0.0,0.0,0.0,0.0,0.0,0.0,0.0,0.0
1.7758752981406103e+18,,,,,,,,,,,,,,,,,,,,,,,,,,,,,-215.708740234375,-21.570873260498047,-21.571531295776367,-21.571531295776367,-21.571531295776367,-21.571531295776367,-180.42710876464844,,,,,,,,,,,,,,,,,,,,,,,,,,,,,,,,,,,,,,,,
1.7758752981406605e+18,,,,,,,,,,,,,,,,,-292.8127136230469,-276.02386474609375,-289.1329650878906,-285.6831970214844,-278.5536804199219,-283.15338134765625,-269.12432861328125,-285.2232360839844,108.25556945800781,43.30222702026367,43.30222702026367,-300.611572265625,,,,,,,,,,,,,,,,,,,,,,,,,,,,,,,,,,,,,,,,,,,,,,,
1.775875298140803e+18,-375.0653076171875,-1248.984130859375,-374.7862548828125,-75.02608489990234,-500.5421142578125,-375.58856201171875,-378.509765625,-374.82452392578125,,,,,,,,,,,,,,,,,,,,,,,,,,,,,,,,,,,,,,,,,,,,,,,,,,,,,,,,,,,,,,,,,,,
1.775875298140842e+18,,,,,,,,,-374.9102783203125,-1249.3780517578125,-374.72039794921875,-75.01192474365234,-75.02388763427734,-75.03535461425781,-499.8271179199219,-374.7181701660156,,,,,,,,,,,,,,,,,,,,,,,,,,,,,,,,,,,,,,,,,,,,,,,,,,,,,,,,,,,
1.7758752981416102e+18,,,,,,,,,,,,,,,,,,,,,,,,,,,,,-215.71531677246094,-21.571531295776367,-21.570873260498047,-21.571531295776367,-21.571531295776367,-21.571531295776367,-180.37783813476562,,,,,,,,,,,,,,,,,,,,,,,,,,,,,,,,,,,,,,,,
1.7758752981416604e+18,,,,,,,,,,,,,,,,,-306.61175537109375,-295.112548828125,-313.97125244140625,-297.87237548828125,-309.37158203125,-288.2130432128906,-286.3731689453125,-292.8127136230469,108.25556945800781,43.30222702026367,43.30222702026367,-300.3189697265625,,,,,,,,,,,,,,,,,,,,,,,,,,,,,,,,,,,,,,,,,,,,,,,
1.7758752981418033e+18,-374.8807067871094,-1250.6253662109375,-374.7554626464844,-74.9522705078125,-500.4190673828125,-375.0039367675781,-369.8601379394531,-375.50103759765625,,,,,,,,,,,,,,,,,,,,,,,,,,,,,,,,,,,,,,,,,,,,,,,,,,,,,,,,,,,,,,,,,,,
1.775875298141842e+18,,,,,,,,,-375.4326171875,-1249.275634765625,-374.8433837890625,-75.02422332763672,-74.97468566894531,-74.98612976074219,-500.44232177734375,-374.8719482421875,,,,,,,,,,,,,,,,,,,,,,,,,,,,,,,,,,,,,,,,,,,,,,,,,,,,,,,,,,,
1.7758752981426102e+18,,,,,,,,,,,,,,,,,,,,,,,,,,,,,-215.708740234375,-21.571531295776367,-21.571531295776367,-21.571531295776367,-21.571531295776367,-21.571531295776367,-180.36141967773438,,,,,,,,,,,,,,,,,,,,,,,,,,,,,,,,,,,,,,,,
1.7758752981426606e+18,,,,,,,,,,,,,,,,,-275.10394287109375,-308.4516296386719,-290.05291748046875,-309.83154296875,-310.7514953613281,-294.652587890625,-308.91162109375,-290.97283935546875,108.25556945800781,43.30222702026367,43.30222702026367,-300.75018310546875,,,,,,,,,,,,,,,,,,,,,,,,,,,,,,,,,,,,,,,,,,,,,,,
1.7758752981428032e+18,-374.84991455078125,-1250.0098876953125,-375.0940246582031,-74.9338150024414,-500.2960205078125,-375.09625244140625,-369.15216064453125,-375.47027587890625,,,,,,,,,,,,,,,,,,,,,,,,,,,,,,,,,,,,,,,,,,,,,,,,,,,,,,,,,,,,,,,,,,,
1.7758752981428419e+18,,,,,,,,,-375.2482604980469,-1250.1978759765625,-374.8126220703125,-75.01192474365234,-74.97468566894531,-74.96151733398438,-500.4013366699219,-374.9949645996094,,,,,,,,,,,,,,,,,,,,,,,,,,,,,,,,,,,,,,,,,,,,,,,,,,,,,,,,,,,
1.77587529814361e+18,,,,,,,,,,,,,,,,,,,,,,,,,,,,,-215.71531677246094,-21.570873260498047,-21.571531295776367,-21.571531295776367,-21.570873260498047,-21.572189331054688,-180.36141967773438,,,,,,,,,,,,,,,,,,,,,,,,,,,,,,,,,,,,,,,,
1.7758752981436605e+18,,,,,,,,,,,,,,,,,-303.8519592285156,-285.4532165527344,-307.5317077636719,-296.4924621582031,-307.3017272949219,-297.41241455078125,-298.10235595703125,-312.1313781738281,108.25556945800781,43.30222702026367,43.30222702026367,-302.2902526855469,,,,,,,,,,,,,,,,,,,,,,,,,,,,,,,,,,,,,,,,,,,,,,,
1.7758752981438031e+18,-375.24993896484375,-1249.599609375,-375.032470703125,-75.08145141601562,-499.76287841796875,-374.7885437011719,-378.1095886230469,-374.82452392578125,,,,,,,,,,,,,,,,,,,,,,,,,,,,,,,,,,,,,,,,,,,,,,,,,,,,,,,,,,,,,,,,,,,
1.775875298143842e+18,,,,,,,,,-374.84881591796875,-1249.7879638671875,-375.3045959472656,-74.98118591308594,-75.00543975830078,-75.05996704101562,-499.7450866699219,-374.7796936035156,,,,,,,,,,,,,,,,,,,,,,,,,,,,,,,,,,,,,,,,,,,,,,,,,,,,,,,,,,,
1.7758752981446103e+18,,,,,,,,,,,,,,,,,,,,,,,,,,,,,-215.708740234375,-21.571531295776367,-21.571531295776367,-21.571531295776367,-21.571531295776367,-21.571531295776367,-180.32858276367188,,,,,,,,,,,,,,,,,,,,,,,,,,,,,,,,,,,,,,,,
1.7758752981446605e+18,,,,,,,,,,,,,,,,,-301.5521240234375,-318.3409729003906,-302.9320373535156,-326.8503723144531,-299.9422302246094,-326.3904113769531,-292.8127136230469,-325.9304504394531,108.25556945800781,43.30222702026367,43.30222702026367,-301.79742431640625,,,,,,,,,,,,,,,,,,,,,,,,,,,,,,,,,,,,,,,,,,,,,,,
1.7758752981448033e+18,-375.0960998535156,-1249.1893310546875,-375.0632629394531,-75.04454040527344,-499.59881591796875,-375.0039367675781,-381.09539794921875,-374.82452392578125,,,,,,,,,,,,,,,,,,,,,,,,,,,,,,,,,,,,,,,,,,,,,,,,,,,,,,,,,,,,,,,,,,,
1.775875298144842e+18,,,,,,,,,-374.8180847167969,-1250.6077880859375,-375.21234130859375,-74.97503662109375,-74.9992904663086,-75.04766082763672,-499.5400390625,-374.8719482421875,,,,,,,,,,,,,,,,,,,,,,,,,,,,,,,,,,,,,,,,,,,,,,,,,,,,,,,,,,,
1.7758752981456102e+18,,,,,,,,,,,,,,,,,,,,,,,,,,,,,-215.71531677246094,-21.571531295776367,-21.570873260498047,-21.570873260498047,-21.571531295776367,-21.572189331054688,-180.34500122070312,,,,,,,,,,,,,,,,,,,,,,,,,,,,,,,,,,,,,,,,
1.7758752981456604e+18,,,,,,,,,,,,,,,,,-301.5521240234375,-315.3511657714844,-310.9814758300781,-297.64239501953125,-311.9013977050781,-283.61334228515625,-306.15179443359375,-284.9932556152344,108.25556945800781,43.30222702026367,43.30222702026367,-301.5356140136719,,,,,,,,,,,,,,,,,,,,,,,,,,,,,,,,,,,,,,,,,,,,,,,
1.7758752981458033e+18,-375.31146240234375,-1248.881591796875,-375.001708984375,-75.03224182128906,-499.76287841796875,-374.69622802734375,-383.52716064453125,-374.947509765625,,,,,,,,,,,,,,,,,,,,,,,,,,,,,,,,,,,,,,,,,,,,,,,,,,,,,,,,,,,,,,,,,,,
1.775875298145842e+18,,,,,,,,,-374.7566223144531,-1249.992919921875,-375.2738342285156,-74.95658874511719,-74.9931411743164,-75.0230484008789,-499.7861022949219,-374.6566467285156,,,,,,,,,,,,,,,,,,,,,,,,,,,,,,,,,,,,,,,,,,,,,,,,,,,,,,,,,,,
1.775875298146138e+18,,,,,,,,,,,,,,,,,,,,,,,,,,,,,,,,,,,,,,,,,,,,,,,,,,0.0,0.0,0.0,,,,,,,,,,,,,,,,,,,,,,,
1.7758752981466102e+18,,,,,,,,,,,,,,,,,,,,,,,,,,,,,-215.71531677246094,-21.571531295776367,-21.571531295776367,-21.571531295776367,-21.571531295776367,-21.571531295776367,-180.34500122070312,,,,,,,,,,,,,,,,,,,,,,,,,,,,,,,,,,,,,,,,
1.7758752981466606e+18,,,,,,,,,,,,,,,,,-289.8229064941406,-318.8009338378906,-284.5332946777344,-320.87078857421875,-282.0034484863281,-307.3017272949219,-288.4430236816406,-302.9320373535156,108.25556945800781,43.30222702026367,43.30222702026367,-300.2111511230469,,,,,,,,,,,,,,,,,,,,,,,,,,,,,,,,,,,,,,,,,,,,,,,
1.7758752981468032e+18,-375.28070068359375,-1249.7021484375,-374.8785705566406,-75.06299591064453,-500.3780517578125,-374.7577819824219,-373.2768859863281,-375.50103759765625,,,,,,,,,,,,,,,,,,,,,,,,,,,,,,,,,,,,,,,,,,,,,,,,,,,,,,,,,,,,,,,,,,,
1.775875298146842e+18,,,,,,,,,-374.8180847167969,-1249.0706787109375,-375.21234130859375,-75.00577545166016,-74.97468566894531,-74.96151733398438,-500.4013366699219,-375.11798095703125,,,,,,,,,,,,,,,,,,,,,,,,,,,,,,,,,,,,,,,,,,,,,,,,,,,,,,,,,,,
1.7758752981469373e+18,,,,,,,,,,,,,,,,,,,,,,,,,,,,,,,,,,,,,,,,,,,,,,,,,,,,,0.0,0.0,0.0,0.0,0.0,0.0,0.0,0.0,0.0,0.0,0.0,0.0,0.0,0.0,0.0,0.0,0.0,0.0,0.0,0.0,0.0,0.0,0.0
1.77587529814761e+18,,,,,,,,,,,,,,,,,,,,,,,,,,,,,-215.71531677246094,-21.571531295776367,-21.571531295776367,-21.571531295776367,-21.571531295776367,-21.571531295776367,-180.37783813476562,,,,,,,,,,,,,,,,,,,,,,,,,,,,,,,,,,,,,,,,
1.7758752981476605e+18,,,,,,,,,,,,,,,,,-309.6015625,-322.4806823730469,-314.2012634277344,-312.59136962890625,-308.681640625,-299.02227783203125,-304.0819396972656,-294.192626953125,108.25556945800781,43.30222702026367,43.30222702026367,-299.1793212890625,,,,,,,,,,,,,,,,,,,,,,,,,,,,,,,,,,,,,,,,,,,,,,,
1.7758752981478034e+18,-374.8807067871094,-1250.0098876953125,-375.37103271484375,-75.04454040527344,-499.76287841796875,-374.5423889160156,-365.9200744628906,-375.0705261230469,,,,,,,,,,,,,,,,,,,,,,,,,,,,,,,,,,,,,,,,,,,,,,,,,,,,,,,,,,,,,,,,,,,
1.775875298147842e+18,,,,,,,,,-374.8180847167969,-1249.992919921875,-375.3660888671875,-75.0303726196289,-74.98699188232422,-74.97998046875,-499.4990234375,-374.8719482421875,,,,,,,,,,,,,,,,,,,,,,,,,,,,,,,,,,,,,,,,,,,,,,,,,,,,,,,,,,,
1.77587529814861e+18,,,,,,,,,,,,,,,,,,,,,,,,,,,,,-215.71531677246094,-21.571531295776367,-21.571531295776367,-21.570873260498047,-21.571531295776367,-21.571531295776367,-180.41067504882812,,,,,,,,,,,,,,,,,,,,,,,,,,,,,,,,,,,,,,,,
1.7758752981486605e+18,,,,,,,,,,,,,,,,,-320.64080810546875,-307.5317077636719,-330.0701599121094,-302.9320373535156,-318.3409729003906,-296.7224426269531,-291.43280029296875,-304.77191162109375,108.25556945800781,43.30222702026367,43.30222702026367,-300.6269836425781,,,,,,,,,,,,,,,,,,,,,,,,,,,,,,,,,,,,,,,,,,,,,,,
1.7758752981488033e+18,-374.8807067871094,-1250.5228271484375,-374.8785705566406,-74.97687530517578,-500.4600830078125,-374.7885437011719,-375.6778564453125,-375.2550354003906,,,,,,,,,,,,,,,,,,,,,,,,,,,,,,,,,,,,,,,,,,,,,,,,,,,,,,,,,,,,,,,,,,,
1.775875298148842e+18,,,,,,,,,-375.37115478515625,-1249.0706787109375,-375.0278625488281,-75.01192474365234,-74.96853637695312,-75.03535461425781,-500.0732116699219,-374.7489318847656,,,,,,,,,,,,,,,,,,,,,,,,,,,,,,,,,,,,,,,,,,,,,,,,,,,,,,,,,,,
1.77587529814961e+18,,,,,,,,,,,,,,,,,,,,,,,,,,,,,-215.71531677246094,-21.571531295776367,-21.571531295776367,-21.571531295776367,-21.571531295776367,-21.572189331054688,-180.45994567871094,,,,,,,,,,,,,,,,,,,,,,,,,,,,,,,,,,,,,,,,
1.7758752981496604e+18,,,,,,,,,,,,,,,,,-303.6219787597656,-307.0717468261719,-287.7530517578125,-312.36138916015625,-273.4940490722656,-302.0120849609375,-272.5740966796875,-295.8025207519531,108.25556945800781,43.30222702026367,43.30222702026367,-299.5797424316406,,,,,,,,,,,,,,,,,,,,,,,,,,,,,,,,,,,,,,,,,,,,,,,
1.7758752981498033e+18,-375.31146240234375,-1249.599609375,-375.0632629394531,-75.07530212402344,-499.59881591796875,-374.9423828125,-380.69525146484375,-374.9167785644531,,,,,,,,,,,,,,,,,,,,,,,,,,,,,,,,,,,,,,,,,,,,,,,,,,,,,,,,,,,,,,,,,,,
1.7758752981498422e+18,,,,,,,,,-374.8795471191406,-1249.992919921875,-375.2738342285156,-74.96888732910156,-74.9931411743164,-75.02920532226562,-499.5810546875,-375.0257263183594,,,,,,,,,,,,,,,,,,,,,,,,,,,,,,,,,,,,,,,,,,,,,,,,,,,,,,,,,,,
1.77587529815061e+18,,,,,,,,,,,,,,,,,,,,,,,,,,,,,-215.708740234375,-21.571531295776367,-21.571531295776367,-21.572189331054688,-21.570873260498047,-21.571531295776367,-180.45994567871094,,,,,,,,,,,,,,,,,,,,,,,,,,,,,,,,,,,,,,,,
1.7758752981506606e+18,,,,,,,,,,,,,,,,,-313.74127197265625,-281.0835266113281,-309.37158203125,-285.4532165527344,-287.0631103515625,-292.3527526855469,-260.38494873046875,-307.5317077636719,108.25556945800781,43.30222702026367,43.30222702026367,-299.6259460449219,,,,,,,,,,,,,,,,,,,,,,,,,,,,,,,,,,,,,,,,,,,,,,,
1.7758752981508035e+18,-375.31146240234375,-1250.7279052734375,-374.8478088378906,-74.97687530517578,-499.80389404296875,-375.2500915527344,-380.11041259765625,-375.3165283203125,,,,,,,,,,,,,,,,,,,,,,,,,,,,,,,,,,,,,,,,,,,,,,,,,,,,,,,,,,,,,,,,,,,
1.775875298150842e+18,,,,,,,,,-375.1867980957031,-1249.4805908203125,-374.6281433105469,-74.96888732910156,-75.00543975830078,-75.03535461425781,-500.44232177734375,-375.08721923828125,,,,,,,,,,,,,,,,,,,,,,,,,,,,,,,,,,,,,,,,,,,,,,,,,,,,,,,,,,,
1.7758752981516099e+18,,,,,,,,,,,,,,,,,,,,,,,,,,,,,-215.71531677246094,-21.571531295776367,-21.571531295776367,-21.571531295776367,-21.571531295776367,-21.571531295776367,-180.5092010498047,,,,,,,,,,,,,,,,,,,,,,,,,,,,,,,,,,,,,,,,
1.7758752981516605e+18,,,,,,,,,,,,,,,,,-283.61334228515625,-278.78369140625,-303.8519592285156,-300.1722106933594,-260.38494873046875,-281.5434875488281,-297.87237548828125,-300.1722106933594,108.25556945800781,43.30222702026367,43.30222702026367,-300.611572265625,,,,,,,,,,,,,,,,,,,,,,,,,,,,,,,,,,,,,,,,,,,,,,,
1.7758752981518034e+18,-374.8807067871094,-1248.881591796875,-374.90936279296875,-75.01378631591797,-500.5831298828125,-375.3116149902344,-374.26190185546875,-374.6092529296875,,,,,,,,,,,,,,,,,,,,,,,,,,,,,,,,,,,,,,,,,,,,,,,,,,,,,,,,,,,,,,,,,,,
1.775875298151842e+18,,,,,,,,,-375.3404541015625,-1250.40283203125,-375.05859375,-74.98118591308594,-74.94393920898438,-74.98612976074219,-499.9501647949219,-375.425537109375,,,,,,,,,,,,,,,,,,,,,,,,,,,,,,,,,,,,,,,,,,,,,,,,,,,,,,,,,,,
1.7758752981523482e+18,,,,,,,,,,,,,,,,,,,,,,,,,,,,,,,,,,,,2297.530029296875,22.065387725830078,2297.530029296875,2297.530029296875,2297.530029296875,2297.530029296875,2297.530029296875,24.626028060913086,2297.530029296875,2297.530029296875,2297.530029296875,2297.530029296875,2297.530029296875,2297.530029296875,,,,,,,,,,,,,,,,,,,,,,,,,,
1.77587529815261e+18,,,,,,,,,,,,,,,,,,,,,,,,,,,,,-215.71531677246094,-21.571531295776367,-21.571531295776367,-21.571531295776367,-21.571531295776367,-21.571531295776367,-180.45994567871094,,,,,,,,,,,,,,,,,,,,,,,,,,,,,,,,,,,,,,,,
1.7758752981526605e+18,,,,,,,,,,,,,,,,,-293.962646484375,-269.5843200683594,-287.5230712890625,-304.0819396972656,-263.1447448730469,-279.013671875,-293.962646484375,-274.6439514160156,108.25556945800781,43.30222702026367,43.30222702026367,-299.31793212890625,,,,,,,,,,,,,,,,,,,,,,,,,,,,,,,,,,,,,,,,,,,,,,,
1.7758752981528033e+18,-375.1576232910156,-1251.03564453125,-375.3402404785156,-75.03224182128906,-500.5831298828125,-375.55780029296875,-381.0030822753906,-375.53179931640625,,,,,,,,,,,,,,,,,,,,,,,,,,,,,,,,,,,,,,,,,,,,,,,,,,,,,,,,,,,,,,,,,,,
1.775875298152842e+18,,,,,,,,,-374.8795471191406,-1250.095458984375,-374.8126220703125,-74.9873275756836,-75.01158905029297,-75.0107421875,-500.1552429199219,-375.14874267578125,,,,,,,,,,,,,,,,,,,,,,,,,,,,,,,,,,,,,,,,,,,,,,,,,,,,,,,,,,,
1.7758752981531205e+18,,,,,,,,,,,,,,,,,,,,,,,,,,,,,,,,,,,,,,,,,,,,,,,,,,0.0,0.0,0.0,,,,,,,,,,,,,,,,,,,,,,,
1.77587529815361e+18,,,,,,,,,,,,,,,,,,,,,,,,,,,,,-215.71531677246094,-21.571531295776367,-21.571531295776367,-21.571531295776367,-21.571531295776367,-21.571531295776367,-180.54205322265625,,,,,,,,,,,,,,,,,,,,,,,,,,,,,,,,,,,,,,,,
1.7758752981536604e+18,,,,,,,,,,,,,,,,,-296.4924621582031,-301.3221435546875,-271.8841552734375,-304.0819396972656,-292.1227722167969,-254.8653106689453,-264.064697265625,-296.0325012207031,108.25556945800781,43.30222702026367,43.30222702026367,-299.1639099121094,,,,,,,,,,,,,,,,,,,,,,,,,,,,,,,,,,,,,,,,,,,,,,,
1.7758752981538035e+18,-375.1268615722656,-1251.3433837890625,-375.37103271484375,-75.03224182128906,-500.3370361328125,-375.3116149902344,-378.2019348144531,-375.13201904296875,,,,,,,,,,,,,,,,,,,,,,,,,,,,,,,,,,,,,,,,,,,,,,,,,,,,,,,,,,,,,,,,,,,
1.7758752981538422e+18,,,,,,,,,-375.15606689453125,-1250.3004150390625,-375.3045959472656,-75.0365219116211,-75.03003692626953,-75.05996704101562,-500.4013366699219,-375.11798095703125,,,,,,,,,,,,,,,,,,,,,,,,,,,,,,,,,,,,,,,,,,,,,,,,,,,,,,,,,,,
1.7758752981542533e+18,,,,,,,,,,,,,,,,,,,,,,,,,,,,,,,,,,,,,,,,,,,,,,,,,,,,,0.0,0.0,0.0,0.0,0.0,0.0,0.0,0.0,0.0,0.0,0.0,0.0,0.0,0.0,0.0,0.0,0.0,0.0,0.0,0.0,0.0,0.0,0.0
1.77587529815461e+18,,,,,,,,,,,,,,,,,,,,,,,,,,,,,-215.71531677246094,-21.571531295776367,-21.571531295776367,-21.572189331054688,-21.571531295776367,-21.571531295776367,-180.525634765625,,,,,,,,,,,,,,,,,,,,,,,,,,,,,,,,,,,,,,,,
1.7758752981546606e+18,,,,,,,,,,,,,,,,,-266.1345520019531,-296.7224426269531,-305.92181396484375,-278.3236999511719,-298.10235595703125,-285.2232360839844,-247.2758331298828,-293.5026550292969,108.25556945800781,43.30222702026367,43.30222702026367,-297.7778625488281,,,,,,,,,,,,,,,,,,,,,,,,,,,,,,,,,,,,,,,,,,,,,,,
1.7758752981548035e+18,-375.1268615722656,-1249.7021484375,-374.69390869140625,-74.9522705078125,-499.76287841796875,-374.8193054199219,-371.8609313964844,-375.19354248046875,,,,,,,,,,,,,,,,,,,,,,,,,,,,,,,,,,,,,,,,,,,,,,,,,,,,,,,,,,,,,,,,,,,
1.775875298154842e+18,,,,,,,,,-375.37115478515625,-1249.8905029296875,-374.6589050292969,-74.93814086914062,-74.95008850097656,-74.97382354736328,-499.7450866699219,-375.0257263183594,,,,,,,,,,,,,,,,,,,,,,,,,,,,,,,,,,,,,,,,,,,,,,,,,,,,,,,,,,,
1.7758752981556099e+18,,,,,,,,,,,,,,,,,,,,,,,,,,,,,-215.71531677246094,-21.571531295776367,-21.571531295776367,-21.571531295776367,-21.571531295776367,-21.572189331054688,-180.525634765625,,,,,,,,,,,,,,,,,,,,,,,,,,,,,,,,,,,,,,,,
1.7758752981556605e+18,,,,,,,,,,,,,,,,,-298.56231689453125,-274.4139709472656,-265.214599609375,-302.9320373535156,-288.2130432128906,-270.9642028808594,-279.93359375,-289.5929260253906,108.25556945800781,43.30222702026367,43.30222702026367,-297.7778625488281,,,,,,,,,,,,,,,,,,,,,,,,,,,,,,,,,,,,,,,,,,,,,,,
1.7758752981558034e+18,-375.0653076171875,-1251.4459228515625,-375.0632629394531,-74.97687530517578,-499.80389404296875,-375.0346984863281,-380.14117431640625,-375.2550354003906,,,,,,,,,,,,,,,,,,,,,,,,,,,,,,,,,,,,,,,,,,,,,,,,,,,,,,,,,,,,,,,,,,,
1.775875298155842e+18,,,,,,,,,-375.3404541015625,-1250.40283203125,-374.7511291503906,-74.94429016113281,-74.96853637695312,-75.00459289550781,-500.44232177734375,-375.364013671875,,,,,,,,,,,,,,,,,,,,,,,,,,,,,,,,,,,,,,,,,,,,,,,,,,,,,,,,,,,
1.7758752981566098e+18,,,,,,,,,,,,,,,,,,,,,,,,,,,,,-215.71531677246094,-21.571531295776367,-21.571531295776367,-21.571531295776367,-21.570873260498047,-21.571531295776367,-180.49278259277344,,,,,,,,,,,,,,,,,,,,,,,,,,,,,,,,,,,,,,,,
1.7758752981566605e+18,,,,,,,,,,,,,,,,,-287.9830322265625,-290.74285888671875,-282.46343994140625,-285.4532165527344,-282.46343994140625,-275.33392333984375,-272.3441162109375,-273.7240295410156,108.25556945800781,43.30222702026367,43.30222702026367,-297.90106201171875,,,,,,,,,,,,,,,,,,,,,,,,,,,,,,,,,,,,,,,,,,,,,,,
1.7758752981568036e+18,-375.0960998535156,-1250.6253662109375,-374.9401550292969,-75.00148010253906,-500.3370361328125,-374.66546630859375,-373.7693786621094,-375.2242736816406,,,,,,,,,,,,,,,,,,,,,,,,,,,,,,,,,,,,,,,,,,,,,,,,,,,,,,,,,,,,,,,,,,,
1.7758752981568422e+18,,,,,,,,,-375.1253662109375,-1248.76318359375,-375.21234130859375,-74.99347686767578,-74.96853637695312,-75.03535461425781,-500.0732116699219,-374.7489318847656,,,,,,,,,,,,,,,,,,,,,,,,,,,,,,,,,,,,,,,,,,,,,,,,,,,,,,,,,,,
1.7758752981576097e+18,,,,,,,,,,,,,,,,,,,,,,,,,,,,,-215.71531677246094,-21.571531295776367,-21.571531295776367,-21.571531295776367,-21.571531295776367,-21.571531295776367,-180.45994567871094,,,,,,,,,,,,,,,,,,,,,,,,,,,,,,,,,,,,,,,,
1.7758752981576604e+18,,,,,,,,,,,,,,,,,-271.4241943359375,-302.2420654296875,-284.5332946777344,-284.7632751464844,-290.74285888671875,-272.8040771484375,-284.30328369140625,-288.6730041503906,108.25556945800781,43.30222702026367,43.30222702026367,-301.1044006347656,,,,,,,,,,,,,,,,,,,,,,,,,,,,,,,,,,,,,,,,,,,,,,,
1.7758752981578035e+18,-375.0345458984375,-1249.2918701171875,-375.15557861328125,-74.9707260131836,-499.63983154296875,-375.5270080566406,-375.21612548828125,-375.009033203125,,,,,,,,,,,,,,,,,,,,,,,,,,,,,,,,,,,,,,,,,,,,,,,,,,,,,,,,,,,,,,,,,,,
1.7758752981578422e+18,,,,,,,,,-374.94097900390625,-1251.017822265625,-374.72039794921875,-74.9873275756836,-75.02388763427734,-74.97998046875,-499.9911804199219,-375.364013671875,,,,,,,,,,,,,,,,,,,,,,,,,,,,,,,,,,,,,,,,,,,,,,,,,,,,,,,,,,,
1.7758752981586097e+18,,,,,,,,,,,,,,,,,,,,,,,,,,,,,-215.71531677246094,-21.571531295776367,-21.571531295776367,-21.570873260498047,-21.571531295776367,-21.572189331054688,-180.39425659179688,,,,,,,,,,,,,,,,,,,,,,,,,,,,,,,,,,,,,,,,
1.7758752981586604e+18,,,,,,,,,,,,,,,,,-301.3221435546875,-299.9422302246094,-281.3135070800781,-310.5215148925781,-268.43438720703125,-301.0921630859375,-263.8346862792969,-296.9524230957031,108.25556945800781,43.30222702026367,43.30222702026367,-298.5940856933594,,,,,,,,,,,,,,,,,,,,,,,,,,,,,,,,,,,,,,,,,,,,,,,
1.7758752981588035e+18,-375.0037841796875,-1250.6253662109375,-374.7862548828125,-74.9522705078125,-500.5421142578125,-374.9423828125,-368.5672912597656,-375.47027587890625,,,,,,,,,,,,,,,,,,,,,,,,,,,,,,,,,,,,,,,,,,,,,,,,,,,,,,,,,,,,,,,,,,,
1.775875298158842e+18,,,,,,,,,-375.37115478515625,-1249.275634765625,-374.8433837890625,-75.01807403564453,-74.97468566894531,-74.97382354736328,-500.4013366699219,-374.7489318847656,,,,,,,,,,,,,,,,,,,,,,,,,,,,,,,,,,,,,,,,,,,,,,,,,,,,,,,,,,,
1.7758752981596099e+18,,,,,,,,,,,,,,,,,,,,,,,,,,,,,-215.71531677246094,-21.570873260498047,-21.570873260498047,-21.571531295776367,-21.571531295776367,-21.571531295776367,-180.36141967773438,,,,,,,,,,,,,,,,,,,,,,,,,,,,,,,,,,,,,,,,
1.7758752981596605e+18,,,,,,,,,,,,,,,,,-299.4822692871094,-302.9320373535156,-287.9830322265625,-311.4414367675781,-276.9438171386719,-305.00189208984375,-271.4241943359375,-309.37158203125,108.25556945800781,43.30222702026367,43.30222702026367,-300.5191650390625,,,,,,,,,,,,,,,,,,,,,,,,,,,,,,,,,,,,,,,,,,,,,,,
1.7758752981598036e+18,-374.9422302246094,-1248.5738525390625,-374.9709167480469,-75.04454040527344,-499.80389404296875,-374.5731506347656,-382.41900634765625,-375.1012878417969,,,,,,,,,,,,,,,,,,,,,,,,,,,,,,,,,,,,,,,,,,,,,,,,,,,,,,,,,,,,,,,,,,,
1.7758752981598423e+18,,,,,,,,,-374.7259216308594,-1249.992919921875,-375.3045959472656,-74.96273803710938,-74.97468566894531,-75.01689910888672,-499.6630554199219,-374.62591552734375,,,,,,,,,,,,,,,,,,,,,,,,,,,,,,,,,,,,,,,,,,,,,,,,,,,,,,,,,,,
1.7758752981606098e+18,,,,,,,,,,,,,,,,,,,,,,,,,,,,,-215.71531677246094,-21.571531295776367,-21.571531295776367,-21.571531295776367,-21.571531295776367,-21.571531295776367,-180.34500122070312,,,,,,,,,,,,,,,,,,,,,,,,,,,,,,,,,,,,,,,,
1.7758752981606605e+18,,,,,,,,,,,,,,,,,-285.6831970214844,-315.5811462402344,-294.192626953125,-313.51129150390625,-303.1620178222656,-305.46185302734375,-309.83154296875,-306.15179443359375,108.25556945800781,43.30222702026367,43.30222702026367,-300.4267883300781,,,,,,,,,,,,,,,,,,,,,,,,,,,,,,,,,,,,,,,,,,,,,,,
1.7758752981607724e+18,,,,,,,,,,,,,,,,,,,,,,,,,,,,,,,,,,,,,,,,,,,,,,,,,,0.0,0.0,0.0,,,,,,,,,,,,,,,,,,,,,,,
1.7758752981608036e+18,-375.0037841796875,-1251.548583984375,-374.69390869140625,-74.97687530517578,-500.2550354003906,-374.8193054199219,-361.6414489746094,-375.3165283203125,,,,,,,,,,,,,,,,,,,,,,,,,,,,,,,,,,,,,,,,,,,,,,,,,,,,,,,,,,,,,,,,,,,
1.7758752981608422e+18,,,,,,,,,-375.37115478515625,-1249.5830078125,-374.93560791015625,-75.05496215820312,-74.97468566894531,-74.9676742553711,-500.0732116699219,-374.8104248046875,,,,,,,,,,,,,,,,,,,,,,,,,,,,,,,,,,,,,,,,,,,,,,,,,,,,,,,,,,,
1.7758752981616097e+18,,,,,,,,,,,,,,,,,,,,,,,,,,,,,-215.71531677246094,-21.571531295776367,-21.571531295776367,-21.571531295776367,-21.571531295776367,-21.571531295776367,-180.32858276367188,,,,,,,,,,,,,,,,,,,,,,,,,,,,,,,,,,,,,,,,
1.7758752981616604e+18,,,,,,,,,,,,,,,,,-311.6714172363281,-320.41082763671875,-302.2420654296875,-336.5097351074219,-290.97283935546875,-323.1706237792969,-293.2726745605469,-300.6321716308594,108.25556945800781,43.30222702026367,43.30222702026367,-300.36517333984375,,,,,,,,,,,,,,,,,,,,,,,,,,,,,,,,,,,,,,,,,,,,,,,
1.7758752981617864e+18,,,,,,,,,,,,,,,,,,,,,,,,,,,,,,,,,,,,,,,,,,,,,,,,,,,,,0.0,0.0,0.0,0.0,0.0,0.0,0.0,0.0,0.0,0.0,0.0,0.0,0.0,0.0,0.0,0.0,0.0,0.0,0.0,0.0,0.0,0.0,0.0
1.7758752981618035e+18,-374.78839111328125,-1250.0098876953125,-375.1863708496094,-75.01378631591797,-500.1730041503906,-375.2193298339844,-383.52716064453125,-375.50103759765625,,,,,,,,,,,,,,,,,,,,,,,,,,,,,,,,,,,,,,,,,,,,,,,,,,,,,,,,,,,,,,,,,,,
1.7758752981618422e+18,,,,,,,,,-374.7566223144531,-1248.76318359375,-374.7818908691406,-74.98118591308594,-74.96238708496094,-74.98612976074219,-500.1552429199219,-375.2717590332031,,,,,,,,,,,,,,,,,,,,,,,,,,,,,,,,,,,,,,,,,,,,,,,,,,,,,,,,,,,
1.7758752981626097e+18,,,,,,,,,,,,,,,,,,,,,,,,,,,,,-215.7218780517578,-21.571531295776367,-21.571531295776367,-21.570873260498047,-21.571531295776367,-21.571531295776367,-180.37783813476562,,,,,,,,,,,,,,,,,,,,,,,,,,,,,,,,,,,,,,,,
1.7758752981626604e+18,,,,,,,,,,,,,,,,,-306.61175537109375,-337.1996765136719,-300.1722106933594,-307.7616882324219,-314.2012634277344,-287.0631103515625,-284.07330322265625,-323.630615234375,108.25556945800781,43.30222702026367,43.30222702026367,-300.93499755859375,,,,,,,,,,,,,,,,,,,,,,,,,,,,,,,,,,,,,,,,,,,,,,,
1.7758752981628037e+18,-375.1268615722656,-1250.6253662109375,-375.032470703125,-75.00148010253906,-499.72186279296875,-375.0039367675781,-375.4316101074219,-374.82452392578125,,,,,,,,,,,,,,,,,,,,,,,,,,,,,,,,,,,,,,,,,,,,,,,,,,,,,,,,,,,,,,,,,,,
1.7758752981628424e+18,,,,,,,,,-375.37115478515625,-1250.3004150390625,-375.3968200683594,-75.0365219116211,-75.03003692626953,-75.05996704101562,-500.4013366699219,-375.14874267578125,,,,,,,,,,,,,,,,,,,,,,,,,,,,,,,,,,,,,,,,,,,,,,,,,,,,,,,,,,,
1.7758752981636096e+18,,,,,,,,,,,,,,,,,,,,,,,,,,,,,-215.708740234375,-21.571531295776367,-21.571531295776367,-21.570873260498047,-21.571531295776367,-21.571531295776367,-180.36141967773438,,,,,,,,,,,,,,,,,,,,,,,,,,,,,,,,,,,,,,,,
1.7758752981636605e+18,,,,,,,,,,,,,,,,,-322.9406433105469,-304.3119201660156,-294.882568359375,-319.0309143066406,-276.71380615234375,-313.28131103515625,-294.192626953125,-305.92181396484375,108.25556945800781,43.30222702026367,43.30222702026367,-300.45758056640625,,,,,,,,,,,,,,,,,,,,,,,,,,,,,,,,,,,,,,,,,,,,,,,
1.7758752981638036e+18,-374.6960754394531,-1249.8046875,-375.12481689453125,-75.07530212402344,-500.0089416503906,-374.66546630859375,-372.845947265625,-375.47027587890625,,,,,,,,,,,,,,,,,,,,,,,,,,,,,,,,,,,,,,,,,,,,,,,,,,,,,,,,,,,,,,,,,,,
1.7758752981638423e+18,,,,,,,,,-374.94097900390625,-1250.50537109375,-375.3353271484375,-75.00577545166016,-74.96853637695312,-74.97382354736328,-500.4013366699219,-375.05645751953125,,,,,,,,,,,,,,,,,,,,,,,,,,,,,,,,,,,,,,,,,,,,,,,,,,,,,,,,,,,
1.7758752981646095e+18,,,,,,,,,,,,,,,,,,,,,,,,,,,,,-215.71531677246094,-21.571531295776367,-21.571531295776367,-21.571531295776367,-21.571531295776367,-21.571531295776367,-180.37783813476562,,,,,,,,,,,,,,,,,,,,,,,,,,,,,,,,,,,,,,,,
1.7758752981646605e+18,,,,,,,,,,,,,,,,,-309.6015625,-318.1109924316406,-287.7530517578125,-317.1910400390625,-299.7122497558594,-303.3919982910156,-318.8009338378906,-302.7020263671875,108.25556945800781,43.30222702026367,43.30222702026367,-301.0119934082031,,,,,,,,,,,,,,,,,,,,,,,,,,,,,,,,,,,,,,,,,,,,,,,
1.7758752981648036e+18,-374.8807067871094,-1250.0098876953125,-375.37103271484375,-74.9522705078125,-499.8858947753906,-375.2193298339844,-379.279296875,-374.6092529296875,,,,,,,,,,,,,,,,,,,,,,,,,,,,,,,,,,,,,,,,,,,,,,,,,,,,,,,,,,,,,,,,,,,
1.7758752981648422e+18,,,,,,,,,-375.1867980957031,-1250.812744140625,-374.8433837890625,-74.99962615966797,-75.06078338623047,-75.0107421875,-499.6630554199219,-375.0257263183594,,,,,,,,,,,,,,,,,,,,,,,,,,,,,,,,,,,,,,,,,,,,,,,,,,,,,,,,,,,
1.7758752981648484e+18,,,,,,,,,,,,,,,,,,,,,,,,,,,,,,,,,,,,2297.8095703125,22.248023986816406,2297.8095703125,2297.8095703125,2297.8095703125,2297.8095703125,2297.8095703125,24.852075576782227,2297.8095703125,2297.8095703125,2297.8095703125,2297.8095703125,2297.8095703125,2297.8095703125,,,,,,,,,,,,,,,,,,,,,,,,,,
1.7758752981656095e+18,,,,,,,,,,,,,,,,,,,,,,,,,,,,,-215.708740234375,-21.571531295776367,-21.571531295776367,-21.572189331054688,-21.571531295776367,-21.571531295776367,-180.41067504882812,,,,,,,,,,,,,,,,,,,,,,,,,,,,,,,,,,,,,,,,
1.7758752981656604e+18,,,,,,,,,,,,,,,,,-316.9610595703125,-284.07330322265625,-307.9916687011719,-302.0120849609375,-292.5827331542969,-309.83154296875,-281.5434875488281,-324.320556640625,108.25556945800781,43.30222702026367,43.30222702026367,-298.71728515625,,,,,,,,,,,,,,,,,,,,,,,,,,,,,,,,,,,,,,,,,,,,,,,
1.7758752981658038e+18,-375.3422546386719,-1251.548583984375,-375.0940246582031,-74.98302459716797,-499.80389404296875,-374.69622802734375,-367.3052673339844,-374.76300048828125,,,,,,,,,,,,,,,,,,,,,,,,,,,,,,,,,,,,,,,,,,,,,,,,,,,,,,,,,,,,,,,,,,,
1.7758752981658424e+18,,,,,,,,,-375.1253662109375,-1251.017822265625,-375.3045959472656,-74.99347686767578,-74.95008850097656,-74.94306182861328,-499.7040710449219,-374.8411865234375,,,,,,,,,,,,,,,,,,,,,,,,,,,,,,,,,,,,,,,,,,,,,,,,,,,,,,,,,,,
1.7758752981666097e+18,,,,,,,,,,,,,,,,,,,,,,,,,,,,,-215.71531677246094,-21.570873260498047,-21.570873260498047,-21.571531295776367,-21.570873260498047,-21.571531295776367,-180.45994567871094,,,,,,,,,,,,,,,,,,,,,,,,,,,,,,,,,,,,,,,,
1.7758752981666604e+18,,,,,,,,,,,,,,,,,-283.84332275390625,-315.3511657714844,-282.69342041015625,-308.4516296386719,-291.43280029296875,-293.962646484375,-284.30328369140625,-297.41241455078125,108.25556945800781,43.30222702026367,43.30222702026367,-300.3805847167969,,,,,,,,,,,,,,,,,,,,,,,,,,,,,,,,,,,,,,,,,,,,,,,
1.7758752981668037e+18,-375.0653076171875,-1250.6253662109375,-374.6323547363281,-75.01378631591797,-500.2140197753906,-374.8500671386719,-371.98406982421875,-375.4395446777344,,,,,,,,,,,,,,,,,,,,,,,,,,,,,,,,,,,,,,,,,,,,,,,,,,,,,,,,,,,,,,,,,,,
1.7758752981668424e+18,,,,,,,,,-375.1253662109375,-1249.3780517578125,-374.93560791015625,-74.99347686767578,-74.93778991699219,-75.01689910888672,-500.0732116699219,-374.8104248046875,,,,,,,,,,,,,,,,,,,,,,,,,,,,,,,,,,,,,,,,,,,,,,,,,,,,,,,,,,,
1.7758752981676096e+18,,,,,,,,,,,,,,,,,,,,,,,,,,,,,-215.71531677246094,-21.570873260498047,-21.571531295776367,-21.570873260498047,-21.572189331054688,-21.570873260498047,-180.525634765625,,,,,,,,,,,,,,,,,,,,,,,,,,,,,,,,,,,,,,,,
1.7758752981676605e+18,,,,,,,,,,,,,,,,,-308.681640625,-310.7514953613281,-294.192626953125,-321.10076904296875,-285.6831970214844,-294.192626953125,-287.9830322265625,-276.48382568359375,108.25556945800781,43.30222702026367,43.30222702026367,-299.5027160644531,,,,,,,,,,,,,,,,,,,,,,,,,,,,,,,,,,,,,,,,,,,,,,,
1.7758752981678036e+18,-374.9422302246094,-1248.6763916015625,-375.2479248046875,-75.02608489990234,-499.80389404296875,-375.3731689453125,-381.9573059082031,-374.8552551269531,,,,,,,,,,,,,,,,,,,,,,,,,,,,,,,,,,,,,,,,,,,,,,,,,,,,,,,,,,,,,,,,,,,
1.7758752981678346e+18,,,,,,,,,,,,,,,,,,,,,,,,,,,,,,,,,,,,,,,,,,,,,,,,,,0.0,0.0,0.0,,,,,,,,,,,,,,,,,,,,,,,
1.7758752981678423e+18,,,,,,,,,-374.7566223144531,-1250.1978759765625,-374.7818908691406,-74.95658874511719,-75.06078338623047,-74.97998046875,-499.9091491699219,-375.333251953125,,,,,,,,,,,,,,,,,,,,,,,,,,,,,,,,,,,,,,,,,,,,,,,,,,,,,,,,,,,
1.7758752981686095e+18,,,,,,,,,,,,,,,,,,,,,,,,,,,,,-215.71531677246094,-21.571531295776367,-21.571531295776367,-21.571531295776367,-21.572189331054688,-21.571531295776367,-180.54205322265625,,,,,,,,,,,,,,,,,,,,,,,,,,,,,,,,,,,,,,,,
1.7758752981686605e+18,,,,,,,,,,,,,,,,,-291.66278076171875,-287.0631103515625,-288.2130432128906,-287.7530517578125,-271.4241943359375,-291.20281982421875,-261.30487060546875,-302.0120849609375,108.25556945800781,43.30222702026367,43.30222702026367,-299.7645568847656,,,,,,,,,,,,,,,,,,,,,,,,,,,,,,,,,,,,,,,,,,,,,,,
1.7758752981688038e+18,-374.84991455078125,-1249.1893310546875,-374.8785705566406,-74.92766571044922,-499.76287841796875,-374.9423828125,-366.0124206542969,-375.2242736816406,,,,,,,,,,,,,,,,,,,,,,,,,,,,,,,,,,,,,,,,,,,,,,,,,,,,,,,,,,,,,,,,,,,
1.7758752981688422e+18,,,,,,,,,-374.9717102050781,-1249.5830078125,-374.8433837890625,-74.96888732910156,-74.92549133300781,-74.95536804199219,-499.8271179199219,-374.6566467285156,,,,,,,,,,,,,,,,,,,,,,,,,,,,,,,,,,,,,,,,,,,,,,,,,,,,,,,,,,,
1.7758752981690696e+18,,,,,,,,,,,,,,,,,,,,,,,,,,,,,,,,,,,,,,,,,,,,,,,,,,,,,0.0,0.0,0.0,0.0,0.0,0.0,0.0,0.0,0.0,0.0,0.0,0.0,0.0,0.0,0.0,0.0,0.0,0.0,0.0,0.0,0.0,0.0,0.0
1.7758752981696095e+18,,,,,,,,,,,,,,,,,,,,,,,,,,,,,-215.71531677246094,-21.570873260498047,-21.570873260498047,-21.571531295776367,-21.570873260498047,-21.571531295776367,-180.525634765625,,,,,,,,,,,,,,,,,,,,,,,,,,,,,,,,,,,,,,,,
1.7758752981696604e+18,,,,,,,,,,,,,,,,,-310.9814758300781,-286.6031494140625,-307.5317077636719,-285.9131774902344,-299.2522888183594,-278.5536804199219,-291.8927917480469,-286.6031494140625,108.25556945800781,43.30222702026367,43.30222702026367,-299.41033935546875,,,,,,,,,,,,,,,,,,,,,,,,,,,,,,,,,,,,,,,,,,,,,,,
1.7758752981698038e+18,-374.9114685058594,-1250.93310546875,-375.37103271484375,-75.00148010253906,-499.8448791503906,-374.63470458984375,-377.09381103515625,-375.2550354003906,,,,,,,,,,,,,,,,,,,,,,,,,,,,,,,,,,,,,,,,,,,,,,,,,,,,,,,,,,,,,,,,,,,
1.7758752981698424e+18,,,,,,,,,-375.06390380859375,-1250.3004150390625,-374.93560791015625,-74.94429016113281,-74.96853637695312,-75.0107421875,-500.44232177734375,-375.2409973144531,,,,,,,,,,,,,,,,,,,,,,,,,,,,,,,,,,,,,,,,,,,,,,,,,,,,,,,,,,,
1.7758752981706094e+18,,,,,,,,,,,,,,,,,,,,,,,,,,,,,-215.71531677246094,-21.571531295776367,-21.570873260498047,-21.571531295776367,-21.571531295776367,-21.571531295776367,-180.525634765625,,,,,,,,,,,,,,,,,,,,,,,,,,,,,,,,,,,,,,,,
1.7758752981706604e+18,,,,,,,,,,,,,,,,,-292.1227722167969,-281.7734680175781,-284.5332946777344,-288.2130432128906,-276.25384521484375,-286.6031494140625,-273.9540100097656,-284.30328369140625,108.25556945800781,43.30222702026367,43.30222702026367,-298.7326965332031,,,,,,,,,,,,,,,,,,,,,,,,,,,,,,,,,,,,,,,,,,,,,,,
1.7758752981708037e+18,-375.0960998535156,-1249.3944091796875,-375.0940246582031,-75.01378631591797,-499.51678466796875,-375.2808532714844,-380.6336975097656,-374.8860168457031,,,,,,,,,,,,,,,,,,,,,,,,,,,,,,,,,,,,,,,,,,,,,,,,,,,,,,,,,,,,,,,,,,,
1.7758752981708424e+18,,,,,,,,,-374.8795471191406,-1250.812744140625,-374.93560791015625,-74.96888732910156,-74.9992904663086,-74.9922866821289,-499.4169921875,-375.11798095703125,,,,,,,,,,,,,,,,,,,,,,,,,,,,,,,,,,,,,,,,,,,,,,,,,,,,,,,,,,,
1.7758752981716093e+18,,,,,,,,,,,,,,,,,,,,,,,,,,,,,-215.708740234375,-21.570873260498047,-21.571531295776367,-21.571531295776367,-21.571531295776367,-21.571531295776367,-180.525634765625,,,,,,,,,,,,,,,,,,,,,,,,,,,,,,,,,,,,,,,,
1.7758752981716605e+18,,,,,,,,,,,,,,,,,-301.0921630859375,-287.2930908203125,-275.56390380859375,-292.5827331542969,-253.94537353515625,-284.5332946777344,-256.9351806640625,-281.7734680175781,108.25556945800781,43.30222702026367,43.30222702026367,-298.532470703125,,,,,,,,,,,,,,,,,,,,,,,,,,,,,,,,,,,,,,,,,,,,,,,
1.775875298171804e+18,-375.1576232910156,-1249.1893310546875,-375.032470703125,-75.01378631591797,-499.55780029296875,-375.3424072265625,-377.1861572265625,-374.8552551269531,,,,,,,,,,,,,,,,,,,,,,,,,,,,,,,,,,,,,,,,,,,,,,,,,,,,,,,,,,,,,,,,,,,
1.7758752981718423e+18,,,,,,,,,-374.8180847167969,-1250.812744140625,-374.8741149902344,-74.96888732910156,-75.03003692626953,-74.9676742553711,-499.7450866699219,-375.364013671875,,,,,,,,,,,,,,,,,,,,,,,,,,,,,,,,,,,,,,,,,,,,,,,,,,,,,,,,,,,
1.7758752981726093e+18,,,,,,,,,,,,,,,,,,,,,,,,,,,,,-215.71531677246094,-21.571531295776367,-21.571531295776367,-21.571531295776367,-21.571531295776367,-21.572189331054688,-180.5092010498047,,,,,,,,,,,,,,,,,,,,,,,,,,,,,,,,,,,,,,,,
1.7758752981726605e+18,,,,,,,,,,,,,,,,,-301.7821044921875,-285.4532165527344,-291.20281982421875,-300.8621520996094,-282.46343994140625,-303.6219787597656,-269.5843200683594,-305.00189208984375,108.25556945800781,43.30222702026367,43.30222702026367,-297.57763671875,,,,,,,,,,,,,,,,,,,,,,,,,,,,,,,,,,,,,,,,,,,,,,,
1.7758752981728038e+18,-375.31146240234375,-1249.3944091796875,-374.8785705566406,-75.03839111328125,-499.8448791503906,-374.66546630859375,-383.52716064453125,-374.8860168457031,,,,,,,,,,,,,,,,,,,,,,,,,,,,,,,,,,,,,,,,,,,,,,,,,,,,,,,,,,,,,,,,,,,
1.7758752981728425e+18,,,,,,,,,-374.8180847167969,-1249.8905029296875,-375.3353271484375,-74.950439453125,-74.98699188232422,-75.01689910888672,-499.8271179199219,-374.9949645996094,,,,,,,,,,,,,,,,,,,,,,,,,,,,,,,,,,,,,,,,,,,,,,,,,,,,,,,,,,,
1.7758752981736095e+18,,,,,,,,,,,,,,,,,,,,,,,,,,,,,-215.71531677246094,-21.571531295776367,-21.570873260498047,-21.571531295776367,-21.572189331054688,-21.571531295776367,-180.4435272216797,,,,,,,,,,,,,,,,,,,,,,,,,,,,,,,,,,,,,,,,
1.7758752981736604e+18,,,,,,,,,,,,,,,,,-267.97442626953125,-301.3221435546875,-265.674560546875,-302.2420654296875,-265.214599609375,-292.1227722167969,-262.2248229980469,-293.2726745605469,108.25556945800781,43.30222702026367,43.30222702026367,-298.6402893066406,,,,,,,,,,,,,,,,,,,,,,,,,,,,,,,,,,,,,,,,,,,,,,,
1.7758752981738038e+18,-375.0037841796875,-1249.8046875,-375.4325866699219,-75.01378631591797,-499.76287841796875,-375.0346984863281,-383.52716064453125,-374.6092529296875,,,,,,,,,,,,,,,,,,,,,,,,,,,,,,,,,,,,,,,,,,,,,,,,,,,,,,,,,,,,,,,,,,,
1.7758752981738424e+18,,,,,,,,,-374.7259216308594,-1250.915283203125,-374.96636962890625,-74.97503662109375,-75.0423355102539,-74.9984359741211,-499.7450866699219,-375.05645751953125,,,,,,,,,,,,,,,,,,,,,,,,,,,,,,,,,,,,,,,,,,,,,,,,,,,,,,,,,,,
1.7758752981746094e+18,,,,,,,,,,,,,,,,,,,,,,,,,,,,,-215.7218780517578,-21.571531295776367,-21.571531295776367,-21.570873260498047,-21.571531295776367,-21.571531295776367,-180.39425659179688,,,,,,,,,,,,,,,,,,,,,,,,,,,,,,,,,,,,,,,,
1.7758752981746604e+18,,,,,,,,,,,,,,,,,-285.4532165527344,-294.652587890625,-273.2640686035156,-304.77191162109375,-269.5843200683594,-299.7122497558594,-265.214599609375,-304.5419006347656,108.25556945800781,43.30222702026367,43.30222702026367,-300.041748046875,,,,,,,,,,,,,,,,,,,,,,,,,,,,,,,,,,,,,,,,,,,,,,,
1.775875298174804e+18,-374.9422302246094,-1251.03564453125,-375.15557861328125,-74.9645767211914,-499.59881591796875,-374.66546630859375,-373.8617248535156,-375.4395446777344,,,,,,,,,,,,,,,,,,,,,,,,,,,,,,,,,,,,,,,,,,,,,,,,,,,,,,,,,,,,,,,,,,,
1.7758752981748424e+18,,,,,,,,,-375.06390380859375,-1251.1202392578125,-375.24310302734375,-74.9873275756836,-74.95623779296875,-74.95536804199219,-500.0321960449219,-375.11798095703125,,,,,,,,,,,,,,,,,,,,,,,,,,,,,,,,,,,,,,,,,,,,,,,,,,,,,,,,,,,
1.7758752981749082e+18,,,,,,,,,,,,,,,,,,,,,,,,,,,,,,,,,,,,,,,,,,,,,,,,,,0.0,0.0,0.0,,,,,,,,,,,,,,,,,,,,,,,
1.7758752981756093e+18,,,,,,,,,,,,,,,,,,,,,,,,,,,,,-215.7218780517578,-21.571531295776367,-21.571531295776367,-21.571531295776367,-21.571531295776367,-21.572189331054688,-180.39425659179688,,,,,,,,,,,,,,,,,,,,,,,,,,,,,,,,,,,,,,,,
1.7758752981756605e+18,,,,,,,,,,,,,,,,,-271.6541748046875,-299.2522888183594,-316.2711181640625,-289.5929260253906,-290.05291748046875,-305.23187255859375,-266.5945129394531,-292.8127136230469,108.25556945800781,43.30222702026367,43.30222702026367,-301.7204284667969,,,,,,,,,,,,,,,,,,,,,,,,,,,,,,,,,,,,,,,,,,,,,,,
1.775875298175804e+18,-374.9114685058594,-1249.7021484375,-374.9401550292969,-74.9399642944336,-499.76287841796875,-374.8193054199219,-361.3028564453125,-374.79376220703125,,,,,,,,,,,,,,,,,,,,,,,,,,,,,,,,,,,,,,,,,,,,,,,,,,,,,,,,,,,,,,,,,,,
1.7758752981758426e+18,,,,,,,,,-374.63372802734375,-1249.3780517578125,-374.9048767089844,-74.96888732910156,-74.9992904663086,-74.97998046875,-499.8271179199219,-375.08721923828125,,,,,,,,,,,,,,,,,,,,,,,,,,,,,,,,,,,,,,,,,,,,,,,,,,,,,,,,,,,
1.7758752981762138e+18,,,,,,,,,,,,,,,,,,,,,,,,,,,,,,,,,,,,,,,,,,,,,,,,,,,,,0.0,0.0,0.0,0.0,0.0,0.0,0.0,0.0,0.0,0.0,0.0,0.0,0.0,0.0,0.0,0.0,0.0,0.0,0.0,0.0,0.0,0.0,0.0
1.7758752981766093e+18,,,,,,,,,,,,,,,,,,,,,,,,,,,,,-215.71531677246094,-21.571531295776367,-21.571531295776367,-21.571531295776367,-21.571531295776367,-21.572189331054688,-180.31214904785156,,,,,,,,,,,,,,,,,,,,,,,,,,,,,,,,,,,,,,,,
1.7758752981766605e+18,,,,,,,,,,,,,,,,,-294.652587890625,-300.1722106933594,-313.51129150390625,-307.3017272949219,-277.6337585449219,-291.66278076171875,-309.83154296875,-312.1313781738281,108.25556945800781,43.30222702026367,43.30222702026367,-302.2286682128906,,,,,,,,,,,,,,,,,,,,,,,,,,,,,,,,,,,,,,,,,,,,,,,
1.7758752981768038e+18,-374.6960754394531,-1249.1893310546875,-374.6323547363281,-74.94612121582031,-499.76287841796875,-374.5423889160156,-365.39678955078125,-374.79376220703125,,,,,,,,,,,,,,,,,,,,,,,,,,,,,,,,,,,,,,,,,,,,,,,,,,,,,,,,,,,,,,,,,,,
1.7758752981768425e+18,,,,,,,,,-375.2482604980469,-1250.812744140625,-375.05859375,-75.02422332763672,-75.03003692626953,-74.9984359741211,-500.0732116699219,-375.2102355957031,,,,,,,,,,,,,,,,,,,,,,,,,,,,,,,,,,,,,,,,,,,,,,,,,,,,,,,,,,,
1.775875298177349e+18,,,,,,,,,,,,,,,,,,,,,,,,,,,,,,,,,,,,2297.623046875,21.872310638427734,2297.623046875,2297.623046875,2297.623046875,2297.623046875,2297.623046875,24.712825775146484,2297.623046875,2297.623046875,2297.623046875,2297.623046875,2297.623046875,2297.623046875,,,,,,,,,,,,,,,,,,,,,,,,,,
1.7758752981776092e+18,,,,,,,,,,,,,,,,,,,,,,,,,,,,,-215.708740234375,-21.571531295776367,-21.571531295776367,-21.571531295776367,-21.571531295776367,-21.571531295776367,-180.2957305908203,,,,,,,,,,,,,,,,,,,,,,,,,,,,,,,,,,,,,,,,
1.7758752981776604e+18,,,,,,,,,,,,,,,,,-290.74285888671875,-316.7310791015625,-318.5709533691406,-299.7122497558594,-287.9830322265625,-314.6612243652344,-301.5521240234375,-287.7530517578125,108.25556945800781,43.30222702026367,43.30222702026367,-301.0119934082031,,,,,,,,,,,,,,,,,,,,,,,,,,,,,,,,,,,,,,,,,,,,,,,
1.775875298177804e+18,-374.6960754394531,-1248.881591796875,-374.8170166015625,-75.01378631591797,-500.3370361328125,-375.55780029296875,-381.8957214355469,-375.0705261230469,,,,,,,,,,,,,,,,,,,,,,,,,,,,,,,,,,,,,,,,,,,,,,,,,,,,,,,,,,,,,,,,,,,
1.7758752981778424e+18,,,,,,,,,-374.94097900390625,-1249.3780517578125,-374.6281433105469,-74.99962615966797,-75.01773834228516,-75.05381774902344,-500.4013366699219,-374.9949645996094,,,,,,,,,,,,,,,,,,,,,,,,,,,,,,,,,,,,,,,,,,,,,,,,,,,,,,,,,,,
1.7758752981786092e+18,,,,,,,,,,,,,,,,,,,,,,,,,,,,,-215.71531677246094,-21.571531295776367,-21.571531295776367,-21.571531295776367,-21.571531295776367,-21.572189331054688,-180.2957305908203,,,,,,,,,,,,,,,,,,,,,,,,,,,,,,,,,,,,,,,,
1.7758752981786604e+18,,,,,,,,,,,,,,,,,-284.5332946777344,-313.97125244140625,-302.7020263671875,-289.1329650878906,-318.3409729003906,-296.7224426269531,-302.4720458984375,-332.5999755859375,108.25556945800781,43.30222702026367,43.30222702026367,-299.841552734375,,,,,,,,,,,,,,,,,,,,,,,,,,,,,,,,,,,,,,,,,,,,,,,
1.775875298178804e+18,-374.8807067871094,-1249.8046875,-375.2479248046875,-75.03839111328125,-500.1730041503906,-374.66546630859375,-366.1971130371094,-375.1012878417969,,,,,,,,,,,,,,,,,,,,,,,,,,,,,,,,,,,,,,,,,,,,,,,,,,,,,,,,,,,,,,,,,,,
1.7758752981788426e+18,,,,,,,,,-374.7566223144531,-1250.1978759765625,-375.3660888671875,-75.0365219116211,-74.9992904663086,-74.9676742553711,-499.4580078125,-374.9949645996094,,,,,,,,,,,,,,,,,,,,,,,,,,,,,,,,,,,,,,,,,,,,,,,,,,,,,,,,,,,
1.775875298179609e+18,,,,,,,,,,,,,,,,,,,,,,,,,,,,,-215.708740234375,-21.571531295776367,-21.570873260498047,-21.571531295776367,-21.571531295776367,-21.571531295776367,-180.2957305908203,,,,,,,,,,,,,,,,,,,,,,,,,,,,,,,,,,,,,,,,
1.7758752981796603e+18,,,,,,,,,,,,,,,,,-319.4908752441406,-290.28289794921875,-316.5010986328125,-295.8025207519531,-311.4414367675781,-310.0615234375,-302.0120849609375,-327.54034423828125,108.25556945800781,43.30222702026367,43.30222702026367,-300.6885986328125,,,,,,,,,,,,,,,,,,,,,,,,,,,,,,,,,,,,,,,,,,,,,,,
1.775875298179804e+18,-375.28070068359375,-1249.599609375,-374.9401550292969,-75.04454040527344,-499.9269104003906,-375.09625244140625,-383.52716064453125,-374.76300048828125,,,,,,,,,,,,,,,,,,,,,,,,,,,,,,,,,,,,,,,,,,,,,,,,,,,,,,,,,,,,,,,,,,,
1.7758752981798426e+18,,,,,,,,,-374.787353515625,-1249.8905029296875,-375.1816101074219,-74.94429016113281,-75.03003692626953,-74.98612976074219,-499.8271179199219,-375.394775390625,,,,,,,,,,,,,,,,,,,,,,,,,,,,,,,,,,,,,,,,,,,,,,,,,,,,,,,,,,,
1.775875298180609e+18,,,,,,,,,,,,,,,,,,,,,,,,,,,,,-215.71531677246094,-21.571531295776367,-21.571531295776367,-21.571531295776367,-21.571531295776367,-21.571531295776367,-180.32858276367188,,,,,,,,,,,,,,,,,,,,,,,,,,,,,,,,,,,,,,,,
1.7758752981806605e+18,,,,,,,,,,,,,,,,,-316.7310791015625,-310.5215148925781,-328.23028564453125,-305.92181396484375,-305.23187255859375,-309.83154296875,-282.92340087890625,-318.3409729003906,108.25556945800781,43.30222702026367,43.30222702026367,-300.73480224609375,,,,,,,,,,,,,,,,,,,,,,,,,,,,,,,,,,,,,,,,,,,,,,,
1.775875298180804e+18,-375.1268615722656,-1250.420166015625,-374.8170166015625,-75.07530212402344,-499.9269104003906,-374.7885437011719,-380.32586669921875,-374.8860168457031,,,,,,,,,,,,,,,,,,,,,,,,,,,,,,,,,,,,,,,,,,,,,,,,,,,,,,,,,,,,,,,,,,,
1.7758752981808425e+18,,,,,,,,,-374.84881591796875,-1249.5830078125,-375.3353271484375,-74.97503662109375,-74.9931411743164,-74.97998046875,-499.5810546875,-375.3025207519531,,,,,,,,,,,,,,,,,,,,,,,,,,,,,,,,,,,,,,,,,,,,,,,,,,,,,,,,,,,
1.7758752981816092e+18,,,,,,,,,,,,,,,,,,,,,,,,,,,,,-215.71531677246094,-21.571531295776367,-21.571531295776367,-21.570873260498047,-21.571531295776367,-21.572189331054688,-180.39425659179688,,,,,,,,,,,,,,,,,,,,,,,,,,,,,,,,,,,,,,,,
1.7758752981816604e+18,,,,,,,,,,,,,,,,,-291.66278076171875,-317.8810119628906,-285.4532165527344,-318.5709533691406,-279.70361328125,-309.37158203125,-279.013671875,-312.59136962890625,108.25556945800781,43.30222702026367,43.30222702026367,-299.5027160644531,,,,,,,,,,,,,,,,,,,,,,,,,,,,,,,,,,,,,,,,,,,,,,,
1.775875298181804e+18,-374.9422302246094,-1250.317626953125,-375.494140625,-75.06299591064453,-500.0499572753906,-374.6039123535156,-362.56488037109375,-374.79376220703125,,,,,,,,,,,,,,,,,,,,,,,,,,,,,,,,,,,,,,,,,,,,,,,,,,,,,,,,,,,,,,,,,,,
1.7758752981818427e+18,,,,,,,,,-374.9102783203125,-1250.7103271484375,-375.1200866699219,-75.04267120361328,-75.02388763427734,-74.9676742553711,-499.5810546875,-374.53363037109375,,,,,,,,,,,,,,,,,,,,,,,,,,,,,,,,,,,,,,,,,,,,,,,,,,,,,,,,,,,
1.7758752981818895e+18,,,,,,,,,,,,,,,,,,,,,,,,,,,,,,,,,,,,,,,,,,,,,,,,,,0.0,0.0,0.0,,,,,,,,,,,,,,,,,,,,,,,
1.7758752981826092e+18,,,,,,,,,,,,,,,,,,,,,,,,,,,,,-215.71531677246094,-21.571531295776367,-21.570873260498047,-21.572189331054688,-21.571531295776367,-21.571531295776367,-180.39425659179688,,,,,,,,,,,,,,,,,,,,,,,,,,,,,,,,,,,,,,,,
1.7758752981826604e+18,,,,,,,,,,,,,,,,,-313.97125244140625,-294.652587890625,-284.07330322265625,-321.10076904296875,-285.6831970214844,-296.4924621582031,-320.18084716796875,-294.652587890625,108.25556945800781,43.30222702026367,43.30222702026367,-300.411376953125,,,,,,,,,,,,,,,,,,,,,,,,,,,,,,,,,,,,,,,,,,,,,,,
1.775875298182804e+18,-374.9729919433594,-1249.086669921875,-374.57080078125,-74.98302459716797,-500.2550354003906,-375.4962463378906,-383.52716064453125,-375.2550354003906,,,,,,,,,,,,,,,,,,,,,,,,,,,,,,,,,,,,,,,,,,,,,,,,,,,,,,,,,,,,,,,,,,,
1.7758752981828426e+18,,,,,,,,,-375.00244140625,-1249.4805908203125,-374.8126220703125,-74.95658874511719,-74.98699188232422,-75.0107421875,-500.4013366699219,-375.425537109375,,,,,,,,,,,,,,,,,,,,,,,,,,,,,,,,,,,,,,,,,,,,,,,,,,,,,,,,,,,
1.775875298183609e+18,,,,,,,,,,,,,,,,,,,,,,,,,,,,,-215.71531677246094,-21.571531295776367,-21.571531295776367,-21.571531295776367,-21.571531295776367,-21.572189331054688,-180.4763641357422,,,,,,,,,,,,,,,,,,,,,,,,,,,,,,,,,,,,,,,,
1.7758752981836137e+18,,,,,,,,,,,,,,,,,,,,,,,,,,,,,,,,,,,,,,,,,,,,,,,,,,,,,0.0,0.0,0.0,0.0,0.0,0.0,0.0,0.0,0.0,0.0,0.0,0.0,0.0,0.0,0.0,0.0,0.0,0.0,0.0,0.0,0.0,0.0,0.0
1.7758752981836603e+18,,,,,,,,,,,,,,,,,-302.0120849609375,-301.3221435546875,-286.3731689453125,-307.5317077636719,-276.02386474609375,-300.8621520996094,-267.5144348144531,-298.10235595703125,108.25556945800781,43.30222702026367,43.30222702026367,-298.6864929199219,,,,,,,,,,,,,,,,,,,,,,,,,,,,,,,,,,,,,,,,,,,,,,,
1.7758752981838042e+18,-374.8807067871094,-1250.215087890625,-375.032470703125,-74.9338150024414,-500.2550354003906,-375.2808532714844,-370.2602844238281,-374.7322692871094,,,,,,,,,,,,,,,,,,,,,,,,,,,,,,,,,,,,,,,,,,,,,,,,,,,,,,,,,,,,,,,,,,,
1.7758752981838426e+18,,,,,,,,,-375.3404541015625,-1250.1978759765625,-374.7818908691406,-75.01192474365234,-75.03618621826172,-74.95536804199219,-499.8271179199219,-375.05645751953125,,,,,,,,,,,,,,,,,,,,,,,,,,,,,,,,,,,,,,,,,,,,,,,,,,,,,,,,,,,
1.775875298184609e+18,,,,,,,,,,,,,,,,,,,,,,,,,,,,,-215.71531677246094,-21.571531295776367,-21.571531295776367,-21.571531295776367,-21.571531295776367,-21.572189331054688,-180.4763641357422,,,,,,,,,,,,,,,,,,,,,,,,,,,,,,,,,,,,,,,,
1.7758752981846605e+18,,,,,,,,,,,,,,,,,-304.0819396972656,-301.7821044921875,-268.43438720703125,-300.4021911621094,-292.8127136230469,-264.294677734375,-289.5929260253906,-311.6714172363281,108.25556945800781,43.30222702026367,43.30222702026367,-298.5016784667969,,,,,,,,,,,,,,,,,,,,,,,,,,,,,,,,,,,,,,,,,,,,,,,
1.775875298184804e+18,-375.28070068359375,-1250.7279052734375,-375.1863708496094,-75.05068969726562,-500.0499572753906,-374.69622802734375,-373.0921936035156,-374.82452392578125,,,,,,,,,,,,,,,,,,,,,,,,,,,,,,,,,,,,,,,,,,,,,,,,,,,,,,,,,,,,,,,,,,,
1.7758752981848428e+18,,,,,,,,,-375.3097229003906,-1250.812744140625,-375.1200866699219,-75.04882049560547,-75.06078338623047,-74.9984359741211,-500.0321960449219,-375.08721923828125,,,,,,,,,,,,,,,,,,,,,,,,,,,,,,,,,,,,,,,,,,,,,,,,,,,,,,,,,,,
1.775875298185609e+18,,,,,,,,,,,,,,,,,,,,,,,,,,,,,-215.71531677246094,-21.570873260498047,-21.571531295776367,-21.570873260498047,-21.570873260498047,-21.571531295776367,-180.525634765625,,,,,,,,,,,,,,,,,,,,,,,,,,,,,,,,,,,,,,,,
1.7758752981856604e+18,,,,,,,,,,,,,,,,,-295.342529296875,-268.66436767578125,-284.9932556152344,-298.79229736328125,-263.8346862792969,-285.6831970214844,-300.8621520996094,-279.013671875,108.25556945800781,43.30222702026367,43.30222702026367,-297.762451171875,,,,,,,,,,,,,,,,,,,,,,,,,,,,,,,,,,,,,,,,,,,,,,,
1.775875298185804e+18,-375.0960998535156,-1250.5228271484375,-375.40179443359375,-75.04454040527344,-500.5421142578125,-375.3731689453125,-374.3850402832031,-374.6400146484375,,,,,,,,,,,,,,,,,,,,,,,,,,,,,,,,,,,,,,,,,,,,,,,,,,,,,,,,,,,,,,,,,,,
1.7758752981858427e+18,,,,,,,,,-374.84881591796875,-1250.3004150390625,-375.1508483886719,-75.0365219116211,-75.02388763427734,-75.04766082763672,-500.3193054199219,-374.9949645996094,,,,,,,,,,,,,,,,,,,,,,,,,,,,,,,,,,,,,,,,,,,,,,,,,,,,,,,,,,,
1.775875298186609e+18,,,,,,,,,,,,,,,,,,,,,,,,,,,,,-215.708740234375,-21.570873260498047,-21.571531295776367,-21.571531295776367,-21.571531295776367,-21.572189331054688,-180.5092010498047,,,,,,,,,,,,,,,,,,,,,,,,,,,,,,,,,,,,,,,,
1.7758752981866604e+18,,,,,,,,,,,,,,,,,-296.2624816894531,-273.9540100097656,-290.97283935546875,-274.8739318847656,-294.882568359375,-272.8040771484375,-282.69342041015625,-279.24365234375,108.25556945800781,43.30222702026367,43.30222702026367,-300.7193908691406,,,,,,,,,,,,,,,,,,,,,,,,,,,,,,,,,,,,,,,,,,,,,,,
1.7758752981868042e+18,-375.24993896484375,-1250.1124267578125,-374.8478088378906,-75.05684661865234,-500.2140197753906,-374.69622802734375,-375.6778564453125,-374.947509765625,,,,,,,,,,,,,,,,,,,,,,,,,,,,,,,,,,,,,,,,,,,,,,,,,,,,,,,,,,,,,,,,,,,
1.7758752981868426e+18,,,,,,,,,-374.8180847167969,-1249.0706787109375,-375.2738342285156,-74.99347686767578,-74.98699188232422,-75.04766082763672,-499.7450866699219,-374.8104248046875,,,,,,,,,,,,,,,,,,,,,,,,,,,,,,,,,,,,,,,,,,,,,,,,,,,,,,,,,,,
1.7758752981876088e+18,,,,,,,,,,,,,,,,,,,,,,,,,,,,,-215.708740234375,-21.571531295776367,-21.570873260498047,-21.570873260498047,-21.571531295776367,-21.571531295776367,-180.525634765625,,,,,,,,,,,,,,,,,,,,,,,,,,,,,,,,,,,,,,,,
1.7758752981876605e+18,,,,,,,,,,,,,,,,,-265.9045715332031,-296.9524230957031,-269.8143005371094,-294.192626953125,-287.2930908203125,-284.9932556152344,-297.41241455078125,-277.4037780761719,108.25556945800781,43.30222702026367,43.30222702026367,-299.61053466796875,,,,,,,,,,,,,,,,,,,,,,,,,,,,,,,,,,,,,,,,,,,,,,,
1.7758752981878042e+18,-375.0037841796875,-1249.7021484375,-375.40179443359375,-74.99533081054688,-499.80389404296875,-375.2500915527344,-369.73699951171875,-374.6400146484375,,,,,,,,,,,,,,,,,,,,,,,,,,,,,,,,,,,,,,,,,,,,,,,,,,,,,,,,,,,,,,,,,,,
1.7758752981878428e+18,,,,,,,,,-374.6951904296875,-1251.017822265625,-374.8741149902344,-74.9873275756836,-75.05463409423828,-74.97382354736328,-499.7861022949219,-375.17950439453125,,,,,,,,,,,,,,,,,,,,,,,,,,,,,,,,,,,,,,,,,,,,,,,,,,,,,,,,,,,
1.775875298188609e+18,,,,,,,,,,,,,,,,,,,,,,,,,,,,,-215.71531677246094,-21.570873260498047,-21.571531295776367,-21.570873260498047,-21.571531295776367,-21.571531295776367,-180.54205322265625,,,,,,,,,,,,,,,,,,,,,,,,,,,,,,,,,,,,,,,,
1.7758752981886605e+18,,,,,,,,,,,,,,,,,-295.342529296875,-283.15338134765625,-265.674560546875,-294.652587890625,-262.4548034667969,-282.69342041015625,-277.1737976074219,-265.674560546875,108.25556945800781,43.30222702026367,43.30222702026367,-300.84259033203125,,,,,,,,,,,,,,,,,,,,,,,,,,,,,,,,,,,,,,,,,,,,,,,
1.775875298188804e+18,-374.6653137207031,-1250.1124267578125,-375.15557861328125,-74.97687530517578,-500.2960205078125,-375.4039306640625,-367.9824523925781,-375.0705261230469,,,,,,,,,,,,,,,,,,,,,,,,,,,,,,,,,,,,,,,,,,,,,,,,,,,,,,,,,,,,,,,,,,,
1.7758752981888428e+18,,,,,,,,,-375.06390380859375,-1249.5830078125,-374.6281433105469,-75.0303726196289,-75.01158905029297,-74.97382354736328,-500.4013366699219,-374.9642028808594,,,,,,,,,,,,,,,,,,,,,,,,,,,,,,,,,,,,,,,,,,,,,,,,,,,,,,,,,,,
1.7758752981890196e+18,,,,,,,,,,,,,,,,,,,,,,,,,,,,,,,,,,,,,,,,,,,,,,,,,,0.0,0.0,0.0,,,,,,,,,,,,,,,,,,,,,,,
1.775875298189609e+18,,,,,,,,,,,,,,,,,,,,,,,,,,,,,-215.71531677246094,-21.571531295776367,-21.571531295776367,-21.571531295776367,-21.571531295776367,-21.572189331054688,-180.45994567871094,,,,,,,,,,,,,,,,,,,,,,,,,,,,,,,,,,,,,,,,
1.7758752981896604e+18,,,,,,,,,,,,,,,,,-262.4548034667969,-293.5026550292969,-271.6541748046875,-283.15338134765625,-285.4532165527344,-267.97442626953125,-283.84332275390625,-275.33392333984375,108.25556945800781,43.30222702026367,43.30222702026367,-301.0736083984375,,,,,,,,,,,,,,,,,,,,,,,,,,,,,,,,,,,,,,,,,,,,,,,
1.7758752981898043e+18,-374.8807067871094,-1250.317626953125,-375.4325866699219,-75.00148010253906,-499.72186279296875,-375.0039367675781,-377.5863037109375,-375.50103759765625,,,,,,,,,,,,,,,,,,,,,,,,,,,,,,,,,,,,,,,,,,,,,,,,,,,,,,,,,,,,,,,,,,,
1.7758752981898427e+18,,,,,,,,,-375.0946350097656,-1250.915283203125,-375.05859375,-74.96273803710938,-74.93778991699219,-74.9984359741211,-500.1552429199219,-375.05645751953125,,,,,,,,,,,,,,,,,,,,,,,,,,,,,,,,,,,,,,,,,,,,,,,,,,,,,,,,,,,
1.77587529818985e+18,,,,,,,,,,,,,,,,,,,,,,,,,,,,,,,,,,,,2297.55908203125,22.00684356689453,2297.55908203125,2297.55908203125,2297.55908203125,2297.55908203125,2297.55908203125,24.730514526367188,2297.55908203125,2297.55908203125,2297.55908203125,2297.55908203125,2297.55908203125,2297.55908203125,,,,,,,,,,,,,,,,,,,,,,,,,,
1.775875298190609e+18,,,,,,,,,,,,,,,,,,,,,,,,,,,,,-215.708740234375,-21.571531295776367,-21.572189331054688,-21.571531295776367,-21.571531295776367,-21.571531295776367,-180.4763641357422,,,,,,,,,,,,,,,,,,,,,,,,,,,,,,,,,,,,,,,,
1.7758752981906604e+18,,,,,,,,,,,,,,,,,-275.33392333984375,-296.0325012207031,-276.71380615234375,-303.6219787597656,-277.1737976074219,-296.7224426269531,-276.25384521484375,-292.8127136230469,108.25556945800781,43.30222702026367,43.30222702026367,-299.9185485839844,,,,,,,,,,,,,,,,,,,,,,,,,,,,,,,,,,,,,,,,,,,,,,,
1.775875298190747e+18,,,,,,,,,,,,,,,,,,,,,,,,,,,,,,,,,,,,,,,,,,,,,,,,,,,,,0.0,0.0,0.0,0.0,0.0,0.0,0.0,0.0,0.0,0.0,0.0,0.0,0.0,0.0,0.0,0.0,0.0,0.0,0.0,0.0,0.0,0.0,0.0
1.7758752981908042e+18,-374.9729919433594,-1251.3433837890625,-374.8478088378906,-74.97687530517578,-500.1730041503906,-374.7577819824219,-361.9492492675781,-375.3780212402344,,,,,,,,,,,,,,,,,,,,,,,,,,,,,,,,,,,,,,,,,,,,,,,,,,,,,,,,,,,,,,,,,,,
1.7758752981908426e+18,,,,,,,,,-375.3404541015625,-1249.5830078125,-374.93560791015625,-75.04882049560547,-74.96238708496094,-74.97382354736328,-500.2372741699219,-374.8411865234375,,,,,,,,,,,,,,,,,,,,,,,,,,,,,,,,,,,,,,,,,,,,,,,,,,,,,,,,,,,
1.7758752981916088e+18,,,,,,,,,,,,,,,,,,,,,,,,,,,,,-215.71531677246094,-21.571531295776367,-21.571531295776367,-21.571531295776367,-21.570873260498047,-21.571531295776367,-180.37783813476562,,,,,,,,,,,,,,,,,,,,,,,,,,,,,,,,,,,,,,,,
1.7758752981916605e+18,,,,,,,,,,,,,,,,,-303.6219787597656,-274.4139709472656,-299.9422302246094,-279.24365234375,-298.10235595703125,-279.013671875,-285.9131774902344,-283.61334228515625,108.25556945800781,43.30222702026367,43.30222702026367,-300.611572265625,,,,,,,,,,,,,,,,,,,,,,,,,,,,,,,,,,,,,,,,,,,,,,,
1.7758752981918042e+18,-375.31146240234375,-1251.2408447265625,-375.001708984375,-74.95841979980469,-499.47576904296875,-374.7577819824219,-376.32427978515625,-375.47027587890625,,,,,,,,,,,,,,,,,,,,,,,,,,,,,,,,,,,,,,,,,,,,,,,,,,,,,,,,,,,,,,,,,,,
1.7758752981918428e+18,,,,,,,,,-375.1253662109375,-1250.812744140625,-375.0278625488281,-74.96888732910156,-74.97468566894531,-74.96151733398438,-499.9911804199219,-375.11798095703125,,,,,,,,,,,,,,,,,,,,,,,,,,,,,,,,,,,,,,,,,,,,,,,,,,,,,,,,,,,
1.7758752981926088e+18,,,,,,,,,,,,,,,,,,,,,,,,,,,,,-215.71531677246094,-21.571531295776367,-21.571531295776367,-21.571531295776367,-21.571531295776367,-21.571531295776367,-180.37783813476562,,,,,,,,,,,,,,,,,,,,,,,,,,,,,,,,,,,,,,,,
1.7758752981926605e+18,,,,,,,,,,,,,,,,,-294.882568359375,-318.5709533691406,-290.51287841796875,-328.23028564453125,-287.5230712890625,-317.6510009765625,-285.4532165527344,-291.43280029296875,108.25556945800781,43.30222702026367,43.30222702026367,-299.6413269042969,,,,,,,,,,,,,,,,,,,,,,,,,,,,,,,,,,,,,,,,,,,,,,,
1.7758752981928044e+18,-375.0037841796875,-1248.6763916015625,-375.3094787597656,-75.00148010253906,-499.9269104003906,-375.55780029296875,-378.3558654785156,-374.82452392578125,,,,,,,,,,,,,,,,,,,,,,,,,,,,,,,,,,,,,,,,,,,,,,,,,,,,,,,,,,,,,,,,,,,
1.7758752981928428e+18,,,,,,,,,-374.84881591796875,-1250.1978759765625,-374.8741149902344,-74.97503662109375,-75.0484848022461,-74.97382354736328,-499.9911804199219,-375.364013671875,,,,,,,,,,,,,,,,,,,,,,,,,,,,,,,,,,,,,,,,,,,,,,,,,,,,,,,,,,,
1.7758752981936087e+18,,,,,,,,,,,,,,,,,,,,,,,,,,,,,-215.71531677246094,-21.571531295776367,-21.570873260498047,-21.571531295776367,-21.571531295776367,-21.571531295776367,-180.37783813476562,,,,,,,,,,,,,,,,,,,,,,,,,,,,,,,,,,,,,,,,
1.7758752981936604e+18,,,,,,,,,,,,,,,,,-306.61175537109375,-305.00189208984375,-304.77191162109375,-313.05133056640625,-302.7020263671875,-310.29150390625,-301.3221435546875,-310.0615234375,108.25556945800781,43.30222702026367,43.30222702026367,-300.5037841796875,,,,,,,,,,,,,,,,,,,,,,,,,,,,,,,,,,,,,,,,,,,,,,,
1.7758752981938043e+18,-374.9422302246094,-1249.599609375,-375.37103271484375,-75.00148010253906,-499.8448791503906,-375.4039306640625,-383.52716064453125,-374.8552551269531,,,,,,,,,,,,,,,,,,,,,,,,,,,,,,,,,,,,,,,,,,,,,,,,,,,,,,,,,,,,,,,,,,,
1.7758752981938427e+18,,,,,,,,,-374.9102783203125,-1250.40283203125,-374.8126220703125,-74.950439453125,-75.03003692626953,-75.01689910888672,-499.7861022949219,-374.8719482421875,,,,,,,,,,,,,,,,,,,,,,,,,,,,,,,,,,,,,,,,,,,,,,,,,,,,,,,,,,,
1.7758752981946086e+18,,,,,,,,,,,,,,,,,,,,,,,,,,,,,-215.71531677246094,-21.571531295776367,-21.570873260498047,-21.571531295776367,-21.571531295776367,-21.571531295776367,-180.36141967773438,,,,,,,,,,,,,,,,,,,,,,,,,,,,,,,,,,,,,,,,
1.7758752981946604e+18,,,,,,,,,,,,,,,,,-287.5230712890625,-314.6612243652344,-307.9916687011719,-316.5010986328125,-308.681640625,-308.4516296386719,-313.05133056640625,-305.46185302734375,108.25556945800781,43.30222702026367,43.30222702026367,-300.6731872558594,,,,,,,,,,,,,,,,,,,,,,,,,,,,,,,,,,,,,,,,,,,,,,,
1.7758752981948042e+18,-375.0345458984375,-1250.83056640625,-374.6323547363281,-74.99533081054688,-500.2550354003906,-374.880859375,-367.6130676269531,-375.50103759765625,,,,,,,,,,,,,,,,,,,,,,,,,,,,,,,,,,,,,,,,,,,,,,,,,,,,,,,,,,,,,,,,,,,
1.775875298194843e+18,,,,,,,,,-375.1867980957031,-1249.275634765625,-374.9971008300781,-75.01192474365234,-74.93778991699219,-74.9922866821289,-500.1962585449219,-374.7489318847656,,,,,,,,,,,,,,,,,,,,,,,,,,,,,,,,,,,,,,,,,,,,,,,,,,,,,,,,,,,
1.7758752981956088e+18,,,,,,,,,,,,,,,,,,,,,,,,,,,,,-215.71531677246094,-21.571531295776367,-21.570873260498047,-21.571531295776367,-21.570873260498047,-21.571531295776367,-180.36141967773438,,,,,,,,,,,,,,,,,,,,,,,,,,,,,,,,,,,,,,,,
1.7758752981956603e+18,,,,,,,,,,,,,,,,,-320.18084716796875,-308.91162109375,-300.6321716308594,-320.64080810546875,-281.5434875488281,-317.4210205078125,-275.10394287109375,-312.82135009765625,108.25556945800781,43.30222702026367,43.30222702026367,-299.6413269042969,,,,,,,,,,,,,,,,,,,,,,,,,,,,,,,,,,,,,,,,,,,,,,,
1.7758752981958044e+18,-374.9729919433594,-1250.83056640625,-374.8785705566406,-74.9645767211914,-500.5010986328125,-374.9423828125,-369.6446533203125,-375.47027587890625,,,,,,,,,,,,,,,,,,,,,,,,,,,,,,,,,,,,,,,,,,,,,,,,,,,,,,,,,,,,,,,,,,,
1.7758752981958428e+18,,,,,,,,,-375.37115478515625,-1249.0706787109375,-374.96636962890625,-75.01807403564453,-74.97468566894531,-74.96151733398438,-500.4013366699219,-374.9334411621094,,,,,,,,,,,,,,,,,,,,,,,,,,,,,,,,,,,,,,,,,,,,,,,,,,,,,,,,,,,
1.7758752981961242e+18,,,,,,,,,,,,,,,,,,,,,,,,,,,,,,,,,,,,,,,,,,,,,,,,,,0.0,0.0,0.0,,,,,,,,,,,,,,,,,,,,,,,
1.7758752981966088e+18,,,,,,,,,,,,,,,,,,,,,,,,,,,,,-215.71531677246094,-21.571531295776367,-21.571531295776367,-21.571531295776367,-21.571531295776367,-21.572189331054688,-180.34500122070312,,,,,,,,,,,,,,,,,,,,,,,,,,,,,,,,,,,,,,,,
1.7758752981966605e+18,,,,,,,,,,,,,,,,,-299.2522888183594,-316.7310791015625,-326.3904113769531,-311.9013977050781,-328.00030517578125,-302.7020263671875,-305.00189208984375,-310.9814758300781,108.25556945800781,43.30222702026367,43.30222702026367,-299.81072998046875,,,,,,,,,,,,,,,,,,,,,,,,,,,,,,,,,,,,,,,,,,,,,,,
1.7758752981968044e+18,-375.1576232910156,-1250.420166015625,-374.9401550292969,-74.98918151855469,-500.5421142578125,-375.0039367675781,-368.7212219238281,-375.13201904296875,,,,,,,,,,,,,,,,,,,,,,,,,,,,,,,,,,,,,,,,,,,,,,,,,,,,,,,,,,,,,,,,,,,
1.7758752981968428e+18,,,,,,,,,-375.1253662109375,-1248.86572265625,-374.93560791015625,-75.01192474365234,-74.96853637695312,-74.93075561523438,-499.9911804199219,-375.2102355957031,,,,,,,,,,,,,,,,,,,,,,,,,,,,,,,,,,,,,,,,,,,,,,,,,,,,,,,,,,,
1.7758752981976087e+18,,,,,,,,,,,,,,,,,,,,,,,,,,,,,-215.71531677246094,-21.571531295776367,-21.571531295776367,-21.571531295776367,-21.571531295776367,-21.571531295776367,-180.36141967773438,,,,,,,,,,,,,,,,,,,,,,,,,,,,,,,,,,,,,,,,
1.7758752981976604e+18,,,,,,,,,,,,,,,,,-282.0034484863281,-317.8810119628906,-289.8229064941406,-322.2507019042969,-283.38336181640625,-313.51129150390625,-276.48382568359375,-313.74127197265625,108.25556945800781,43.30222702026367,43.30222702026367,-301.4894104003906,,,,,,,,,,,,,,,,,,,,,,,,,,,,,,,,,,,,,,,,,,,,,,,
1.7758752981978043e+18,-374.9114685058594,-1250.0098876953125,-375.3402404785156,-74.94612121582031,-500.1319885253906,-375.2500915527344,-371.2145080566406,-375.19354248046875,,,,,,,,,,,,,,,,,,,,,,,,,,,,,,,,,,,,,,,,,,,,,,,,,,,,,,,,,,,,,,,,,,,
1.7758752981978386e+18,,,,,,,,,,,,,,,,,,,,,,,,,,,,,,,,,,,,,,,,,,,,,,,,,,,,,0.0,0.0,0.0,0.0,0.0,0.0,0.0,0.0,0.0,0.0,0.0,0.0,0.0,0.0,0.0,0.0,0.0,0.0,0.0,0.0,0.0,0.0,0.0
1.7758752981978427e+18,,,,,,,,,-375.1253662109375,-1250.6077880859375,-374.7511291503906,-75.00577545166016,-74.9931411743164,-74.93690490722656,-500.3193054199219,-375.05645751953125,,,,,,,,,,,,,,,,,,,,,,,,,,,,,,,,,,,,,,,,,,,,,,,,,,,,,,,,,,,
1.7758752981986086e+18,,,,,,,,,,,,,,,,,,,,,,,,,,,,,-215.71531677246094,-21.571531295776367,-21.571531295776367,-21.572189331054688,-21.571531295776367,-21.571531295776367,-180.45994567871094,,,,,,,,,,,,,,,,,,,,,,,,,,,,,,,,,,,,,,,,
1.7758752981986604e+18,,,,,,,,,,,,,,,,,-316.9610595703125,-303.3919982910156,-325.9304504394531,-304.0819396972656,-325.240478515625,-294.422607421875,-317.6510009765625,-294.422607421875,108.25556945800781,43.30222702026367,43.30222702026367,-300.3959655761719,,,,,,,,,,,,,,,,,,,,,,,,,,,,,,,,,,,,,,,,,,,,,,,
1.7758752981988045e+18,-375.0653076171875,-1251.1383056640625,-375.2786865234375,-74.9645767211914,-499.63983154296875,-374.63470458984375,-371.06060791015625,-375.3780212402344,,,,,,,,,,,,,,,,,,,,,,,,,,,,,,,,,,,,,,,,,,,,,,,,,,,,,,,,,,,,,,,,,,,
1.775875298198843e+18,,,,,,,,,-375.0331726074219,-1251.017822265625,-375.24310302734375,-74.99347686767578,-74.97468566894531,-74.94921112060547,-499.9091491699219,-375.08721923828125,,,,,,,,,,,,,,,,,,,,,,,,,,,,,,,,,,,,,,,,,,,,,,,,,,,,,,,,,,,
1.7758752981996086e+18,,,,,,,,,,,,,,,,,,,,,,,,,,,,,-215.71531677246094,-21.571531295776367,-21.571531295776367,-21.571531295776367,-21.571531295776367,-21.570873260498047,-180.45994567871094,,,,,,,,,,,,,,,,,,,,,,,,,,,,,,,,,,,,,,,,
1.7758752981996603e+18,,,,,,,,,,,,,,,,,-299.7122497558594,-298.56231689453125,-303.1620178222656,-289.3629455566406,-303.6219787597656,-282.46343994140625,-296.9524230957031,-295.112548828125,108.25556945800781,43.30222702026367,43.30222702026367,-301.78204345703125,,,,,,,,,,,,,,,,,,,,,,,,,,,,,,,,,,,,,,,,,,,,,,,
1.7758752981998044e+18,-374.7575988769531,-1250.6253662109375,-375.12481689453125,-74.9707260131836,-500.4190673828125,-375.15777587890625,-367.7669677734375,-375.16278076171875,,,,,,,,,,,,,,,,,,,,,,,,,,,,,,,,,,,,,,,,,,,,,,,,,,,,,,,,,,,,,,,,,,,
1.7758752981998428e+18,,,,,,,,,-375.0331726074219,-1249.4805908203125,-374.68963623046875,-75.0365219116211,-74.97468566894531,-74.9984359741211,-500.48333740234375,-374.62591552734375,,,,,,,,,,,,,,,,,,,,,,,,,,,,,,,,,,,,,,,,,,,,,,,,,,,,,,,,,,,
1.7758752982006085e+18,,,,,,,,,,,,,,,,,,,,,,,,,,,,,-215.708740234375,-21.571531295776367,-21.571531295776367,-21.572189331054688,-21.571531295776367,-21.571531295776367,-180.49278259277344,,,,,,,,,,,,,,,,,,,,,,,,,,,,,,,,,,,,,,,,
1.7758752982006602e+18,,,,,,,,,,,,,,,,,-279.013671875,-300.1722106933594,-287.5230712890625,-295.5725402832031,-286.6031494140625,-280.8535461425781,-287.0631103515625,-277.8637390136719,108.25556945800781,43.30222702026367,43.30222702026367,-299.1177062988281,,,,,,,,,,,,,,,,,,,,,,,,,,,,,,,,,,,,,,,,,,,,,,,
1.7758752982008044e+18,-375.24993896484375,-1250.1124267578125,-374.9401550292969,-75.08145141601562,-499.76287841796875,-374.8500671386719,-379.92572021484375,-374.9167785644531,,,,,,,,,,,,,,,,,,,,,,,,,,,,,,,,,,,,,,,,,,,,,,,,,,,,,,,,,,,,,,,,,,,
1.7758752982008428e+18,,,,,,,,,-374.84881591796875,-1249.685546875,-375.24310302734375,-74.97503662109375,-74.9931411743164,-75.04151153564453,-499.4990234375,-374.9949645996094,,,,,,,,,,,,,,,,,,,,,,,,,,,,,,,,,,,,,,,,,,,,,,,,,,,,,,,,,,,
1.7758752982016084e+18,,,,,,,,,,,,,,,,,,,,,,,,,,,,,-215.71531677246094,-21.571531295776367,-21.571531295776367,-21.570873260498047,-21.571531295776367,-21.571531295776367,-180.49278259277344,,,,,,,,,,,,,,,,,,,,,,,,,,,,,,,,,,,,,,,,
1.7758752982016604e+18,,,,,,,,,,,,,,,,,-277.8637390136719,-307.0717468261719,-294.652587890625,-302.4720458984375,-307.5317077636719,-286.6031494140625,-296.7224426269531,-288.9029846191406,108.25556945800781,43.30222702026367,43.30222702026367,-299.9339599609375,,,,,,,,,,,,,,,,,,,,,,,,,,,,,,,,,,,,,,,,,,,,,,,
1.7758752982018045e+18,-374.9729919433594,-1250.215087890625,-375.46337890625,-74.9522705078125,-500.0499572753906,-375.2808532714844,-370.9990539550781,-375.19354248046875,,,,,,,,,,,,,,,,,,,,,,,,,,,,,,,,,,,,,,,,,,,,,,,,,,,,,,,,,,,,,,,,,,,
1.775875298201843e+18,,,,,,,,,-375.00244140625,-1250.6077880859375,-374.7511291503906,-74.99962615966797,-75.01158905029297,-74.94306182861328,-500.3193054199219,-374.9949645996094,,,,,,,,,,,,,,,,,,,,,,,,,,,,,,,,,,,,,,,,,,,,,,,,,,,,,,,,,,,
1.775875298202351e+18,,,,,,,,,,,,,,,,,,,,,,,,,,,,,,,,,,,,2297.48681640625,22.02475357055664,2297.48681640625,2297.48681640625,2297.48681640625,2297.48681640625,2297.48681640625,24.725770950317383,2297.48681640625,2297.48681640625,2297.48681640625,2297.48681640625,2297.48681640625,2297.48681640625,,,,,,,,,,,,,,,,,,,,,,,,,,
1.7758752982026084e+18,,,,,,,,,,,,,,,,,,,,,,,,,,,,,-215.71531677246094,-21.571531295776367,-21.571531295776367,-21.571531295776367,-21.570873260498047,-21.572189331054688,-180.5092010498047,,,,,,,,,,,,,,,,,,,,,,,,,,,,,,,,,,,,,,,,
1.7758752982026604e+18,,,,,,,,,,,,,,,,,-289.5929260253906,-276.02386474609375,-290.97283935546875,-272.8040771484375,-287.9830322265625,-263.6047058105469,-281.5434875488281,-271.6541748046875,108.25556945800781,43.30222702026367,43.30222702026367,-299.98016357421875,,,,,,,,,,,,,,,,,,,,,,,,,,,,,,,,,,,,,,,,,,,,,,,
1.7758752982028045e+18,-375.0037841796875,-1248.6763916015625,-375.2171325683594,-75.02608489990234,-499.80389404296875,-375.2808532714844,-383.52716064453125,-374.82452392578125,,,,,,,,,,,,,,,,,,,,,,,,,,,,,,,,,,,,,,,,,,,,,,,,,,,,,,,,,,,,,,,,,,,
1.775875298202843e+18,,,,,,,,,-374.8180847167969,-1250.1978759765625,-374.7818908691406,-74.950439453125,-75.0423355102539,-75.0107421875,-499.7861022949219,-375.17950439453125,,,,,,,,,,,,,,,,,,,,,,,,,,,,,,,,,,,,,,,,,,,,,,,,,,,,,,,,,,,
1.7758752982033725e+18,,,,,,,,,,,,,,,,,,,,,,,,,,,,,,,,,,,,,,,,,,,,,,,,,,0.0,0.0,0.0,,,,,,,,,,,,,,,,,,,,,,,
1.7758752982036086e+18,,,,,,,,,,,,,,,,,,,,,,,,,,,,,-215.71531677246094,-21.571531295776367,-21.571531295776367,-21.571531295776367,-21.571531295776367,-21.571531295776367,-180.49278259277344,,,,,,,,,,,,,,,,,,,,,,,,,,,,,,,,,,,,,,,,
1.7758752982036603e+18,,,,,,,,,,,,,,,,,-304.5419006347656,-284.07330322265625,-307.9916687011719,-286.6031494140625,-299.7122497558594,-278.0937194824219,-286.1431579589844,-279.93359375,108.25556945800781,43.30222702026367,43.30222702026367,-299.99554443359375,,,,,,,,,,,,,,,,,,,,,,,,,,,,,,,,,,,,,,,,,,,,,,,
1.7758752982038044e+18,-375.0960998535156,-1249.4969482421875,-375.2479248046875,-75.06914520263672,-499.76287841796875,-375.09625244140625,-383.52716064453125,-374.79376220703125,,,,,,,,,,,,,,,,,,,,,,,,,,,,,,,,,,,,,,,,,,,,,,,,,,,,,,,,,,,,,,,,,,,
1.7758752982038428e+18,,,,,,,,,-374.572265625,-1250.40283203125,-375.08935546875,-74.97503662109375,-74.9992904663086,-75.04766082763672,-499.7861022949219,-374.9334411621094,,,,,,,,,,,,,,,,,,,,,,,,,,,,,,,,,,,,,,,,,,,,,,,,,,,,,,,,,,,
1.7758752982046085e+18,,,,,,,,,,,,,,,,,,,,,,,,,,,,,-215.71531677246094,-21.571531295776367,-21.571531295776367,-21.571531295776367,-21.571531295776367,-21.571531295776367,-180.49278259277344,,,,,,,,,,,,,,,,,,,,,,,,,,,,,,,,,,,,,,,,
1.7758752982046602e+18,,,,,,,,,,,,,,,,,-280.6235656738281,-259.4649963378906,-290.28289794921875,-286.6031494140625,-268.66436767578125,-303.6219787597656,-267.2844543457031,-296.0325012207031,108.25556945800781,43.30222702026367,43.30222702026367,-298.0550537109375,,,,,,,,,,,,,,,,,,,,,,,,,,,,,,,,,,,,,,,,,,,,,,,
1.7758752982048046e+18,-375.0653076171875,-1251.548583984375,-374.9401550292969,-74.9645767211914,-500.0909729003906,-375.3116149902344,-364.2886657714844,-374.9167785644531,,,,,,,,,,,,,,,,,,,,,,,,,,,,,,,,,,,,,,,,,,,,,,,,,,,,,,,,,,,,,,,,,,,
1.7758752982048233e+18,,,,,,,,,,,,,,,,,,,,,,,,,,,,,,,,,,,,,,,,,,,,,,,,,,,,,0.0,0.0,0.0,0.0,0.0,0.0,0.0,0.0,0.0,0.0,0.0,0.0,0.0,0.0,0.0,0.0,0.0,0.0,0.0,0.0,0.0,0.0,0.0
1.7758752982048428e+18,,,,,,,,,-375.37115478515625,-1249.685546875,-374.9048767089844,-75.0365219116211,-75.03003692626953,-74.95536804199219,-499.9911804199219,-375.425537109375,,,,,,,,,,,,,,,,,,,,,,,,,,,,,,,,,,,,,,,,,,,,,,,,,,,,,,,,,,,
1.7758752982056084e+18,,,,,,,,,,,,,,,,,,,,,,,,,,,,,-215.71531677246094,-21.572189331054688,-21.570873260498047,-21.571531295776367,-21.571531295776367,-21.571531295776367,-180.4763641357422,,,,,,,,,,,,,,,,,,,,,,,,,,,,,,,,,,,,,,,,
1.7758752982056604e+18,,,,,,,,,,,,,,,,,-289.8229064941406,-285.9131774902344,-287.0631103515625,-276.9438171386719,-285.4532165527344,-257.3951416015625,-282.69342041015625,-260.38494873046875,108.25556945800781,43.30222702026367,43.30222702026367,-298.7326965332031,,,,,,,,,,,,,,,,,,,,,,,,,,,,,,,,,,,,,,,,,,,,,,,
1.7758752982058045e+18,-375.24993896484375,-1249.8046875,-374.8785705566406,-74.9399642944336,-500.0089416503906,-375.18853759765625,-383.52716064453125,-375.50103759765625,,,,,,,,,,,,,,,,,,,,,,,,,,,,,,,,,,,,,,,,,,,,,,,,,,,,,,,,,,,,,,,,,,,
1.775875298205843e+18,,,,,,,,,-374.94097900390625,-1249.173095703125,-374.7511291503906,-74.99347686767578,-74.98699188232422,-75.02920532226562,-500.1142272949219,-375.394775390625,,,,,,,,,,,,,,,,,,,,,,,,,,,,,,,,,,,,,,,,,,,,,,,,,,,,,,,,,,,
1.7758752982066084e+18,,,,,,,,,,,,,,,,,,,,,,,,,,,,,-215.71531677246094,-21.571531295776367,-21.571531295776367,-21.571531295776367,-21.571531295776367,-21.571531295776367,-180.5092010498047,,,,,,,,,,,,,,,,,,,,,,,,,,,,,,,,,,,,,,,,
1.7758752982066604e+18,,,,,,,,,,,,,,,,,-296.9524230957031,-294.422607421875,-279.4736328125,-300.6321716308594,-259.9249572753906,-287.7530517578125,-252.5654754638672,-282.0034484863281,108.25556945800781,43.30222702026367,43.30222702026367,-298.132080078125,,,,,,,,,,,,,,,,,,,,,,,,,,,,,,,,,,,,,,,,,,,,,,,
1.7758752982068045e+18,-375.1883850097656,-1250.1124267578125,-374.9401550292969,-75.07530212402344,-500.0089416503906,-374.8193054199219,-378.6944580078125,-374.8860168457031,,,,,,,,,,,,,,,,,,,,,,,,,,,,,,,,,,,,,,,,,,,,,,,,,,,,,,,,,,,,,,,,,,,
1.775875298206843e+18,,,,,,,,,-374.8795471191406,-1249.3780517578125,-375.3045959472656,-74.9873275756836,-74.9992904663086,-75.04766082763672,-499.5400390625,-374.9949645996094,,,,,,,,,,,,,,,,,,,,,,,,,,,,,,,,,,,,,,,,,,,,,,,,,,,,,,,,,,,
1.7758752982076083e+18,,,,,,,,,,,,,,,,,,,,,,,,,,,,,-215.7218780517578,-21.571531295776367,-21.571531295776367,-21.570873260498047,-21.572189331054688,-21.570873260498047,-180.4435272216797,,,,,,,,,,,,,,,,,,,,,,,,,,,,,,,,,,,,,,,,
1.7758752982076603e+18,,,,,,,,,,,,,,,,,-304.77191162109375,-288.2130432128906,-301.5521240234375,-308.91162109375,-289.3629455566406,-308.4516296386719,-274.1839904785156,-295.342529296875,108.25556945800781,43.30222702026367,43.30222702026367,-298.0550537109375,,,,,,,,,,,,,,,,,,,,,,,,,,,,,,,,,,,,,,,,,,,,,,,
1.7758752982078047e+18,-375.4345703125,-1249.086669921875,-374.9401550292969,-75.03839111328125,-499.9269104003906,-374.8500671386719,-383.52716064453125,-374.8860168457031,,,,,,,,,,,,,,,,,,,,,,,,,,,,,,,,,,,,,,,,,,,,,,,,,,,,,,,,,,,,,,,,,,,
1.7758752982078428e+18,,,,,,,,,-374.787353515625,-1249.992919921875,-375.24310302734375,-74.950439453125,-75.00543975830078,-75.0107421875,-499.7450866699219,-375.14874267578125,,,,,,,,,,,,,,,,,,,,,,,,,,,,,,,,,,,,,,,,,,,,,,,,,,,,,,,,,,,
1.7758752982086083e+18,,,,,,,,,,,,,,,,,,,,,,,,,,,,,-215.71531677246094,-21.572189331054688,-21.571531295776367,-21.570873260498047,-21.571531295776367,-21.572189331054688,-180.41067504882812,,,,,,,,,,,,,,,,,,,,,,,,,,,,,,,,,,,,,,,,
1.7758752982086602e+18,,,,,,,,,,,,,,,,,-300.1722106933594,-320.87078857421875,-296.0325012207031,-325.240478515625,-290.51287841796875,-292.1227722167969,-287.2930908203125,-274.1839904785156,108.25556945800781,43.30222702026367,43.30222702026367,-300.0109558105469,,,,,,,,,,,,,,,,,,,,,,,,,,,,,,,,,,,,,,,,,,,,,,,
1.7758752982088046e+18,-375.24993896484375,-1248.984130859375,-375.001708984375,-75.03839111328125,-499.9269104003906,-375.0654602050781,-383.52716064453125,-374.79376220703125,,,,,,,,,,,,,,,,,,,,,,,,,,,,,,,,,,,,,,,,,,,,,,,,,,,,,,,,,,,,,,,,,,,
1.775875298208843e+18,,,,,,,,,-374.7259216308594,-1249.8905029296875,-375.05859375,-74.950439453125,-75.01158905029297,-75.00459289550781,-499.8271179199219,-375.364013671875,,,,,,,,,,,,,,,,,,,,,,,,,,,,,,,,,,,,,,,,,,,,,,,,,,,,,,,,,,,
1.7758752982096082e+18,,,,,,,,,,,,,,,,,,,,,,,,,,,,,-215.708740234375,-21.571531295776367,-21.570873260498047,-21.571531295776367,-21.571531295776367,-21.571531295776367,-180.36141967773438,,,,,,,,,,,,,,,,,,,,,,,,,,,,,,,,,,,,,,,,
1.7758752982096602e+18,,,,,,,,,,,,,,,,,-293.732666015625,-320.18084716796875,-298.10235595703125,-315.5811462402344,-298.33233642578125,-287.0631103515625,-296.2624816894531,-279.70361328125,108.25556945800781,43.30222702026367,43.30222702026367,-300.36517333984375,,,,,,,,,,,,,,,,,,,,,,,,,,,,,,,,,,,,,,,,,,,,,,,
1.7758752982098045e+18,-375.28070068359375,-1250.83056640625,-374.7554626464844,-75.01378631591797,-500.5831298828125,-374.69622802734375,-367.9824523925781,-375.16278076171875,,,,,,,,,,,,,,,,,,,,,,,,,,,,,,,,,,,,,,,,,,,,,,,,,,,,,,,,,,,,,,,,,,,
1.775875298209843e+18,,,,,,,,,-375.06390380859375,-1249.3780517578125,-375.1200866699219,-75.0303726196289,-74.97468566894531,-74.98612976074219,-500.44232177734375,-375.08721923828125,,,,,,,,,,,,,,,,,,,,,,,,,,,,,,,,,,,,,,,,,,,,,,,,,,,,,,,,,,,
1.775875298210359e+18,,,,,,,,,,,,,,,,,,,,,,,,,,,,,,,,,,,,,,,,,,,,,,,,,,0.0,0.0,0.0,,,,,,,,,,,,,,,,,,,,,,,
1.7758752982106084e+18,,,,,,,,,,,,,,,,,,,,,,,,,,,,,-215.71531677246094,-21.571531295776367,-21.572189331054688,-21.572189331054688,-21.571531295776367,-21.571531295776367,-180.31214904785156,,,,,,,,,,,,,,,,,,,,,,,,,,,,,,,,,,,,,,,,
1.7758752982106604e+18,,,,,,,,,,,,,,,,,-326.6203918457031,-300.6321716308594,-321.10076904296875,-311.4414367675781,-292.1227722167969,-309.37158203125,-272.3441162109375,-308.2216491699219,108.25556945800781,43.30222702026367,43.30222702026367,-299.271728515625,,,,,,,,,,,,,,,,,,,,,,,,,,,,,,,,,,,,,,,,,,,,,,,
1.7758752982108047e+18,-374.84991455078125,-1250.215087890625,-375.2479248046875,-74.9399642944336,-500.0909729003906,-375.2808532714844,-369.52154541015625,-374.9167785644531,,,,,,,,,,,,,,,,,,,,,,,,,,,,,,,,,,,,,,,,,,,,,,,,,,,,,,,,,,,,,,,,,,,
1.775875298210843e+18,,,,,,,,,-375.217529296875,-1250.095458984375,-374.7818908691406,-74.9873275756836,-75.01773834228516,-74.94306182861328,-499.9501647949219,-375.11798095703125,,,,,,,,,,,,,,,,,,,,,,,,,,,,,,,,,,,,,,,,,,,,,,,,,,,,,,,,,,,
1.7758752982116083e+18,,,,,,,,,,,,,,,,,,,,,,,,,,,,,-215.708740234375,-21.571531295776367,-21.571531295776367,-21.571531295776367,-21.571531295776367,-21.571531295776367,-180.36141967773438,,,,,,,,,,,,,,,,,,,,,,,,,,,,,,,,,,,,,,,,
1.7758752982116603e+18,,,,,,,,,,,,,,,,,-299.2522888183594,-299.02227783203125,-319.2608947753906,-299.7122497558594,-289.8229064941406,-315.5811462402344,-283.61334228515625,-309.37158203125,108.25556945800781,43.30222702026367,43.30222702026367,-301.11981201171875,,,,,,,,,,,,,,,,,,,,,,,,,,,,,,,,,,,,,,,,,,,,,,,
1.7758752982118047e+18,-375.31146240234375,-1250.6253662109375,-374.9709167480469,-75.00148010253906,-499.68084716796875,-374.7885437011719,-363.9808349609375,-375.13201904296875,,,,,,,,,,,,,,,,,,,,,,,,,,,,,,,,,,,,,,,,,,,,,,,,,,,,,,,,,,,,,,,,,,,
1.775875298211843e+18,,,,,,,,,-375.4018859863281,-1250.915283203125,-375.08935546875,-74.96273803710938,-74.93778991699219,-74.95536804199219,-499.9911804199219,-375.3025207519531,,,,,,,,,,,,,,,,,,,,,,,,,,,,,,,,,,,,,,,,,,,,,,,,,,,,,,,,,,,
1.775875298212175e+18,,,,,,,,,,,,,,,,,,,,,,,,,,,,,,,,,,,,,,,,,,,,,,,,,,,,,0.0,0.0,0.0,0.0,0.0,0.0,0.0,0.0,0.0,0.0,0.0,0.0,0.0,0.0,0.0,0.0,0.0,0.0,0.0,0.0,0.0,0.0,0.0
1.7758752982126083e+18,,,,,,,,,,,,,,,,,,,,,,,,,,,,,-215.71531677246094,-21.571531295776367,-21.571531295776367,-21.571531295776367,-21.571531295776367,-21.572189331054688,-180.2957305908203,,,,,,,,,,,,,,,,,,,,,,,,,,,,,,,,,,,,,,,,
1.7758752982126602e+18,,,,,,,,,,,,,,,,,-330.9901123046875,-309.1416015625,-321.7907409667969,-314.8912048339844,-309.1416015625,-306.38177490234375,-303.3919982910156,-316.2711181640625,108.25556945800781,43.30222702026367,43.30222702026367,-301.5818176269531,,,,,,,,,,,,,,,,,,,,,,,,,,,,,,,,,,,,,,,,,,,,,,,
1.7758752982128046e+18,-374.6653137207031,-1249.599609375,-375.2479248046875,-75.03839111328125,-499.68084716796875,-374.69622802734375,-375.4623718261719,-375.5625305175781,,,,,,,,,,,,,,,,,,,,,,,,,,,,,,,,,,,,,,,,,,,,,,,,,,,,,,,,,,,,,,,,,,,
1.775875298212843e+18,,,,,,,,,-374.94097900390625,-1250.7103271484375,-375.3045959472656,-74.9873275756836,-74.96853637695312,-74.9984359741211,-500.4013366699219,-375.05645751953125,,,,,,,,,,,,,,,,,,,,,,,,,,,,,,,,,,,,,,,,,,,,,,,,,,,,,,,,,,,
1.7758752982136082e+18,,,,,,,,,,,,,,,,,,,,,,,,,,,,,-215.71531677246094,-21.571531295776367,-21.571531295776367,-21.571531295776367,-21.571531295776367,-21.571531295776367,-180.36141967773438,,,,,,,,,,,,,,,,,,,,,,,,,,,,,,,,,,,,,,,,
1.7758752982136602e+18,,,,,,,,,,,,,,,,,-301.3221435546875,-335.58978271484375,-305.23187255859375,-291.8927917480469,-306.15179443359375,-310.29150390625,-278.0937194824219,-307.3017272949219,108.25556945800781,43.30222702026367,43.30222702026367,-300.9504089355469,,,,,,,,,,,,,,,,,,,,,,,,,,,,,,,,,,,,,,,,,,,,,,,
1.7758752982138048e+18,-374.8807067871094,-1248.6763916015625,-374.8785705566406,-75.00148010253906,-499.72186279296875,-374.880859375,-375.123779296875,-375.0705261230469,,,,,,,,,,,,,,,,,,,,,,,,,,,,,,,,,,,,,,,,,,,,,,,,,,,,,,,,,,,,,,,,,,,
1.775875298213843e+18,,,,,,,,,-374.84881591796875,-1248.86572265625,-374.6281433105469,-74.96273803710938,-74.96853637695312,-74.93690490722656,-499.7861022949219,-374.9027099609375,,,,,,,,,,,,,,,,,,,,,,,,,,,,,,,,,,,,,,,,,,,,,,,,,,,,,,,,,,,
1.7758752982146081e+18,,,,,,,,,,,,,,,,,,,,,,,,,,,,,-215.71531677246094,-21.571531295776367,-21.571531295776367,-21.571531295776367,-21.571531295776367,-21.571531295776367,-180.37783813476562,,,,,,,,,,,,,,,,,,,,,,,,,,,,,,,,,,,,,,,,
1.77587529821466e+18,,,,,,,,,,,,,,,,,-285.9131774902344,-316.2711181640625,-296.9524230957031,-313.28131103515625,-307.7616882324219,-296.9524230957031,-322.0207214355469,-299.02227783203125,108.25556945800781,43.30222702026367,43.30222702026367,-300.611572265625,,,,,,,,,,,,,,,,,,,,,,,,,,,,,,,,,,,,,,,,,,,,,,,
1.7758752982148047e+18,-374.8807067871094,-1250.83056640625,-375.12481689453125,-74.97687530517578,-499.63983154296875,-375.3116149902344,-380.7260437011719,-374.8860168457031,,,,,,,,,,,,,,,,,,,,,,,,,,,,,,,,,,,,,,,,,,,,,,,,,,,,,,,,,,,,,,,,,,,
1.775875298214843e+18,,,,,,,,,-375.0331726074219,-1250.915283203125,-374.68963623046875,-74.97503662109375,-75.00543975830078,-75.02920532226562,-499.6630554199219,-374.7489318847656,,,,,,,,,,,,,,,,,,,,,,,,,,,,,,,,,,,,,,,,,,,,,,,,,,,,,,,,,,,
1.7758752982148518e+18,,,,,,,,,,,,,,,,,,,,,,,,,,,,,,,,,,,,2297.504638671875,22.02519989013672,2297.504638671875,2297.504638671875,2297.504638671875,2297.504638671875,2297.504638671875,24.624465942382812,2297.504638671875,2297.504638671875,2297.504638671875,2297.504638671875,2297.504638671875,2297.504638671875,,,,,,,,,,,,,,,,,,,,,,,,,,
1.775875298215608e+18,,,,,,,,,,,,,,,,,,,,,,,,,,,,,-215.708740234375,-21.571531295776367,-21.571531295776367,-21.571531295776367,-21.571531295776367,-21.571531295776367,-180.45994567871094,,,,,,,,,,,,,,,,,,,,,,,,,,,,,,,,,,,,,,,,
1.7758752982156603e+18,,,,,,,,,,,,,,,,,-328.46026611328125,-301.7821044921875,-322.9406433105469,-302.4720458984375,-317.1910400390625,-293.732666015625,-316.0411376953125,-296.0325012207031,108.25556945800781,43.30222702026367,43.30222702026367,-300.2111511230469,,,,,,,,,,,,,,,,,,,,,,,,,,,,,,,,,,,,,,,,,,,,,,,
1.7758752982158047e+18,-374.81915283203125,-1248.6763916015625,-375.0632629394531,-75.03224182128906,-500.2140197753906,-374.5731506347656,-368.0747985839844,-375.1012878417969,,,,,,,,,,,,,,,,,,,,,,,,,,,,,,,,,,,,,,,,,,,,,,,,,,,,,,,,,,,,,,,,,,,
1.775875298215843e+18,,,,,,,,,-374.6951904296875,-1249.7879638671875,-375.2738342285156,-75.0365219116211,-74.96853637695312,-74.97382354736328,-500.1142272949219,-375.394775390625,,,,,,,,,,,,,,,,,,,,,,,,,,,,,,,,,,,,,,,,,,,,,,,,,,,,,,,,,,,
1.775875298216608e+18,,,,,,,,,,,,,,,,,,,,,,,,,,,,,-215.71531677246094,-21.571531295776367,-21.571531295776367,-21.571531295776367,-21.570873260498047,-21.572189331054688,-180.5092010498047,,,,,,,,,,,,,,,,,,,,,,,,,,,,,,,,,,,,,,,,
1.7758752982166602e+18,,,,,,,,,,,,,,,,,-305.23187255859375,-319.2608947753906,-283.84332275390625,-287.9830322265625,-305.00189208984375,-296.0325012207031,-279.93359375,-320.41082763671875,108.25556945800781,43.30222702026367,43.30222702026367,-299.9339599609375,,,,,,,,,,,,,,,,,,,,,,,,,,,,,,,,,,,,,,,,,,,,,,,
1.7758752982168049e+18,-374.78839111328125,-1250.1124267578125,-375.12481689453125,-75.09990692138672,-500.5010986328125,-374.97314453125,-366.3818054199219,-374.5784912109375,,,,,,,,,,,,,,,,,,,,,,,,,,,,,,,,,,,,,,,,,,,,,,,,,,,,,,,,,,,,,,,,,,,
1.775875298216843e+18,,,,,,,,,-374.84881591796875,-1249.7879638671875,-375.1816101074219,-75.01807403564453,-75.0484848022461,-74.97998046875,-499.7040710449219,-374.8411865234375,,,,,,,,,,,,,,,,,,,,,,,,,,,,,,,,,,,,,,,,,,,,,,,,,,,,,,,,,,,
1.7758752982176082e+18,,,,,,,,,,,,,,,,,,,,,,,,,,,,,-215.71531677246094,-21.571531295776367,-21.571531295776367,-21.571531295776367,-21.571531295776367,-21.571531295776367,-180.4763641357422,,,,,,,,,,,,,,,,,,,,,,,,,,,,,,,,,,,,,,,,
1.7758752982176602e+18,,,,,,,,,,,,,,,,,-306.8417663574219,-296.2624816894531,-297.1824035644531,-298.33233642578125,-275.10394287109375,-297.64239501953125,-265.674560546875,-299.02227783203125,108.25556945800781,43.30222702026367,43.30222702026367,-300.4883728027344,,,,,,,,,,,,,,,,,,,,,,,,,,,,,,,,,,,,,,,,,,,,,,,
1.7758752982177426e+18,,,,,,,,,,,,,,,,,,,,,,,,,,,,,,,,,,,,,,,,,,,,,,,,,,0.0,0.0,0.0,,,,,,,,,,,,,,,,,,,,,,,
1.7758752982178048e+18,-375.0653076171875,-1251.651123046875,-374.7554626464844,-74.9645767211914,-500.1319885253906,-374.97314453125,-363.5191345214844,-375.009033203125,,,,,,,,,,,,,,,,,,,,,,,,,,,,,,,,,,,,,,,,,,,,,,,,,,,,,,,,,,,,,,,,,,,
1.775875298217843e+18,,,,,,,,,-375.37115478515625,-1249.4805908203125,-374.8741149902344,-75.04267120361328,-75.02388763427734,-74.96151733398438,-499.9911804199219,-375.3025207519531,,,,,,,,,,,,,,,,,,,,,,,,,,,,,,,,,,,,,,,,,,,,,,,,,,,,,,,,,,,
1.775875298218608e+18,,,,,,,,,,,,,,,,,,,,,,,,,,,,,-215.708740234375,-21.571531295776367,-21.571531295776367,-21.571531295776367,-21.571531295776367,-21.571531295776367,-180.525634765625,,,,,,,,,,,,,,,,,,,,,,,,,,,,,,,,,,,,,,,,
1.77587529821866e+18,,,,,,,,,,,,,,,,,-292.5827331542969,-304.0819396972656,-284.5332946777344,-317.4210205078125,-273.7240295410156,-293.2726745605469,-285.6831970214844,-276.25384521484375,108.25556945800781,43.30222702026367,43.30222702026367,-299.6259460449219,,,,,,,,,,,,,,,,,,,,,,,,,,,,,,,,,,,,,,,,,,,,,,,
1.7758752982188047e+18,-374.6960754394531,-1249.1893310546875,-374.8785705566406,-74.95841979980469,-499.9269104003906,-375.18853759765625,-373.8309631347656,-375.3165283203125,,,,,,,,,,,,,,,,,,,,,,,,,,,,,,,,,,,,,,,,,,,,,,,,,,,,,,,,,,,,,,,,,,,
1.7758752982188431e+18,,,,,,,,,-374.63372802734375,-1249.173095703125,-374.68963623046875,-74.97503662109375,-74.92549133300781,-74.97382354736328,-499.9911804199219,-375.05645751953125,,,,,,,,,,,,,,,,,,,,,,,,,,,,,,,,,,,,,,,,,,,,,,,,,,,,,,,,,,,
1.775875298219608e+18,,,,,,,,,,,,,,,,,,,,,,,,,,,,,-215.71531677246094,-21.571531295776367,-21.571531295776367,-21.571531295776367,-21.571531295776367,-21.571531295776367,-180.49278259277344,,,,,,,,,,,,,,,,,,,,,,,,,,,,,,,,,,,,,,,,
1.7758752982196603e+18,,,,,,,,,,,,,,,,,-280.6235656738281,-313.05133056640625,-279.24365234375,-308.91162109375,-275.79388427734375,-287.5230712890625,-276.25384521484375,-293.0426940917969,108.25556945800781,43.30222702026367,43.30222702026367,-299.4873352050781,,,,,,,,,,,,,,,,,,,,,,,,,,,,,,,,,,,,,,,,,,,,,,,
1.775875298219805e+18,-374.9422302246094,-1249.3944091796875,-375.12481689453125,-75.06914520263672,-500.1319885253906,-374.8193054199219,-363.48834228515625,-375.3780212402344,,,,,,,,,,,,,,,,,,,,,,,,,,,,,,,,,,,,,,,,,,,,,,,,,,,,,,,,,,,,,,,,,,,
1.775875298219842e+18,,,,,,,,,,,,,,,,,,,,,,,,,,,,,,,,,,,,,,,,,,,,,,,,,,,,,0.0,0.0,0.0,0.0,0.0,0.0,0.0,0.0,0.0,0.0,0.0,0.0,0.0,0.0,0.0,0.0,0.0,0.0,0.0,0.0,0.0,0.0,0.0
1.775875298219843e+18,,,,,,,,,-374.5415344238281,-1249.5830078125,-375.1200866699219,-75.00577545166016,-74.93778991699219,-74.9676742553711,-500.0321960449219,-374.8411865234375,,,,,,,,,,,,,,,,,,,,,,,,,,,,,,,,,,,,,,,,,,,,,,,,,,,,,,,,,,,
1.775875298220608e+18,,,,,,,,,,,,,,,,,,,,,,,,,,,,,-215.7218780517578,-21.571531295776367,-21.571531295776367,-21.571531295776367,-21.570873260498047,-21.571531295776367,-180.49278259277344,,,,,,,,,,,,,,,,,,,,,,,,,,,,,,,,,,,,,,,,
1.7758752982206602e+18,,,,,,,,,,,,,,,,,-275.33392333984375,-294.882568359375,-285.2232360839844,-282.0034484863281,-301.3221435546875,-266.8244934082031,-289.8229064941406,-282.2334289550781,108.25556945800781,43.30222702026367,43.30222702026367,-297.1772155761719,,,,,,,,,,,,,,,,,,,,,,,,,,,,,,,,,,,,,,,,,,,,,,,
1.7758752982208049e+18,-374.7575988769531,-1248.881591796875,-374.8170166015625,-74.9338150024414,-499.80389404296875,-374.9423828125,-376.23193359375,-375.0705261230469,,,,,,,,,,,,,,,,,,,,,,,,,,,,,,,,,,,,,,,,,,,,,,,,,,,,,,,,,,,,,,,,,,,
1.775875298220843e+18,,,,,,,,,-375.1253662109375,-1250.915283203125,-375.3045959472656,-75.01807403564453,-75.06078338623047,-75.04766082763672,-500.2372741699219,-375.4562683105469,,,,,,,,,,,,,,,,,,,,,,,,,,,,,,,,,,,,,,,,,,,,,,,,,,,,,,,,,,,
1.775875298221608e+18,,,,,,,,,,,,,,,,,,,,,,,,,,,,,-215.71531677246094,-21.571531295776367,-21.571531295776367,-21.571531295776367,-21.571531295776367,-21.571531295776367,-180.525634765625,,,,,,,,,,,,,,,,,,,,,,,,,,,,,,,,,,,,,,,,
1.7758752982216602e+18,,,,,,,,,,,,,,,,,-302.7020263671875,-265.214599609375,-292.1227722167969,-278.5536804199219,-256.0152282714844,-288.6730041503906,-250.72560119628906,-285.4532165527344,108.25556945800781,43.30222702026367,43.30222702026367,-299.5027160644531,,,,,,,,,,,,,,,,,,,,,,,,,,,,,,,,,,,,,,,,,,,,,,,
1.7758752982218053e+18,-375.0037841796875,-1249.3944091796875,-375.001708984375,-75.00763702392578,-499.63983154296875,-375.0039367675781,-375.1545715332031,-374.6707458496094,,,,,,,,,,,,,,,,,,,,,,,,,,,,,,,,,,,,,,,,,,,,,,,,,,,,,,,,,,,,,,,,,,,
1.775875298221843e+18,,,,,,,,,-375.3097229003906,-1250.40283203125,-375.3968200683594,-75.04267120361328,-75.03003692626953,-75.05996704101562,-500.3603210449219,-375.11798095703125,,,,,,,,,,,,,,,,,,,,,,,,,,,,,,,,,,,,,,,,,,,,,,,,,,,,,,,,,,,
1.775875298222608e+18,,,,,,,,,,,,,,,,,,,,,,,,,,,,,-215.71531677246094,-21.571531295776367,-21.571531295776367,-21.571531295776367,-21.571531295776367,-21.571531295776367,-180.45994567871094,,,,,,,,,,,,,,,,,,,,,,,,,,,,,,,,,,,,,,,,
1.77587529822266e+18,,,,,,,,,,,,,,,,,-287.0631103515625,-305.23187255859375,-266.3645324707031,-286.3731689453125,-287.5230712890625,-258.3150634765625,-280.16357421875,-295.342529296875,108.25556945800781,43.30222702026367,43.30222702026367,-298.5940856933594,,,,,,,,,,,,,,,,,,,,,,,,,,,,,,,,,,,,,,,,,,,,,,,
1.7758752982228058e+18,-375.0345458984375,-1251.1383056640625,-374.7862548828125,-74.9645767211914,-500.0499572753906,-375.61932373046875,-383.52716064453125,-374.8552551269531,,,,,,,,,,,,,,,,,,,,,,,,,,,,,,,,,,,,,,,,,,,,,,,,,,,,,,,,,,,,,,,,,,,
1.7758752982228431e+18,,,,,,,,,-375.4018859863281,-1249.8905029296875,-374.7818908691406,-74.99962615966797,-75.05463409423828,-75.00459289550781,-499.7040710449219,-374.9642028808594,,,,,,,,,,,,,,,,,,,,,,,,,,,,,,,,,,,,,,,,,,,,,,,,,,,,,,,,,,,
1.7758752982236078e+18,,,,,,,,,,,,,,,,,,,,,,,,,,,,,-215.71531677246094,-21.571531295776367,-21.571531295776367,-21.571531295776367,-21.571531295776367,-21.571531295776367,-180.4763641357422,,,,,,,,,,,,,,,,,,,,,,,,,,,,,,,,,,,,,,,,
1.77587529822366e+18,,,,,,,,,,,,,,,,,-302.2420654296875,-283.38336181640625,-297.87237548828125,-275.10394287109375,-291.20281982421875,-268.66436767578125,-285.2232360839844,-267.74444580078125,108.25556945800781,43.30222702026367,43.30222702026367,-298.132080078125,,,,,,,,,,,,,,,,,,,,,,,,,,,,,,,,,,,,,,,,,,,,,,,
1.7758752982238062e+18,-374.84991455078125,-1250.215087890625,-375.2479248046875,-74.9399642944336,-499.8858947753906,-375.2500915527344,-377.2169189453125,-374.5784912109375,,,,,,,,,,,,,,,,,,,,,,,,,,,,,,,,,,,,,,,,,,,,,,,,,,,,,,,,,,,,,,,,,,,
1.775875298223843e+18,,,,,,,,,-375.27899169921875,-1250.40283203125,-374.8126220703125,-74.99347686767578,-75.0484848022461,-74.98612976074219,-499.6630554199219,-375.0257263183594,,,,,,,,,,,,,,,,,,,,,,,,,,,,,,,,,,,,,,,,,,,,,,,,,,,,,,,,,,,
1.7758752982246077e+18,,,,,,,,,,,,,,,,,,,,,,,,,,,,,-215.708740234375,-21.571531295776367,-21.571531295776367,-21.571531295776367,-21.571531295776367,-21.571531295776367,-180.41067504882812,,,,,,,,,,,,,,,,,,,,,,,,,,,,,,,,,,,,,,,,
1.7758752982246602e+18,,,,,,,,,,,,,,,,,-275.79388427734375,-310.7514953613281,-274.1839904785156,-309.83154296875,-268.20440673828125,-301.3221435546875,-265.444580078125,-304.77191162109375,108.25556945800781,43.30222702026367,43.30222702026367,-299.6875305175781,,,,,,,,,,,,,,,,,,,,,,,,,,,,,,,,,,,,,,,,,,,,,,,
1.7758752982248067e+18,-375.3730163574219,-1250.317626953125,-374.7247009277344,-75.02608489990234,-500.6241455078125,-374.91162109375,-366.812744140625,-375.0705261230469,,,,,,,,,,,,,,,,,,,,,,,,,,,,,,,,,,,,,,,,,,,,,,,,,,,,,,,,,,,,,,,,,,,
1.7758752982248402e+18,,,,,,,,,,,,,,,,,,,,,,,,,,,,,,,,,,,,,,,,,,,,,,,,,,0.0,0.0,0.0,,,,,,,,,,,,,,,,,,,,,,,
1.775875298224843e+18,,,,,,,,,-375.00244140625,-1249.3780517578125,-375.05859375,-75.04882049560547,-74.9992904663086,-74.9676742553711,-499.9091491699219,-375.394775390625,,,,,,,,,,,,,,,,,,,,,,,,,,,,,,,,,,,,,,,,,,,,,,,,,,,,,,,,,,,
1.775875298225608e+18,,,,,,,,,,,,,,,,,,,,,,,,,,,,,-215.71531677246094,-21.571531295776367,-21.571531295776367,-21.571531295776367,-21.571531295776367,-21.571531295776367,-180.34500122070312,,,,,,,,,,,,,,,,,,,,,,,,,,,,,,,,,,,,,,,,
1.7758752982256602e+18,,,,,,,,,,,,,,,,,-288.6730041503906,-307.9916687011719,-287.2930908203125,-310.7514953613281,-278.78369140625,-303.3919982910156,-270.9642028808594,-310.29150390625,108.25556945800781,43.30222702026367,43.30222702026367,-299.7645568847656,,,,,,,,,,,,,,,,,,,,,,,,,,,,,,,,,,,,,,,,,,,,,,,
1.775875298225807e+18,-374.8807067871094,-1250.5228271484375,-375.4325866699219,-75.06914520263672,-500.3370361328125,-375.65008544921875,-383.52716064453125,-375.0705261230469,,,,,,,,,,,,,,,,,,,,,,,,,,,,,,,,,,,,,,,,,,,,,,,,,,,,,,,,,,,,,,,,,,,
1.7758752982258432e+18,,,,,,,,,-374.6644592285156,-1249.685546875,-375.1200866699219,-75.01807403564453,-75.0423355102539,-75.0230484008789,-500.48333740234375,-375.364013671875,,,,,,,,,,,,,,,,,,,,,,,,,,,,,,,,,,,,,,,,,,,,,,,,,,,,,,,,,,,
1.7758752982266079e+18,,,,,,,,,,,,,,,,,,,,,,,,,,,,,-215.71531677246094,-21.571531295776367,-21.571531295776367,-21.571531295776367,-21.571531295776367,-21.571531295776367,-180.34500122070312,,,,,,,,,,,,,,,,,,,,,,,,,,,,,,,,,,,,,,,,
1.77587529822666e+18,,,,,,,,,,,,,,,,,-291.66278076171875,-313.05133056640625,-281.3135070800781,-319.4908752441406,-278.0937194824219,-309.6015625,-277.4037780761719,-307.5317077636719,108.25556945800781,43.30222702026367,43.30222702026367,-298.56329345703125,,,,,,,,,,,,,,,,,,,,,,,,,,,,,,,,,,,,,,,,,,,,,,,
1.7758752982268076e+18,-375.31146240234375,-1250.317626953125,-374.7554626464844,-74.94612121582031,-500.3780517578125,-375.2500915527344,-368.9982604980469,-374.5784912109375,,,,,,,,,,,,,,,,,,,,,,,,,,,,,,,,,,,,,,,,,,,,,,,,,,,,,,,,,,,,,,,,,,,
1.7758752982268431e+18,,,,,,,,,-375.4018859863281,-1249.3780517578125,-374.8126220703125,-75.00577545166016,-75.06078338623047,-74.97998046875,-499.6630554199219,-374.9642028808594,,,,,,,,,,,,,,,,,,,,,,,,,,,,,,,,,,,,,,,,,,,,,,,,,,,,,,,,,,,
1.7758752982273518e+18,,,,,,,,,,,,,,,,,,,,,,,,,,,,,,,,,,,,2297.72900390625,22.102266311645508,2297.72900390625,2297.72900390625,2297.72900390625,2297.72900390625,2297.72900390625,24.737804412841797,2297.72900390625,2297.72900390625,2297.72900390625,2297.72900390625,2297.72900390625,2297.72900390625,,,,,,,,,,,,,,,,,,,,,,,,,,
1.7758752982276078e+18,,,,,,,,,,,,,,,,,,,,,,,,,,,,,-215.71531677246094,-21.571531295776367,-21.571531295776367,-21.571531295776367,-21.570873260498047,-21.571531295776367,-180.2957305908203,,,,,,,,,,,,,,,,,,,,,,,,,,,,,,,,,,,,,,,,
1.77587529822766e+18,,,,,,,,,,,,,,,,,-287.5230712890625,-322.0207214355469,-284.5332946777344,-313.74127197265625,-300.4021911621094,-282.69342041015625,-311.4414367675781,-294.652587890625,108.25556945800781,43.30222702026367,43.30222702026367,-301.3354187011719,,,,,,,,,,,,,,,,,,,,,,,,,,,,,,,,,,,,,,,,,,,,,,,
1.775875298227808e+18,-374.7575988769531,-1248.984130859375,-374.69390869140625,-74.9707260131836,-499.59881591796875,-374.9423828125,-377.27850341796875,-375.50103759765625,,,,,,,,,,,,,,,,,,,,,,,,,,,,,,,,,,,,,,,,,,,,,,,,,,,,,,,,,,,,,,,,,,,
1.775875298227843e+18,,,,,,,,,-375.00244140625,-1249.3780517578125,-374.7511291503906,-74.95658874511719,-74.97468566894531,-74.95536804199219,-499.9091491699219,-375.11798095703125,,,,,,,,,,,,,,,,,,,,,,,,,,,,,,,,,,,,,,,,,,,,,,,,,,,,,,,,,,,
1.7758752982281114e+18,,,,,,,,,,,,,,,,,,,,,,,,,,,,,,,,,,,,,,,,,,,,,,,,,,,,,0.0,0.0,0.0,0.0,0.0,0.0,0.0,0.0,0.0,0.0,0.0,0.0,0.0,0.0,0.0,0.0,0.0,0.0,0.0,0.0,0.0,0.0,0.0
1.7758752982286077e+18,,,,,,,,,,,,,,,,,,,,,,,,,,,,,-215.71531677246094,-21.571531295776367,-21.570873260498047,-21.571531295776367,-21.571531295776367,-21.571531295776367,-180.36141967773438,,,,,,,,,,,,,,,,,,,,,,,,,,,,,,,,,,,,,,,,
1.77587529822866e+18,,,,,,,,,,,,,,,,,-281.7734680175781,-318.5709533691406,-290.97283935546875,-318.3409729003906,-303.1620178222656,-305.92181396484375,-310.0615234375,-307.5317077636719,108.25556945800781,43.30222702026367,43.30222702026367,-300.1495666503906,,,,,,,,,,,,,,,,,,,,,,,,,,,,,,,,,,,,,,,,,,,,,,,
1.7758752982288084e+18,-375.24993896484375,-1251.3433837890625,-375.001708984375,-74.98302459716797,-499.59881591796875,-375.09625244140625,-379.2485046386719,-375.5625305175781,,,,,,,,,,,,,,,,,,,,,,,,,,,,,,,,,,,,,,,,,,,,,,,,,,,,,,,,,,,,,,,,,,,
1.7758752982288433e+18,,,,,,,,,-375.1253662109375,-1249.992919921875,-374.72039794921875,-74.96888732910156,-74.9931411743164,-75.0107421875,-500.4013366699219,-375.17950439453125,,,,,,,,,,,,,,,,,,,,,,,,,,,,,,,,,,,,,,,,,,,,,,,,,,,,,,,,,,,
1.7758752982296077e+18,,,,,,,,,,,,,,,,,,,,,,,,,,,,,-215.71531677246094,-21.571531295776367,-21.571531295776367,-21.571531295776367,-21.571531295776367,-21.571531295776367,-180.34500122070312,,,,,,,,,,,,,,,,,,,,,,,,,,,,,,,,,,,,,,,,
1.7758752982296602e+18,,,,,,,,,,,,,,,,,-321.5607604980469,-289.1329650878906,-300.8621520996094,-323.400634765625,-284.9932556152344,-307.9916687011719,-323.630615234375,-300.8621520996094,108.25556945800781,43.30222702026367,43.30222702026367,-301.4432373046875,,,,,,,,,,,,,,,,,,,,,,,,,,,,,,,,,,,,,,,,,,,,,,,
1.775875298229809e+18,-374.9729919433594,-1250.5228271484375,-375.5249328613281,-75.05068969726562,-499.8858947753906,-374.7885437011719,-363.026611328125,-375.2242736816406,,,,,,,,,,,,,,,,,,,,,,,,,,,,,,,,,,,,,,,,,,,,,,,,,,,,,,,,,,,,,,,,,,,
1.7758752982298432e+18,,,,,,,,,-374.9102783203125,-1250.812744140625,-375.1200866699219,-74.96888732910156,-74.93778991699219,-74.96151733398438,-500.0321960449219,-375.3025207519531,,,,,,,,,,,,,,,,,,,,,,,,,,,,,,,,,,,,,,,,,,,,,,,,,,,,,,,,,,,
1.7758752982306076e+18,,,,,,,,,,,,,,,,,,,,,,,,,,,,,-215.71531677246094,-21.571531295776367,-21.570873260498047,-21.571531295776367,-21.571531295776367,-21.571531295776367,-180.34500122070312,,,,,,,,,,,,,,,,,,,,,,,,,,,,,,,,,,,,,,,,
1.77587529823066e+18,,,,,,,,,,,,,,,,,-332.3699951171875,-306.8417663574219,-298.79229736328125,-324.550537109375,-284.5332946777344,-307.5317077636719,-302.2420654296875,-282.69342041015625,108.25556945800781,43.30222702026367,43.30222702026367,-300.981201171875,,,,,,,,,,,,,,,,,,,,,,,,,,,,,,,,,,,,,,,,,,,,,,,
1.7758752982308093e+18,-375.24993896484375,-1250.5228271484375,-374.8785705566406,-74.97687530517578,-499.47576904296875,-374.7577819824219,-375.7394104003906,-375.3780212402344,,,,,,,,,,,,,,,,,,,,,,,,,,,,,,,,,,,,,,,,,,,,,,,,,,,,,,,,,,,,,,,,,,,
1.7758752982308431e+18,,,,,,,,,-375.1867980957031,-1249.8905029296875,-374.9048767089844,-74.96888732910156,-74.96238708496094,-74.94306182861328,-499.9091491699219,-375.11798095703125,,,,,,,,,,,,,,,,,,,,,,,,,,,,,,,,,,,,,,,,,,,,,,,,,,,,,,,,,,,
1.7758752982316078e+18,,,,,,,,,,,,,,,,,,,,,,,,,,,,,-215.71531677246094,-21.571531295776367,-21.571531295776367,-21.571531295776367,-21.571531295776367,-21.571531295776367,-180.34500122070312,,,,,,,,,,,,,,,,,,,,,,,,,,,,,,,,,,,,,,,,
1.77587529823166e+18,,,,,,,,,,,,,,,,,-315.1211853027344,-284.5332946777344,-308.681640625,-286.8331298828125,-312.1313781738281,-293.962646484375,-303.3919982910156,-306.61175537109375,108.25556945800781,43.30222702026367,43.30222702026367,-301.2430114746094,,,,,,,,,,,,,,,,,,,,,,,,,,,,,,,,,,,,,,,,,,,,,,,
1.7758752982318098e+18,-374.8807067871094,-1249.3944091796875,-375.2171325683594,-75.07530212402344,-500.1730041503906,-374.8193054199219,-362.4725341796875,-375.2550354003906,,,,,,,,,,,,,,,,,,,,,,,,,,,,,,,,,,,,,,,,,,,,,,,,,,,,,,,,,,,,,,,,,,,
1.775875298231843e+18,,,,,,,,,-374.5108337402344,-1249.8905029296875,-375.1816101074219,-75.00577545166016,-74.94393920898438,-74.96151733398438,-499.9911804199219,-375.425537109375,,,,,,,,,,,,,,,,,,,,,,,,,,,,,,,,,,,,,,,,,,,,,,,,,,,,,,,,,,,
1.775875298232026e+18,,,,,,,,,,,,,,,,,,,,,,,,,,,,,,,,,,,,,,,,,,,,,,,,,,0.0,0.0,0.0,,,,,,,,,,,,,,,,,,,,,,,
1.7758752982326077e+18,,,,,,,,,,,,,,,,,,,,,,,,,,,,,-215.71531677246094,-21.572189331054688,-21.571531295776367,-21.571531295776367,-21.570873260498047,-21.571531295776367,-180.4435272216797,,,,,,,,,,,,,,,,,,,,,,,,,,,,,,,,,,,,,,,,
1.77587529823266e+18,,,,,,,,,,,,,,,,,-291.66278076171875,-304.77191162109375,-282.92340087890625,-307.9916687011719,-291.66278076171875,-301.3221435546875,-292.8127136230469,-304.5419006347656,108.25556945800781,43.30222702026367,43.30222702026367,-300.1341552734375,,,,,,,,,,,,,,,,,,,,,,,,,,,,,,,,,,,,,,,,,,,,,,,
1.7758752982328102e+18,-375.31146240234375,-1250.83056640625,-374.8785705566406,-74.97687530517578,-500.0909729003906,-375.5270080566406,-379.6178894042969,-374.76300048828125,,,,,,,,,,,,,,,,,,,,,,,,,,,,,,,,,,,,,,,,,,,,,,,,,,,,,,,,,,,,,,,,,,,
1.7758752982328433e+18,,,,,,,,,-375.1867980957031,-1249.275634765625,-374.566650390625,-74.9873275756836,-75.01158905029297,-75.04151153564453,-499.7861022949219,-374.6874084472656,,,,,,,,,,,,,,,,,,,,,,,,,,,,,,,,,,,,,,,,,,,,,,,,,,,,,,,,,,,
1.7758752982336077e+18,,,,,,,,,,,,,,,,,,,,,,,,,,,,,-215.71531677246094,-21.571531295776367,-21.571531295776367,-21.571531295776367,-21.571531295776367,-21.571531295776367,-180.45994567871094,,,,,,,,,,,,,,,,,,,,,,,,,,,,,,,,,,,,,,,,
1.7758752982336602e+18,,,,,,,,,,,,,,,,,-323.400634765625,-294.192626953125,-282.0034484863281,-310.9814758300781,-278.5536804199219,-276.48382568359375,-303.8519592285156,-278.3236999511719,108.25556945800781,43.30222702026367,43.30222702026367,-300.08795166015625,,,,,,,,,,,,,,,,,,,,,,,,,,,,,,,,,,,,,,,,,,,,,,,
1.7758752982338107e+18,-374.9729919433594,-1250.1124267578125,-375.15557861328125,-75.06299591064453,-500.4190673828125,-375.2193298339844,-381.926513671875,-375.3472900390625,,,,,,,,,,,,,,,,,,,,,,,,,,,,,,,,,,,,,,,,,,,,,,,,,,,,,,,,,,,,,,,,,,,
1.7758752982338432e+18,,,,,,,,,-374.787353515625,-1249.173095703125,-374.8126220703125,-74.99962615966797,-74.95008850097656,-74.9676742553711,-499.8681335449219,-374.6874084472656,,,,,,,,,,,,,,,,,,,,,,,,,,,,,,,,,,,,,,,,,,,,,,,,,,,,,,,,,,,
1.7758752982346076e+18,,,,,,,,,,,,,,,,,,,,,,,,,,,,,-215.71531677246094,-21.570873260498047,-21.570873260498047,-21.571531295776367,-21.571531295776367,-21.572189331054688,-180.45994567871094,,,,,,,,,,,,,,,,,,,,,,,,,,,,,,,,,,,,,,,,
1.77587529823466e+18,,,,,,,,,,,,,,,,,-276.71380615234375,-304.3119201660156,-271.1941833496094,-303.3919982910156,-273.4940490722656,-291.43280029296875,-269.8143005371094,-299.2522888183594,108.25556945800781,43.30222702026367,43.30222702026367,-299.3949279785156,,,,,,,,,,,,,,,,,,,,,,,,,,,,,,,,,,,,,,,,,,,,,,,
1.7758752982348111e+18,-374.6960754394531,-1250.215087890625,-375.1863708496094,-74.9645767211914,-499.59881591796875,-375.4346923828125,-379.92572021484375,-374.8860168457031,,,,,,,,,,,,,,,,,,,,,,,,,,,,,,,,,,,,,,,,,,,,,,,,,,,,,,,,,,,,,,,,,,,
1.7758752982348431e+18,,,,,,,,,-375.00244140625,-1250.915283203125,-374.72039794921875,-74.97503662109375,-75.01158905029297,-74.97998046875,-499.5400390625,-374.8719482421875,,,,,,,,,,,,,,,,,,,,,,,,,,,,,,,,,,,,,,,,,,,,,,,,,,,,,,,,,,,
1.7758752982356076e+18,,,,,,,,,,,,,,,,,,,,,,,,,,,,,-215.71531677246094,-21.571531295776367,-21.570873260498047,-21.571531295776367,-21.571531295776367,-21.572189331054688,-180.57489013671875,,,,,,,,,,,,,,,,,,,,,,,,,,,,,,,,,,,,,,,,
1.77587529823566e+18,,,,,,,,,,,,,,,,,-306.38177490234375,-282.46343994140625,-309.37158203125,-280.8535461425781,-307.7616882324219,-277.8637390136719,-302.9320373535156,-282.92340087890625,108.25556945800781,43.30222702026367,43.30222702026367,-299.1023254394531,,,,,,,,,,,,,,,,,,,,,,,,,,,,,,,,,,,,,,,,,,,,,,,
1.7758752982358116e+18,-375.31146240234375,-1251.2408447265625,-374.90936279296875,-74.9707260131836,-500.0499572753906,-375.55780029296875,-378.3866271972656,-374.8860168457031,,,,,,,,,,,,,,,,,,,,,,,,,,,,,,,,,,,,,,,,,,,,,,,,,,,,,,,,,,,,,,,,,,,
1.7758752982358433e+18,,,,,,,,,-375.1867980957031,-1249.275634765625,-374.6281433105469,-74.99347686767578,-75.01773834228516,-75.0230484008789,-499.6220397949219,-374.8104248046875,,,,,,,,,,,,,,,,,,,,,,,,,,,,,,,,,,,,,,,,,,,,,,,,,,,,,,,,,,,
1.7758752982364723e+18,,,,,,,,,,,,,,,,,,,,,,,,,,,,,,,,,,,,,,,,,,,,,,,,,,,,,0.0,0.0,0.0,0.0,0.0,0.0,0.0,0.0,0.0,0.0,0.0,0.0,0.0,0.0,0.0,0.0,0.0,0.0,0.0,0.0,0.0,0.0,0.0
1.7758752982366075e+18,,,,,,,,,,,,,,,,,,,,,,,,,,,,,-215.71531677246094,-21.571531295776367,-21.571531295776367,-21.571531295776367,-21.571531295776367,-21.572189331054688,-180.525634765625,,,,,,,,,,,,,,,,,,,,,,,,,,,,,,,,,,,,,,,,
1.77587529823666e+18,,,,,,,,,,,,,,,,,-295.112548828125,-279.93359375,-272.5740966796875,-293.2726745605469,-258.3150634765625,-292.1227722167969,-253.48541259765625,-299.02227783203125,108.25556945800781,43.30222702026367,43.30222702026367,-299.61053466796875,,,,,,,,,,,,,,,,,,,,,,,,,,,,,,,,,,,,,,,,,,,,,,,
1.775875298236812e+18,-375.31146240234375,-1250.0098876953125,-374.7554626464844,-75.00763702392578,-500.5010986328125,-375.55780029296875,-373.9233093261719,-374.82452392578125,,,,,,,,,,,,,,,,,,,,,,,,,,,,,,,,,,,,,,,,,,,,,,,,,,,,,,,,,,,,,,,,,,,
1.7758752982368433e+18,,,,,,,,,-375.00244140625,-1249.4805908203125,-374.72039794921875,-75.01807403564453,-75.01773834228516,-74.96151733398438,-499.4580078125,-374.9949645996094,,,,,,,,,,,,,,,,,,,,,,,,,,,,,,,,,,,,,,,,,,,,,,,,,,,,,,,,,,,
1.7758752982376074e+18,,,,,,,,,,,,,,,,,,,,,,,,,,,,,-215.71531677246094,-21.571531295776367,-21.571531295776367,-21.571531295776367,-21.571531295776367,-21.571531295776367,-180.4763641357422,,,,,,,,,,,,,,,,,,,,,,,,,,,,,,,,,,,,,,,,
1.77587529823766e+18,,,,,,,,,,,,,,,,,-276.9438171386719,-266.1345520019531,-291.20281982421875,-288.6730041503906,-252.10549926757812,-285.9131774902344,-288.2130432128906,-272.3441162109375,108.25556945800781,43.30222702026367,43.30222702026367,-298.85589599609375,,,,,,,,,,,,,,,,,,,,,,,,,,,,,,,,,,,,,,,,,,,,,,,
1.7758752982378125e+18,-375.1883850097656,-1250.420166015625,-375.2479248046875,-75.03839111328125,-500.5831298828125,-375.4962463378906,-378.6944580078125,-374.6400146484375,,,,,,,,,,,,,,,,,,,,,,,,,,,,,,,,,,,,,,,,,,,,,,,,,,,,,,,,,,,,,,,,,,,
1.7758752982378432e+18,,,,,,,,,-374.7566223144531,-1249.992919921875,-374.9971008300781,-75.01807403564453,-75.03003692626953,-75.05381774902344,-500.3193054199219,-375.0257263183594,,,,,,,,,,,,,,,,,,,,,,,,,,,,,,,,,,,,,,,,,,,,,,,,,,,,,,,,,,,
1.7758752982386076e+18,,,,,,,,,,,,,,,,,,,,,,,,,,,,,-215.71531677246094,-21.571531295776367,-21.571531295776367,-21.570873260498047,-21.571531295776367,-21.571531295776367,-180.4763641357422,,,,,,,,,,,,,,,,,,,,,,,,,,,,,,,,,,,,,,,,
1.77587529823866e+18,,,,,,,,,,,,,,,,,-261.99481201171875,-293.732666015625,-258.0850830078125,-300.1722106933594,-259.4649963378906,-287.9830322265625,-254.6353302001953,-294.652587890625,108.25556945800781,43.30222702026367,43.30222702026367,-299.8261413574219,,,,,,,,,,,,,,,,,,,,,,,,,,,,,,,,,,,,,,,,,,,,,,,
1.775875298238813e+18,-375.0653076171875,-1251.548583984375,-374.9709167480469,-74.9522705078125,-500.0909729003906,-375.61932373046875,-376.32427978515625,-374.82452392578125,,,,,,,,,,,,,,,,,,,,,,,,,,,,,,,,,,,,,,,,,,,,,,,,,,,,,,,,,,,,,,,,,,,
1.7758752982388431e+18,,,,,,,,,-375.3404541015625,-1249.8905029296875,-374.8433837890625,-75.00577545166016,-75.05463409423828,-74.97998046875,-499.7040710449219,-375.11798095703125,,,,,,,,,,,,,,,,,,,,,,,,,,,,,,,,,,,,,,,,,,,,,,,,,,,,,,,,,,,
1.7758752982396076e+18,,,,,,,,,,,,,,,,,,,,,,,,,,,,,-215.71531677246094,-21.572189331054688,-21.571531295776367,-21.571531295776367,-21.571531295776367,-21.571531295776367,-180.45994567871094,,,,,,,,,,,,,,,,,,,,,,,,,,,,,,,,,,,,,,,,
1.77587529823966e+18,,,,,,,,,,,,,,,,,-292.1227722167969,-264.984619140625,-288.9029846191406,-267.5144348144531,-290.51287841796875,-261.99481201171875,-284.9932556152344,-264.754638671875,108.25556945800781,43.30222702026367,43.30222702026367,-298.10125732421875,,,,,,,,,,,,,,,,,,,,,,,,,,,,,,,,,,,,,,,,,,,,,,,
1.7758752982396726e+18,,,,,,,,,,,,,,,,,,,,,,,,,,,,,,,,,,,,,,,,,,,,,,,,,,0.0,0.0,0.0,,,,,,,,,,,,,,,,,,,,,,,
1.7758752982398134e+18,-375.1268615722656,-1249.599609375,-374.8785705566406,-75.07530212402344,-500.0499572753906,-374.8193054199219,-370.50653076171875,-375.50103759765625,,,,,,,,,,,,,,,,,,,,,,,,,,,,,,,,,,,,,,,,,,,,,,,,,,,,,,,,,,,,,,,,,,,
1.7758752982398433e+18,,,,,,,,,-374.572265625,-1249.5830078125,-375.1508483886719,-74.97503662109375,-74.93778991699219,-74.9922866821289,-500.1552429199219,-374.8104248046875,,,,,,,,,,,,,,,,,,,,,,,,,,,,,,,,,,,,,,,,,,,,,,,,,,,,,,,,,,,
1.7758752982398518e+18,,,,,,,,,,,,,,,,,,,,,,,,,,,,,,,,,,,,2297.534423828125,22.049829483032227,2297.534423828125,2297.534423828125,2297.534423828125,2297.534423828125,2297.534423828125,24.70879554748535,2297.534423828125,2297.534423828125,2297.534423828125,2297.534423828125,2297.534423828125,2297.534423828125,,,,,,,,,,,,,,,,,,,,,,,,,,
1.7758752982406075e+18,,,,,,,,,,,,,,,,,,,,,,,,,,,,,-215.71531677246094,-21.570873260498047,-21.571531295776367,-21.570873260498047,-21.571531295776367,-21.571531295776367,-180.45994567871094,,,,,,,,,,,,,,,,,,,,,,,,,,,,,,,,,,,,,,,,
1.77587529824066e+18,,,,,,,,,,,,,,,,,-266.8244934082031,-300.1722106933594,-295.112548828125,-286.1431579589844,-309.6015625,-289.3629455566406,-267.5144348144531,-305.23187255859375,108.25556945800781,43.30222702026367,43.30222702026367,-298.9790954589844,,,,,,,,,,,,,,,,,,,,,,,,,,,,,,,,,,,,,,,,,,,,,,,
1.775875298240814e+18,-374.6960754394531,-1249.086669921875,-374.7247009277344,-74.9645767211914,-499.51678466796875,-374.63470458984375,-367.18212890625,-374.6092529296875,,,,,,,,,,,,,,,,,,,,,,,,,,,,,,,,,,,,,,,,,,,,,,,,,,,,,,,,,,,,,,,,,,,
1.7758752982408433e+18,,,,,,,,,-375.06390380859375,-1250.1978759765625,-375.1200866699219,-74.99347686767578,-74.95623779296875,-74.9676742553711,-499.7450866699219,-374.7489318847656,,,,,,,,,,,,,,,,,,,,,,,,,,,,,,,,,,,,,,,,,,,,,,,,,,,,,,,,,,,
1.7758752982416074e+18,,,,,,,,,,,,,,,,,,,,,,,,,,,,,-215.708740234375,-21.571531295776367,-21.571531295776367,-21.571531295776367,-21.571531295776367,-21.572189331054688,-180.42710876464844,,,,,,,,,,,,,,,,,,,,,,,,,,,,,,,,,,,,,,,,
1.77587529824166e+18,,,,,,,,,,,,,,,,,-303.8519592285156,-271.4241943359375,-299.9422302246094,-274.1839904785156,-294.882568359375,-274.8739318847656,-291.20281982421875,-279.013671875,108.25556945800781,43.30222702026367,43.30222702026367,-299.9339599609375,,,,,,,,,,,,,,,,,,,,,,,,,,,,,,,,,,,,,,,,,,,,,,,
1.7758752982418145e+18,-374.9114685058594,-1249.1893310546875,-375.1863708496094,-75.05068969726562,-500.0909729003906,-374.5423889160156,-367.18212890625,-375.13201904296875,,,,,,,,,,,,,,,,,,,,,,,,,,,,,,,,,,,,,,,,,,,,,,,,,,,,,,,,,,,,,,,,,,,
1.7758752982418432e+18,,,,,,,,,-374.7566223144531,-1250.095458984375,-375.3660888671875,-75.0365219116211,-74.97468566894531,-74.97382354736328,-499.9911804199219,-375.364013671875,,,,,,,,,,,,,,,,,,,,,,,,,,,,,,,,,,,,,,,,,,,,,,,,,,,,,,,,,,,
1.7758752982426074e+18,,,,,,,,,,,,,,,,,,,,,,,,,,,,,-215.708740234375,-21.571531295776367,-21.571531295776367,-21.571531295776367,-21.571531295776367,-21.571531295776367,-180.36141967773438,,,,,,,,,,,,,,,,,,,,,,,,,,,,,,,,,,,,,,,,
1.7758752982426598e+18,,,,,,,,,,,,,,,,,-294.192626953125,-295.342529296875,-289.3629455566406,-301.7821044921875,-278.78369140625,-301.3221435546875,-272.3441162109375,-304.0819396972656,108.25556945800781,43.30222702026367,43.30222702026367,-300.7039794921875,,,,,,,,,,,,,,,,,,,,,,,,,,,,,,,,,,,,,,,,,,,,,,,
1.775875298242815e+18,-374.8807067871094,-1251.2408447265625,-375.12481689453125,-74.98302459716797,-499.8448791503906,-375.5270080566406,-376.6628723144531,-374.8552551269531,,,,,,,,,,,,,,,,,,,,,,,,,,,,,,,,,,,,,,,,,,,,,,,,,,,,,,,,,,,,,,,,,,,
1.7758752982428434e+18,,,,,,,,,-375.0331726074219,-1250.1978759765625,-374.6281433105469,-74.9873275756836,-75.02388763427734,-74.96151733398438,-499.4580078125,-375.0257263183594,,,,,,,,,,,,,,,,,,,,,,,,,,,,,,,,,,,,,,,,,,,,,,,,,,,,,,,,,,,
1.7758752982436073e+18,,,,,,,,,,,,,,,,,,,,,,,,,,,,,-215.71531677246094,-21.570873260498047,-21.571531295776367,-21.571531295776367,-21.571531295776367,-21.571531295776367,-180.31214904785156,,,,,,,,,,,,,,,,,,,,,,,,,,,,,,,,,,,,,,,,
1.775875298243626e+18,,,,,,,,,,,,,,,,,,,,,,,,,,,,,,,,,,,,,,,,,,,,,,,,,,,,,0.0,0.0,0.0,0.0,0.0,0.0,0.0,0.0,0.0,0.0,0.0,0.0,0.0,0.0,0.0,0.0,0.0,0.0,0.0,0.0,0.0,0.0,0.0
1.77587529824366e+18,,,,,,,,,,,,,,,,,-306.8417663574219,-297.41241455078125,-305.69183349609375,-307.0717468261719,-295.112548828125,-312.36138916015625,-288.6730041503906,-320.41082763671875,108.25556945800781,43.30222702026367,43.30222702026367,-302.2902526855469,,,,,,,,,,,,,,,,,,,,,,,,,,,,,,,,,,,,,,,,,,,,,,,
1.7758752982438154e+18,-374.78839111328125,-1250.317626953125,-375.4325866699219,-74.98918151855469,-499.68084716796875,-375.12701416015625,-383.52716064453125,-375.0397644042969,,,,,,,,,,,,,,,,,,,,,,,,,,,,,,,,,,,,,,,,,,,,,,,,,,,,,,,,,,,,,,,,,,,
1.7758752982438433e+18,,,,,,,,,-375.0946350097656,-1251.017822265625,-374.93560791015625,-74.97503662109375,-75.00543975830078,-75.04766082763672,-499.9911804199219,-374.7796936035156,,,,,,,,,,,,,,,,,,,,,,,,,,,,,,,,,,,,,,,,,,,,,,,,,,,,,,,,,,,
1.7758752982446075e+18,,,,,,,,,,,,,,,,,,,,,,,,,,,,,-215.71531677246094,-21.571531295776367,-21.571531295776367,-21.571531295776367,-21.571531295776367,-21.571531295776367,-180.2957305908203,,,,,,,,,,,,,,,,,,,,,,,,,,,,,,,,,,,,,,,,
1.77587529824466e+18,,,,,,,,,,,,,,,,,-277.4037780761719,-317.8810119628906,-281.5434875488281,-324.550537109375,-285.9131774902344,-313.51129150390625,-278.78369140625,-315.5811462402344,108.25556945800781,43.30222702026367,43.30222702026367,-301.2892150878906,,,,,,,,,,,,,,,,,,,,,,,,,,,,,,,,,,,,,,,,,,,,,,,
1.775875298244816e+18,-374.9422302246094,-1248.7789306640625,-374.9401550292969,-75.01993560791016,-500.5010986328125,-374.8193054199219,-366.68963623046875,-375.009033203125,,,,,,,,,,,,,,,,,,,,,,,,,,,,,,,,,,,,,,,,,,,,,,,,,,,,,,,,,,,,,,,,,,,
1.7758752982448433e+18,,,,,,,,,-374.7259216308594,-1249.685546875,-375.24310302734375,-75.0365219116211,-74.9931411743164,-74.94921112060547,-499.4169921875,-374.8719482421875,,,,,,,,,,,,,,,,,,,,,,,,,,,,,,,,,,,,,,,,,,,,,,,,,,,,,,,,,,,
1.7758752982456074e+18,,,,,,,,,,,,,,,,,,,,,,,,,,,,,-215.7218780517578,-21.571531295776367,-21.571531295776367,-21.571531295776367,-21.571531295776367,-21.571531295776367,-180.37783813476562,,,,,,,,,,,,,,,,,,,,,,,,,,,,,,,,,,,,,,,,
1.77587529824566e+18,,,,,,,,,,,,,,,,,-297.1824035644531,-294.652587890625,-321.33074951171875,-300.4021911621094,-285.2232360839844,-317.4210205078125,-295.8025207519531,-301.5521240234375,108.25556945800781,43.30222702026367,43.30222702026367,-301.5202331542969,,,,,,,,,,,,,,,,,,,,,,,,,,,,,,,,,,,,,,,,,,,,,,,
1.7758752982458163e+18,-375.28070068359375,-1250.83056640625,-374.69390869140625,-74.9399642944336,-499.80389404296875,-375.18853759765625,-383.52716064453125,-375.2242736816406,,,,,,,,,,,,,,,,,,,,,,,,,,,,,,,,,,,,,,,,,,,,,,,,,,,,,,,,,,,,,,,,,,,
1.7758752982458435e+18,,,,,,,,,-375.4633483886719,-1250.50537109375,-374.8433837890625,-74.98118591308594,-74.97468566894531,-75.04766082763672,-500.0321960449219,-374.6874084472656,,,,,,,,,,,,,,,,,,,,,,,,,,,,,,,,,,,,,,,,,,,,,,,,,,,,,,,,,,,
1.7758752982465715e+18,,,,,,,,,,,,,,,,,,,,,,,,,,,,,,,,,,,,,,,,,,,,,,,,,,0.0,0.0,0.0,,,,,,,,,,,,,,,,,,,,,,,
1.7758752982466074e+18,,,,,,,,,,,,,,,,,,,,,,,,,,,,,-215.708740234375,-21.571531295776367,-21.571531295776367,-21.571531295776367,-21.571531295776367,-21.571531295776367,-180.34500122070312,,,,,,,,,,,,,,,,,,,,,,,,,,,,,,,,,,,,,,,,
1.7758752982466598e+18,,,,,,,,,,,,,,,,,-308.681640625,-322.0207214355469,-304.77191162109375,-337.6596374511719,-304.0819396972656,-328.23028564453125,-299.4822692871094,-330.7601013183594,108.25556945800781,43.30222702026367,43.30222702026367,-300.2265625,,,,,,,,,,,,,,,,,,,,,,,,,,,,,,,,,,,,,,,,,,,,,,,
1.7758752982468168e+18,-374.6653137207031,-1250.0098876953125,-375.2479248046875,-74.98918151855469,-499.8448791503906,-375.58856201171875,-374.9698791503906,-375.009033203125,,,,,,,,,,,,,,,,,,,,,,,,,,,,,,,,,,,,,,,,,,,,,,,,,,,,,,,,,,,,,,,,,,,
1.7758752982468434e+18,,,,,,,,,-375.00244140625,-1250.6077880859375,-374.6281433105469,-74.99347686767578,-75.02388763427734,-74.97382354736328,-499.7450866699219,-375.364013671875,,,,,,,,,,,,,,,,,,,,,,,,,,,,,,,,,,,,,,,,,,,,,,,,,,,,,,,,,,,
1.7758752982476073e+18,,,,,,,,,,,,,,,,,,,,,,,,,,,,,-215.708740234375,-21.572189331054688,-21.571531295776367,-21.571531295776367,-21.571531295776367,-21.571531295776367,-180.39425659179688,,,,,,,,,,,,,,,,,,,,,,,,,,,,,,,,,,,,,,,,
1.77587529824766e+18,,,,,,,,,,,,,,,,,-302.7020263671875,-282.46343994140625,-318.1109924316406,-298.56231689453125,-301.3221435546875,-325.9304504394531,-291.43280029296875,-312.1313781738281,108.25556945800781,43.30222702026367,43.30222702026367,-301.0736083984375,,,,,,,,,,,,,,,,,,,,,,,,,,,,,,,,,,,,,,,,,,,,,,,
1.7758752982478172e+18,-374.7575988769531,-1249.086669921875,-374.8785705566406,-74.9522705078125,-499.8858947753906,-375.2500915527344,-379.55633544921875,-375.4395446777344,,,,,,,,,,,,,,,,,,,,,,,,,,,,,,,,,,,,,,,,,,,,,,,,,,,,,,,,,,,,,,,,,,,
1.7758752982478433e+18,,,,,,,,,-374.7259216308594,-1249.173095703125,-374.72039794921875,-74.97503662109375,-74.93778991699219,-74.97998046875,-500.1142272949219,-375.364013671875,,,,,,,,,,,,,,,,,,,,,,,,,,,,,,,,,,,,,,,,,,,,,,,,,,,,,,,,,,,
1.7758752982486072e+18,,,,,,,,,,,,,,,,,,,,,,,,,,,,,-215.71531677246094,-21.571531295776367,-21.570873260498047,-21.571531295776367,-21.571531295776367,-21.572189331054688,-180.41067504882812,,,,,,,,,,,,,,,,,,,,,,,,,,,,,,,,,,,,,,,,
1.77587529824866e+18,,,,,,,,,,,,,,,,,-296.2624816894531,-297.64239501953125,-292.3527526855469,-310.29150390625,-288.9029846191406,-299.4822692871094,-283.84332275390625,-298.56231689453125,108.25556945800781,43.30222702026367,43.30222702026367,-301.39703369140625,,,,,,,,,,,,,,,,,,,,,,,,,,,,,,,,,,,,,,,,,,,,,,,
1.7758752982488177e+18,-375.24993896484375,-1250.5228271484375,-374.7247009277344,-75.00148010253906,-500.5831298828125,-374.7885437011719,-367.64385986328125,-375.13201904296875,,,,,,,,,,,,,,,,,,,,,,,,,,,,,,,,,,,,,,,,,,,,,,,,,,,,,,,,,,,,,,,,,,,
1.7758752982488433e+18,,,,,,,,,-375.0331726074219,-1249.4805908203125,-375.0278625488281,-75.0365219116211,-74.9808349609375,-74.98612976074219,-500.48333740234375,-375.11798095703125,,,,,,,,,,,,,,,,,,,,,,,,,,,,,,,,,,,,,,,,,,,,,,,,,,,,,,,,,,,
1.7758752982496072e+18,,,,,,,,,,,,,,,,,,,,,,,,,,,,,-215.71531677246094,-21.571531295776367,-21.572189331054688,-21.571531295776367,-21.571531295776367,-21.572189331054688,-180.41067504882812,,,,,,,,,,,,,,,,,,,,,,,,,,,,,,,,,,,,,,,,
1.77587529824966e+18,,,,,,,,,,,,,,,,,-301.5521240234375,-315.5811462402344,-297.1824035644531,-329.1502380371094,-290.97283935546875,-316.9610595703125,-284.30328369140625,-318.1109924316406,108.25556945800781,43.30222702026367,43.30222702026367,-301.68963623046875,,,,,,,,,,,,,,,,,,,,,,,,,,,,,,,,,,,,,,,,,,,,,,,
1.775875298249818e+18,-375.31146240234375,-1250.0098876953125,-374.8478088378906,-75.04454040527344,-500.5831298828125,-374.97314453125,-368.8135681152344,-375.3780212402344,,,,,,,,,,,,,,,,,,,,,,,,,,,,,,,,,,,,,,,,,,,,,,,,,,,,,,,,,,,,,,,,,,,
1.7758752982498435e+18,,,,,,,,,-374.787353515625,-1248.86572265625,-375.05859375,-75.01807403564453,-74.96853637695312,-74.95536804199219,-500.2372741699219,-375.11798095703125,,,,,,,,,,,,,,,,,,,,,,,,,,,,,,,,,,,,,,,,,,,,,,,,,,,,,,,,,,,
1.775875298250607e+18,,,,,,,,,,,,,,,,,,,,,,,,,,,,,-215.71531677246094,-21.571531295776367,-21.570873260498047,-21.571531295776367,-21.571531295776367,-21.571531295776367,-180.41067504882812,,,,,,,,,,,,,,,,,,,,,,,,,,,,,,,,,,,,,,,,
1.7758752982506598e+18,,,,,,,,,,,,,,,,,-305.00189208984375,-295.8025207519531,-291.66278076171875,-308.681640625,-281.7734680175781,-297.41241455078125,-270.7342224121094,-302.7020263671875,108.25556945800781,43.30222702026367,43.30222702026367,-300.9657897949219,,,,,,,,,,,,,,,,,,,,,,,,,,,,,,,,,,,,,,,,,,,,,,,
1.7758752982508186e+18,-374.81915283203125,-1249.1893310546875,-375.0940246582031,-75.08145141601562,-500.2550354003906,-374.72698974609375,-368.9366760253906,-375.2857971191406,,,,,,,,,,,,,,,,,,,,,,,,,,,,,,,,,,,,,,,,,,,,,,,,,,,,,,,,,,,,,,,,,,,
1.7758752982508434e+18,,,,,,,,,-374.8180847167969,-1249.685546875,-375.2738342285156,-74.99962615966797,-74.96238708496094,-74.92459869384766,-500.1142272949219,-375.17950439453125,,,,,,,,,,,,,,,,,,,,,,,,,,,,,,,,,,,,,,,,,,,,,,,,,,,,,,,,,,,
1.7758752982516073e+18,,,,,,,,,,,,,,,,,,,,,,,,,,,,,-215.71531677246094,-21.571531295776367,-21.571531295776367,-21.570873260498047,-21.571531295776367,-21.571531295776367,-180.4435272216797,,,,,,,,,,,,,,,,,,,,,,,,,,,,,,,,,,,,,,,,
1.7758752982516598e+18,,,,,,,,,,,,,,,,,-268.43438720703125,-302.7020263671875,-264.984619140625,-307.5317077636719,-263.1447448730469,-292.5827331542969,-255.55526733398438,-293.0426940917969,108.25556945800781,43.30222702026367,43.30222702026367,-300.1649475097656,,,,,,,,,,,,,,,,,,,,,,,,,,,,,,,,,,,,,,,,,,,,,,,
1.7758752982517632e+18,,,,,,,,,,,,,,,,,,,,,,,,,,,,,,,,,,,,,,,,,,,,,,,,,,,,,0.0,0.0,0.0,0.0,0.0,0.0,0.0,0.0,0.0,0.0,0.0,0.0,0.0,0.0,0.0,0.0,0.0,0.0,0.0,0.0,0.0,0.0,0.0
1.775875298251819e+18,-375.0037841796875,-1251.4459228515625,-374.7247009277344,-74.95841979980469,-500.1319885253906,-375.58856201171875,-375.123779296875,-374.7015075683594,,,,,,,,,,,,,,,,,,,,,,,,,,,,,,,,,,,,,,,,,,,,,,,,,,,,,,,,,,,,,,,,,,,
1.7758752982518433e+18,,,,,,,,,-375.3404541015625,-1249.7879638671875,-374.8433837890625,-75.01807403564453,-75.05463409423828,-74.9922866821289,-499.7861022949219,-374.8719482421875,,,,,,,,,,,,,,,,,,,,,,,,,,,,,,,,,,,,,,,,,,,,,,,,,,,,,,,,,,,
1.7758752982523517e+18,,,,,,,,,,,,,,,,,,,,,,,,,,,,,,,,,,,,2297.56884765625,21.952152252197266,2297.56884765625,2297.56884765625,2297.56884765625,2297.56884765625,2297.56884765625,24.692798614501953,2297.56884765625,2297.56884765625,2297.56884765625,2297.56884765625,2297.56884765625,2297.56884765625,,,,,,,,,,,,,,,,,,,,,,,,,,
1.7758752982526072e+18,,,,,,,,,,,,,,,,,,,,,,,,,,,,,-215.71531677246094,-21.570873260498047,-21.571531295776367,-21.571531295776367,-21.570873260498047,-21.571531295776367,-180.49278259277344,,,,,,,,,,,,,,,,,,,,,,,,,,,,,,,,,,,,,,,,
1.77587529825266e+18,,,,,,,,,,,,,,,,,-264.064697265625,-301.3221435546875,-276.48382568359375,-288.6730041503906,-309.1416015625,-274.4139709472656,-271.6541748046875,-297.1824035644531,108.25556945800781,43.30222702026367,43.30222702026367,-297.90106201171875,,,,,,,,,,,,,,,,,,,,,,,,,,,,,,,,,,,,,,,,,,,,,,,
1.7758752982528195e+18,-375.1268615722656,-1251.3433837890625,-375.4325866699219,-75.03839111328125,-500.6651611328125,-375.58856201171875,-381.7418212890625,-375.50103759765625,,,,,,,,,,,,,,,,,,,,,,,,,,,,,,,,,,,,,,,,,,,,,,,,,,,,,,,,,,,,,,,,,,,
1.7758752982528435e+18,,,,,,,,,-374.8795471191406,-1250.1978759765625,-374.9971008300781,-74.9873275756836,-75.02388763427734,-75.01689910888672,-500.2372741699219,-375.14874267578125,,,,,,,,,,,,,,,,,,,,,,,,,,,,,,,,,,,,,,,,,,,,,,,,,,,,,,,,,,,
1.775875298253458e+18,,,,,,,,,,,,,,,,,,,,,,,,,,,,,,,,,,,,,,,,,,,,,,,,,,0.0,0.0,0.0,,,,,,,,,,,,,,,,,,,,,,,
1.7758752982536072e+18,,,,,,,,,,,,,,,,,,,,,,,,,,,,,-215.7218780517578,-21.571531295776367,-21.570873260498047,-21.571531295776367,-21.570873260498047,-21.572189331054688,-180.5092010498047,,,,,,,,,,,,,,,,,,,,,,,,,,,,,,,,,,,,,,,,
1.77587529825366e+18,,,,,,,,,,,,,,,,,-267.0544738769531,-263.6047058105469,-290.28289794921875,-313.51129150390625,-285.6831970214844,-264.294677734375,-241.75621032714844,-288.6730041503906,108.25556945800781,43.30222702026367,43.30222702026367,-299.9339599609375,,,,,,,,,,,,,,,,,,,,,,,,,,,,,,,,,,,,,,,,,,,,,,,
1.77587529825382e+18,-375.1268615722656,-1251.548583984375,-375.4325866699219,-75.01993560791016,-499.76287841796875,-374.69622802734375,-367.1205749511719,-374.82452392578125,,,,,,,,,,,,,,,,,,,,,,,,,,,,,,,,,,,,,,,,,,,,,,,,,,,,,,,,,,,,,,,,,,,
1.7758752982538435e+18,,,,,,,,,-375.0946350097656,-1250.1978759765625,-375.4275817871094,-75.0365219116211,-74.9992904663086,-74.95536804199219,-499.5400390625,-374.6874084472656,,,,,,,,,,,,,,,,,,,,,,,,,,,,,,,,,,,,,,,,,,,,,,,,,,,,,,,,,,,
1.775875298254607e+18,,,,,,,,,,,,,,,,,,,,,,,,,,,,,-215.71531677246094,-21.571531295776367,-21.571531295776367,-21.571531295776367,-21.570873260498047,-21.571531295776367,-180.525634765625,,,,,,,,,,,,,,,,,,,,,,,,,,,,,,,,,,,,,,,,
1.7758752982546598e+18,,,,,,,,,,,,,,,,,-301.7821044921875,-294.422607421875,-264.984619140625,-257.8551025390625,-284.7632751464844,-307.7616882324219,-272.5740966796875,-261.30487060546875,108.25556945800781,43.30222702026367,43.30222702026367,-300.041748046875,,,,,,,,,,,,,,,,,,,,,,,,,,,,,,,,,,,,,,,,,,,,,,,
1.7758752982548204e+18,-375.1576232910156,-1251.2408447265625,-375.1863708496094,-75.08760070800781,-500.4190673828125,-375.3424072265625,-369.1213684082031,-374.947509765625,,,,,,,,,,,,,,,,,,,,,,,,,,,,,,,,,,,,,,,,,,,,,,,,,,,,,,,,,,,,,,,,,,,
1.7758752982548434e+18,,,,,,,,,-375.1253662109375,-1249.7879638671875,-374.8433837890625,-74.97503662109375,-74.93778991699219,-74.95536804199219,-499.4580078125,-374.8719482421875,,,,,,,,,,,,,,,,,,,,,,,,,,,,,,,,,,,,,,,,,,,,,,,,,,,,,,,,,,,
1.775875298255607e+18,,,,,,,,,,,,,,,,,,,,,,,,,,,,,-215.708740234375,-21.571531295776367,-21.571531295776367,-21.571531295776367,-21.571531295776367,-21.571531295776367,-180.525634765625,,,,,,,,,,,,,,,,,,,,,,,,,,,,,,,,,,,,,,,,
1.7758752982556598e+18,,,,,,,,,,,,,,,,,-283.38336181640625,-277.1737976074219,-299.4822692871094,-267.5144348144531,-282.2334289550781,-275.33392333984375,-248.65574645996094,-296.4924621582031,108.25556945800781,43.30222702026367,43.30222702026367,-298.8404846191406,,,,,,,,,,,,,,,,,,,,,,,,,,,,,,,,,,,,,,,,,,,,,,,
1.7758752982558208e+18,-374.8807067871094,-1250.6253662109375,-375.3094787597656,-75.05684661865234,-500.2550354003906,-375.61932373046875,-383.52716064453125,-375.0397644042969,,,,,,,,,,,,,,,,,,,,,,,,,,,,,,,,,,,,,,,,,,,,,,,,,,,,,,,,,,,,,,,,,,,
1.7758752982558433e+18,,,,,,,,,-374.6029968261719,-1249.3780517578125,-374.9971008300781,-75.01807403564453,-75.03618621826172,-75.0107421875,-500.56536865234375,-375.2102355957031,,,,,,,,,,,,,,,,,,,,,,,,,,,,,,,,,,,,,,,,,,,,,,,,,,,,,,,,,,,
1.775875298256607e+18,,,,,,,,,,,,,,,,,,,,,,,,,,,,,-215.708740234375,-21.571531295776367,-21.571531295776367,-21.571531295776367,-21.571531295776367,-21.571531295776367,-180.4435272216797,,,,,,,,,,,,,,,,,,,,,,,,,,,,,,,,,,,,,,,,
1.77587529825666e+18,,,,,,,,,,,,,,,,,-279.93359375,-315.1211853027344,-286.1431579589844,-295.112548828125,-291.20281982421875,-262.6847839355469,-282.69342041015625,-270.9642028808594,108.25556945800781,43.30222702026367,43.30222702026367,-299.99554443359375,,,,,,,,,,,,,,,,,,,,,,,,,,,,,,,,,,,,,,,,,,,,,,,
1.7758752982568212e+18,-374.7268371582031,-1248.5738525390625,-374.8170166015625,-75.01378631591797,-500.5831298828125,-375.09625244140625,-367.551513671875,-375.0705261230469,,,,,,,,,,,,,,,,,,,,,,,,,,,,,,,,,,,,,,,,,,,,,,,,,,,,,,,,,,,,,,,,,,,
1.7758752982568435e+18,,,,,,,,,-374.8180847167969,-1249.5830078125,-375.05859375,-75.04267120361328,-74.9992904663086,-74.9676742553711,-499.7450866699219,-375.2102355957031,,,,,,,,,,,,,,,,,,,,,,,,,,,,,,,,,,,,,,,,,,,,,,,,,,,,,,,,,,,
1.775875298257607e+18,,,,,,,,,,,,,,,,,,,,,,,,,,,,,-215.71531677246094,-21.571531295776367,-21.571531295776367,-21.571531295776367,-21.571531295776367,-21.571531295776367,-180.45994567871094,,,,,,,,,,,,,,,,,,,,,,,,,,,,,,,,,,,,,,,,
1.77587529825766e+18,,,,,,,,,,,,,,,,,-266.3645324707031,-284.9932556152344,-305.23187255859375,-273.7240295410156,-291.8927917480469,-303.6219787597656,-269.5843200683594,-315.5811462402344,108.25556945800781,43.30222702026367,43.30222702026367,-298.1166687011719,,,,,,,,,,,,,,,,,,,,,,,,,,,,,,,,,,,,,,,,,,,,,,,
1.7758752982578217e+18,-375.24993896484375,-1251.2408447265625,-375.2171325683594,-75.08760070800781,-500.2960205078125,-374.880859375,-363.765380859375,-374.6400146484375,,,,,,,,,,,,,,,,,,,,,,,,,,,,,,,,,,,,,,,,,,,,,,,,,,,,,,,,,,,,,,,,,,,
1.7758752982578435e+18,,,,,,,,,-375.0946350097656,-1250.6077880859375,-375.3045959472656,-75.01192474365234,-75.05463409423828,-75.02920532226562,-499.9091491699219,-374.6874084472656,,,,,,,,,,,,,,,,,,,,,,,,,,,,,,,,,,,,,,,,,,,,,,,,,,,,,,,,,,,
1.775875298258607e+18,,,,,,,,,,,,,,,,,,,,,,,,,,,,,-215.71531677246094,-21.571531295776367,-21.571531295776367,-21.571531295776367,-21.571531295776367,-21.571531295776367,-180.39425659179688,,,,,,,,,,,,,,,,,,,,,,,,,,,,,,,,,,,,,,,,
1.7758752982586598e+18,,,,,,,,,,,,,,,,,-297.87237548828125,-270.9642028808594,-309.83154296875,-297.1824035644531,-284.7632751464844,-314.8912048339844,-274.6439514160156,-311.6714172363281,108.25556945800781,43.30222702026367,43.30222702026367,-298.332275390625,,,,,,,,,,,,,,,,,,,,,,,,,,,,,,,,,,,,,,,,,,,,,,,
1.7758752982588221e+18,-374.7575988769531,-1248.5738525390625,-374.90936279296875,-75.02608489990234,-500.6651611328125,-375.2193298339844,-368.8751220703125,-375.009033203125,,,,,,,,,,,,,,,,,,,,,,,,,,,,,,,,,,,,,,,,,,,,,,,,,,,,,,,,,,,,,,,,,,,
1.7758752982588434e+18,,,,,,,,,-374.7566223144531,-1249.3780517578125,-374.96636962890625,-75.0365219116211,-75.01158905029297,-74.97382354736328,-499.9911804199219,-375.364013671875,,,,,,,,,,,,,,,,,,,,,,,,,,,,,,,,,,,,,,,,,,,,,,,,,,,,,,,,,,,
1.7758752982589332e+18,,,,,,,,,,,,,,,,,,,,,,,,,,,,,,,,,,,,,,,,,,,,,,,,,,,,,0.0,0.0,0.0,0.0,0.0,0.0,0.0,0.0,0.0,0.0,0.0,0.0,0.0,0.0,0.0,0.0,0.0,0.0,0.0,0.0,0.0,0.0,0.0
1.775875298259607e+18,,,,,,,,,,,,,,,,,,,,,,,,,,,,,-215.71531677246094,-21.571531295776367,-21.571531295776367,-21.571531295776367,-21.571531295776367,-21.571531295776367,-180.37783813476562,,,,,,,,,,,,,,,,,,,,,,,,,,,,,,,,,,,,,,,,
1.7758752982596598e+18,,,,,,,,,,,,,,,,,-313.28131103515625,-293.2726745605469,-321.5607604980469,-309.1416015625,-286.3731689453125,-311.2114562988281,-270.5042419433594,-295.112548828125,108.25556945800781,43.30222702026367,43.30222702026367,-300.7193908691406,,,,,,,,,,,,,,,,,,,,,,,,,,,,,,,,,,,,,,,,,,,,,,,
1.7758752982598226e+18,-375.0960998535156,-1251.03564453125,-375.40179443359375,-75.04454040527344,-500.2550354003906,-375.0039367675781,-370.0755920410156,-374.79376220703125,,,,,,,,,,,,,,,,,,,,,,,,,,,,,,,,,,,,,,,,,,,,,,,,,,,,,,,,,,,,,,,,,,,
1.7758752982598436e+18,,,,,,,,,-374.8795471191406,-1250.40283203125,-375.3045959472656,-75.0365219116211,-75.01158905029297,-75.0107421875,-499.9091491699219,-374.7796936035156,,,,,,,,,,,,,,,,,,,,,,,,,,,,,,,,,,,,,,,,,,,,,,,,,,,,,,,,,,,
1.7758752982603807e+18,,,,,,,,,,,,,,,,,,,,,,,,,,,,,,,,,,,,,,,,,,,,,,,,,,0.0,0.0,0.0,,,,,,,,,,,,,,,,,,,,,,,
1.775875298260607e+18,,,,,,,,,,,,,,,,,,,,,,,,,,,,,-215.71531677246094,-21.571531295776367,-21.571531295776367,-21.571531295776367,-21.571531295776367,-21.571531295776367,-180.34500122070312,,,,,,,,,,,,,,,,,,,,,,,,,,,,,,,,,,,,,,,,
1.7758752982606597e+18,,,,,,,,,,,,,,,,,-314.8912048339844,-295.342529296875,-300.4021911621094,-334.4398498535156,-289.8229064941406,-321.5607604980469,-294.422607421875,-300.4021911621094,108.25556945800781,43.30222702026367,43.30222702026367,-299.24090576171875,,,,,,,,,,,,,,,,,,,,,,,,,,,,,,,,,,,,,,,,,,,,,,,
1.775875298260823e+18,-375.0960998535156,-1251.4459228515625,-375.2479248046875,-74.9707260131836,-499.8448791503906,-375.2193298339844,-383.52716064453125,-375.1012878417969,,,,,,,,,,,,,,,,,,,,,,,,,,,,,,,,,,,,,,,,,,,,,,,,,,,,,,,,,,,,,,,,,,,
1.7758752982608435e+18,,,,,,,,,-375.2482604980469,-1250.40283203125,-374.7511291503906,-74.94429016113281,-74.9931411743164,-75.0230484008789,-500.1552429199219,-374.62591552734375,,,,,,,,,,,,,,,,,,,,,,,,,,,,,,,,,,,,,,,,,,,,,,,,,,,,,,,,,,,
1.775875298261607e+18,,,,,,,,,,,,,,,,,,,,,,,,,,,,,-215.71531677246094,-21.571531295776367,-21.570873260498047,-21.571531295776367,-21.571531295776367,-21.572189331054688,-180.34500122070312,,,,,,,,,,,,,,,,,,,,,,,,,,,,,,,,,,,,,,,,
1.77587529826166e+18,,,,,,,,,,,,,,,,,-322.2507019042969,-313.97125244140625,-279.70361328125,-317.8810119628906,-329.1502380371094,-295.8025207519531,-283.61334228515625,-317.4210205078125,108.25556945800781,43.30222702026367,43.30222702026367,-302.53668212890625,,,,,,,,,,,,,,,,,,,,,,,,,,,,,,,,,,,,,,,,,,,,,,,
1.7758752982618235e+18,-375.0345458984375,-1250.0098876953125,-374.8478088378906,-74.95841979980469,-499.47576904296875,-374.8500671386719,-377.46319580078125,-375.4395446777344,,,,,,,,,,,,,,,,,,,,,,,,,,,,,,,,,,,,,,,,,,,,,,,,,,,,,,,,,,,,,,,,,,,
1.7758752982618435e+18,,,,,,,,,-375.1867980957031,-1250.40283203125,-374.93560791015625,-74.96273803710938,-74.96853637695312,-74.94921112060547,-499.9091491699219,-375.11798095703125,,,,,,,,,,,,,,,,,,,,,,,,,,,,,,,,,,,,,,,,,,,,,,,,,,,,,,,,,,,
1.7758752982626068e+18,,,,,,,,,,,,,,,,,,,,,,,,,,,,,-215.71531677246094,-21.571531295776367,-21.570873260498047,-21.571531295776367,-21.571531295776367,-21.571531295776367,-180.32858276367188,,,,,,,,,,,,,,,,,,,,,,,,,,,,,,,,,,,,,,,,
1.7758752982626598e+18,,,,,,,,,,,,,,,,,-331.6800537109375,-306.15179443359375,-329.3802185058594,-308.4516296386719,-314.4312438964844,-303.3919982910156,-300.1722106933594,-314.6612243652344,108.25556945800781,43.30222702026367,43.30222702026367,-301.73583984375,,,,,,,,,,,,,,,,,,,,,,,,,,,,,,,,,,,,,,,,,,,,,,,
1.775875298262824e+18,-374.6653137207031,-1249.7021484375,-375.1863708496094,-75.02608489990234,-499.51678466796875,-374.91162109375,-379.5871276855469,-374.8552551269531,,,,,,,,,,,,,,,,,,,,,,,,,,,,,,,,,,,,,,,,,,,,,,,,,,,,,,,,,,,,,,,,,,,
1.7758752982628434e+18,,,,,,,,,-374.94097900390625,-1250.812744140625,-375.21234130859375,-74.95658874511719,-74.9992904663086,-75.05996704101562,-499.7450866699219,-374.6874084472656,,,,,,,,,,,,,,,,,,,,,,,,,,,,,,,,,,,,,,,,,,,,,,,,,,,,,,,,,,,
1.7758752982636068e+18,,,,,,,,,,,,,,,,,,,,,,,,,,,,,-215.71531677246094,-21.571531295776367,-21.571531295776367,-21.571531295776367,-21.571531295776367,-21.571531295776367,-180.34500122070312,,,,,,,,,,,,,,,,,,,,,,,,,,,,,,,,,,,,,,,,
1.7758752982636598e+18,,,,,,,,,,,,,,,,,-295.112548828125,-317.1910400390625,-300.1722106933594,-315.5811462402344,-294.192626953125,-303.8519592285156,-296.9524230957031,-308.91162109375,108.25556945800781,43.30222702026367,43.30222702026367,-300.9042053222656,,,,,,,,,,,,,,,,,,,,,,,,,,,,,,,,,,,,,,,,,,,,,,,
1.7758752982638244e+18,-374.81915283203125,-1248.47119140625,-375.032470703125,-75.05068969726562,-499.80389404296875,-374.4500732421875,-376.2626953125,-375.2857971191406,,,,,,,,,,,,,,,,,,,,,,,,,,,,,,,,,,,,,,,,,,,,,,,,,,,,,,,,,,,,,,,,,,,
1.7758752982638436e+18,,,,,,,,,-374.6951904296875,-1250.095458984375,-375.3660888671875,-74.98118591308594,-74.95623779296875,-74.9922866821289,-500.48333740234375,-374.7796936035156,,,,,,,,,,,,,,,,,,,,,,,,,,,,,,,,,,,,,,,,,,,,,,,,,,,,,,,,,,,
1.7758752982646067e+18,,,,,,,,,,,,,,,,,,,,,,,,,,,,,-215.71531677246094,-21.570873260498047,-21.571531295776367,-21.571531295776367,-21.571531295776367,-21.571531295776367,-180.36141967773438,,,,,,,,,,,,,,,,,,,,,,,,,,,,,,,,,,,,,,,,
1.7758752982646597e+18,,,,,,,,,,,,,,,,,-306.8417663574219,-325.010498046875,-312.36138916015625,-316.7310791015625,-304.3119201660156,-307.3017272949219,-297.87237548828125,-305.92181396484375,108.25556945800781,43.30222702026367,43.30222702026367,-299.98016357421875,,,,,,,,,,,,,,,,,,,,,,,,,,,,,,,,,,,,,,,,,,,,,,,
1.7758752982648248e+18,-375.1268615722656,-1250.93310546875,-374.7247009277344,-74.9645767211914,-500.1319885253906,-375.4654846191406,-383.52716064453125,-375.0705261230469,,,,,,,,,,,,,,,,,,,,,,,,,,,,,,,,,,,,,,,,,,,,,,,,,,,,,,,,,,,,,,,,,,,
1.7758752982648435e+18,,,,,,,,,-375.3404541015625,-1249.7879638671875,-374.8433837890625,-74.96273803710938,-75.00543975830078,-75.01689910888672,-500.2372741699219,-374.8719482421875,,,,,,,,,,,,,,,,,,,,,,,,,,,,,,,,,,,,,,,,,,,,,,,,,,,,,,,,,,,
1.7758752982648515e+18,,,,,,,,,,,,,,,,,,,,,,,,,,,,,,,,,,,,2297.559326171875,21.919239044189453,2297.559326171875,2297.559326171875,2297.559326171875,2297.559326171875,2297.559326171875,24.573904037475586,2297.559326171875,2297.559326171875,2297.559326171875,2297.559326171875,2297.559326171875,2297.559326171875,,,,,,,,,,,,,,,,,,,,,,,,,,
1.775875298265607e+18,,,,,,,,,,,,,,,,,,,,,,,,,,,,,-215.71531677246094,-21.571531295776367,-21.571531295776367,-21.571531295776367,-21.571531295776367,-21.571531295776367,-180.39425659179688,,,,,,,,,,,,,,,,,,,,,,,,,,,,,,,,,,,,,,,,
1.7758752982656596e+18,,,,,,,,,,,,,,,,,-299.02227783203125,-310.29150390625,-319.2608947753906,-298.33233642578125,-323.1706237792969,-289.3629455566406,-304.5419006347656,-301.7821044921875,108.25556945800781,43.30222702026367,43.30222702026367,-300.84259033203125,,,,,,,,,,,,,,,,,,,,,,,,,,,,,,,,,,,,,,,,,,,,,,,
1.7758752982658253e+18,-374.9114685058594,-1250.420166015625,-375.46337890625,-75.08145141601562,-500.0499572753906,-374.7885437011719,-360.748779296875,-374.9167785644531,,,,,,,,,,,,,,,,,,,,,,,,,,,,,,,,,,,,,,,,,,,,,,,,,,,,,,,,,,,,,,,,,,,
1.7758752982658435e+18,,,,,,,,,-374.8795471191406,-1250.3004150390625,-375.1200866699219,-75.01192474365234,-74.9931411743164,-74.95536804199219,-499.8271179199219,-375.0257263183594,,,,,,,,,,,,,,,,,,,,,,,,,,,,,,,,,,,,,,,,,,,,,,,,,,,,,,,,,,,
1.7758752982660664e+18,,,,,,,,,,,,,,,,,,,,,,,,,,,,,,,,,,,,,,,,,,,,,,,,,,,,,0.0,0.0,0.0,0.0,0.0,0.0,0.0,0.0,0.0,0.0,0.0,0.0,0.0,0.0,0.0,0.0,0.0,0.0,0.0,0.0,0.0,0.0,0.0
1.7758752982666068e+18,,,,,,,,,,,,,,,,,,,,,,,,,,,,,-215.71531677246094,-21.571531295776367,-21.571531295776367,-21.571531295776367,-21.571531295776367,-21.570873260498047,-180.4435272216797,,,,,,,,,,,,,,,,,,,,,,,,,,,,,,,,,,,,,,,,
1.7758752982666598e+18,,,,,,,,,,,,,,,,,-278.0937194824219,-311.2114562988281,-318.5709533691406,-291.43280029296875,-297.64239501953125,-303.6219787597656,-263.6047058105469,-293.732666015625,108.25556945800781,43.30222702026367,43.30222702026367,-301.551025390625,,,,,,,,,,,,,,,,,,,,,,,,,,,,,,,,,,,,,,,,,,,,,,,
1.7758752982668257e+18,-375.0037841796875,-1250.5228271484375,-375.3402404785156,-75.05684661865234,-499.80389404296875,-374.6039123535156,-365.64306640625,-374.947509765625,,,,,,,,,,,,,,,,,,,,,,,,,,,,,,,,,,,,,,,,,,,,,,,,,,,,,,,,,,,,,,,,,,,
1.7758752982668436e+18,,,,,,,,,-374.8180847167969,-1250.1978759765625,-375.3660888671875,-75.0365219116211,-74.98699188232422,-74.94921112060547,-499.4169921875,-374.7796936035156,,,,,,,,,,,,,,,,,,,,,,,,,,,,,,,,,,,,,,,,,,,,,,,,,,,,,,,,,,,
1.7758752982672701e+18,,,,,,,,,,,,,,,,,,,,,,,,,,,,,,,,,,,,,,,,,,,,,,,,,,0.0,0.0,0.0,,,,,,,,,,,,,,,,,,,,,,,
1.7758752982676068e+18,,,,,,,,,,,,,,,,,,,,,,,,,,,,,-215.71531677246094,-21.571531295776367,-21.571531295776367,-21.571531295776367,-21.571531295776367,-21.571531295776367,-180.525634765625,,,,,,,,,,,,,,,,,,,,,,,,,,,,,,,,,,,,,,,,
1.7758752982676598e+18,,,,,,,,,,,,,,,,,-307.0717468261719,-287.0631103515625,-294.652587890625,-294.422607421875,-262.9147644042969,-300.4021911621094,-264.064697265625,-295.342529296875,108.25556945800781,43.30222702026367,43.30222702026367,-299.79534912109375,,,,,,,,,,,,,,,,,,,,,,,,,,,,,,,,,,,,,,,,,,,,,,,
1.7758752982678262e+18,-375.31146240234375,-1250.420166015625,-374.66314697265625,-74.9338150024414,-499.72186279296875,-375.12701416015625,-378.78680419921875,-375.50103759765625,,,,,,,,,,,,,,,,,,,,,,,,,,,,,,,,,,,,,,,,,,,,,,,,,,,,,,,,,,,,,,,,,,,
1.7758752982678436e+18,,,,,,,,,-375.37115478515625,-1250.40283203125,-374.9048767089844,-74.97503662109375,-74.93778991699219,-74.9984359741211,-500.1552429199219,-375.425537109375,,,,,,,,,,,,,,,,,,,,,,,,,,,,,,,,,,,,,,,,,,,,,,,,,,,,,,,,,,,
1.7758752982686067e+18,,,,,,,,,,,,,,,,,,,,,,,,,,,,,-215.71531677246094,-21.571531295776367,-21.571531295776367,-21.570873260498047,-21.571531295776367,-21.571531295776367,-180.525634765625,,,,,,,,,,,,,,,,,,,,,,,,,,,,,,,,,,,,,,,,
1.7758752982686597e+18,,,,,,,,,,,,,,,,,-295.342529296875,-269.8143005371094,-297.1824035644531,-308.91162109375,-266.1345520019531,-299.4822692871094,-281.7734680175781,-267.5144348144531,108.25556945800781,43.30222702026367,43.30222702026367,-300.5807800292969,,,,,,,,,,,,,,,,,,,,,,,,,,,,,,,,,,,,,,,,,,,,,,,
1.7758752982688266e+18,-375.1268615722656,-1251.3433837890625,-375.12481689453125,-74.97687530517578,-499.55780029296875,-375.09625244140625,-379.4331970214844,-375.1012878417969,,,,,,,,,,,,,,,,,,,,,,,,,,,,,,,,,,,,,,,,,,,,,,,,,,,,,,,,,,,,,,,,,,,
1.7758752982688435e+18,,,,,,,,,-375.06390380859375,-1250.6077880859375,-374.7511291503906,-74.96273803710938,-74.9992904663086,-75.04766082763672,-500.3603210449219,-374.9334411621094,,,,,,,,,,,,,,,,,,,,,,,,,,,,,,,,,,,,,,,,,,,,,,,,,,,,,,,,,,,
1.7758752982696067e+18,,,,,,,,,,,,,,,,,,,,,,,,,,,,,-215.71531677246094,-21.571531295776367,-21.571531295776367,-21.571531295776367,-21.571531295776367,-21.572189331054688,-180.4763641357422,,,,,,,,,,,,,,,,,,,,,,,,,,,,,,,,,,,,,,,,
1.7758752982696596e+18,,,,,,,,,,,,,,,,,-302.9320373535156,-278.0937194824219,-293.2726745605469,-269.35430908203125,-284.07330322265625,-256.0152282714844,-279.70361328125,-274.1839904785156,108.25556945800781,43.30222702026367,43.30222702026367,-299.1023254394531,,,,,,,,,,,,,,,,,,,,,,,,,,,,,,,,,,,,,,,,,,,,,,,
1.775875298269827e+18,-374.6653137207031,-1249.7021484375,-375.1863708496094,-75.00148010253906,-499.51678466796875,-374.880859375,-377.0630187988281,-374.947509765625,,,,,,,,,,,,,,,,,,,,,,,,,,,,,,,,,,,,,,,,,,,,,,,,,,,,,,,,,,,,,,,,,,,
1.7758752982698437e+18,,,,,,,,,-374.94097900390625,-1251.017822265625,-375.1816101074219,-74.95658874511719,-74.9931411743164,-75.05996704101562,-500.0321960449219,-374.7181701660156,,,,,,,,,,,,,,,,,,,,,,,,,,,,,,,,,,,,,,,,,,,,,,,,,,,,,,,,,,,
1.7758752982706066e+18,,,,,,,,,,,,,,,,,,,,,,,,,,,,,-215.71531677246094,-21.572189331054688,-21.571531295776367,-21.571531295776367,-21.571531295776367,-21.571531295776367,-180.525634765625,,,,,,,,,,,,,,,,,,,,,,,,,,,,,,,,,,,,,,,,
1.7758752982706598e+18,,,,,,,,,,,,,,,,,-293.732666015625,-289.1329650878906,-289.5929260253906,-286.6031494140625,-282.0034484863281,-278.78369140625,-276.25384521484375,-285.4532165527344,108.25556945800781,43.30222702026367,43.30222702026367,-299.2101135253906,,,,,,,,,,,,,,,,,,,,,,,,,,,,,,,,,,,,,,,,,,,,,,,
1.7758752982708275e+18,-374.81915283203125,-1250.215087890625,-375.4325866699219,-75.00148010253906,-499.76287841796875,-375.12701416015625,-383.52716064453125,-374.82452392578125,,,,,,,,,,,,,,,,,,,,,,,,,,,,,,,,,,,,,,,,,,,,,,,,,,,,,,,,,,,,,,,,,,,
1.7758752982708436e+18,,,,,,,,,-375.06390380859375,-1251.017822265625,-374.93560791015625,-74.97503662109375,-75.01773834228516,-75.04766082763672,-499.9091491699219,-374.7796936035156,,,,,,,,,,,,,,,,,,,,,,,,,,,,,,,,,,,,,,,,,,,,,,,,,,,,,,,,,,,
1.7758752982716068e+18,,,,,,,,,,,,,,,,,,,,,,,,,,,,,-215.708740234375,-21.570873260498047,-21.570873260498047,-21.571531295776367,-21.570873260498047,-21.571531295776367,-180.5092010498047,,,,,,,,,,,,,,,,,,,,,,,,,,,,,,,,,,,,,,,,
1.7758752982716598e+18,,,,,,,,,,,,,,,,,-283.61334228515625,-317.1910400390625,-283.15338134765625,-313.74127197265625,-276.9438171386719,-294.422607421875,-272.8040771484375,-301.5521240234375,108.25556945800781,43.30222702026367,43.30222702026367,-299.8723449707031,,,,,,,,,,,,,,,,,,,,,,,,,,,,,,,,,,,,,,,,,,,,,,,
1.775875298271828e+18,-374.9114685058594,-1249.599609375,-375.3094787597656,-75.08760070800781,-499.9269104003906,-374.7885437011719,-370.7220153808594,-375.47027587890625,,,,,,,,,,,,,,,,,,,,,,,,,,,,,,,,,,,,,,,,,,,,,,,,,,,,,,,,,,,,,,,,,,,
1.7758752982718436e+18,,,,,,,,,-374.6029968261719,-1250.1978759765625,-375.1508483886719,-74.96273803710938,-74.931640625,-74.9984359741211,-500.1552429199219,-374.7181701660156,,,,,,,,,,,,,,,,,,,,,,,,,,,,,,,,,,,,,,,,,,,,,,,,,,,,,,,,,,,
1.7758752982726067e+18,,,,,,,,,,,,,,,,,,,,,,,,,,,,,-215.71531677246094,-21.572189331054688,-21.570873260498047,-21.571531295776367,-21.571531295776367,-21.571531295776367,-180.4763641357422,,,,,,,,,,,,,,,,,,,,,,,,,,,,,,,,,,,,,,,,
1.7758752982726597e+18,,,,,,,,,,,,,,,,,-296.0325012207031,-283.61334228515625,-294.192626953125,-271.4241943359375,-287.5230712890625,-261.76483154296875,-282.46343994140625,-259.2350158691406,108.25556945800781,43.30222702026367,43.30222702026367,-298.0704650878906,,,,,,,,,,,,,,,,,,,,,,,,,,,,,,,,,,,,,,,,,,,,,,,
1.7758752982728284e+18,-374.7575988769531,-1251.03564453125,-375.0940246582031,-74.99533081054688,-499.8448791503906,-375.5270080566406,-376.13958740234375,-374.9167785644531,,,,,,,,,,,,,,,,,,,,,,,,,,,,,,,,,,,,,,,,,,,,,,,,,,,,,,,,,,,,,,,,,,,
1.7758752982728435e+18,,,,,,,,,-375.1253662109375,-1250.3004150390625,-374.566650390625,-74.99347686767578,-75.02388763427734,-74.95536804199219,-499.4580078125,-374.9949645996094,,,,,,,,,,,,,,,,,,,,,,,,,,,,,,,,,,,,,,,,,,,,,,,,,,,,,,,,,,,
1.7758752982736067e+18,,,,,,,,,,,,,,,,,,,,,,,,,,,,,-215.71531677246094,-21.571531295776367,-21.570873260498047,-21.571531295776367,-21.571531295776367,-21.570873260498047,-180.41067504882812,,,,,,,,,,,,,,,,,,,,,,,,,,,,,,,,,,,,,,,,
1.7758752982736596e+18,,,,,,,,,,,,,,,,,-287.7530517578125,-315.1211853027344,-284.9932556152344,-315.8111267089844,-277.6337585449219,-311.6714172363281,-275.10394287109375,-314.8912048339844,108.25556945800781,43.30222702026367,43.30222702026367,-300.6731872558594,,,,,,,,,,,,,,,,,,,,,,,,,,,,,,,,,,,,,,,,,,,,,,,
1.7758752982738289e+18,-374.81915283203125,-1250.317626953125,-375.4325866699219,-75.03839111328125,-499.76287841796875,-375.0039367675781,-383.52716064453125,-375.2550354003906,,,,,,,,,,,,,,,,,,,,,,,,,,,,,,,,,,,,,,,,,,,,,,,,,,,,,,,,,,,,,,,,,,,
1.7758752982738437e+18,,,,,,,,,-374.8180847167969,-1250.812744140625,-375.05859375,-74.98118591308594,-74.95623779296875,-75.04766082763672,-500.1552429199219,-374.7489318847656,,,,,,,,,,,,,,,,,,,,,,,,,,,,,,,,,,,,,,,,,,,,,,,,,,,,,,,,,,,
1.7758752982741814e+18,,,,,,,,,,,,,,,,,,,,,,,,,,,,,,,,,,,,,,,,,,,,,,,,,,0.0,0.0,0.0,,,,,,,,,,,,,,,,,,,,,,,
1.77587529827439e+18,,,,,,,,,,,,,,,,,,,,,,,,,,,,,,,,,,,,,,,,,,,,,,,,,,,,,0.0,0.0,0.0,0.0,0.0,0.0,0.0,0.0,0.0,0.0,0.0,0.0,0.0,0.0,0.0,0.0,0.0,0.0,0.0,0.0,0.0,0.0,0.0
1.7758752982746066e+18,,,,,,,,,,,,,,,,,,,,,,,,,,,,,-215.71531677246094,-21.571531295776367,-21.571531295776367,-21.571531295776367,-21.571531295776367,-21.571531295776367,-180.42710876464844,,,,,,,,,,,,,,,,,,,,,,,,,,,,,,,,,,,,,,,,
1.7758752982746596e+18,,,,,,,,,,,,,,,,,-290.74285888671875,-305.46185302734375,-289.5929260253906,-307.0717468261719,-286.6031494140625,-294.192626953125,-279.24365234375,-304.5419006347656,108.25556945800781,43.30222702026367,43.30222702026367,-300.0263671875,,,,,,,,,,,,,,,,,,,,,,,,,,,,,,,,,,,,,,,,,,,,,,,
1.7758752982748293e+18,-374.9422302246094,-1250.420166015625,-375.40179443359375,-75.01378631591797,-499.68084716796875,-374.8500671386719,-371.02984619140625,-375.3780212402344,,,,,,,,,,,,,,,,,,,,,,,,,,,,,,,,,,,,,,,,,,,,,,,,,,,,,,,,,,,,,,,,,,,
1.7758752982748436e+18,,,,,,,,,-375.15606689453125,-1250.915283203125,-375.05859375,-74.96273803710938,-74.91934204101562,-74.97998046875,-500.0321960449219,-375.394775390625,,,,,,,,,,,,,,,,,,,,,,,,,,,,,,,,,,,,,,,,,,,,,,,,,,,,,,,,,,,
1.7758752982756065e+18,,,,,,,,,,,,,,,,,,,,,,,,,,,,,-215.71531677246094,-21.572189331054688,-21.571531295776367,-21.571531295776367,-21.570873260498047,-21.571531295776367,-180.39425659179688,,,,,,,,,,,,,,,,,,,,,,,,,,,,,,,,,,,,,,,,
1.7758752982756598e+18,,,,,,,,,,,,,,,,,-279.70361328125,-314.4312438964844,-288.2130432128906,-276.48382568359375,-301.5521240234375,-316.5010986328125,-280.16357421875,-289.3629455566406,108.25556945800781,43.30222702026367,43.30222702026367,-299.9493408203125,,,,,,,,,,,,,,,,,,,,,,,,,,,,,,,,,,,,,,,,,,,,,,,
1.7758752982758298e+18,-374.81915283203125,-1249.1893310546875,-374.5400390625,-74.9645767211914,-499.8448791503906,-374.3885192871094,-367.08978271484375,-375.0705261230469,,,,,,,,,,,,,,,,,,,,,,,,,,,,,,,,,,,,,,,,,,,,,,,,,,,,,,,,,,,,,,,,,,,
1.7758752982758436e+18,,,,,,,,,-375.06390380859375,-1249.8905029296875,-374.8741149902344,-74.99347686767578,-74.97468566894531,-74.95536804199219,-499.4169921875,-374.7489318847656,,,,,,,,,,,,,,,,,,,,,,,,,,,,,,,,,,,,,,,,,,,,,,,,,,,,,,,,,,,
1.7758752982766065e+18,,,,,,,,,,,,,,,,,,,,,,,,,,,,,-215.71531677246094,-21.571531295776367,-21.572189331054688,-21.571531295776367,-21.571531295776367,-21.571531295776367,-180.37783813476562,,,,,,,,,,,,,,,,,,,,,,,,,,,,,,,,,,,,,,,,
1.7758752982766597e+18,,,,,,,,,,,,,,,,,-290.28289794921875,-298.56231689453125,-301.5521240234375,-291.43280029296875,-298.10235595703125,-282.2334289550781,-302.4720458984375,-280.8535461425781,108.25556945800781,43.30222702026367,43.30222702026367,-298.56329345703125,,,,,,,,,,,,,,,,,,,,,,,,,,,,,,,,,,,,,,,,,,,,,,,
1.7758752982768302e+18,-375.31146240234375,-1250.0098876953125,-374.8785705566406,-74.98302459716797,-500.5831298828125,-375.12701416015625,-369.0906066894531,-374.947509765625,,,,,,,,,,,,,,,,,,,,,,,,,,,,,,,,,,,,,,,,,,,,,,,,,,,,,,,,,,,,,,,,,,,
1.7758752982768438e+18,,,,,,,,,-374.9717102050781,-1248.76318359375,-374.8433837890625,-75.01192474365234,-74.98699188232422,-74.92459869384766,-499.9091491699219,-375.14874267578125,,,,,,,,,,,,,,,,,,,,,,,,,,,,,,,,,,,,,,,,,,,,,,,,,,,,,,,,,,,
1.7758752982773548e+18,,,,,,,,,,,,,,,,,,,,,,,,,,,,,,,,,,,,2297.6123046875,22.05159568786621,2297.6123046875,2297.6123046875,2297.6123046875,2297.6123046875,2297.6123046875,24.683563232421875,2297.6123046875,2297.6123046875,2297.6123046875,2297.6123046875,2297.6123046875,2297.6123046875,,,,,,,,,,,,,,,,,,,,,,,,,,
1.7758752982776064e+18,,,,,,,,,,,,,,,,,,,,,,,,,,,,,-215.71531677246094,-21.571531295776367,-21.571531295776367,-21.571531295776367,-21.571531295776367,-21.572189331054688,-180.32858276367188,,,,,,,,,,,,,,,,,,,,,,,,,,,,,,,,,,,,,,,,
1.7758752982776596e+18,,,,,,,,,,,,,,,,,-299.9422302246094,-331.4500732421875,-300.6321716308594,-333.5199279785156,-293.2726745605469,-327.0803527832031,-293.962646484375,-335.12982177734375,108.25556945800781,43.30222702026367,43.30222702026367,-302.505859375,,,,,,,,,,,,,,,,,,,,,,,,,,,,,,,,,,,,,,,,,,,,,,,
1.7758752982778307e+18,-375.0653076171875,-1250.7279052734375,-374.7554626464844,-74.92766571044922,-500.0909729003906,-375.2808532714844,-373.9540710449219,-374.6092529296875,,,,,,,,,,,,,,,,,,,,,,,,,,,,,,,,,,,,,,,,,,,,,,,,,,,,,,,,,,,,,,,,,,,
1.7758752982778437e+18,,,,,,,,,-375.37115478515625,-1249.992919921875,-374.7511291503906,-74.99962615966797,-75.06693267822266,-74.98612976074219,-499.6630554199219,-375.0257263183594,,,,,,,,,,,,,,,,,,,,,,,,,,,,,,,,,,,,,,,,,,,,,,,,,,,,,,,,,,,
1.7758752982786066e+18,,,,,,,,,,,,,,,,,,,,,,,,,,,,,-215.71531677246094,-21.571531295776367,-21.571531295776367,-21.571531295776367,-21.571531295776367,-21.571531295776367,-180.32858276367188,,,,,,,,,,,,,,,,,,,,,,,,,,,,,,,,,,,,,,,,
1.7758752982786596e+18,,,,,,,,,,,,,,,,,-308.2216491699219,-300.1722106933594,-313.51129150390625,-296.4924621582031,-312.1313781738281,-284.30328369140625,-309.6015625,-286.8331298828125,108.25556945800781,43.30222702026367,43.30222702026367,-300.1649475097656,,,,,,,,,,,,,,,,,,,,,,,,,,,,,,,,,,,,,,,,,,,,,,,
1.775875298278831e+18,-374.8807067871094,-1249.086669921875,-375.2786865234375,-75.05068969726562,-499.80389404296875,-374.5423889160156,-367.4283752441406,-375.16278076171875,,,,,,,,,,,,,,,,,,,,,,,,,,,,,,,,,,,,,,,,,,,,,,,,,,,,,,,,,,,,,,,,,,,
1.7758752982788436e+18,,,,,,,,,-374.7259216308594,-1250.1978759765625,-375.4275817871094,-75.01807403564453,-74.96853637695312,-74.97382354736328,-500.1552429199219,-375.394775390625,,,,,,,,,,,,,,,,,,,,,,,,,,,,,,,,,,,,,,,,,,,,,,,,,,,,,,,,,,,
1.7758752982796065e+18,,,,,,,,,,,,,,,,,,,,,,,,,,,,,-215.71531677246094,-21.571531295776367,-21.571531295776367,-21.571531295776367,-21.571531295776367,-21.571531295776367,-180.32858276367188,,,,,,,,,,,,,,,,,,,,,,,,,,,,,,,,,,,,,,,,
1.7758752982796595e+18,,,,,,,,,,,,,,,,,-294.882568359375,-310.0615234375,-290.97283935546875,-315.3511657714844,-288.9029846191406,-310.5215148925781,-285.6831970214844,-310.7514953613281,108.25556945800781,43.30222702026367,43.30222702026367,-300.8887939453125,,,,,,,,,,,,,,,,,,,,,,,,,,,,,,,,,,,,,,,,,,,,,,,
1.7758752982798316e+18,-374.7268371582031,-1249.599609375,-375.2171325683594,-74.98918151855469,-499.47576904296875,-374.97314453125,-379.8641357421875,-374.82452392578125,,,,,,,,,,,,,,,,,,,,,,,,,,,,,,,,,,,,,,,,,,,,,,,,,,,,,,,,,,,,,,,,,,,
1.7758752982798436e+18,,,,,,,,,-375.00244140625,-1250.915283203125,-375.0278625488281,-74.96273803710938,-74.9992904663086,-75.05381774902344,-500.0732116699219,-374.7489318847656,,,,,,,,,,,,,,,,,,,,,,,,,,,,,,,,,,,,,,,,,,,,,,,,,,,,,,,,,,,
1.7758752982806065e+18,,,,,,,,,,,,,,,,,,,,,,,,,,,,,-215.708740234375,-21.571531295776367,-21.571531295776367,-21.570873260498047,-21.570873260498047,-21.572189331054688,-180.34500122070312,,,,,,,,,,,,,,,,,,,,,,,,,,,,,,,,,,,,,,,,
1.7758752982806597e+18,,,,,,,,,,,,,,,,,-295.112548828125,-317.4210205078125,-293.2726745605469,-315.1211853027344,-299.02227783203125,-295.8025207519531,-301.7821044921875,-295.8025207519531,108.25556945800781,43.30222702026367,43.30222702026367,-299.7491455078125,,,,,,,,,,,,,,,,,,,,,,,,,,,,,,,,,,,,,,,,,,,,,,,
1.775875298280832e+18,-374.8807067871094,-1250.0098876953125,-375.46337890625,-74.97687530517578,-499.76287841796875,-375.18853759765625,-383.52716064453125,-374.7015075683594,,,,,,,,,,,,,,,,,,,,,,,,,,,,,,,,,,,,,,,,,,,,,,,,,,,,,,,,,,,,,,,,,,,
1.7758752982808438e+18,,,,,,,,,-374.94097900390625,-1250.812744140625,-374.8741149902344,-74.98118591308594,-75.0423355102539,-75.04151153564453,-499.7861022949219,-374.9642028808594,,,,,,,,,,,,,,,,,,,,,,,,,,,,,,,,,,,,,,,,,,,,,,,,,,,,,,,,,,,
1.775875298281373e+18,,,,,,,,,,,,,,,,,,,,,,,,,,,,,,,,,,,,,,,,,,,,,,,,,,0.0,0.0,0.0,,,,,,,,,,,,,,,,,,,,,,,
1.7758752982816064e+18,,,,,,,,,,,,,,,,,,,,,,,,,,,,,-215.71531677246094,-21.571531295776367,-21.571531295776367,-21.572189331054688,-21.572189331054688,-21.571531295776367,-180.34500122070312,,,,,,,,,,,,,,,,,,,,,,,,,,,,,,,,,,,,,,,,
1.7758752982816596e+18,,,,,,,,,,,,,,,,,-299.7122497558594,-309.1416015625,-305.00189208984375,-292.5827331542969,-311.9013977050781,-284.7632751464844,-303.6219787597656,-299.9422302246094,108.25556945800781,43.30222702026367,43.30222702026367,-300.75018310546875,,,,,,,,,,,,,,,,,,,,,,,,,,,,,,,,,,,,,,,,,,,,,,,
1.7758752982818324e+18,-375.31146240234375,-1250.420166015625,-375.12481689453125,-75.02608489990234,-499.9679260253906,-374.72698974609375,-377.8941345214844,-374.8552551269531,,,,,,,,,,,,,,,,,,,,,,,,,,,,,,,,,,,,,,,,,,,,,,,,,,,,,,,,,,,,,,,,,,,
1.7758752982818437e+18,,,,,,,,,-375.4018859863281,-1250.812744140625,-375.08935546875,-75.04267120361328,-75.06078338623047,-75.00459289550781,-500.3193054199219,-375.2717590332031,,,,,,,,,,,,,,,,,,,,,,,,,,,,,,,,,,,,,,,,,,,,,,,,,,,,,,,,,,,
1.7758752982819704e+18,,,,,,,,,,,,,,,,,,,,,,,,,,,,,,,,,,,,,,,,,,,,,,,,,,,,,0.0,0.0,0.0,0.0,0.0,0.0,0.0,0.0,0.0,0.0,0.0,0.0,0.0,0.0,0.0,0.0,0.0,0.0,0.0,0.0,0.0,0.0,0.0
1.7758752982826063e+18,,,,,,,,,,,,,,,,,,,,,,,,,,,,,-215.71531677246094,-21.571531295776367,-21.571531295776367,-21.571531295776367,-21.571531295776367,-21.571531295776367,-180.41067504882812,,,,,,,,,,,,,,,,,,,,,,,,,,,,,,,,,,,,,,,,
1.7758752982826596e+18,,,,,,,,,,,,,,,,,-293.962646484375,-305.46185302734375,-308.91162109375,-284.30328369140625,-280.8535461425781,-316.9610595703125,-290.28289794921875,-298.10235595703125,108.25556945800781,43.30222702026367,43.30222702026367,-300.9966125488281,,,,,,,,,,,,,,,,,,,,,,,,,,,,,,,,,,,,,,,,,,,,,,,
1.775875298282833e+18,-374.81915283203125,-1250.0098876953125,-375.3402404785156,-75.08145141601562,-500.1319885253906,-374.7885437011719,-360.3178405761719,-375.13201904296875,,,,,,,,,,,,,,,,,,,,,,,,,,,,,,,,,,,,,,,,,,,,,,,,,,,,,,,,,,,,,,,,,,,
1.775875298282844e+18,,,,,,,,,-374.572265625,-1249.8905029296875,-375.1508483886719,-75.02422332763672,-74.95623779296875,-74.96151733398438,-500.0321960449219,-375.425537109375,,,,,,,,,,,,,,,,,,,,,,,,,,,,,,,,,,,,,,,,,,,,,,,,,,,,,,,,,,,
1.7758752982836063e+18,,,,,,,,,,,,,,,,,,,,,,,,,,,,,-215.71531677246094,-21.571531295776367,-21.571531295776367,-21.571531295776367,-21.571531295776367,-21.571531295776367,-180.4435272216797,,,,,,,,,,,,,,,,,,,,,,,,,,,,,,,,,,,,,,,,
1.7758752982836595e+18,,,,,,,,,,,,,,,,,-278.0937194824219,-290.74285888671875,-287.2930908203125,-274.1839904785156,-298.10235595703125,-276.02386474609375,-294.652587890625,-304.5419006347656,108.25556945800781,43.30222702026367,43.30222702026367,-301.02740478515625,,,,,,,,,,,,,,,,,,,,,,,,,,,,,,,,,,,,,,,,,,,,,,,
1.7758752982838333e+18,-375.1883850097656,-1250.7279052734375,-375.001708984375,-74.9399642944336,-499.59881591796875,-374.69622802734375,-364.7196044921875,-374.5784912109375,,,,,,,,,,,,,,,,,,,,,,,,,,,,,,,,,,,,,,,,,,,,,,,,,,,,,,,,,,,,,,,,,,,
1.7758752982838438e+18,,,,,,,,,-375.217529296875,-1251.017822265625,-375.24310302734375,-74.99962615966797,-74.9992904663086,-75.01689910888672,-499.9911804199219,-374.6874084472656,,,,,,,,,,,,,,,,,,,,,,,,,,,,,,,,,,,,,,,,,,,,,,,,,,,,,,,,,,,
1.7758752982846062e+18,,,,,,,,,,,,,,,,,,,,,,,,,,,,,-215.7218780517578,-21.571531295776367,-21.571531295776367,-21.571531295776367,-21.571531295776367,-21.570873260498047,-180.45994567871094,,,,,,,,,,,,,,,,,,,,,,,,,,,,,,,,,,,,,,,,
1.7758752982846597e+18,,,,,,,,,,,,,,,,,-275.33392333984375,-299.7122497558594,-279.013671875,-282.0034484863281,-291.8927917480469,-267.74444580078125,-290.97283935546875,-296.4924621582031,108.25556945800781,43.30222702026367,43.30222702026367,-299.45654296875,,,,,,,,,,,,,,,,,,,,,,,,,,,,,,,,,,,,,,,,,,,,,,,
1.7758752982848338e+18,-375.31146240234375,-1251.1383056640625,-375.001708984375,-74.94612121582031,-499.59881591796875,-374.63470458984375,-367.27447509765625,-374.7322692871094,,,,,,,,,,,,,,,,,,,,,,,,,,,,,,,,,,,,,,,,,,,,,,,,,,,,,,,,,,,,,,,,,,,
1.775875298284844e+18,,,,,,,,,-375.1253662109375,-1251.017822265625,-375.24310302734375,-74.99347686767578,-74.94393920898438,-74.94921112060547,-499.7040710449219,-374.8411865234375,,,,,,,,,,,,,,,,,,,,,,,,,,,,,,,,,,,,,,,,,,,,,,,,,,,,,,,,,,,
1.7758752982856064e+18,,,,,,,,,,,,,,,,,,,,,,,,,,,,,-215.71531677246094,-21.571531295776367,-21.571531295776367,-21.571531295776367,-21.571531295776367,-21.572189331054688,-180.5584716796875,,,,,,,,,,,,,,,,,,,,,,,,,,,,,,,,,,,,,,,,
1.7758752982856596e+18,,,,,,,,,,,,,,,,,-290.28289794921875,-309.1416015625,-294.422607421875,-264.984619140625,-264.524658203125,-300.6321716308594,-293.5026550292969,-282.46343994140625,108.25556945800781,43.30222702026367,43.30222702026367,-297.53143310546875,,,,,,,,,,,,,,,,,,,,,,,,,,,,,,,,,,,,,,,,,,,,,,,
1.7758752982858342e+18,-374.8807067871094,-1249.9073486328125,-374.9401550292969,-74.9522705078125,-499.8858947753906,-374.880859375,-374.6004943847656,-375.0397644042969,,,,,,,,,,,,,,,,,,,,,,,,,,,,,,,,,,,,,,,,,,,,,,,,,,,,,,,,,,,,,,,,,,,
1.775875298285844e+18,,,,,,,,,-375.1867980957031,-1251.017822265625,-375.2738342285156,-75.01807403564453,-75.06693267822266,-75.05996704101562,-500.1552429199219,-375.4562683105469,,,,,,,,,,,,,,,,,,,,,,,,,,,,,,,,,,,,,,,,,,,,,,,,,,,,,,,,,,,
1.7758752982866063e+18,,,,,,,,,,,,,,,,,,,,,,,,,,,,,-215.71531677246094,-21.571531295776367,-21.571531295776367,-21.571531295776367,-21.572189331054688,-21.571531295776367,-180.59130859375,,,,,,,,,,,,,,,,,,,,,,,,,,,,,,,,,,,,,,,,
1.7758752982866596e+18,,,,,,,,,,,,,,,,,-298.56231689453125,-289.1329650878906,-269.12432861328125,-302.7020263671875,-256.4751892089844,-285.2232360839844,-274.1839904785156,-267.74444580078125,108.25556945800781,43.30222702026367,43.30222702026367,-299.7491455078125,,,,,,,,,,,,,,,,,,,,,,,,,,,,,,,,,,,,,,,,,,,,,,,
1.7758752982868347e+18,-375.0653076171875,-1249.3944091796875,-374.7247009277344,-75.05068969726562,-500.2960205078125,-374.66546630859375,-362.56488037109375,-375.009033203125,,,,,,,,,,,,,,,,,,,,,,,,,,,,,,,,,,,,,,,,,,,,,,,,,,,,,,,,,,,,,,,,,,,
1.7758752982868442e+18,,,,,,,,,-374.6951904296875,-1249.3780517578125,-375.0278625488281,-75.04882049560547,-75.01773834228516,-74.95536804199219,-499.9911804199219,-375.425537109375,,,,,,,,,,,,,,,,,,,,,,,,,,,,,,,,,,,,,,,,,,,,,,,,,,,,,,,,,,,
1.7758752982876063e+18,,,,,,,,,,,,,,,,,,,,,,,,,,,,,-215.71531677246094,-21.571531295776367,-21.572189331054688,-21.572189331054688,-21.571531295776367,-21.571531295776367,-180.54205322265625,,,,,,,,,,,,,,,,,,,,,,,,,,,,,,,,,,,,,,,,
1.7758752982876595e+18,,,,,,,,,,,,,,,,,-283.84332275390625,-278.3236999511719,-278.3236999511719,-285.6831970214844,-271.4241943359375,-275.10394287109375,-265.214599609375,-276.02386474609375,108.25556945800781,43.30222702026367,43.30222702026367,-298.6248779296875,,,,,,,,,,,,,,,,,,,,,,,,,,,,,,,,,,,,,,,,,,,,,,,
1.7758752982878351e+18,-375.1268615722656,-1249.599609375,-374.7247009277344,-75.06914520263672,-500.1319885253906,-374.8193054199219,-369.70623779296875,-375.47027587890625,,,,,,,,,,,,,,,,,,,,,,,,,,,,,,,,,,,,,,,,,,,,,,,,,,,,,,,,,,,,,,,,,,,
1.775875298287844e+18,,,,,,,,,-374.6951904296875,-1249.5830078125,-375.1200866699219,-74.97503662109375,-74.91934204101562,-74.9984359741211,-500.1552429199219,-374.7489318847656,,,,,,,,,,,,,,,,,,,,,,,,,,,,,,,,,,,,,,,,,,,,,,,,,,,,,,,,,,,
1.7758752982882857e+18,,,,,,,,,,,,,,,,,,,,,,,,,,,,,,,,,,,,,,,,,,,,,,,,,,0.0,0.0,0.0,,,,,,,,,,,,,,,,,,,,,,,
1.7758752982886062e+18,,,,,,,,,,,,,,,,,,,,,,,,,,,,,-215.71531677246094,-21.571531295776367,-21.571531295776367,-21.571531295776367,-21.571531295776367,-21.571531295776367,-180.5092010498047,,,,,,,,,,,,,,,,,,,,,,,,,,,,,,,,,,,,,,,,
1.7758752982886595e+18,,,,,,,,,,,,,,,,,-259.9249572753906,-293.962646484375,-260.38494873046875,-299.02227783203125,-259.4649963378906,-288.6730041503906,-258.5450744628906,-288.2130432128906,108.25556945800781,43.30222702026367,43.30222702026367,-298.0704650878906,,,,,,,,,,,,,,,,,,,,,,,,,,,,,,,,,,,,,,,,,,,,,,,
1.7758752982888356e+18,-374.8807067871094,-1250.1124267578125,-375.3402404785156,-75.06914520263672,-500.2140197753906,-374.69622802734375,-365.4891357421875,-374.79376220703125,,,,,,,,,,,,,,,,,,,,,,,,,,,,,,,,,,,,,,,,,,,,,,,,,,,,,,,,,,,,,,,,,,,
1.7758752982888443e+18,,,,,,,,,-374.63372802734375,-1249.7879638671875,-375.08935546875,-75.04882049560547,-75.0423355102539,-74.97998046875,-499.7450866699219,-374.56439208984375,,,,,,,,,,,,,,,,,,,,,,,,,,,,,,,,,,,,,,,,,,,,,,,,,,,,,,,,,,,
1.7758752982896061e+18,,,,,,,,,,,,,,,,,,,,,,,,,,,,,-215.71531677246094,-21.571531295776367,-21.571531295776367,-21.570873260498047,-21.571531295776367,-21.571531295776367,-180.4435272216797,,,,,,,,,,,,,,,,,,,,,,,,,,,,,,,,,,,,,,,,
1.7758752982896594e+18,,,,,,,,,,,,,,,,,-295.8025207519531,-268.89434814453125,-269.5843200683594,-304.3119201660156,-276.02386474609375,-277.1737976074219,-299.9422302246094,-284.07330322265625,108.25556945800781,43.30222702026367,43.30222702026367,-297.1310119628906,,,,,,,,,,,,,,,,,,,,,,,,,,,,,,,,,,,,,,,,,,,,,,,
1.775875298289836e+18,-374.9422302246094,-1249.9073486328125,-375.12481689453125,-75.03839111328125,-500.4190673828125,-375.4654846191406,-380.2643127441406,-375.5932922363281,,,,,,,,,,,,,,,,,,,,,,,,,,,,,,,,,,,,,,,,,,,,,,,,,,,,,,,,,,,,,,,,,,,
1.7758752982898442e+18,,,,,,,,,-374.7259216308594,-1249.5830078125,-374.6281433105469,-74.98118591308594,-74.9992904663086,-74.9984359741211,-500.0321960449219,-375.14874267578125,,,,,,,,,,,,,,,,,,,,,,,,,,,,,,,,,,,,,,,,,,,,,,,,,,,,,,,,,,,
1.775875298289858e+18,,,,,,,,,,,,,,,,,,,,,,,,,,,,,,,,,,,,2297.50830078125,22.01234245300293,2297.50830078125,2297.50830078125,2297.50830078125,2297.50830078125,2297.50830078125,24.63425064086914,2297.50830078125,2297.50830078125,2297.50830078125,2297.50830078125,2297.50830078125,2297.50830078125,,,,,,,,,,,,,,,,,,,,,,,,,,
1.7758752982899215e+18,,,,,,,,,,,,,,,,,,,,,,,,,,,,,,,,,,,,,,,,,,,,,,,,,,,,,0.0,0.0,0.0,0.0,0.0,0.0,0.0,0.0,0.0,0.0,0.0,0.0,0.0,0.0,0.0,0.0,0.0,0.0,0.0,0.0,0.0,0.0,0.0
1.775875298290606e+18,,,,,,,,,,,,,,,,,,,,,,,,,,,,,-215.71531677246094,-21.570873260498047,-21.571531295776367,-21.571531295776367,-21.571531295776367,-21.571531295776367,-180.42710876464844,,,,,,,,,,,,,,,,,,,,,,,,,,,,,,,,,,,,,,,,
1.7758752982906593e+18,,,,,,,,,,,,,,,,,-290.28289794921875,-268.66436767578125,-294.652587890625,-287.0631103515625,-266.8244934082031,-300.8621520996094,-267.2844543457031,-288.2130432128906,108.25556945800781,43.30222702026367,43.30222702026367,-300.27276611328125,,,,,,,,,,,,,,,,,,,,,,,,,,,,,,,,,,,,,,,,,,,,,,,
1.7758752982908365e+18,-375.1576232910156,-1251.548583984375,-375.37103271484375,-75.03839111328125,-500.6241455078125,-375.55780029296875,-381.156982421875,-375.5625305175781,,,,,,,,,,,,,,,,,,,,,,,,,,,,,,,,,,,,,,,,,,,,,,,,,,,,,,,,,,,,,,,,,,,
1.7758752982908444e+18,,,,,,,,,-375.06390380859375,-1250.40283203125,-374.96636962890625,-74.99962615966797,-75.01158905029297,-74.98612976074219,-499.9911804199219,-375.08721923828125,,,,,,,,,,,,,,,,,,,,,,,,,,,,,,,,,,,,,,,,,,,,,,,,,,,,,,,,,,,
1.775875298291606e+18,,,,,,,,,,,,,,,,,,,,,,,,,,,,,-215.71531677246094,-21.571531295776367,-21.571531295776367,-21.571531295776367,-21.571531295776367,-21.571531295776367,-180.41067504882812,,,,,,,,,,,,,,,,,,,,,,,,,,,,,,,,,,,,,,,,
1.7758752982916593e+18,,,,,,,,,,,,,,,,,-267.74444580078125,-289.8229064941406,-311.2114562988281,-294.882568359375,-266.5945129394531,-288.9029846191406,-301.3221435546875,-293.2726745605469,108.25556945800781,43.30222702026367,43.30222702026367,-298.8866882324219,,,,,,,,,,,,,,,,,,,,,,,,,,,,,,,,,,,,,,,,,,,,,,,
1.7758752982918372e+18,-374.9422302246094,-1250.420166015625,-374.9709167480469,-74.98918151855469,-500.1319885253906,-374.69622802734375,-368.7519836425781,-374.978271484375,,,,,,,,,,,,,,,,,,,,,,,,,,,,,,,,,,,,,,,,,,,,,,,,,,,,,,,,,,,,,,,,,,,
1.7758752982918444e+18,,,,,,,,,-374.572265625,-1249.275634765625,-374.68963623046875,-74.94429016113281,-74.96238708496094,-74.93690490722656,-499.6220397949219,-374.8411865234375,,,,,,,,,,,,,,,,,,,,,,,,,,,,,,,,,,,,,,,,,,,,,,,,,,,,,,,,,,,
1.7758752982926062e+18,,,,,,,,,,,,,,,,,,,,,,,,,,,,,-215.71531677246094,-21.571531295776367,-21.571531295776367,-21.571531295776367,-21.570873260498047,-21.571531295776367,-180.36141967773438,,,,,,,,,,,,,,,,,,,,,,,,,,,,,,,,,,,,,,,,
1.7758752982926592e+18,,,,,,,,,,,,,,,,,-297.41241455078125,-322.2507019042969,-293.0426940917969,-280.8535461425781,-295.8025207519531,-304.5419006347656,-279.4736328125,-294.652587890625,108.25556945800781,43.30222702026367,43.30222702026367,-300.1957702636719,,,,,,,,,,,,,,,,,,,,,,,,,,,,,,,,,,,,,,,,,,,,,,,
1.7758752982928376e+18,-374.9422302246094,-1248.7789306640625,-374.8785705566406,-74.98918151855469,-499.59881591796875,-374.8193054199219,-368.3518371582031,-374.5784912109375,,,,,,,,,,,,,,,,,,,,,,,,,,,,,,,,,,,,,,,,,,,,,,,,,,,,,,,,,,,,,,,,,,,
1.7758752982928445e+18,,,,,,,,,-374.787353515625,-1249.0706787109375,-374.72039794921875,-74.97503662109375,-74.92549133300781,-74.9676742553711,-499.7450866699219,-374.59515380859375,,,,,,,,,,,,,,,,,,,,,,,,,,,,,,,,,,,,,,,,,,,,,,,,,,,,,,,,,,,
1.7758752982936061e+18,,,,,,,,,,,,,,,,,,,,,,,,,,,,,-215.71531677246094,-21.571531295776367,-21.571531295776367,-21.571531295776367,-21.571531295776367,-21.572189331054688,-180.32858276367188,,,,,,,,,,,,,,,,,,,,,,,,,,,,,,,,,,,,,,,,
1.7758752982936591e+18,,,,,,,,,,,,,,,,,-278.5536804199219,-314.8912048339844,-308.2216491699219,-297.41241455078125,-297.41241455078125,-312.36138916015625,-282.2334289550781,-281.3135070800781,108.25556945800781,43.30222702026367,43.30222702026367,-300.3959655761719,,,,,,,,,,,,,,,,,,,,,,,,,,,,,,,,,,,,,,,,,,,,,,,
1.775875298293838e+18,-374.8807067871094,-1250.0098876953125,-375.1863708496094,-75.04454040527344,-500.2960205078125,-375.2500915527344,-383.52716064453125,-375.50103759765625,,,,,,,,,,,,,,,,,,,,,,,,,,,,,,,,,,,,,,,,,,,,,,,,,,,,,,,,,,,,,,,,,,,
1.7758752982938445e+18,,,,,,,,,-374.8180847167969,-1248.76318359375,-374.8126220703125,-74.99347686767578,-74.9808349609375,-74.9922866821289,-500.1962585449219,-375.17950439453125,,,,,,,,,,,,,,,,,,,,,,,,,,,,,,,,,,,,,,,,,,,,,,,,,,,,,,,,,,,
1.775875298294606e+18,,,,,,,,,,,,,,,,,,,,,,,,,,,,,-215.71531677246094,-21.571531295776367,-21.571531295776367,-21.571531295776367,-21.572189331054688,-21.571531295776367,-180.34500122070312,,,,,,,,,,,,,,,,,,,,,,,,,,,,,,,,,,,,,,,,
1.775875298294659e+18,,,,,,,,,,,,,,,,,-296.0325012207031,-317.4210205078125,-317.1910400390625,-291.43280029296875,-308.4516296386719,-310.29150390625,-280.8535461425781,-310.9814758300781,108.25556945800781,43.30222702026367,43.30222702026367,-301.7666320800781,,,,,,,,,,,,,,,,,,,,,,,,,,,,,,,,,,,,,,,,,,,,,,,
1.7758752982948385e+18,-375.0653076171875,-1249.599609375,-374.8785705566406,-74.98302459716797,-499.68084716796875,-374.4193115234375,-366.0124206542969,-375.009033203125,,,,,,,,,,,,,,,,,,,,,,,,,,,,,,,,,,,,,,,,,,,,,,,,,,,,,,,,,,,,,,,,,,,
1.7758752982948447e+18,,,,,,,,,-375.37115478515625,-1250.40283203125,-375.1508483886719,-74.99347686767578,-74.9808349609375,-74.95536804199219,-499.4169921875,-374.6874084472656,,,,,,,,,,,,,,,,,,,,,,,,,,,,,,,,,,,,,,,,,,,,,,,,,,,,,,,,,,,
1.7758752982953034e+18,,,,,,,,,,,,,,,,,,,,,,,,,,,,,,,,,,,,,,,,,,,,,,,,,,0.0,0.0,0.0,,,,,,,,,,,,,,,,,,,,,,,
1.775875298295606e+18,,,,,,,,,,,,,,,,,,,,,,,,,,,,,-215.71531677246094,-21.571531295776367,-21.571531295776367,-21.571531295776367,-21.571531295776367,-21.571531295776367,-180.27931213378906,,,,,,,,,,,,,,,,,,,,,,,,,,,,,,,,,,,,,,,,
1.7758752982956593e+18,,,,,,,,,,,,,,,,,-278.5536804199219,-313.05133056640625,-329.3802185058594,-303.1620178222656,-296.4924621582031,-319.72088623046875,-294.192626953125,-279.013671875,108.25556945800781,43.30222702026367,43.30222702026367,-299.5797424316406,,,,,,,,,,,,,,,,,,,,,,,,,,,,,,,,,,,,,,,,,,,,,,,
1.775875298295839e+18,-375.1268615722656,-1249.9073486328125,-374.8478088378906,-74.97687530517578,-499.8448791503906,-374.5116271972656,-363.4575500488281,-374.7322692871094,,,,,,,,,,,,,,,,,,,,,,,,,,,,,,,,,,,,,,,,,,,,,,,,,,,,,,,,,,,,,,,,,,,
1.7758752982958446e+18,,,,,,,,,-375.4326171875,-1250.915283203125,-375.1200866699219,-75.04882049560547,-75.03003692626953,-74.9984359741211,-499.9091491699219,-374.9642028808594,,,,,,,,,,,,,,,,,,,,,,,,,,,,,,,,,,,,,,,,,,,,,,,,,,,,,,,,,,,
1.775875298296606e+18,,,,,,,,,,,,,,,,,,,,,,,,,,,,,-215.71531677246094,-21.571531295776367,-21.571531295776367,-21.571531295776367,-21.571531295776367,-21.571531295776367,-180.2957305908203,,,,,,,,,,,,,,,,,,,,,,,,,,,,,,,,,,,,,,,,
1.7758752982966592e+18,,,,,,,,,,,,,,,,,-287.2930908203125,-301.3221435546875,-323.860595703125,-311.2114562988281,-297.1824035644531,-329.3802185058594,-307.5317077636719,-288.6730041503906,108.25556945800781,43.30222702026367,43.30222702026367,-301.0736083984375,,,,,,,,,,,,,,,,,,,,,,,,,,,,,,,,,,,,,,,,,,,,,,,
1.7758752982968394e+18,-375.1576232910156,-1249.9073486328125,-374.6015930175781,-74.92766571044922,-499.63983154296875,-374.7885437011719,-361.8876953125,-375.009033203125,,,,,,,,,,,,,,,,,,,,,,,,,,,,,,,,,,,,,,,,,,,,,,,,,,,,,,,,,,,,,,,,,,,
1.7758752982968445e+18,,,,,,,,,-375.3404541015625,-1250.812744140625,-374.9971008300781,-74.95658874511719,-74.94393920898438,-74.94921112060547,-499.7450866699219,-374.6874084472656,,,,,,,,,,,,,,,,,,,,,,,,,,,,,,,,,,,,,,,,,,,,,,,,,,,,,,,,,,,
1.7758752982971346e+18,,,,,,,,,,,,,,,,,,,,,,,,,,,,,,,,,,,,,,,,,,,,,,,,,,,,,0.0,0.0,0.0,0.0,0.0,0.0,0.0,0.0,0.0,0.0,0.0,0.0,0.0,0.0,0.0,0.0,0.0,0.0,0.0,0.0,0.0,0.0,0.0
1.775875298297606e+18,,,,,,,,,,,,,,,,,,,,,,,,,,,,,-215.71531677246094,-21.571531295776367,-21.571531295776367,-21.571531295776367,-21.571531295776367,-21.571531295776367,-180.36141967773438,,,,,,,,,,,,,,,,,,,,,,,,,,,,,,,,,,,,,,,,
1.7758752982976591e+18,,,,,,,,,,,,,,,,,-314.6612243652344,-316.0411376953125,-296.2624816894531,-337.8896179199219,-303.1620178222656,-286.6031494140625,-313.28131103515625,-292.1227722167969,108.25556945800781,43.30222702026367,43.30222702026367,-301.3662109375,,,,,,,,,,,,,,,,,,,,,,,,,,,,,,,,,,,,,,,,,,,,,,,
1.7758752982978399e+18,-375.1268615722656,-1249.9073486328125,-374.66314697265625,-74.9399642944336,-499.68084716796875,-374.7885437011719,-361.14892578125,-374.79376220703125,,,,,,,,,,,,,,,,,,,,,,,,,,,,,,,,,,,,,,,,,,,,,,,,,,,,,,,,,,,,,,,,,,,
1.7758752982978447e+18,,,,,,,,,-375.4018859863281,-1250.6077880859375,-374.9971008300781,-74.99347686767578,-74.9992904663086,-74.97998046875,-499.5810546875,-374.6874084472656,,,,,,,,,,,,,,,,,,,,,,,,,,,,,,,,,,,,,,,,,,,,,,,,,,,,,,,,,,,
1.775875298298606e+18,,,,,,,,,,,,,,,,,,,,,,,,,,,,,-215.71531677246094,-21.571531295776367,-21.571531295776367,-21.571531295776367,-21.570873260498047,-21.571531295776367,-180.39425659179688,,,,,,,,,,,,,,,,,,,,,,,,,,,,,,,,,,,,,,,,
1.775875298298659e+18,,,,,,,,,,,,,,,,,-307.3017272949219,-287.0631103515625,-291.8927917480469,-320.64080810546875,-312.1313781738281,-288.6730041503906,-269.5843200683594,-314.8912048339844,108.25556945800781,43.30222702026367,43.30222702026367,-300.4883728027344,,,,,,,,,,,,,,,,,,,,,,,,,,,,,,,,,,,,,,,,,,,,,,,
1.7758752982988403e+18,-374.8807067871094,-1248.5738525390625,-374.8478088378906,-74.98302459716797,-499.72186279296875,-374.97314453125,-375.0929870605469,-375.0397644042969,,,,,,,,,,,,,,,,,,,,,,,,,,,,,,,,,,,,,,,,,,,,,,,,,,,,,,,,,,,,,,,,,,,
1.7758752982988447e+18,,,,,,,,,-374.84881591796875,-1248.86572265625,-374.6589050292969,-74.96273803710938,-74.96853637695312,-74.93690490722656,-499.6630554199219,-374.7796936035156,,,,,,,,,,,,,,,,,,,,,,,,,,,,,,,,,,,,,,,,,,,,,,,,,,,,,,,,,,,
1.775875298299606e+18,,,,,,,,,,,,,,,,,,,,,,,,,,,,,-215.71531677246094,-21.571531295776367,-21.571531295776367,-21.571531295776367,-21.571531295776367,-21.570873260498047,-180.39425659179688,,,,,,,,,,,,,,,,,,,,,,,,,,,,,,,,,,,,,,,,
1.775875298299659e+18,,,,,,,,,,,,,,,,,-303.6219787597656,-276.9438171386719,-298.10235595703125,-323.1706237792969,-283.84332275390625,-298.10235595703125,-298.56231689453125,-273.0340576171875,108.25556945800781,43.30222702026367,43.30222702026367,-301.5202331542969,,,,,,,,,,,,,,,,,,,,,,,,,,,,,,,,,,,,,,,,,,,,,,,
1.7758752982998408e+18,-374.78839111328125,-1249.086669921875,-374.90936279296875,-74.98918151855469,-500.3370361328125,-375.2808532714844,-383.52716064453125,-375.13201904296875,,,,,,,,,,,,,,,,,,,,,,,,,,,,,,,,,,,,,,,,,,,,,,,,,,,,,,,,,,,,,,,,,,,
1.7758752982998449e+18,,,,,,,,,-374.6644592285156,-1248.86572265625,-374.7818908691406,-74.99962615966797,-75.0423355102539,-75.04766082763672,-500.1142272949219,-374.9949645996094,,,,,,,,,,,,,,,,,,,,,,,,,,,,,,,,,,,,,,,,,,,,,,,,,,,,,,,,,,,
1.775875298300606e+18,,,,,,,,,,,,,,,,,,,,,,,,,,,,,-215.71531677246094,-21.571531295776367,-21.571531295776367,-21.571531295776367,-21.571531295776367,-21.571531295776367,-180.4763641357422,,,,,,,,,,,,,,,,,,,,,,,,,,,,,,,,,,,,,,,,
1.775875298300659e+18,,,,,,,,,,,,,,,,,-309.1416015625,-285.9131774902344,-284.7632751464844,-323.630615234375,-287.9830322265625,-269.12432861328125,-296.2624816894531,-286.3731689453125,108.25556945800781,43.30222702026367,43.30222702026367,-300.1341552734375,,,,,,,,,,,,,,,,,,,,,,,,,,,,,,,,,,,,,,,,,,,,,,,
1.7758752983008412e+18,-375.31146240234375,-1250.420166015625,-374.90936279296875,-74.9645767211914,-499.68084716796875,-374.7885437011719,-360.37939453125,-374.8860168457031,,,,,,,,,,,,,,,,,,,,,,,,,,,,,,,,,,,,,,,,,,,,,,,,,,,,,,,,,,,,,,,,,,,
1.7758752983008448e+18,,,,,,,,,-375.4018859863281,-1251.017822265625,-374.9971008300781,-74.9873275756836,-74.96853637695312,-74.9676742553711,-499.7450866699219,-374.5028991699219,,,,,,,,,,,,,,,,,,,,,,,,,,,,,,,,,,,,,,,,,,,,,,,,,,,,,,,,,,,
1.775875298301606e+18,,,,,,,,,,,,,,,,,,,,,,,,,,,,,-215.71531677246094,-21.571531295776367,-21.571531295776367,-21.571531295776367,-21.571531295776367,-21.572189331054688,-180.5584716796875,,,,,,,,,,,,,,,,,,,,,,,,,,,,,,,,,,,,,,,,
1.775875298301659e+18,,,,,,,,,,,,,,,,,-273.2640686035156,-298.10235595703125,-293.0426940917969,-267.97442626953125,-297.41241455078125,-284.30328369140625,-270.7342224121094,-315.5811462402344,108.25556945800781,43.30222702026367,43.30222702026367,-298.0396728515625,,,,,,,,,,,,,,,,,,,,,,,,,,,,,,,,,,,,,,,,,,,,,,,
1.7758752983018417e+18,-375.3730163574219,-1250.83056640625,-375.001708984375,-74.9522705078125,-499.55780029296875,-374.66546630859375,-367.5823059082031,-374.82452392578125,,,,,,,,,,,,,,,,,,,,,,,,,,,,,,,,,,,,,,,,,,,,,,,,,,,,,,,,,,,,,,,,,,,
1.775875298301845e+18,,,,,,,,,-375.15606689453125,-1251.1202392578125,-375.21234130859375,-74.99347686767578,-74.931640625,-74.94306182861328,-499.7040710449219,-374.9949645996094,,,,,,,,,,,,,,,,,,,,,,,,,,,,,,,,,,,,,,,,,,,,,,,,,,,,,,,,,,,
1.775875298302361e+18,,,,,,,,,,,,,,,,,,,,,,,,,,,,,,,,,,,,2297.5576171875,21.9881649017334,2297.5576171875,2297.5576171875,2297.5576171875,2297.5576171875,2297.5576171875,24.739566802978516,2297.5576171875,2297.5576171875,2297.5576171875,2297.5576171875,2297.5576171875,2297.5576171875,,,,,,,,,,,,,,,,,,,,,,,,,,
1.775875298302494e+18,,,,,,,,,,,,,,,,,,,,,,,,,,,,,,,,,,,,,,,,,,,,,,,,,,0.0,0.0,0.0,,,,,,,,,,,,,,,,,,,,,,,
1.7758752983026058e+18,,,,,,,,,,,,,,,,,,,,,,,,,,,,,-215.71531677246094,-21.572189331054688,-21.571531295776367,-21.571531295776367,-21.571531295776367,-21.571531295776367,-180.5584716796875,,,,,,,,,,,,,,,,,,,,,,,,,,,,,,,,,,,,,,,,
1.7758752983026588e+18,,,,,,,,,,,,,,,,,-281.7734680175781,-298.33233642578125,-295.8025207519531,-269.5843200683594,-291.66278076171875,-276.25384521484375,-257.6251220703125,-296.2624816894531,108.25556945800781,43.30222702026367,43.30222702026367,-298.701904296875,,,,,,,,,,,,,,,,,,,,,,,,,,,,,,,,,,,,,,,,,,,,,,,
1.775875298302842e+18,-375.24993896484375,-1250.83056640625,-375.37103271484375,-75.05068969726562,-500.0089416503906,-374.5423889160156,-364.41180419921875,-374.7322692871094,,,,,,,,,,,,,,,,,,,,,,,,,,,,,,,,,,,,,,,,,,,,,,,,,,,,,,,,,,,,,,,,,,,
1.775875298302845e+18,,,,,,,,,-375.2482604980469,-1250.812744140625,-375.1816101074219,-75.02422332763672,-75.03618621826172,-74.9922866821289,-499.5400390625,-374.6874084472656,,,,,,,,,,,,,,,,,,,,,,,,,,,,,,,,,,,,,,,,,,,,,,,,,,,,,,,,,,,
1.7758752983036058e+18,,,,,,,,,,,,,,,,,,,,,,,,,,,,,-215.71531677246094,-21.571531295776367,-21.571531295776367,-21.571531295776367,-21.571531295776367,-21.571531295776367,-180.525634765625,,,,,,,,,,,,,,,,,,,,,,,,,,,,,,,,,,,,,,,,
1.7758752983036588e+18,,,,,,,,,,,,,,,,,-266.1345520019531,-284.30328369140625,-304.5419006347656,-307.3017272949219,-268.66436767578125,-262.2248229980469,-267.74444580078125,-297.87237548828125,108.25556945800781,43.30222702026367,43.30222702026367,-298.85589599609375,,,,,,,,,,,,,,,,,,,,,,,,,,,,,,,,,,,,,,,,,,,,,,,
1.7758752983038426e+18,-374.9422302246094,-1249.599609375,-374.9401550292969,-74.92151641845703,-499.72186279296875,-374.4193115234375,-382.01885986328125,-375.1012878417969,,,,,,,,,,,,,,,,,,,,,,,,,,,,,,,,,,,,,,,,,,,,,,,,,,,,,,,,,,,,,,,,,,,
1.775875298303845e+18,,,,,,,,,-374.7259216308594,-1250.1978759765625,-374.93560791015625,-75.0365219116211,-75.0423355102539,-75.0230484008789,-500.0321960449219,-374.9027099609375,,,,,,,,,,,,,,,,,,,,,,,,,,,,,,,,,,,,,,,,,,,,,,,,,,,,,,,,,,,
1.7758752983046057e+18,,,,,,,,,,,,,,,,,,,,,,,,,,,,,-215.71531677246094,-21.571531295776367,-21.571531295776367,-21.571531295776367,-21.571531295776367,-21.571531295776367,-180.45994567871094,,,,,,,,,,,,,,,,,,,,,,,,,,,,,,,,,,,,,,,,
1.7758752983046587e+18,,,,,,,,,,,,,,,,,-295.342529296875,-283.84332275390625,-277.6337585449219,-319.0309143066406,-273.7240295410156,-285.4532165527344,-276.9438171386719,-259.9249572753906,108.25556945800781,43.30222702026367,43.30222702026367,-300.08795166015625,,,,,,,,,,,,,,,,,,,,,,,,,,,,,,,,,,,,,,,,,,,,,,,
1.775875298304843e+18,-375.0653076171875,-1251.03564453125,-375.1863708496094,-75.07530212402344,-500.2140197753906,-374.880859375,-365.58148193359375,-374.5169982910156,,,,,,,,,,,,,,,,,,,,,,,,,,,,,,,,,,,,,,,,,,,,,,,,,,,,,,,,,,,,,,,,,,,
1.775875298304845e+18,,,,,,,,,-375.0331726074219,-1250.6077880859375,-375.3045959472656,-75.02422332763672,-75.0423355102539,-74.9922866821289,-499.7450866699219,-374.7489318847656,,,,,,,,,,,,,,,,,,,,,,,,,,,,,,,,,,,,,,,,,,,,,,,,,,,,,,,,,,,
1.7758752983052905e+18,,,,,,,,,,,,,,,,,,,,,,,,,,,,,,,,,,,,,,,,,,,,,,,,,,,,,0.0,0.0,0.0,0.0,0.0,0.0,0.0,0.0,0.0,0.0,0.0,0.0,0.0,0.0,0.0,0.0,0.0,0.0,0.0,0.0,0.0,0.0,0.0
1.775875298305606e+18,,,,,,,,,,,,,,,,,,,,,,,,,,,,,-215.71531677246094,-21.571531295776367,-21.571531295776367,-21.571531295776367,-21.571531295776367,-21.571531295776367,-180.45994567871094,,,,,,,,,,,,,,,,,,,,,,,,,,,,,,,,,,,,,,,,
1.7758752983056586e+18,,,,,,,,,,,,,,,,,-273.0340576171875,-289.5929260253906,-292.8127136230469,-267.0544738769531,-291.66278076171875,-270.9642028808594,-257.8551025390625,-290.05291748046875,108.25556945800781,43.30222702026367,43.30222702026367,-299.33331298828125,,,,,,,,,,,,,,,,,,,,,,,,,,,,,,,,,,,,,,,,,,,,,,,
1.7758752983058435e+18,-375.1268615722656,-1250.0098876953125,-374.66314697265625,-74.92766571044922,-499.72186279296875,-374.880859375,-367.95166015625,-375.19354248046875,,,,,,,,,,,,,,,,,,,,,,,,,,,,,,,,,,,,,,,,,,,,,,,,,,,,,,,,,,,,,,,,,,,
1.7758752983058452e+18,,,,,,,,,-375.3404541015625,-1250.3004150390625,-374.93560791015625,-74.97503662109375,-74.931640625,-74.95536804199219,-499.8271179199219,-374.8104248046875,,,,,,,,,,,,,,,,,,,,,,,,,,,,,,,,,,,,,,,,,,,,,,,,,,,,,,,,,,,
1.7758752983066058e+18,,,,,,,,,,,,,,,,,,,,,,,,,,,,,-215.71531677246094,-21.571531295776367,-21.571531295776367,-21.571531295776367,-21.571531295776367,-21.571531295776367,-180.45994567871094,,,,,,,,,,,,,,,,,,,,,,,,,,,,,,,,,,,,,,,,
1.7758752983066588e+18,,,,,,,,,,,,,,,,,-261.76483154296875,-283.84332275390625,-309.6015625,-298.56231689453125,-260.38494873046875,-268.20440673828125,-286.1431579589844,-300.8621520996094,108.25556945800781,43.30222702026367,43.30222702026367,-299.9185485839844,,,,,,,,,,,,,,,,,,,,,,,,,,,,,,,,,,,,,,,,,,,,,,,
1.775875298306844e+18,-374.9729919433594,-1249.8046875,-374.7554626464844,-74.98918151855469,-500.1319885253906,-374.69622802734375,-370.29107666015625,-375.19354248046875,,,,,,,,,,,,,,,,,,,,,,,,,,,,,,,,,,,,,,,,,,,,,,,,,,,,,,,,,,,,,,,,,,,
1.7758752983068452e+18,,,,,,,,,-374.6951904296875,-1249.3780517578125,-374.7511291503906,-74.950439453125,-74.95008850097656,-74.9676742553711,-499.4580078125,-374.6874084472656,,,,,,,,,,,,,,,,,,,,,,,,,,,,,,,,,,,,,,,,,,,,,,,,,,,,,,,,,,,
1.7758752983076058e+18,,,,,,,,,,,,,,,,,,,,,,,,,,,,,-215.71531677246094,-21.571531295776367,-21.570873260498047,-21.571531295776367,-21.571531295776367,-21.571531295776367,-180.4435272216797,,,,,,,,,,,,,,,,,,,,,,,,,,,,,,,,,,,,,,,,
1.7758752983076588e+18,,,,,,,,,,,,,,,,,-273.4940490722656,-302.7020263671875,-272.1141357421875,-298.56231689453125,-292.3527526855469,-261.53485107421875,-289.1329650878906,-283.84332275390625,108.25556945800781,43.30222702026367,43.30222702026367,-301.3662109375,,,,,,,,,,,,,,,,,,,,,,,,,,,,,,,,,,,,,,,,,,,,,,,
1.7758752983078444e+18,-374.9422302246094,-1249.8046875,-375.2171325683594,-75.03224182128906,-500.5831298828125,-375.2193298339844,-373.4000244140625,-374.76300048828125,,,,,,,,,,,,,,,,,,,,,,,,,,,,,,,,,,,,,,,,,,,,,,,,,,,,,,,,,,,,,,,,,,,
1.7758752983078454e+18,,,,,,,,,-374.7259216308594,-1249.8905029296875,-375.1508483886719,-75.0365219116211,-75.02388763427734,-75.02920532226562,-499.9911804199219,-374.8104248046875,,,,,,,,,,,,,,,,,,,,,,,,,,,,,,,,,,,,,,,,,,,,,,,,,,,,,,,,,,,
1.7758752983086057e+18,,,,,,,,,,,,,,,,,,,,,,,,,,,,,-215.708740234375,-21.571531295776367,-21.570873260498047,-21.571531295776367,-21.571531295776367,-21.572189331054688,-180.36141967773438,,,,,,,,,,,,,,,,,,,,,,,,,,,,,,,,,,,,,,,,
1.7758752983086587e+18,,,,,,,,,,,,,,,,,-285.2232360839844,-318.8009338378906,-293.962646484375,-290.51287841796875,-305.69183349609375,-272.8040771484375,-282.69342041015625,-297.41241455078125,108.25556945800781,43.30222702026367,43.30222702026367,-299.33331298828125,,,,,,,,,,,,,,,,,,,,,,,,,,,,,,,,,,,,,,,,,,,,,,,
1.7758752983088448e+18,-374.9422302246094,-1250.420166015625,-375.37103271484375,-75.05684661865234,-500.2550354003906,-375.61932373046875,-383.52716064453125,-375.1012878417969,,,,,,,,,,,,,,,,,,,,,,,,,,,,,,,,,,,,,,,,,,,,,,,,,,,,,,,,,,,,,,,,,,,
1.7758752983088453e+18,,,,,,,,,-374.572265625,-1249.5830078125,-374.9971008300781,-74.99962615966797,-75.02388763427734,-75.0230484008789,-500.4013366699219,-375.2409973144531,,,,,,,,,,,,,,,,,,,,,,,,,,,,,,,,,,,,,,,,,,,,,,,,,,,,,,,,,,,
1.7758752983096056e+18,,,,,,,,,,,,,,,,,,,,,,,,,,,,,-215.71531677246094,-21.571531295776367,-21.572189331054688,-21.571531295776367,-21.572189331054688,-21.571531295776367,-180.32858276367188,,,,,,,,,,,,,,,,,,,,,,,,,,,,,,,,,,,,,,,,
1.7758752983096586e+18,,,,,,,,,,,,,,,,,-304.5419006347656,-275.56390380859375,-305.69183349609375,-317.1910400390625,-284.9932556152344,-301.7821044921875,-299.4822692871094,-282.0034484863281,108.25556945800781,43.30222702026367,43.30222702026367,-299.7337341308594,,,,,,,,,,,,,,,,,,,,,,,,,,,,,,,,,,,,,,,,,,,,,,,
1.7758752983097464e+18,,,,,,,,,,,,,,,,,,,,,,,,,,,,,,,,,,,,,,,,,,,,,,,,,,0.0,0.0,0.0,,,,,,,,,,,,,,,,,,,,,,,
1.7758752983098452e+18,-374.81915283203125,-1249.3944091796875,-374.6015930175781,-74.9645767211914,-499.8858947753906,-374.4193115234375,-366.443359375,-374.8860168457031,,,,,,,,,,,,,,,,,,,,,,,,,,,,,,,,,,,,,,,,,,,,,,,,,,,,,,,,,,,,,,,,,,,
1.7758752983098455e+18,,,,,,,,,-374.8180847167969,-1249.685546875,-374.68963623046875,-74.98118591308594,-74.9808349609375,-74.94921112060547,-499.8271179199219,-374.8719482421875,,,,,,,,,,,,,,,,,,,,,,,,,,,,,,,,,,,,,,,,,,,,,,,,,,,,,,,,,,,
1.7758752983106056e+18,,,,,,,,,,,,,,,,,,,,,,,,,,,,,-215.71531677246094,-21.571531295776367,-21.571531295776367,-21.571531295776367,-21.571531295776367,-21.571531295776367,-180.37783813476562,,,,,,,,,,,,,,,,,,,,,,,,,,,,,,,,,,,,,,,,
1.7758752983106586e+18,,,,,,,,,,,,,,,,,-305.92181396484375,-328.69024658203125,-308.4516296386719,-291.66278076171875,-276.48382568359375,-308.2216491699219,-317.6510009765625,-298.79229736328125,108.25556945800781,43.30222702026367,43.30222702026367,-301.0736083984375,,,,,,,,,,,,,,,,,,,,,,,,,,,,,,,,,,,,,,,,,,,,,,,
1.7758752983108454e+18,,,,,,,,,-375.4326171875,-1250.6077880859375,-375.1200866699219,-74.99962615966797,-74.9992904663086,-75.0107421875,-499.5810546875,-374.6874084472656,,,,,,,,,,,,,,,,,,,,,,,,,,,,,,,,,,,,,,,,,,,,,,,,,,,,,,,,,,,
1.7758752983108457e+18,-374.78839111328125,-1249.7021484375,-374.8170166015625,-75.04454040527344,-500.1319885253906,-375.55780029296875,-383.52716064453125,-375.2242736816406,,,,,,,,,,,,,,,,,,,,,,,,,,,,,,,,,,,,,,,,,,,,,,,,,,,,,,,,,,,,,,,,,,,
1.7758752983116055e+18,,,,,,,,,,,,,,,,,,,,,,,,,,,,,-215.71531677246094,-21.571531295776367,-21.571531295776367,-21.571531295776367,-21.571531295776367,-21.571531295776367,-180.31214904785156,,,,,,,,,,,,,,,,,,,,,,,,,,,,,,,,,,,,,,,,
1.7758752983116585e+18,,,,,,,,,,,,,,,,,-330.5301208496094,-302.0120849609375,-295.342529296875,-329.1502380371094,-293.962646484375,-277.4037780761719,-309.1416015625,-316.7310791015625,108.25556945800781,43.30222702026367,43.30222702026367,-299.471923828125,,,,,,,,,,,,,,,,,,,,,,,,,,,,,,,,,,,,,,,,,,,,,,,
1.7758752983118456e+18,,,,,,,,,-374.7566223144531,-1248.76318359375,-374.7511291503906,-74.97503662109375,-74.96238708496094,-74.9984359741211,-500.1142272949219,-375.364013671875,,,,,,,,,,,,,,,,,,,,,,,,,,,,,,,,,,,,,,,,,,,,,,,,,,,,,,,,,,,
1.7758752983118461e+18,-374.7268371582031,-1249.4969482421875,-375.12481689453125,-74.99533081054688,-500.1730041503906,-375.2193298339844,-383.52716064453125,-375.50103759765625,,,,,,,,,,,,,,,,,,,,,,,,,,,,,,,,,,,,,,,,,,,,,,,,,,,,,,,,,,,,,,,,,,,
1.7758752983124598e+18,,,,,,,,,,,,,,,,,,,,,,,,,,,,,,,,,,,,,,,,,,,,,,,,,,,,,0.0,0.0,0.0,0.0,0.0,0.0,0.0,0.0,0.0,0.0,0.0,0.0,0.0,0.0,0.0,0.0,0.0,0.0,0.0,0.0,0.0,0.0,0.0
1.7758752983126057e+18,,,,,,,,,,,,,,,,,,,,,,,,,,,,,-215.71531677246094,-21.571531295776367,-21.571531295776367,-21.571531295776367,-21.571531295776367,-21.572189331054688,-180.37783813476562,,,,,,,,,,,,,,,,,,,,,,,,,,,,,,,,,,,,,,,,
1.7758752983126584e+18,,,,,,,,,,,,,,,,,-309.6015625,-306.15179443359375,-332.3699951171875,-307.9916687011719,-296.2624816894531,-313.97125244140625,-273.4940490722656,-315.8111267089844,108.25556945800781,43.30222702026367,43.30222702026367,-300.59619140625,,,,,,,,,,,,,,,,,,,,,,,,,,,,,,,,,,,,,,,,,,,,,,,
1.7758752983128456e+18,,,,,,,,,-375.3404541015625,-1250.3004150390625,-375.1816101074219,-74.99962615966797,-74.97468566894531,-74.9676742553711,-499.4580078125,-374.7796936035156,,,,,,,,,,,,,,,,,,,,,,,,,,,,,,,,,,,,,,,,,,,,,,,,,,,,,,,,,,,
1.7758752983128466e+18,-375.1268615722656,-1251.651123046875,-375.1863708496094,-74.99533081054688,-499.80389404296875,-374.3885192871094,-366.41259765625,-375.13201904296875,,,,,,,,,,,,,,,,,,,,,,,,,,,,,,,,,,,,,,,,,,,,,,,,,,,,,,,,,,,,,,,,,,,
1.7758752983136056e+18,,,,,,,,,,,,,,,,,,,,,,,,,,,,,-215.71531677246094,-21.571531295776367,-21.571531295776367,-21.571531295776367,-21.571531295776367,-21.571531295776367,-180.36141967773438,,,,,,,,,,,,,,,,,,,,,,,,,,,,,,,,,,,,,,,,
1.7758752983136584e+18,,,,,,,,,,,,,,,,,-320.87078857421875,-320.64080810546875,-289.3629455566406,-307.3017272949219,-319.2608947753906,-314.8912048339844,-280.8535461425781,-288.4430236816406,108.25556945800781,43.30222702026367,43.30222702026367,-301.32000732421875,,,,,,,,,,,,,,,,,,,,,,,,,,,,,,,,,,,,,,,,,,,,,,,
1.7758752983138458e+18,,,,,,,,,-374.7566223144531,-1248.6607666015625,-374.7511291503906,-74.9873275756836,-74.97468566894531,-74.9984359741211,-500.1552429199219,-375.3025207519531,,,,,,,,,,,,,,,,,,,,,,,,,,,,,,,,,,,,,,,,,,,,,,,,,,,,,,,,,,,
1.775875298313847e+18,-374.7268371582031,-1249.7021484375,-375.15557861328125,-75.01378631591797,-500.3370361328125,-375.2193298339844,-383.52716064453125,-375.50103759765625,,,,,,,,,,,,,,,,,,,,,,,,,,,,,,,,,,,,,,,,,,,,,,,,,,,,,,,,,,,,,,,,,,,
1.7758752983146056e+18,,,,,,,,,,,,,,,,,,,,,,,,,,,,,-215.708740234375,-21.571531295776367,-21.570873260498047,-21.571531295776367,-21.571531295776367,-21.571531295776367,-180.32858276367188,,,,,,,,,,,,,,,,,,,,,,,,,,,,,,,,,,,,,,,,
1.7758752983146583e+18,,,,,,,,,,,,,,,,,-309.6015625,-287.5230712890625,-316.0411376953125,-322.9406433105469,-285.2232360839844,-307.9916687011719,-309.37158203125,-284.07330322265625,108.25556945800781,43.30222702026367,43.30222702026367,-300.2111511230469,,,,,,,,,,,,,,,,,,,,,,,,,,,,,,,,,,,,,,,,,,,,,,,
1.7758752983148457e+18,,,,,,,,,-374.8180847167969,-1249.685546875,-374.6589050292969,-74.96888732910156,-74.96238708496094,-74.96151733398438,-499.4169921875,-374.6566467285156,,,,,,,,,,,,,,,,,,,,,,,,,,,,,,,,,,,,,,,,,,,,,,,,,,,,,,,,,,,
1.7758752983148475e+18,-374.78839111328125,-1249.599609375,-374.6323547363281,-74.9645767211914,-499.8858947753906,-374.5423889160156,-367.9208984375,-375.1012878417969,,,,,,,,,,,,,,,,,,,,,,,,,,,,,,,,,,,,,,,,,,,,,,,,,,,,,,,,,,,,,,,,,,,
1.7758752983148644e+18,,,,,,,,,,,,,,,,,,,,,,,,,,,,,,,,,,,,2297.46728515625,21.962438583374023,2297.46728515625,2297.46728515625,2297.46728515625,2297.46728515625,2297.46728515625,24.695446014404297,2297.46728515625,2297.46728515625,2297.46728515625,2297.46728515625,2297.46728515625,2297.46728515625,,,,,,,,,,,,,,,,,,,,,,,,,,
1.7758752983156055e+18,,,,,,,,,,,,,,,,,,,,,,,,,,,,,-215.71531677246094,-21.571531295776367,-21.571531295776367,-21.571531295776367,-21.571531295776367,-21.571531295776367,-180.41067504882812,,,,,,,,,,,,,,,,,,,,,,,,,,,,,,,,,,,,,,,,
1.7758752983156582e+18,,,,,,,,,,,,,,,,,-315.8111267089844,-288.2130432128906,-305.00189208984375,-310.29150390625,-268.43438720703125,-302.7020263671875,-300.4021911621094,-296.7224426269531,108.25556945800781,43.30222702026367,43.30222702026367,-300.9966125488281,,,,,,,,,,,,,,,,,,,,,,,,,,,,,,,,,,,,,,,,,,,,,,,
1.775875298315846e+18,,,,,,,,,-375.4326171875,-1250.6077880859375,-374.8741149902344,-74.97503662109375,-74.93778991699219,-74.9922866821289,-500.1552429199219,-375.3025207519531,,,,,,,,,,,,,,,,,,,,,,,,,,,,,,,,,,,,,,,,,,,,,,,,,,,,,,,,,,,
1.775875298315848e+18,-375.31146240234375,-1250.7279052734375,-374.7554626464844,-74.9399642944336,-499.68084716796875,-375.12701416015625,-376.35504150390625,-375.47027587890625,,,,,,,,,,,,,,,,,,,,,,,,,,,,,,,,,,,,,,,,,,,,,,,,,,,,,,,,,,,,,,,,,,,
1.7758752983166054e+18,,,,,,,,,,,,,,,,,,,,,,,,,,,,,-215.71531677246094,-21.571531295776367,-21.571531295776367,-21.570873260498047,-21.571531295776367,-21.572189331054688,-180.45994567871094,,,,,,,,,,,,,,,,,,,,,,,,,,,,,,,,,,,,,,,,
1.7758752983166582e+18,,,,,,,,,,,,,,,,,-305.92181396484375,-281.0835266113281,-305.23187255859375,-317.6510009765625,-278.3236999511719,-296.2624816894531,-295.112548828125,-275.33392333984375,108.25556945800781,43.30222702026367,43.30222702026367,-300.2265625,,,,,,,,,,,,,,,,,,,,,,,,,,,,,,,,,,,,,,,,,,,,,,,
1.7758752983167086e+18,,,,,,,,,,,,,,,,,,,,,,,,,,,,,,,,,,,,,,,,,,,,,,,,,,0.0,0.0,0.0,,,,,,,,,,,,,,,,,,,,,,,
1.7758752983168458e+18,,,,,,,,,-374.8180847167969,-1249.5830078125,-374.68963623046875,-74.99962615966797,-74.98699188232422,-74.9922866821289,-500.1962585449219,-375.0257263183594,,,,,,,,,,,,,,,,,,,,,,,,,,,,,,,,,,,,,,,,,,,,,,,,,,,,,,,,,,,
1.7758752983168484e+18,-374.9114685058594,-1249.7021484375,-374.6323547363281,-74.9645767211914,-499.8858947753906,-374.4193115234375,-365.9200744628906,-374.82452392578125,,,,,,,,,,,,,,,,,,,,,,,,,,,,,,,,,,,,,,,,,,,,,,,,,,,,,,,,,,,,,,,,,,,
1.7758752983176054e+18,,,,,,,,,,,,,,,,,,,,,,,,,,,,,-215.71531677246094,-21.571531295776367,-21.571531295776367,-21.571531295776367,-21.570873260498047,-21.571531295776367,-180.4763641357422,,,,,,,,,,,,,,,,,,,,,,,,,,,,,,,,,,,,,,,,
1.7758752983176584e+18,,,,,,,,,,,,,,,,,-300.6321716308594,-325.4704895019531,-301.7821044921875,-284.9932556152344,-261.99481201171875,-288.2130432128906,-308.2216491699219,-295.342529296875,108.25556945800781,43.30222702026367,43.30222702026367,-301.2430114746094,,,,,,,,,,,,,,,,,,,,,,,,,,,,,,,,,,,,,,,,,,,,,,,
1.775875298317846e+18,,,,,,,,,-375.37115478515625,-1250.40283203125,-375.1508483886719,-75.0303726196289,-75.01773834228516,-75.02920532226562,-499.9911804199219,-374.9027099609375,,,,,,,,,,,,,,,,,,,,,,,,,,,,,,,,,,,,,,,,,,,,,,,,,,,,,,,,,,,
1.7758752983178488e+18,-375.0037841796875,-1250.0098876953125,-375.15557861328125,-75.06299591064453,-500.1730041503906,-375.5270080566406,-383.52716064453125,-375.2242736816406,,,,,,,,,,,,,,,,,,,,,,,,,,,,,,,,,,,,,,,,,,,,,,,,,,,,,,,,,,,,,,,,,,,
1.7758752983186053e+18,,,,,,,,,,,,,,,,,,,,,,,,,,,,,-215.708740234375,-21.570873260498047,-21.571531295776367,-21.571531295776367,-21.571531295776367,-21.571531295776367,-180.54205322265625,,,,,,,,,,,,,,,,,,,,,,,,,,,,,,,,,,,,,,,,
1.7758752983186583e+18,,,,,,,,,,,,,,,,,-289.8229064941406,-270.7342224121094,-290.51287841796875,-307.9916687011719,-274.4139709472656,-268.20440673828125,-286.3731689453125,-299.4822692871094,108.25556945800781,43.30222702026367,43.30222702026367,-301.3662109375,,,,,,,,,,,,,,,,,,,,,,,,,,,,,,,,,,,,,,,,,,,,,,,
1.775875298318846e+18,,,,,,,,,-375.37115478515625,-1250.7103271484375,-375.1816101074219,-74.99962615966797,-74.98699188232422,-74.97998046875,-499.4990234375,-374.6874084472656,,,,,,,,,,,,,,,,,,,,,,,,,,,,,,,,,,,,,,,,,,,,,,,,,,,,,,,,,,,
1.7758752983188493e+18,-375.0037841796875,-1249.8046875,-375.15557861328125,-75.05684661865234,-500.2550354003906,-375.58856201171875,-382.9115295410156,-375.2857971191406,,,,,,,,,,,,,,,,,,,,,,,,,,,,,,,,,,,,,,,,,,,,,,,,,,,,,,,,,,,,,,,,,,,
1.7758752983196055e+18,,,,,,,,,,,,,,,,,,,,,,,,,,,,,-215.71531677246094,-21.572189331054688,-21.571531295776367,-21.571531295776367,-21.571531295776367,-21.572189331054688,-180.5584716796875,,,,,,,,,,,,,,,,,,,,,,,,,,,,,,,,,,,,,,,,
1.7758752983196582e+18,,,,,,,,,,,,,,,,,-315.5811462402344,-291.20281982421875,-262.2248229980469,-280.3935546875,-299.02227783203125,-296.9524230957031,-259.9249572753906,-267.2844543457031,108.25556945800781,43.30222702026367,43.30222702026367,-298.6864929199219,,,,,,,,,,,,,,,,,,,,,,,,,,,,,,,,,,,,,,,,,,,,,,,
1.775875298319846e+18,,,,,,,,,-375.0946350097656,-1250.6077880859375,-375.05859375,-75.01192474365234,-75.03003692626953,-74.9922866821289,-500.0321960449219,-375.17950439453125,,,,,,,,,,,,,,,,,,,,,,,,,,,,,,,,,,,,,,,,,,,,,,,,,,,,,,,,,,,
1.7758752983198497e+18,-375.1268615722656,-1251.4459228515625,-375.3402404785156,-75.03839111328125,-500.6241455078125,-375.58856201171875,-381.3724365234375,-375.53179931640625,,,,,,,,,,,,,,,,,,,,,,,,,,,,,,,,,,,,,,,,,,,,,,,,,,,,,,,,,,,,,,,,,,,
1.7758752983206054e+18,,,,,,,,,,,,,,,,,,,,,,,,,,,,,-215.71531677246094,-21.571531295776367,-21.571531295776367,-21.571531295776367,-21.571531295776367,-21.571531295776367,-180.525634765625,,,,,,,,,,,,,,,,,,,,,,,,,,,,,,,,,,,,,,,,
1.7758752983206582e+18,,,,,,,,,,,,,,,,,-295.8025207519531,-299.02227783203125,-272.1141357421875,-275.79388427734375,-288.2130432128906,-292.1227722167969,-260.61492919921875,-255.78524780273438,108.25556945800781,43.30222702026367,43.30222702026367,-297.33123779296875,,,,,,,,,,,,,,,,,,,,,,,,,,,,,,,,,,,,,,,,,,,,,,,
1.775875298320846e+18,,,,,,,,,-374.5415344238281,-1249.3780517578125,-374.7511291503906,-74.950439453125,-74.96238708496094,-74.94306182861328,-499.4990234375,-374.7489318847656,,,,,,,,,,,,,,,,,,,,,,,,,,,,,,,,,,,,,,,,,,,,,,,,,,,,,,,,,,,
1.7758752983208502e+18,-375.1576232910156,-1250.7279052734375,-375.0940246582031,-75.00763702392578,-500.1319885253906,-374.7577819824219,-369.33685302734375,-375.1012878417969,,,,,,,,,,,,,,,,,,,,,,,,,,,,,,,,,,,,,,,,,,,,,,,,,,,,,,,,,,,,,,,,,,,
1.7758752983216054e+18,,,,,,,,,,,,,,,,,,,,,,,,,,,,,-215.71531677246094,-21.570873260498047,-21.571531295776367,-21.571531295776367,-21.571531295776367,-21.572189331054688,-180.54205322265625,,,,,,,,,,,,,,,,,,,,,,,,,,,,,,,,,,,,,,,,
1.775875298321658e+18,,,,,,,,,,,,,,,,,-301.7821044921875,-292.3527526855469,-280.6235656738281,-310.9814758300781,-280.16357421875,-258.0850830078125,-281.5434875488281,-287.7530517578125,108.25556945800781,43.30222702026367,43.30222702026367,-298.3938903808594,,,,,,,,,,,,,,,,,,,,,,,,,,,,,,,,,,,,,,,,,,,,,,,
1.775875298321846e+18,,,,,,,,,-375.15606689453125,-1249.992919921875,-374.6589050292969,-74.95658874511719,-74.96853637695312,-74.9676742553711,-499.4580078125,-374.7796936035156,,,,,,,,,,,,,,,,,,,,,,,,,,,,,,,,,,,,,,,,,,,,,,,,,,,,,,,,,,,
1.77587529832185e+18,-374.84991455078125,-1249.1893310546875,-374.57080078125,-74.94612121582031,-499.8448791503906,-374.5116271972656,-367.7669677734375,-375.16278076171875,,,,,,,,,,,,,,,,,,,,,,,,,,,,,,,,,,,,,,,,,,,,,,,,,,,,,,,,,,,,,,,,,,,
1.7758752983221786e+18,,,,,,,,,,,,,,,,,,,,,,,,,,,,,,,,,,,,,,,,,,,,,,,,,,,,,0.0,0.0,0.0,0.0,0.0,0.0,0.0,0.0,0.0,0.0,0.0,0.0,0.0,0.0,0.0,0.0,0.0,0.0,0.0,0.0,0.0,0.0,0.0
1.7758752983226053e+18,,,,,,,,,,,,,,,,,,,,,,,,,,,,,-215.708740234375,-21.571531295776367,-21.571531295776367,-21.571531295776367,-21.571531295776367,-21.571531295776367,-180.4435272216797,,,,,,,,,,,,,,,,,,,,,,,,,,,,,,,,,,,,,,,,
1.775875298322658e+18,,,,,,,,,,,,,,,,,-281.3135070800781,-284.9932556152344,-302.9320373535156,-293.5026550292969,-257.8551025390625,-269.12432861328125,-288.4430236816406,-275.79388427734375,108.25556945800781,43.30222702026367,43.30222702026367,-297.3158264160156,,,,,,,,,,,,,,,,,,,,,,,,,,,,,,,,,,,,,,,,,,,,,,,
1.7758752983228462e+18,,,,,,,,,-374.8795471191406,-1249.992919921875,-374.93560791015625,-74.95658874511719,-74.95008850097656,-74.96151733398438,-499.5810546875,-374.5028991699219,,,,,,,,,,,,,,,,,,,,,,,,,,,,,,,,,,,,,,,,,,,,,,,,,,,,,,,,,,,
1.77587529832285e+18,-374.7268371582031,-1249.086669921875,-374.8785705566406,-74.92151641845703,-499.68084716796875,-374.7577819824219,-361.5491027832031,-374.8860168457031,,,,,,,,,,,,,,,,,,,,,,,,,,,,,,,,,,,,,,,,,,,,,,,,,,,,,,,,,,,,,,,,,,,
1.7758752983236052e+18,,,,,,,,,,,,,,,,,,,,,,,,,,,,,-215.71531677246094,-21.571531295776367,-21.571531295776367,-21.571531295776367,-21.571531295776367,-21.571531295776367,-180.42710876464844,,,,,,,,,,,,,,,,,,,,,,,,,,,,,,,,,,,,,,,,
1.775875298323658e+18,,,,,,,,,,,,,,,,,-306.15179443359375,-313.97125244140625,-277.6337585449219,-278.0937194824219,-295.5725402832031,-298.79229736328125,-282.46343994140625,-285.2232360839844,108.25556945800781,43.30222702026367,43.30222702026367,-297.14642333984375,,,,,,,,,,,,,,,,,,,,,,,,,,,,,,,,,,,,,,,,,,,,,,,
1.7758752983238461e+18,,,,,,,,,-375.1253662109375,-1249.8905029296875,-374.9971008300781,-75.00577545166016,-74.9931411743164,-74.9922866821289,-500.1142272949219,-374.9642028808594,,,,,,,,,,,,,,,,,,,,,,,,,,,,,,,,,,,,,,,,,,,,,,,,,,,,,,,,,,,
1.7758752983238502e+18,-375.3422546386719,-1251.4459228515625,-375.1863708496094,-75.08760070800781,-500.4600830078125,-375.2808532714844,-383.52716064453125,-375.4395446777344,,,,,,,,,,,,,,,,,,,,,,,,,,,,,,,,,,,,,,,,,,,,,,,,,,,,,,,,,,,,,,,,,,,
1.7758752983246052e+18,,,,,,,,,,,,,,,,,,,,,,,,,,,,,-215.7218780517578,-21.571531295776367,-21.570873260498047,-21.571531295776367,-21.571531295776367,-21.571531295776367,-180.42710876464844,,,,,,,,,,,,,,,,,,,,,,,,,,,,,,,,,,,,,,,,
1.775875298324658e+18,,,,,,,,,,,,,,,,,-289.1329650878906,-313.51129150390625,-290.74285888671875,-269.12432861328125,-285.9131774902344,-313.97125244140625,-283.84332275390625,-276.71380615234375,108.25556945800781,43.30222702026367,43.30222702026367,-299.0869140625,,,,,,,,,,,,,,,,,,,,,,,,,,,,,,,,,,,,,,,,,,,,,,,
1.7758752983247355e+18,,,,,,,,,,,,,,,,,,,,,,,,,,,,,,,,,,,,,,,,,,,,,,,,,,0.0,0.0,0.0,,,,,,,,,,,,,,,,,,,,,,,
1.7758752983248463e+18,,,,,,,,,-374.5415344238281,-1249.173095703125,-374.8433837890625,-74.96888732910156,-74.9808349609375,-75.0107421875,-500.1552429199219,-375.08721923828125,,,,,,,,,,,,,,,,,,,,,,,,,,,,,,,,,,,,,,,,,,,,,,,,,,,,,,,,,,,
1.7758752983248502e+18,-374.81915283203125,-1250.0098876953125,-375.0632629394531,-75.01378631591797,-500.2550354003906,-375.5270080566406,-382.2958984375,-375.2550354003906,,,,,,,,,,,,,,,,,,,,,,,,,,,,,,,,,,,,,,,,,,,,,,,,,,,,,,,,,,,,,,,,,,,
1.7758752983256054e+18,,,,,,,,,,,,,,,,,,,,,,,,,,,,,-215.71531677246094,-21.571531295776367,-21.571531295776367,-21.571531295776367,-21.571531295776367,-21.571531295776367,-180.37783813476562,,,,,,,,,,,,,,,,,,,,,,,,,,,,,,,,,,,,,,,,
1.7758752983256579e+18,,,,,,,,,,,,,,,,,-282.92340087890625,-281.3135070800781,-310.7514953613281,-297.1824035644531,-262.9147644042969,-298.10235595703125,-310.9814758300781,-293.2726745605469,108.25556945800781,43.30222702026367,43.30222702026367,-298.1474609375,,,,,,,,,,,,,,,,,,,,,,,,,,,,,,,,,,,,,,,,,,,,,,,
1.7758752983258463e+18,,,,,,,,,-374.7259216308594,-1249.0706787109375,-374.8126220703125,-74.96273803710938,-75.01158905029297,-74.9922866821289,-500.1962585449219,-375.2717590332031,,,,,,,,,,,,,,,,,,,,,,,,,,,,,,,,,,,,,,,,,,,,,,,,,,,,,,,,,,,
1.77587529832585e+18,-375.0960998535156,-1250.215087890625,-375.15557861328125,-74.9645767211914,-499.80389404296875,-374.8193054199219,-362.6880187988281,-374.82452392578125,,,,,,,,,,,,,,,,,,,,,,,,,,,,,,,,,,,,,,,,,,,,,,,,,,,,,,,,,,,,,,,,,,,
1.7758752983266053e+18,,,,,,,,,,,,,,,,,,,,,,,,,,,,,-215.71531677246094,-21.571531295776367,-21.571531295776367,-21.571531295776367,-21.571531295776367,-21.571531295776367,-180.37783813476562,,,,,,,,,,,,,,,,,,,,,,,,,,,,,,,,,,,,,,,,
1.7758752983266578e+18,,,,,,,,,,,,,,,,,-318.1109924316406,-311.2114562988281,-288.9029846191406,-280.3935546875,-293.962646484375,-304.3119201660156,-307.5317077636719,-302.9320373535156,108.25556945800781,43.30222702026367,43.30222702026367,-301.41241455078125,,,,,,,,,,,,,,,,,,,,,,,,,,,,,,,,,,,,,,,,,,,,,,,
1.7758752983268465e+18,,,,,,,,,-375.0946350097656,-1249.173095703125,-374.7818908691406,-74.97503662109375,-74.94393920898438,-74.9676742553711,-499.4580078125,-374.9027099609375,,,,,,,,,,,,,,,,,,,,,,,,,,,,,,,,,,,,,,,,,,,,,,,,,,,,,,,,,,,
1.77587529832685e+18,-375.21917724609375,-1251.2408447265625,-375.1863708496094,-75.07530212402344,-500.1730041503906,-375.3116149902344,-363.796142578125,-374.8552551269531,,,,,,,,,,,,,,,,,,,,,,,,,,,,,,,,,,,,,,,,,,,,,,,,,,,,,,,,,,,,,,,,,,,
1.775875298327365e+18,,,,,,,,,,,,,,,,,,,,,,,,,,,,,,,,,,,,2297.452880859375,21.98720932006836,2297.452880859375,2297.452880859375,2297.452880859375,2297.452880859375,2297.452880859375,24.658092498779297,2297.452880859375,2297.452880859375,2297.452880859375,2297.452880859375,2297.452880859375,2297.452880859375,,,,,,,,,,,,,,,,,,,,,,,,,,
1.7758752983276052e+18,,,,,,,,,,,,,,,,,,,,,,,,,,,,,-215.71531677246094,-21.571531295776367,-21.571531295776367,-21.571531295776367,-21.571531295776367,-21.571531295776367,-180.37783813476562,,,,,,,,,,,,,,,,,,,,,,,,,,,,,,,,,,,,,,,,
1.7758752983276577e+18,,,,,,,,,,,,,,,,,-295.112548828125,-321.10076904296875,-292.5827331542969,-291.66278076171875,-313.51129150390625,-308.91162109375,-287.5230712890625,-322.7106628417969,108.25556945800781,43.30222702026367,43.30222702026367,-301.96685791015625,,,,,,,,,,,,,,,,,,,,,,,,,,,,,,,,,,,,,,,,,,,,,,,
1.7758752983278464e+18,,,,,,,,,-374.5108337402344,-1249.275634765625,-374.8126220703125,-74.94429016113281,-74.95623779296875,-74.97382354736328,-499.4990234375,-374.7796936035156,,,,,,,,,,,,,,,,,,,,,,,,,,,,,,,,,,,,,,,,,,,,,,,,,,,,,,,,,,,
1.77587529832785e+18,-374.9114685058594,-1249.9073486328125,-374.8785705566406,-75.00148010253906,-500.2140197753906,-375.0654602050781,-373.89251708984375,-375.2550354003906,,,,,,,,,,,,,,,,,,,,,,,,,,,,,,,,,,,,,,,,,,,,,,,,,,,,,,,,,,,,,,,,,,,
1.7758752983286052e+18,,,,,,,,,,,,,,,,,,,,,,,,,,,,,-215.71531677246094,-21.571531295776367,-21.571531295776367,-21.571531295776367,-21.571531295776367,-21.571531295776367,-180.32858276367188,,,,,,,,,,,,,,,,,,,,,,,,,,,,,,,,,,,,,,,,
1.7758752983286577e+18,,,,,,,,,,,,,,,,,-303.8519592285156,-333.2899475097656,-314.4312438964844,-287.9830322265625,-293.732666015625,-318.5709533691406,-285.6831970214844,-302.2420654296875,108.25556945800781,43.30222702026367,43.30222702026367,-300.8271789550781,,,,,,,,,,,,,,,,,,,,,,,,,,,,,,,,,,,,,,,,,,,,,,,
1.7758752983288466e+18,,,,,,,,,-374.9102783203125,-1249.173095703125,-374.93560791015625,-74.9873275756836,-74.93778991699219,-74.94921112060547,-499.6630554199219,-374.7181701660156,,,,,,,,,,,,,,,,,,,,,,,,,,,,,,,,,,,,,,,,,,,,,,,,,,,,,,,,,,,
1.77587529832885e+18,-374.78839111328125,-1248.6763916015625,-374.7862548828125,-74.97687530517578,-499.51678466796875,-374.69622802734375,-367.95166015625,-374.6400146484375,,,,,,,,,,,,,,,,,,,,,,,,,,,,,,,,,,,,,,,,,,,,,,,,,,,,,,,,,,,,,,,,,,,
1.775875298329605e+18,,,,,,,,,,,,,,,,,,,,,,,,,,,,,-215.71531677246094,-21.571531295776367,-21.571531295776367,-21.570873260498047,-21.571531295776367,-21.571531295776367,-180.2957305908203,,,,,,,,,,,,,,,,,,,,,,,,,,,,,,,,,,,,,,,,
1.7758752983296579e+18,,,,,,,,,,,,,,,,,-286.1431579589844,-295.112548828125,-322.9406433105469,-305.46185302734375,-293.5026550292969,-329.6101989746094,-301.7821044921875,-287.5230712890625,108.25556945800781,43.30222702026367,43.30222702026367,-301.30462646484375,,,,,,,,,,,,,,,,,,,,,,,,,,,,,,,,,,,,,,,,,,,,,,,
1.7758752983298465e+18,,,,,,,,,-375.06390380859375,-1250.1978759765625,-375.1508483886719,-75.0365219116211,-75.03618621826172,-75.0230484008789,-500.48333740234375,-375.364013671875,,,,,,,,,,,,,,,,,,,,,,,,,,,,,,,,,,,,,,,,,,,,,,,,,,,,,,,,,,,
1.77587529832985e+18,-375.31146240234375,-1250.7279052734375,-375.40179443359375,-75.07530212402344,-500.2550354003906,-375.4346923828125,-383.52716064453125,-375.13201904296875,,,,,,,,,,,,,,,,,,,,,,,,,,,,,,,,,,,,,,,,,,,,,,,,,,,,,,,,,,,,,,,,,,,
1.7758752983306053e+18,,,,,,,,,,,,,,,,,,,,,,,,,,,,,-215.71531677246094,-21.571531295776367,-21.570873260498047,-21.570873260498047,-21.571531295776367,-21.571531295776367,-180.34500122070312,,,,,,,,,,,,,,,,,,,,,,,,,,,,,,,,,,,,,,,,
1.7758752983306578e+18,,,,,,,,,,,,,,,,,-299.4822692871094,-286.6031494140625,-313.51129150390625,-325.240478515625,-292.8127136230469,-290.05291748046875,-300.1722106933594,-322.9406433105469,108.25556945800781,43.30222702026367,43.30222702026367,-301.6280212402344,,,,,,,,,,,,,,,,,,,,,,,,,,,,,,,,,,,,,,,,,,,,,,,
1.7758752983308467e+18,,,,,,,,,-374.7566223144531,-1249.685546875,-374.93560791015625,-74.950439453125,-74.96853637695312,-74.97382354736328,-499.4580078125,-374.6874084472656,,,,,,,,,,,,,,,,,,,,,,,,,,,,,,,,,,,,,,,,,,,,,,,,,,,,,,,,,,,
1.77587529833085e+18,-375.28070068359375,-1250.6253662109375,-375.46337890625,-75.06299591064453,-500.2550354003906,-375.4654846191406,-377.370849609375,-375.3165283203125,,,,,,,,,,,,,,,,,,,,,,,,,,,,,,,,,,,,,,,,,,,,,,,,,,,,,,,,,,,,,,,,,,,
1.7758752983316052e+18,,,,,,,,,,,,,,,,,,,,,,,,,,,,,-215.71531677246094,-21.570873260498047,-21.571531295776367,-21.571531295776367,-21.571531295776367,-21.571531295776367,-180.39425659179688,,,,,,,,,,,,,,,,,,,,,,,,,,,,,,,,,,,,,,,,
1.7758752983316577e+18,,,,,,,,,,,,,,,,,-317.4210205078125,-299.02227783203125,-326.1604309082031,-306.15179443359375,-305.46185302734375,-311.6714172363281,-273.2640686035156,-311.4414367675781,108.25556945800781,43.30222702026367,43.30222702026367,-300.1033630371094,,,,,,,,,,,,,,,,,,,,,,,,,,,,,,,,,,,,,,,,,,,,,,,
1.7758752983317064e+18,,,,,,,,,,,,,,,,,,,,,,,,,,,,,,,,,,,,,,,,,,,,,,,,,,0.0,0.0,0.0,,,,,,,,,,,,,,,,,,,,,,,
1.7758752983318467e+18,,,,,,,,,-374.9717102050781,-1249.275634765625,-374.8126220703125,-74.96888732910156,-74.95623779296875,-74.93075561523438,-499.5810546875,-374.8719482421875,,,,,,,,,,,,,,,,,,,,,,,,,,,,,,,,,,,,,,,,,,,,,,,,,,,,,,,,,,,
1.77587529833185e+18,-374.7575988769531,-1248.5738525390625,-374.69390869140625,-74.97687530517578,-499.51678466796875,-374.7885437011719,-371.3684387207031,-374.978271484375,,,,,,,,,,,,,,,,,,,,,,,,,,,,,,,,,,,,,,,,,,,,,,,,,,,,,,,,,,,,,,,,,,,
1.7758752983326052e+18,,,,,,,,,,,,,,,,,,,,,,,,,,,,,-215.71531677246094,-21.571531295776367,-21.572189331054688,-21.570873260498047,-21.571531295776367,-21.571531295776367,-180.42710876464844,,,,,,,,,,,,,,,,,,,,,,,,,,,,,,,,,,,,,,,,
1.7758752983326577e+18,,,,,,,,,,,,,,,,,-305.92181396484375,-328.46026611328125,-296.4924621582031,-284.07330322265625,-295.8025207519531,-312.1313781738281,-283.61334228515625,-294.192626953125,108.25556945800781,43.30222702026367,43.30222702026367,-301.0890197753906,,,,,,,,,,,,,,,,,,,,,,,,,,,,,,,,,,,,,,,,,,,,,,,
1.7758752983328468e+18,,,,,,,,,-374.8795471191406,-1250.1978759765625,-374.93560791015625,-75.00577545166016,-75.02388763427734,-75.04151153564453,-500.4013366699219,-375.17950439453125,,,,,,,,,,,,,,,,,,,,,,,,,,,,,,,,,,,,,,,,,,,,,,,,,,,,,,,,,,,
1.77587529833285e+18,-375.1268615722656,-1251.1383056640625,-375.37103271484375,-75.04454040527344,-500.6241455078125,-375.58856201171875,-381.24932861328125,-375.3780212402344,,,,,,,,,,,,,,,,,,,,,,,,,,,,,,,,,,,,,,,,,,,,,,,,,,,,,,,,,,,,,,,,,,,
1.775875298333605e+18,,,,,,,,,,,,,,,,,,,,,,,,,,,,,-215.71531677246094,-21.570873260498047,-21.571531295776367,-21.571531295776367,-21.571531295776367,-21.571531295776367,-180.4435272216797,,,,,,,,,,,,,,,,,,,,,,,,,,,,,,,,,,,,,,,,
1.7758752983336576e+18,,,,,,,,,,,,,,,,,-277.4037780761719,-303.3919982910156,-297.1824035644531,-278.3236999511719,-282.69342041015625,-314.4312438964844,-296.4924621582031,-273.7240295410156,108.25556945800781,43.30222702026367,43.30222702026367,-299.24090576171875,,,,,,,,,,,,,,,,,,,,,,,,,,,,,,,,,,,,,,,,,,,,,,,
1.7758752983338468e+18,,,,,,,,,-374.6951904296875,-1249.3780517578125,-374.6281433105469,-74.97503662109375,-74.96853637695312,-75.0230484008789,-500.0321960449219,-375.394775390625,,,,,,,,,,,,,,,,,,,,,,,,,,,,,,,,,,,,,,,,,,,,,,,,,,,,,,,,,,,
1.7758752983338499e+18,-375.1883850097656,-1250.420166015625,-375.032470703125,-75.01993560791016,-499.72186279296875,-374.7885437011719,-365.8585205078125,-374.5784912109375,,,,,,,,,,,,,,,,,,,,,,,,,,,,,,,,,,,,,,,,,,,,,,,,,,,,,,,,,,,,,,,,,,,
1.7758752983341125e+18,,,,,,,,,,,,,,,,,,,,,,,,,,,,,,,,,,,,,,,,,,,,,,,,,,,,,0.0,0.0,0.0,0.0,0.0,0.0,0.0,0.0,0.0,0.0,0.0,0.0,0.0,0.0,0.0,0.0,0.0,0.0,0.0,0.0,0.0,0.0,0.0
1.775875298334605e+18,,,,,,,,,,,,,,,,,,,,,,,,,,,,,-215.71531677246094,-21.571531295776367,-21.571531295776367,-21.571531295776367,-21.571531295776367,-21.571531295776367,-180.4435272216797,,,,,,,,,,,,,,,,,,,,,,,,,,,,,,,,,,,,,,,,
1.7758752983346575e+18,,,,,,,,,,,,,,,,,-293.0426940917969,-319.72088623046875,-284.07330322265625,-300.8621520996094,-293.732666015625,-262.9147644042969,-294.192626953125,-289.1329650878906,108.25556945800781,43.30222702026367,43.30222702026367,-299.3641357421875,,,,,,,,,,,,,,,,,,,,,,,,,,,,,,,,,,,,,,,,,,,,,,,
1.775875298334847e+18,,,,,,,,,-375.3097229003906,-1250.6077880859375,-375.1508483886719,-75.04267120361328,-75.0484848022461,-75.0107421875,-500.3193054199219,-375.2717590332031,,,,,,,,,,,,,,,,,,,,,,,,,,,,,,,,,,,,,,,,,,,,,,,,,,,,,,,,,,,
1.77587529833485e+18,-375.28070068359375,-1250.7279052734375,-375.1863708496094,-75.04454040527344,-500.0499572753906,-374.63470458984375,-374.2311096191406,-374.8552551269531,,,,,,,,,,,,,,,,,,,,,,,,,,,,,,,,,,,,,,,,,,,,,,,,,,,,,,,,,,,,,,,,,,,
1.7758752983356052e+18,,,,,,,,,,,,,,,,,,,,,,,,,,,,,-215.71531677246094,-21.571531295776367,-21.571531295776367,-21.571531295776367,-21.571531295776367,-21.571531295776367,-180.525634765625,,,,,,,,,,,,,,,,,,,,,,,,,,,,,,,,,,,,,,,,
1.7758752983356575e+18,,,,,,,,,,,,,,,,,-276.9438171386719,-279.24365234375,-289.1329650878906,-305.46185302734375,-281.7734680175781,-267.5144348144531,-270.2742614746094,-295.5725402832031,108.25556945800781,43.30222702026367,43.30222702026367,-299.0869140625,,,,,,,,,,,,,,,,,,,,,,,,,,,,,,,,,,,,,,,,,,,,,,,
1.775875298335847e+18,,,,,,,,,-374.9102783203125,-1249.8905029296875,-374.68963623046875,-74.97503662109375,-74.9931411743164,-74.95536804199219,-499.8271179199219,-375.0257263183594,,,,,,,,,,,,,,,,,,,,,,,,,,,,,,,,,,,,,,,,,,,,,,,,,,,,,,,,,,,
1.77587529833585e+18,-375.1576232910156,-1251.3433837890625,-375.37103271484375,-75.03839111328125,-500.5010986328125,-375.4346923828125,-380.8491516113281,-375.47027587890625,,,,,,,,,,,,,,,,,,,,,,,,,,,,,,,,,,,,,,,,,,,,,,,,,,,,,,,,,,,,,,,,,,,
1.7758752983366052e+18,,,,,,,,,,,,,,,,,,,,,,,,,,,,,-215.71531677246094,-21.571531295776367,-21.571531295776367,-21.571531295776367,-21.571531295776367,-21.571531295776367,-180.49278259277344,,,,,,,,,,,,,,,,,,,,,,,,,,,,,,,,,,,,,,,,
1.7758752983366574e+18,,,,,,,,,,,,,,,,,-302.0120849609375,-276.48382568359375,-276.71380615234375,-314.6612243652344,-276.48382568359375,-280.16357421875,-285.6831970214844,-261.76483154296875,108.25556945800781,43.30222702026367,43.30222702026367,-299.4411315917969,,,,,,,,,,,,,,,,,,,,,,,,,,,,,,,,,,,,,,,,,,,,,,,
1.775875298336847e+18,,,,,,,,,-375.1253662109375,-1250.40283203125,-375.1508483886719,-75.04882049560547,-75.05463409423828,-75.00459289550781,-499.9911804199219,-374.9334411621094,,,,,,,,,,,,,,,,,,,,,,,,,,,,,,,,,,,,,,,,,,,,,,,,,,,,,,,,,,,
1.77587529833685e+18,-375.31146240234375,-1250.83056640625,-375.4325866699219,-75.06914520263672,-500.1319885253906,-374.7885437011719,-373.70782470703125,-374.76300048828125,,,,,,,,,,,,,,,,,,,,,,,,,,,,,,,,,,,,,,,,,,,,,,,,,,,,,,,,,,,,,,,,,,,
1.775875298337605e+18,,,,,,,,,,,,,,,,,,,,,,,,,,,,,-215.71531677246094,-21.571531295776367,-21.571531295776367,-21.570873260498047,-21.572189331054688,-21.571531295776367,-180.49278259277344,,,,,,,,,,,,,,,,,,,,,,,,,,,,,,,,,,,,,,,,
1.7758752983376573e+18,,,,,,,,,,,,,,,,,-280.8535461425781,-264.984619140625,-287.9830322265625,-287.7530517578125,-255.09530639648438,-279.4736328125,-301.0921630859375,-278.5536804199219,108.25556945800781,43.30222702026367,43.30222702026367,-297.42364501953125,,,,,,,,,,,,,,,,,,,,,,,,,,,,,,,,,,,,,,,,,,,,,,,
1.775875298337847e+18,,,,,,,,,-375.1253662109375,-1250.3004150390625,-375.3660888671875,-75.01807403564453,-74.9808349609375,-74.9676742553711,-499.4990234375,-374.9334411621094,,,,,,,,,,,,,,,,,,,,,,,,,,,,,,,,,,,,,,,,,,,,,,,,,,,,,,,,,,,
1.7758752983378499e+18,-375.1268615722656,-1251.651123046875,-375.4325866699219,-75.01993560791016,-499.59881591796875,-374.4500732421875,-365.95086669921875,-375.1012878417969,,,,,,,,,,,,,,,,,,,,,,,,,,,,,,,,,,,,,,,,,,,,,,,,,,,,,,,,,,,,,,,,,,,
1.775875298338605e+18,,,,,,,,,,,,,,,,,,,,,,,,,,,,,-215.71531677246094,-21.572189331054688,-21.572189331054688,-21.570873260498047,-21.571531295776367,-21.571531295776367,-180.525634765625,,,,,,,,,,,,,,,,,,,,,,,,,,,,,,,,,,,,,,,,
1.7758752983386573e+18,,,,,,,,,,,,,,,,,-264.984619140625,-298.79229736328125,-261.99481201171875,-299.02227783203125,-265.674560546875,-290.51287841796875,-257.3951416015625,-292.1227722167969,108.25556945800781,43.30222702026367,43.30222702026367,-299.3949279785156,,,,,,,,,,,,,,,,,,,,,,,,,,,,,,,,,,,,,,,,,,,,,,,
1.7758752983388472e+18,,,,,,,,,-374.787353515625,-1249.4805908203125,-375.3353271484375,-74.99962615966797,-74.97468566894531,-74.94306182861328,-500.2372741699219,-375.14874267578125,,,,,,,,,,,,,,,,,,,,,,,,,,,,,,,,,,,,,,,,,,,,,,,,,,,,,,,,,,,
1.7758752983388498e+18,-374.7575988769531,-1249.1893310546875,-375.0940246582031,-75.08760070800781,-500.3370361328125,-374.66546630859375,-369.9832458496094,-375.4395446777344,,,,,,,,,,,,,,,,,,,,,,,,,,,,,,,,,,,,,,,,,,,,,,,,,,,,,,,,,,,,,,,,,,,
1.775875298339605e+18,,,,,,,,,,,,,,,,,,,,,,,,,,,,,-215.71531677246094,-21.570873260498047,-21.571531295776367,-21.571531295776367,-21.571531295776367,-21.571531295776367,-180.5092010498047,,,,,,,,,,,,,,,,,,,,,,,,,,,,,,,,,,,,,,,,
1.7758752983396572e+18,,,,,,,,,,,,,,,,,-308.681640625,-278.78369140625,-309.37158203125,-283.38336181640625,-309.1416015625,-279.4736328125,-302.4720458984375,-279.013671875,108.25556945800781,43.30222702026367,43.30222702026367,-299.22552490234375,,,,,,,,,,,,,,,,,,,,,,,,,,,,,,,,,,,,,,,,,,,,,,,
1.7758752983398472e+18,,,,,,,,,-375.15606689453125,-1249.3780517578125,-374.566650390625,-74.99347686767578,-75.03003692626953,-74.98612976074219,-499.5400390625,-374.7489318847656,,,,,,,,,,,,,,,,,,,,,,,,,,,,,,,,,,,,,,,,,,,,,,,,,,,,,,,,,,,
1.7758752983398497e+18,-375.24993896484375,-1251.4459228515625,-374.90936279296875,-74.97687530517578,-500.1319885253906,-375.55780029296875,-379.3408508300781,-374.8860168457031,,,,,,,,,,,,,,,,,,,,,,,,,,,,,,,,,,,,,,,,,,,,,,,,,,,,,,,,,,,,,,,,,,,
1.7758752983398659e+18,,,,,,,,,,,,,,,,,,,,,,,,,,,,,,,,,,,,2297.636962890625,22.020517349243164,2297.636962890625,2297.636962890625,2297.636962890625,2297.636962890625,2297.636962890625,24.692934036254883,2297.636962890625,2297.636962890625,2297.636962890625,2297.636962890625,2297.636962890625,2297.636962890625,,,,,,,,,,,,,,,,,,,,,,,,,,
1.7758752983406052e+18,,,,,,,,,,,,,,,,,,,,,,,,,,,,,-215.71531677246094,-21.571531295776367,-21.571531295776367,-21.571531295776367,-21.571531295776367,-21.572189331054688,-180.42710876464844,,,,,,,,,,,,,,,,,,,,,,,,,,,,,,,,,,,,,,,,
1.7758752983406574e+18,,,,,,,,,,,,,,,,,-306.8417663574219,-281.3135070800781,-309.1416015625,-286.3731689453125,-308.4516296386719,-285.6831970214844,-303.6219787597656,-288.4430236816406,108.25556945800781,43.30222702026367,43.30222702026367,-299.9493408203125,,,,,,,,,,,,,,,,,,,,,,,,,,,,,,,,,,,,,,,,,,,,,,,
1.775875298340847e+18,,,,,,,,,-375.1253662109375,-1250.095458984375,-374.6589050292969,-74.97503662109375,-74.9992904663086,-75.04766082763672,-499.8681335449219,-374.7181701660156,,,,,,,,,,,,,,,,,,,,,,,,,,,,,,,,,,,,,,,,,,,,,,,,,,,,,,,,,,,
1.77587529834085e+18,-375.0345458984375,-1251.2408447265625,-375.032470703125,-74.97687530517578,-499.68084716796875,-375.3731689453125,-381.64947509765625,-374.76300048828125,,,,,,,,,,,,,,,,,,,,,,,,,,,,,,,,,,,,,,,,,,,,,,,,,,,,,,,,,,,,,,,,,,,
1.775875298341271e+18,,,,,,,,,,,,,,,,,,,,,,,,,,,,,,,,,,,,,,,,,,,,,,,,,,0.0,0.0,0.0,,,,,,,,,,,,,,,,,,,,,,,
1.7758752983413133e+18,,,,,,,,,,,,,,,,,,,,,,,,,,,,,,,,,,,,,,,,,,,,,,,,,,,,,0.0,0.0,0.0,0.0,0.0,0.0,0.0,0.0,0.0,0.0,0.0,0.0,0.0,0.0,0.0,0.0,0.0,0.0,0.0,0.0,0.0,0.0,0.0
1.775875298341605e+18,,,,,,,,,,,,,,,,,,,,,,,,,,,,,-215.71531677246094,-21.571531295776367,-21.571531295776367,-21.571531295776367,-21.571531295776367,-21.571531295776367,-180.45994567871094,,,,,,,,,,,,,,,,,,,,,,,,,,,,,,,,,,,,,,,,
1.7758752983416573e+18,,,,,,,,,,,,,,,,,-284.5332946777344,-299.7122497558594,-269.5843200683594,-308.4516296386719,-263.6047058105469,-302.0120849609375,-263.6047058105469,-302.7020263671875,108.25556945800781,43.30222702026367,43.30222702026367,-299.3025207519531,,,,,,,,,,,,,,,,,,,,,,,,,,,,,,,,,,,,,,,,,,,,,,,
1.7758752983418473e+18,,,,,,,,,-374.9717102050781,-1249.4805908203125,-374.93560791015625,-75.04267120361328,-74.9992904663086,-74.94921112060547,-499.4169921875,-374.8104248046875,,,,,,,,,,,,,,,,,,,,,,,,,,,,,,,,,,,,,,,,,,,,,,,,,,,,,,,,,,,
1.7758752983418499e+18,-375.28070068359375,-1249.599609375,-374.8478088378906,-75.01378631591797,-500.6241455078125,-375.2500915527344,-368.9059143066406,-374.8860168457031,,,,,,,,,,,,,,,,,,,,,,,,,,,,,,,,,,,,,,,,,,,,,,,,,,,,,,,,,,,,,,,,,,,
1.775875298342605e+18,,,,,,,,,,,,,,,,,,,,,,,,,,,,,-215.71531677246094,-21.571531295776367,-21.571531295776367,-21.571531295776367,-21.571531295776367,-21.572189331054688,-180.36141967773438,,,,,,,,,,,,,,,,,,,,,,,,,,,,,,,,,,,,,,,,
1.7758752983426573e+18,,,,,,,,,,,,,,,,,-305.46185302734375,-315.5811462402344,-291.20281982421875,-278.0937194824219,-296.9524230957031,-320.41082763671875,-294.192626953125,-275.56390380859375,108.25556945800781,43.30222702026367,43.30222702026367,-299.287109375,,,,,,,,,,,,,,,,,,,,,,,,,,,,,,,,,,,,,,,,,,,,,,,
1.7758752983428472e+18,,,,,,,,,-375.3404541015625,-1250.3004150390625,-375.1816101074219,-75.0303726196289,-74.9992904663086,-74.95536804199219,-499.6630554199219,-374.6874084472656,,,,,,,,,,,,,,,,,,,,,,,,,,,,,,,,,,,,,,,,,,,,,,,,,,,,,,,,,,,
1.7758752983428498e+18,-375.0037841796875,-1248.984130859375,-374.7247009277344,-74.97687530517578,-499.63983154296875,-374.5116271972656,-366.8435363769531,-374.8860168457031,,,,,,,,,,,,,,,,,,,,,,,,,,,,,,,,,,,,,,,,,,,,,,,,,,,,,,,,,,,,,,,,,,,
1.775875298343605e+18,,,,,,,,,,,,,,,,,,,,,,,,,,,,,-215.708740234375,-21.571531295776367,-21.571531295776367,-21.571531295776367,-21.571531295776367,-21.571531295776367,-180.34500122070312,,,,,,,,,,,,,,,,,,,,,,,,,,,,,,,,,,,,,,,,
1.7758752983436572e+18,,,,,,,,,,,,,,,,,-322.7106628417969,-297.87237548828125,-310.7514953613281,-313.74127197265625,-284.7632751464844,-309.83154296875,-276.71380615234375,-308.91162109375,108.25556945800781,43.30222702026367,43.30222702026367,-298.6094970703125,,,,,,,,,,,,,,,,,,,,,,,,,,,,,,,,,,,,,,,,,,,,,,,
1.7758752983438474e+18,,,,,,,,,-374.7259216308594,-1250.40283203125,-375.08935546875,-74.98118591308594,-74.93778991699219,-74.97382354736328,-500.0321960449219,-375.17950439453125,,,,,,,,,,,,,,,,,,,,,,,,,,,,,,,,,,,,,,,,,,,,,,,,,,,,,,,,,,,
1.7758752983438497e+18,-374.78839111328125,-1250.0098876953125,-375.40179443359375,-75.06914520263672,-499.9269104003906,-374.8193054199219,-365.7969665527344,-375.47027587890625,,,,,,,,,,,,,,,,,,,,,,,,,,,,,,,,,,,,,,,,,,,,,,,,,,,,,,,,,,,,,,,,,,,
1.775875298344605e+18,,,,,,,,,,,,,,,,,,,,,,,,,,,,,-215.708740234375,-21.571531295776367,-21.571531295776367,-21.571531295776367,-21.571531295776367,-21.571531295776367,-180.36141967773438,,,,,,,,,,,,,,,,,,,,,,,,,,,,,,,,,,,,,,,,
1.7758752983446572e+18,,,,,,,,,,,,,,,,,-284.5332946777344,-322.0207214355469,-286.1431579589844,-326.6203918457031,-290.51287841796875,-306.38177490234375,-295.8025207519531,-290.51287841796875,108.25556945800781,43.30222702026367,43.30222702026367,-299.1023254394531,,,,,,,,,,,,,,,,,,,,,,,,,,,,,,,,,,,,,,,,,,,,,,,
1.7758752983448474e+18,,,,,,,,,-374.6951904296875,-1250.1978759765625,-375.1816101074219,-74.99962615966797,-74.94393920898438,-74.95536804199219,-500.0321960449219,-375.425537109375,,,,,,,,,,,,,,,,,,,,,,,,,,,,,,,,,,,,,,,,,,,,,,,,,,,,,,,,,,,
1.7758752983448497e+18,-374.78839111328125,-1250.215087890625,-375.40179443359375,-75.08145141601562,-500.0089416503906,-374.7885437011719,-361.9184875488281,-375.2242736816406,,,,,,,,,,,,,,,,,,,,,,,,,,,,,,,,,,,,,,,,,,,,,,,,,,,,,,,,,,,,,,,,,,,
1.775875298345605e+18,,,,,,,,,,,,,,,,,,,,,,,,,,,,,-215.71531677246094,-21.571531295776367,-21.571531295776367,-21.571531295776367,-21.571531295776367,-21.571531295776367,-180.32858276367188,,,,,,,,,,,,,,,,,,,,,,,,,,,,,,,,,,,,,,,,
1.775875298345657e+18,,,,,,,,,,,,,,,,,-310.29150390625,-286.3731689453125,-310.9814758300781,-318.8009338378906,-284.30328369140625,-311.4414367675781,-321.33074951171875,-296.2624816894531,108.25556945800781,43.30222702026367,43.30222702026367,-300.1495666503906,,,,,,,,,,,,,,,,,,,,,,,,,,,,,,,,,,,,,,,,,,,,,,,
1.7758752983458476e+18,,,,,,,,,-375.06390380859375,-1250.3004150390625,-375.3968200683594,-75.0365219116211,-75.00543975830078,-74.94921112060547,-499.4169921875,-374.6874084472656,,,,,,,,,,,,,,,,,,,,,,,,,,,,,,,,,,,,,,,,,,,,,,,,,,,,,,,,,,,
1.7758752983458496e+18,-375.1576232910156,-1251.651123046875,-375.37103271484375,-75.03224182128906,-499.8448791503906,-374.69622802734375,-366.6588439941406,-374.8552551269531,,,,,,,,,,,,,,,,,,,,,,,,,,,,,,,,,,,,,,,,,,,,,,,,,,,,,,,,,,,,,,,,,,,
1.775875298346605e+18,,,,,,,,,,,,,,,,,,,,,,,,,,,,,-215.71531677246094,-21.570873260498047,-21.571531295776367,-21.571531295776367,-21.571531295776367,-21.572189331054688,-180.34500122070312,,,,,,,,,,,,,,,,,,,,,,,,,,,,,,,,,,,,,,,,
1.775875298346657e+18,,,,,,,,,,,,,,,,,-298.10235595703125,-323.400634765625,-286.6031494140625,-322.2507019042969,-319.0309143066406,-298.10235595703125,-327.77032470703125,-304.0819396972656,108.25556945800781,43.30222702026367,43.30222702026367,-301.4586181640625,,,,,,,,,,,,,,,,,,,,,,,,,,,,,,,,,,,,,,,,,,,,,,,
1.7758752983468475e+18,,,,,,,,,-375.4326171875,-1250.50537109375,-374.8433837890625,-74.97503662109375,-75.00543975830078,-75.04766082763672,-500.1962585449219,-374.6874084472656,,,,,,,,,,,,,,,,,,,,,,,,,,,,,,,,,,,,,,,,,,,,,,,,,,,,,,,,,,,
1.7758752983468498e+18,-375.21917724609375,-1250.7279052734375,-374.8170166015625,-74.9338150024414,-499.76287841796875,-375.09625244140625,-383.52716064453125,-375.2550354003906,,,,,,,,,,,,,,,,,,,,,,,,,,,,,,,,,,,,,,,,,,,,,,,,,,,,,,,,,,,,,,,,,,,
1.775875298347605e+18,,,,,,,,,,,,,,,,,,,,,,,,,,,,,-215.708740234375,-21.572189331054688,-21.570873260498047,-21.571531295776367,-21.571531295776367,-21.571531295776367,-180.31214904785156,,,,,,,,,,,,,,,,,,,,,,,,,,,,,,,,,,,,,,,,
1.775875298347657e+18,,,,,,,,,,,,,,,,,-321.33074951171875,-299.9422302246094,-331.9100341796875,-304.77191162109375,-330.5301208496094,-302.2420654296875,-313.05133056640625,-309.6015625,108.25556945800781,43.30222702026367,43.30222702026367,-301.7050476074219,,,,,,,,,,,,,,,,,,,,,,,,,,,,,,,,,,,,,,,,,,,,,,,
1.7758752983478477e+18,,,,,,,,,-374.84881591796875,-1250.3004150390625,-375.08935546875,-75.04267120361328,-75.02388763427734,-74.98612976074219,-499.7040710449219,-374.5028991699219,,,,,,,,,,,,,,,,,,,,,,,,,,,,,,,,,,,,,,,,,,,,,,,,,,,,,,,,,,,
1.7758752983478497e+18,-374.9729919433594,-1250.5228271484375,-375.46337890625,-75.06914520263672,-500.1319885253906,-374.5731506347656,-362.5956726074219,-374.76300048828125,,,,,,,,,,,,,,,,,,,,,,,,,,,,,,,,,,,,,,,,,,,,,,,,,,,,,,,,,,,,,,,,,,,
1.7758752983483968e+18,,,,,,,,,,,,,,,,,,,,,,,,,,,,,,,,,,,,,,,,,,,,,,,,,,0.0,0.0,0.0,,,,,,,,,,,,,,,,,,,,,,,
1.775875298348605e+18,,,,,,,,,,,,,,,,,,,,,,,,,,,,,-215.71531677246094,-21.571531295776367,-21.571531295776367,-21.571531295776367,-21.571531295776367,-21.571531295776367,-180.36141967773438,,,,,,,,,,,,,,,,,,,,,,,,,,,,,,,,,,,,,,,,
1.775875298348657e+18,,,,,,,,,,,,,,,,,-285.4532165527344,-283.61334228515625,-314.4312438964844,-301.0921630859375,-293.2726745605469,-327.54034423828125,-291.20281982421875,-286.1431579589844,108.25556945800781,43.30222702026367,43.30222702026367,-301.4278259277344,,,,,,,,,,,,,,,,,,,,,,,,,,,,,,,,,,,,,,,,,,,,,,,
1.7758752983488476e+18,,,,,,,,,-375.1253662109375,-1250.40283203125,-375.1200866699219,-75.04882049560547,-75.0484848022461,-75.0230484008789,-499.8271179199219,-374.8411865234375,,,,,,,,,,,,,,,,,,,,,,,,,,,,,,,,,,,,,,,,,,,,,,,,,,,,,,,,,,,
1.7758752983488497e+18,-375.31146240234375,-1250.7279052734375,-375.40179443359375,-75.06299591064453,-500.0909729003906,-374.8193054199219,-371.61468505859375,-374.76300048828125,,,,,,,,,,,,,,,,,,,,,,,,,,,,,,,,,,,,,,,,,,,,,,,,,,,,,,,,,,,,,,,,,,,
1.7758752983492032e+18,,,,,,,,,,,,,,,,,,,,,,,,,,,,,,,,,,,,,,,,,,,,,,,,,,,,,0.0,0.0,0.0,0.0,0.0,0.0,0.0,0.0,0.0,0.0,0.0,0.0,0.0,0.0,0.0,0.0,0.0,0.0,0.0,0.0,0.0,0.0,0.0
1.7758752983496049e+18,,,,,,,,,,,,,,,,,,,,,,,,,,,,,-215.708740234375,-21.570873260498047,-21.571531295776367,-21.571531295776367,-21.571531295776367,-21.571531295776367,-180.41067504882812,,,,,,,,,,,,,,,,,,,,,,,,,,,,,,,,,,,,,,,,
1.7758752983496568e+18,,,,,,,,,,,,,,,,,-287.2930908203125,-311.4414367675781,-315.8111267089844,-294.192626953125,-275.56390380859375,-304.77191162109375,-291.66278076171875,-275.33392333984375,108.25556945800781,43.30222702026367,43.30222702026367,-299.1177062988281,,,,,,,,,,,,,,,,,,,,,,,,,,,,,,,,,,,,,,,,,,,,,,,
1.7758752983498478e+18,,,,,,,,,-374.572265625,-1249.5830078125,-374.9048767089844,-74.950439453125,-74.97468566894531,-74.98612976074219,-499.7861022949219,-374.9642028808594,,,,,,,,,,,,,,,,,,,,,,,,,,,,,,,,,,,,,,,,,,,,,,,,,,,,,,,,,,,
1.7758752983498496e+18,-375.1576232910156,-1250.6253662109375,-375.3402404785156,-75.05684661865234,-500.2550354003906,-375.4654846191406,-380.0796203613281,-375.2242736816406,,,,,,,,,,,,,,,,,,,,,,,,,,,,,,,,,,,,,,,,,,,,,,,,,,,,,,,,,,,,,,,,,,,
1.775875298350605e+18,,,,,,,,,,,,,,,,,,,,,,,,,,,,,-215.71531677246094,-21.570873260498047,-21.571531295776367,-21.571531295776367,-21.570873260498047,-21.571531295776367,-180.4763641357422,,,,,,,,,,,,,,,,,,,,,,,,,,,,,,,,,,,,,,,,
1.7758752983506568e+18,,,,,,,,,,,,,,,,,-307.5317077636719,-318.5709533691406,-287.5230712890625,-283.84332275390625,-294.422607421875,-302.9320373535156,-282.0034484863281,-284.9932556152344,108.25556945800781,43.30222702026367,43.30222702026367,-298.9637145996094,,,,,,,,,,,,,,,,,,,,,,,,,,,,,,,,,,,,,,,,,,,,,,,
1.7758752983508477e+18,,,,,,,,,-374.6951904296875,-1249.4805908203125,-374.7818908691406,-74.99962615966797,-75.02388763427734,-75.04766082763672,-500.44232177734375,-375.14874267578125,,,,,,,,,,,,,,,,,,,,,,,,,,,,,,,,,,,,,,,,,,,,,,,,,,,,,,,,,,,
1.7758752983508495e+18,-375.0037841796875,-1249.599609375,-375.032470703125,-75.03839111328125,-500.5831298828125,-375.55780029296875,-381.2185363769531,-375.2550354003906,,,,,,,,,,,,,,,,,,,,,,,,,,,,,,,,,,,,,,,,,,,,,,,,,,,,,,,,,,,,,,,,,,,
1.775875298351605e+18,,,,,,,,,,,,,,,,,,,,,,,,,,,,,-215.71531677246094,-21.571531295776367,-21.572189331054688,-21.571531295776367,-21.571531295776367,-21.571531295776367,-180.5092010498047,,,,,,,,,,,,,,,,,,,,,,,,,,,,,,,,,,,,,,,,
1.775875298351657e+18,,,,,,,,,,,,,,,,,-268.89434814453125,-295.342529296875,-291.66278076171875,-270.0442810058594,-294.422607421875,-287.5230712890625,-273.7240295410156,-313.28131103515625,108.25556945800781,43.30222702026367,43.30222702026367,-298.2244567871094,,,,,,,,,,,,,,,,,,,,,,,,,,,,,,,,,,,,,,,,,,,,,,,
1.775875298351848e+18,,,,,,,,,-375.06390380859375,-1250.915283203125,-375.3045959472656,-75.01807403564453,-74.9931411743164,-74.9676742553711,-499.6220397949219,-374.7796936035156,,,,,,,,,,,,,,,,,,,,,,,,,,,,,,,,,,,,,,,,,,,,,,,,,,,,,,,,,,,
1.7758752983518497e+18,-375.28070068359375,-1251.2408447265625,-375.1863708496094,-75.05068969726562,-500.2550354003906,-374.880859375,-367.1205749511719,-374.5784912109375,,,,,,,,,,,,,,,,,,,,,,,,,,,,,,,,,,,,,,,,,,,,,,,,,,,,,,,,,,,,,,,,,,,
1.7758752983523666e+18,,,,,,,,,,,,,,,,,,,,,,,,,,,,,,,,,,,,2297.558837890625,22.010311126708984,2297.558837890625,2297.558837890625,2297.558837890625,2297.558837890625,2297.558837890625,24.666141510009766,2297.558837890625,2297.558837890625,2297.558837890625,2297.558837890625,2297.558837890625,2297.558837890625,,,,,,,,,,,,,,,,,,,,,,,,,,
1.775875298352605e+18,,,,,,,,,,,,,,,,,,,,,,,,,,,,,-215.71531677246094,-21.571531295776367,-21.571531295776367,-21.571531295776367,-21.571531295776367,-21.572189331054688,-180.525634765625,,,,,,,,,,,,,,,,,,,,,,,,,,,,,,,,,,,,,,,,
1.775875298352657e+18,,,,,,,,,,,,,,,,,-271.1941833496094,-302.9320373535156,-281.0835266113281,-276.02386474609375,-296.0325012207031,-276.48382568359375,-273.9540100097656,-308.2216491699219,108.25556945800781,43.30222702026367,43.30222702026367,-297.7778625488281,,,,,,,,,,,,,,,,,,,,,,,,,,,,,,,,,,,,,,,,,,,,,,,
1.775875298352848e+18,,,,,,,,,-375.00244140625,-1250.40283203125,-375.2738342285156,-75.01192474365234,-75.05463409423828,-75.03535461425781,-499.9091491699219,-374.62591552734375,,,,,,,,,,,,,,,,,,,,,,,,,,,,,,,,,,,,,,,,,,,,,,,,,,,,,,,,,,,
1.7758752983528497e+18,-375.1576232910156,-1250.7279052734375,-375.12481689453125,-75.08145141601562,-500.3370361328125,-374.97314453125,-365.5199279785156,-374.6400146484375,,,,,,,,,,,,,,,,,,,,,,,,,,,,,,,,,,,,,,,,,,,,,,,,,,,,,,,,,,,,,,,,,,,
1.7758752983536049e+18,,,,,,,,,,,,,,,,,,,,,,,,,,,,,-215.71531677246094,-21.571531295776367,-21.571531295776367,-21.571531295776367,-21.570873260498047,-21.571531295776367,-180.54205322265625,,,,,,,,,,,,,,,,,,,,,,,,,,,,,,,,,,,,,,,,
1.7758752983536568e+18,,,,,,,,,,,,,,,,,-297.64239501953125,-307.5317077636719,-302.0120849609375,-290.74285888671875,-270.9642028808594,-269.5843200683594,-251.41555786132812,-276.9438171386719,108.25556945800781,43.30222702026367,43.30222702026367,-297.6854553222656,,,,,,,,,,,,,,,,,,,,,,,,,,,,,,,,,,,,,,,,,,,,,,,
1.775875298353848e+18,,,,,,,,,-374.63372802734375,-1249.3780517578125,-374.8126220703125,-74.950439453125,-74.96238708496094,-74.9676742553711,-499.4990234375,-374.7796936035156,,,,,,,,,,,,,,,,,,,,,,,,,,,,,,,,,,,,,,,,,,,,,,,,,,,,,,,,,,,
1.7758752983538496e+18,-375.21917724609375,-1250.7279052734375,-375.37103271484375,-75.03839111328125,-500.2550354003906,-375.3116149902344,-375.862548828125,-375.2550354003906,,,,,,,,,,,,,,,,,,,,,,,,,,,,,,,,,,,,,,,,,,,,,,,,,,,,,,,,,,,,,,,,,,,
1.775875298354605e+18,,,,,,,,,,,,,,,,,,,,,,,,,,,,,-215.71531677246094,-21.571531295776367,-21.571531295776367,-21.571531295776367,-21.571531295776367,-21.571531295776367,-180.4763641357422,,,,,,,,,,,,,,,,,,,,,,,,,,,,,,,,,,,,,,,,
1.7758752983546568e+18,,,,,,,,,,,,,,,,,-298.56231689453125,-270.5042419433594,-274.6439514160156,-309.37158203125,-274.1839904785156,-279.4736328125,-298.79229736328125,-276.71380615234375,108.25556945800781,43.30222702026367,43.30222702026367,-297.0078125,,,,,,,,,,,,,,,,,,,,,,,,,,,,,,,,,,,,,,,,,,,,,,,
1.775875298354848e+18,,,,,,,,,-374.6951904296875,-1249.3780517578125,-374.68963623046875,-74.97503662109375,-75.01158905029297,-74.97998046875,-499.9091491699219,-375.11798095703125,,,,,,,,,,,,,,,,,,,,,,,,,,,,,,,,,,,,,,,,,,,,,,,,,,,,,,,,,,,
1.7758752983548495e+18,-374.9422302246094,-1249.2918701171875,-374.9709167480469,-75.02608489990234,-500.4600830078125,-375.4962463378906,-380.9414978027344,-375.5625305175781,,,,,,,,,,,,,,,,,,,,,,,,,,,,,,,,,,,,,,,,,,,,,,,,,,,,,,,,,,,,,,,,,,,
1.7758752983553416e+18,,,,,,,,,,,,,,,,,,,,,,,,,,,,,,,,,,,,,,,,,,,,,,,,,,0.0,0.0,0.0,,,,,,,,,,,,,,,,,,,,,,,
1.775875298355605e+18,,,,,,,,,,,,,,,,,,,,,,,,,,,,,-215.71531677246094,-21.571531295776367,-21.571531295776367,-21.571531295776367,-21.571531295776367,-21.570873260498047,-180.49278259277344,,,,,,,,,,,,,,,,,,,,,,,,,,,,,,,,,,,,,,,,
1.7758752983556567e+18,,,,,,,,,,,,,,,,,-263.6047058105469,-278.78369140625,-296.4924621582031,-273.2640686035156,-284.9932556152344,-307.3017272949219,-264.294677734375,-279.70361328125,108.25556945800781,43.30222702026367,43.30222702026367,-300.08795166015625,,,,,,,,,,,,,,,,,,,,,,,,,,,,,,,,,,,,,,,,,,,,,,,
1.7758752983558482e+18,,,,,,,,,-375.1867980957031,-1250.50537109375,-375.1200866699219,-75.05496215820312,-75.0484848022461,-75.0230484008789,-500.48333740234375,-375.333251953125,,,,,,,,,,,,,,,,,,,,,,,,,,,,,,,,,,,,,,,,,,,,,,,,,,,,,,,,,,,
1.7758752983558495e+18,-375.31146240234375,-1250.7279052734375,-375.40179443359375,-75.05684661865234,-500.0909729003906,-374.9423828125,-383.1885681152344,-375.009033203125,,,,,,,,,,,,,,,,,,,,,,,,,,,,,,,,,,,,,,,,,,,,,,,,,,,,,,,,,,,,,,,,,,,
1.7758752983564045e+18,,,,,,,,,,,,,,,,,,,,,,,,,,,,,,,,,,,,,,,,,,,,,,,,,,,,,0.0,0.0,0.0,0.0,0.0,0.0,0.0,0.0,0.0,0.0,0.0,0.0,0.0,0.0,0.0,0.0,0.0,0.0,0.0,0.0,0.0,0.0,0.0
1.775875298356605e+18,,,,,,,,,,,,,,,,,,,,,,,,,,,,,-215.71531677246094,-21.571531295776367,-21.571531295776367,-21.571531295776367,-21.570873260498047,-21.571531295776367,-180.4435272216797,,,,,,,,,,,,,,,,,,,,,,,,,,,,,,,,,,,,,,,,
1.7758752983566566e+18,,,,,,,,,,,,,,,,,-282.92340087890625,-310.0615234375,-286.1431579589844,-273.0340576171875,-291.8927917480469,-285.9131774902344,-251.18556213378906,-285.4532165527344,108.25556945800781,43.30222702026367,43.30222702026367,-300.6731872558594,,,,,,,,,,,,,,,,,,,,,,,,,,,,,,,,,,,,,,,,,,,,,,,
1.775875298356848e+18,,,,,,,,,-374.9102783203125,-1250.1978759765625,-374.9048767089844,-74.9873275756836,-75.01158905029297,-74.9984359741211,-500.1142272949219,-375.17950439453125,,,,,,,,,,,,,,,,,,,,,,,,,,,,,,,,,,,,,,,,,,,,,,,,,,,,,,,,,,,
1.7758752983568494e+18,-375.1268615722656,-1251.548583984375,-375.4325866699219,-75.03839111328125,-500.5010986328125,-375.5270080566406,-381.06463623046875,-375.5625305175781,,,,,,,,,,,,,,,,,,,,,,,,,,,,,,,,,,,,,,,,,,,,,,,,,,,,,,,,,,,,,,,,,,,
1.7758752983576049e+18,,,,,,,,,,,,,,,,,,,,,,,,,,,,,-215.71531677246094,-21.571531295776367,-21.571531295776367,-21.571531295776367,-21.571531295776367,-21.571531295776367,-180.39425659179688,,,,,,,,,,,,,,,,,,,,,,,,,,,,,,,,,,,,,,,,
1.7758752983576566e+18,,,,,,,,,,,,,,,,,-279.24365234375,-302.7020263671875,-275.56390380859375,-290.05291748046875,-294.882568359375,-263.3747253417969,-287.0631103515625,-292.3527526855469,108.25556945800781,43.30222702026367,43.30222702026367,-298.08587646484375,,,,,,,,,,,,,,,,,,,,,,,,,,,,,,,,,,,,,,,,,,,,,,,
1.7758752983578483e+18,,,,,,,,,-375.0331726074219,-1250.1978759765625,-375.24310302734375,-75.01192474365234,-75.03003692626953,-74.9922866821289,-499.6630554199219,-374.7181701660156,,,,,,,,,,,,,,,,,,,,,,,,,,,,,,,,,,,,,,,,,,,,,,,,,,,,,,,,,,,
1.7758752983578496e+18,-375.0037841796875,-1250.6253662109375,-375.1863708496094,-75.08760070800781,-500.3780517578125,-374.91162109375,-365.7969665527344,-374.5784912109375,,,,,,,,,,,,,,,,,,,,,,,,,,,,,,,,,,,,,,,,,,,,,,,,,,,,,,,,,,,,,,,,,,,
1.7758752983586048e+18,,,,,,,,,,,,,,,,,,,,,,,,,,,,,-215.708740234375,-21.571531295776367,-21.571531295776367,-21.571531295776367,-21.572189331054688,-21.571531295776367,-180.41067504882812,,,,,,,,,,,,,,,,,,,,,,,,,,,,,,,,,,,,,,,,
1.7758752983586565e+18,,,,,,,,,,,,,,,,,-274.1839904785156,-292.8127136230469,-322.4806823730469,-292.8127136230469,-280.6235656738281,-309.37158203125,-272.1141357421875,-275.33392333984375,108.25556945800781,43.30222702026367,43.30222702026367,-301.50482177734375,,,,,,,,,,,,,,,,,,,,,,,,,,,,,,,,,,,,,,,,,,,,,,,
1.7758752983588483e+18,,,,,,,,,-374.6029968261719,-1249.275634765625,-374.8126220703125,-74.950439453125,-74.95008850097656,-74.96151733398438,-499.5810546875,-374.59515380859375,,,,,,,,,,,,,,,,,,,,,,,,,,,,,,,,,,,,,,,,,,,,,,,,,,,,,,,,,,,
1.7758752983588495e+18,-374.6960754394531,-1249.4969482421875,-375.001708984375,-74.94612121582031,-499.76287841796875,-374.880859375,-361.7030029296875,-374.8552551269531,,,,,,,,,,,,,,,,,,,,,,,,,,,,,,,,,,,,,,,,,,,,,,,,,,,,,,,,,,,,,,,,,,,
1.775875298359605e+18,,,,,,,,,,,,,,,,,,,,,,,,,,,,,-215.708740234375,-21.571531295776367,-21.572189331054688,-21.571531295776367,-21.571531295776367,-21.571531295776367,-180.36141967773438,,,,,,,,,,,,,,,,,,,,,,,,,,,,,,,,,,,,,,,,
1.7758752983596564e+18,,,,,,,,,,,,,,,,,-291.20281982421875,-312.59136962890625,-310.9814758300781,-284.9932556152344,-283.61334228515625,-311.6714172363281,-294.882568359375,-285.9131774902344,108.25556945800781,43.30222702026367,43.30222702026367,-299.471923828125,,,,,,,,,,,,,,,,,,,,,,,,,,,,,,,,,,,,,,,,,,,,,,,
1.7758752983598484e+18,,,,,,,,,-374.7566223144531,-1249.992919921875,-374.96636962890625,-75.02422332763672,-75.03618621826172,-75.01689910888672,-500.48333740234375,-375.364013671875,,,,,,,,,,,,,,,,,,,,,,,,,,,,,,,,,,,,,,,,,,,,,,,,,,,,,,,,,,,
1.7758752983598495e+18,-374.7268371582031,-1249.2918701171875,-374.9401550292969,-74.92766571044922,-499.68084716796875,-374.4808349609375,-372.2303161621094,-374.9167785644531,,,,,,,,,,,,,,,,,,,,,,,,,,,,,,,,,,,,,,,,,,,,,,,,,,,,,,,,,,,,,,,,,,,
1.775875298360605e+18,,,,,,,,,,,,,,,,,,,,,,,,,,,,,-215.71531677246094,-21.571531295776367,-21.572189331054688,-21.571531295776367,-21.571531295776367,-21.571531295776367,-180.36141967773438,,,,,,,,,,,,,,,,,,,,,,,,,,,,,,,,,,,,,,,,
1.7758752983606564e+18,,,,,,,,,,,,,,,,,-302.9320373535156,-310.5215148925781,-287.7530517578125,-305.69183349609375,-318.3409729003906,-303.6219787597656,-275.33392333984375,-305.92181396484375,108.25556945800781,43.30222702026367,43.30222702026367,-302.53668212890625,,,,,,,,,,,,,,,,,,,,,,,,,,,,,,,,,,,,,,,,,,,,,,,
1.7758752983608484e+18,,,,,,,,,-374.572265625,-1249.173095703125,-374.72039794921875,-74.96888732910156,-74.93778991699219,-74.96151733398438,-499.7450866699219,-374.5028991699219,,,,,,,,,,,,,,,,,,,,,,,,,,,,,,,,,,,,,,,,,,,,,,,,,,,,,,,,,,,
1.7758752983608494e+18,-374.7575988769531,-1249.599609375,-374.90936279296875,-74.95841979980469,-499.8858947753906,-375.09625244140625,-367.27447509765625,-375.009033203125,,,,,,,,,,,,,,,,,,,,,,,,,,,,,,,,,,,,,,,,,,,,,,,,,,,,,,,,,,,,,,,,,,,
1.7758752983616049e+18,,,,,,,,,,,,,,,,,,,,,,,,,,,,,-215.708740234375,-21.571531295776367,-21.571531295776367,-21.572189331054688,-21.571531295776367,-21.571531295776367,-180.36141967773438,,,,,,,,,,,,,,,,,,,,,,,,,,,,,,,,,,,,,,,,
1.7758752983616563e+18,,,,,,,,,,,,,,,,,-283.15338134765625,-313.74127197265625,-328.92022705078125,-303.1620178222656,-306.15179443359375,-313.97125244140625,-279.70361328125,-313.51129150390625,108.25556945800781,43.30222702026367,43.30222702026367,-301.350830078125,,,,,,,,,,,,,,,,,,,,,,,,,,,,,,,,,,,,,,,,,,,,,,,
1.7758752983618483e+18,,,,,,,,,-374.6951904296875,-1249.5830078125,-374.72039794921875,-74.9873275756836,-75.01773834228516,-75.00459289550781,-500.1552429199219,-375.14874267578125,,,,,,,,,,,,,,,,,,,,,,,,,,,,,,,,,,,,,,,,,,,,,,,,,,,,,,,,,,,
1.7758752983618493e+18,-374.9422302246094,-1249.1893310546875,-375.15557861328125,-75.03224182128906,-500.5421142578125,-375.5270080566406,-381.2185363769531,-375.50103759765625,,,,,,,,,,,,,,,,,,,,,,,,,,,,,,,,,,,,,,,,,,,,,,,,,,,,,,,,,,,,,,,,,,,
1.7758752983626048e+18,,,,,,,,,,,,,,,,,,,,,,,,,,,,,-215.71531677246094,-21.571531295776367,-21.571531295776367,-21.571531295776367,-21.570873260498047,-21.571531295776367,-180.34500122070312,,,,,,,,,,,,,,,,,,,,,,,,,,,,,,,,,,,,,,,,
1.7758752983626565e+18,,,,,,,,,,,,,,,,,-291.20281982421875,-305.23187255859375,-331.9100341796875,-303.3919982910156,-303.3919982910156,-310.29150390625,-278.5536804199219,-316.2711181640625,108.25556945800781,43.30222702026367,43.30222702026367,-301.22760009765625,,,,,,,,,,,,,,,,,,,,,,,,,,,,,,,,,,,,,,,,,,,,,,,
1.7758752983628485e+18,,,,,,,,,-374.7259216308594,-1249.275634765625,-374.68963623046875,-74.98118591308594,-75.01773834228516,-75.04151153564453,-500.48333740234375,-375.2102355957031,,,,,,,,,,,,,,,,,,,,,,,,,,,,,,,,,,,,,,,,,,,,,,,,,,,,,,,,,,,
1.7758752983628493e+18,-374.9114685058594,-1249.2918701171875,-375.001708984375,-75.03839111328125,-500.5010986328125,-375.5270080566406,-382.01885986328125,-375.4395446777344,,,,,,,,,,,,,,,,,,,,,,,,,,,,,,,,,,,,,,,,,,,,,,,,,,,,,,,,,,,,,,,,,,,
1.7758752983636047e+18,,,,,,,,,,,,,,,,,,,,,,,,,,,,,-215.708740234375,-21.571531295776367,-21.571531295776367,-21.570873260498047,-21.571531295776367,-21.571531295776367,-180.32858276367188,,,,,,,,,,,,,,,,,,,,,,,,,,,,,,,,,,,,,,,,
1.7758752983636564e+18,,,,,,,,,,,,,,,,,-307.7616882324219,-331.2200927734375,-298.33233642578125,-329.8401794433594,-300.6321716308594,-291.8927917480469,-312.82135009765625,-285.6831970214844,108.25556945800781,43.30222702026367,43.30222702026367,-301.79742431640625,,,,,,,,,,,,,,,,,,,,,,,,,,,,,,,,,,,,,,,,,,,,,,,
1.7758752983638484e+18,,,,,,,,,-375.15606689453125,-1249.3780517578125,-374.6589050292969,-74.96888732910156,-75.01158905029297,-75.03535461425781,-500.4013366699219,-375.17950439453125,,,,,,,,,,,,,,,,,,,,,,,,,,,,,,,,,,,,,,,,,,,,,,,,,,,,,,,,,,,
1.7758752983638495e+18,-375.3422546386719,-1250.6253662109375,-374.8785705566406,-74.9707260131836,-499.76287841796875,-375.2808532714844,-380.11041259765625,-375.50103759765625,,,,,,,,,,,,,,,,,,,,,,,,,,,,,,,,,,,,,,,,,,,,,,,,,,,,,,,,,,,,,,,,,,,
1.775875298364605e+18,,,,,,,,,,,,,,,,,,,,,,,,,,,,,-215.71531677246094,-21.571531295776367,-21.571531295776367,-21.571531295776367,-21.571531295776367,-21.571531295776367,-180.41067504882812,,,,,,,,,,,,,,,,,,,,,,,,,,,,,,,,,,,,,,,,
1.7758752983646564e+18,,,,,,,,,,,,,,,,,-283.84332275390625,-319.4908752441406,-287.9830322265625,-313.28131103515625,-286.3731689453125,-300.6321716308594,-300.6321716308594,-301.7821044921875,108.25556945800781,43.30222702026367,43.30222702026367,-300.6731872558594,,,,,,,,,,,,,,,,,,,,,,,,,,,,,,,,,,,,,,,,,,,,,,,
1.7758752983648486e+18,,,,,,,,,-374.63372802734375,-1248.6607666015625,-374.8126220703125,-75.01192474365234,-75.02388763427734,-75.04766082763672,-500.2372741699219,-375.2409973144531,,,,,,,,,,,,,,,,,,,,,,,,,,,,,,,,,,,,,,,,,,,,,,,,,,,,,,,,,,,
1.7758752983648494e+18,-374.7268371582031,-1249.086669921875,-374.90936279296875,-75.01993560791016,-500.3370361328125,-375.2500915527344,-383.52716064453125,-375.3165283203125,,,,,,,,,,,,,,,,,,,,,,,,,,,,,,,,,,,,,,,,,,,,,,,,,,,,,,,,,,,,,,,,,,,
1.7758752983648673e+18,,,,,,,,,,,,,,,,,,,,,,,,,,,,,,,,,,,,2297.525146484375,21.865821838378906,2297.525146484375,2297.525146484375,2297.525146484375,2297.525146484375,2297.525146484375,24.664133071899414,2297.525146484375,2297.525146484375,2297.525146484375,2297.525146484375,2297.525146484375,2297.525146484375,,,,,,,,,,,,,,,,,,,,,,,,,,
1.7758752983651868e+18,,,,,,,,,,,,,,,,,,,,,,,,,,,,,,,,,,,,,,,,,,,,,,,,,,0.0,0.0,0.0,,,,,,,,,,,,,,,,,,,,,,,
1.7758752983656049e+18,,,,,,,,,,,,,,,,,,,,,,,,,,,,,-215.708740234375,-21.571531295776367,-21.570873260498047,-21.570873260498047,-21.571531295776367,-21.571531295776367,-180.39425659179688,,,,,,,,,,,,,,,,,,,,,,,,,,,,,,,,,,,,,,,,
1.7758752983656563e+18,,,,,,,,,,,,,,,,,-319.95086669921875,-286.6031494140625,-305.69183349609375,-307.5317077636719,-269.5843200683594,-300.6321716308594,-302.7020263671875,-291.8927917480469,108.25556945800781,43.30222702026367,43.30222702026367,-301.21221923828125,,,,,,,,,,,,,,,,,,,,,,,,,,,,,,,,,,,,,,,,,,,,,,,
1.7758752983658486e+18,,,,,,,,,-375.00244140625,-1250.40283203125,-375.21234130859375,-75.02422332763672,-75.03003692626953,-75.05381774902344,-500.3193054199219,-375.17950439453125,,,,,,,,,,,,,,,,,,,,,,,,,,,,,,,,,,,,,,,,,,,,,,,,,,,,,,,,,,,
1.7758752983658493e+18,-375.1268615722656,-1251.548583984375,-375.40179443359375,-75.03839111328125,-500.5010986328125,-375.4654846191406,-380.51055908203125,-375.2550354003906,,,,,,,,,,,,,,,,,,,,,,,,,,,,,,,,,,,,,,,,,,,,,,,,,,,,,,,,,,,,,,,,,,,
1.7758752983666048e+18,,,,,,,,,,,,,,,,,,,,,,,,,,,,,-215.71531677246094,-21.572189331054688,-21.570873260498047,-21.570873260498047,-21.571531295776367,-21.572189331054688,-180.42710876464844,,,,,,,,,,,,,,,,,,,,,,,,,,,,,,,,,,,,,,,,
1.7758752983666563e+18,,,,,,,,,,,,,,,,,-314.6612243652344,-317.8810119628906,-285.2232360839844,-276.48382568359375,-297.87237548828125,-311.9013977050781,-283.61334228515625,-274.4139709472656,108.25556945800781,43.30222702026367,43.30222702026367,-299.42572021484375,,,,,,,,,,,,,,,,,,,,,,,,,,,,,,,,,,,,,,,,,,,,,,,
1.7758752983667735e+18,,,,,,,,,,,,,,,,,,,,,,,,,,,,,,,,,,,,,,,,,,,,,,,,,,,,,0.0,0.0,0.0,0.0,0.0,0.0,0.0,0.0,0.0,0.0,0.0,0.0,0.0,0.0,0.0,0.0,0.0,0.0,0.0,0.0,0.0,0.0,0.0
1.7758752983668488e+18,,,,,,,,,-375.2482604980469,-1250.095458984375,-375.05859375,-75.01807403564453,-74.9992904663086,-74.97998046875,-499.9501647949219,-374.9334411621094,,,,,,,,,,,,,,,,,,,,,,,,,,,,,,,,,,,,,,,,,,,,,,,,,,,,,,,,,,,
1.7758752983668493e+18,-374.84991455078125,-1249.1893310546875,-374.57080078125,-74.9645767211914,-499.72186279296875,-374.4808349609375,-366.2279052734375,-374.82452392578125,,,,,,,,,,,,,,,,,,,,,,,,,,,,,,,,,,,,,,,,,,,,,,,,,,,,,,,,,,,,,,,,,,,
1.7758752983676047e+18,,,,,,,,,,,,,,,,,,,,,,,,,,,,,-215.71531677246094,-21.571531295776367,-21.571531295776367,-21.571531295776367,-21.571531295776367,-21.572189331054688,-180.49278259277344,,,,,,,,,,,,,,,,,,,,,,,,,,,,,,,,,,,,,,,,
1.7758752983676562e+18,,,,,,,,,,,,,,,,,-270.9642028808594,-309.37158203125,-309.6015625,-287.7530517578125,-304.5419006347656,-287.2930908203125,-261.99481201171875,-304.77191162109375,108.25556945800781,43.30222702026367,43.30222702026367,-300.9042053222656,,,,,,,,,,,,,,,,,,,,,,,,,,,,,,,,,,,,,,,,,,,,,,,
1.7758752983678487e+18,,,,,,,,,-375.0946350097656,-1250.40283203125,-374.9971008300781,-74.98118591308594,-74.94393920898438,-74.94306182861328,-499.6630554199219,-374.8104248046875,,,,,,,,,,,,,,,,,,,,,,,,,,,,,,,,,,,,,,,,,,,,,,,,,,,,,,,,,,,
1.7758752983678492e+18,-374.78839111328125,-1249.1893310546875,-374.7554626464844,-74.95841979980469,-499.47576904296875,-374.69622802734375,-368.38262939453125,-374.7322692871094,,,,,,,,,,,,,,,,,,,,,,,,,,,,,,,,,,,,,,,,,,,,,,,,,,,,,,,,,,,,,,,,,,,
1.7758752983686047e+18,,,,,,,,,,,,,,,,,,,,,,,,,,,,,-215.708740234375,-21.571531295776367,-21.571531295776367,-21.571531295776367,-21.571531295776367,-21.571531295776367,-180.54205322265625,,,,,,,,,,,,,,,,,,,,,,,,,,,,,,,,,,,,,,,,
1.7758752983686561e+18,,,,,,,,,,,,,,,,,-264.984619140625,-302.7020263671875,-301.5521240234375,-284.7632751464844,-294.882568359375,-289.3629455566406,-255.09530639648438,-293.0426940917969,108.25556945800781,43.30222702026367,43.30222702026367,-301.0581970214844,,,,,,,,,,,,,,,,,,,,,,,,,,,,,,,,,,,,,,,,,,,,,,,
1.775875298368849e+18,,,,,,,,,-374.6951904296875,-1249.685546875,-374.7511291503906,-74.99347686767578,-75.01773834228516,-75.04766082763672,-500.44232177734375,-375.14874267578125,,,,,,,,,,,,,,,,,,,,,,,,,,,,,,,,,,,,,,,,,,,,,,,,,,,,,,,,,,,
1.7758752983688494e+18,-374.8807067871094,-1249.2918701171875,-375.12481689453125,-75.03224182128906,-500.5831298828125,-375.58856201171875,-381.61871337890625,-375.4395446777344,,,,,,,,,,,,,,,,,,,,,,,,,,,,,,,,,,,,,,,,,,,,,,,,,,,,,,,,,,,,,,,,,,,
1.7758752983696049e+18,,,,,,,,,,,,,,,,,,,,,,,,,,,,,-215.71531677246094,-21.571531295776367,-21.571531295776367,-21.571531295776367,-21.571531295776367,-21.571531295776367,-180.5092010498047,,,,,,,,,,,,,,,,,,,,,,,,,,,,,,,,,,,,,,,,
1.775875298369656e+18,,,,,,,,,,,,,,,,,-293.0426940917969,-270.9642028808594,-300.6321716308594,-267.97442626953125,-279.4736328125,-276.9438171386719,-256.4751892089844,-296.9524230957031,108.25556945800781,43.30222702026367,43.30222702026367,-299.2101135253906,,,,,,,,,,,,,,,,,,,,,,,,,,,,,,,,,,,,,,,,,,,,,,,
1.7758752983698488e+18,,,,,,,,,-374.8180847167969,-1249.8905029296875,-375.08935546875,-75.01807403564453,-75.05463409423828,-74.98612976074219,-499.6630554199219,-374.7796936035156,,,,,,,,,,,,,,,,,,,,,,,,,,,,,,,,,,,,,,,,,,,,,,,,,,,,,,,,,,,
1.7758752983698493e+18,-374.7268371582031,-1249.8046875,-375.15557861328125,-75.08760070800781,-500.5831298828125,-375.0654602050781,-367.18212890625,-374.5784912109375,,,,,,,,,,,,,,,,,,,,,,,,,,,,,,,,,,,,,,,,,,,,,,,,,,,,,,,,,,,,,,,,,,,
1.7758752983706048e+18,,,,,,,,,,,,,,,,,,,,,,,,,,,,,-215.71531677246094,-21.570873260498047,-21.571531295776367,-21.571531295776367,-21.570873260498047,-21.571531295776367,-180.5092010498047,,,,,,,,,,,,,,,,,,,,,,,,,,,,,,,,,,,,,,,,
1.775875298370656e+18,,,,,,,,,,,,,,,,,-310.7514953613281,-287.0631103515625,-289.8229064941406,-298.56231689453125,-255.09530639648438,-291.20281982421875,-251.18556213378906,-293.5026550292969,108.25556945800781,43.30222702026367,43.30222702026367,-298.1628723144531,,,,,,,,,,,,,,,,,,,,,,,,,,,,,,,,,,,,,,,,,,,,,,,
1.775875298370849e+18,,,,,,,,,-374.572265625,-1249.5830078125,-375.08935546875,-75.02422332763672,-75.05463409423828,-75.01689910888672,-500.44232177734375,-375.2409973144531,,,,,,,,,,,,,,,,,,,,,,,,,,,,,,,,,,,,,,,,,,,,,,,,,,,,,,,,,,,
1.7758752983708493e+18,-374.81915283203125,-1250.215087890625,-375.3094787597656,-75.07530212402344,-500.3370361328125,-375.55780029296875,-383.52716064453125,-374.947509765625,,,,,,,,,,,,,,,,,,,,,,,,,,,,,,,,,,,,,,,,,,,,,,,,,,,,,,,,,,,,,,,,,,,
1.7758752983716047e+18,,,,,,,,,,,,,,,,,,,,,,,,,,,,,-215.71531677246094,-21.570873260498047,-21.571531295776367,-21.571531295776367,-21.571531295776367,-21.571531295776367,-180.525634765625,,,,,,,,,,,,,,,,,,,,,,,,,,,,,,,,,,,,,,,,
1.775875298371656e+18,,,,,,,,,,,,,,,,,-265.214599609375,-294.422607421875,-274.1839904785156,-285.6831970214844,-279.013671875,-259.6949768066406,-283.15338134765625,-257.6251220703125,108.25556945800781,43.30222702026367,43.30222702026367,-297.7470397949219,,,,,,,,,,,,,,,,,,,,,,,,,,,,,,,,,,,,,,,,,,,,,,,
1.775875298371849e+18,,,,,,,,,-375.06390380859375,-1248.9681396484375,-374.8433837890625,-75.01192474365234,-74.9931411743164,-74.94306182861328,-499.8271179199219,-375.11798095703125,,,,,,,,,,,,,,,,,,,,,,,,,,,,,,,,,,,,,,,,,,,,,,,,,,,,,,,,,,,
1.7758752983718492e+18,-375.31146240234375,-1250.1124267578125,-374.8785705566406,-74.9707260131836,-500.4600830078125,-375.12701416015625,-368.9059143066406,-374.8860168457031,,,,,,,,,,,,,,,,,,,,,,,,,,,,,,,,,,,,,,,,,,,,,,,,,,,,,,,,,,,,,,,,,,,
1.7758752983723205e+18,,,,,,,,,,,,,,,,,,,,,,,,,,,,,,,,,,,,,,,,,,,,,,,,,,0.0,0.0,0.0,,,,,,,,,,,,,,,,,,,,,,,
1.7758752983726047e+18,,,,,,,,,,,,,,,,,,,,,,,,,,,,,-215.71531677246094,-21.571531295776367,-21.571531295776367,-21.571531295776367,-21.571531295776367,-21.572189331054688,-180.4763641357422,,,,,,,,,,,,,,,,,,,,,,,,,,,,,,,,,,,,,,,,
1.7758752983726559e+18,,,,,,,,,,,,,,,,,-292.5827331542969,-279.93359375,-291.8927917480469,-277.4037780761719,-289.1329650878906,-261.99481201171875,-286.1431579589844,-263.6047058105469,108.25556945800781,43.30222702026367,43.30222702026367,-297.762451171875,,,,,,,,,,,,,,,,,,,,,,,,,,,,,,,,,,,,,,,,,,,,,,,
1.7758752983728492e+18,-375.0960998535156,-1251.03564453125,-374.69390869140625,-74.9645767211914,-500.1319885253906,-375.55780029296875,-377.740234375,-374.76300048828125,,,,,,,,,,,,,,,,,,,,,,,,,,,,,,,,,,,,,,,,,,,,,,,,,,,,,,,,,,,,,,,,,,,
1.7758752983728492e+18,,,,,,,,,-375.37115478515625,-1249.5830078125,-374.8126220703125,-75.00577545166016,-75.05463409423828,-74.9984359741211,-499.7450866699219,-374.9027099609375,,,,,,,,,,,,,,,,,,,,,,,,,,,,,,,,,,,,,,,,,,,,,,,,,,,,,,,,,,,
1.7758752983736046e+18,,,,,,,,,,,,,,,,,,,,,,,,,,,,,-215.71531677246094,-21.571531295776367,-21.571531295776367,-21.571531295776367,-21.571531295776367,-21.571531295776367,-180.49278259277344,,,,,,,,,,,,,,,,,,,,,,,,,,,,,,,,,,,,,,,,
1.775875298373656e+18,,,,,,,,,,,,,,,,,-275.33392333984375,-305.00189208984375,-296.9524230957031,-279.24365234375,-276.25384521484375,-294.422607421875,-292.3527526855469,-278.0937194824219,108.25556945800781,43.30222702026367,43.30222702026367,-298.56329345703125,,,,,,,,,,,,,,,,,,,,,,,,,,,,,,,,,,,,,,,,,,,,,,,
1.775875298373849e+18,-375.1576232910156,-1249.9073486328125,-375.001708984375,-75.00148010253906,-499.59881591796875,-374.72698974609375,-368.6904296875,-374.6707458496094,,,,,,,,,,,,,,,,,,,,,,,,,,,,,,,,,,,,,,,,,,,,,,,,,,,,,,,,,,,,,,,,,,,
1.775875298373849e+18,,,,,,,,,-374.6951904296875,-1248.9681396484375,-374.7511291503906,-74.98118591308594,-74.93778991699219,-74.95536804199219,-499.7450866699219,-374.56439208984375,,,,,,,,,,,,,,,,,,,,,,,,,,,,,,,,,,,,,,,,,,,,,,,,,,,,,,,,,,,
1.7758752983746048e+18,,,,,,,,,,,,,,,,,,,,,,,,,,,,,-215.71531677246094,-21.571531295776367,-21.571531295776367,-21.571531295776367,-21.571531295776367,-21.572189331054688,-180.4763641357422,,,,,,,,,,,,,,,,,,,,,,,,,,,,,,,,,,,,,,,,
1.775875298374656e+18,,,,,,,,,,,,,,,,,-271.8841552734375,-308.681640625,-295.8025207519531,-289.1329650878906,-308.681640625,-288.4430236816406,-262.2248229980469,-310.29150390625,108.25556945800781,43.30222702026367,43.30222702026367,-299.2101135253906,,,,,,,,,,,,,,,,,,,,,,,,,,,,,,,,,,,,,,,,,,,,,,,
1.7758752983748493e+18,-375.0345458984375,-1250.83056640625,-375.37103271484375,-75.04454040527344,-500.2550354003906,-374.7577819824219,-368.8751220703125,-374.82452392578125,,,,,,,,,,,,,,,,,,,,,,,,,,,,,,,,,,,,,,,,,,,,,,,,,,,,,,,,,,,,,,,,,,,
1.7758752983748493e+18,,,,,,,,,-374.84881591796875,-1250.3004150390625,-375.3045959472656,-75.04267120361328,-75.01158905029297,-74.94921112060547,-499.4990234375,-374.7181701660156,,,,,,,,,,,,,,,,,,,,,,,,,,,,,,,,,,,,,,,,,,,,,,,,,,,,,,,,,,,
1.7758752983756047e+18,,,,,,,,,,,,,,,,,,,,,,,,,,,,,-215.71531677246094,-21.571531295776367,-21.571531295776367,-21.571531295776367,-21.571531295776367,-21.571531295776367,-180.37783813476562,,,,,,,,,,,,,,,,,,,,,,,,,,,,,,,,,,,,,,,,
1.775875298375656e+18,,,,,,,,,,,,,,,,,-306.61175537109375,-280.3935546875,-303.8519592285156,-296.7224426269531,-275.33392333984375,-302.7020263671875,-269.8143005371094,-312.82135009765625,108.25556945800781,43.30222702026367,43.30222702026367,-300.0109558105469,,,,,,,,,,,,,,,,,,,,,,,,,,,,,,,,,,,,,,,,,,,,,,,
1.7758752983758492e+18,-374.9114685058594,-1250.83056640625,-375.2171325683594,-74.99533081054688,-499.68084716796875,-374.69622802734375,-373.2768859863281,-375.4087829589844,,,,,,,,,,,,,,,,,,,,,,,,,,,,,,,,,,,,,,,,,,,,,,,,,,,,,,,,,,,,,,,,,,,
1.7758752983758492e+18,,,,,,,,,-375.06390380859375,-1250.915283203125,-375.3045959472656,-74.9873275756836,-74.96238708496094,-74.94306182861328,-500.1552429199219,-375.2102355957031,,,,,,,,,,,,,,,,,,,,,,,,,,,,,,,,,,,,,,,,,,,,,,,,,,,,,,,,,,,
1.775875298376107e+18,,,,,,,,,,,,,,,,,,,,,,,,,,,,,,,,,,,,,,,,,,,,,,,,,,,,,0.0,0.0,0.0,0.0,0.0,0.0,0.0,0.0,0.0,0.0,0.0,0.0,0.0,0.0,0.0,0.0,0.0,0.0,0.0,0.0,0.0,0.0,0.0
1.7758752983766047e+18,,,,,,,,,,,,,,,,,,,,,,,,,,,,,-215.7218780517578,-21.571531295776367,-21.571531295776367,-21.571531295776367,-21.571531295776367,-21.571531295776367,-180.36141967773438,,,,,,,,,,,,,,,,,,,,,,,,,,,,,,,,,,,,,,,,
1.775875298376656e+18,,,,,,,,,,,,,,,,,-289.5929260253906,-279.93359375,-310.9814758300781,-304.3119201660156,-283.84332275390625,-320.64080810546875,-290.28289794921875,-288.9029846191406,108.25556945800781,43.30222702026367,43.30222702026367,-300.9195861816406,,,,,,,,,,,,,,,,,,,,,,,,,,,,,,,,,,,,,,,,,,,,,,,
1.7758752983768492e+18,-375.0653076171875,-1250.6253662109375,-375.3402404785156,-75.05068969726562,-500.2140197753906,-375.61932373046875,-383.52716064453125,-375.3165283203125,,,,,,,,,,,,,,,,,,,,,,,,,,,,,,,,,,,,,,,,,,,,,,,,,,,,,,,,,,,,,,,,,,,
1.7758752983768494e+18,,,,,,,,,-374.572265625,-1249.4805908203125,-374.96636962890625,-74.9873275756836,-74.9992904663086,-75.0230484008789,-500.2782897949219,-375.2102355957031,,,,,,,,,,,,,,,,,,,,,,,,,,,,,,,,,,,,,,,,,,,,,,,,,,,,,,,,,,,
1.775875298377368e+18,,,,,,,,,,,,,,,,,,,,,,,,,,,,,,,,,,,,2297.666015625,22.167814254760742,2297.666015625,2297.666015625,2297.666015625,2297.666015625,2297.666015625,24.71114730834961,2297.666015625,2297.666015625,2297.666015625,2297.666015625,2297.666015625,2297.666015625,,,,,,,,,,,,,,,,,,,,,,,,,,
1.7758752983776046e+18,,,,,,,,,,,,,,,,,,,,,,,,,,,,,-215.71531677246094,-21.571531295776367,-21.571531295776367,-21.571531295776367,-21.571531295776367,-21.572189331054688,-180.36141967773438,,,,,,,,,,,,,,,,,,,,,,,,,,,,,,,,,,,,,,,,
1.7758752983776558e+18,,,,,,,,,,,,,,,,,-308.4516296386719,-321.33074951171875,-296.0325012207031,-287.0631103515625,-299.4822692871094,-322.4806823730469,-300.6321716308594,-287.5230712890625,108.25556945800781,43.30222702026367,43.30222702026367,-300.2265625,,,,,,,,,,,,,,,,,,,,,,,,,,,,,,,,,,,,,,,,,,,,,,,
1.775875298377849e+18,-374.7268371582031,-1249.4969482421875,-374.8785705566406,-75.05068969726562,-500.4600830078125,-375.2500915527344,-383.52716064453125,-375.4395446777344,,,,,,,,,,,,,,,,,,,,,,,,,,,,,,,,,,,,,,,,,,,,,,,,,,,,,,,,,,,,,,,,,,,
1.7758752983778493e+18,,,,,,,,,-375.1253662109375,-1250.812744140625,-375.1816101074219,-75.01192474365234,-75.01158905029297,-74.98612976074219,-499.8681335449219,-374.53363037109375,,,,,,,,,,,,,,,,,,,,,,,,,,,,,,,,,,,,,,,,,,,,,,,,,,,,,,,,,,,
1.7758752983786045e+18,,,,,,,,,,,,,,,,,,,,,,,,,,,,,-215.71531677246094,-21.571531295776367,-21.571531295776367,-21.570873260498047,-21.571531295776367,-21.571531295776367,-180.31214904785156,,,,,,,,,,,,,,,,,,,,,,,,,,,,,,,,,,,,,,,,
1.7758752983786557e+18,,,,,,,,,,,,,,,,,-290.97283935546875,-286.3731689453125,-317.6510009765625,-324.090576171875,-286.1431579589844,-310.29150390625,-305.00189208984375,-287.0631103515625,108.25556945800781,43.30222702026367,43.30222702026367,-300.981201171875,,,,,,,,,,,,,,,,,,,,,,,,,,,,,,,,,,,,,,,,,,,,,,,
1.775875298378849e+18,-375.1576232910156,-1249.8046875,-374.7554626464844,-74.92151641845703,-499.8448791503906,-375.2500915527344,-380.387451171875,-375.53179931640625,,,,,,,,,,,,,,,,,,,,,,,,,,,,,,,,,,,,,,,,,,,,,,,,,,,,,,,,,,,,,,,,,,,
1.7758752983788495e+18,,,,,,,,,-375.3404541015625,-1249.7879638671875,-374.8126220703125,-74.96888732910156,-74.93778991699219,-74.9922866821289,-499.9911804199219,-375.425537109375,,,,,,,,,,,,,,,,,,,,,,,,,,,,,,,,,,,,,,,,,,,,,,,,,,,,,,,,,,,
1.7758752983792648e+18,,,,,,,,,,,,,,,,,,,,,,,,,,,,,,,,,,,,,,,,,,,,,,,,,,0.0,0.0,0.0,,,,,,,,,,,,,,,,,,,,,,,
1.7758752983796047e+18,,,,,,,,,,,,,,,,,,,,,,,,,,,,,-215.71531677246094,-21.571531295776367,-21.571531295776367,-21.571531295776367,-21.572189331054688,-21.571531295776367,-180.36141967773438,,,,,,,,,,,,,,,,,,,,,,,,,,,,,,,,,,,,,,,,
1.7758752983796557e+18,,,,,,,,,,,,,,,,,-338.1195983886719,-307.0717468261719,-302.0120849609375,-327.77032470703125,-281.0835266113281,-304.3119201660156,-297.1824035644531,-288.6730041503906,108.25556945800781,43.30222702026367,43.30222702026367,-302.1978454589844,,,,,,,,,,,,,,,,,,,,,,,,,,,,,,,,,,,,,,,,,,,,,,,
1.775875298379849e+18,-375.24993896484375,-1250.83056640625,-374.90936279296875,-74.95841979980469,-499.9679260253906,-375.3116149902344,-383.52716064453125,-375.16278076171875,,,,,,,,,,,,,,,,,,,,,,,,,,,,,,,,,,,,,,,,,,,,,,,,,,,,,,,,,,,,,,,,,,,
1.7758752983798495e+18,,,,,,,,,-375.37115478515625,-1250.095458984375,-374.7818908691406,-74.95658874511719,-74.9992904663086,-75.01689910888672,-500.48333740234375,-375.14874267578125,,,,,,,,,,,,,,,,,,,,,,,,,,,,,,,,,,,,,,,,,,,,,,,,,,,,,,,,,,,
1.7758752983806047e+18,,,,,,,,,,,,,,,,,,,,,,,,,,,,,-215.71531677246094,-21.570873260498047,-21.571531295776367,-21.571531295776367,-21.571531295776367,-21.571531295776367,-180.36141967773438,,,,,,,,,,,,,,,,,,,,,,,,,,,,,,,,,,,,,,,,
1.7758752983806556e+18,,,,,,,,,,,,,,,,,-320.18084716796875,-319.95086669921875,-280.16357421875,-319.0309143066406,-306.15179443359375,-275.33392333984375,-301.3221435546875,-328.69024658203125,108.25556945800781,43.30222702026367,43.30222702026367,-299.51812744140625,,,,,,,,,,,,,,,,,,,,,,,,,,,,,,,,,,,,,,,,,,,,,,,
1.7758752983808492e+18,-375.24993896484375,-1251.4459228515625,-375.1863708496094,-74.99533081054688,-499.8448791503906,-374.72698974609375,-366.87432861328125,-374.6400146484375,,,,,,,,,,,,,,,,,,,,,,,,,,,,,,,,,,,,,,,,,,,,,,,,,,,,,,,,,,,,,,,,,,,
1.7758752983808497e+18,,,,,,,,,-375.06390380859375,-1251.017822265625,-375.3353271484375,-75.00577545166016,-74.96238708496094,-74.9676742553711,-499.6630554199219,-374.7489318847656,,,,,,,,,,,,,,,,,,,,,,,,,,,,,,,,,,,,,,,,,,,,,,,,,,,,,,,,,,,
1.7758752983816046e+18,,,,,,,,,,,,,,,,,,,,,,,,,,,,,-215.71531677246094,-21.571531295776367,-21.571531295776367,-21.572189331054688,-21.571531295776367,-21.571531295776367,-180.45994567871094,,,,,,,,,,,,,,,,,,,,,,,,,,,,,,,,,,,,,,,,
1.7758752983816556e+18,,,,,,,,,,,,,,,,,-305.92181396484375,-336.9696960449219,-298.33233642578125,-309.6015625,-319.2608947753906,-289.3629455566406,-287.0631103515625,-316.9610595703125,108.25556945800781,43.30222702026367,43.30222702026367,-300.041748046875,,,,,,,,,,,,,,,,,,,,,,,,,,,,,,,,,,,,,,,,,,,,,,,
1.775875298381849e+18,-375.0653076171875,-1250.5228271484375,-375.46337890625,-75.06299591064453,-499.9679260253906,-374.7885437011719,-360.5640869140625,-374.947509765625,,,,,,,,,,,,,,,,,,,,,,,,,,,,,,,,,,,,,,,,,,,,,,,,,,,,,,,,,,,,,,,,,,,
1.7758752983818499e+18,,,,,,,,,-374.9102783203125,-1250.50537109375,-375.1508483886719,-75.01192474365234,-74.96238708496094,-74.96151733398438,-499.7450866699219,-374.7489318847656,,,,,,,,,,,,,,,,,,,,,,,,,,,,,,,,,,,,,,,,,,,,,,,,,,,,,,,,,,,
1.7758752983826045e+18,,,,,,,,,,,,,,,,,,,,,,,,,,,,,-215.7218780517578,-21.571531295776367,-21.572189331054688,-21.571531295776367,-21.571531295776367,-21.571531295776367,-180.45994567871094,,,,,,,,,,,,,,,,,,,,,,,,,,,,,,,,,,,,,,,,
1.7758752983826555e+18,,,,,,,,,,,,,,,,,-306.8417663574219,-282.92340087890625,-283.84332275390625,-318.3409729003906,-310.9814758300781,-293.5026550292969,-285.6831970214844,-316.7310791015625,108.25556945800781,43.30222702026367,43.30222702026367,-301.96685791015625,,,,,,,,,,,,,,,,,,,,,,,,,,,,,,,,,,,,,,,,,,,,,,,
1.775875298382849e+18,-374.7268371582031,-1249.1893310546875,-374.8478088378906,-74.92766571044922,-499.72186279296875,-374.5116271972656,-366.53570556640625,-374.76300048828125,,,,,,,,,,,,,,,,,,,,,,,,,,,,,,,,,,,,,,,,,,,,,,,,,,,,,,,,,,,,,,,,,,,
1.7758752983828498e+18,,,,,,,,,-375.0946350097656,-1250.50537109375,-374.9971008300781,-75.0303726196289,-75.0423355102539,-75.00459289550781,-500.3193054199219,-375.3025207519531,,,,,,,,,,,,,,,,,,,,,,,,,,,,,,,,,,,,,,,,,,,,,,,,,,,,,,,,,,,
1.7758752983836047e+18,,,,,,,,,,,,,,,,,,,,,,,,,,,,,-215.71531677246094,-21.572189331054688,-21.571531295776367,-21.570873260498047,-21.571531295776367,-21.571531295776367,-180.4435272216797,,,,,,,,,,,,,,,,,,,,,,,,,,,,,,,,,,,,,,,,
1.7758752983836554e+18,,,,,,,,,,,,,,,,,-305.00189208984375,-289.1329650878906,-310.7514953613281,-297.41241455078125,-269.5843200683594,-305.23187255859375,-288.9029846191406,-270.7342224121094,108.25556945800781,43.30222702026367,43.30222702026367,-300.8117980957031,,,,,,,,,,,,,,,,,,,,,,,,,,,,,,,,,,,,,,,,,,,,,,,
1.7758752983838467e+18,,,,,,,,,,,,,,,,,,,,,,,,,,,,,,,,,,,,,,,,,,,,,,,,,,,,,0.0,0.0,0.0,0.0,0.0,0.0,0.0,0.0,0.0,0.0,0.0,0.0,0.0,0.0,0.0,0.0,0.0,0.0,0.0,0.0,0.0,0.0,0.0
1.775875298383849e+18,-375.0653076171875,-1250.6253662109375,-375.12481689453125,-75.08145141601562,-500.4190673828125,-375.2193298339844,-383.52716064453125,-375.3780212402344,,,,,,,,,,,,,,,,,,,,,,,,,,,,,,,,,,,,,,,,,,,,,,,,,,,,,,,,,,,,,,,,,,,
1.77587529838385e+18,,,,,,,,,-374.94097900390625,-1249.0706787109375,-374.8741149902344,-74.99347686767578,-74.96238708496094,-74.97998046875,-499.9091491699219,-374.62591552734375,,,,,,,,,,,,,,,,,,,,,,,,,,,,,,,,,,,,,,,,,,,,,,,,,,,,,,,,,,,
1.7758752983846047e+18,,,,,,,,,,,,,,,,,,,,,,,,,,,,,-215.71531677246094,-21.571531295776367,-21.571531295776367,-21.571531295776367,-21.571531295776367,-21.572189331054688,-180.5092010498047,,,,,,,,,,,,,,,,,,,,,,,,,,,,,,,,,,,,,,,,
1.7758752983846556e+18,,,,,,,,,,,,,,,,,-276.25384521484375,-294.652587890625,-293.2726745605469,-269.8143005371094,-291.8927917480469,-308.2216491699219,-276.02386474609375,-308.4516296386719,108.25556945800781,43.30222702026367,43.30222702026367,-299.42572021484375,,,,,,,,,,,,,,,,,,,,,,,,,,,,,,,,,,,,,,,,,,,,,,,
1.775875298384849e+18,-374.6960754394531,-1249.7021484375,-375.12481689453125,-75.07530212402344,-500.5831298828125,-375.09625244140625,-379.55633544921875,-374.76300048828125,,,,,,,,,,,,,,,,,,,,,,,,,,,,,,,,,,,,,,,,,,,,,,,,,,,,,,,,,,,,,,,,,,,
1.7758752983848502e+18,,,,,,,,,-374.8180847167969,-1249.3780517578125,-375.08935546875,-75.00577545166016,-75.06078338623047,-75.04766082763672,-500.1142272949219,-374.7489318847656,,,,,,,,,,,,,,,,,,,,,,,,,,,,,,,,,,,,,,,,,,,,,,,,,,,,,,,,,,,
1.7758752983856046e+18,,,,,,,,,,,,,,,,,,,,,,,,,,,,,-215.71531677246094,-21.571531295776367,-21.571531295776367,-21.571531295776367,-21.571531295776367,-21.571531295776367,-180.5584716796875,,,,,,,,,,,,,,,,,,,,,,,,,,,,,,,,,,,,,,,,
1.7758752983856556e+18,,,,,,,,,,,,,,,,,-280.8535461425781,-303.6219787597656,-293.2726745605469,-272.5740966796875,-258.3150634765625,-296.0325012207031,-294.192626953125,-275.56390380859375,108.25556945800781,43.30222702026367,43.30222702026367,-298.3168640136719,,,,,,,,,,,,,,,,,,,,,,,,,,,,,,,,,,,,,,,,,,,,,,,
1.775875298385849e+18,-374.9729919433594,-1249.9073486328125,-375.001708984375,-74.9399642944336,-499.68084716796875,-374.72698974609375,-367.1205749511719,-374.8860168457031,,,,,,,,,,,,,,,,,,,,,,,,,,,,,,,,,,,,,,,,,,,,,,,,,,,,,,,,,,,,,,,,,,,
1.7758752983858504e+18,,,,,,,,,-374.572265625,-1249.275634765625,-374.8433837890625,-74.9873275756836,-75.03003692626953,-75.0107421875,-500.44232177734375,-375.364013671875,,,,,,,,,,,,,,,,,,,,,,,,,,,,,,,,,,,,,,,,,,,,,,,,,,,,,,,,,,,
1.775875298386204e+18,,,,,,,,,,,,,,,,,,,,,,,,,,,,,,,,,,,,,,,,,,,,,,,,,,0.0,0.0,0.0,,,,,,,,,,,,,,,,,,,,,,,
1.7758752983866045e+18,,,,,,,,,,,,,,,,,,,,,,,,,,,,,-215.71531677246094,-21.570873260498047,-21.570873260498047,-21.570873260498047,-21.570873260498047,-21.571531295776367,-180.54205322265625,,,,,,,,,,,,,,,,,,,,,,,,,,,,,,,,,,,,,,,,
1.7758752983866557e+18,,,,,,,,,,,,,,,,,-298.79229736328125,-293.0426940917969,-267.97442626953125,-264.984619140625,-287.5230712890625,-302.2420654296875,-268.66436767578125,-268.89434814453125,108.25556945800781,43.30222702026367,43.30222702026367,-298.9328918457031,,,,,,,,,,,,,,,,,,,,,,,,,,,,,,,,,,,,,,,,,,,,,,,
1.775875298386849e+18,-374.9729919433594,-1249.1893310546875,-375.001708984375,-74.99533081054688,-499.68084716796875,-374.97314453125,-374.26190185546875,-374.6707458496094,,,,,,,,,,,,,,,,,,,,,,,,,,,,,,,,,,,,,,,,,,,,,,,,,,,,,,,,,,,,,,,,,,,
1.7758752983868506e+18,,,,,,,,,-375.37115478515625,-1250.50537109375,-375.3660888671875,-75.04267120361328,-75.03003692626953,-75.06611633300781,-500.44232177734375,-375.17950439453125,,,,,,,,,,,,,,,,,,,,,,,,,,,,,,,,,,,,,,,,,,,,,,,,,,,,,,,,,,,
1.7758752983876045e+18,,,,,,,,,,,,,,,,,,,,,,,,,,,,,-215.71531677246094,-21.570873260498047,-21.571531295776367,-21.571531295776367,-21.571531295776367,-21.572189331054688,-180.5092010498047,,,,,,,,,,,,,,,,,,,,,,,,,,,,,,,,,,,,,,,,
1.775875298387656e+18,,,,,,,,,,,,,,,,,-302.4720458984375,-288.2130432128906,-261.30487060546875,-275.56390380859375,-290.74285888671875,-291.66278076171875,-263.8346862792969,-281.0835266113281,108.25556945800781,43.30222702026367,43.30222702026367,-299.7491455078125,,,,,,,,,,,,,,,,,,,,,,,,,,,,,,,,,,,,,,,,,,,,,,,
1.775875298387849e+18,-374.81915283203125,-1248.5738525390625,-374.66314697265625,-74.9645767211914,-499.47576904296875,-374.6039123535156,-370.10638427734375,-374.5784912109375,,,,,,,,,,,,,,,,,,,,,,,,,,,,,,,,,,,,,,,,,,,,,,,,,,,,,,,,,,,,,,,,,,,
1.7758752983878505e+18,,,,,,,,,-375.3097229003906,-1249.992919921875,-375.24310302734375,-75.0365219116211,-75.01158905029297,-75.04151153564453,-500.3603210449219,-375.14874267578125,,,,,,,,,,,,,,,,,,,,,,,,,,,,,,,,,,,,,,,,,,,,,,,,,,,,,,,,,,,
1.7758752983886047e+18,,,,,,,,,,,,,,,,,,,,,,,,,,,,,-215.71531677246094,-21.570873260498047,-21.571531295776367,-21.571531295776367,-21.571531295776367,-21.572189331054688,-180.5092010498047,,,,,,,,,,,,,,,,,,,,,,,,,,,,,,,,,,,,,,,,
1.7758752983886559e+18,,,,,,,,,,,,,,,,,-287.7530517578125,-279.70361328125,-285.9131774902344,-287.0631103515625,-273.0340576171875,-299.2522888183594,-269.12432861328125,-306.8417663574219,108.25556945800781,43.30222702026367,43.30222702026367,-300.6731872558594,,,,,,,,,,,,,,,,,,,,,,,,,,,,,,,,,,,,,,,,,,,,,,,
1.775875298388849e+18,-375.1883850097656,-1251.4459228515625,-374.90936279296875,-74.9707260131836,-499.80389404296875,-374.8193054199219,-377.5863037109375,-375.2242736816406,,,,,,,,,,,,,,,,,,,,,,,,,,,,,,,,,,,,,,,,,,,,,,,,,,,,,,,,,,,,,,,,,,,
1.7758752983888507e+18,,,,,,,,,-375.4018859863281,-1250.3004150390625,-374.72039794921875,-74.94429016113281,-74.96238708496094,-75.00459289550781,-500.44232177734375,-375.364013671875,,,,,,,,,,,,,,,,,,,,,,,,,,,,,,,,,,,,,,,,,,,,,,,,,,,,,,,,,,,
1.7758752983896046e+18,,,,,,,,,,,,,,,,,,,,,,,,,,,,,-215.71531677246094,-21.570873260498047,-21.571531295776367,-21.571531295776367,-21.571531295776367,-21.572189331054688,-180.4435272216797,,,,,,,,,,,,,,,,,,,,,,,,,,,,,,,,,,,,,,,,
1.775875298389656e+18,,,,,,,,,,,,,,,,,-286.1431579589844,-286.3731689453125,-258.5450744628906,-304.3119201660156,-266.5945129394531,-280.3935546875,-298.79229736328125,-273.2640686035156,108.25556945800781,43.30222702026367,43.30222702026367,-300.3035583496094,,,,,,,,,,,,,,,,,,,,,,,,,,,,,,,,,,,,,,,,,,,,,,,
1.7758752983898488e+18,-374.78839111328125,-1249.3944091796875,-374.7862548828125,-75.00763702392578,-500.1319885253906,-375.61932373046875,-383.52716064453125,-375.16278076171875,,,,,,,,,,,,,,,,,,,,,,,,,,,,,,,,,,,,,,,,,,,,,,,,,,,,,,,,,,,,,,,,,,,
1.775875298389851e+18,,,,,,,,,-374.6029968261719,-1249.173095703125,-374.8741149902344,-74.97503662109375,-75.01158905029297,-75.01689910888672,-500.48333740234375,-375.364013671875,,,,,,,,,,,,,,,,,,,,,,,,,,,,,,,,,,,,,,,,,,,,,,,,,,,,,,,,,,,
1.7758752983898685e+18,,,,,,,,,,,,,,,,,,,,,,,,,,,,,,,,,,,,2297.56982421875,22.053064346313477,2297.56982421875,2297.56982421875,2297.56982421875,2297.56982421875,2297.56982421875,24.693103790283203,2297.56982421875,2297.56982421875,2297.56982421875,2297.56982421875,2297.56982421875,2297.56982421875,,,,,,,,,,,,,,,,,,,,,,,,,,
1.7758752983906045e+18,,,,,,,,,,,,,,,,,,,,,,,,,,,,,-215.708740234375,-21.571531295776367,-21.571531295776367,-21.571531295776367,-21.571531295776367,-21.571531295776367,-180.42710876464844,,,,,,,,,,,,,,,,,,,,,,,,,,,,,,,,,,,,,,,,
1.775875298390656e+18,,,,,,,,,,,,,,,,,-297.87237548828125,-278.3236999511719,-286.6031494140625,-313.74127197265625,-276.48382568359375,-301.5521240234375,-280.16357421875,-277.8637390136719,108.25556945800781,43.30222702026367,43.30222702026367,-299.7337341308594,,,,,,,,,,,,,,,,,,,,,,,,,,,,,,,,,,,,,,,,,,,,,,,
1.7758752983908488e+18,-375.0037841796875,-1250.6253662109375,-375.1863708496094,-75.08145141601562,-500.2140197753906,-374.8193054199219,-368.7519836425781,-374.76300048828125,,,,,,,,,,,,,,,,,,,,,,,,,,,,,,,,,,,,,,,,,,,,,,,,,,,,,,,,,,,,,,,,,,,
1.775875298390851e+18,,,,,,,,,-375.0331726074219,-1250.6077880859375,-375.3353271484375,-75.01807403564453,-74.96853637695312,-74.93690490722656,-499.7040710449219,-375.08721923828125,,,,,,,,,,,,,,,,,,,,,,,,,,,,,,,,,,,,,,,,,,,,,,,,,,,,,,,,,,,
1.7758752983916045e+18,,,,,,,,,,,,,,,,,,,,,,,,,,,,,-215.71531677246094,-21.570873260498047,-21.571531295776367,-21.570873260498047,-21.570873260498047,-21.571531295776367,-180.39425659179688,,,,,,,,,,,,,,,,,,,,,,,,,,,,,,,,,,,,,,,,
1.7758752983916562e+18,,,,,,,,,,,,,,,,,-315.8111267089844,-291.20281982421875,-298.79229736328125,-302.4720458984375,-281.7734680175781,-298.56231689453125,-263.1447448730469,-301.0921630859375,108.25556945800781,43.30222702026367,43.30222702026367,-299.271728515625,,,,,,,,,,,,,,,,,,,,,,,,,,,,,,,,,,,,,,,,,,,,,,,
1.775875298391849e+18,-374.8807067871094,-1250.5228271484375,-375.4325866699219,-75.06299591064453,-500.0499572753906,-374.63470458984375,-360.47174072265625,-374.8860168457031,,,,,,,,,,,,,,,,,,,,,,,,,,,,,,,,,,,,,,,,,,,,,,,,,,,,,,,,,,,,,,,,,,,
1.7758752983918513e+18,,,,,,,,,-374.8795471191406,-1250.6077880859375,-375.1508483886719,-75.0365219116211,-74.9931411743164,-74.97382354736328,-499.6630554199219,-374.7489318847656,,,,,,,,,,,,,,,,,,,,,,,,,,,,,,,,,,,,,,,,,,,,,,,,,,,,,,,,,,,
1.7758752983926044e+18,,,,,,,,,,,,,,,,,,,,,,,,,,,,,-215.71531677246094,-21.571531295776367,-21.571531295776367,-21.571531295776367,-21.571531295776367,-21.571531295776367,-180.37783813476562,,,,,,,,,,,,,,,,,,,,,,,,,,,,,,,,,,,,,,,,
1.7758752983926561e+18,,,,,,,,,,,,,,,,,-274.8739318847656,-287.5230712890625,-308.681640625,-292.8127136230469,-290.51287841796875,-320.18084716796875,-283.38336181640625,-289.5929260253906,108.25556945800781,43.30222702026367,43.30222702026367,-300.4267883300781,,,,,,,,,,,,,,,,,,,,,,,,,,,,,,,,,,,,,,,,,,,,,,,
1.775875298392849e+18,-375.1268615722656,-1251.2408447265625,-375.1863708496094,-75.02608489990234,-499.76287841796875,-374.69622802734375,-368.1363525390625,-374.82452392578125,,,,,,,,,,,,,,,,,,,,,,,,,,,,,,,,,,,,,,,,,,,,,,,,,,,,,,,,,,,,,,,,,,,
1.7758752983928512e+18,,,,,,,,,-375.1253662109375,-1250.812744140625,-375.3045959472656,-74.99962615966797,-74.94393920898438,-74.93075561523438,-499.6630554199219,-374.9027099609375,,,,,,,,,,,,,,,,,,,,,,,,,,,,,,,,,,,,,,,,,,,,,,,,,,,,,,,,,,,
1.7758752983931628e+18,,,,,,,,,,,,,,,,,,,,,,,,,,,,,,,,,,,,,,,,,,,,,,,,,,0.0,0.0,0.0,,,,,,,,,,,,,,,,,,,,,,,
1.775875298393186e+18,,,,,,,,,,,,,,,,,,,,,,,,,,,,,,,,,,,,,,,,,,,,,,,,,,,,,0.0,0.0,0.0,0.0,0.0,0.0,0.0,0.0,0.0,0.0,0.0,0.0,0.0,0.0,0.0,0.0,0.0,0.0,0.0,0.0,0.0,0.0,0.0
1.7758752983936046e+18,,,,,,,,,,,,,,,,,,,,,,,,,,,,,-215.71531677246094,-21.571531295776367,-21.570873260498047,-21.571531295776367,-21.571531295776367,-21.571531295776367,-180.37783813476562,,,,,,,,,,,,,,,,,,,,,,,,,,,,,,,,,,,,,,,,
1.7758752983936563e+18,,,,,,,,,,,,,,,,,-288.6730041503906,-312.1313781738281,-304.3119201660156,-289.8229064941406,-311.9013977050781,-293.732666015625,-274.4139709472656,-311.4414367675781,108.25556945800781,43.30222702026367,43.30222702026367,-300.07257080078125,,,,,,,,,,,,,,,,,,,,,,,,,,,,,,,,,,,,,,,,,,,,,,,
1.7758752983938488e+18,-375.21917724609375,-1250.0098876953125,-374.66314697265625,-74.9399642944336,-499.68084716796875,-374.8500671386719,-363.3652038574219,-374.947509765625,,,,,,,,,,,,,,,,,,,,,,,,,,,,,,,,,,,,,,,,,,,,,,,,,,,,,,,,,,,,,,,,,,,
1.7758752983938514e+18,,,,,,,,,-375.37115478515625,-1250.40283203125,-374.96636962890625,-74.95658874511719,-74.93778991699219,-74.96151733398438,-499.7861022949219,-374.53363037109375,,,,,,,,,,,,,,,,,,,,,,,,,,,,,,,,,,,,,,,,,,,,,,,,,,,,,,,,,,,
1.7758752983946045e+18,,,,,,,,,,,,,,,,,,,,,,,,,,,,,-215.71531677246094,-21.571531295776367,-21.571531295776367,-21.570873260498047,-21.571531295776367,-21.572189331054688,-180.32858276367188,,,,,,,,,,,,,,,,,,,,,,,,,,,,,,,,,,,,,,,,
1.7758752983946565e+18,,,,,,,,,,,,,,,,,-311.4414367675781,-328.46026611328125,-312.82135009765625,-296.9524230957031,-282.69342041015625,-313.97125244140625,-323.400634765625,-301.5521240234375,108.25556945800781,43.30222702026367,43.30222702026367,-301.920654296875,,,,,,,,,,,,,,,,,,,,,,,,,,,,,,,,,,,,,,,,,,,,,,,
1.7758752983948488e+18,-375.31146240234375,-1251.2408447265625,-375.1863708496094,-75.09990692138672,-500.5831298828125,-375.2808532714844,-383.52716064453125,-375.4395446777344,,,,,,,,,,,,,,,,,,,,,,,,,,,,,,,,,,,,,,,,,,,,,,,,,,,,,,,,,,,,,,,,,,,
1.7758752983948516e+18,,,,,,,,,-375.0331726074219,-1249.5830078125,-374.9971008300781,-75.01807403564453,-75.01158905029297,-75.0107421875,-500.1552429199219,-375.333251953125,,,,,,,,,,,,,,,,,,,,,,,,,,,,,,,,,,,,,,,,,,,,,,,,,,,,,,,,,,,
1.7758752983956045e+18,,,,,,,,,,,,,,,,,,,,,,,,,,,,,-215.71531677246094,-21.570873260498047,-21.571531295776367,-21.571531295776367,-21.571531295776367,-21.572189331054688,-180.27931213378906,,,,,,,,,,,,,,,,,,,,,,,,,,,,,,,,,,,,,,,,
1.7758752983956564e+18,,,,,,,,,,,,,,,,,-314.8912048339844,-286.8331298828125,-292.1227722167969,-331.2200927734375,-292.3527526855469,-302.4720458984375,-323.860595703125,-302.4720458984375,108.25556945800781,43.30222702026367,43.30222702026367,-299.7799377441406,,,,,,,,,,,,,,,,,,,,,,,,,,,,,,,,,,,,,,,,,,,,,,,
1.7758752983958487e+18,-374.9729919433594,-1249.599609375,-374.6323547363281,-74.98918151855469,-500.1730041503906,-375.65008544921875,-383.52716064453125,-375.009033203125,,,,,,,,,,,,,,,,,,,,,,,,,,,,,,,,,,,,,,,,,,,,,,,,,,,,,,,,,,,,,,,,,,,
1.7758752983958518e+18,,,,,,,,,-374.787353515625,-1249.275634765625,-374.8433837890625,-75.01192474365234,-75.0484848022461,-75.0230484008789,-499.9091491699219,-374.7181701660156,,,,,,,,,,,,,,,,,,,,,,,,,,,,,,,,,,,,,,,,,,,,,,,,,,,,,,,,,,,
1.7758752983966044e+18,,,,,,,,,,,,,,,,,,,,,,,,,,,,,-215.71531677246094,-21.571531295776367,-21.571531295776367,-21.571531295776367,-21.571531295776367,-21.571531295776367,-180.39425659179688,,,,,,,,,,,,,,,,,,,,,,,,,,,,,,,,,,,,,,,,
1.7758752983966566e+18,,,,,,,,,,,,,,,,,-318.5709533691406,-304.77191162109375,-288.4430236816406,-330.7601013183594,-292.5827331542969,-312.36138916015625,-298.79229736328125,-304.3119201660156,108.25556945800781,43.30222702026367,43.30222702026367,-301.1506042480469,,,,,,,,,,,,,,,,,,,,,,,,,,,,,,,,,,,,,,,,,,,,,,,
1.7758752983968486e+18,-374.9422302246094,-1249.1893310546875,-375.001708984375,-75.03839111328125,-500.5831298828125,-375.09625244140625,-367.7977600097656,-374.5477600097656,,,,,,,,,,,,,,,,,,,,,,,,,,,,,,,,,,,,,,,,,,,,,,,,,,,,,,,,,,,,,,,,,,,
1.775875298396852e+18,,,,,,,,,-374.7566223144531,-1248.76318359375,-374.9048767089844,-75.00577545166016,-75.03003692626953,-74.97382354736328,-499.6630554199219,-374.8719482421875,,,,,,,,,,,,,,,,,,,,,,,,,,,,,,,,,,,,,,,,,,,,,,,,,,,,,,,,,,,
1.7758752983976044e+18,,,,,,,,,,,,,,,,,,,,,,,,,,,,,-215.71531677246094,-21.571531295776367,-21.571531295776367,-21.571531295776367,-21.571531295776367,-21.571531295776367,-180.41067504882812,,,,,,,,,,,,,,,,,,,,,,,,,,,,,,,,,,,,,,,,
1.7758752983976566e+18,,,,,,,,,,,,,,,,,-318.3409729003906,-297.1824035644531,-303.6219787597656,-324.780517578125,-300.4021911621094,-328.23028564453125,-293.0426940917969,-311.2114562988281,108.25556945800781,43.30222702026367,43.30222702026367,-299.9493408203125,,,,,,,,,,,,,,,,,,,,,,,,,,,,,,,,,,,,,,,,,,,,,,,
1.7758752983978488e+18,-375.24993896484375,-1250.0098876953125,-374.7247009277344,-74.9707260131836,-499.9269104003906,-375.3116149902344,-381.28009033203125,-375.13201904296875,,,,,,,,,,,,,,,,,,,,,,,,,,,,,,,,,,,,,,,,,,,,,,,,,,,,,,,,,,,,,,,,,,,
1.7758752983978522e+18,,,,,,,,,-375.1253662109375,-1249.173095703125,-374.566650390625,-74.96888732910156,-75.01773834228516,-75.05381774902344,-500.3193054199219,-374.8719482421875,,,,,,,,,,,,,,,,,,,,,,,,,,,,,,,,,,,,,,,,,,,,,,,,,,,,,,,,,,,
1.7758752983986045e+18,,,,,,,,,,,,,,,,,,,,,,,,,,,,,-215.71531677246094,-21.571531295776367,-21.571531295776367,-21.571531295776367,-21.571531295776367,-21.571531295776367,-180.4435272216797,,,,,,,,,,,,,,,,,,,,,,,,,,,,,,,,,,,,,,,,
1.7758752983986568e+18,,,,,,,,,,,,,,,,,-285.6831970214844,-317.1910400390625,-279.013671875,-324.320556640625,-282.69342041015625,-305.00189208984375,-302.9320373535156,-291.66278076171875,108.25556945800781,43.30222702026367,43.30222702026367,-300.9504089355469,,,,,,,,,,,,,,,,,,,,,,,,,,,,,,,,,,,,,,,,,,,,,,,
1.7758752983988488e+18,-375.31146240234375,-1250.83056640625,-375.0632629394531,-75.00148010253906,-499.8858947753906,-374.7577819824219,-360.748779296875,-374.82452392578125,,,,,,,,,,,,,,,,,,,,,,,,,,,,,,,,,,,,,,,,,,,,,,,,,,,,,,,,,,,,,,,,,,,
1.775875298398852e+18,,,,,,,,,-375.3404541015625,-1251.017822265625,-375.1508483886719,-75.00577545166016,-75.00543975830078,-74.98612976074219,-499.5810546875,-374.5028991699219,,,,,,,,,,,,,,,,,,,,,,,,,,,,,,,,,,,,,,,,,,,,,,,,,,,,,,,,,,,
1.7758752983996045e+18,,,,,,,,,,,,,,,,,,,,,,,,,,,,,-215.708740234375,-21.571531295776367,-21.570873260498047,-21.572189331054688,-21.571531295776367,-21.571531295776367,-180.42710876464844,,,,,,,,,,,,,,,,,,,,,,,,,,,,,,,,,,,,,,,,
1.775875298399657e+18,,,,,,,,,,,,,,,,,-303.3919982910156,-330.0701599121094,-290.51287841796875,-314.8912048339844,-305.69183349609375,-272.3441162109375,-298.56231689453125,-292.1227722167969,108.25556945800781,43.30222702026367,43.30222702026367,-299.79534912109375,,,,,,,,,,,,,,,,,,,,,,,,,,,,,,,,,,,,,,,,,,,,,,,
1.7758752983998487e+18,-375.0960998535156,-1249.3944091796875,-374.90936279296875,-74.9707260131836,-500.0909729003906,-375.2193298339844,-383.52716064453125,-375.0705261230469,,,,,,,,,,,,,,,,,,,,,,,,,,,,,,,,,,,,,,,,,,,,,,,,,,,,,,,,,,,,,,,,,,,
1.7758752983998523e+18,,,,,,,,,-374.8180847167969,-1248.9681396484375,-374.68963623046875,-74.99347686767578,-75.03003692626953,-75.04766082763672,-500.1142272949219,-374.6874084472656,,,,,,,,,,,,,,,,,,,,,,,,,,,,,,,,,,,,,,,,,,,,,,,,,,,,,,,,,,,
1.7758752984002662e+18,,,,,,,,,,,,,,,,,,,,,,,,,,,,,,,,,,,,,,,,,,,,,,,,,,0.0,0.0,0.0,,,,,,,,,,,,,,,,,,,,,,,
1.7758752984006044e+18,,,,,,,,,,,,,,,,,,,,,,,,,,,,,-215.71531677246094,-21.571531295776367,-21.571531295776367,-21.571531295776367,-21.571531295776367,-21.571531295776367,-180.5092010498047,,,,,,,,,,,,,,,,,,,,,,,,,,,,,,,,,,,,,,,,
1.775875298400657e+18,,,,,,,,,,,,,,,,,-306.38177490234375,-286.3731689453125,-298.10235595703125,-316.2711181640625,-287.2930908203125,-318.3409729003906,-281.5434875488281,-303.8519592285156,108.25556945800781,43.30222702026367,43.30222702026367,-299.13311767578125,,,,,,,,,,,,,,,,,,,,,,,,,,,,,,,,,,,,,,,,,,,,,,,
1.7758752984008486e+18,-375.31146240234375,-1251.4459228515625,-375.0632629394531,-74.95841979980469,-499.47576904296875,-374.880859375,-377.8017883300781,-375.47027587890625,,,,,,,,,,,,,,,,,,,,,,,,,,,,,,,,,,,,,,,,,,,,,,,,,,,,,,,,,,,,,,,,,,,
1.7758752984008525e+18,,,,,,,,,-375.1253662109375,-1250.812744140625,-374.9971008300781,-74.96888732910156,-74.97468566894531,-74.94921112060547,-499.8681335449219,-375.11798095703125,,,,,,,,,,,,,,,,,,,,,,,,,,,,,,,,,,,,,,,,,,,,,,,,,,,,,,,,,,,
1.7758752984016044e+18,,,,,,,,,,,,,,,,,,,,,,,,,,,,,-215.71531677246094,-21.571531295776367,-21.571531295776367,-21.571531295776367,-21.571531295776367,-21.571531295776367,-180.525634765625,,,,,,,,,,,,,,,,,,,,,,,,,,,,,,,,,,,,,,,,
1.775875298401657e+18,,,,,,,,,,,,,,,,,-296.9524230957031,-278.5536804199219,-264.754638671875,-306.8417663574219,-311.9013977050781,-280.3935546875,-256.7052001953125,-282.46343994140625,108.25556945800781,43.30222702026367,43.30222702026367,-299.1023254394531,,,,,,,,,,,,,,,,,,,,,,,,,,,,,,,,,,,,,,,,,,,,,,,
1.7758752984018486e+18,-375.24993896484375,-1250.83056640625,-375.0940246582031,-75.00148010253906,-499.9679260253906,-374.4808349609375,-366.50494384765625,-374.82452392578125,,,,,,,,,,,,,,,,,,,,,,,,,,,,,,,,,,,,,,,,,,,,,,,,,,,,,,,,,,,,,,,,,,,
1.7758752984018527e+18,,,,,,,,,-374.5108337402344,-1249.275634765625,-374.6281433105469,-74.97503662109375,-74.98699188232422,-74.97382354736328,-500.1142272949219,-374.9949645996094,,,,,,,,,,,,,,,,,,,,,,,,,,,,,,,,,,,,,,,,,,,,,,,,,,,,,,,,,,,
1.7758752984018834e+18,,,,,,,,,,,,,,,,,,,,,,,,,,,,,,,,,,,,,,,,,,,,,,,,,,,,,0.0,0.0,0.0,0.0,0.0,0.0,0.0,0.0,0.0,0.0,0.0,0.0,0.0,0.0,0.0,0.0,0.0,0.0,0.0,0.0,0.0,0.0,0.0
1.775875298402369e+18,,,,,,,,,,,,,,,,,,,,,,,,,,,,,,,,,,,,2297.5791015625,22.120893478393555,2297.5791015625,2297.5791015625,2297.5791015625,2297.5791015625,2297.5791015625,24.66756248474121,2297.5791015625,2297.5791015625,2297.5791015625,2297.5791015625,2297.5791015625,2297.5791015625,,,,,,,,,,,,,,,,,,,,,,,,,,
1.7758752984026043e+18,,,,,,,,,,,,,,,,,,,,,,,,,,,,,-215.71531677246094,-21.570873260498047,-21.571531295776367,-21.571531295776367,-21.571531295776367,-21.571531295776367,-180.49278259277344,,,,,,,,,,,,,,,,,,,,,,,,,,,,,,,,,,,,,,,,
1.775875298402657e+18,,,,,,,,,,,,,,,,,-289.1329650878906,-287.0631103515625,-307.7616882324219,-293.0426940917969,-259.2350158691406,-287.2930908203125,-285.6831970214844,-265.444580078125,108.25556945800781,43.30222702026367,43.30222702026367,-297.6392517089844,,,,,,,,,,,,,,,,,,,,,,,,,,,,,,,,,,,,,,,,,,,,,,,
1.7758752984028485e+18,-374.9114685058594,-1249.599609375,-374.66314697265625,-74.9522705078125,-499.8448791503906,-374.6039123535156,-365.36602783203125,-374.76300048828125,,,,,,,,,,,,,,,,,,,,,,,,,,,,,,,,,,,,,,,,,,,,,,,,,,,,,,,,,,,,,,,,,,,
1.7758752984028529e+18,,,,,,,,,-375.3404541015625,-1250.7103271484375,-375.05859375,-75.0365219116211,-75.03003692626953,-74.98612976074219,-500.1142272949219,-375.11798095703125,,,,,,,,,,,,,,,,,,,,,,,,,,,,,,,,,,,,,,,,,,,,,,,,,,,,,,,,,,,
1.7758752984036045e+18,,,,,,,,,,,,,,,,,,,,,,,,,,,,,-215.71531677246094,-21.571531295776367,-21.571531295776367,-21.571531295776367,-21.570873260498047,-21.572189331054688,-180.54205322265625,,,,,,,,,,,,,,,,,,,,,,,,,,,,,,,,,,,,,,,,
1.7758752984036572e+18,,,,,,,,,,,,,,,,,-276.02386474609375,-305.23187255859375,-285.4532165527344,-280.6235656738281,-294.192626953125,-287.9830322265625,-251.64553833007812,-274.4139709472656,108.25556945800781,43.30222702026367,43.30222702026367,-299.79534912109375,,,,,,,,,,,,,,,,,,,,,,,,,,,,,,,,,,,,,,,,,,,,,,,
1.7758752984038487e+18,-374.8807067871094,-1249.599609375,-374.66314697265625,-74.98302459716797,-499.9269104003906,-374.66546630859375,-377.401611328125,-374.947509765625,,,,,,,,,,,,,,,,,,,,,,,,,,,,,,,,,,,,,,,,,,,,,,,,,,,,,,,,,,,,,,,,,,,
1.7758752984038528e+18,,,,,,,,,-375.4326171875,-1250.812744140625,-375.1200866699219,-75.04882049560547,-75.05463409423828,-75.0230484008789,-500.4013366699219,-375.364013671875,,,,,,,,,,,,,,,,,,,,,,,,,,,,,,,,,,,,,,,,,,,,,,,,,,,,,,,,,,,
1.7758752984046044e+18,,,,,,,,,,,,,,,,,,,,,,,,,,,,,-215.71531677246094,-21.571531295776367,-21.571531295776367,-21.570873260498047,-21.571531295776367,-21.571531295776367,-180.49278259277344,,,,,,,,,,,,,,,,,,,,,,,,,,,,,,,,,,,,,,,,
1.7758752984046572e+18,,,,,,,,,,,,,,,,,-261.99481201171875,-299.2522888183594,-265.444580078125,-299.2522888183594,-259.0050354003906,-284.5332946777344,-261.07489013671875,-280.16357421875,108.25556945800781,43.30222702026367,43.30222702026367,-297.8548583984375,,,,,,,,,,,,,,,,,,,,,,,,,,,,,,,,,,,,,,,,,,,,,,,
1.7758752984048486e+18,-375.31146240234375,-1250.317626953125,-374.7862548828125,-74.92766571044922,-499.9269104003906,-375.12701416015625,-383.0962219238281,-375.5625305175781,,,,,,,,,,,,,,,,,,,,,,,,,,,,,,,,,,,,,,,,,,,,,,,,,,,,,,,,,,,,,,,,,,,
1.775875298404853e+18,,,,,,,,,-375.3404541015625,-1249.685546875,-374.72039794921875,-74.96888732910156,-74.96238708496094,-74.9984359741211,-500.1142272949219,-375.4562683105469,,,,,,,,,,,,,,,,,,,,,,,,,,,,,,,,,,,,,,,,,,,,,,,,,,,,,,,,,,,
1.7758752984056044e+18,,,,,,,,,,,,,,,,,,,,,,,,,,,,,-215.71531677246094,-21.571531295776367,-21.570873260498047,-21.571531295776367,-21.571531295776367,-21.572189331054688,-180.49278259277344,,,,,,,,,,,,,,,,,,,,,,,,,,,,,,,,,,,,,,,,
1.7758752984056573e+18,,,,,,,,,,,,,,,,,-284.5332946777344,-293.962646484375,-264.984619140625,-301.0921630859375,-285.9131774902344,-274.4139709472656,-300.6321716308594,-275.10394287109375,108.25556945800781,43.30222702026367,43.30222702026367,-298.9945068359375,,,,,,,,,,,,,,,,,,,,,,,,,,,,,,,,,,,,,,,,,,,,,,,
1.7758752984058486e+18,-375.0037841796875,-1248.984130859375,-374.6015930175781,-74.9522705078125,-499.8448791503906,-374.5731506347656,-367.7362060546875,-375.0705261230469,,,,,,,,,,,,,,,,,,,,,,,,,,,,,,,,,,,,,,,,,,,,,,,,,,,,,,,,,,,,,,,,,,,
1.7758752984058532e+18,,,,,,,,,-375.27899169921875,-1249.8905029296875,-374.72039794921875,-74.95658874511719,-74.96238708496094,-74.95536804199219,-499.4169921875,-374.6874084472656,,,,,,,,,,,,,,,,,,,,,,,,,,,,,,,,,,,,,,,,,,,,,,,,,,,,,,,,,,,
1.7758752984066043e+18,,,,,,,,,,,,,,,,,,,,,,,,,,,,,-215.71531677246094,-21.571531295776367,-21.571531295776367,-21.571531295776367,-21.571531295776367,-21.571531295776367,-180.45994567871094,,,,,,,,,,,,,,,,,,,,,,,,,,,,,,,,,,,,,,,,
1.7758752984066575e+18,,,,,,,,,,,,,,,,,-255.55526733398438,-298.33233642578125,-297.87237548828125,-281.0835266113281,-295.112548828125,-290.97283935546875,-252.3354949951172,-290.05291748046875,108.25556945800781,43.30222702026367,43.30222702026367,-300.8580017089844,,,,,,,,,,,,,,,,,,,,,,,,,,,,,,,,,,,,,,,,,,,,,,,
1.7758752984068485e+18,-374.84991455078125,-1248.6763916015625,-374.8478088378906,-75.02608489990234,-500.3780517578125,-375.4962463378906,-381.06463623046875,-375.50103759765625,,,,,,,,,,,,,,,,,,,,,,,,,,,,,,,,,,,,,,,,,,,,,,,,,,,,,,,,,,,,,,,,,,,
1.7758752984068534e+18,,,,,,,,,-374.8180847167969,-1249.3780517578125,-374.6281433105469,-74.98118591308594,-75.01158905029297,-75.02920532226562,-500.44232177734375,-375.17950439453125,,,,,,,,,,,,,,,,,,,,,,,,,,,,,,,,,,,,,,,,,,,,,,,,,,,,,,,,,,,
1.7758752984076042e+18,,,,,,,,,,,,,,,,,,,,,,,,,,,,,-215.71531677246094,-21.571531295776367,-21.571531295776367,-21.571531295776367,-21.571531295776367,-21.571531295776367,-180.42710876464844,,,,,,,,,,,,,,,,,,,,,,,,,,,,,,,,,,,,,,,,
1.7758752984076575e+18,,,,,,,,,,,,,,,,,-281.7734680175781,-281.5434875488281,-318.1109924316406,-288.9029846191406,-280.16357421875,-298.33233642578125,-258.5450744628906,-293.2726745605469,108.25556945800781,43.30222702026367,43.30222702026367,-301.21221923828125,,,,,,,,,,,,,,,,,,,,,,,,,,,,,,,,,,,,,,,,,,,,,,,
1.7758752984078484e+18,-375.3422546386719,-1251.2408447265625,-375.001708984375,-75.02608489990234,-500.1730041503906,-374.880859375,-373.1845397949219,-374.8860168457031,,,,,,,,,,,,,,,,,,,,,,,,,,,,,,,,,,,,,,,,,,,,,,,,,,,,,,,,,,,,,,,,,,,
1.7758752984078536e+18,,,,,,,,,-375.15606689453125,-1251.017822265625,-375.3045959472656,-75.01807403564453,-75.07308959960938,-75.04766082763672,-500.1142272949219,-375.364013671875,,,,,,,,,,,,,,,,,,,,,,,,,,,,,,,,,,,,,,,,,,,,,,,,,,,,,,,,,,,
1.7758752984086044e+18,,,,,,,,,,,,,,,,,,,,,,,,,,,,,-215.71531677246094,-21.571531295776367,-21.571531295776367,-21.571531295776367,-21.571531295776367,-21.570873260498047,-180.36141967773438,,,,,,,,,,,,,,,,,,,,,,,,,,,,,,,,,,,,,,,,
1.7758752984086577e+18,,,,,,,,,,,,,,,,,-283.84332275390625,-306.15179443359375,-284.9932556152344,-291.66278076171875,-300.4021911621094,-299.2522888183594,-264.064697265625,-283.15338134765625,108.25556945800781,43.30222702026367,43.30222702026367,-301.8590393066406,,,,,,,,,,,,,,,,,,,,,,,,,,,,,,,,,,,,,,,,,,,,,,,
1.7758752984088486e+18,-375.31146240234375,-1251.2408447265625,-375.1863708496094,-75.07530212402344,-500.4600830078125,-375.12701416015625,-372.5997009277344,-374.7015075683594,,,,,,,,,,,,,,,,,,,,,,,,,,,,,,,,,,,,,,,,,,,,,,,,,,,,,,,,,,,,,,,,,,,
1.7758752984088538e+18,,,,,,,,,-375.0946350097656,-1250.095458984375,-375.1508483886719,-75.01192474365234,-75.06078338623047,-75.04766082763672,-499.9911804199219,-374.6566467285156,,,,,,,,,,,,,,,,,,,,,,,,,,,,,,,,,,,,,,,,,,,,,,,,,,,,,,,,,,,
1.7758752984090598e+18,,,,,,,,,,,,,,,,,,,,,,,,,,,,,,,,,,,,,,,,,,,,,,,,,,0.0,0.0,0.0,,,,,,,,,,,,,,,,,,,,,,,
1.7758752984096044e+18,,,,,,,,,,,,,,,,,,,,,,,,,,,,,-215.71531677246094,-21.571531295776367,-21.571531295776367,-21.571531295776367,-21.570873260498047,-21.571531295776367,-180.34500122070312,,,,,,,,,,,,,,,,,,,,,,,,,,,,,,,,,,,,,,,,
1.7758752984096576e+18,,,,,,,,,,,,,,,,,-309.1416015625,-279.24365234375,-307.9916687011719,-291.43280029296875,-277.6337585449219,-309.1416015625,-273.9540100097656,-302.9320373535156,108.25556945800781,43.30222702026367,43.30222702026367,-300.75018310546875,,,,,,,,,,,,,,,,,,,,,,,,,,,,,,,,,,,,,,,,,,,,,,,
1.7758752984098486e+18,-374.9114685058594,-1248.7789306640625,-374.69390869140625,-74.9645767211914,-499.51678466796875,-374.7885437011719,-371.8917236328125,-374.7322692871094,,,,,,,,,,,,,,,,,,,,,,,,,,,,,,,,,,,,,,,,,,,,,,,,,,,,,,,,,,,,,,,,,,,
1.7758752984098537e+18,,,,,,,,,-375.3404541015625,-1250.1978759765625,-375.2738342285156,-75.04267120361328,-75.02388763427734,-75.04766082763672,-500.4013366699219,-375.11798095703125,,,,,,,,,,,,,,,,,,,,,,,,,,,,,,,,,,,,,,,,,,,,,,,,,,,,,,,,,,,
1.7758752984106043e+18,,,,,,,,,,,,,,,,,,,,,,,,,,,,,-215.71531677246094,-21.571531295776367,-21.571531295776367,-21.571531295776367,-21.571531295776367,-21.571531295776367,-180.2957305908203,,,,,,,,,,,,,,,,,,,,,,,,,,,,,,,,,,,,,,,,
1.7758752984106578e+18,,,,,,,,,,,,,,,,,-295.342529296875,-322.9406433105469,-306.38177490234375,-288.9029846191406,-289.5929260253906,-320.64080810546875,-296.7224426269531,-279.4736328125,108.25556945800781,43.30222702026367,43.30222702026367,-300.1033630371094,,,,,,,,,,,,,,,,,,,,,,,,,,,,,,,,,,,,,,,,,,,,,,,
1.7758752984108485e+18,-374.8807067871094,-1249.7021484375,-375.001708984375,-75.00148010253906,-500.2550354003906,-375.0654602050781,-374.1387634277344,-375.2857971191406,,,,,,,,,,,,,,,,,,,,,,,,,,,,,,,,,,,,,,,,,,,,,,,,,,,,,,,,,,,,,,,,,,,
1.775875298410854e+18,,,,,,,,,-374.5108337402344,-1249.173095703125,-374.8126220703125,-74.94429016113281,-74.95008850097656,-74.97382354736328,-499.4990234375,-374.7796936035156,,,,,,,,,,,,,,,,,,,,,,,,,,,,,,,,,,,,,,,,,,,,,,,,,,,,,,,,,,,
1.7758752984111327e+18,,,,,,,,,,,,,,,,,,,,,,,,,,,,,,,,,,,,,,,,,,,,,,,,,,,,,0.0,0.0,0.0,0.0,0.0,0.0,0.0,0.0,0.0,0.0,0.0,0.0,0.0,0.0,0.0,0.0,0.0,0.0,0.0,0.0,0.0,0.0,0.0
1.7758752984116042e+18,,,,,,,,,,,,,,,,,,,,,,,,,,,,,-215.71531677246094,-21.570873260498047,-21.571531295776367,-21.571531295776367,-21.571531295776367,-21.572189331054688,-180.34500122070312,,,,,,,,,,,,,,,,,,,,,,,,,,,,,,,,,,,,,,,,
1.7758752984116577e+18,,,,,,,,,,,,,,,,,-320.18084716796875,-316.5010986328125,-298.10235595703125,-330.7601013183594,-309.1416015625,-277.8637390136719,-283.84332275390625,-322.4806823730469,108.25556945800781,43.30222702026367,43.30222702026367,-301.5356140136719,,,,,,,,,,,,,,,,,,,,,,,,,,,,,,,,,,,,,,,,,,,,,,,
1.7758752984118484e+18,-374.9729919433594,-1248.7789306640625,-374.7862548828125,-74.98302459716797,-499.51678466796875,-374.66546630859375,-362.8419189453125,-374.7322692871094,,,,,,,,,,,,,,,,,,,,,,,,,,,,,,,,,,,,,,,,,,,,,,,,,,,,,,,,,,,,,,,,,,,
1.775875298411854e+18,,,,,,,,,-374.9102783203125,-1249.173095703125,-375.08935546875,-75.01192474365234,-75.03618621826172,-75.04766082763672,-500.0732116699219,-375.3025207519531,,,,,,,,,,,,,,,,,,,,,,,,,,,,,,,,,,,,,,,,,,,,,,,,,,,,,,,,,,,
1.7758752984126044e+18,,,,,,,,,,,,,,,,,,,,,,,,,,,,,-215.71531677246094,-21.571531295776367,-21.571531295776367,-21.571531295776367,-21.571531295776367,-21.572189331054688,-180.34500122070312,,,,,,,,,,,,,,,,,,,,,,,,,,,,,,,,,,,,,,,,
1.775875298412658e+18,,,,,,,,,,,,,,,,,-284.7632751464844,-311.2114562988281,-325.010498046875,-311.6714172363281,-291.20281982421875,-308.91162109375,-308.4516296386719,-295.8025207519531,108.25556945800781,43.30222702026367,43.30222702026367,-300.1187744140625,,,,,,,,,,,,,,,,,,,,,,,,,,,,,,,,,,,,,,,,,,,,,,,
1.7758752984128484e+18,-375.0037841796875,-1248.984130859375,-374.69390869140625,-74.9645767211914,-499.80389404296875,-374.4193115234375,-365.58148193359375,-374.8552551269531,,,,,,,,,,,,,,,,,,,,,,,,,,,,,,,,,,,,,,,,,,,,,,,,,,,,,,,,,,,,,,,,,,,
1.7758752984128543e+18,,,,,,,,,-375.3404541015625,-1250.095458984375,-374.9971008300781,-74.99962615966797,-74.98699188232422,-74.96151733398438,-499.6630554199219,-374.7489318847656,,,,,,,,,,,,,,,,,,,,,,,,,,,,,,,,,,,,,,,,,,,,,,,,,,,,,,,,,,,
1.7758752984136044e+18,,,,,,,,,,,,,,,,,,,,,,,,,,,,,-215.71531677246094,-21.571531295776367,-21.571531295776367,-21.570873260498047,-21.571531295776367,-21.571531295776367,-180.34500122070312,,,,,,,,,,,,,,,,,,,,,,,,,,,,,,,,,,,,,,,,
1.775875298413658e+18,,,,,,,,,,,,,,,,,-300.6321716308594,-328.46026611328125,-297.64239501953125,-314.8912048339844,-330.0701599121094,-295.5725402832031,-297.41241455078125,-323.1706237792969,108.25556945800781,43.30222702026367,43.30222702026367,-298.9637145996094,,,,,,,,,,,,,,,,,,,,,,,,,,,,,,,,,,,,,,,,,,,,,,,
1.7758752984138483e+18,-375.0037841796875,-1249.086669921875,-374.57080078125,-74.98302459716797,-500.1730041503906,-375.58856201171875,-383.52716064453125,-375.13201904296875,,,,,,,,,,,,,,,,,,,,,,,,,,,,,,,,,,,,,,,,,,,,,,,,,,,,,,,,,,,,,,,,,,,
1.7758752984138545e+18,,,,,,,,,-375.00244140625,-1249.275634765625,-374.7818908691406,-74.97503662109375,-75.00543975830078,-75.0107421875,-500.48333740234375,-375.2717590332031,,,,,,,,,,,,,,,,,,,,,,,,,,,,,,,,,,,,,,,,,,,,,,,,,,,,,,,,,,,
1.7758752984146043e+18,,,,,,,,,,,,,,,,,,,,,,,,,,,,,-215.71531677246094,-21.571531295776367,-21.571531295776367,-21.571531295776367,-21.571531295776367,-21.571531295776367,-180.41067504882812,,,,,,,,,,,,,,,,,,,,,,,,,,,,,,,,,,,,,,,,
1.775875298414658e+18,,,,,,,,,,,,,,,,,-308.681640625,-336.5097351074219,-305.23187255859375,-335.35980224609375,-300.8621520996094,-302.4720458984375,-302.4720458984375,-290.97283935546875,108.25556945800781,43.30222702026367,43.30222702026367,-300.1495666503906,,,,,,,,,,,,,,,,,,,,,,,,,,,,,,,,,,,,,,,,,,,,,,,
1.7758752984148485e+18,-374.9422302246094,-1250.93310546875,-375.4325866699219,-75.00148010253906,-499.8448791503906,-374.5423889160156,-374.26190185546875,-375.2857971191406,,,,,,,,,,,,,,,,,,,,,,,,,,,,,,,,,,,,,,,,,,,,,,,,,,,,,,,,,,,,,,,,,,,
1.7758752984148544e+18,,,,,,,,,-375.0331726074219,-1250.40283203125,-374.96636962890625,-74.96273803710938,-74.95623779296875,-74.9984359741211,-500.3193054199219,-375.364013671875,,,,,,,,,,,,,,,,,,,,,,,,,,,,,,,,,,,,,,,,,,,,,,,,,,,,,,,,,,,
1.7758752984148695e+18,,,,,,,,,,,,,,,,,,,,,,,,,,,,,,,,,,,,2297.496337890625,21.937427520751953,2297.496337890625,2297.496337890625,2297.496337890625,2297.496337890625,2297.496337890625,24.675804138183594,2297.496337890625,2297.496337890625,2297.496337890625,2297.496337890625,2297.496337890625,2297.496337890625,,,,,,,,,,,,,,,,,,,,,,,,,,
1.7758752984156042e+18,,,,,,,,,,,,,,,,,,,,,,,,,,,,,-215.71531677246094,-21.571531295776367,-21.571531295776367,-21.571531295776367,-21.571531295776367,-21.571531295776367,-180.4435272216797,,,,,,,,,,,,,,,,,,,,,,,,,,,,,,,,,,,,,,,,
1.7758752984156582e+18,,,,,,,,,,,,,,,,,-314.2012634277344,-300.4021911621094,-284.9932556152344,-322.2507019042969,-299.02227783203125,-291.8927917480469,-316.7310791015625,-298.56231689453125,108.25556945800781,43.30222702026367,43.30222702026367,-300.3035583496094,,,,,,,,,,,,,,,,,,,,,,,,,,,,,,,,,,,,,,,,,,,,,,,
1.7758752984158484e+18,-375.0345458984375,-1249.4969482421875,-374.7554626464844,-74.9707260131836,-499.8448791503906,-374.4500732421875,-368.04400634765625,-375.0705261230469,,,,,,,,,,,,,,,,,,,,,,,,,,,,,,,,,,,,,,,,,,,,,,,,,,,,,,,,,,,,,,,,,,,
1.7758752984158546e+18,,,,,,,,,-375.3097229003906,-1250.095458984375,-375.0278625488281,-74.98118591308594,-74.95008850097656,-74.96151733398438,-499.4580078125,-374.7489318847656,,,,,,,,,,,,,,,,,,,,,,,,,,,,,,,,,,,,,,,,,,,,,,,,,,,,,,,,,,,
1.775875298416014e+18,,,,,,,,,,,,,,,,,,,,,,,,,,,,,,,,,,,,,,,,,,,,,,,,,,0.0,0.0,0.0,,,,,,,,,,,,,,,,,,,,,,,
1.7758752984166042e+18,,,,,,,,,,,,,,,,,,,,,,,,,,,,,-215.71531677246094,-21.571531295776367,-21.571531295776367,-21.571531295776367,-21.571531295776367,-21.571531295776367,-180.42710876464844,,,,,,,,,,,,,,,,,,,,,,,,,,,,,,,,,,,,,,,,
1.7758752984166582e+18,,,,,,,,,,,,,,,,,-308.2216491699219,-299.4822692871094,-285.6831970214844,-308.91162109375,-306.61175537109375,-285.9131774902344,-258.7750549316406,-305.69183349609375,108.25556945800781,43.30222702026367,43.30222702026367,-299.0869140625,,,,,,,,,,,,,,,,,,,,,,,,,,,,,,,,,,,,,,,,,,,,,,,
1.7758752984168484e+18,-375.1883850097656,-1250.215087890625,-375.15557861328125,-74.97687530517578,-499.9269104003906,-374.8193054199219,-360.65643310546875,-374.79376220703125,,,,,,,,,,,,,,,,,,,,,,,,,,,,,,,,,,,,,,,,,,,,,,,,,,,,,,,,,,,,,,,,,,,
1.7758752984168548e+18,,,,,,,,,-374.7259216308594,-1248.9681396484375,-374.68963623046875,-74.950439453125,-74.96853637695312,-74.98612976074219,-499.8681335449219,-375.14874267578125,,,,,,,,,,,,,,,,,,,,,,,,,,,,,,,,,,,,,,,,,,,,,,,,,,,,,,,,,,,
1.7758752984176044e+18,,,,,,,,,,,,,,,,,,,,,,,,,,,,,-215.71531677246094,-21.571531295776367,-21.571531295776367,-21.571531295776367,-21.571531295776367,-21.571531295776367,-180.45994567871094,,,,,,,,,,,,,,,,,,,,,,,,,,,,,,,,,,,,,,,,
1.7758752984176584e+18,,,,,,,,,,,,,,,,,-309.6015625,-284.7632751464844,-284.7632751464844,-304.77191162109375,-266.3645324707031,-291.43280029296875,-307.5317077636719,-284.7632751464844,108.25556945800781,43.30222702026367,43.30222702026367,-298.332275390625,,,,,,,,,,,,,,,,,,,,,,,,,,,,,,,,,,,,,,,,,,,,,,,
1.7758752984178483e+18,-374.84991455078125,-1248.5738525390625,-374.7247009277344,-74.9645767211914,-499.43475341796875,-374.69622802734375,-366.87432861328125,-374.5477600097656,,,,,,,,,,,,,,,,,,,,,,,,,,,,,,,,,,,,,,,,,,,,,,,,,,,,,,,,,,,,,,,,,,,
1.775875298417855e+18,,,,,,,,,-374.9102783203125,-1249.685546875,-375.05859375,-74.99962615966797,-74.95008850097656,-74.98612976074219,-499.8681335449219,-374.56439208984375,,,,,,,,,,,,,,,,,,,,,,,,,,,,,,,,,,,,,,,,,,,,,,,,,,,,,,,,,,,
1.7758752984186043e+18,,,,,,,,,,,,,,,,,,,,,,,,,,,,,-215.71531677246094,-21.571531295776367,-21.571531295776367,-21.571531295776367,-21.570873260498047,-21.571531295776367,-180.525634765625,,,,,,,,,,,,,,,,,,,,,,,,,,,,,,,,,,,,,,,,
1.7758752984186586e+18,,,,,,,,,,,,,,,,,-275.56390380859375,-284.5332946777344,-298.10235595703125,-269.35430908203125,-284.07330322265625,-302.2420654296875,-269.5843200683594,-306.61175537109375,108.25556945800781,43.30222702026367,43.30222702026367,-298.9945068359375,,,,,,,,,,,,,,,,,,,,,,,,,,,,,,,,,,,,,,,,,,,,,,,
1.7758752984188483e+18,-375.0345458984375,-1250.83056640625,-375.2171325683594,-75.08145141601562,-500.0499572753906,-374.69622802734375,-367.82855224609375,-374.82452392578125,,,,,,,,,,,,,,,,,,,,,,,,,,,,,,,,,,,,,,,,,,,,,,,,,,,,,,,,,,,,,,,,,,,
1.7758752984188552e+18,,,,,,,,,-375.0331726074219,-1250.50537109375,-375.3045959472656,-74.99962615966797,-74.95008850097656,-74.93075561523438,-499.6630554199219,-375.05645751953125,,,,,,,,,,,,,,,,,,,,,,,,,,,,,,,,,,,,,,,,,,,,,,,,,,,,,,,,,,,
1.775875298418882e+18,,,,,,,,,,,,,,,,,,,,,,,,,,,,,,,,,,,,,,,,,,,,,,,,,,,,,0.0,0.0,0.0,0.0,0.0,0.0,0.0,0.0,0.0,0.0,0.0,0.0,0.0,0.0,0.0,0.0,0.0,0.0,0.0,0.0,0.0,0.0,0.0
1.7758752984196042e+18,,,,,,,,,,,,,,,,,,,,,,,,,,,,,-215.71531677246094,-21.571531295776367,-21.571531295776367,-21.571531295776367,-21.571531295776367,-21.572189331054688,-180.5584716796875,,,,,,,,,,,,,,,,,,,,,,,,,,,,,,,,,,,,,,,,
1.7758752984196585e+18,,,,,,,,,,,,,,,,,-286.6031494140625,-295.342529296875,-262.9147644042969,-303.3919982910156,-257.8551025390625,-284.5332946777344,-278.0937194824219,-281.0835266113281,108.25556945800781,43.30222702026367,43.30222702026367,-299.41033935546875,,,,,,,,,,,,,,,,,,,,,,,,,,,,,,,,,,,,,,,,,,,,,,,
1.7758752984198482e+18,-375.0345458984375,-1250.7279052734375,-375.2171325683594,-75.03839111328125,-500.2550354003906,-375.65008544921875,-383.52716064453125,-375.2242736816406,,,,,,,,,,,,,,,,,,,,,,,,,,,,,,,,,,,,,,,,,,,,,,,,,,,,,,,,,,,,,,,,,,,
1.7758752984198554e+18,,,,,,,,,-374.5415344238281,-1249.5830078125,-374.9971008300781,-74.98118591308594,-74.9992904663086,-75.0230484008789,-500.2782897949219,-375.3025207519531,,,,,,,,,,,,,,,,,,,,,,,,,,,,,,,,,,,,,,,,,,,,,,,,,,,,,,,,,,,
1.7758752984206042e+18,,,,,,,,,,,,,,,,,,,,,,,,,,,,,-215.71531677246094,-21.571531295776367,-21.571531295776367,-21.571531295776367,-21.571531295776367,-21.570873260498047,-180.54205322265625,,,,,,,,,,,,,,,,,,,,,,,,,,,,,,,,,,,,,,,,
1.7758752984206587e+18,,,,,,,,,,,,,,,,,-269.35430908203125,-305.69183349609375,-290.97283935546875,-275.56390380859375,-278.5536804199219,-290.28289794921875,-268.20440673828125,-253.71539306640625,108.25556945800781,43.30222702026367,43.30222702026367,-298.2552795410156,,,,,,,,,,,,,,,,,,,,,,,,,,,,,,,,,,,,,,,,,,,,,,,
1.7758752984208484e+18,-374.634521484375,-1249.086669921875,-374.8785705566406,-74.9522705078125,-499.9269104003906,-375.09625244140625,-368.0747985839844,-375.1012878417969,,,,,,,,,,,,,,,,,,,,,,,,,,,,,,,,,,,,,,,,,,,,,,,,,,,,,,,,,,,,,,,,,,,
1.7758752984208553e+18,,,,,,,,,-374.63372802734375,-1249.173095703125,-374.7511291503906,-74.97503662109375,-74.931640625,-74.96151733398438,-499.7861022949219,-374.62591552734375,,,,,,,,,,,,,,,,,,,,,,,,,,,,,,,,,,,,,,,,,,,,,,,,,,,,,,,,,,,
1.775875298421604e+18,,,,,,,,,,,,,,,,,,,,,,,,,,,,,-215.71531677246094,-21.571531295776367,-21.571531295776367,-21.571531295776367,-21.570873260498047,-21.571531295776367,-180.5092010498047,,,,,,,,,,,,,,,,,,,,,,,,,,,,,,,,,,,,,,,,
1.7758752984216586e+18,,,,,,,,,,,,,,,,,-302.2420654296875,-307.9916687011719,-278.0937194824219,-292.8127136230469,-291.66278076171875,-263.6047058105469,-259.2350158691406,-298.56231689453125,108.25556945800781,43.30222702026367,43.30222702026367,-299.24090576171875,,,,,,,,,,,,,,,,,,,,,,,,,,,,,,,,,,,,,,,,,,,,,,,
1.7758752984218483e+18,-375.1268615722656,-1251.548583984375,-375.40179443359375,-75.03839111328125,-500.5831298828125,-375.55780029296875,-381.4955749511719,-375.4395446777344,,,,,,,,,,,,,,,,,,,,,,,,,,,,,,,,,,,,,,,,,,,,,,,,,,,,,,,,,,,,,,,,,,,
1.7758752984218555e+18,,,,,,,,,-375.06390380859375,-1250.40283203125,-375.0278625488281,-75.01192474365234,-75.01773834228516,-75.04766082763672,-500.2782897949219,-375.17950439453125,,,,,,,,,,,,,,,,,,,,,,,,,,,,,,,,,,,,,,,,,,,,,,,,,,,,,,,,,,,
1.7758752984226043e+18,,,,,,,,,,,,,,,,,,,,,,,,,,,,,-215.71531677246094,-21.571531295776367,-21.571531295776367,-21.571531295776367,-21.571531295776367,-21.571531295776367,-180.5092010498047,,,,,,,,,,,,,,,,,,,,,,,,,,,,,,,,,,,,,,,,
1.7758752984226588e+18,,,,,,,,,,,,,,,,,-278.78369140625,-297.1824035644531,-288.2130432128906,-285.2232360839844,-291.8927917480469,-277.1737976074219,-296.9524230957031,-274.8739318847656,108.25556945800781,43.30222702026367,43.30222702026367,-299.6259460449219,,,,,,,,,,,,,,,,,,,,,,,,,,,,,,,,,,,,,,,,,,,,,,,
1.7758752984228485e+18,-374.9422302246094,-1250.420166015625,-375.3402404785156,-75.07530212402344,-500.3370361328125,-375.18853759765625,-376.6628723144531,-374.7322692871094,,,,,,,,,,,,,,,,,,,,,,,,,,,,,,,,,,,,,,,,,,,,,,,,,,,,,,,,,,,,,,,,,,,
1.7758752984228557e+18,,,,,,,,,-374.6029968261719,-1249.7879638671875,-375.0278625488281,-75.04882049560547,-75.06078338623047,-75.00459289550781,-499.5810546875,-374.59515380859375,,,,,,,,,,,,,,,,,,,,,,,,,,,,,,,,,,,,,,,,,,,,,,,,,,,,,,,,,,,
1.7758752984236042e+18,,,,,,,,,,,,,,,,,,,,,,,,,,,,,-215.71531677246094,-21.571531295776367,-21.570873260498047,-21.571531295776367,-21.571531295776367,-21.571531295776367,-180.4763641357422,,,,,,,,,,,,,,,,,,,,,,,,,,,,,,,,,,,,,,,,
1.7758752984236588e+18,,,,,,,,,,,,,,,,,-266.3645324707031,-302.4720458984375,-311.4414367675781,-281.7734680175781,-292.8127136230469,-298.33233642578125,-258.7750549316406,-288.4430236816406,108.25556945800781,43.30222702026367,43.30222702026367,-300.4883728027344,,,,,,,,,,,,,,,,,,,,,,,,,,,,,,,,,,,,,,,,,,,,,,,
1.7758752984238484e+18,-374.9114685058594,-1249.086669921875,-375.032470703125,-75.02608489990234,-500.6241455078125,-375.3731689453125,-375.3392639160156,-374.76300048828125,,,,,,,,,,,,,,,,,,,,,,,,,,,,,,,,,,,,,,,,,,,,,,,,,,,,,,,,,,,,,,,,,,,
1.7758752984238559e+18,,,,,,,,,-374.6644592285156,-1249.7879638671875,-374.96636962890625,-75.0303726196289,-75.03003692626953,-75.03535461425781,-499.9501647949219,-374.7796936035156,,,,,,,,,,,,,,,,,,,,,,,,,,,,,,,,,,,,,,,,,,,,,,,,,,,,,,,,,,,
1.775875298424584e+18,,,,,,,,,,,,,,,,,,,,,,,,,,,,,,,,,,,,,,,,,,,,,,,,,,0.0,0.0,0.0,,,,,,,,,,,,,,,,,,,,,,,
1.7758752984246042e+18,,,,,,,,,,,,,,,,,,,,,,,,,,,,,-215.71531677246094,-21.571531295776367,-21.571531295776367,-21.571531295776367,-21.570873260498047,-21.571531295776367,-180.42710876464844,,,,,,,,,,,,,,,,,,,,,,,,,,,,,,,,,,,,,,,,
1.775875298424659e+18,,,,,,,,,,,,,,,,,-266.3645324707031,-299.7122497558594,-299.7122497558594,-287.7530517578125,-307.9916687011719,-288.2130432128906,-282.46343994140625,-305.92181396484375,108.25556945800781,43.30222702026367,43.30222702026367,-298.0550537109375,,,,,,,,,,,,,,,,,,,,,,,,,,,,,,,,,,,,,,,,,,,,,,,
1.7758752984248486e+18,-375.1576232910156,-1251.2408447265625,-375.0632629394531,-74.97687530517578,-499.80389404296875,-374.6039123535156,-371.3068542480469,-375.19354248046875,,,,,,,,,,,,,,,,,,,,,,,,,,,,,,,,,,,,,,,,,,,,,,,,,,,,,,,,,,,,,,,,,,,
1.775875298424856e+18,,,,,,,,,-375.37115478515625,-1250.3004150390625,-374.9048767089844,-74.950439453125,-74.95008850097656,-74.97382354736328,-499.8681335449219,-375.17950439453125,,,,,,,,,,,,,,,,,,,,,,,,,,,,,,,,,,,,,,,,,,,,,,,,,,,,,,,,,,,
1.775875298425604e+18,,,,,,,,,,,,,,,,,,,,,,,,,,,,,-215.708740234375,-21.571531295776367,-21.571531295776367,-21.571531295776367,-21.571531295776367,-21.572189331054688,-180.36141967773438,,,,,,,,,,,,,,,,,,,,,,,,,,,,,,,,,,,,,,,,
1.7758752984256591e+18,,,,,,,,,,,,,,,,,-306.8417663574219,-276.9438171386719,-292.5827331542969,-321.33074951171875,-289.3629455566406,-275.56390380859375,-271.4241943359375,-312.59136962890625,108.25556945800781,43.30222702026367,43.30222702026367,-300.411376953125,,,,,,,,,,,,,,,,,,,,,,,,,,,,,,,,,,,,,,,,,,,,,,,
1.7758752984258486e+18,-374.81915283203125,-1248.7789306640625,-374.7554626464844,-74.9707260131836,-499.51678466796875,-374.63470458984375,-367.9824523925781,-374.76300048828125,,,,,,,,,,,,,,,,,,,,,,,,,,,,,,,,,,,,,,,,,,,,,,,,,,,,,,,,,,,,,,,,,,,
1.775875298425856e+18,,,,,,,,,-375.00244140625,-1249.4805908203125,-375.1200866699219,-74.99962615966797,-74.93778991699219,-74.93690490722656,-499.6220397949219,-374.8104248046875,,,,,,,,,,,,,,,,,,,,,,,,,,,,,,,,,,,,,,,,,,,,,,,,,,,,,,,,,,,
1.775875298426604e+18,,,,,,,,,,,,,,,,,,,,,,,,,,,,,-215.71531677246094,-21.571531295776367,-21.571531295776367,-21.571531295776367,-21.571531295776367,-21.571531295776367,-180.32858276367188,,,,,,,,,,,,,,,,,,,,,,,,,,,,,,,,,,,,,,,,
1.775875298426659e+18,,,,,,,,,,,,,,,,,-302.2420654296875,-311.6714172363281,-304.3119201660156,-294.422607421875,-307.9916687011719,-285.2232360839844,-302.7020263671875,-283.15338134765625,108.25556945800781,43.30222702026367,43.30222702026367,-300.5037841796875,,,,,,,,,,,,,,,,,,,,,,,,,,,,,,,,,,,,,,,,,,,,,,,
1.7758752984268485e+18,-375.24993896484375,-1249.599609375,-374.7554626464844,-75.01378631591797,-500.4600830078125,-375.5270080566406,-376.8167724609375,-374.6707458496094,,,,,,,,,,,,,,,,,,,,,,,,,,,,,,,,,,,,,,,,,,,,,,,,,,,,,,,,,,,,,,,,,,,
1.7758752984268493e+18,,,,,,,,,,,,,,,,,,,,,,,,,,,,,,,,,,,,,,,,,,,,,,,,,,,,,0.0,0.0,0.0,0.0,0.0,0.0,0.0,0.0,0.0,0.0,0.0,0.0,0.0,0.0,0.0,0.0,0.0,0.0,0.0,0.0,0.0,0.0,0.0
1.7758752984268562e+18,,,,,,,,,-374.9717102050781,-1249.3780517578125,-374.6589050292969,-75.01192474365234,-75.02388763427734,-75.05381774902344,-500.1962585449219,-374.8719482421875,,,,,,,,,,,,,,,,,,,,,,,,,,,,,,,,,,,,,,,,,,,,,,,,,,,,,,,,,,,
1.77587529842737e+18,,,,,,,,,,,,,,,,,,,,,,,,,,,,,,,,,,,,2297.62744140625,22.0129337310791,2297.62744140625,2297.62744140625,2297.62744140625,2297.62744140625,2297.62744140625,24.63207244873047,2297.62744140625,2297.62744140625,2297.62744140625,2297.62744140625,2297.62744140625,2297.62744140625,,,,,,,,,,,,,,,,,,,,,,,,,,
1.7758752984276042e+18,,,,,,,,,,,,,,,,,,,,,,,,,,,,,-215.71531677246094,-21.571531295776367,-21.571531295776367,-21.571531295776367,-21.570873260498047,-21.571531295776367,-180.34500122070312,,,,,,,,,,,,,,,,,,,,,,,,,,,,,,,,,,,,,,,,
1.7758752984276593e+18,,,,,,,,,,,,,,,,,-315.3511657714844,-312.36138916015625,-292.1227722167969,-324.550537109375,-303.1620178222656,-285.2232360839844,-303.3919982910156,-309.83154296875,108.25556945800781,43.30222702026367,43.30222702026367,-300.08795166015625,,,,,,,,,,,,,,,,,,,,,,,,,,,,,,,,,,,,,,,,,,,,,,,
1.7758752984278487e+18,-374.9422302246094,-1248.6763916015625,-374.7554626464844,-74.95841979980469,-499.68084716796875,-374.4808349609375,-366.5972900390625,-374.82452392578125,,,,,,,,,,,,,,,,,,,,,,,,,,,,,,,,,,,,,,,,,,,,,,,,,,,,,,,,,,,,,,,,,,,
1.7758752984278564e+18,,,,,,,,,-375.37115478515625,-1250.095458984375,-375.05859375,-75.00577545166016,-74.9931411743164,-74.9984359741211,-500.0321960449219,-374.9642028808594,,,,,,,,,,,,,,,,,,,,,,,,,,,,,,,,,,,,,,,,,,,,,,,,,,,,,,,,,,,
1.7758752984286042e+18,,,,,,,,,,,,,,,,,,,,,,,,,,,,,-215.71531677246094,-21.571531295776367,-21.571531295776367,-21.571531295776367,-21.571531295776367,-21.571531295776367,-180.31214904785156,,,,,,,,,,,,,,,,,,,,,,,,,,,,,,,,,,,,,,,,
1.7758752984286592e+18,,,,,,,,,,,,,,,,,-295.112548828125,-285.4532165527344,-313.74127197265625,-333.2899475097656,-294.652587890625,-293.5026550292969,-312.36138916015625,-314.4312438964844,108.25556945800781,43.30222702026367,43.30222702026367,-300.07257080078125,,,,,,,,,,,,,,,,,,,,,,,,,,,,,,,,,,,,,,,,,,,,,,,
1.7758752984288486e+18,-374.8807067871094,-1248.984130859375,-374.5400390625,-74.94612121582031,-499.8448791503906,-374.5116271972656,-368.6904296875,-375.19354248046875,,,,,,,,,,,,,,,,,,,,,,,,,,,,,,,,,,,,,,,,,,,,,,,,,,,,,,,,,,,,,,,,,,,
1.7758752984288566e+18,,,,,,,,,-375.0946350097656,-1249.992919921875,-374.6589050292969,-74.96888732910156,-74.96238708496094,-74.96151733398438,-499.3759765625,-374.7489318847656,,,,,,,,,,,,,,,,,,,,,,,,,,,,,,,,,,,,,,,,,,,,,,,,,,,,,,,,,,,
1.775875298429604e+18,,,,,,,,,,,,,,,,,,,,,,,,,,,,,-215.71531677246094,-21.571531295776367,-21.571531295776367,-21.570873260498047,-21.571531295776367,-21.571531295776367,-180.39425659179688,,,,,,,,,,,,,,,,,,,,,,,,,,,,,,,,,,,,,,,,
1.7758752984296594e+18,,,,,,,,,,,,,,,,,-289.5929260253906,-318.3409729003906,-297.1824035644531,-286.8331298828125,-315.8111267089844,-306.8417663574219,-294.422607421875,-335.81976318359375,108.25556945800781,43.30222702026367,43.30222702026367,-300.0571594238281,,,,,,,,,,,,,,,,,,,,,,,,,,,,,,,,,,,,,,,,,,,,,,,
1.7758752984298488e+18,-374.81915283203125,-1249.2918701171875,-374.8478088378906,-74.92766571044922,-499.8448791503906,-375.2193298339844,-381.83416748046875,-375.50103759765625,,,,,,,,,,,,,,,,,,,,,,,,,,,,,,,,,,,,,,,,,,,,,,,,,,,,,,,,,,,,,,,,,,,
1.7758752984298568e+18,,,,,,,,,-374.9102783203125,-1249.4805908203125,-374.7818908691406,-74.98118591308594,-74.94393920898438,-74.9984359741211,-500.0732116699219,-375.4562683105469,,,,,,,,,,,,,,,,,,,,,,,,,,,,,,,,,,,,,,,,,,,,,,,,,,,,,,,,,,,
1.7758752984306043e+18,,,,,,,,,,,,,,,,,,,,,,,,,,,,,-215.71531677246094,-21.571531295776367,-21.571531295776367,-21.571531295776367,-21.570873260498047,-21.571531295776367,-180.42710876464844,,,,,,,,,,,,,,,,,,,,,,,,,,,,,,,,,,,,,,,,
1.7758752984306596e+18,,,,,,,,,,,,,,,,,-317.8810119628906,-310.5215148925781,-278.5536804199219,-314.2012634277344,-322.0207214355469,-302.0120849609375,-286.8331298828125,-323.400634765625,108.25556945800781,43.30222702026367,43.30222702026367,-302.64447021484375,,,,,,,,,,,,,,,,,,,,,,,,,,,,,,,,,,,,,,,,,,,,,,,
1.7758752984308488e+18,-375.3422546386719,-1251.2408447265625,-375.1863708496094,-75.08760070800781,-500.5010986328125,-375.2500915527344,-383.52716064453125,-375.4395446777344,,,,,,,,,,,,,,,,,,,,,,,,,,,,,,,,,,,,,,,,,,,,,,,,,,,,,,,,,,,,,,,,,,,
1.775875298430857e+18,,,,,,,,,-375.1867980957031,-1250.1978759765625,-375.1200866699219,-75.01192474365234,-75.0423355102539,-75.02920532226562,-500.1142272949219,-375.4562683105469,,,,,,,,,,,,,,,,,,,,,,,,,,,,,,,,,,,,,,,,,,,,,,,,,,,,,,,,,,,
1.7758752984315354e+18,,,,,,,,,,,,,,,,,,,,,,,,,,,,,,,,,,,,,,,,,,,,,,,,,,0.0,0.0,0.0,,,,,,,,,,,,,,,,,,,,,,,
1.7758752984316042e+18,,,,,,,,,,,,,,,,,,,,,,,,,,,,,-215.708740234375,-21.571531295776367,-21.571531295776367,-21.571531295776367,-21.571531295776367,-21.571531295776367,-180.37783813476562,,,,,,,,,,,,,,,,,,,,,,,,,,,,,,,,,,,,,,,,
1.7758752984316595e+18,,,,,,,,,,,,,,,,,-312.36138916015625,-286.1431579589844,-291.8927917480469,-317.8810119628906,-292.1227722167969,-295.342529296875,-318.8009338378906,-305.23187255859375,108.25556945800781,43.30222702026367,43.30222702026367,-298.6094970703125,,,,,,,,,,,,,,,,,,,,,,,,,,,,,,,,,,,,,,,,,,,,,,,
1.7758752984318487e+18,-374.8807067871094,-1248.7789306640625,-374.90936279296875,-75.00763702392578,-500.0089416503906,-375.12701416015625,-379.0330505371094,-375.47027587890625,,,,,,,,,,,,,,,,,,,,,,,,,,,,,,,,,,,,,,,,,,,,,,,,,,,,,,,,,,,,,,,,,,,
1.775875298431857e+18,,,,,,,,,-374.787353515625,-1249.275634765625,-374.597412109375,-74.97503662109375,-74.97468566894531,-74.96151733398438,-499.9091491699219,-375.17950439453125,,,,,,,,,,,,,,,,,,,,,,,,,,,,,,,,,,,,,,,,,,,,,,,,,,,,,,,,,,,
1.7758752984326042e+18,,,,,,,,,,,,,,,,,,,,,,,,,,,,,-215.71531677246094,-21.571531295776367,-21.570873260498047,-21.571531295776367,-21.571531295776367,-21.572189331054688,-180.42710876464844,,,,,,,,,,,,,,,,,,,,,,,,,,,,,,,,,,,,,,,,
1.7758752984326597e+18,,,,,,,,,,,,,,,,,-281.0835266113281,-316.5010986328125,-319.95086669921875,-292.3527526855469,-280.16357421875,-311.4414367675781,-287.2930908203125,-276.48382568359375,108.25556945800781,43.30222702026367,43.30222702026367,-298.74810791015625,,,,,,,,,,,,,,,,,,,,,,,,,,,,,,,,,,,,,,,,,,,,,,,
1.775875298432849e+18,-375.28070068359375,-1250.420166015625,-375.3402404785156,-75.06914520263672,-500.2140197753906,-375.55780029296875,-383.52716064453125,-375.19354248046875,,,,,,,,,,,,,,,,,,,,,,,,,,,,,,,,,,,,,,,,,,,,,,,,,,,,,,,,,,,,,,,,,,,
1.775875298432857e+18,,,,,,,,,-375.217529296875,-1250.50537109375,-375.1508483886719,-75.0303726196289,-75.02388763427734,-75.01689910888672,-500.4013366699219,-375.2717590332031,,,,,,,,,,,,,,,,,,,,,,,,,,,,,,,,,,,,,,,,,,,,,,,,,,,,,,,,,,,
1.7758752984336044e+18,,,,,,,,,,,,,,,,,,,,,,,,,,,,,-215.71531677246094,-21.571531295776367,-21.571531295776367,-21.571531295776367,-21.571531295776367,-21.571531295776367,-180.525634765625,,,,,,,,,,,,,,,,,,,,,,,,,,,,,,,,,,,,,,,,
1.7758752984336596e+18,,,,,,,,,,,,,,,,,-280.8535461425781,-312.1313781738281,-289.5929260253906,-273.2640686035156,-301.0921630859375,-297.87237548828125,-278.78369140625,-318.1109924316406,108.25556945800781,43.30222702026367,43.30222702026367,-299.4411315917969,,,,,,,,,,,,,,,,,,,,,,,,,,,,,,,,,,,,,,,,,,,,,,,
1.7758752984338488e+18,-374.84991455078125,-1249.086669921875,-374.8785705566406,-74.95841979980469,-500.0089416503906,-375.2808532714844,-383.52716064453125,-375.50103759765625,,,,,,,,,,,,,,,,,,,,,,,,,,,,,,,,,,,,,,,,,,,,,,,,,,,,,,,,,,,,,,,,,,,
1.7758752984338573e+18,,,,,,,,,-374.6029968261719,-1248.9681396484375,-374.7511291503906,-74.97503662109375,-74.96238708496094,-74.9984359741211,-500.1142272949219,-375.425537109375,,,,,,,,,,,,,,,,,,,,,,,,,,,,,,,,,,,,,,,,,,,,,,,,,,,,,,,,,,,
1.7758752984346043e+18,,,,,,,,,,,,,,,,,,,,,,,,,,,,,-215.71531677246094,-21.571531295776367,-21.571531295776367,-21.571531295776367,-21.571531295776367,-21.571531295776367,-180.49278259277344,,,,,,,,,,,,,,,,,,,,,,,,,,,,,,,,,,,,,,,,
1.7758752984346598e+18,,,,,,,,,,,,,,,,,-304.0819396972656,-285.9131774902344,-294.882568359375,-291.8927917480469,-280.8535461425781,-303.8519592285156,-275.10394287109375,-315.1211853027344,108.25556945800781,43.30222702026367,43.30222702026367,-300.36517333984375,,,,,,,,,,,,,,,,,,,,,,,,,,,,,,,,,,,,,,,,,,,,,,,
1.7758752984347113e+18,,,,,,,,,,,,,,,,,,,,,,,,,,,,,,,,,,,,,,,,,,,,,,,,,,,,,0.0,0.0,0.0,0.0,0.0,0.0,0.0,0.0,0.0,0.0,0.0,0.0,0.0,0.0,0.0,0.0,0.0,0.0,0.0,0.0,0.0,0.0,0.0
1.7758752984348488e+18,-375.1268615722656,-1251.548583984375,-375.37103271484375,-75.00148010253906,-499.8858947753906,-374.7885437011719,-379.55633544921875,-375.2550354003906,,,,,,,,,,,,,,,,,,,,,,,,,,,,,,,,,,,,,,,,,,,,,,,,,,,,,,,,,,,,,,,,,,,
1.7758752984348575e+18,,,,,,,,,-375.1867980957031,-1250.50537109375,-374.9048767089844,-74.95658874511719,-74.96238708496094,-75.0107421875,-500.4013366699219,-375.4562683105469,,,,,,,,,,,,,,,,,,,,,,,,,,,,,,,,,,,,,,,,,,,,,,,,,,,,,,,,,,,
1.7758752984356045e+18,,,,,,,,,,,,,,,,,,,,,,,,,,,,,-215.71531677246094,-21.572189331054688,-21.571531295776367,-21.572189331054688,-21.571531295776367,-21.571531295776367,-180.54205322265625,,,,,,,,,,,,,,,,,,,,,,,,,,,,,,,,,,,,,,,,
1.7758752984356598e+18,,,,,,,,,,,,,,,,,-291.66278076171875,-307.7616882324219,-275.33392333984375,-269.35430908203125,-291.20281982421875,-306.61175537109375,-268.66436767578125,-266.1345520019531,108.25556945800781,43.30222702026367,43.30222702026367,-298.57867431640625,,,,,,,,,,,,,,,,,,,,,,,,,,,,,,,,,,,,,,,,,,,,,,,
1.775875298435849e+18,-375.0960998535156,-1251.4459228515625,-375.3402404785156,-75.04454040527344,-500.3780517578125,-375.15777587890625,-378.140380859375,-375.009033203125,,,,,,,,,,,,,,,,,,,,,,,,,,,,,,,,,,,,,,,,,,,,,,,,,,,,,,,,,,,,,,,,,,,
1.7758752984358577e+18,,,,,,,,,-374.84881591796875,-1249.5830078125,-374.566650390625,-74.96888732910156,-74.97468566894531,-74.94306182861328,-499.6630554199219,-374.53363037109375,,,,,,,,,,,,,,,,,,,,,,,,,,,,,,,,,,,,,,,,,,,,,,,,,,,,,,,,,,,
1.7758752984366044e+18,,,,,,,,,,,,,,,,,,,,,,,,,,,,,-215.71531677246094,-21.571531295776367,-21.571531295776367,-21.571531295776367,-21.571531295776367,-21.571531295776367,-180.54205322265625,,,,,,,,,,,,,,,,,,,,,,,,,,,,,,,,,,,,,,,,
1.77587529843666e+18,,,,,,,,,,,,,,,,,-286.1431579589844,-315.8111267089844,-282.69342041015625,-281.5434875488281,-290.51287841796875,-264.984619140625,-267.5144348144531,-293.732666015625,108.25556945800781,43.30222702026367,43.30222702026367,-298.4400939941406,,,,,,,,,,,,,,,,,,,,,,,,,,,,,,,,,,,,,,,,,,,,,,,
1.775875298436849e+18,-374.8807067871094,-1249.8046875,-374.9401550292969,-75.01378631591797,-500.2960205078125,-375.3731689453125,-380.6336975097656,-375.2550354003906,,,,,,,,,,,,,,,,,,,,,,,,,,,,,,,,,,,,,,,,,,,,,,,,,,,,,,,,,,,,,,,,,,,
1.7758752984368576e+18,,,,,,,,,-374.572265625,-1249.0706787109375,-374.8433837890625,-74.950439453125,-74.97468566894531,-75.00459289550781,-500.0321960449219,-375.14874267578125,,,,,,,,,,,,,,,,,,,,,,,,,,,,,,,,,,,,,,,,,,,,,,,,,,,,,,,,,,,
1.7758752984376046e+18,,,,,,,,,,,,,,,,,,,,,,,,,,,,,-215.71531677246094,-21.571531295776367,-21.571531295776367,-21.571531295776367,-21.571531295776367,-21.571531295776367,-180.5092010498047,,,,,,,,,,,,,,,,,,,,,,,,,,,,,,,,,,,,,,,,
1.7758752984376602e+18,,,,,,,,,,,,,,,,,-295.112548828125,-267.5144348144531,-284.30328369140625,-313.97125244140625,-269.8143005371094,-287.0631103515625,-283.38336181640625,-260.38494873046875,108.25556945800781,43.30222702026367,43.30222702026367,-299.85693359375,,,,,,,,,,,,,,,,,,,,,,,,,,,,,,,,,,,,,,,,,,,,,,,
1.775875298437849e+18,-374.7268371582031,-1249.1893310546875,-375.001708984375,-75.03224182128906,-500.5010986328125,-375.3116149902344,-383.52716064453125,-374.7015075683594,,,,,,,,,,,,,,,,,,,,,,,,,,,,,,,,,,,,,,,,,,,,,,,,,,,,,,,,,,,,,,,,,,,
1.7758752984378578e+18,,,,,,,,,-374.6951904296875,-1248.76318359375,-374.8741149902344,-75.01192474365234,-75.06078338623047,-75.04766082763672,-499.9091491699219,-374.7796936035156,,,,,,,,,,,,,,,,,,,,,,,,,,,,,,,,,,,,,,,,,,,,,,,,,,,,,,,,,,,
1.7758752984384794e+18,,,,,,,,,,,,,,,,,,,,,,,,,,,,,,,,,,,,,,,,,,,,,,,,,,0.0,0.0,0.0,,,,,,,,,,,,,,,,,,,,,,,
1.7758752984386045e+18,,,,,,,,,,,,,,,,,,,,,,,,,,,,,-215.708740234375,-21.571531295776367,-21.571531295776367,-21.570873260498047,-21.571531295776367,-21.571531295776367,-180.5092010498047,,,,,,,,,,,,,,,,,,,,,,,,,,,,,,,,,,,,,,,,
1.77587529843866e+18,,,,,,,,,,,,,,,,,-291.43280029296875,-262.2248229980469,-292.5827331542969,-266.1345520019531,-290.28289794921875,-272.1141357421875,-279.24365234375,-282.0034484863281,108.25556945800781,43.30222702026367,43.30222702026367,-300.93499755859375,,,,,,,,,,,,,,,,,,,,,,,,,,,,,,,,,,,,,,,,,,,,,,,
1.775875298438849e+18,-375.0345458984375,-1251.753662109375,-375.2171325683594,-74.99533081054688,-499.72186279296875,-374.4193115234375,-367.08978271484375,-375.13201904296875,,,,,,,,,,,,,,,,,,,,,,,,,,,,,,,,,,,,,,,,,,,,,,,,,,,,,,,,,,,,,,,,,,,
1.775875298438858e+18,,,,,,,,,-375.3097229003906,-1250.3004150390625,-375.24310302734375,-74.9873275756836,-74.96853637695312,-74.96151733398438,-499.5810546875,-375.05645751953125,,,,,,,,,,,,,,,,,,,,,,,,,,,,,,,,,,,,,,,,,,,,,,,,,,,,,,,,,,,
1.7758752984396047e+18,,,,,,,,,,,,,,,,,,,,,,,,,,,,,-215.708740234375,-21.570873260498047,-21.570873260498047,-21.571531295776367,-21.571531295776367,-21.572189331054688,-180.4763641357422,,,,,,,,,,,,,,,,,,,,,,,,,,,,,,,,,,,,,,,,
1.7758752984396603e+18,,,,,,,,,,,,,,,,,-269.35430908203125,-270.7342224121094,-291.66278076171875,-287.7530517578125,-254.1753692626953,-285.4532165527344,-300.8621520996094,-286.3731689453125,108.25556945800781,43.30222702026367,43.30222702026367,-298.2090759277344,,,,,,,,,,,,,,,,,,,,,,,,,,,,,,,,,,,,,,,,,,,,,,,
1.775875298439849e+18,-375.31146240234375,-1251.3433837890625,-375.1863708496094,-75.09375,-500.5831298828125,-375.2500915527344,-383.52716064453125,-375.50103759765625,,,,,,,,,,,,,,,,,,,,,,,,,,,,,,,,,,,,,,,,,,,,,,,,,,,,,,,,,,,,,,,,,,,
1.7758752984398582e+18,,,,,,,,,-375.15606689453125,-1249.992919921875,-375.05859375,-75.01192474365234,-75.01773834228516,-75.0107421875,-500.1962585449219,-375.11798095703125,,,,,,,,,,,,,,,,,,,,,,,,,,,,,,,,,,,,,,,,,,,,,,,,,,,,,,,,,,,
1.7758752984398705e+18,,,,,,,,,,,,,,,,,,,,,,,,,,,,,,,,,,,,2297.492431640625,21.979419708251953,2297.492431640625,2297.492431640625,2297.492431640625,2297.492431640625,2297.492431640625,24.606250762939453,2297.492431640625,2297.492431640625,2297.492431640625,2297.492431640625,2297.492431640625,2297.492431640625,,,,,,,,,,,,,,,,,,,,,,,,,,
1.7758752984406047e+18,,,,,,,,,,,,,,,,,,,,,,,,,,,,,-215.71531677246094,-21.571531295776367,-21.571531295776367,-21.571531295776367,-21.571531295776367,-21.571531295776367,-180.49278259277344,,,,,,,,,,,,,,,,,,,,,,,,,,,,,,,,,,,,,,,,
1.7758752984406602e+18,,,,,,,,,,,,,,,,,-263.1447448730469,-299.4822692871094,-269.5843200683594,-300.8621520996094,-287.7530517578125,-286.6031494140625,-295.8025207519531,-283.15338134765625,108.25556945800781,43.30222702026367,43.30222702026367,-299.41033935546875,,,,,,,,,,,,,,,,,,,,,,,,,,,,,,,,,,,,,,,,,,,,,,,
1.7758752984408492e+18,-374.7268371582031,-1249.599609375,-375.12481689453125,-75.08760070800781,-500.2140197753906,-374.72698974609375,-367.3360290527344,-375.1012878417969,,,,,,,,,,,,,,,,,,,,,,,,,,,,,,,,,,,,,,,,,,,,,,,,,,,,,,,,,,,,,,,,,,,
1.7758752984408584e+18,,,,,,,,,-374.8795471191406,-1249.992919921875,-375.3353271484375,-75.00577545166016,-74.95623779296875,-74.93075561523438,-499.8271179199219,-375.11798095703125,,,,,,,,,,,,,,,,,,,,,,,,,,,,,,,,,,,,,,,,,,,,,,,,,,,,,,,,,,,
1.7758752984416049e+18,,,,,,,,,,,,,,,,,,,,,,,,,,,,,-215.71531677246094,-21.571531295776367,-21.571531295776367,-21.571531295776367,-21.572189331054688,-21.571531295776367,-180.45994567871094,,,,,,,,,,,,,,,,,,,,,,,,,,,,,,,,,,,,,,,,
1.7758752984416604e+18,,,,,,,,,,,,,,,,,-310.9814758300781,-294.422607421875,-281.0835266113281,-310.5215148925781,-272.3441162109375,-295.342529296875,-280.8535461425781,-272.1141357421875,108.25556945800781,43.30222702026367,43.30222702026367,-300.5345764160156,,,,,,,,,,,,,,,,,,,,,,,,,,,,,,,,,,,,,,,,,,,,,,,
1.775875298441849e+18,-375.1576232910156,-1251.1383056640625,-375.001708984375,-74.9707260131836,-499.8448791503906,-374.66546630859375,-375.00067138671875,-375.2550354003906,,,,,,,,,,,,,,,,,,,,,,,,,,,,,,,,,,,,,,,,,,,,,,,,,,,,,,,,,,,,,,,,,,,
1.7758752984418586e+18,,,,,,,,,-375.4018859863281,-1250.1978759765625,-374.7511291503906,-74.950439453125,-74.95623779296875,-74.9984359741211,-500.3603210449219,-375.425537109375,,,,,,,,,,,,,,,,,,,,,,,,,,,,,,,,,,,,,,,,,,,,,,,,,,,,,,,,,,,
1.775875298442367e+18,,,,,,,,,,,,,,,,,,,,,,,,,,,,,,,,,,,,,,,,,,,,,,,,,,,,,0.0,0.0,0.0,0.0,0.0,0.0,0.0,0.0,0.0,0.0,0.0,0.0,0.0,0.0,0.0,0.0,0.0,0.0,0.0,0.0,0.0,0.0,0.0
1.7758752984426048e+18,,,,,,,,,,,,,,,,,,,,,,,,,,,,,-215.71531677246094,-21.572189331054688,-21.572189331054688,-21.570873260498047,-21.571531295776367,-21.572189331054688,-180.39425659179688,,,,,,,,,,,,,,,,,,,,,,,,,,,,,,,,,,,,,,,,
1.7758752984426606e+18,,,,,,,,,,,,,,,,,-277.1737976074219,-306.15179443359375,-294.422607421875,-305.00189208984375,-306.15179443359375,-292.3527526855469,-310.5215148925781,-286.3731689453125,108.25556945800781,43.30222702026367,43.30222702026367,-300.4883728027344,,,,,,,,,,,,,,,,,,,,,,,,,,,,,,,,,,,,,,,,,,,,,,,
1.7758752984428493e+18,-375.1576232910156,-1249.599609375,-374.8785705566406,-74.9399642944336,-499.9679260253906,-375.2193298339844,-383.52716064453125,-375.47027587890625,,,,,,,,,,,,,,,,,,,,,,,,,,,,,,,,,,,,,,,,,,,,,,,,,,,,,,,,,,,,,,,,,,,
1.7758752984428585e+18,,,,,,,,,-374.9717102050781,-1249.173095703125,-374.7511291503906,-74.98118591308594,-74.96853637695312,-74.9984359741211,-500.1962585449219,-375.333251953125,,,,,,,,,,,,,,,,,,,,,,,,,,,,,,,,,,,,,,,,,,,,,,,,,,,,,,,,,,,
1.775875298443605e+18,,,,,,,,,,,,,,,,,,,,,,,,,,,,,-215.71531677246094,-21.572189331054688,-21.571531295776367,-21.571531295776367,-21.571531295776367,-21.571531295776367,-180.36141967773438,,,,,,,,,,,,,,,,,,,,,,,,,,,,,,,,,,,,,,,,
1.7758752984436605e+18,,,,,,,,,,,,,,,,,-311.6714172363281,-290.74285888671875,-289.5929260253906,-321.33074951171875,-307.7616882324219,-283.84332275390625,-288.9029846191406,-321.7907409667969,108.25556945800781,43.30222702026367,43.30222702026367,-301.4894104003906,,,,,,,,,,,,,,,,,,,,,,,,,,,,,,,,,,,,,,,,,,,,,,,
1.7758752984438492e+18,-375.1268615722656,-1250.6253662109375,-375.4325866699219,-75.07530212402344,-500.2960205078125,-375.61932373046875,-383.52716064453125,-375.13201904296875,,,,,,,,,,,,,,,,,,,,,,,,,,,,,,,,,,,,,,,,,,,,,,,,,,,,,,,,,,,,,,,,,,,
1.7758752984438587e+18,,,,,,,,,-374.6644592285156,-1249.7879638671875,-375.05859375,-75.01192474365234,-75.02388763427734,-75.01689910888672,-500.48333740234375,-375.425537109375,,,,,,,,,,,,,,,,,,,,,,,,,,,,,,,,,,,,,,,,,,,,,,,,,,,,,,,,,,,
1.775875298444605e+18,,,,,,,,,,,,,,,,,,,,,,,,,,,,,-215.71531677246094,-21.571531295776367,-21.570873260498047,-21.571531295776367,-21.571531295776367,-21.571531295776367,-180.36141967773438,,,,,,,,,,,,,,,,,,,,,,,,,,,,,,,,,,,,,,,,
1.7758752984446607e+18,,,,,,,,,,,,,,,,,-319.0309143066406,-321.7907409667969,-292.8127136230469,-291.66278076171875,-323.860595703125,-322.7106628417969,-288.9029846191406,-307.5317077636719,108.25556945800781,43.30222702026367,43.30222702026367,-301.8282470703125,,,,,,,,,,,,,,,,,,,,,,,,,,,,,,,,,,,,,,,,,,,,,,,
1.7758752984448492e+18,-375.24993896484375,-1250.1124267578125,-374.69390869140625,-74.97687530517578,-499.72186279296875,-374.7885437011719,-360.2254943847656,-374.8860168457031,,,,,,,,,,,,,,,,,,,,,,,,,,,,,,,,,,,,,,,,,,,,,,,,,,,,,,,,,,,,,,,,,,,
1.775875298444859e+18,,,,,,,,,-375.4018859863281,-1251.017822265625,-375.05859375,-74.98118591308594,-74.96853637695312,-74.95536804199219,-499.8271179199219,-374.53363037109375,,,,,,,,,,,,,,,,,,,,,,,,,,,,,,,,,,,,,,,,,,,,,,,,,,,,,,,,,,,
1.7758752984455926e+18,,,,,,,,,,,,,,,,,,,,,,,,,,,,,,,,,,,,,,,,,,,,,,,,,,0.0,0.0,0.0,,,,,,,,,,,,,,,,,,,,,,,
1.775875298445605e+18,,,,,,,,,,,,,,,,,,,,,,,,,,,,,-215.71531677246094,-21.571531295776367,-21.571531295776367,-21.571531295776367,-21.571531295776367,-21.571531295776367,-180.32858276367188,,,,,,,,,,,,,,,,,,,,,,,,,,,,,,,,,,,,,,,,
1.7758752984456607e+18,,,,,,,,,,,,,,,,,-323.860595703125,-297.87237548828125,-321.10076904296875,-314.4312438964844,-288.4430236816406,-322.9406433105469,-280.8535461425781,-314.2012634277344,108.25556945800781,43.30222702026367,43.30222702026367,-299.5643310546875,,,,,,,,,,,,,,,,,,,,,,,,,,,,,,,,,,,,,,,,,,,,,,,
1.7758752984458493e+18,-374.81915283203125,-1250.317626953125,-375.3402404785156,-75.07530212402344,-500.0909729003906,-374.5731506347656,-365.55072021484375,-374.79376220703125,,,,,,,,,,,,,,,,,,,,,,,,,,,,,,,,,,,,,,,,,,,,,,,,,,,,,,,,,,,,,,,,,,,
1.775875298445859e+18,,,,,,,,,-374.572265625,-1249.992919921875,-375.08935546875,-75.04882049560547,-75.0423355102539,-74.97382354736328,-499.7450866699219,-374.7489318847656,,,,,,,,,,,,,,,,,,,,,,,,,,,,,,,,,,,,,,,,,,,,,,,,,,,,,,,,,,,
1.775875298446605e+18,,,,,,,,,,,,,,,,,,,,,,,,,,,,,-215.71531677246094,-21.571531295776367,-21.570873260498047,-21.571531295776367,-21.571531295776367,-21.571531295776367,-180.34500122070312,,,,,,,,,,,,,,,,,,,,,,,,,,,,,,,,,,,,,,,,
1.7758752984466609e+18,,,,,,,,,,,,,,,,,-284.07330322265625,-313.74127197265625,-314.6612243652344,-295.5725402832031,-305.00189208984375,-335.58978271484375,-302.7020263671875,-290.97283935546875,108.25556945800781,43.30222702026367,43.30222702026367,-300.56536865234375,,,,,,,,,,,,,,,,,,,,,,,,,,,,,,,,,,,,,,,,,,,,,,,
1.7758752984468493e+18,-374.8807067871094,-1248.7789306640625,-374.6323547363281,-74.9522705078125,-499.72186279296875,-374.4193115234375,-365.39678955078125,-374.8552551269531,,,,,,,,,,,,,,,,,,,,,,,,,,,,,,,,,,,,,,,,,,,,,,,,,,,,,,,,,,,,,,,,,,,
1.7758752984468593e+18,,,,,,,,,-375.2482604980469,-1249.992919921875,-375.08935546875,-75.01192474365234,-74.9931411743164,-74.95536804199219,-499.7450866699219,-374.8104248046875,,,,,,,,,,,,,,,,,,,,,,,,,,,,,,,,,,,,,,,,,,,,,,,,,,,,,,,,,,,
1.7758752984476052e+18,,,,,,,,,,,,,,,,,,,,,,,,,,,,,-215.71531677246094,-21.571531295776367,-21.571531295776367,-21.571531295776367,-21.571531295776367,-21.571531295776367,-180.32858276367188,,,,,,,,,,,,,,,,,,,,,,,,,,,,,,,,,,,,,,,,
1.7758752984476608e+18,,,,,,,,,,,,,,,,,-295.5725402832031,-323.1706237792969,-305.00189208984375,-300.1722106933594,-313.97125244140625,-284.07330322265625,-306.38177490234375,-306.38177490234375,108.25556945800781,43.30222702026367,43.30222702026367,-300.7039794921875,,,,,,,,,,,,,,,,,,,,,,,,,,,,,,,,,,,,,,,,,,,,,,,
1.7758752984478495e+18,-374.9422302246094,-1251.03564453125,-375.1863708496094,-74.98918151855469,-499.55780029296875,-374.69622802734375,-374.84674072265625,-375.47027587890625,,,,,,,,,,,,,,,,,,,,,,,,,,,,,,,,,,,,,,,,,,,,,,,,,,,,,,,,,,,,,,,,,,,
1.7758752984478592e+18,,,,,,,,,-375.0946350097656,-1251.017822265625,-375.21234130859375,-74.9873275756836,-74.97468566894531,-74.96151733398438,-500.1962585449219,-375.2409973144531,,,,,,,,,,,,,,,,,,,,,,,,,,,,,,,,,,,,,,,,,,,,,,,,,,,,,,,,,,,
1.7758752984486052e+18,,,,,,,,,,,,,,,,,,,,,,,,,,,,,-215.71531677246094,-21.571531295776367,-21.571531295776367,-21.571531295776367,-21.571531295776367,-21.571531295776367,-180.37783813476562,,,,,,,,,,,,,,,,,,,,,,,,,,,,,,,,,,,,,,,,
1.775875298448661e+18,,,,,,,,,,,,,,,,,-291.20281982421875,-309.37158203125,-311.4414367675781,-286.6031494140625,-293.962646484375,-318.1109924316406,-293.0426940917969,-296.9524230957031,108.25556945800781,43.30222702026367,43.30222702026367,-300.8887939453125,,,,,,,,,,,,,,,,,,,,,,,,,,,,,,,,,,,,,,,,,,,,,,,
1.7758752984488494e+18,-375.1576232910156,-1251.651123046875,-375.37103271484375,-75.01378631591797,-499.76287841796875,-374.7577819824219,-368.1055908203125,-374.82452392578125,,,,,,,,,,,,,,,,,,,,,,,,,,,,,,,,,,,,,,,,,,,,,,,,,,,,,,,,,,,,,,,,,,,
1.7758752984488594e+18,,,,,,,,,-375.217529296875,-1250.40283203125,-375.4275817871094,-75.0365219116211,-75.01773834228516,-74.95536804199219,-499.5810546875,-374.6566467285156,,,,,,,,,,,,,,,,,,,,,,,,,,,,,,,,,,,,,,,,,,,,,,,,,,,,,,,,,,,
1.7758752984496054e+18,,,,,,,,,,,,,,,,,,,,,,,,,,,,,-215.71531677246094,-21.571531295776367,-21.571531295776367,-21.571531295776367,-21.571531295776367,-21.571531295776367,-180.42710876464844,,,,,,,,,,,,,,,,,,,,,,,,,,,,,,,,,,,,,,,,
1.7758752984496612e+18,,,,,,,,,,,,,,,,,-315.5811462402344,-282.69342041015625,-307.7616882324219,-309.1416015625,-267.5144348144531,-303.3919982910156,-288.4430236816406,-272.5740966796875,108.25556945800781,43.30222702026367,43.30222702026367,-302.3364562988281,,,,,,,,,,,,,,,,,,,,,,,,,,,,,,,,,,,,,,,,,,,,,,,
1.7758752984498493e+18,-374.9114685058594,-1248.5738525390625,-375.001708984375,-75.03224182128906,-500.5421142578125,-375.0039367675781,-368.19793701171875,-374.947509765625,,,,,,,,,,,,,,,,,,,,,,,,,,,,,,,,,,,,,,,,,,,,,,,,,,,,,,,,,,,,,,,,,,,
1.7758752984498596e+18,,,,,,,,,-374.6644592285156,-1249.7879638671875,-375.1200866699219,-75.04267120361328,-75.01158905029297,-74.95536804199219,-499.4580078125,-374.9642028808594,,,,,,,,,,,,,,,,,,,,,,,,,,,,,,,,,,,,,,,,,,,,,,,,,,,,,,,,,,,
1.7758752984506053e+18,,,,,,,,,,,,,,,,,,,,,,,,,,,,,-215.71531677246094,-21.571531295776367,-21.571531295776367,-21.571531295776367,-21.571531295776367,-21.571531295776367,-180.4435272216797,,,,,,,,,,,,,,,,,,,,,,,,,,,,,,,,,,,,,,,,
1.775875298450661e+18,,,,,,,,,,,,,,,,,-277.6337585449219,-306.61175537109375,-278.0937194824219,-287.0631103515625,-302.2420654296875,-274.4139709472656,-287.9830322265625,-312.59136962890625,108.25556945800781,43.30222702026367,43.30222702026367,-298.8404846191406,,,,,,,,,,,,,,,,,,,,,,,,,,,,,,,,,,,,,,,,,,,,,,,
1.7758752984508495e+18,-375.1883850097656,-1250.1124267578125,-374.7862548828125,-74.9707260131836,-499.59881591796875,-374.9423828125,-375.4623718261719,-375.3472900390625,,,,,,,,,,,,,,,,,,,,,,,,,,,,,,,,,,,,,,,,,,,,,,,,,,,,,,,,,,,,,,,,,,,
1.7758752984508598e+18,,,,,,,,,-375.0946350097656,-1249.3780517578125,-374.68963623046875,-74.96888732910156,-74.96238708496094,-74.94306182861328,-499.9091491699219,-375.11798095703125,,,,,,,,,,,,,,,,,,,,,,,,,,,,,,,,,,,,,,,,,,,,,,,,,,,,,,,,,,,
1.7758752984514806e+18,,,,,,,,,,,,,,,,,,,,,,,,,,,,,,,,,,,,,,,,,,,,,,,,,,,,,0.0,0.0,0.0,0.0,0.0,0.0,0.0,0.0,0.0,0.0,0.0,0.0,0.0,0.0,0.0,0.0,0.0,0.0,0.0,0.0,0.0,0.0,0.0
1.7758752984516055e+18,,,,,,,,,,,,,,,,,,,,,,,,,,,,,-215.708740234375,-21.571531295776367,-21.570873260498047,-21.571531295776367,-21.571531295776367,-21.571531295776367,-180.4763641357422,,,,,,,,,,,,,,,,,,,,,,,,,,,,,,,,,,,,,,,,
1.7758752984516613e+18,,,,,,,,,,,,,,,,,-306.38177490234375,-290.74285888671875,-263.6047058105469,-303.8519592285156,-296.0325012207031,-278.0937194824219,-290.05291748046875,-293.732666015625,108.25556945800781,43.30222702026367,43.30222702026367,-297.7932434082031,,,,,,,,,,,,,,,,,,,,,,,,,,,,,,,,,,,,,,,,,,,,,,,
1.7758752984518495e+18,-374.6960754394531,-1249.599609375,-374.8478088378906,-74.9338150024414,-499.80389404296875,-374.8193054199219,-363.5498962402344,-374.76300048828125,,,,,,,,,,,,,,,,,,,,,,,,,,,,,,,,,,,,,,,,,,,,,,,,,,,,,,,,,,,,,,,,,,,
1.77587529845186e+18,,,,,,,,,-375.1253662109375,-1251.017822265625,-375.3353271484375,-75.01192474365234,-75.0423355102539,-75.03535461425781,-500.1552429199219,-375.364013671875,,,,,,,,,,,,,,,,,,,,,,,,,,,,,,,,,,,,,,,,,,,,,,,,,,,,,,,,,,,
1.775875298452371e+18,,,,,,,,,,,,,,,,,,,,,,,,,,,,,,,,,,,,2297.53515625,21.98179054260254,2297.53515625,2297.53515625,2297.53515625,2297.53515625,2297.53515625,24.699291229248047,2297.53515625,2297.53515625,2297.53515625,2297.53515625,2297.53515625,2297.53515625,,,,,,,,,,,,,,,,,,,,,,,,,,
1.7758752984526054e+18,,,,,,,,,,,,,,,,,,,,,,,,,,,,,-215.7218780517578,-21.571531295776367,-21.571531295776367,-21.571531295776367,-21.572189331054688,-21.571531295776367,-180.5092010498047,,,,,,,,,,,,,,,,,,,,,,,,,,,,,,,,,,,,,,,,
1.7758752984526264e+18,,,,,,,,,,,,,,,,,,,,,,,,,,,,,,,,,,,,,,,,,,,,,,,,,,0.0,0.0,0.0,,,,,,,,,,,,,,,,,,,,,,,
1.7758752984526612e+18,,,,,,,,,,,,,,,,,-279.93359375,-267.74444580078125,-289.8229064941406,-316.5010986328125,-288.2130432128906,-266.1345520019531,-250.49562072753906,-295.5725402832031,108.25556945800781,43.30222702026367,43.30222702026367,-298.8866882324219,,,,,,,,,,,,,,,,,,,,,,,,,,,,,,,,,,,,,,,,,,,,,,,
1.7758752984528497e+18,-374.84991455078125,-1249.9073486328125,-374.8785705566406,-74.9399642944336,-499.8448791503906,-374.8193054199219,-363.6422424316406,-374.5784912109375,,,,,,,,,,,,,,,,,,,,,,,,,,,,,,,,,,,,,,,,,,,,,,,,,,,,,,,,,,,,,,,,,,,
1.77587529845286e+18,,,,,,,,,-375.1867980957031,-1251.017822265625,-375.3353271484375,-75.01192474365234,-75.0484848022461,-75.01689910888672,-499.9911804199219,-374.59515380859375,,,,,,,,,,,,,,,,,,,,,,,,,,,,,,,,,,,,,,,,,,,,,,,,,,,,,,,,,,,
1.7758752984536056e+18,,,,,,,,,,,,,,,,,,,,,,,,,,,,,-215.708740234375,-21.571531295776367,-21.570873260498047,-21.571531295776367,-21.571531295776367,-21.571531295776367,-180.525634765625,,,,,,,,,,,,,,,,,,,,,,,,,,,,,,,,,,,,,,,,
1.7758752984536614e+18,,,,,,,,,,,,,,,,,-290.28289794921875,-271.6541748046875,-259.4649963378906,-298.79229736328125,-303.3919982910156,-277.4037780761719,-246.12591552734375,-276.48382568359375,108.25556945800781,43.30222702026367,43.30222702026367,-297.6546325683594,,,,,,,,,,,,,,,,,,,,,,,,,,,,,,,,,,,,,,,,,,,,,,,
1.7758752984538496e+18,-375.24993896484375,-1250.7279052734375,-375.37103271484375,-75.04454040527344,-500.3370361328125,-375.12701416015625,-371.7685852050781,-375.0397644042969,,,,,,,,,,,,,,,,,,,,,,,,,,,,,,,,,,,,,,,,,,,,,,,,,,,,,,,,,,,,,,,,,,,
1.77587529845386e+18,,,,,,,,,-374.6029968261719,-1249.3780517578125,-374.8433837890625,-74.94429016113281,-74.95623779296875,-74.93690490722656,-499.7861022949219,-374.9027099609375,,,,,,,,,,,,,,,,,,,,,,,,,,,,,,,,,,,,,,,,,,,,,,,,,,,,,,,,,,,
1.7758752984546056e+18,,,,,,,,,,,,,,,,,,,,,,,,,,,,,-215.708740234375,-21.571531295776367,-21.572189331054688,-21.572189331054688,-21.571531295776367,-21.571531295776367,-180.5092010498047,,,,,,,,,,,,,,,,,,,,,,,,,,,,,,,,,,,,,,,,
1.7758752984546616e+18,,,,,,,,,,,,,,,,,-292.1227722167969,-307.5317077636719,-295.5725402832031,-301.7821044921875,-273.7240295410156,-270.7342224121094,-254.6353302001953,-266.1345520019531,108.25556945800781,43.30222702026367,43.30222702026367,-300.27276611328125,,,,,,,,,,,,,,,,,,,,,,,,,,,,,,,,,,,,,,,,,,,,,,,
1.7758752984548495e+18,-374.9422302246094,-1251.1383056640625,-375.3402404785156,-75.04454040527344,-499.9269104003906,-374.7577819824219,-361.79534912109375,-374.79376220703125,,,,,,,,,,,,,,,,,,,,,,,,,,,,,,,,,,,,,,,,,,,,,,,,,,,,,,,,,,,,,,,,,,,
1.7758752984548603e+18,,,,,,,,,-374.9717102050781,-1249.685546875,-374.6589050292969,-74.9873275756836,-75.01773834228516,-75.04151153564453,-500.1142272949219,-375.394775390625,,,,,,,,,,,,,,,,,,,,,,,,,,,,,,,,,,,,,,,,,,,,,,,,,,,,,,,,,,,
1.7758752984556058e+18,,,,,,,,,,,,,,,,,,,,,,,,,,,,,-215.71531677246094,-21.571531295776367,-21.571531295776367,-21.571531295776367,-21.571531295776367,-21.571531295776367,-180.4763641357422,,,,,,,,,,,,,,,,,,,,,,,,,,,,,,,,,,,,,,,,
1.7758752984556616e+18,,,,,,,,,,,,,,,,,-291.43280029296875,-278.5536804199219,-296.7224426269531,-294.882568359375,-257.6251220703125,-287.7530517578125,-276.02386474609375,-256.9351806640625,108.25556945800781,43.30222702026367,43.30222702026367,-299.5643310546875,,,,,,,,,,,,,,,,,,,,,,,,,,,,,,,,,,,,,,,,,,,,,,,
1.7758752984558497e+18,-374.9422302246094,-1249.8046875,-375.0940246582031,-74.9707260131836,-499.9679260253906,-375.18853759765625,-367.7977600097656,-374.8860168457031,,,,,,,,,,,,,,,,,,,,,,,,,,,,,,,,,,,,,,,,,,,,,,,,,,,,,,,,,,,,,,,,,,,
1.7758752984558605e+18,,,,,,,,,-374.6951904296875,-1248.86572265625,-374.7511291503906,-74.96888732910156,-74.931640625,-74.96151733398438,-499.5400390625,-374.6566467285156,,,,,,,,,,,,,,,,,,,,,,,,,,,,,,,,,,,,,,,,,,,,,,,,,,,,,,,,,,,
1.7758752984566057e+18,,,,,,,,,,,,,,,,,,,,,,,,,,,,,-215.71531677246094,-21.571531295776367,-21.571531295776367,-21.571531295776367,-21.571531295776367,-21.571531295776367,-180.41067504882812,,,,,,,,,,,,,,,,,,,,,,,,,,,,,,,,,,,,,,,,
1.7758752984566618e+18,,,,,,,,,,,,,,,,,-287.9830322265625,-300.6321716308594,-263.3747253417969,-305.92181396484375,-282.0034484863281,-280.16357421875,-303.8519592285156,-279.24365234375,108.25556945800781,43.30222702026367,43.30222702026367,-299.79534912109375,,,,,,,,,,,,,,,,,,,,,,,,,,,,,,,,,,,,,,,,,,,,,,,
1.7758752984568497e+18,-375.0345458984375,-1250.0098876953125,-374.8478088378906,-74.97687530517578,-499.76287841796875,-374.4500732421875,-365.76617431640625,-374.8860168457031,,,,,,,,,,,,,,,,,,,,,,,,,,,,,,,,,,,,,,,,,,,,,,,,,,,,,,,,,,,,,,,,,,,
1.7758752984568607e+18,,,,,,,,,-375.37115478515625,-1250.1978759765625,-375.05859375,-74.99962615966797,-74.98699188232422,-74.94921112060547,-499.5810546875,-374.7181701660156,,,,,,,,,,,,,,,,,,,,,,,,,,,,,,,,,,,,,,,,,,,,,,,,,,,,,,,,,,,
1.775875298457606e+18,,,,,,,,,,,,,,,,,,,,,,,,,,,,,-215.71531677246094,-21.571531295776367,-21.571531295776367,-21.571531295776367,-21.571531295776367,-21.572189331054688,-180.41067504882812,,,,,,,,,,,,,,,,,,,,,,,,,,,,,,,,,,,,,,,,
1.7758752984576617e+18,,,,,,,,,,,,,,,,,-297.64239501953125,-305.00189208984375,-281.3135070800781,-309.1416015625,-296.4924621582031,-264.524658203125,-279.93359375,-297.41241455078125,108.25556945800781,43.30222702026367,43.30222702026367,-299.0561218261719,,,,,,,,,,,,,,,,,,,,,,,,,,,,,,,,,,,,,,,,,,,,,,,
1.7758752984578496e+18,-375.0345458984375,-1249.3944091796875,-374.9401550292969,-74.98918151855469,-499.55780029296875,-374.5116271972656,-368.321044921875,-374.76300048828125,,,,,,,,,,,,,,,,,,,,,,,,,,,,,,,,,,,,,,,,,,,,,,,,,,,,,,,,,,,,,,,,,,,
1.7758752984578609e+18,,,,,,,,,-375.37115478515625,-1250.3004150390625,-375.3353271484375,-75.0303726196289,-74.9992904663086,-74.9984359741211,-500.0321960449219,-374.9642028808594,,,,,,,,,,,,,,,,,,,,,,,,,,,,,,,,,,,,,,,,,,,,,,,,,,,,,,,,,,,
1.775875298458603e+18,,,,,,,,,,,,,,,,,,,,,,,,,,,,,,,,,,,,,,,,,,,,,,,,,,,,,0.0,0.0,0.0,0.0,0.0,0.0,0.0,0.0,0.0,0.0,0.0,0.0,0.0,0.0,0.0,0.0,0.0,0.0,0.0,0.0,0.0,0.0,0.0
1.7758752984586058e+18,,,,,,,,,,,,,,,,,,,,,,,,,,,,,-215.71531677246094,-21.571531295776367,-21.571531295776367,-21.571531295776367,-21.570873260498047,-21.571531295776367,-180.34500122070312,,,,,,,,,,,,,,,,,,,,,,,,,,,,,,,,,,,,,,,,
1.775875298458662e+18,,,,,,,,,,,,,,,,,-287.2930908203125,-280.16357421875,-308.4516296386719,-305.46185302734375,-273.4940490722656,-296.0325012207031,-311.2114562988281,-292.3527526855469,108.25556945800781,43.30222702026367,43.30222702026367,-298.2244567871094,,,,,,,,,,,,,,,,,,,,,,,,,,,,,,,,,,,,,,,,,,,,,,,
1.7758752984588498e+18,-375.0653076171875,-1251.3433837890625,-375.40179443359375,-75.03839111328125,-500.5010986328125,-375.09625244140625,-370.29107666015625,-374.82452392578125,,,,,,,,,,,,,,,,,,,,,,,,,,,,,,,,,,,,,,,,,,,,,,,,,,,,,,,,,,,,,,,,,,,
1.7758752984588608e+18,,,,,,,,,-374.8795471191406,-1250.3004150390625,-375.24310302734375,-75.04267120361328,-75.01158905029297,-74.9676742553711,-499.5810546875,-374.6566467285156,,,,,,,,,,,,,,,,,,,,,,,,,,,,,,,,,,,,,,,,,,,,,,,,,,,,,,,,,,,
1.775875298459606e+18,,,,,,,,,,,,,,,,,,,,,,,,,,,,,-215.71531677246094,-21.571531295776367,-21.571531295776367,-21.571531295776367,-21.571531295776367,-21.571531295776367,-180.37783813476562,,,,,,,,,,,,,,,,,,,,,,,,,,,,,,,,,,,,,,,,
1.7758752984596618e+18,,,,,,,,,,,,,,,,,-309.6015625,-294.192626953125,-323.860595703125,-302.9320373535156,-288.2130432128906,-311.2114562988281,-274.8739318847656,-284.7632751464844,108.25556945800781,43.30222702026367,43.30222702026367,-301.9514465332031,,,,,,,,,,,,,,,,,,,,,,,,,,,,,,,,,,,,,,,,,,,,,,,
1.7758752984598497e+18,-375.21917724609375,-1250.5228271484375,-374.9401550292969,-74.9522705078125,-499.63983154296875,-374.72698974609375,-363.9808349609375,-374.6092529296875,,,,,,,,,,,,,,,,,,,,,,,,,,,,,,,,,,,,,,,,,,,,,,,,,,,,,,,,,,,,,,,,,,,
1.775875298459861e+18,,,,,,,,,-375.1867980957031,-1251.017822265625,-375.24310302734375,-75.01192474365234,-75.02388763427734,-75.0230484008789,-499.8681335449219,-374.6566467285156,,,,,,,,,,,,,,,,,,,,,,,,,,,,,,,,,,,,,,,,,,,,,,,,,,,,,,,,,,,
1.7758752984601856e+18,,,,,,,,,,,,,,,,,,,,,,,,,,,,,,,,,,,,,,,,,,,,,,,,,,0.0,0.0,0.0,,,,,,,,,,,,,,,,,,,,,,,
1.775875298460606e+18,,,,,,,,,,,,,,,,,,,,,,,,,,,,,-215.71531677246094,-21.571531295776367,-21.571531295776367,-21.571531295776367,-21.571531295776367,-21.571531295776367,-180.34500122070312,,,,,,,,,,,,,,,,,,,,,,,,,,,,,,,,,,,,,,,,
1.775875298460662e+18,,,,,,,,,,,,,,,,,-314.4312438964844,-293.962646484375,-290.74285888671875,-319.0309143066406,-276.71380615234375,-311.6714172363281,-286.6031494140625,-305.46185302734375,108.25556945800781,43.30222702026367,43.30222702026367,-300.5345764160156,,,,,,,,,,,,,,,,,,,,,,,,,,,,,,,,,,,,,,,,,,,,,,,
1.77587529846085e+18,-375.24993896484375,-1250.6253662109375,-375.4325866699219,-75.06914520263672,-500.1319885253906,-374.880859375,-376.72442626953125,-374.8552551269531,,,,,,,,,,,,,,,,,,,,,,,,,,,,,,,,,,,,,,,,,,,,,,,,,,,,,,,,,,,,,,,,,,,
1.7758752984608612e+18,,,,,,,,,-375.1253662109375,-1250.40283203125,-375.1200866699219,-75.04267120361328,-75.06078338623047,-75.01689910888672,-499.9091491699219,-374.9642028808594,,,,,,,,,,,,,,,,,,,,,,,,,,,,,,,,,,,,,,,,,,,,,,,,,,,,,,,,,,,
1.7758752984616061e+18,,,,,,,,,,,,,,,,,,,,,,,,,,,,,-215.71531677246094,-21.571531295776367,-21.571531295776367,-21.571531295776367,-21.571531295776367,-21.571531295776367,-180.34500122070312,,,,,,,,,,,,,,,,,,,,,,,,,,,,,,,,,,,,,,,,
1.7758752984616622e+18,,,,,,,,,,,,,,,,,-320.18084716796875,-328.92022705078125,-291.8927917480469,-303.6219787597656,-318.1109924316406,-298.33233642578125,-274.4139709472656,-310.0615234375,108.25556945800781,43.30222702026367,43.30222702026367,-301.8282470703125,,,,,,,,,,,,,,,,,,,,,,,,,,,,,,,,,,,,,,,,,,,,,,,
1.7758752984618499e+18,-375.1268615722656,-1251.548583984375,-375.40179443359375,-75.03224182128906,-500.5010986328125,-375.4346923828125,-376.4166259765625,-374.6707458496094,,,,,,,,,,,,,,,,,,,,,,,,,,,,,,,,,,,,,,,,,,,,,,,,,,,,,,,,,,,,,,,,,,,
1.7758752984618614e+18,,,,,,,,,-375.06390380859375,-1250.3004150390625,-375.24310302734375,-75.0365219116211,-75.03003692626953,-75.04766082763672,-500.3603210449219,-375.05645751953125,,,,,,,,,,,,,,,,,,,,,,,,,,,,,,,,,,,,,,,,,,,,,,,,,,,,,,,,,,,
1.775875298462606e+18,,,,,,,,,,,,,,,,,,,,,,,,,,,,,-215.71531677246094,-21.571531295776367,-21.571531295776367,-21.571531295776367,-21.571531295776367,-21.572189331054688,-180.31214904785156,,,,,,,,,,,,,,,,,,,,,,,,,,,,,,,,,,,,,,,,
1.7758752984626621e+18,,,,,,,,,,,,,,,,,-299.9422302246094,-335.12982177734375,-307.3017272949219,-297.64239501953125,-317.1910400390625,-290.51287841796875,-295.342529296875,-314.6612243652344,108.25556945800781,43.30222702026367,43.30222702026367,-300.54998779296875,,,,,,,,,,,,,,,,,,,,,,,,,,,,,,,,,,,,,,,,,,,,,,,
1.7758752984628498e+18,-374.9422302246094,-1249.3944091796875,-374.90936279296875,-75.00763702392578,-500.3370361328125,-375.2500915527344,-383.52716064453125,-375.2550354003906,,,,,,,,,,,,,,,,,,,,,,,,,,,,,,,,,,,,,,,,,,,,,,,,,,,,,,,,,,,,,,,,,,,
1.7758752984628616e+18,,,,,,,,,-374.6951904296875,-1248.76318359375,-374.72039794921875,-74.99962615966797,-75.03003692626953,-75.05381774902344,-500.1552429199219,-374.9949645996094,,,,,,,,,,,,,,,,,,,,,,,,,,,,,,,,,,,,,,,,,,,,,,,,,,,,,,,,,,,
1.7758752984636063e+18,,,,,,,,,,,,,,,,,,,,,,,,,,,,,-215.71531677246094,-21.571531295776367,-21.571531295776367,-21.570873260498047,-21.571531295776367,-21.572189331054688,-180.31214904785156,,,,,,,,,,,,,,,,,,,,,,,,,,,,,,,,,,,,,,,,
1.7758752984636623e+18,,,,,,,,,,,,,,,,,-311.4414367675781,-285.9131774902344,-318.5709533691406,-298.56231689453125,-299.4822692871094,-321.5607604980469,-289.5929260253906,-335.58978271484375,108.25556945800781,43.30222702026367,43.30222702026367,-299.61053466796875,,,,,,,,,,,,,,,,,,,,,,,,,,,,,,,,,,,,,,,,,,,,,,,
1.77587529846385e+18,-374.8807067871094,-1248.47119140625,-374.9401550292969,-75.02608489990234,-500.6241455078125,-375.3424072265625,-374.6928405761719,-374.8552551269531,,,,,,,,,,,,,,,,,,,,,,,,,,,,,,,,,,,,,,,,,,,,,,,,,,,,,,,,,,,,,,,,,,,
1.7758752984638615e+18,,,,,,,,,-374.7566223144531,-1249.5830078125,-374.93560791015625,-75.0365219116211,-75.02388763427734,-74.98612976074219,-499.6220397949219,-374.7181701660156,,,,,,,,,,,,,,,,,,,,,,,,,,,,,,,,,,,,,,,,,,,,,,,,,,,,,,,,,,,
1.7758752984646062e+18,,,,,,,,,,,,,,,,,,,,,,,,,,,,,-215.71531677246094,-21.571531295776367,-21.571531295776367,-21.571531295776367,-21.571531295776367,-21.572189331054688,-180.34500122070312,,,,,,,,,,,,,,,,,,,,,,,,,,,,,,,,,,,,,,,,
1.7758752984646623e+18,,,,,,,,,,,,,,,,,-312.59136962890625,-320.87078857421875,-282.46343994140625,-323.860595703125,-294.192626953125,-300.4021911621094,-320.87078857421875,-298.56231689453125,108.25556945800781,43.30222702026367,43.30222702026367,-301.551025390625,,,,,,,,,,,,,,,,,,,,,,,,,,,,,,,,,,,,,,,,,,,,,,,
1.77587529846485e+18,-374.84991455078125,-1250.215087890625,-375.2786865234375,-75.07530212402344,-500.2960205078125,-375.18853759765625,-374.5389404296875,-374.76300048828125,,,,,,,,,,,,,,,,,,,,,,,,,,,,,,,,,,,,,,,,,,,,,,,,,,,,,,,,,,,,,,,,,,,
1.7758752984648617e+18,,,,,,,,,-374.6029968261719,-1249.685546875,-375.05859375,-75.0365219116211,-75.05463409423828,-74.9922866821289,-499.5810546875,-374.5028991699219,,,,,,,,,,,,,,,,,,,,,,,,,,,,,,,,,,,,,,,,,,,,,,,,,,,,,,,,,,,
1.7758752984648717e+18,,,,,,,,,,,,,,,,,,,,,,,,,,,,,,,,,,,,2297.5263671875,22.000091552734375,2297.5263671875,2297.5263671875,2297.5263671875,2297.5263671875,2297.5263671875,24.6361026763916,2297.5263671875,2297.5263671875,2297.5263671875,2297.5263671875,2297.5263671875,2297.5263671875,,,,,,,,,,,,,,,,,,,,,,,,,,
1.7758752984656061e+18,,,,,,,,,,,,,,,,,,,,,,,,,,,,,-215.71531677246094,-21.572189331054688,-21.570873260498047,-21.571531295776367,-21.571531295776367,-21.571531295776367,-180.45994567871094,,,,,,,,,,,,,,,,,,,,,,,,,,,,,,,,,,,,,,,,
1.7758752984656625e+18,,,,,,,,,,,,,,,,,-309.83154296875,-284.07330322265625,-312.36138916015625,-307.3017272949219,-287.5230712890625,-319.4908752441406,-285.6831970214844,-303.6219787597656,108.25556945800781,43.30222702026367,43.30222702026367,-300.5037841796875,,,,,,,,,,,,,,,,,,,,,,,,,,,,,,,,,,,,,,,,,,,,,,,
1.77587529846585e+18,-374.78839111328125,-1249.7021484375,-375.1863708496094,-75.06914520263672,-500.5421142578125,-375.2500915527344,-383.52716064453125,-375.009033203125,,,,,,,,,,,,,,,,,,,,,,,,,,,,,,,,,,,,,,,,,,,,,,,,,,,,,,,,,,,,,,,,,,,
1.775875298465862e+18,,,,,,,,,-374.8180847167969,-1248.86572265625,-374.8741149902344,-75.01192474365234,-75.06078338623047,-75.04766082763672,-500.1962585449219,-375.333251953125,,,,,,,,,,,,,,,,,,,,,,,,,,,,,,,,,,,,,,,,,,,,,,,,,,,,,,,,,,,
1.7758752984660736e+18,,,,,,,,,,,,,,,,,,,,,,,,,,,,,,,,,,,,,,,,,,,,,,,,,,,,,0.0,0.0,0.0,0.0,0.0,0.0,0.0,0.0,0.0,0.0,0.0,0.0,0.0,0.0,0.0,0.0,0.0,0.0,0.0,0.0,0.0,0.0,0.0
1.7758752984666063e+18,,,,,,,,,,,,,,,,,,,,,,,,,,,,,-215.71531677246094,-21.571531295776367,-21.571531295776367,-21.572189331054688,-21.571531295776367,-21.571531295776367,-180.39425659179688,,,,,,,,,,,,,,,,,,,,,,,,,,,,,,,,,,,,,,,,
1.7758752984666627e+18,,,,,,,,,,,,,,,,,-307.0717468261719,-281.3135070800781,-299.9422302246094,-329.8401794433594,-283.38336181640625,-280.8535461425781,-300.8621520996094,-279.4736328125,108.25556945800781,43.30222702026367,43.30222702026367,-300.54998779296875,,,,,,,,,,,,,,,,,,,,,,,,,,,,,,,,,,,,,,,,,,,,,,,
1.77587529846685e+18,-375.1576232910156,-1249.8046875,-374.8170166015625,-74.92766571044922,-499.8858947753906,-375.18853759765625,-376.5089416503906,-375.50103759765625,,,,,,,,,,,,,,,,,,,,,,,,,,,,,,,,,,,,,,,,,,,,,,,,,,,,,,,,,,,,,,,,,,,
1.775875298466862e+18,,,,,,,,,-375.2482604980469,-1249.7879638671875,-374.7818908691406,-74.96888732910156,-74.92549133300781,-74.97998046875,-500.0732116699219,-375.333251953125,,,,,,,,,,,,,,,,,,,,,,,,,,,,,,,,,,,,,,,,,,,,,,,,,,,,,,,,,,,
1.775875298467171e+18,,,,,,,,,,,,,,,,,,,,,,,,,,,,,,,,,,,,,,,,,,,,,,,,,,0.0,0.0,0.0,,,,,,,,,,,,,,,,,,,,,,,
1.7758752984676063e+18,,,,,,,,,,,,,,,,,,,,,,,,,,,,,-215.71531677246094,-21.571531295776367,-21.571531295776367,-21.571531295776367,-21.570873260498047,-21.571531295776367,-180.5092010498047,,,,,,,,,,,,,,,,,,,,,,,,,,,,,,,,,,,,,,,,
1.7758752984676626e+18,,,,,,,,,,,,,,,,,-298.79229736328125,-329.6101989746094,-288.4430236816406,-288.4430236816406,-300.1722106933594,-272.1141357421875,-268.20440673828125,-305.92181396484375,108.25556945800781,43.30222702026367,43.30222702026367,-299.13311767578125,,,,,,,,,,,,,,,,,,,,,,,,,,,,,,,,,,,,,,,,,,,,,,,
1.77587529846785e+18,-375.28070068359375,-1250.420166015625,-374.6323547363281,-74.9399642944336,-499.68084716796875,-374.91162109375,-372.076416015625,-375.2550354003906,,,,,,,,,,,,,,,,,,,,,,,,,,,,,,,,,,,,,,,,,,,,,,,,,,,,,,,,,,,,,,,,,,,
1.7758752984678623e+18,,,,,,,,,-375.4326171875,-1250.6077880859375,-374.93560791015625,-74.96273803710938,-74.931640625,-74.9676742553711,-499.9911804199219,-374.9027099609375,,,,,,,,,,,,,,,,,,,,,,,,,,,,,,,,,,,,,,,,,,,,,,,,,,,,,,,,,,,
1.7758752984686065e+18,,,,,,,,,,,,,,,,,,,,,,,,,,,,,-215.71531677246094,-21.570873260498047,-21.571531295776367,-21.571531295776367,-21.572189331054688,-21.571531295776367,-180.5092010498047,,,,,,,,,,,,,,,,,,,,,,,,,,,,,,,,,,,,,,,,
1.7758752984686628e+18,,,,,,,,,,,,,,,,,-288.2130432128906,-285.4532165527344,-304.5419006347656,-304.0819396972656,-267.0544738769531,-267.2844543457031,-290.97283935546875,-302.7020263671875,108.25556945800781,43.30222702026367,43.30222702026367,-297.91644287109375,,,,,,,,,,,,,,,,,,,,,,,,,,,,,,,,,,,,,,,,,,,,,,,
1.7758752984688502e+18,-375.0653076171875,-1250.6253662109375,-375.1863708496094,-75.08760070800781,-500.4190673828125,-374.9423828125,-365.0274353027344,-374.5784912109375,,,,,,,,,,,,,,,,,,,,,,,,,,,,,,,,,,,,,,,,,,,,,,,,,,,,,,,,,,,,,,,,,,,
1.7758752984688625e+18,,,,,,,,,-375.0946350097656,-1250.1978759765625,-375.24310302734375,-75.01192474365234,-75.03003692626953,-74.9984359741211,-499.6630554199219,-374.8104248046875,,,,,,,,,,,,,,,,,,,,,,,,,,,,,,,,,,,,,,,,,,,,,,,,,,,,,,,,,,,
1.7758752984696064e+18,,,,,,,,,,,,,,,,,,,,,,,,,,,,,-215.71531677246094,-21.571531295776367,-21.571531295776367,-21.571531295776367,-21.571531295776367,-21.572189331054688,-180.5584716796875,,,,,,,,,,,,,,,,,,,,,,,,,,,,,,,,,,,,,,,,
1.7758752984696627e+18,,,,,,,,,,,,,,,,,-276.9438171386719,-291.20281982421875,-307.7616882324219,-281.0835266113281,-283.38336181640625,-291.43280029296875,-250.265625,-290.74285888671875,108.25556945800781,43.30222702026367,43.30222702026367,-300.3497619628906,,,,,,,,,,,,,,,,,,,,,,,,,,,,,,,,,,,,,,,,,,,,,,,
1.77587529846985e+18,-374.7268371582031,-1248.7789306640625,-374.7554626464844,-74.97687530517578,-499.47576904296875,-374.91162109375,-375.4623718261719,-375.19354248046875,,,,,,,,,,,,,,,,,,,,,,,,,,,,,,,,,,,,,,,,,,,,,,,,,,,,,,,,,,,,,,,,,,,
1.7758752984698624e+18,,,,,,,,,-374.9717102050781,-1249.173095703125,-374.7511291503906,-74.96888732910156,-74.96853637695312,-74.93075561523438,-499.7450866699219,-374.8411865234375,,,,,,,,,,,,,,,,,,,,,,,,,,,,,,,,,,,,,,,,,,,,,,,,,,,,,,,,,,,
1.7758752984706066e+18,,,,,,,,,,,,,,,,,,,,,,,,,,,,,-215.71531677246094,-21.571531295776367,-21.571531295776367,-21.571531295776367,-21.571531295776367,-21.571531295776367,-180.49278259277344,,,,,,,,,,,,,,,,,,,,,,,,,,,,,,,,,,,,,,,,
1.775875298470663e+18,,,,,,,,,,,,,,,,,-302.7020263671875,-274.8739318847656,-266.5945129394531,-301.0921630859375,-259.0050354003906,-277.1737976074219,-299.4822692871094,-276.25384521484375,108.25556945800781,43.30222702026367,43.30222702026367,-300.1649475097656,,,,,,,,,,,,,,,,,,,,,,,,,,,,,,,,,,,,,,,,,,,,,,,
1.7758752984708503e+18,-374.78839111328125,-1249.7021484375,-374.8785705566406,-75.03224182128906,-500.2550354003906,-375.61932373046875,-383.52716064453125,-375.0397644042969,,,,,,,,,,,,,,,,,,,,,,,,,,,,,,,,,,,,,,,,,,,,,,,,,,,,,,,,,,,,,,,,,,,
1.7758752984708626e+18,,,,,,,,,-374.572265625,-1249.275634765625,-374.9971008300781,-75.01192474365234,-75.03618621826172,-75.02920532226562,-500.3603210449219,-375.08721923828125,,,,,,,,,,,,,,,,,,,,,,,,,,,,,,,,,,,,,,,,,,,,,,,,,,,,,,,,,,,
1.7758752984716065e+18,,,,,,,,,,,,,,,,,,,,,,,,,,,,,-215.71531677246094,-21.571531295776367,-21.571531295776367,-21.571531295776367,-21.571531295776367,-21.571531295776367,-180.525634765625,,,,,,,,,,,,,,,,,,,,,,,,,,,,,,,,,,,,,,,,
1.7758752984716628e+18,,,,,,,,,,,,,,,,,-276.48382568359375,-274.4139709472656,-294.652587890625,-270.9642028808594,-279.93359375,-299.4822692871094,-263.8346862792969,-303.6219787597656,108.25556945800781,43.30222702026367,43.30222702026367,-297.5006408691406,,,,,,,,,,,,,,,,,,,,,,,,,,,,,,,,,,,,,,,,,,,,,,,
1.7758752984718502e+18,-374.84991455078125,-1249.4969482421875,-375.3402404785156,-75.03224182128906,-499.76287841796875,-374.4500732421875,-371.5838928222656,-375.2550354003906,,,,,,,,,,,,,,,,,,,,,,,,,,,,,,,,,,,,,,,,,,,,,,,,,,,,,,,,,,,,,,,,,,,
1.7758752984718628e+18,,,,,,,,,-374.787353515625,-1249.992919921875,-375.3968200683594,-74.9873275756836,-74.95623779296875,-74.9922866821289,-500.44232177734375,-375.05645751953125,,,,,,,,,,,,,,,,,,,,,,,,,,,,,,,,,,,,,,,,,,,,,,,,,,,,,,,,,,,
1.7758752984726067e+18,,,,,,,,,,,,,,,,,,,,,,,,,,,,,-215.71531677246094,-21.571531295776367,-21.571531295776367,-21.571531295776367,-21.571531295776367,-21.571531295776367,-180.49278259277344,,,,,,,,,,,,,,,,,,,,,,,,,,,,,,,,,,,,,,,,
1.775875298472663e+18,,,,,,,,,,,,,,,,,-290.97283935546875,-290.97283935546875,-291.8927917480469,-276.9438171386719,-291.66278076171875,-261.53485107421875,-284.7632751464844,-261.99481201171875,108.25556945800781,43.30222702026367,43.30222702026367,-298.4400939941406,,,,,,,,,,,,,,,,,,,,,,,,,,,,,,,,,,,,,,,,,,,,,,,
1.7758752984728502e+18,-374.81915283203125,-1248.984130859375,-374.8170166015625,-75.02608489990234,-500.5421142578125,-375.55780029296875,-379.1253967285156,-374.7015075683594,,,,,,,,,,,,,,,,,,,,,,,,,,,,,,,,,,,,,,,,,,,,,,,,,,,,,,,,,,,,,,,,,,,
1.775875298472863e+18,,,,,,,,,-374.9102783203125,-1249.3780517578125,-374.68963623046875,-75.01192474365234,-75.01773834228516,-75.04766082763672,-500.1142272949219,-374.8104248046875,,,,,,,,,,,,,,,,,,,,,,,,,,,,,,,,,,,,,,,,,,,,,,,,,,,,,,,,,,,
1.775875298473112e+18,,,,,,,,,,,,,,,,,,,,,,,,,,,,,,,,,,,,,,,,,,,,,,,,,,,,,0.0,0.0,0.0,0.0,0.0,0.0,0.0,0.0,0.0,0.0,0.0,0.0,0.0,0.0,0.0,0.0,0.0,0.0,0.0,0.0,0.0,0.0,0.0
1.7758752984736067e+18,,,,,,,,,,,,,,,,,,,,,,,,,,,,,-215.71531677246094,-21.571531295776367,-21.571531295776367,-21.571531295776367,-21.571531295776367,-21.571531295776367,-180.45994567871094,,,,,,,,,,,,,,,,,,,,,,,,,,,,,,,,,,,,,,,,
1.7758752984736632e+18,,,,,,,,,,,,,,,,,-270.9642028808594,-288.9029846191406,-294.422607421875,-266.3645324707031,-291.66278076171875,-299.9422302246094,-268.89434814453125,-305.23187255859375,108.25556945800781,43.30222702026367,43.30222702026367,-298.71728515625,,,,,,,,,,,,,,,,,,,,,,,,,,,,,,,,,,,,,,,,,,,,,,,
1.7758752984738504e+18,-374.81915283203125,-1250.0098876953125,-375.15557861328125,-75.08760070800781,-500.6241455078125,-375.3116149902344,-381.06463623046875,-374.76300048828125,,,,,,,,,,,,,,,,,,,,,,,,,,,,,,,,,,,,,,,,,,,,,,,,,,,,,,,,,,,,,,,,,,,
1.7758752984738632e+18,,,,,,,,,-374.7566223144531,-1249.3780517578125,-374.96636962890625,-75.00577545166016,-75.06078338623047,-75.05996704101562,-500.0321960449219,-374.6566467285156,,,,,,,,,,,,,,,,,,,,,,,,,,,,,,,,,,,,,,,,,,,,,,,,,,,,,,,,,,,
1.7758752984746068e+18,,,,,,,,,,,,,,,,,,,,,,,,,,,,,-215.708740234375,-21.571531295776367,-21.571531295776367,-21.571531295776367,-21.570873260498047,-21.571531295776367,-180.41067504882812,,,,,,,,,,,,,,,,,,,,,,,,,,,,,,,,,,,,,,,,
1.7758752984746632e+18,,,,,,,,,,,,,,,,,-293.2726745605469,-269.35430908203125,-303.3919982910156,-278.78369140625,-285.2232360839844,-305.92181396484375,-274.8739318847656,-317.1910400390625,108.25556945800781,43.30222702026367,43.30222702026367,-298.5478820800781,,,,,,,,,,,,,,,,,,,,,,,,,,,,,,,,,,,,,,,,,,,,,,,
1.7758752984748503e+18,-374.9114685058594,-1250.0098876953125,-375.3402404785156,-75.05068969726562,-500.2960205078125,-374.880859375,-368.6904296875,-374.82452392578125,,,,,,,,,,,,,,,,,,,,,,,,,,,,,,,,,,,,,,,,,,,,,,,,,,,,,,,,,,,,,,,,,,,
1.7758752984748575e+18,,,,,,,,,,,,,,,,,,,,,,,,,,,,,,,,,,,,,,,,,,,,,,,,,,0.0,0.0,0.0,,,,,,,,,,,,,,,,,,,,,,,
1.775875298474863e+18,,,,,,,,,-374.8180847167969,-1250.1978759765625,-375.2738342285156,-75.0365219116211,-75.01773834228516,-74.95536804199219,-499.5400390625,-374.6874084472656,,,,,,,,,,,,,,,,,,,,,,,,,,,,,,,,,,,,,,,,,,,,,,,,,,,,,,,,,,,
1.7758752984756068e+18,,,,,,,,,,,,,,,,,,,,,,,,,,,,,-215.71531677246094,-21.571531295776367,-21.571531295776367,-21.571531295776367,-21.570873260498047,-21.571531295776367,-180.39425659179688,,,,,,,,,,,,,,,,,,,,,,,,,,,,,,,,,,,,,,,,
1.7758752984756634e+18,,,,,,,,,,,,,,,,,-304.77191162109375,-326.1604309082031,-289.3629455566406,-293.5026550292969,-304.77191162109375,-285.9131774902344,-268.20440673828125,-309.83154296875,108.25556945800781,43.30222702026367,43.30222702026367,-299.9185485839844,,,,,,,,,,,,,,,,,,,,,,,,,,,,,,,,,,,,,,,,,,,,,,,
1.7758752984758502e+18,-375.1576232910156,-1251.651123046875,-375.4325866699219,-75.04454040527344,-500.6241455078125,-375.5270080566406,-381.24932861328125,-375.50103759765625,,,,,,,,,,,,,,,,,,,,,,,,,,,,,,,,,,,,,,,,,,,,,,,,,,,,,,,,,,,,,,,,,,,
1.7758752984758633e+18,,,,,,,,,-375.06390380859375,-1250.40283203125,-374.93560791015625,-74.99962615966797,-75.01773834228516,-75.03535461425781,-500.2372741699219,-375.2102355957031,,,,,,,,,,,,,,,,,,,,,,,,,,,,,,,,,,,,,,,,,,,,,,,,,,,,,,,,,,,
1.775875298476607e+18,,,,,,,,,,,,,,,,,,,,,,,,,,,,,-215.71531677246094,-21.571531295776367,-21.571531295776367,-21.571531295776367,-21.571531295776367,-21.571531295776367,-180.37783813476562,,,,,,,,,,,,,,,,,,,,,,,,,,,,,,,,,,,,,,,,
1.7758752984766633e+18,,,,,,,,,,,,,,,,,-317.4210205078125,-294.422607421875,-276.9438171386719,-316.7310791015625,-307.0717468261719,-294.652587890625,-296.0325012207031,-313.51129150390625,108.25556945800781,43.30222702026367,43.30222702026367,-298.5478820800781,,,,,,,,,,,,,,,,,,,,,,,,,,,,,,,,,,,,,,,,,,,,,,,
1.7758752984768504e+18,-374.8807067871094,-1249.086669921875,-375.032470703125,-75.04454040527344,-500.4190673828125,-375.55780029296875,-381.46478271484375,-375.5625305175781,,,,,,,,,,,,,,,,,,,,,,,,,,,,,,,,,,,,,,,,,,,,,,,,,,,,,,,,,,,,,,,,,,,
1.7758752984768635e+18,,,,,,,,,-374.6951904296875,-1249.4805908203125,-374.6281433105469,-74.99347686767578,-75.02388763427734,-75.0107421875,-500.3193054199219,-375.14874267578125,,,,,,,,,,,,,,,,,,,,,,,,,,,,,,,,,,,,,,,,,,,,,,,,,,,,,,,,,,,
1.775875298477373e+18,,,,,,,,,,,,,,,,,,,,,,,,,,,,,,,,,,,,2297.573486328125,22.116682052612305,2297.573486328125,2297.573486328125,2297.573486328125,2297.573486328125,2297.573486328125,24.71042823791504,2297.573486328125,2297.573486328125,2297.573486328125,2297.573486328125,2297.573486328125,2297.573486328125,,,,,,,,,,,,,,,,,,,,,,,,,,
1.775875298477607e+18,,,,,,,,,,,,,,,,,,,,,,,,,,,,,-215.708740234375,-21.570873260498047,-21.571531295776367,-21.571531295776367,-21.571531295776367,-21.571531295776367,-180.36141967773438,,,,,,,,,,,,,,,,,,,,,,,,,,,,,,,,,,,,,,,,
1.7758752984776635e+18,,,,,,,,,,,,,,,,,-284.7632751464844,-314.4312438964844,-310.29150390625,-282.69342041015625,-308.91162109375,-322.9406433105469,-287.7530517578125,-324.550537109375,108.25556945800781,43.30222702026367,43.30222702026367,-299.7645568847656,,,,,,,,,,,,,,,,,,,,,,,,,,,,,,,,,,,,,,,,,,,,,,,
1.7758752984778504e+18,-374.7268371582031,-1249.8046875,-375.2171325683594,-75.05068969726562,-500.4600830078125,-375.3116149902344,-383.52716064453125,-375.19354248046875,,,,,,,,,,,,,,,,,,,,,,,,,,,,,,,,,,,,,,,,,,,,,,,,,,,,,,,,,,,,,,,,,,,
1.7758752984778637e+18,,,,,,,,,-374.787353515625,-1248.9681396484375,-374.93560791015625,-75.01192474365234,-75.0484848022461,-75.04766082763672,-500.2372741699219,-375.3025207519531,,,,,,,,,,,,,,,,,,,,,,,,,,,,,,,,,,,,,,,,,,,,,,,,,,,,,,,,,,,
1.775875298478607e+18,,,,,,,,,,,,,,,,,,,,,,,,,,,,,-215.71531677246094,-21.571531295776367,-21.571531295776367,-21.571531295776367,-21.572189331054688,-21.570873260498047,-180.36141967773438,,,,,,,,,,,,,,,,,,,,,,,,,,,,,,,,,,,,,,,,
1.7758752984786634e+18,,,,,,,,,,,,,,,,,-304.5419006347656,-299.4822692871094,-318.5709533691406,-289.8229064941406,-300.6321716308594,-312.36138916015625,-274.6439514160156,-318.3409729003906,108.25556945800781,43.30222702026367,43.30222702026367,-300.65777587890625,,,,,,,,,,,,,,,,,,,,,,,,,,,,,,,,,,,,,,,,,,,,,,,
1.7758752984788506e+18,-375.1883850097656,-1250.7279052734375,-375.494140625,-75.06299591064453,-500.0499572753906,-374.63470458984375,-368.38262939453125,-374.7322692871094,,,,,,,,,,,,,,,,,,,,,,,,,,,,,,,,,,,,,,,,,,,,,,,,,,,,,,,,,,,,,,,,,,,
1.775875298478864e+18,,,,,,,,,-375.00244140625,-1250.50537109375,-375.1200866699219,-75.04882049560547,-75.0484848022461,-74.9984359741211,-499.5810546875,-374.6874084472656,,,,,,,,,,,,,,,,,,,,,,,,,,,,,,,,,,,,,,,,,,,,,,,,,,,,,,,,,,,
1.775875298479607e+18,,,,,,,,,,,,,,,,,,,,,,,,,,,,,-215.71531677246094,-21.572189331054688,-21.571531295776367,-21.571531295776367,-21.570873260498047,-21.571531295776367,-180.39425659179688,,,,,,,,,,,,,,,,,,,,,,,,,,,,,,,,,,,,,,,,
1.7758752984796636e+18,,,,,,,,,,,,,,,,,-322.0207214355469,-315.8111267089844,-283.38336181640625,-319.4908752441406,-328.00030517578125,-307.3017272949219,-284.5332946777344,-317.1910400390625,108.25556945800781,43.30222702026367,43.30222702026367,-302.55206298828125,,,,,,,,,,,,,,,,,,,,,,,,,,,,,,,,,,,,,,,,,,,,,,,
1.7758752984798505e+18,-375.31146240234375,-1251.4459228515625,-375.032470703125,-74.9399642944336,-499.72186279296875,-374.69622802734375,-367.05902099609375,-374.6400146484375,,,,,,,,,,,,,,,,,,,,,,,,,,,,,,,,,,,,,,,,,,,,,,,,,,,,,,,,,,,,,,,,,,,
1.775875298479864e+18,,,,,,,,,-375.15606689453125,-1251.1202392578125,-375.3353271484375,-75.00577545166016,-74.96238708496094,-74.94921112060547,-499.6630554199219,-374.7796936035156,,,,,,,,,,,,,,,,,,,,,,,,,,,,,,,,,,,,,,,,,,,,,,,,,,,,,,,,,,,
1.7758752984806072e+18,,,,,,,,,,,,,,,,,,,,,,,,,,,,,-215.71531677246094,-21.572189331054688,-21.571531295776367,-21.571531295776367,-21.571531295776367,-21.571531295776367,-180.36141967773438,,,,,,,,,,,,,,,,,,,,,,,,,,,,,,,,,,,,,,,,
1.7758752984806638e+18,,,,,,,,,,,,,,,,,-314.8912048339844,-286.6031494140625,-303.8519592285156,-319.72088623046875,-281.3135070800781,-301.7821044921875,-323.860595703125,-307.5317077636719,108.25556945800781,43.30222702026367,43.30222702026367,-299.31793212890625,,,,,,,,,,,,,,,,,,,,,,,,,,,,,,,,,,,,,,,,,,,,,,,
1.7758752984808504e+18,-374.78839111328125,-1248.5738525390625,-374.7554626464844,-74.97687530517578,-499.51678466796875,-374.72698974609375,-369.6754455566406,-374.79376220703125,,,,,,,,,,,,,,,,,,,,,,,,,,,,,,,,,,,,,,,,,,,,,,,,,,,,,,,,,,,,,,,,,,,
1.7758752984808643e+18,,,,,,,,,-374.9717102050781,-1249.275634765625,-374.8741149902344,-74.98118591308594,-74.93778991699219,-74.93690490722656,-499.6220397949219,-374.7796936035156,,,,,,,,,,,,,,,,,,,,,,,,,,,,,,,,,,,,,,,,,,,,,,,,,,,,,,,,,,,
1.7758752984814408e+18,,,,,,,,,,,,,,,,,,,,,,,,,,,,,,,,,,,,,,,,,,,,,,,,,,,,,0.0,0.0,0.0,0.0,0.0,0.0,0.0,0.0,0.0,0.0,0.0,0.0,0.0,0.0,0.0,0.0,0.0,0.0,0.0,0.0,0.0,0.0,0.0
1.7758752984816072e+18,,,,,,,,,,,,,,,,,,,,,,,,,,,,,-215.71531677246094,-21.571531295776367,-21.572189331054688,-21.572189331054688,-21.571531295776367,-21.571531295776367,-180.37783813476562,,,,,,,,,,,,,,,,,,,,,,,,,,,,,,,,,,,,,,,,
1.7758752984816637e+18,,,,,,,,,,,,,,,,,-319.2608947753906,-288.9029846191406,-311.6714172363281,-290.74285888671875,-306.61175537109375,-293.962646484375,-285.6831970214844,-311.9013977050781,108.25556945800781,43.30222702026367,43.30222702026367,-300.9966125488281,,,,,,,,,,,,,,,,,,,,,,,,,,,,,,,,,,,,,,,,,,,,,,,
1.7758752984818506e+18,-375.0037841796875,-1248.984130859375,-374.7554626464844,-75.01993560791016,-500.5010986328125,-375.5270080566406,-378.0172424316406,-374.76300048828125,,,,,,,,,,,,,,,,,,,,,,,,,,,,,,,,,,,,,,,,,,,,,,,,,,,,,,,,,,,,,,,,,,,
1.7758752984818642e+18,,,,,,,,,-374.94097900390625,-1249.275634765625,-374.6281433105469,-74.99962615966797,-75.02388763427734,-75.04151153564453,-499.8271179199219,-374.6874084472656,,,,,,,,,,,,,,,,,,,,,,,,,,,,,,,,,,,,,,,,,,,,,,,,,,,,,,,,,,,
1.775875298481915e+18,,,,,,,,,,,,,,,,,,,,,,,,,,,,,,,,,,,,,,,,,,,,,,,,,,0.0,0.0,0.0,,,,,,,,,,,,,,,,,,,,,,,
1.7758752984826074e+18,,,,,,,,,,,,,,,,,,,,,,,,,,,,,-215.71531677246094,-21.571531295776367,-21.571531295776367,-21.571531295776367,-21.571531295776367,-21.572189331054688,-180.45994567871094,,,,,,,,,,,,,,,,,,,,,,,,,,,,,,,,,,,,,,,,
1.775875298482664e+18,,,,,,,,,,,,,,,,,-278.78369140625,-314.4312438964844,-296.4924621582031,-277.4037780761719,-296.7224426269531,-322.9406433105469,-282.69342041015625,-282.46343994140625,108.25556945800781,43.30222702026367,43.30222702026367,-299.7491455078125,,,,,,,,,,,,,,,,,,,,,,,,,,,,,,,,,,,,,,,,,,,,,,,
1.7758752984828506e+18,-375.1883850097656,-1251.4459228515625,-375.3402404785156,-75.03839111328125,-500.4190673828125,-375.2500915527344,-377.12457275390625,-374.9167785644531,,,,,,,,,,,,,,,,,,,,,,,,,,,,,,,,,,,,,,,,,,,,,,,,,,,,,,,,,,,,,,,,,,,
1.7758752984828644e+18,,,,,,,,,-374.9102783203125,-1249.7879638671875,-374.6589050292969,-74.97503662109375,-74.96853637695312,-74.93075561523438,-499.6630554199219,-374.53363037109375,,,,,,,,,,,,,,,,,,,,,,,,,,,,,,,,,,,,,,,,,,,,,,,,,,,,,,,,,,,
1.7758752984836073e+18,,,,,,,,,,,,,,,,,,,,,,,,,,,,,-215.708740234375,-21.570873260498047,-21.571531295776367,-21.570873260498047,-21.571531295776367,-21.572189331054688,-180.49278259277344,,,,,,,,,,,,,,,,,,,,,,,,,,,,,,,,,,,,,,,,
1.775875298483664e+18,,,,,,,,,,,,,,,,,-307.0717468261719,-320.41082763671875,-284.7632751464844,-279.24365234375,-291.43280029296875,-304.77191162109375,-290.74285888671875,-287.0631103515625,108.25556945800781,43.30222702026367,43.30222702026367,-298.2090759277344,,,,,,,,,,,,,,,,,,,,,,,,,,,,,,,,,,,,,,,,,,,,,,,
1.7758752984838508e+18,-374.84991455078125,-1249.4969482421875,-374.90936279296875,-74.9338150024414,-499.68084716796875,-374.4193115234375,-379.0946044921875,-375.0705261230469,,,,,,,,,,,,,,,,,,,,,,,,,,,,,,,,,,,,,,,,,,,,,,,,,,,,,,,,,,,,,,,,,,,
1.7758752984838643e+18,,,,,,,,,-374.63372802734375,-1249.992919921875,-374.9971008300781,-75.02422332763672,-75.05463409423828,-75.01689910888672,-500.1962585449219,-375.0257263183594,,,,,,,,,,,,,,,,,,,,,,,,,,,,,,,,,,,,,,,,,,,,,,,,,,,,,,,,,,,
1.7758752984846075e+18,,,,,,,,,,,,,,,,,,,,,,,,,,,,,-215.71531677246094,-21.571531295776367,-21.571531295776367,-21.571531295776367,-21.571531295776367,-21.571531295776367,-180.5092010498047,,,,,,,,,,,,,,,,,,,,,,,,,,,,,,,,,,,,,,,,
1.775875298484664e+18,,,,,,,,,,,,,,,,,-284.07330322265625,-301.7821044921875,-302.0120849609375,-274.8739318847656,-267.2844543457031,-298.56231689453125,-278.0937194824219,-284.7632751464844,108.25556945800781,43.30222702026367,43.30222702026367,-299.8723449707031,,,,,,,,,,,,,,,,,,,,,,,,,,,,,,,,,,,,,,,,,,,,,,,
1.7758752984848507e+18,-375.1268615722656,-1250.420166015625,-375.15557861328125,-75.04454040527344,-500.5831298828125,-375.5270080566406,-380.5413513183594,-375.5625305175781,,,,,,,,,,,,,,,,,,,,,,,,,,,,,,,,,,,,,,,,,,,,,,,,,,,,,,,,,,,,,,,,,,,
1.7758752984848645e+18,,,,,,,,,-374.7566223144531,-1249.3780517578125,-374.68963623046875,-74.9873275756836,-74.9992904663086,-75.0107421875,-500.1142272949219,-375.2102355957031,,,,,,,,,,,,,,,,,,,,,,,,,,,,,,,,,,,,,,,,,,,,,,,,,,,,,,,,,,,
1.7758752984856074e+18,,,,,,,,,,,,,,,,,,,,,,,,,,,,,-215.71531677246094,-21.571531295776367,-21.571531295776367,-21.571531295776367,-21.571531295776367,-21.571531295776367,-180.54205322265625,,,,,,,,,,,,,,,,,,,,,,,,,,,,,,,,,,,,,,,,
1.7758752984856643e+18,,,,,,,,,,,,,,,,,-267.2844543457031,-291.43280029296875,-302.2420654296875,-283.84332275390625,-297.64239501953125,-281.5434875488281,-271.6541748046875,-301.7821044921875,108.25556945800781,43.30222702026367,43.30222702026367,-297.947265625,,,,,,,,,,,,,,,,,,,,,,,,,,,,,,,,,,,,,,,,,,,,,,,
1.7758752984858506e+18,-375.0037841796875,-1248.7789306640625,-374.6015930175781,-74.97687530517578,-500.0089416503906,-374.880859375,-375.123779296875,-375.19354248046875,,,,,,,,,,,,,,,,,,,,,,,,,,,,,,,,,,,,,,,,,,,,,,,,,,,,,,,,,,,,,,,,,,,
1.7758752984858644e+18,,,,,,,,,-375.217529296875,-1249.5830078125,-374.72039794921875,-74.950439453125,-74.95623779296875,-74.98612976074219,-499.9911804199219,-375.14874267578125,,,,,,,,,,,,,,,,,,,,,,,,,,,,,,,,,,,,,,,,,,,,,,,,,,,,,,,,,,,
1.7758752984866076e+18,,,,,,,,,,,,,,,,,,,,,,,,,,,,,-215.71531677246094,-21.571531295776367,-21.572189331054688,-21.571531295776367,-21.571531295776367,-21.571531295776367,-180.525634765625,,,,,,,,,,,,,,,,,,,,,,,,,,,,,,,,,,,,,,,,
1.7758752984866642e+18,,,,,,,,,,,,,,,,,-270.2742614746094,-284.30328369140625,-302.7020263671875,-296.7224426269531,-264.064697265625,-278.78369140625,-288.4430236816406,-277.4037780761719,108.25556945800781,43.30222702026367,43.30222702026367,-298.8404846191406,,,,,,,,,,,,,,,,,,,,,,,,,,,,,,,,,,,,,,,,,,,,,,,
1.7758752984868508e+18,-375.1883850097656,-1251.3433837890625,-375.3094787597656,-75.03839111328125,-500.5421142578125,-375.4039306640625,-378.54052734375,-375.2242736816406,,,,,,,,,,,,,,,,,,,,,,,,,,,,,,,,,,,,,,,,,,,,,,,,,,,,,,,,,,,,,,,,,,,
1.7758752984868646e+18,,,,,,,,,-375.15606689453125,-1250.6077880859375,-375.21234130859375,-75.02422332763672,-75.02388763427734,-75.05996704101562,-500.44232177734375,-375.2102355957031,,,,,,,,,,,,,,,,,,,,,,,,,,,,,,,,,,,,,,,,,,,,,,,,,,,,,,,,,,,
1.7758752984876076e+18,,,,,,,,,,,,,,,,,,,,,,,,,,,,,-215.71531677246094,-21.571531295776367,-21.571531295776367,-21.571531295776367,-21.571531295776367,-21.571531295776367,-180.5584716796875,,,,,,,,,,,,,,,,,,,,,,,,,,,,,,,,,,,,,,,,
1.775875298487664e+18,,,,,,,,,,,,,,,,,-281.5434875488281,-261.76483154296875,-278.78369140625,-308.681640625,-280.8535461425781,-267.5144348144531,-274.1839904785156,-297.1824035644531,108.25556945800781,43.30222702026367,43.30222702026367,-300.8271789550781,,,,,,,,,,,,,,,,,,,,,,,,,,,,,,,,,,,,,,,,,,,,,,,
1.7758752984878508e+18,-374.78839111328125,-1249.599609375,-375.0632629394531,-74.94612121582031,-499.8858947753906,-374.97314453125,-362.93426513671875,-374.947509765625,,,,,,,,,,,,,,,,,,,,,,,,,,,,,,,,,,,,,,,,,,,,,,,,,,,,,,,,,,,,,,,,,,,
1.7758752984878648e+18,,,,,,,,,-374.6644592285156,-1249.0706787109375,-374.7511291503906,-74.95658874511719,-74.93778991699219,-74.96151733398438,-499.5810546875,-374.56439208984375,,,,,,,,,,,,,,,,,,,,,,,,,,,,,,,,,,,,,,,,,,,,,,,,,,,,,,,,,,,
1.7758752984886077e+18,,,,,,,,,,,,,,,,,,,,,,,,,,,,,-215.71531677246094,-21.571531295776367,-21.571531295776367,-21.571531295776367,-21.571531295776367,-21.571531295776367,-180.57489013671875,,,,,,,,,,,,,,,,,,,,,,,,,,,,,,,,,,,,,,,,
1.775875298488664e+18,,,,,,,,,,,,,,,,,-258.7750549316406,-292.8127136230469,-294.422607421875,-281.0835266113281,-296.7224426269531,-287.9830322265625,-252.7954559326172,-297.1824035644531,108.25556945800781,43.30222702026367,43.30222702026367,-298.47088623046875,,,,,,,,,,,,,,,,,,,,,,,,,,,,,,,,,,,,,,,,,,,,,,,
1.775875298488851e+18,-375.1268615722656,-1251.4459228515625,-375.37103271484375,-75.03839111328125,-499.9679260253906,-375.0039367675781,-370.1371765136719,-374.79376220703125,,,,,,,,,,,,,,,,,,,,,,,,,,,,,,,,,,,,,,,,,,,,,,,,,,,,,,,,,,,,,,,,,,,
1.7758752984888648e+18,,,,,,,,,-375.00244140625,-1250.3004150390625,-375.3660888671875,-75.04267120361328,-75.01158905029297,-74.9984359741211,-499.9911804199219,-374.8411865234375,,,,,,,,,,,,,,,,,,,,,,,,,,,,,,,,,,,,,,,,,,,,,,,,,,,,,,,,,,,
1.7758752984895488e+18,,,,,,,,,,,,,,,,,,,,,,,,,,,,,,,,,,,,,,,,,,,,,,,,,,,,,0.0,0.0,0.0,0.0,0.0,0.0,0.0,0.0,0.0,0.0,0.0,0.0,0.0,0.0,0.0,0.0,0.0,0.0,0.0,0.0,0.0,0.0,0.0
1.7758752984896067e+18,,,,,,,,,,,,,,,,,,,,,,,,,,,,,,,,,,,,,,,,,,,,,,,,,,0.0,0.0,0.0,,,,,,,,,,,,,,,,,,,,,,,
1.7758752984896077e+18,,,,,,,,,,,,,,,,,,,,,,,,,,,,,-215.71531677246094,-21.571531295776367,-21.571531295776367,-21.571531295776367,-21.571531295776367,-21.570873260498047,-180.49278259277344,,,,,,,,,,,,,,,,,,,,,,,,,,,,,,,,,,,,,,,,
1.7758752984896643e+18,,,,,,,,,,,,,,,,,-274.4139709472656,-268.43438720703125,-296.7224426269531,-267.2844543457031,-289.5929260253906,-288.6730041503906,-269.35430908203125,-310.0615234375,108.25556945800781,43.30222702026367,43.30222702026367,-297.7008361816406,,,,,,,,,,,,,,,,,,,,,,,,,,,,,,,,,,,,,,,,,,,,,,,
1.775875298489851e+18,-375.1268615722656,-1250.7279052734375,-375.2171325683594,-75.08145141601562,-500.3370361328125,-374.97314453125,-367.05902099609375,-374.7322692871094,,,,,,,,,,,,,,,,,,,,,,,,,,,,,,,,,,,,,,,,,,,,,,,,,,,,,,,,,,,,,,,,,,,
1.775875298489865e+18,,,,,,,,,-375.0946350097656,-1250.40283203125,-375.3045959472656,-75.02422332763672,-75.05463409423828,-75.04151153564453,-500.0321960449219,-374.8719482421875,,,,,,,,,,,,,,,,,,,,,,,,,,,,,,,,,,,,,,,,,,,,,,,,,,,,,,,,,,,
1.7758752984898742e+18,,,,,,,,,,,,,,,,,,,,,,,,,,,,,,,,,,,,2297.487060546875,21.91095733642578,2297.487060546875,2297.487060546875,2297.487060546875,2297.487060546875,2297.487060546875,24.672931671142578,2297.487060546875,2297.487060546875,2297.487060546875,2297.487060546875,2297.487060546875,2297.487060546875,,,,,,,,,,,,,,,,,,,,,,,,,,
1.7758752984906079e+18,,,,,,,,,,,,,,,,,,,,,,,,,,,,,-215.708740234375,-21.571531295776367,-21.571531295776367,-21.571531295776367,-21.571531295776367,-21.571531295776367,-180.45994567871094,,,,,,,,,,,,,,,,,,,,,,,,,,,,,,,,,,,,,,,,
1.7758752984906642e+18,,,,,,,,,,,,,,,,,-282.46343994140625,-270.2742614746094,-297.1824035644531,-304.5419006347656,-274.1839904785156,-282.92340087890625,-284.7632751464844,-300.8621520996094,108.25556945800781,43.30222702026367,43.30222702026367,-301.13519287109375,,,,,,,,,,,,,,,,,,,,,,,,,,,,,,,,,,,,,,,,,,,,,,,
1.7758752984908508e+18,-375.0653076171875,-1250.317626953125,-375.2479248046875,-75.06299591064453,-500.2140197753906,-375.58856201171875,-383.52716064453125,-375.16278076171875,,,,,,,,,,,,,,,,,,,,,,,,,,,,,,,,,,,,,,,,,,,,,,,,,,,,,,,,,,,,,,,,,,,
1.775875298490865e+18,,,,,,,,,-375.3097229003906,-1250.6077880859375,-375.1200866699219,-75.02422332763672,-75.01773834228516,-75.0230484008789,-500.3603210449219,-375.333251953125,,,,,,,,,,,,,,,,,,,,,,,,,,,,,,,,,,,,,,,,,,,,,,,,,,,,,,,,,,,
1.7758752984916078e+18,,,,,,,,,,,,,,,,,,,,,,,,,,,,,-215.71531677246094,-21.570873260498047,-21.571531295776367,-21.571531295776367,-21.571531295776367,-21.571531295776367,-180.41067504882812,,,,,,,,,,,,,,,,,,,,,,,,,,,,,,,,,,,,,,,,
1.7758752984916641e+18,,,,,,,,,,,,,,,,,-301.5521240234375,-273.9540100097656,-285.6831970214844,-325.4704895019531,-293.0426940917969,-271.6541748046875,-279.4736328125,-302.0120849609375,108.25556945800781,43.30222702026367,43.30222702026367,-300.75018310546875,,,,,,,,,,,,,,,,,,,,,,,,,,,,,,,,,,,,,,,,,,,,,,,
1.775875298491851e+18,-374.8807067871094,-1248.5738525390625,-374.7554626464844,-74.9338150024414,-499.63983154296875,-374.8193054199219,-367.7362060546875,-374.8860168457031,,,,,,,,,,,,,,,,,,,,,,,,,,,,,,,,,,,,,,,,,,,,,,,,,,,,,,,,,,,,,,,,,,,
1.775875298491865e+18,,,,,,,,,-375.0331726074219,-1250.7103271484375,-375.21234130859375,-75.01192474365234,-75.06078338623047,-75.05381774902344,-500.1552429199219,-375.425537109375,,,,,,,,,,,,,,,,,,,,,,,,,,,,,,,,,,,,,,,,,,,,,,,,,,,,,,,,,,,
1.775875298492608e+18,,,,,,,,,,,,,,,,,,,,,,,,,,,,,-215.71531677246094,-21.571531295776367,-21.570873260498047,-21.572189331054688,-21.572189331054688,-21.571531295776367,-180.36141967773438,,,,,,,,,,,,,,,,,,,,,,,,,,,,,,,,,,,,,,,,
1.7758752984926643e+18,,,,,,,,,,,,,,,,,-308.91162109375,-290.05291748046875,-286.3731689453125,-321.33074951171875,-301.5521240234375,-277.6337585449219,-291.8927917480469,-296.0325012207031,108.25556945800781,43.30222702026367,43.30222702026367,-299.51812744140625,,,,,,,,,,,,,,,,,,,,,,,,,,,,,,,,,,,,,,,,,,,,,,,
1.775875298492851e+18,-374.81915283203125,-1249.4969482421875,-374.6015930175781,-74.97687530517578,-499.9269104003906,-374.7885437011719,-373.4000244140625,-375.2242736816406,,,,,,,,,,,,,,,,,,,,,,,,,,,,,,,,,,,,,,,,,,,,,,,,,,,,,,,,,,,,,,,,,,,
1.775875298492865e+18,,,,,,,,,-374.8795471191406,-1249.3780517578125,-374.6281433105469,-74.950439453125,-74.95623779296875,-74.97382354736328,-499.6630554199219,-374.9949645996094,,,,,,,,,,,,,,,,,,,,,,,,,,,,,,,,,,,,,,,,,,,,,,,,,,,,,,,,,,,
1.775875298493608e+18,,,,,,,,,,,,,,,,,,,,,,,,,,,,,-215.708740234375,-21.571531295776367,-21.571531295776367,-21.571531295776367,-21.571531295776367,-21.571531295776367,-180.39425659179688,,,,,,,,,,,,,,,,,,,,,,,,,,,,,,,,,,,,,,,,
1.7758752984936643e+18,,,,,,,,,,,,,,,,,-284.07330322265625,-324.320556640625,-302.9320373535156,-297.64239501953125,-316.2711181640625,-315.3511657714844,-271.8841552734375,-310.5215148925781,108.25556945800781,43.30222702026367,43.30222702026367,-302.1516418457031,,,,,,,,,,,,,,,,,,,,,,,,,,,,,,,,,,,,,,,,,,,,,,,
1.7758752984938511e+18,-375.28070068359375,-1251.2408447265625,-375.2171325683594,-75.08760070800781,-500.5421142578125,-375.3116149902344,-383.52716064453125,-375.3780212402344,,,,,,,,,,,,,,,,,,,,,,,,,,,,,,,,,,,,,,,,,,,,,,,,,,,,,,,,,,,,,,,,,,,
1.7758752984938652e+18,,,,,,,,,-375.0331726074219,-1249.7879638671875,-375.0278625488281,-75.01807403564453,-75.03003692626953,-75.03535461425781,-500.1552429199219,-375.364013671875,,,,,,,,,,,,,,,,,,,,,,,,,,,,,,,,,,,,,,,,,,,,,,,,,,,,,,,,,,,
1.7758752984946081e+18,,,,,,,,,,,,,,,,,,,,,,,,,,,,,-215.71531677246094,-21.570873260498047,-21.572189331054688,-21.571531295776367,-21.570873260498047,-21.571531295776367,-180.32858276367188,,,,,,,,,,,,,,,,,,,,,,,,,,,,,,,,,,,,,,,,
1.7758752984946642e+18,,,,,,,,,,,,,,,,,-311.9013977050781,-295.112548828125,-302.4720458984375,-335.58978271484375,-294.652587890625,-309.83154296875,-310.7514953613281,-285.2232360839844,108.25556945800781,43.30222702026367,43.30222702026367,-301.4278259277344,,,,,,,,,,,,,,,,,,,,,,,,,,,,,,,,,,,,,,,,,,,,,,,
1.775875298494851e+18,-374.634521484375,-1249.4969482421875,-375.0940246582031,-75.08145141601562,-500.5421142578125,-375.0346984863281,-366.9974365234375,-374.5784912109375,,,,,,,,,,,,,,,,,,,,,,,,,,,,,,,,,,,,,,,,,,,,,,,,,,,,,,,,,,,,,,,,,,,
1.7758752984948652e+18,,,,,,,,,-374.8180847167969,-1249.3780517578125,-375.0278625488281,-75.01807403564453,-75.0423355102539,-74.97998046875,-499.7040710449219,-374.7489318847656,,,,,,,,,,,,,,,,,,,,,,,,,,,,,,,,,,,,,,,,,,,,,,,,,,,,,,,,,,,
1.775875298495608e+18,,,,,,,,,,,,,,,,,,,,,,,,,,,,,-215.71531677246094,-21.571531295776367,-21.571531295776367,-21.571531295776367,-21.571531295776367,-21.571531295776367,-180.2957305908203,,,,,,,,,,,,,,,,,,,,,,,,,,,,,,,,,,,,,,,,
1.7758752984956644e+18,,,,,,,,,,,,,,,,,-311.2114562988281,-291.20281982421875,-305.46185302734375,-337.8896179199219,-296.2624816894531,-291.8927917480469,-316.9610595703125,-304.3119201660156,108.25556945800781,43.30222702026367,43.30222702026367,-300.1187744140625,,,,,,,,,,,,,,,,,,,,,,,,,,,,,,,,,,,,,,,,,,,,,,,
1.775875298495851e+18,-375.1268615722656,-1251.1383056640625,-375.3094787597656,-75.02608489990234,-500.5831298828125,-375.5270080566406,-380.78759765625,-375.53179931640625,,,,,,,,,,,,,,,,,,,,,,,,,,,,,,,,,,,,,,,,,,,,,,,,,,,,,,,,,,,,,,,,,,,
1.7758752984958653e+18,,,,,,,,,-375.2482604980469,-1250.3004150390625,-375.1508483886719,-75.02422332763672,-75.03003692626953,-75.02920532226562,-500.2782897949219,-375.17950439453125,,,,,,,,,,,,,,,,,,,,,,,,,,,,,,,,,,,,,,,,,,,,,,,,,,,,,,,,,,,
1.775875298496608e+18,,,,,,,,,,,,,,,,,,,,,,,,,,,,,-215.71531677246094,-21.571531295776367,-21.571531295776367,-21.571531295776367,-21.571531295776367,-21.571531295776367,-180.37783813476562,,,,,,,,,,,,,,,,,,,,,,,,,,,,,,,,,,,,,,,,
1.7758752984966643e+18,,,,,,,,,,,,,,,,,-319.0309143066406,-311.2114562988281,-296.0325012207031,-322.7106628417969,-283.15338134765625,-314.6612243652344,-279.70361328125,-310.5215148925781,108.25556945800781,43.30222702026367,43.30222702026367,-299.0869140625,,,,,,,,,,,,,,,,,,,,,,,,,,,,,,,,,,,,,,,,,,,,,,,
1.7758752984968512e+18,-375.0653076171875,-1248.881591796875,-374.6015930175781,-74.9522705078125,-499.80389404296875,-374.5116271972656,-370.4142150878906,-375.19354248046875,,,,,,,,,,,,,,,,,,,,,,,,,,,,,,,,,,,,,,,,,,,,,,,,,,,,,,,,,,,,,,,,,,,
1.7758752984968655e+18,,,,,,,,,-375.3097229003906,-1249.992919921875,-374.7511291503906,-74.96888732910156,-74.95008850097656,-74.96151733398438,-499.4990234375,-374.8104248046875,,,,,,,,,,,,,,,,,,,,,,,,,,,,,,,,,,,,,,,,,,,,,,,,,,,,,,,,,,,
1.7758752984970975e+18,,,,,,,,,,,,,,,,,,,,,,,,,,,,,,,,,,,,,,,,,,,,,,,,,,0.0,0.0,0.0,,,,,,,,,,,,,,,,,,,,,,,
1.7758752984976082e+18,,,,,,,,,,,,,,,,,,,,,,,,,,,,,-215.71531677246094,-21.571531295776367,-21.572189331054688,-21.571531295776367,-21.571531295776367,-21.571531295776367,-180.41067504882812,,,,,,,,,,,,,,,,,,,,,,,,,,,,,,,,,,,,,,,,
1.7758752984976643e+18,,,,,,,,,,,,,,,,,-283.84332275390625,-319.4908752441406,-296.7224426269531,-314.6612243652344,-320.87078857421875,-297.64239501953125,-324.780517578125,-299.7122497558594,108.25556945800781,43.30222702026367,43.30222702026367,-301.8282470703125,,,,,,,,,,,,,,,,,,,,,,,,,,,,,,,,,,,,,,,,,,,,,,,
1.7758752984978511e+18,-374.81915283203125,-1250.0098876953125,-375.0632629394531,-75.03839111328125,-500.2140197753906,-375.6808776855469,-383.52716064453125,-375.19354248046875,,,,,,,,,,,,,,,,,,,,,,,,,,,,,,,,,,,,,,,,,,,,,,,,,,,,,,,,,,,,,,,,,,,
1.7758752984978655e+18,,,,,,,,,-374.5108337402344,-1249.3780517578125,-374.93560791015625,-74.99347686767578,-74.9931411743164,-75.0107421875,-500.44232177734375,-375.394775390625,,,,,,,,,,,,,,,,,,,,,,,,,,,,,,,,,,,,,,,,,,,,,,,,,,,,,,,,,,,
1.775875298498608e+18,,,,,,,,,,,,,,,,,,,,,,,,,,,,,-215.708740234375,-21.571531295776367,-21.571531295776367,-21.571531295776367,-21.571531295776367,-21.571531295776367,-180.39425659179688,,,,,,,,,,,,,,,,,,,,,,,,,,,,,,,,,,,,,,,,
1.7758752984986644e+18,,,,,,,,,,,,,,,,,-292.5827331542969,-277.8637390136719,-308.4516296386719,-329.8401794433594,-287.7530517578125,-289.8229064941406,-305.00189208984375,-292.8127136230469,108.25556945800781,43.30222702026367,43.30222702026367,-300.1187744140625,,,,,,,,,,,,,,,,,,,,,,,,,,,,,,,,,,,,,,,,,,,,,,,
1.775875298498851e+18,-375.1268615722656,-1250.83056640625,-375.2786865234375,-75.01378631591797,-499.9679260253906,-375.18853759765625,-375.98565673828125,-374.82452392578125,,,,,,,,,,,,,,,,,,,,,,,,,,,,,,,,,,,,,,,,,,,,,,,,,,,,,,,,,,,,,,,,,,,
1.7758752984988657e+18,,,,,,,,,-375.27899169921875,-1250.3004150390625,-375.3660888671875,-75.04267120361328,-75.03003692626953,-75.05381774902344,-500.4013366699219,-375.17950439453125,,,,,,,,,,,,,,,,,,,,,,,,,,,,,,,,,,,,,,,,,,,,,,,,,,,,,,,,,,,
1.7758752984991521e+18,,,,,,,,,,,,,,,,,,,,,,,,,,,,,,,,,,,,,,,,,,,,,,,,,,,,,0.0,0.0,0.0,0.0,0.0,0.0,0.0,0.0,0.0,0.0,0.0,0.0,0.0,0.0,0.0,0.0,0.0,0.0,0.0,0.0,0.0,0.0,0.0
1.7758752984996083e+18,,,,,,,,,,,,,,,,,,,,,,,,,,,,,-215.71531677246094,-21.571531295776367,-21.572189331054688,-21.571531295776367,-21.570873260498047,-21.571531295776367,-180.4763641357422,,,,,,,,,,,,,,,,,,,,,,,,,,,,,,,,,,,,,,,,
1.7758752984996644e+18,,,,,,,,,,,,,,,,,-315.8111267089844,-297.41241455078125,-295.112548828125,-322.2507019042969,-287.0631103515625,-316.5010986328125,-284.5332946777344,-311.6714172363281,108.25556945800781,43.30222702026367,43.30222702026367,-299.14849853515625,,,,,,,,,,,,,,,,,,,,,,,,,,,,,,,,,,,,,,,,,,,,,,,
1.7758752984998513e+18,-375.3730163574219,-1251.2408447265625,-374.9709167480469,-74.9338150024414,-499.59881591796875,-374.66546630859375,-367.95166015625,-374.8552551269531,,,,,,,,,,,,,,,,,,,,,,,,,,,,,,,,,,,,,,,,,,,,,,,,,,,,,,,,,,,,,,,,,,,
1.7758752984998656e+18,,,,,,,,,-375.1867980957031,-1251.017822265625,-375.24310302734375,-74.99347686767578,-74.93778991699219,-74.93690490722656,-499.6630554199219,-374.8104248046875,,,,,,,,,,,,,,,,,,,,,,,,,,,,,,,,,,,,,,,,,,,,,,,,,,,,,,,,,,,
1.7758752985006083e+18,,,,,,,,,,,,,,,,,,,,,,,,,,,,,-215.71531677246094,-21.571531295776367,-21.570873260498047,-21.571531295776367,-21.571531295776367,-21.571531295776367,-180.5092010498047,,,,,,,,,,,,,,,,,,,,,,,,,,,,,,,,,,,,,,,,
1.7758752985006643e+18,,,,,,,,,,,,,,,,,-291.66278076171875,-313.28131103515625,-306.38177490234375,-287.5230712890625,-267.2844543457031,-296.4924621582031,-308.2216491699219,-284.5332946777344,108.25556945800781,43.30222702026367,43.30222702026367,-299.04071044921875,,,,,,,,,,,,,,,,,,,,,,,,,,,,,,,,,,,,,,,,,,,,,,,
1.7758752985008512e+18,-375.24993896484375,-1250.6253662109375,-375.1863708496094,-75.05068969726562,-500.2960205078125,-375.3424072265625,-372.9998474121094,-375.0705261230469,,,,,,,,,,,,,,,,,,,,,,,,,,,,,,,,,,,,,,,,,,,,,,,,,,,,,,,,,,,,,,,,,,,
1.7758752985008658e+18,,,,,,,,,-374.8795471191406,-1248.86572265625,-374.7818908691406,-74.9873275756836,-74.92549133300781,-74.94921112060547,-499.7040710449219,-374.53363037109375,,,,,,,,,,,,,,,,,,,,,,,,,,,,,,,,,,,,,,,,,,,,,,,,,,,,,,,,,,,
1.7758752985016084e+18,,,,,,,,,,,,,,,,,,,,,,,,,,,,,-215.708740234375,-21.571531295776367,-21.572189331054688,-21.571531295776367,-21.571531295776367,-21.571531295776367,-180.5092010498047,,,,,,,,,,,,,,,,,,,,,,,,,,,,,,,,,,,,,,,,
1.7758752985016645e+18,,,,,,,,,,,,,,,,,-272.8040771484375,-279.013671875,-306.8417663574219,-303.8519592285156,-274.8739318847656,-286.8331298828125,-288.6730041503906,-269.12432861328125,108.25556945800781,43.30222702026367,43.30222702026367,-299.271728515625,,,,,,,,,,,,,,,,,,,,,,,,,,,,,,,,,,,,,,,,,,,,,,,
1.7758752985018514e+18,-374.8807067871094,-1249.7021484375,-375.001708984375,-75.00148010253906,-500.2550354003906,-375.4346923828125,-383.3732604980469,-375.2857971191406,,,,,,,,,,,,,,,,,,,,,,,,,,,,,,,,,,,,,,,,,,,,,,,,,,,,,,,,,,,,,,,,,,,
1.7758752985018657e+18,,,,,,,,,-374.572265625,-1249.173095703125,-374.8126220703125,-74.95658874511719,-74.97468566894531,-75.0107421875,-500.1552429199219,-375.2409973144531,,,,,,,,,,,,,,,,,,,,,,,,,,,,,,,,,,,,,,,,,,,,,,,,,,,,,,,,,,,
1.7758752985023754e+18,,,,,,,,,,,,,,,,,,,,,,,,,,,,,,,,,,,,2297.53564453125,21.994447708129883,2297.53564453125,2297.53564453125,2297.53564453125,2297.53564453125,2297.53564453125,24.605323791503906,2297.53564453125,2297.53564453125,2297.53564453125,2297.53564453125,2297.53564453125,2297.53564453125,,,,,,,,,,,,,,,,,,,,,,,,,,
1.7758752985026084e+18,,,,,,,,,,,,,,,,,,,,,,,,,,,,,-215.71531677246094,-21.571531295776367,-21.571531295776367,-21.571531295776367,-21.570873260498047,-21.571531295776367,-180.59130859375,,,,,,,,,,,,,,,,,,,,,,,,,,,,,,,,,,,,,,,,
1.7758752985026644e+18,,,,,,,,,,,,,,,,,-282.92340087890625,-305.23187255859375,-292.8127136230469,-278.3236999511719,-295.112548828125,-274.6439514160156,-247.5058135986328,-295.8025207519531,108.25556945800781,43.30222702026367,43.30222702026367,-299.0252990722656,,,,,,,,,,,,,,,,,,,,,,,,,,,,,,,,,,,,,,,,,,,,,,,
1.7758752985028513e+18,-374.9729919433594,-1250.6253662109375,-375.40179443359375,-75.07530212402344,-500.2140197753906,-375.0039367675781,-376.2626953125,-374.76300048828125,,,,,,,,,,,,,,,,,,,,,,,,,,,,,,,,,,,,,,,,,,,,,,,,,,,,,,,,,,,,,,,,,,,
1.775875298502866e+18,,,,,,,,,-374.63372802734375,-1249.7879638671875,-375.1200866699219,-75.04267120361328,-75.05463409423828,-74.9984359741211,-499.6630554199219,-374.7489318847656,,,,,,,,,,,,,,,,,,,,,,,,,,,,,,,,,,,,,,,,,,,,,,,,,,,,,,,,,,,
1.7758752985036086e+18,,,,,,,,,,,,,,,,,,,,,,,,,,,,,-215.71531677246094,-21.571531295776367,-21.571531295776367,-21.570873260498047,-21.570873260498047,-21.571531295776367,-180.54205322265625,,,,,,,,,,,,,,,,,,,,,,,,,,,,,,,,,,,,,,,,
1.7758752985036644e+18,,,,,,,,,,,,,,,,,-292.8127136230469,-274.6439514160156,-299.02227783203125,-302.2420654296875,-261.99481201171875,-268.43438720703125,-286.1431579589844,-270.5042419433594,108.25556945800781,43.30222702026367,43.30222702026367,-297.6700439453125,,,,,,,,,,,,,,,,,,,,,,,,,,,,,,,,,,,,,,,,,,,,,,,
1.7758752985038513e+18,-375.21917724609375,-1250.6253662109375,-375.3402404785156,-75.06299591064453,-500.0909729003906,-375.2500915527344,-383.434814453125,-375.0397644042969,,,,,,,,,,,,,,,,,,,,,,,,,,,,,,,,,,,,,,,,,,,,,,,,,,,,,,,,,,,,,,,,,,,
1.775875298503866e+18,,,,,,,,,-375.2482604980469,-1250.6077880859375,-375.1200866699219,-75.04267120361328,-75.05463409423828,-75.01689910888672,-500.48333740234375,-375.364013671875,,,,,,,,,,,,,,,,,,,,,,,,,,,,,,,,,,,,,,,,,,,,,,,,,,,,,,,,,,,
1.7758752985044618e+18,,,,,,,,,,,,,,,,,,,,,,,,,,,,,,,,,,,,,,,,,,,,,,,,,,0.0,0.0,0.0,,,,,,,,,,,,,,,,,,,,,,,
1.7758752985046085e+18,,,,,,,,,,,,,,,,,,,,,,,,,,,,,-215.708740234375,-21.571531295776367,-21.571531295776367,-21.571531295776367,-21.571531295776367,-21.571531295776367,-180.525634765625,,,,,,,,,,,,,,,,,,,,,,,,,,,,,,,,,,,,,,,,
1.7758752985046643e+18,,,,,,,,,,,,,,,,,-271.8841552734375,-281.5434875488281,-301.7821044921875,-300.8621520996094,-267.0544738769531,-257.8551025390625,-282.92340087890625,-304.77191162109375,108.25556945800781,43.30222702026367,43.30222702026367,-299.1023254394531,,,,,,,,,,,,,,,,,,,,,,,,,,,,,,,,,,,,,,,,,,,,,,,
1.7758752985048515e+18,-375.31146240234375,-1250.83056640625,-375.46337890625,-75.08145141601562,-500.2960205078125,-375.58856201171875,-383.52716064453125,-375.16278076171875,,,,,,,,,,,,,,,,,,,,,,,,,,,,,,,,,,,,,,,,,,,,,,,,,,,,,,,,,,,,,,,,,,,
1.775875298504866e+18,,,,,,,,,-374.9102783203125,-1250.1978759765625,-375.1508483886719,-75.01192474365234,-75.01773834228516,-75.01689910888672,-500.3603210449219,-375.3025207519531,,,,,,,,,,,,,,,,,,,,,,,,,,,,,,,,,,,,,,,,,,,,,,,,,,,,,,,,,,,
1.7758752985056087e+18,,,,,,,,,,,,,,,,,,,,,,,,,,,,,-215.71531677246094,-21.571531295776367,-21.571531295776367,-21.572189331054688,-21.571531295776367,-21.572189331054688,-180.49278259277344,,,,,,,,,,,,,,,,,,,,,,,,,,,,,,,,,,,,,,,,
1.7758752985056645e+18,,,,,,,,,,,,,,,,,-276.48382568359375,-258.7750549316406,-278.3236999511719,-314.6612243652344,-289.1329650878906,-258.7750549316406,-255.09530639648438,-297.87237548828125,108.25556945800781,43.30222702026367,43.30222702026367,-300.2881774902344,,,,,,,,,,,,,,,,,,,,,,,,,,,,,,,,,,,,,,,,,,,,,,,
1.7758752985058514e+18,-374.8807067871094,-1248.47119140625,-374.8785705566406,-74.98302459716797,-499.51678466796875,-374.7577819824219,-369.8908996582031,-374.8860168457031,,,,,,,,,,,,,,,,,,,,,,,,,,,,,,,,,,,,,,,,,,,,,,,,,,,,,,,,,,,,,,,,,,,
1.7758752985058662e+18,,,,,,,,,-374.8795471191406,-1248.9681396484375,-374.7818908691406,-74.97503662109375,-74.95008850097656,-74.93690490722656,-499.6630554199219,-374.8719482421875,,,,,,,,,,,,,,,,,,,,,,,,,,,,,,,,,,,,,,,,,,,,,,,,,,,,,,,,,,,
1.775875298506193e+18,,,,,,,,,,,,,,,,,,,,,,,,,,,,,,,,,,,,,,,,,,,,,,,,,,,,,0.0,0.0,0.0,0.0,0.0,0.0,0.0,0.0,0.0,0.0,0.0,0.0,0.0,0.0,0.0,0.0,0.0,0.0,0.0,0.0,0.0,0.0,0.0
1.7758752985066086e+18,,,,,,,,,,,,,,,,,,,,,,,,,,,,,-215.708740234375,-21.570873260498047,-21.570873260498047,-21.572189331054688,-21.571531295776367,-21.570873260498047,-180.42710876464844,,,,,,,,,,,,,,,,,,,,,,,,,,,,,,,,,,,,,,,,
1.7758752985066644e+18,,,,,,,,,,,,,,,,,-275.33392333984375,-284.30328369140625,-308.91162109375,-285.6831970214844,-267.5144348144531,-298.33233642578125,-273.2640686035156,-259.0050354003906,108.25556945800781,43.30222702026367,43.30222702026367,-298.3476867675781,,,,,,,,,,,,,,,,,,,,,,,,,,,,,,,,,,,,,,,,,,,,,,,
1.7758752985068516e+18,-374.6960754394531,-1249.086669921875,-374.8478088378906,-74.9399642944336,-499.76287841796875,-374.8500671386719,-361.5491027832031,-374.947509765625,,,,,,,,,,,,,,,,,,,,,,,,,,,,,,,,,,,,,,,,,,,,,,,,,,,,,,,,,,,,,,,,,,,
1.7758752985068662e+18,,,,,,,,,-374.84881591796875,-1249.7879638671875,-374.9048767089844,-74.950439453125,-74.95623779296875,-74.96151733398438,-499.7040710449219,-374.5028991699219,,,,,,,,,,,,,,,,,,,,,,,,,,,,,,,,,,,,,,,,,,,,,,,,,,,,,,,,,,,
1.7758752985076088e+18,,,,,,,,,,,,,,,,,,,,,,,,,,,,,-215.7218780517578,-21.572189331054688,-21.571531295776367,-21.571531295776367,-21.571531295776367,-21.571531295776367,-180.39425659179688,,,,,,,,,,,,,,,,,,,,,,,,,,,,,,,,,,,,,,,,
1.7758752985076644e+18,,,,,,,,,,,,,,,,,-272.3441162109375,-284.07330322265625,-302.7020263671875,-287.5230712890625,-282.46343994140625,-310.7514953613281,-279.4736328125,-269.8143005371094,108.25556945800781,43.30222702026367,43.30222702026367,-300.07257080078125,,,,,,,,,,,,,,,,,,,,,,,,,,,,,,,,,,,,,,,,,,,,,,,
1.7758752985078515e+18,-375.28070068359375,-1250.317626953125,-375.001708984375,-75.01378631591797,-499.8858947753906,-374.5731506347656,-372.38421630859375,-374.82452392578125,,,,,,,,,,,,,,,,,,,,,,,,,,,,,,,,,,,,,,,,,,,,,,,,,,,,,,,,,,,,,,,,,,,
1.7758752985078664e+18,,,,,,,,,-375.37115478515625,-1250.915283203125,-375.1816101074219,-75.06111145019531,-75.05463409423828,-75.0107421875,-500.4013366699219,-375.2717590332031,,,,,,,,,,,,,,,,,,,,,,,,,,,,,,,,,,,,,,,,,,,,,,,,,,,,,,,,,,,
1.7758752985086088e+18,,,,,,,,,,,,,,,,,,,,,,,,,,,,,-215.71531677246094,-21.571531295776367,-21.571531295776367,-21.571531295776367,-21.571531295776367,-21.571531295776367,-180.39425659179688,,,,,,,,,,,,,,,,,,,,,,,,,,,,,,,,,,,,,,,,
1.7758752985086646e+18,,,,,,,,,,,,,,,,,-306.38177490234375,-272.8040771484375,-302.2420654296875,-289.8229064941406,-295.342529296875,-288.2130432128906,-286.3731689453125,-300.8621520996094,108.25556945800781,43.30222702026367,43.30222702026367,-300.3959655761719,,,,,,,,,,,,,,,,,,,,,,,,,,,,,,,,,,,,,,,,,,,,,,,
1.7758752985088515e+18,-374.84991455078125,-1250.317626953125,-375.4325866699219,-75.06299591064453,-499.8448791503906,-374.8193054199219,-375.4931640625,-375.47027587890625,,,,,,,,,,,,,,,,,,,,,,,,,,,,,,,,,,,,,,,,,,,,,,,,,,,,,,,,,,,,,,,,,,,
1.7758752985088663e+18,,,,,,,,,-374.7566223144531,-1250.6077880859375,-375.08935546875,-74.96273803710938,-74.92549133300781,-75.0107421875,-500.1962585449219,-374.9334411621094,,,,,,,,,,,,,,,,,,,,,,,,,,,,,,,,,,,,,,,,,,,,,,,,,,,,,,,,,,,
1.775875298509609e+18,,,,,,,,,,,,,,,,,,,,,,,,,,,,,-215.71531677246094,-21.571531295776367,-21.571531295776367,-21.572189331054688,-21.572189331054688,-21.572189331054688,-180.36141967773438,,,,,,,,,,,,,,,,,,,,,,,,,,,,,,,,,,,,,,,,
1.7758752985096645e+18,,,,,,,,,,,,,,,,,-296.2624816894531,-277.6337585449219,-284.5332946777344,-321.7907409667969,-304.3119201660156,-284.9932556152344,-274.8739318847656,-313.97125244140625,108.25556945800781,43.30222702026367,43.30222702026367,-301.32000732421875,,,,,,,,,,,,,,,,,,,,,,,,,,,,,,,,,,,,,,,,,,,,,,,
1.7758752985098516e+18,-374.9114685058594,-1249.7021484375,-374.8478088378906,-75.01378631591797,-500.0089416503906,-375.09625244140625,-383.52716064453125,-375.1012878417969,,,,,,,,,,,,,,,,,,,,,,,,,,,,,,,,,,,,,,,,,,,,,,,,,,,,,,,,,,,,,,,,,,,
1.7758752985098665e+18,,,,,,,,,-375.4326171875,-1250.915283203125,-375.1200866699219,-75.04882049560547,-75.0484848022461,-75.01689910888672,-500.4013366699219,-375.17950439453125,,,,,,,,,,,,,,,,,,,,,,,,,,,,,,,,,,,,,,,,,,,,,,,,,,,,,,,,,,,
1.775875298510609e+18,,,,,,,,,,,,,,,,,,,,,,,,,,,,,-215.7218780517578,-21.571531295776367,-21.571531295776367,-21.571531295776367,-21.571531295776367,-21.571531295776367,-180.32858276367188,,,,,,,,,,,,,,,,,,,,,,,,,,,,,,,,,,,,,,,,
1.7758752985106644e+18,,,,,,,,,,,,,,,,,-291.8927917480469,-292.1227722167969,-315.3511657714844,-302.9320373535156,-295.112548828125,-327.0803527832031,-288.6730041503906,-296.2624816894531,108.25556945800781,43.30222702026367,43.30222702026367,-300.5807800292969,,,,,,,,,,,,,,,,,,,,,,,,,,,,,,,,,,,,,,,,,,,,,,,
1.7758752985108516e+18,-375.31146240234375,-1251.4459228515625,-375.0940246582031,-74.9522705078125,-499.59881591796875,-374.66546630859375,-369.6754455566406,-375.19354248046875,,,,,,,,,,,,,,,,,,,,,,,,,,,,,,,,,,,,,,,,,,,,,,,,,,,,,,,,,,,,,,,,,,,
1.7758752985108664e+18,,,,,,,,,-375.0946350097656,-1251.017822265625,-375.2738342285156,-74.9873275756836,-74.95008850097656,-74.92459869384766,-499.7450866699219,-375.05645751953125,,,,,,,,,,,,,,,,,,,,,,,,,,,,,,,,,,,,,,,,,,,,,,,,,,,,,,,,,,,
1.775875298511566e+18,,,,,,,,,,,,,,,,,,,,,,,,,,,,,,,,,,,,,,,,,,,,,,,,,,0.0,0.0,0.0,,,,,,,,,,,,,,,,,,,,,,,
1.775875298511609e+18,,,,,,,,,,,,,,,,,,,,,,,,,,,,,-215.71531677246094,-21.571531295776367,-21.571531295776367,-21.571531295776367,-21.571531295776367,-21.571531295776367,-180.31214904785156,,,,,,,,,,,,,,,,,,,,,,,,,,,,,,,,,,,,,,,,
1.7758752985116646e+18,,,,,,,,,,,,,,,,,-328.69024658203125,-297.1824035644531,-295.8025207519531,-330.0701599121094,-299.7122497558594,-275.56390380859375,-300.1722106933594,-330.7601013183594,108.25556945800781,43.30222702026367,43.30222702026367,-300.54998779296875,,,,,,,,,,,,,,,,,,,,,,,,,,,,,,,,,,,,,,,,,,,,,,,
1.7758752985118518e+18,-375.24993896484375,-1250.5228271484375,-375.37103271484375,-75.06299591064453,-500.2550354003906,-375.4039306640625,-383.52716064453125,-375.0705261230469,,,,,,,,,,,,,,,,,,,,,,,,,,,,,,,,,,,,,,,,,,,,,,,,,,,,,,,,,,,,,,,,,,,
1.7758752985118666e+18,,,,,,,,,-375.217529296875,-1250.6077880859375,-375.1200866699219,-75.04267120361328,-75.05463409423828,-75.0230484008789,-500.48333740234375,-375.364013671875,,,,,,,,,,,,,,,,,,,,,,,,,,,,,,,,,,,,,,,,,,,,,,,,,,,,,,,,,,,
1.775875298512609e+18,,,,,,,,,,,,,,,,,,,,,,,,,,,,,-215.71531677246094,-21.571531295776367,-21.570873260498047,-21.571531295776367,-21.572189331054688,-21.571531295776367,-180.36141967773438,,,,,,,,,,,,,,,,,,,,,,,,,,,,,,,,,,,,,,,,
1.7758752985126646e+18,,,,,,,,,,,,,,,,,-303.8519592285156,-329.1502380371094,-301.7821044921875,-288.4430236816406,-299.9422302246094,-319.72088623046875,-307.0717468261719,-293.2726745605469,108.25556945800781,43.30222702026367,43.30222702026367,-301.21221923828125,,,,,,,,,,,,,,,,,,,,,,,,,,,,,,,,,,,,,,,,,,,,,,,
1.7758752985128517e+18,-375.1576232910156,-1251.4459228515625,-375.40179443359375,-75.04454040527344,-500.5010986328125,-375.5270080566406,-379.4331970214844,-375.0397644042969,,,,,,,,,,,,,,,,,,,,,,,,,,,,,,,,,,,,,,,,,,,,,,,,,,,,,,,,,,,,,,,,,,,
1.7758752985128668e+18,,,,,,,,,-374.8795471191406,-1250.3004150390625,-375.1816101074219,-75.02422332763672,-75.01158905029297,-75.05381774902344,-500.44232177734375,-375.14874267578125,,,,,,,,,,,,,,,,,,,,,,,,,,,,,,,,,,,,,,,,,,,,,,,,,,,,,,,,,,,
1.7758752985136092e+18,,,,,,,,,,,,,,,,,,,,,,,,,,,,,-215.71531677246094,-21.571531295776367,-21.571531295776367,-21.571531295776367,-21.571531295776367,-21.571531295776367,-180.34500122070312,,,,,,,,,,,,,,,,,,,,,,,,,,,,,,,,,,,,,,,,
1.7758752985136645e+18,,,,,,,,,,,,,,,,,-331.9100341796875,-302.9320373535156,-293.732666015625,-328.46026611328125,-302.7020263671875,-273.9540100097656,-298.56231689453125,-333.5199279785156,108.25556945800781,43.30222702026367,43.30222702026367,-301.3816223144531,,,,,,,,,,,,,,,,,,,,,,,,,,,,,,,,,,,,,,,,,,,,,,,
1.7758752985138516e+18,-374.81915283203125,-1248.5738525390625,-374.90936279296875,-74.99533081054688,-500.1319885253906,-375.4654846191406,-379.3100891113281,-375.47027587890625,,,,,,,,,,,,,,,,,,,,,,,,,,,,,,,,,,,,,,,,,,,,,,,,,,,,,,,,,,,,,,,,,,,
1.7758752985138668e+18,,,,,,,,,-375.37115478515625,-1250.50537109375,-375.3353271484375,-75.02422332763672,-75.01773834228516,-75.03535461425781,-500.0732116699219,-375.05645751953125,,,,,,,,,,,,,,,,,,,,,,,,,,,,,,,,,,,,,,,,,,,,,,,,,,,,,,,,,,,
1.775875298514223e+18,,,,,,,,,,,,,,,,,,,,,,,,,,,,,,,,,,,,,,,,,,,,,,,,,,,,,0.0,0.0,0.0,0.0,0.0,0.0,0.0,0.0,0.0,0.0,0.0,0.0,0.0,0.0,0.0,0.0,0.0,0.0,0.0,0.0,0.0,0.0,0.0
1.7758752985146092e+18,,,,,,,,,,,,,,,,,,,,,,,,,,,,,-215.71531677246094,-21.571531295776367,-21.571531295776367,-21.571531295776367,-21.571531295776367,-21.572189331054688,-180.36141967773438,,,,,,,,,,,,,,,,,,,,,,,,,,,,,,,,,,,,,,,,
1.7758752985146647e+18,,,,,,,,,,,,,,,,,-310.9814758300781,-290.97283935546875,-308.4516296386719,-317.4210205078125,-277.8637390136719,-303.1620178222656,-317.6510009765625,-298.33233642578125,108.25556945800781,43.30222702026367,43.30222702026367,-299.5027160644531,,,,,,,,,,,,,,,,,,,,,,,,,,,,,,,,,,,,,,,,,,,,,,,
1.7758752985148518e+18,-375.1576232910156,-1250.83056640625,-375.3094787597656,-75.03839111328125,-500.6241455078125,-375.4346923828125,-378.3250732421875,-374.76300048828125,,,,,,,,,,,,,,,,,,,,,,,,,,,,,,,,,,,,,,,,,,,,,,,,,,,,,,,,,,,,,,,,,,,
1.775875298514867e+18,,,,,,,,,-374.787353515625,-1249.992919921875,-375.08935546875,-75.02422332763672,-75.01773834228516,-75.06611633300781,-500.4013366699219,-375.11798095703125,,,,,,,,,,,,,,,,,,,,,,,,,,,,,,,,,,,,,,,,,,,,,,,,,,,,,,,,,,,
1.7758752985148767e+18,,,,,,,,,,,,,,,,,,,,,,,,,,,,,,,,,,,,2297.486572265625,22.002288818359375,2297.486572265625,2297.486572265625,2297.486572265625,2297.486572265625,2297.486572265625,24.60968589782715,2297.486572265625,2297.486572265625,2297.486572265625,2297.486572265625,2297.486572265625,2297.486572265625,,,,,,,,,,,,,,,,,,,,,,,,,,
1.7758752985156093e+18,,,,,,,,,,,,,,,,,,,,,,,,,,,,,-215.71531677246094,-21.571531295776367,-21.571531295776367,-21.571531295776367,-21.571531295776367,-21.571531295776367,-180.42710876464844,,,,,,,,,,,,,,,,,,,,,,,,,,,,,,,,,,,,,,,,
1.7758752985156646e+18,,,,,,,,,,,,,,,,,-308.2216491699219,-287.5230712890625,-290.74285888671875,-322.9406433105469,-309.6015625,-284.07330322265625,-292.1227722167969,-312.1313781738281,108.25556945800781,43.30222702026367,43.30222702026367,-300.4883728027344,,,,,,,,,,,,,,,,,,,,,,,,,,,,,,,,,,,,,,,,,,,,,,,
1.7758752985158518e+18,-375.31146240234375,-1251.3433837890625,-375.1863708496094,-75.08760070800781,-500.5010986328125,-375.3116149902344,-383.52716064453125,-375.53179931640625,,,,,,,,,,,,,,,,,,,,,,,,,,,,,,,,,,,,,,,,,,,,,,,,,,,,,,,,,,,,,,,,,,,
1.775875298515867e+18,,,,,,,,,-375.1253662109375,-1250.095458984375,-375.05859375,-75.02422332763672,-75.01158905029297,-75.0107421875,-500.1552429199219,-375.2717590332031,,,,,,,,,,,,,,,,,,,,,,,,,,,,,,,,,,,,,,,,,,,,,,,,,,,,,,,,,,,
1.7758752985166093e+18,,,,,,,,,,,,,,,,,,,,,,,,,,,,,-215.71531677246094,-21.571531295776367,-21.571531295776367,-21.571531295776367,-21.571531295776367,-21.571531295776367,-180.49278259277344,,,,,,,,,,,,,,,,,,,,,,,,,,,,,,,,,,,,,,,,
1.7758752985166646e+18,,,,,,,,,,,,,,,,,-321.5607604980469,-313.05133056640625,-275.33392333984375,-297.41241455078125,-309.83154296875,-285.9131774902344,-278.3236999511719,-322.9406433105469,108.25556945800781,43.30222702026367,43.30222702026367,-300.65777587890625,,,,,,,,,,,,,,,,,,,,,,,,,,,,,,,,,,,,,,,,,,,,,,,
1.775875298516852e+18,-374.7268371582031,-1249.4969482421875,-375.1863708496094,-75.05684661865234,-500.5421142578125,-375.2500915527344,-381.926513671875,-374.7322692871094,,,,,,,,,,,,,,,,,,,,,,,,,,,,,,,,,,,,,,,,,,,,,,,,,,,,,,,,,,,,,,,,,,,
1.775875298516867e+18,,,,,,,,,-374.787353515625,-1248.9681396484375,-374.93560791015625,-75.00577545166016,-75.06078338623047,-75.04766082763672,-500.0732116699219,-374.62591552734375,,,,,,,,,,,,,,,,,,,,,,,,,,,,,,,,,,,,,,,,,,,,,,,,,,,,,,,,,,,
1.7758752985176095e+18,,,,,,,,,,,,,,,,,,,,,,,,,,,,,-215.71531677246094,-21.571531295776367,-21.572189331054688,-21.571531295776367,-21.571531295776367,-21.571531295776367,-180.525634765625,,,,,,,,,,,,,,,,,,,,,,,,,,,,,,,,,,,,,,,,
1.7758752985176645e+18,,,,,,,,,,,,,,,,,-306.38177490234375,-287.7530517578125,-289.8229064941406,-317.6510009765625,-289.8229064941406,-269.12432861328125,-275.33392333984375,-300.6321716308594,108.25556945800781,43.30222702026367,43.30222702026367,-300.1033630371094,,,,,,,,,,,,,,,,,,,,,,,,,,,,,,,,,,,,,,,,,,,,,,,
1.775875298517852e+18,-375.1576232910156,-1251.2408447265625,-375.37103271484375,-75.02608489990234,-500.5831298828125,-375.58856201171875,-381.55712890625,-375.3780212402344,,,,,,,,,,,,,,,,,,,,,,,,,,,,,,,,,,,,,,,,,,,,,,,,,,,,,,,,,,,,,,,,,,,
1.775875298517867e+18,,,,,,,,,-374.94097900390625,-1249.7879638671875,-374.7511291503906,-74.99962615966797,-75.01773834228516,-75.03535461425781,-500.3193054199219,-375.14874267578125,,,,,,,,,,,,,,,,,,,,,,,,,,,,,,,,,,,,,,,,,,,,,,,,,,,,,,,,,,,
1.7758752985186094e+18,,,,,,,,,,,,,,,,,,,,,,,,,,,,,-215.71531677246094,-21.571531295776367,-21.571531295776367,-21.571531295776367,-21.570873260498047,-21.571531295776367,-180.54205322265625,,,,,,,,,,,,,,,,,,,,,,,,,,,,,,,,,,,,,,,,
1.7758752985186647e+18,,,,,,,,,,,,,,,,,-311.4414367675781,-289.8229064941406,-279.013671875,-306.38177490234375,-281.7734680175781,-265.444580078125,-278.3236999511719,-313.28131103515625,108.25556945800781,43.30222702026367,43.30222702026367,-300.07257080078125,,,,,,,,,,,,,,,,,,,,,,,,,,,,,,,,,,,,,,,,,,,,,,,
1.7758752985188518e+18,-374.81915283203125,-1248.6763916015625,-374.7247009277344,-74.98918151855469,-499.59881591796875,-375.12701416015625,-377.5247497558594,-375.2550354003906,,,,,,,,,,,,,,,,,,,,,,,,,,,,,,,,,,,,,,,,,,,,,,,,,,,,,,,,,,,,,,,,,,,
1.7758752985188672e+18,,,,,,,,,-375.3404541015625,-1250.3004150390625,-375.3660888671875,-75.0365219116211,-75.02388763427734,-75.05381774902344,-500.3603210449219,-375.14874267578125,,,,,,,,,,,,,,,,,,,,,,,,,,,,,,,,,,,,,,,,,,,,,,,,,,,,,,,,,,,
1.7758752985189476e+18,,,,,,,,,,,,,,,,,,,,,,,,,,,,,,,,,,,,,,,,,,,,,,,,,,0.0,0.0,0.0,,,,,,,,,,,,,,,,,,,,,,,
1.7758752985196096e+18,,,,,,,,,,,,,,,,,,,,,,,,,,,,,-215.71531677246094,-21.571531295776367,-21.571531295776367,-21.571531295776367,-21.570873260498047,-21.571531295776367,-180.525634765625,,,,,,,,,,,,,,,,,,,,,,,,,,,,,,,,,,,,,,,,
1.7758752985196646e+18,,,,,,,,,,,,,,,,,-284.5332946777344,-316.2711181640625,-288.2130432128906,-263.8346862792969,-282.2334289550781,-292.5827331542969,-252.7954559326172,-278.5536804199219,108.25556945800781,43.30222702026367,43.30222702026367,-299.3795166015625,,,,,,,,,,,,,,,,,,,,,,,,,,,,,,,,,,,,,,,,,,,,,,,
1.775875298519852e+18,-374.7575988769531,-1250.0098876953125,-375.001708984375,-74.99533081054688,-500.2550354003906,-375.0654602050781,-383.52716064453125,-375.3780212402344,,,,,,,,,,,,,,,,,,,,,,,,,,,,,,,,,,,,,,,,,,,,,,,,,,,,,,,,,,,,,,,,,,,
1.7758752985198674e+18,,,,,,,,,-375.1253662109375,-1251.017822265625,-375.3045959472656,-75.01192474365234,-75.06078338623047,-75.02920532226562,-500.2372741699219,-375.11798095703125,,,,,,,,,,,,,,,,,,,,,,,,,,,,,,,,,,,,,,,,,,,,,,,,,,,,,,,,,,,
1.7758752985206095e+18,,,,,,,,,,,,,,,,,,,,,,,,,,,,,-215.71531677246094,-21.570873260498047,-21.571531295776367,-21.571531295776367,-21.571531295776367,-21.571531295776367,-180.4763641357422,,,,,,,,,,,,,,,,,,,,,,,,,,,,,,,,,,,,,,,,
1.7758752985206646e+18,,,,,,,,,,,,,,,,,-261.76483154296875,-290.05291748046875,-308.681640625,-277.4037780761719,-270.0442810058594,-295.5725402832031,-264.294677734375,-261.07489013671875,108.25556945800781,43.30222702026367,43.30222702026367,-299.7491455078125,,,,,,,,,,,,,,,,,,,,,,,,,,,,,,,,,,,,,,,,,,,,,,,
1.775875298520852e+18,-374.6653137207031,-1249.1893310546875,-374.6323547363281,-74.94612121582031,-499.76287841796875,-374.4193115234375,-372.35345458984375,-374.8552551269531,,,,,,,,,,,,,,,,,,,,,,,,,,,,,,,,,,,,,,,,,,,,,,,,,,,,,,,,,,,,,,,,,,,
1.7758752985208673e+18,,,,,,,,,-375.27899169921875,-1250.812744140625,-375.05859375,-75.0303726196289,-75.05463409423828,-75.0107421875,-500.4013366699219,-375.394775390625,,,,,,,,,,,,,,,,,,,,,,,,,,,,,,,,,,,,,,,,,,,,,,,,,,,,,,,,,,,
1.7758752985216097e+18,,,,,,,,,,,,,,,,,,,,,,,,,,,,,-215.71531677246094,-21.571531295776367,-21.570873260498047,-21.571531295776367,-21.571531295776367,-21.571531295776367,-180.4763641357422,,,,,,,,,,,,,,,,,,,,,,,,,,,,,,,,,,,,,,,,
1.7758752985216648e+18,,,,,,,,,,,,,,,,,-278.78369140625,-277.1737976074219,-298.33233642578125,-279.4736328125,-247.0458526611328,-287.9830322265625,-287.2930908203125,-271.6541748046875,108.25556945800781,43.30222702026367,43.30222702026367,-299.0869140625,,,,,,,,,,,,,,,,,,,,,,,,,,,,,,,,,,,,,,,,,,,,,,,
1.775875298521852e+18,-375.0653076171875,-1250.0098876953125,-375.12481689453125,-75.03839111328125,-500.2550354003906,-375.2808532714844,-379.1561584472656,-375.3472900390625,,,,,,,,,,,,,,,,,,,,,,,,,,,,,,,,,,,,,,,,,,,,,,,,,,,,,,,,,,,,,,,,,,,
1.7758752985218675e+18,,,,,,,,,-374.6951904296875,-1249.275634765625,-374.566650390625,-74.96888732910156,-74.97468566894531,-74.94306182861328,-499.8271179199219,-374.9334411621094,,,,,,,,,,,,,,,,,,,,,,,,,,,,,,,,,,,,,,,,,,,,,,,,,,,,,,,,,,,
1.7758752985226097e+18,,,,,,,,,,,,,,,,,,,,,,,,,,,,,-215.7218780517578,-21.571531295776367,-21.571531295776367,-21.571531295776367,-21.571531295776367,-21.571531295776367,-180.4763641357422,,,,,,,,,,,,,,,,,,,,,,,,,,,,,,,,,,,,,,,,
1.775875298522626e+18,,,,,,,,,,,,,,,,,,,,,,,,,,,,,,,,,,,,,,,,,,,,,,,,,,,,,0.0,0.0,0.0,0.0,0.0,0.0,0.0,0.0,0.0,0.0,0.0,0.0,0.0,0.0,0.0,0.0,0.0,0.0,0.0,0.0,0.0,0.0,0.0
1.7758752985226647e+18,,,,,,,,,,,,,,,,,-312.59136962890625,-280.8535461425781,-258.7750549316406,-275.56390380859375,-290.74285888671875,-298.56231689453125,-268.66436767578125,-264.984619140625,108.25556945800781,43.30222702026367,43.30222702026367,-298.3168640136719,,,,,,,,,,,,,,,,,,,,,,,,,,,,,,,,,,,,,,,,,,,,,,,
1.775875298522852e+18,-374.9114685058594,-1248.7789306640625,-374.7862548828125,-74.95841979980469,-500.2550354003906,-375.12701416015625,-383.52716064453125,-375.47027587890625,,,,,,,,,,,,,,,,,,,,,,,,,,,,,,,,,,,,,,,,,,,,,,,,,,,,,,,,,,,,,,,,,,,
1.7758752985228675e+18,,,,,,,,,-375.0946350097656,-1251.017822265625,-375.3045959472656,-75.01192474365234,-75.02388763427734,-74.9922866821289,-500.0732116699219,-374.59515380859375,,,,,,,,,,,,,,,,,,,,,,,,,,,,,,,,,,,,,,,,,,,,,,,,,,,,,,,,,,,
1.7758752985236099e+18,,,,,,,,,,,,,,,,,,,,,,,,,,,,,-215.708740234375,-21.571531295776367,-21.571531295776367,-21.570873260498047,-21.571531295776367,-21.571531295776367,-180.41067504882812,,,,,,,,,,,,,,,,,,,,,,,,,,,,,,,,,,,,,,,,
1.7758752985236646e+18,,,,,,,,,,,,,,,,,-301.7821044921875,-281.0835266113281,-280.16357421875,-307.9916687011719,-289.5929260253906,-265.444580078125,-255.32528686523438,-298.10235595703125,108.25556945800781,43.30222702026367,43.30222702026367,-299.45654296875,,,,,,,,,,,,,,,,,,,,,,,,,,,,,,,,,,,,,,,,,,,,,,,
1.775875298523852e+18,-375.24993896484375,-1251.1383056640625,-375.12481689453125,-75.05684661865234,-500.4600830078125,-375.18853759765625,-383.52716064453125,-375.4087829589844,,,,,,,,,,,,,,,,,,,,,,,,,,,,,,,,,,,,,,,,,,,,,,,,,,,,,,,,,,,,,,,,,,,
1.7758752985238676e+18,,,,,,,,,-375.1253662109375,-1250.7103271484375,-375.1816101074219,-75.01192474365234,-75.0423355102539,-75.04151153564453,-500.1552429199219,-375.4870300292969,,,,,,,,,,,,,,,,,,,,,,,,,,,,,,,,,,,,,,,,,,,,,,,,,,,,,,,,,,,
1.7758752985246098e+18,,,,,,,,,,,,,,,,,,,,,,,,,,,,,-215.71531677246094,-21.571531295776367,-21.571531295776367,-21.571531295776367,-21.571531295776367,-21.572189331054688,-180.41067504882812,,,,,,,,,,,,,,,,,,,,,,,,,,,,,,,,,,,,,,,,
1.7758752985246648e+18,,,,,,,,,,,,,,,,,-308.4516296386719,-304.3119201660156,-280.8535461425781,-301.5521240234375,-297.64239501953125,-271.4241943359375,-268.66436767578125,-304.3119201660156,108.25556945800781,43.30222702026367,43.30222702026367,-300.2111511230469,,,,,,,,,,,,,,,,,,,,,,,,,,,,,,,,,,,,,,,,,,,,,,,
1.775875298524852e+18,-375.1268615722656,-1249.1893310546875,-374.9401550292969,-74.98918151855469,-499.59881591796875,-374.8193054199219,-368.7519836425781,-374.6092529296875,,,,,,,,,,,,,,,,,,,,,,,,,,,,,,,,,,,,,,,,,,,,,,,,,,,,,,,,,,,,,,,,,,,
1.7758752985248676e+18,,,,,,,,,-374.7566223144531,-1248.76318359375,-374.68963623046875,-74.96888732910156,-74.92549133300781,-74.97382354736328,-499.7861022949219,-374.8719482421875,,,,,,,,,,,,,,,,,,,,,,,,,,,,,,,,,,,,,,,,,,,,,,,,,,,,,,,,,,,
1.77587529852561e+18,,,,,,,,,,,,,,,,,,,,,,,,,,,,,-215.71531677246094,-21.571531295776367,-21.571531295776367,-21.571531295776367,-21.571531295776367,-21.571531295776367,-180.36141967773438,,,,,,,,,,,,,,,,,,,,,,,,,,,,,,,,,,,,,,,,
1.7758752985256648e+18,,,,,,,,,,,,,,,,,-307.7616882324219,-331.4500732421875,-289.3629455566406,-278.3236999511719,-304.77191162109375,-307.0717468261719,-277.1737976074219,-289.1329650878906,108.25556945800781,43.30222702026367,43.30222702026367,-297.91644287109375,,,,,,,,,,,,,,,,,,,,,,,,,,,,,,,,,,,,,,,,,,,,,,,
1.775875298525852e+18,-375.31146240234375,-1251.03564453125,-375.2171325683594,-75.04454040527344,-500.2140197753906,-375.3731689453125,-373.9233093261719,-375.0397644042969,,,,,,,,,,,,,,,,,,,,,,,,,,,,,,,,,,,,,,,,,,,,,,,,,,,,,,,,,,,,,,,,,,,
1.7758752985258678e+18,,,,,,,,,-374.94097900390625,-1248.86572265625,-374.8126220703125,-74.97503662109375,-74.931640625,-74.96151733398438,-499.7040710449219,-374.5028991699219,,,,,,,,,,,,,,,,,,,,,,,,,,,,,,,,,,,,,,,,,,,,,,,,,,,,,,,,,,,
1.775875298525951e+18,,,,,,,,,,,,,,,,,,,,,,,,,,,,,,,,,,,,,,,,,,,,,,,,,,0.0,0.0,0.0,,,,,,,,,,,,,,,,,,,,,,,
1.77587529852661e+18,,,,,,,,,,,,,,,,,,,,,,,,,,,,,-215.71531677246094,-21.571531295776367,-21.571531295776367,-21.571531295776367,-21.571531295776367,-21.571531295776367,-180.32858276367188,,,,,,,,,,,,,,,,,,,,,,,,,,,,,,,,,,,,,,,,
1.7758752985266647e+18,,,,,,,,,,,,,,,,,-304.3119201660156,-332.3699951171875,-305.46185302734375,-279.93359375,-293.2726745605469,-314.8912048339844,-290.74285888671875,-295.342529296875,108.25556945800781,43.30222702026367,43.30222702026367,-298.37847900390625,,,,,,,,,,,,,,,,,,,,,,,,,,,,,,,,,,,,,,,,,,,,,,,
1.775875298526852e+18,-375.3730163574219,-1251.03564453125,-375.2479248046875,-75.01378631591797,-499.9269104003906,-374.880859375,-361.3028564453125,-374.76300048828125,,,,,,,,,,,,,,,,,,,,,,,,,,,,,,,,,,,,,,,,,,,,,,,,,,,,,,,,,,,,,,,,,,,
1.7758752985268677e+18,,,,,,,,,-374.94097900390625,-1248.9681396484375,-374.7818908691406,-74.93814086914062,-74.96853637695312,-74.9922866821289,-500.1142272949219,-375.3025207519531,,,,,,,,,,,,,,,,,,,,,,,,,,,,,,,,,,,,,,,,,,,,,,,,,,,,,,,,,,,
1.7758752985273772e+18,,,,,,,,,,,,,,,,,,,,,,,,,,,,,,,,,,,,2297.490478515625,21.97050666809082,2297.490478515625,2297.490478515625,2297.490478515625,2297.490478515625,2297.490478515625,24.65619659423828,2297.490478515625,2297.490478515625,2297.490478515625,2297.490478515625,2297.490478515625,2297.490478515625,,,,,,,,,,,,,,,,,,,,,,,,,,
1.77587529852761e+18,,,,,,,,,,,,,,,,,,,,,,,,,,,,,-215.71531677246094,-21.570873260498047,-21.571531295776367,-21.571531295776367,-21.571531295776367,-21.571531295776367,-180.37783813476562,,,,,,,,,,,,,,,,,,,,,,,,,,,,,,,,,,,,,,,,
1.775875298527665e+18,,,,,,,,,,,,,,,,,-303.1620178222656,-333.9798889160156,-300.8621520996094,-303.1620178222656,-312.82135009765625,-295.112548828125,-279.4736328125,-321.7907409667969,108.25556945800781,43.30222702026367,43.30222702026367,-300.9042053222656,,,,,,,,,,,,,,,,,,,,,,,,,,,,,,,,,,,,,,,,,,,,,,,
1.775875298527852e+18,-375.0653076171875,-1249.8046875,-374.8785705566406,-74.97687530517578,-499.72186279296875,-374.4193115234375,-366.9666748046875,-375.0705261230469,,,,,,,,,,,,,,,,,,,,,,,,,,,,,,,,,,,,,,,,,,,,,,,,,,,,,,,,,,,,,,,,,,,
1.775875298527868e+18,,,,,,,,,-375.4018859863281,-1250.3004150390625,-375.1508483886719,-74.99962615966797,-74.96238708496094,-74.97382354736328,-499.4990234375,-374.8411865234375,,,,,,,,,,,,,,,,,,,,,,,,,,,,,,,,,,,,,,,,,,,,,,,,,,,,,,,,,,,
1.77587529852861e+18,,,,,,,,,,,,,,,,,,,,,,,,,,,,,-215.71531677246094,-21.571531295776367,-21.571531295776367,-21.571531295776367,-21.571531295776367,-21.571531295776367,-180.32858276367188,,,,,,,,,,,,,,,,,,,,,,,,,,,,,,,,,,,,,,,,
1.7758752985286648e+18,,,,,,,,,,,,,,,,,-305.92181396484375,-306.38177490234375,-286.8331298828125,-322.7106628417969,-278.78369140625,-315.1211853027344,-304.5419006347656,-304.5419006347656,108.25556945800781,43.30222702026367,43.30222702026367,-300.8887939453125,,,,,,,,,,,,,,,,,,,,,,,,,,,,,,,,,,,,,,,,,,,,,,,
1.775875298528852e+18,-375.0037841796875,-1249.1893310546875,-374.8478088378906,-74.98918151855469,-500.3780517578125,-375.3731689453125,-380.6029052734375,-374.6400146484375,,,,,,,,,,,,,,,,,,,,,,,,,,,,,,,,,,,,,,,,,,,,,,,,,,,,,,,,,,,,,,,,,,,
1.775875298528868e+18,,,,,,,,,-374.6644592285156,-1248.76318359375,-374.8433837890625,-75.01192474365234,-75.07308959960938,-75.04151153564453,-499.7450866699219,-374.7796936035156,,,,,,,,,,,,,,,,,,,,,,,,,,,,,,,,,,,,,,,,,,,,,,,,,,,,,,,,,,,
1.7758752985296102e+18,,,,,,,,,,,,,,,,,,,,,,,,,,,,,-215.71531677246094,-21.571531295776367,-21.571531295776367,-21.571531295776367,-21.571531295776367,-21.572189331054688,-180.34500122070312,,,,,,,,,,,,,,,,,,,,,,,,,,,,,,,,,,,,,,,,
1.7758752985296648e+18,,,,,,,,,,,,,,,,,-311.6714172363281,-302.9320373535156,-316.2711181640625,-291.43280029296875,-314.2012634277344,-286.8331298828125,-309.83154296875,-306.38177490234375,108.25556945800781,43.30222702026367,43.30222702026367,-301.3354187011719,,,,,,,,,,,,,,,,,,,,,,,,,,,,,,,,,,,,,,,,,,,,,,,
1.775875298529852e+18,-375.24993896484375,-1251.4459228515625,-375.12481689453125,-74.9522705078125,-499.51678466796875,-374.8193054199219,-377.3400573730469,-375.50103759765625,,,,,,,,,,,,,,,,,,,,,,,,,,,,,,,,,,,,,,,,,,,,,,,,,,,,,,,,,,,,,,,,,,,
1.775875298529868e+18,,,,,,,,,-375.0946350097656,-1251.1202392578125,-375.0278625488281,-74.96273803710938,-74.97468566894531,-74.9984359741211,-500.44232177734375,-375.08721923828125,,,,,,,,,,,,,,,,,,,,,,,,,,,,,,,,,,,,,,,,,,,,,,,,,,,,,,,,,,,
1.7758752985306102e+18,,,,,,,,,,,,,,,,,,,,,,,,,,,,,-215.71531677246094,-21.571531295776367,-21.571531295776367,-21.571531295776367,-21.571531295776367,-21.572189331054688,-180.37783813476562,,,,,,,,,,,,,,,,,,,,,,,,,,,,,,,,,,,,,,,,
1.7758752985306647e+18,,,,,,,,,,,,,,,,,-292.8127136230469,-320.87078857421875,-285.2232360839844,-322.2507019042969,-289.1329650878906,-293.5026550292969,-312.36138916015625,-289.8229064941406,108.25556945800781,43.30222702026367,43.30222702026367,-302.53668212890625,,,,,,,,,,,,,,,,,,,,,,,,,,,,,,,,,,,,,,,,,,,,,,,
1.775875298530852e+18,-375.1576232910156,-1251.3433837890625,-374.9709167480469,-74.95841979980469,-499.80389404296875,-374.69622802734375,-373.15374755859375,-375.2242736816406,,,,,,,,,,,,,,,,,,,,,,,,,,,,,,,,,,,,,,,,,,,,,,,,,,,,,,,,,,,,,,,,,,,
1.7758752985308682e+18,,,,,,,,,-375.37115478515625,-1250.1978759765625,-374.7511291503906,-74.950439453125,-74.95623779296875,-74.9922866821289,-500.1552429199219,-375.364013671875,,,,,,,,,,,,,,,,,,,,,,,,,,,,,,,,,,,,,,,,,,,,,,,,,,,,,,,,,,,
1.77587529853161e+18,,,,,,,,,,,,,,,,,,,,,,,,,,,,,-215.71531677246094,-21.571531295776367,-21.572189331054688,-21.571531295776367,-21.571531295776367,-21.571531295776367,-180.34500122070312,,,,,,,,,,,,,,,,,,,,,,,,,,,,,,,,,,,,,,,,
1.775875298531665e+18,,,,,,,,,,,,,,,,,-316.5010986328125,-292.3527526855469,-299.2522888183594,-334.66986083984375,-293.5026550292969,-288.6730041503906,-313.51129150390625,-299.9422302246094,108.25556945800781,43.30222702026367,43.30222702026367,-300.75018310546875,,,,,,,,,,,,,,,,,,,,,,,,,,,,,,,,,,,,,,,,,,,,,,,
1.775875298531852e+18,-375.0345458984375,-1249.2918701171875,-374.8170166015625,-74.97687530517578,-500.2960205078125,-375.3116149902344,-383.52716064453125,-374.6092529296875,,,,,,,,,,,,,,,,,,,,,,,,,,,,,,,,,,,,,,,,,,,,,,,,,,,,,,,,,,,,,,,,,,,
1.7758752985318682e+18,,,,,,,,,-374.7259216308594,-1248.9681396484375,-374.7818908691406,-75.01192474365234,-75.06693267822266,-75.04151153564453,-499.8271179199219,-374.7796936035156,,,,,,,,,,,,,,,,,,,,,,,,,,,,,,,,,,,,,,,,,,,,,,,,,,,,,,,,,,,
1.7758752985323784e+18,,,,,,,,,,,,,,,,,,,,,,,,,,,,,,,,,,,,,,,,,,,,,,,,,,,,,0.0,0.0,0.0,0.0,0.0,0.0,0.0,0.0,0.0,0.0,0.0,0.0,0.0,0.0,0.0,0.0,0.0,0.0,0.0,0.0,0.0,0.0,0.0
1.7758752985326103e+18,,,,,,,,,,,,,,,,,,,,,,,,,,,,,-215.71531677246094,-21.571531295776367,-21.571531295776367,-21.571531295776367,-21.571531295776367,-21.571531295776367,-180.42710876464844,,,,,,,,,,,,,,,,,,,,,,,,,,,,,,,,,,,,,,,,
1.7758752985326648e+18,,,,,,,,,,,,,,,,,-278.3236999511719,-312.59136962890625,-314.2012634277344,-291.43280029296875,-292.1227722167969,-307.9916687011719,-274.8739318847656,-285.4532165527344,108.25556945800781,43.30222702026367,43.30222702026367,-300.041748046875,,,,,,,,,,,,,,,,,,,,,,,,,,,,,,,,,,,,,,,,,,,,,,,
1.775875298532852e+18,-375.0037841796875,-1250.0098876953125,-374.8170166015625,-75.01378631591797,-500.0089416503906,-375.18853759765625,-383.52716064453125,-375.13201904296875,,,,,,,,,,,,,,,,,,,,,,,,,,,,,,,,,,,,,,,,,,,,,,,,,,,,,,,,,,,,,,,,,,,
1.7758752985328684e+18,,,,,,,,,-375.4326171875,-1250.812744140625,-375.1508483886719,-75.04882049560547,-75.03618621826172,-75.0230484008789,-500.1962585449219,-375.14874267578125,,,,,,,,,,,,,,,,,,,,,,,,,,,,,,,,,,,,,,,,,,,,,,,,,,,,,,,,,,,
1.7758752985332262e+18,,,,,,,,,,,,,,,,,,,,,,,,,,,,,,,,,,,,,,,,,,,,,,,,,,0.0,0.0,0.0,,,,,,,,,,,,,,,,,,,,,,,
1.7758752985336102e+18,,,,,,,,,,,,,,,,,,,,,,,,,,,,,-215.71531677246094,-21.571531295776367,-21.571531295776367,-21.571531295776367,-21.571531295776367,-21.571531295776367,-180.49278259277344,,,,,,,,,,,,,,,,,,,,,,,,,,,,,,,,,,,,,,,,
1.7758752985336648e+18,,,,,,,,,,,,,,,,,-328.92022705078125,-302.7020263671875,-274.4139709472656,-276.9438171386719,-301.3221435546875,-315.1211853027344,-283.15338134765625,-276.48382568359375,108.25556945800781,43.30222702026367,43.30222702026367,-299.0099182128906,,,,,,,,,,,,,,,,,,,,,,,,,,,,,,,,,,,,,,,,,,,,,,,
1.775875298533852e+18,-375.0345458984375,-1248.5738525390625,-374.7554626464844,-74.9522705078125,-499.9269104003906,-374.9423828125,-383.52716064453125,-375.4395446777344,,,,,,,,,,,,,,,,,,,,,,,,,,,,,,,,,,,,,,,,,,,,,,,,,,,,,,,,,,,,,,,,,,,
1.7758752985338683e+18,,,,,,,,,-374.9102783203125,-1250.50537109375,-375.24310302734375,-75.01192474365234,-75.0484848022461,-74.9984359741211,-499.9911804199219,-374.56439208984375,,,,,,,,,,,,,,,,,,,,,,,,,,,,,,,,,,,,,,,,,,,,,,,,,,,,,,,,,,,
1.7758752985346102e+18,,,,,,,,,,,,,,,,,,,,,,,,,,,,,-215.71531677246094,-21.571531295776367,-21.571531295776367,-21.570873260498047,-21.571531295776367,-21.571531295776367,-180.525634765625,,,,,,,,,,,,,,,,,,,,,,,,,,,,,,,,,,,,,,,,
1.775875298534665e+18,,,,,,,,,,,,,,,,,-278.78369140625,-306.15179443359375,-302.9320373535156,-288.2130432128906,-271.6541748046875,-291.20281982421875,-300.4021911621094,-285.6831970214844,108.25556945800781,43.30222702026367,43.30222702026367,-299.0252990722656,,,,,,,,,,,,,,,,,,,,,,,,,,,,,,,,,,,,,,,,,,,,,,,
1.775875298534852e+18,-375.1883850097656,-1251.651123046875,-375.37103271484375,-75.04454040527344,-500.6241455078125,-375.55780029296875,-381.3108825683594,-375.5625305175781,,,,,,,,,,,,,,,,,,,,,,,,,,,,,,,,,,,,,,,,,,,,,,,,,,,,,,,,,,,,,,,,,,,
1.7758752985348685e+18,,,,,,,,,-374.94097900390625,-1250.3004150390625,-374.93560791015625,-74.9873275756836,-75.01773834228516,-74.9984359741211,-499.9911804199219,-375.17950439453125,,,,,,,,,,,,,,,,,,,,,,,,,,,,,,,,,,,,,,,,,,,,,,,,,,,,,,,,,,,
1.77587529853561e+18,,,,,,,,,,,,,,,,,,,,,,,,,,,,,-215.71531677246094,-21.570873260498047,-21.571531295776367,-21.571531295776367,-21.571531295776367,-21.571531295776367,-180.54205322265625,,,,,,,,,,,,,,,,,,,,,,,,,,,,,,,,,,,,,,,,
1.775875298535665e+18,,,,,,,,,,,,,,,,,-300.6321716308594,-313.97125244140625,-278.5536804199219,-284.9932556152344,-293.5026550292969,-266.5945129394531,-260.61492919921875,-305.69183349609375,108.25556945800781,43.30222702026367,43.30222702026367,-300.1495666503906,,,,,,,,,,,,,,,,,,,,,,,,,,,,,,,,,,,,,,,,,,,,,,,
1.775875298535852e+18,-375.1883850097656,-1251.4459228515625,-375.3402404785156,-75.02608489990234,-499.9679260253906,-375.0039367675781,-371.3684387207031,-374.76300048828125,,,,,,,,,,,,,,,,,,,,,,,,,,,,,,,,,,,,,,,,,,,,,,,,,,,,,,,,,,,,,,,,,,,
1.7758752985358687e+18,,,,,,,,,-375.2482604980469,-1250.3004150390625,-375.3660888671875,-75.04267120361328,-75.01773834228516,-75.0230484008789,-499.9911804199219,-374.8411865234375,,,,,,,,,,,,,,,,,,,,,,,,,,,,,,,,,,,,,,,,,,,,,,,,,,,,,,,,,,,
1.7758752985366103e+18,,,,,,,,,,,,,,,,,,,,,,,,,,,,,-215.708740234375,-21.571531295776367,-21.571531295776367,-21.571531295776367,-21.571531295776367,-21.571531295776367,-180.525634765625,,,,,,,,,,,,,,,,,,,,,,,,,,,,,,,,,,,,,,,,
1.7758752985366648e+18,,,,,,,,,,,,,,,,,-268.20440673828125,-298.33233642578125,-293.0426940917969,-269.35430908203125,-273.9540100097656,-299.7122497558594,-282.46343994140625,-264.754638671875,108.25556945800781,43.30222702026367,43.30222702026367,-298.6094970703125,,,,,,,,,,,,,,,,,,,,,,,,,,,,,,,,,,,,,,,,,,,,,,,
1.775875298536852e+18,-374.9422302246094,-1248.984130859375,-374.8785705566406,-74.98918151855469,-499.51678466796875,-374.72698974609375,-366.53570556640625,-374.6092529296875,,,,,,,,,,,,,,,,,,,,,,,,,,,,,,,,,,,,,,,,,,,,,,,,,,,,,,,,,,,,,,,,,,,
1.7758752985368686e+18,,,,,,,,,-374.8180847167969,-1248.76318359375,-374.9971008300781,-74.99347686767578,-74.95008850097656,-74.9922866821289,-499.8271179199219,-374.6874084472656,,,,,,,,,,,,,,,,,,,,,,,,,,,,,,,,,,,,,,,,,,,,,,,,,,,,,,,,,,,
1.7758752985376102e+18,,,,,,,,,,,,,,,,,,,,,,,,,,,,,-215.708740234375,-21.571531295776367,-21.570873260498047,-21.571531295776367,-21.572189331054688,-21.572189331054688,-180.54205322265625,,,,,,,,,,,,,,,,,,,,,,,,,,,,,,,,,,,,,,,,
1.775875298537665e+18,,,,,,,,,,,,,,,,,-304.77191162109375,-287.2930908203125,-272.1141357421875,-305.00189208984375,-259.4649963378906,-272.5740966796875,-279.93359375,-259.9249572753906,108.25556945800781,43.30222702026367,43.30222702026367,-300.981201171875,,,,,,,,,,,,,,,,,,,,,,,,,,,,,,,,,,,,,,,,,,,,,,,
1.775875298537852e+18,-375.1268615722656,-1251.548583984375,-375.40179443359375,-75.03224182128906,-499.9679260253906,-374.91162109375,-369.52154541015625,-374.82452392578125,,,,,,,,,,,,,,,,,,,,,,,,,,,,,,,,,,,,,,,,,,,,,,,,,,,,,,,,,,,,,,,,,,,
1.7758752985378688e+18,,,,,,,,,-375.06390380859375,-1250.40283203125,-375.3660888671875,-75.04882049560547,-75.00543975830078,-74.97998046875,-499.7861022949219,-374.7489318847656,,,,,,,,,,,,,,,,,,,,,,,,,,,,,,,,,,,,,,,,,,,,,,,,,,,,,,,,,,,
1.7758752985386102e+18,,,,,,,,,,,,,,,,,,,,,,,,,,,,,-215.71531677246094,-21.571531295776367,-21.571531295776367,-21.571531295776367,-21.571531295776367,-21.571531295776367,-180.4763641357422,,,,,,,,,,,,,,,,,,,,,,,,,,,,,,,,,,,,,,,,
1.775875298538665e+18,,,,,,,,,,,,,,,,,-291.43280029296875,-273.9540100097656,-277.8637390136719,-303.1620178222656,-264.984619140625,-264.294677734375,-289.5929260253906,-289.3629455566406,108.25556945800781,43.30222702026367,43.30222702026367,-297.42364501953125,,,,,,,,,,,,,,,,,,,,,,,,,,,,,,,,,,,,,,,,,,,,,,,
1.775875298538852e+18,-374.7268371582031,-1249.2918701171875,-374.8785705566406,-74.92151641845703,-499.72186279296875,-374.72698974609375,-360.9026794433594,-374.76300048828125,,,,,,,,,,,,,,,,,,,,,,,,,,,,,,,,,,,,,,,,,,,,,,,,,,,,,,,,,,,,,,,,,,,
1.7758752985388687e+18,,,,,,,,,-374.8795471191406,-1250.1978759765625,-374.9971008300781,-75.00577545166016,-74.9931411743164,-74.9922866821289,-499.6220397949219,-374.8719482421875,,,,,,,,,,,,,,,,,,,,,,,,,,,,,,,,,,,,,,,,,,,,,,,,,,,,,,,,,,,
1.7758752985396104e+18,,,,,,,,,,,,,,,,,,,,,,,,,,,,,-215.71531677246094,-21.571531295776367,-21.571531295776367,-21.570873260498047,-21.571531295776367,-21.572189331054688,-180.525634765625,,,,,,,,,,,,,,,,,,,,,,,,,,,,,,,,,,,,,,,,
1.775875298539665e+18,,,,,,,,,,,,,,,,,-281.5434875488281,-304.3119201660156,-273.4940490722656,-287.9830322265625,-312.82135009765625,-280.6235656738281,-256.2452087402344,-301.3221435546875,108.25556945800781,43.30222702026367,43.30222702026367,-299.3949279785156,,,,,,,,,,,,,,,,,,,,,,,,,,,,,,,,,,,,,,,,,,,,,,,
1.775875298539852e+18,-374.9114685058594,-1248.5738525390625,-374.90936279296875,-75.03224182128906,-500.3370361328125,-375.4346923828125,-380.5413513183594,-375.50103759765625,,,,,,,,,,,,,,,,,,,,,,,,,,,,,,,,,,,,,,,,,,,,,,,,,,,,,,,,,,,,,,,,,,,
1.775875298539869e+18,,,,,,,,,-374.7566223144531,-1249.4805908203125,-374.597412109375,-74.98118591308594,-75.01158905029297,-75.01689910888672,-500.3603210449219,-375.17950439453125,,,,,,,,,,,,,,,,,,,,,,,,,,,,,,,,,,,,,,,,,,,,,,,,,,,,,,,,,,,
1.7758752985398776e+18,,,,,,,,,,,,,,,,,,,,,,,,,,,,,,,,,,,,2297.77734375,22.051048278808594,2297.77734375,2297.77734375,2297.77734375,2297.77734375,2297.77734375,24.809675216674805,2297.77734375,2297.77734375,2297.77734375,2297.77734375,2297.77734375,2297.77734375,,,,,,,,,,,,,,,,,,,,,,,,,,
1.7758752985400993e+18,,,,,,,,,,,,,,,,,,,,,,,,,,,,,,,,,,,,,,,,,,,,,,,,,,,,,0.0,0.0,0.0,0.0,0.0,0.0,0.0,0.0,0.0,0.0,0.0,0.0,0.0,0.0,0.0,0.0,0.0,0.0,0.0,0.0,0.0,0.0,0.0
1.7758752985402565e+18,,,,,,,,,,,,,,,,,,,,,,,,,,,,,,,,,,,,,,,,,,,,,,,,,,0.0,0.0,0.0,,,,,,,,,,,,,,,,,,,,,,,
1.7758752985406103e+18,,,,,,,,,,,,,,,,,,,,,,,,,,,,,-215.71531677246094,-21.571531295776367,-21.571531295776367,-21.571531295776367,-21.571531295776367,-21.571531295776367,-180.4763641357422,,,,,,,,,,,,,,,,,,,,,,,,,,,,,,,,,,,,,,,,
1.775875298540665e+18,,,,,,,,,,,,,,,,,-290.28289794921875,-311.2114562988281,-280.3935546875,-297.87237548828125,-299.9422302246094,-273.4940490722656,-264.984619140625,-304.5419006347656,108.25556945800781,43.30222702026367,43.30222702026367,-299.7183532714844,,,,,,,,,,,,,,,,,,,,,,,,,,,,,,,,,,,,,,,,,,,,,,,
1.775875298540852e+18,-375.1576232910156,-1251.651123046875,-375.37103271484375,-75.03224182128906,-500.6651611328125,-375.58856201171875,-381.06463623046875,-375.53179931640625,,,,,,,,,,,,,,,,,,,,,,,,,,,,,,,,,,,,,,,,,,,,,,,,,,,,,,,,,,,,,,,,,,,
1.7758752985408689e+18,,,,,,,,,-375.1253662109375,-1250.40283203125,-375.05859375,-74.99962615966797,-75.01158905029297,-74.9922866821289,-499.9911804199219,-374.9334411621094,,,,,,,,,,,,,,,,,,,,,,,,,,,,,,,,,,,,,,,,,,,,,,,,,,,,,,,,,,,
1.7758752985416102e+18,,,,,,,,,,,,,,,,,,,,,,,,,,,,,-215.708740234375,-21.571531295776367,-21.570873260498047,-21.570873260498047,-21.571531295776367,-21.570873260498047,-180.41067504882812,,,,,,,,,,,,,,,,,,,,,,,,,,,,,,,,,,,,,,,,
1.775875298541665e+18,,,,,,,,,,,,,,,,,-298.56231689453125,-280.16357421875,-268.66436767578125,-302.9320373535156,-317.6510009765625,-299.4822692871094,-260.38494873046875,-275.10394287109375,108.25556945800781,43.30222702026367,43.30222702026367,-298.1166687011719,,,,,,,,,,,,,,,,,,,,,,,,,,,,,,,,,,,,,,,,,,,,,,,
1.775875298541852e+18,-374.9729919433594,-1249.9073486328125,-374.7554626464844,-74.97687530517578,-499.9679260253906,-374.6039123535156,-368.9059143066406,-375.16278076171875,,,,,,,,,,,,,,,,,,,,,,,,,,,,,,,,,,,,,,,,,,,,,,,,,,,,,,,,,,,,,,,,,,,
1.775875298541869e+18,,,,,,,,,-374.6951904296875,-1249.3780517578125,-374.6281433105469,-74.96273803710938,-74.94393920898438,-74.96151733398438,-499.4169921875,-374.6566467285156,,,,,,,,,,,,,,,,,,,,,,,,,,,,,,,,,,,,,,,,,,,,,,,,,,,,,,,,,,,
1.7758752985426104e+18,,,,,,,,,,,,,,,,,,,,,,,,,,,,,-215.71531677246094,-21.571531295776367,-21.570873260498047,-21.571531295776367,-21.571531295776367,-21.572189331054688,-180.41067504882812,,,,,,,,,,,,,,,,,,,,,,,,,,,,,,,,,,,,,,,,
1.775875298542665e+18,,,,,,,,,,,,,,,,,-291.43280029296875,-294.192626953125,-316.9610595703125,-288.6730041503906,-305.00189208984375,-305.92181396484375,-274.1839904785156,-310.7514953613281,108.25556945800781,43.30222702026367,43.30222702026367,-300.041748046875,,,,,,,,,,,,,,,,,,,,,,,,,,,,,,,,,,,,,,,,,,,,,,,
1.7758752985428518e+18,-374.81915283203125,-1249.599609375,-374.8170166015625,-74.9338150024414,-499.72186279296875,-374.8193054199219,-373.4000244140625,-375.009033203125,,,,,,,,,,,,,,,,,,,,,,,,,,,,,,,,,,,,,,,,,,,,,,,,,,,,,,,,,,,,,,,,,,,
1.775875298542869e+18,,,,,,,,,-375.1253662109375,-1250.7103271484375,-375.3045959472656,-74.99962615966797,-75.06693267822266,-75.04766082763672,-500.1552429199219,-375.425537109375,,,,,,,,,,,,,,,,,,,,,,,,,,,,,,,,,,,,,,,,,,,,,,,,,,,,,,,,,,,
1.7758752985436104e+18,,,,,,,,,,,,,,,,,,,,,,,,,,,,,-215.71531677246094,-21.571531295776367,-21.570873260498047,-21.571531295776367,-21.571531295776367,-21.572189331054688,-180.36141967773438,,,,,,,,,,,,,,,,,,,,,,,,,,,,,,,,,,,,,,,,
1.775875298543665e+18,,,,,,,,,,,,,,,,,-282.2334289550781,-308.91162109375,-307.9916687011719,-289.3629455566406,-287.2930908203125,-321.10076904296875,-305.23187255859375,-282.0034484863281,108.25556945800781,43.30222702026367,43.30222702026367,-299.8261413574219,,,,,,,,,,,,,,,,,,,,,,,,,,,,,,,,,,,,,,,,,,,,,,,
1.775875298543852e+18,-375.0653076171875,-1250.1124267578125,-375.1863708496094,-75.00763702392578,-499.72186279296875,-374.91162109375,-372.16876220703125,-374.6400146484375,,,,,,,,,,,,,,,,,,,,,,,,,,,,,,,,,,,,,,,,,,,,,,,,,,,,,,,,,,,,,,,,,,,
1.7758752985438692e+18,,,,,,,,,-375.27899169921875,-1250.40283203125,-375.3660888671875,-75.04267120361328,-75.02388763427734,-75.05996704101562,-500.3193054199219,-374.9949645996094,,,,,,,,,,,,,,,,,,,,,,,,,,,,,,,,,,,,,,,,,,,,,,,,,,,,,,,,,,,
1.7758752985446103e+18,,,,,,,,,,,,,,,,,,,,,,,,,,,,,-215.71531677246094,-21.571531295776367,-21.571531295776367,-21.571531295776367,-21.570873260498047,-21.572189331054688,-180.34500122070312,,,,,,,,,,,,,,,,,,,,,,,,,,,,,,,,,,,,,,,,
1.775875298544665e+18,,,,,,,,,,,,,,,,,-330.5301208496094,-302.7020263671875,-284.5332946777344,-326.1604309082031,-303.1620178222656,-284.9932556152344,-295.8025207519531,-331.4500732421875,108.25556945800781,43.30222702026367,43.30222702026367,-301.8436279296875,,,,,,,,,,,,,,,,,,,,,,,,,,,,,,,,,,,,,,,,,,,,,,,
1.775875298544852e+18,-374.8807067871094,-1248.6763916015625,-374.7862548828125,-74.97687530517578,-499.63983154296875,-374.880859375,-373.67706298828125,-374.7322692871094,,,,,,,,,,,,,,,,,,,,,,,,,,,,,,,,,,,,,,,,,,,,,,,,,,,,,,,,,,,,,,,,,,,
1.7758752985448694e+18,,,,,,,,,-375.37115478515625,-1250.1978759765625,-375.3045959472656,-75.04267120361328,-75.02388763427734,-75.05996704101562,-500.3603210449219,-375.2102355957031,,,,,,,,,,,,,,,,,,,,,,,,,,,,,,,,,,,,,,,,,,,,,,,,,,,,,,,,,,,
1.7758752985456105e+18,,,,,,,,,,,,,,,,,,,,,,,,,,,,,-215.71531677246094,-21.570873260498047,-21.571531295776367,-21.571531295776367,-21.571531295776367,-21.571531295776367,-180.36141967773438,,,,,,,,,,,,,,,,,,,,,,,,,,,,,,,,,,,,,,,,
1.775875298545665e+18,,,,,,,,,,,,,,,,,-310.5215148925781,-335.58978271484375,-314.6612243652344,-292.1227722167969,-299.9422302246094,-323.400634765625,-303.6219787597656,-298.56231689453125,108.25556945800781,43.30222702026367,43.30222702026367,-299.6413269042969,,,,,,,,,,,,,,,,,,,,,,,,,,,,,,,,,,,,,,,,,,,,,,,
1.775875298545852e+18,-375.0345458984375,-1249.599609375,-375.1863708496094,-75.03839111328125,-500.3370361328125,-375.4039306640625,-379.9872741699219,-375.50103759765625,,,,,,,,,,,,,,,,,,,,,,,,,,,,,,,,,,,,,,,,,,,,,,,,,,,,,,,,,,,,,,,,,,,
1.7758752985458693e+18,,,,,,,,,-374.7259216308594,-1249.3780517578125,-374.597412109375,-74.98118591308594,-74.9931411743164,-74.9676742553711,-499.8271179199219,-375.08721923828125,,,,,,,,,,,,,,,,,,,,,,,,,,,,,,,,,,,,,,,,,,,,,,,,,,,,,,,,,,,
1.7758752985466104e+18,,,,,,,,,,,,,,,,,,,,,,,,,,,,,-215.71531677246094,-21.571531295776367,-21.572189331054688,-21.571531295776367,-21.571531295776367,-21.572189331054688,-180.34500122070312,,,,,,,,,,,,,,,,,,,,,,,,,,,,,,,,,,,,,,,,
1.775875298546665e+18,,,,,,,,,,,,,,,,,-289.8229064941406,-304.0819396972656,-333.0599670410156,-313.74127197265625,-282.69342041015625,-316.7310791015625,-298.10235595703125,-281.7734680175781,108.25556945800781,43.30222702026367,43.30222702026367,-302.6598815917969,,,,,,,,,,,,,,,,,,,,,,,,,,,,,,,,,,,,,,,,,,,,,,,
1.7758752985468518e+18,-374.7575988769531,-1248.5738525390625,-374.7554626464844,-74.98918151855469,-499.8858947753906,-375.18853759765625,-379.4024353027344,-375.5932922363281,,,,,,,,,,,,,,,,,,,,,,,,,,,,,,,,,,,,,,,,,,,,,,,,,,,,,,,,,,,,,,,,,,,
1.7758752985468695e+18,,,,,,,,,-374.94097900390625,-1249.0706787109375,-374.5359191894531,-74.96273803710938,-74.98699188232422,-74.98612976074219,-500.0732116699219,-375.14874267578125,,,,,,,,,,,,,,,,,,,,,,,,,,,,,,,,,,,,,,,,,,,,,,,,,,,,,,,,,,,
1.7758752985473477e+18,,,,,,,,,,,,,,,,,,,,,,,,,,,,,,,,,,,,,,,,,,,,,,,,,,,,,0.0,0.0,0.0,0.0,0.0,0.0,0.0,0.0,0.0,0.0,0.0,0.0,0.0,0.0,0.0,0.0,0.0,0.0,0.0,0.0,0.0,0.0,0.0
1.7758752985476104e+18,,,,,,,,,,,,,,,,,,,,,,,,,,,,,-215.71531677246094,-21.571531295776367,-21.572189331054688,-21.572189331054688,-21.571531295776367,-21.571531295776367,-180.34500122070312,,,,,,,,,,,,,,,,,,,,,,,,,,,,,,,,,,,,,,,,
1.7758752985476475e+18,,,,,,,,,,,,,,,,,,,,,,,,,,,,,,,,,,,,,,,,,,,,,,,,,,0.0,0.0,0.0,,,,,,,,,,,,,,,,,,,,,,,
1.7758752985476652e+18,,,,,,,,,,,,,,,,,-298.56231689453125,-316.0411376953125,-313.28131103515625,-293.5026550292969,-314.2012634277344,-304.3119201660156,-275.33392333984375,-317.1910400390625,108.25556945800781,43.30222702026367,43.30222702026367,-301.5664367675781,,,,,,,,,,,,,,,,,,,,,,,,,,,,,,,,,,,,,,,,,,,,,,,
1.775875298547852e+18,-375.1883850097656,-1250.6253662109375,-375.032470703125,-74.98918151855469,-499.63983154296875,-374.4193115234375,-365.9200744628906,-375.1012878417969,,,,,,,,,,,,,,,,,,,,,,,,,,,,,,,,,,,,,,,,,,,,,,,,,,,,,,,,,,,,,,,,,,,
1.7758752985478694e+18,,,,,,,,,-375.37115478515625,-1250.40283203125,-375.2738342285156,-75.00577545166016,-74.9808349609375,-74.96151733398438,-499.4580078125,-374.7796936035156,,,,,,,,,,,,,,,,,,,,,,,,,,,,,,,,,,,,,,,,,,,,,,,,,,,,,,,,,,,
1.7758752985486106e+18,,,,,,,,,,,,,,,,,,,,,,,,,,,,,-215.71531677246094,-21.571531295776367,-21.571531295776367,-21.571531295776367,-21.571531295776367,-21.571531295776367,-180.41067504882812,,,,,,,,,,,,,,,,,,,,,,,,,,,,,,,,,,,,,,,,
1.775875298548665e+18,,,,,,,,,,,,,,,,,-297.87237548828125,-310.0615234375,-317.1910400390625,-307.5317077636719,-280.16357421875,-294.652587890625,-302.9320373535156,-316.7310791015625,108.25556945800781,43.30222702026367,43.30222702026367,-301.87445068359375,,,,,,,,,,,,,,,,,,,,,,,,,,,,,,,,,,,,,,,,,,,,,,,
1.775875298548852e+18,-375.1268615722656,-1250.0098876953125,-375.1863708496094,-75.06299591064453,-500.1730041503906,-375.55780029296875,-383.52716064453125,-375.2550354003906,,,,,,,,,,,,,,,,,,,,,,,,,,,,,,,,,,,,,,,,,,,,,,,,,,,,,,,,,,,,,,,,,,,
1.7758752985488696e+18,,,,,,,,,-375.3404541015625,-1250.7103271484375,-375.1200866699219,-75.0365219116211,-75.02388763427734,-75.0230484008789,-500.1962585449219,-375.14874267578125,,,,,,,,,,,,,,,,,,,,,,,,,,,,,,,,,,,,,,,,,,,,,,,,,,,,,,,,,,,
1.7758752985496105e+18,,,,,,,,,,,,,,,,,,,,,,,,,,,,,-215.71531677246094,-21.571531295776367,-21.571531295776367,-21.570873260498047,-21.571531295776367,-21.571531295776367,-180.4435272216797,,,,,,,,,,,,,,,,,,,,,,,,,,,,,,,,,,,,,,,,
1.775875298549665e+18,,,,,,,,,,,,,,,,,-300.8621520996094,-325.9304504394531,-295.5725402832031,-300.1722106933594,-315.8111267089844,-283.15338134765625,-280.8535461425781,-309.37158203125,108.25556945800781,43.30222702026367,43.30222702026367,-299.5489196777344,,,,,,,,,,,,,,,,,,,,,,,,,,,,,,,,,,,,,,,,,,,,,,,
1.775875298549852e+18,-375.3422546386719,-1250.6253662109375,-375.001708984375,-74.9645767211914,-499.68084716796875,-374.8193054199219,-363.4575500488281,-375.0705261230469,,,,,,,,,,,,,,,,,,,,,,,,,,,,,,,,,,,,,,,,,,,,,,,,,,,,,,,,,,,,,,,,,,,
1.7758752985498696e+18,,,,,,,,,-375.37115478515625,-1250.812744140625,-375.05859375,-74.950439453125,-74.93778991699219,-74.95536804199219,-499.8271179199219,-374.9949645996094,,,,,,,,,,,,,,,,,,,,,,,,,,,,,,,,,,,,,,,,,,,,,,,,,,,,,,,,,,,
1.7758752985506104e+18,,,,,,,,,,,,,,,,,,,,,,,,,,,,,-215.708740234375,-21.571531295776367,-21.571531295776367,-21.571531295776367,-21.571531295776367,-21.571531295776367,-180.4435272216797,,,,,,,,,,,,,,,,,,,,,,,,,,,,,,,,,,,,,,,,
1.7758752985506652e+18,,,,,,,,,,,,,,,,,-276.25384521484375,-298.56231689453125,-305.92181396484375,-290.97283935546875,-313.51129150390625,-301.5521240234375,-265.674560546875,-306.61175537109375,108.25556945800781,43.30222702026367,43.30222702026367,-298.0704650878906,,,,,,,,,,,,,,,,,,,,,,,,,,,,,,,,,,,,,,,,,,,,,,,
1.7758752985508518e+18,-375.1576232910156,-1251.548583984375,-375.2479248046875,-75.00148010253906,-499.59881591796875,-374.5731506347656,-367.7977600097656,-374.82452392578125,,,,,,,,,,,,,,,,,,,,,,,,,,,,,,,,,,,,,,,,,,,,,,,,,,,,,,,,,,,,,,,,,,,
1.7758752985508698e+18,,,,,,,,,-375.27899169921875,-1250.50537109375,-375.3660888671875,-75.0365219116211,-74.9992904663086,-75.00459289550781,-500.0321960449219,-374.9027099609375,,,,,,,,,,,,,,,,,,,,,,,,,,,,,,,,,,,,,,,,,,,,,,,,,,,,,,,,,,,
1.7758752985516106e+18,,,,,,,,,,,,,,,,,,,,,,,,,,,,,-215.708740234375,-21.571531295776367,-21.571531295776367,-21.571531295776367,-21.571531295776367,-21.571531295776367,-180.54205322265625,,,,,,,,,,,,,,,,,,,,,,,,,,,,,,,,,,,,,,,,
1.7758752985516652e+18,,,,,,,,,,,,,,,,,-281.3135070800781,-274.1839904785156,-277.4037780761719,-281.3135070800781,-266.1345520019531,-270.9642028808594,-272.8040771484375,-272.5740966796875,108.25556945800781,43.30222702026367,43.30222702026367,-300.9195861816406,,,,,,,,,,,,,,,,,,,,,,,,,,,,,,,,,,,,,,,,,,,,,,,
1.775875298551852e+18,-375.21917724609375,-1250.83056640625,-374.7247009277344,-74.97687530517578,-500.3370361328125,-375.4346923828125,-380.5413513183594,-374.7322692871094,,,,,,,,,,,,,,,,,,,,,,,,,,,,,,,,,,,,,,,,,,,,,,,,,,,,,,,,,,,,,,,,,,,
1.77587529855187e+18,,,,,,,,,-374.8180847167969,-1249.992919921875,-375.24310302734375,-74.99962615966797,-74.97468566894531,-74.96151733398438,-499.9091491699219,-375.394775390625,,,,,,,,,,,,,,,,,,,,,,,,,,,,,,,,,,,,,,,,,,,,,,,,,,,,,,,,,,,
1.775875298552378e+18,,,,,,,,,,,,,,,,,,,,,,,,,,,,,,,,,,,,2297.380615234375,21.95640754699707,2297.380615234375,2297.380615234375,2297.380615234375,2297.380615234375,2297.380615234375,24.54522132873535,2297.380615234375,2297.380615234375,2297.380615234375,2297.380615234375,2297.380615234375,2297.380615234375,,,,,,,,,,,,,,,,,,,,,,,,,,
1.7758752985526106e+18,,,,,,,,,,,,,,,,,,,,,,,,,,,,,-215.71531677246094,-21.570873260498047,-21.571531295776367,-21.571531295776367,-21.571531295776367,-21.571531295776367,-180.54205322265625,,,,,,,,,,,,,,,,,,,,,,,,,,,,,,,,,,,,,,,,
1.775875298552665e+18,,,,,,,,,,,,,,,,,-265.444580078125,-287.5230712890625,-307.9916687011719,-294.652587890625,-258.5450744628906,-266.5945129394531,-287.0631103515625,-303.6219787597656,108.25556945800781,43.30222702026367,43.30222702026367,-300.1341552734375,,,,,,,,,,,,,,,,,,,,,,,,,,,,,,,,,,,,,,,,,,,,,,,
1.775875298552852e+18,-374.8807067871094,-1249.4969482421875,-374.66314697265625,-74.9645767211914,-499.80389404296875,-374.4808349609375,-366.1663513183594,-374.8860168457031,,,,,,,,,,,,,,,,,,,,,,,,,,,,,,,,,,,,,,,,,,,,,,,,,,,,,,,,,,,,,,,,,,,
1.77587529855287e+18,,,,,,,,,-374.7259216308594,-1249.5830078125,-374.6281433105469,-74.96888732910156,-74.98699188232422,-74.94921112060547,-499.7861022949219,-374.8104248046875,,,,,,,,,,,,,,,,,,,,,,,,,,,,,,,,,,,,,,,,,,,,,,,,,,,,,,,,,,,
1.7758752985536105e+18,,,,,,,,,,,,,,,,,,,,,,,,,,,,,-215.71531677246094,-21.571531295776367,-21.571531295776367,-21.571531295776367,-21.571531295776367,-21.570873260498047,-180.5092010498047,,,,,,,,,,,,,,,,,,,,,,,,,,,,,,,,,,,,,,,,
1.7758752985536653e+18,,,,,,,,,,,,,,,,,-294.192626953125,-311.2114562988281,-275.10394287109375,-284.7632751464844,-298.56231689453125,-281.5434875488281,-246.12591552734375,-289.1329650878906,108.25556945800781,43.30222702026367,43.30222702026367,-300.1341552734375,,,,,,,,,,,,,,,,,,,,,,,,,,,,,,,,,,,,,,,,,,,,,,,
1.775875298553852e+18,-374.7268371582031,-1249.1893310546875,-374.8170166015625,-74.92766571044922,-499.8858947753906,-374.9423828125,-368.3518371582031,-374.79376220703125,,,,,,,,,,,,,,,,,,,,,,,,,,,,,,,,,,,,,,,,,,,,,,,,,,,,,,,,,,,,,,,,,,,
1.77587529855387e+18,,,,,,,,,-375.15606689453125,-1250.915283203125,-375.3045959472656,-75.01807403564453,-75.06078338623047,-75.04766082763672,-500.0321960449219,-375.11798095703125,,,,,,,,,,,,,,,,,,,,,,,,,,,,,,,,,,,,,,,,,,,,,,,,,,,,,,,,,,,
1.7758752985546104e+18,,,,,,,,,,,,,,,,,,,,,,,,,,,,,-215.71531677246094,-21.571531295776367,-21.571531295776367,-21.571531295776367,-21.570873260498047,-21.571531295776367,-180.525634765625,,,,,,,,,,,,,,,,,,,,,,,,,,,,,,,,,,,,,,,,
1.7758752985546652e+18,,,,,,,,,,,,,,,,,-285.4532165527344,-296.2624816894531,-262.4548034667969,-284.07330322265625,-289.1329650878906,-265.674560546875,-268.43438720703125,-302.9320373535156,108.25556945800781,43.30222702026367,43.30222702026367,-299.471923828125,,,,,,,,,,,,,,,,,,,,,,,,,,,,,,,,,,,,,,,,,,,,,,,
1.7758752985548518e+18,-374.9422302246094,-1249.599609375,-374.6015930175781,-74.9645767211914,-499.59881591796875,-374.63470458984375,-372.107177734375,-374.8552551269531,,,,,,,,,,,,,,,,,,,,,,,,,,,,,,,,,,,,,,,,,,,,,,,,,,,,,,,,,,,,,,,,,,,
1.77587529855487e+18,,,,,,,,,-375.00244140625,-1249.7879638671875,-375.08935546875,-75.02422332763672,-75.01158905029297,-75.05996704101562,-500.4013366699219,-375.2409973144531,,,,,,,,,,,,,,,,,,,,,,,,,,,,,,,,,,,,,,,,,,,,,,,,,,,,,,,,,,,
1.7758752985551575e+18,,,,,,,,,,,,,,,,,,,,,,,,,,,,,,,,,,,,,,,,,,,,,,,,,,0.0,0.0,0.0,,,,,,,,,,,,,,,,,,,,,,,
1.7758752985555814e+18,,,,,,,,,,,,,,,,,,,,,,,,,,,,,,,,,,,,,,,,,,,,,,,,,,,,,0.0,0.0,0.0,0.0,0.0,0.0,0.0,0.0,0.0,0.0,0.0,0.0,0.0,0.0,0.0,0.0,0.0,0.0,0.0,0.0,0.0,0.0,0.0
1.7758752985556106e+18,,,,,,,,,,,,,,,,,,,,,,,,,,,,,-215.71531677246094,-21.572189331054688,-21.571531295776367,-21.570873260498047,-21.570873260498047,-21.572189331054688,-180.49278259277344,,,,,,,,,,,,,,,,,,,,,,,,,,,,,,,,,,,,,,,,
1.7758752985556652e+18,,,,,,,,,,,,,,,,,-255.32528686523438,-276.48382568359375,-302.4720458984375,-303.8519592285156,-267.0544738769531,-268.66436767578125,-277.4037780761719,-293.0426940917969,108.25556945800781,43.30222702026367,43.30222702026367,-299.3949279785156,,,,,,,,,,,,,,,,,,,,,,,,,,,,,,,,,,,,,,,,,,,,,,,
1.775875298555852e+18,-374.8807067871094,-1249.4969482421875,-374.8170166015625,-74.9522705078125,-499.9269104003906,-375.3731689453125,-383.52716064453125,-375.2550354003906,,,,,,,,,,,,,,,,,,,,,,,,,,,,,,,,,,,,,,,,,,,,,,,,,,,,,,,,,,,,,,,,,,,
1.7758752985558702e+18,,,,,,,,,-375.0331726074219,-1250.7103271484375,-375.08935546875,-75.04267120361328,-75.01158905029297,-75.01689910888672,-499.6630554199219,-374.7489318847656,,,,,,,,,,,,,,,,,,,,,,,,,,,,,,,,,,,,,,,,,,,,,,,,,,,,,,,,,,,
1.7758752985566106e+18,,,,,,,,,,,,,,,,,,,,,,,,,,,,,-215.71531677246094,-21.571531295776367,-21.571531295776367,-21.571531295776367,-21.571531295776367,-21.571531295776367,-180.42710876464844,,,,,,,,,,,,,,,,,,,,,,,,,,,,,,,,,,,,,,,,
1.775875298556665e+18,,,,,,,,,,,,,,,,,-307.7616882324219,-284.7632751464844,-262.6847839355469,-278.0937194824219,-297.1824035644531,-305.23187255859375,-262.4548034667969,-264.754638671875,108.25556945800781,43.30222702026367,43.30222702026367,-298.56329345703125,,,,,,,,,,,,,,,,,,,,,,,,,,,,,,,,,,,,,,,,,,,,,,,
1.775875298556852e+18,-375.0960998535156,-1249.086669921875,-374.8785705566406,-74.97687530517578,-499.51678466796875,-374.69622802734375,-365.4891357421875,-374.6092529296875,,,,,,,,,,,,,,,,,,,,,,,,,,,,,,,,,,,,,,,,,,,,,,,,,,,,,,,,,,,,,,,,,,,
1.7758752985568701e+18,,,,,,,,,-374.84881591796875,-1249.173095703125,-374.9048767089844,-74.9873275756836,-74.97468566894531,-75.0230484008789,-499.9911804199219,-375.394775390625,,,,,,,,,,,,,,,,,,,,,,,,,,,,,,,,,,,,,,,,,,,,,,,,,,,,,,,,,,,
1.7758752985576105e+18,,,,,,,,,,,,,,,,,,,,,,,,,,,,,-215.71531677246094,-21.571531295776367,-21.571531295776367,-21.571531295776367,-21.571531295776367,-21.571531295776367,-180.4435272216797,,,,,,,,,,,,,,,,,,,,,,,,,,,,,,,,,,,,,,,,
1.7758752985576653e+18,,,,,,,,,,,,,,,,,-282.0034484863281,-307.9916687011719,-313.28131103515625,-288.4430236816406,-266.5945129394531,-284.5332946777344,-297.87237548828125,-294.882568359375,108.25556945800781,43.30222702026367,43.30222702026367,-300.0109558105469,,,,,,,,,,,,,,,,,,,,,,,,,,,,,,,,,,,,,,,,,,,,,,,
1.775875298557852e+18,-374.8807067871094,-1249.8046875,-374.8170166015625,-75.00148010253906,-500.2960205078125,-375.4654846191406,-382.1419982910156,-375.2857971191406,,,,,,,,,,,,,,,,,,,,,,,,,,,,,,,,,,,,,,,,,,,,,,,,,,,,,,,,,,,,,,,,,,,
1.7758752985578703e+18,,,,,,,,,-374.6029968261719,-1249.3780517578125,-374.8126220703125,-74.95658874511719,-74.96853637695312,-75.0230484008789,-500.1142272949219,-375.08721923828125,,,,,,,,,,,,,,,,,,,,,,,,,,,,,,,,,,,,,,,,,,,,,,,,,,,,,,,,,,,
1.7758752985586107e+18,,,,,,,,,,,,,,,,,,,,,,,,,,,,,-215.71531677246094,-21.571531295776367,-21.571531295776367,-21.571531295776367,-21.571531295776367,-21.571531295776367,-180.42710876464844,,,,,,,,,,,,,,,,,,,,,,,,,,,,,,,,,,,,,,,,
1.7758752985586652e+18,,,,,,,,,,,,,,,,,-282.0034484863281,-302.0120849609375,-272.3441162109375,-304.5419006347656,-313.74127197265625,-279.70361328125,-282.69342041015625,-308.2216491699219,108.25556945800781,43.30222702026367,43.30222702026367,-298.6864929199219,,,,,,,,,,,,,,,,,,,,,,,,,,,,,,,,,,,,,,,,,,,,,,,
1.7758752985588518e+18,-374.84991455078125,-1248.47119140625,-374.8478088378906,-74.99533081054688,-499.9269104003906,-375.2193298339844,-379.6178894042969,-375.53179931640625,,,,,,,,,,,,,,,,,,,,,,,,,,,,,,,,,,,,,,,,,,,,,,,,,,,,,,,,,,,,,,,,,,,
1.7758752985588703e+18,,,,,,,,,-374.8795471191406,-1249.173095703125,-374.6281433105469,-74.96888732910156,-74.98699188232422,-74.98612976074219,-500.0732116699219,-375.11798095703125,,,,,,,,,,,,,,,,,,,,,,,,,,,,,,,,,,,,,,,,,,,,,,,,,,,,,,,,,,,
1.7758752985596106e+18,,,,,,,,,,,,,,,,,,,,,,,,,,,,,-215.708740234375,-21.571531295776367,-21.571531295776367,-21.571531295776367,-21.571531295776367,-21.571531295776367,-180.39425659179688,,,,,,,,,,,,,,,,,,,,,,,,,,,,,,,,,,,,,,,,
1.7758752985596652e+18,,,,,,,,,,,,,,,,,-288.2130432128906,-276.48382568359375,-314.6612243652344,-316.2711181640625,-287.2930908203125,-316.5010986328125,-291.20281982421875,-282.2334289550781,108.25556945800781,43.30222702026367,43.30222702026367,-301.2584228515625,,,,,,,,,,,,,,,,,,,,,,,,,,,,,,,,,,,,,,,,,,,,,,,
1.775875298559852e+18,-375.31146240234375,-1250.420166015625,-374.69390869140625,-74.94612121582031,-499.72186279296875,-374.7885437011719,-364.2886657714844,-375.1012878417969,,,,,,,,,,,,,,,,,,,,,,,,,,,,,,,,,,,,,,,,,,,,,,,,,,,,,,,,,,,,,,,,,,,
1.7758752985598705e+18,,,,,,,,,-375.4326171875,-1250.7103271484375,-374.9971008300781,-74.95658874511719,-74.93778991699219,-74.95536804199219,-499.7450866699219,-374.7489318847656,,,,,,,,,,,,,,,,,,,,,,,,,,,,,,,,,,,,,,,,,,,,,,,,,,,,,,,,,,,
1.7758752985606106e+18,,,,,,,,,,,,,,,,,,,,,,,,,,,,,-215.71531677246094,-21.571531295776367,-21.572189331054688,-21.571531295776367,-21.571531295776367,-21.572189331054688,-180.34500122070312,,,,,,,,,,,,,,,,,,,,,,,,,,,,,,,,,,,,,,,,
1.7758752985606653e+18,,,,,,,,,,,,,,,,,-300.8621520996094,-319.4908752441406,-287.5230712890625,-289.5929260253906,-313.51129150390625,-310.0615234375,-279.70361328125,-297.87237548828125,108.25556945800781,43.30222702026367,43.30222702026367,-301.1968078613281,,,,,,,,,,,,,,,,,,,,,,,,,,,,,,,,,,,,,,,,,,,,,,,
1.775875298560852e+18,-374.9114685058594,-1248.7789306640625,-374.7862548828125,-74.97687530517578,-499.51678466796875,-374.91162109375,-373.3692321777344,-374.76300048828125,,,,,,,,,,,,,,,,,,,,,,,,,,,,,,,,,,,,,,,,,,,,,,,,,,,,,,,,,,,,,,,,,,,
1.7758752985608707e+18,,,,,,,,,-375.3404541015625,-1250.40283203125,-375.3353271484375,-75.0365219116211,-75.02388763427734,-75.04766082763672,-500.44232177734375,-375.14874267578125,,,,,,,,,,,,,,,,,,,,,,,,,,,,,,,,,,,,,,,,,,,,,,,,,,,,,,,,,,,
1.7758752985616108e+18,,,,,,,,,,,,,,,,,,,,,,,,,,,,,-215.71531677246094,-21.571531295776367,-21.572189331054688,-21.572189331054688,-21.571531295776367,-21.572189331054688,-180.36141967773438,,,,,,,,,,,,,,,,,,,,,,,,,,,,,,,,,,,,,,,,
1.7758752985616653e+18,,,,,,,,,,,,,,,,,-304.0819396972656,-335.58978271484375,-307.5317077636719,-301.3221435546875,-317.6510009765625,-301.7821044921875,-272.1141357421875,-316.2711181640625,108.25556945800781,43.30222702026367,43.30222702026367,-301.4586181640625,,,,,,,,,,,,,,,,,,,,,,,,,,,,,,,,,,,,,,,,,,,,,,,
1.775875298561852e+18,-375.1883850097656,-1251.4459228515625,-375.37103271484375,-75.03839111328125,-500.6241455078125,-375.55780029296875,-381.46478271484375,-375.53179931640625,,,,,,,,,,,,,,,,,,,,,,,,,,,,,,,,,,,,,,,,,,,,,,,,,,,,,,,,,,,,,,,,,,,
1.7758752985618706e+18,,,,,,,,,-375.06390380859375,-1250.50537109375,-375.0278625488281,-74.99962615966797,-75.01158905029297,-74.97998046875,-499.8681335449219,-375.05645751953125,,,,,,,,,,,,,,,,,,,,,,,,,,,,,,,,,,,,,,,,,,,,,,,,,,,,,,,,,,,
1.7758752985626107e+18,,,,,,,,,,,,,,,,,,,,,,,,,,,,,-215.71531677246094,-21.571531295776367,-21.571531295776367,-21.571531295776367,-21.571531295776367,-21.571531295776367,-180.34500122070312,,,,,,,,,,,,,,,,,,,,,,,,,,,,,,,,,,,,,,,,
1.7758752985626652e+18,,,,,,,,,,,,,,,,,-297.41241455078125,-311.6714172363281,-324.320556640625,-296.0325012207031,-282.46343994140625,-320.41082763671875,-293.5026550292969,-294.882568359375,108.25556945800781,43.30222702026367,43.30222702026367,-301.5818176269531,,,,,,,,,,,,,,,,,,,,,,,,,,,,,,,,,,,,,,,,,,,,,,,
1.7758752985628518e+18,-375.1268615722656,-1250.215087890625,-375.2171325683594,-75.03839111328125,-500.4190673828125,-375.4962463378906,-380.8491516113281,-375.5625305175781,,,,,,,,,,,,,,,,,,,,,,,,,,,,,,,,,,,,,,,,,,,,,,,,,,,,,,,,,,,,,,,,,,,
1.7758752985628708e+18,,,,,,,,,-374.7566223144531,-1249.5830078125,-374.6589050292969,-74.98118591308594,-74.9992904663086,-74.97382354736328,-499.9911804199219,-375.14874267578125,,,,,,,,,,,,,,,,,,,,,,,,,,,,,,,,,,,,,,,,,,,,,,,,,,,,,,,,,,,
1.7758752985632233e+18,,,,,,,,,,,,,,,,,,,,,,,,,,,,,,,,,,,,,,,,,,,,,,,,,,,,,0.0,0.0,0.0,0.0,0.0,0.0,0.0,0.0,0.0,0.0,0.0,0.0,0.0,0.0,0.0,0.0,0.0,0.0,0.0,0.0,0.0,0.0,0.0
1.775875298563325e+18,,,,,,,,,,,,,,,,,,,,,,,,,,,,,,,,,,,,,,,,,,,,,,,,,,0.0,0.0,0.0,,,,,,,,,,,,,,,,,,,,,,,
1.7758752985636106e+18,,,,,,,,,,,,,,,,,,,,,,,,,,,,,-215.71531677246094,-21.570873260498047,-21.571531295776367,-21.571531295776367,-21.571531295776367,-21.571531295776367,-180.36141967773438,,,,,,,,,,,,,,,,,,,,,,,,,,,,,,,,,,,,,,,,
1.7758752985636654e+18,,,,,,,,,,,,,,,,,-312.59136962890625,-285.9131774902344,-319.72088623046875,-311.4414367675781,-276.71380615234375,-315.1211853027344,-297.1824035644531,-301.7821044921875,108.25556945800781,43.30222702026367,43.30222702026367,-301.9976501464844,,,,,,,,,,,,,,,,,,,,,,,,,,,,,,,,,,,,,,,,,,,,,,,
1.7758752985638518e+18,-374.8807067871094,-1248.984130859375,-374.6015930175781,-74.95841979980469,-499.80389404296875,-374.4500732421875,-366.72039794921875,-374.947509765625,,,,,,,,,,,,,,,,,,,,,,,,,,,,,,,,,,,,,,,,,,,,,,,,,,,,,,,,,,,,,,,,,,,
1.7758752985638707e+18,,,,,,,,,-375.1867980957031,-1249.7879638671875,-374.7818908691406,-74.97503662109375,-74.97468566894531,-74.93690490722656,-499.5400390625,-374.7796936035156,,,,,,,,,,,,,,,,,,,,,,,,,,,,,,,,,,,,,,,,,,,,,,,,,,,,,,,,,,,
1.7758752985646108e+18,,,,,,,,,,,,,,,,,,,,,,,,,,,,,-215.71531677246094,-21.571531295776367,-21.571531295776367,-21.571531295776367,-21.571531295776367,-21.572189331054688,-180.36141967773438,,,,,,,,,,,,,,,,,,,,,,,,,,,,,,,,,,,,,,,,
1.7758752985646653e+18,,,,,,,,,,,,,,,,,-292.1227722167969,-314.4312438964844,-320.18084716796875,-327.77032470703125,-285.6831970214844,-279.013671875,-306.61175537109375,-312.82135009765625,108.25556945800781,43.30222702026367,43.30222702026367,-302.0900573730469,,,,,,,,,,,,,,,,,,,,,,,,,,,,,,,,,,,,,,,,,,,,,,,
1.775875298564852e+18,-374.6653137207031,-1249.599609375,-374.90936279296875,-74.9645767211914,-500.1319885253906,-375.09625244140625,-383.52716064453125,-375.3472900390625,,,,,,,,,,,,,,,,,,,,,,,,,,,,,,,,,,,,,,,,,,,,,,,,,,,,,,,,,,,,,,,,,,,
1.775875298564871e+18,,,,,,,,,-375.15606689453125,-1250.915283203125,-375.3045959472656,-75.01807403564453,-75.0484848022461,-75.03535461425781,-500.1962585449219,-375.2717590332031,,,,,,,,,,,,,,,,,,,,,,,,,,,,,,,,,,,,,,,,,,,,,,,,,,,,,,,,,,,
1.7758752985648783e+18,,,,,,,,,,,,,,,,,,,,,,,,,,,,,,,,,,,,2297.44921875,21.932523727416992,2297.44921875,2297.44921875,2297.44921875,2297.44921875,2297.44921875,24.576772689819336,2297.44921875,2297.44921875,2297.44921875,2297.44921875,2297.44921875,2297.44921875,,,,,,,,,,,,,,,,,,,,,,,,,,
1.7758752985656108e+18,,,,,,,,,,,,,,,,,,,,,,,,,,,,,-215.71531677246094,-21.571531295776367,-21.571531295776367,-21.571531295776367,-21.571531295776367,-21.571531295776367,-180.41067504882812,,,,,,,,,,,,,,,,,,,,,,,,,,,,,,,,,,,,,,,,
1.7758752985656653e+18,,,,,,,,,,,,,,,,,-295.8025207519531,-285.6831970214844,-302.9320373535156,-325.4704895019531,-304.0819396972656,-283.15338134765625,-280.8535461425781,-316.5010986328125,108.25556945800781,43.30222702026367,43.30222702026367,-301.7050476074219,,,,,,,,,,,,,,,,,,,,,,,,,,,,,,,,,,,,,,,,,,,,,,,
1.775875298565852e+18,-375.1883850097656,-1250.420166015625,-375.4325866699219,-75.07530212402344,-500.2140197753906,-375.58856201171875,-379.37164306640625,-375.3165283203125,,,,,,,,,,,,,,,,,,,,,,,,,,,,,,,,,,,,,,,,,,,,,,,,,,,,,,,,,,,,,,,,,,,
1.7758752985658708e+18,,,,,,,,,-375.1253662109375,-1249.992919921875,-375.05859375,-74.96273803710938,-74.97468566894531,-74.97382354736328,-499.4580078125,-374.7181701660156,,,,,,,,,,,,,,,,,,,,,,,,,,,,,,,,,,,,,,,,,,,,,,,,,,,,,,,,,,,
1.7758752985666107e+18,,,,,,,,,,,,,,,,,,,,,,,,,,,,,-215.708740234375,-21.570873260498047,-21.571531295776367,-21.570873260498047,-21.572189331054688,-21.571531295776367,-180.4435272216797,,,,,,,,,,,,,,,,,,,,,,,,,,,,,,,,,,,,,,,,
1.7758752985666655e+18,,,,,,,,,,,,,,,,,-329.3802185058594,-299.02227783203125,-275.33392333984375,-300.1722106933594,-311.9013977050781,-307.9916687011719,-272.1141357421875,-281.7734680175781,108.25556945800781,43.30222702026367,43.30222702026367,-299.41033935546875,,,,,,,,,,,,,,,,,,,,,,,,,,,,,,,,,,,,,,,,,,,,,,,
1.7758752985668518e+18,-375.1268615722656,-1251.4459228515625,-375.37103271484375,-75.04454040527344,-500.3370361328125,-375.2193298339844,-378.0172424316406,-375.0705261230469,,,,,,,,,,,,,,,,,,,,,,,,,,,,,,,,,,,,,,,,,,,,,,,,,,,,,,,,,,,,,,,,,,,
1.775875298566871e+18,,,,,,,,,-374.8795471191406,-1249.7879638671875,-374.6281433105469,-74.96273803710938,-74.97468566894531,-74.92459869384766,-499.6630554199219,-374.7181701660156,,,,,,,,,,,,,,,,,,,,,,,,,,,,,,,,,,,,,,,,,,,,,,,,,,,,,,,,,,,
1.775875298567611e+18,,,,,,,,,,,,,,,,,,,,,,,,,,,,,-215.71531677246094,-21.571531295776367,-21.570873260498047,-21.571531295776367,-21.571531295776367,-21.571531295776367,-180.49278259277344,,,,,,,,,,,,,,,,,,,,,,,,,,,,,,,,,,,,,,,,
1.7758752985676654e+18,,,,,,,,,,,,,,,,,-307.9916687011719,-281.7734680175781,-290.97283935546875,-301.5521240234375,-263.1447448730469,-296.7224426269531,-299.7122497558594,-282.69342041015625,108.25556945800781,43.30222702026367,43.30222702026367,-300.3343811035156,,,,,,,,,,,,,,,,,,,,,,,,,,,,,,,,,,,,,,,,,,,,,,,
1.7758752985678518e+18,-375.1268615722656,-1251.651123046875,-375.4325866699219,-75.03224182128906,-499.72186279296875,-374.7885437011719,-369.2445068359375,-374.8552551269531,,,,,,,,,,,,,,,,,,,,,,,,,,,,,,,,,,,,,,,,,,,,,,,,,,,,,,,,,,,,,,,,,,,
1.7758752985678712e+18,,,,,,,,,-375.06390380859375,-1250.40283203125,-375.3660888671875,-75.0365219116211,-75.01773834228516,-74.9676742553711,-499.6220397949219,-374.6874084472656,,,,,,,,,,,,,,,,,,,,,,,,,,,,,,,,,,,,,,,,,,,,,,,,,,,,,,,,,,,
1.7758752985686108e+18,,,,,,,,,,,,,,,,,,,,,,,,,,,,,-215.708740234375,-21.571531295776367,-21.571531295776367,-21.571531295776367,-21.571531295776367,-21.571531295776367,-180.525634765625,,,,,,,,,,,,,,,,,,,,,,,,,,,,,,,,,,,,,,,,
1.7758752985686653e+18,,,,,,,,,,,,,,,,,-285.9131774902344,-312.59136962890625,-285.4532165527344,-267.2844543457031,-284.07330322265625,-303.6219787597656,-279.93359375,-264.064697265625,108.25556945800781,43.30222702026367,43.30222702026367,-298.8096923828125,,,,,,,,,,,,,,,,,,,,,,,,,,,,,,,,,,,,,,,,,,,,,,,
1.775875298568852e+18,-375.1576232910156,-1251.4459228515625,-375.37103271484375,-75.03839111328125,-500.5831298828125,-375.4654846191406,-378.3250732421875,-375.0705261230469,,,,,,,,,,,,,,,,,,,,,,,,,,,,,,,,,,,,,,,,,,,,,,,,,,,,,,,,,,,,,,,,,,,
1.7758752985688712e+18,,,,,,,,,-375.00244140625,-1250.40283203125,-375.1200866699219,-75.02422332763672,-75.01773834228516,-75.05381774902344,-500.4013366699219,-375.14874267578125,,,,,,,,,,,,,,,,,,,,,,,,,,,,,,,,,,,,,,,,,,,,,,,,,,,,,,,,,,,
1.7758752985696108e+18,,,,,,,,,,,,,,,,,,,,,,,,,,,,,-215.71531677246094,-21.571531295776367,-21.571531295776367,-21.571531295776367,-21.571531295776367,-21.571531295776367,-180.5584716796875,,,,,,,,,,,,,,,,,,,,,,,,,,,,,,,,,,,,,,,,
1.7758752985696653e+18,,,,,,,,,,,,,,,,,-299.9422302246094,-292.5827331542969,-262.4548034667969,-294.422607421875,-304.5419006347656,-273.7240295410156,-256.4751892089844,-297.41241455078125,108.25556945800781,43.30222702026367,43.30222702026367,-301.30462646484375,,,,,,,,,,,,,,,,,,,,,,,,,,,,,,,,,,,,,,,,,,,,,,,
1.775875298569852e+18,-374.78839111328125,-1249.2918701171875,-374.90936279296875,-74.92766571044922,-499.68084716796875,-374.7577819824219,-361.5491027832031,-374.79376220703125,,,,,,,,,,,,,,,,,,,,,,,,,,,,,,,,,,,,,,,,,,,,,,,,,,,,,,,,,,,,,,,,,,,
1.7758752985698714e+18,,,,,,,,,-374.6951904296875,-1249.8905029296875,-374.96636962890625,-74.96888732910156,-74.9992904663086,-74.98612976074219,-499.5810546875,-374.8104248046875,,,,,,,,,,,,,,,,,,,,,,,,,,,,,,,,,,,,,,,,,,,,,,,,,,,,,,,,,,,
1.775875298570611e+18,,,,,,,,,,,,,,,,,,,,,,,,,,,,,-215.71531677246094,-21.571531295776367,-21.571531295776367,-21.571531295776367,-21.571531295776367,-21.571531295776367,-180.5092010498047,,,,,,,,,,,,,,,,,,,,,,,,,,,,,,,,,,,,,,,,
1.7758752985706655e+18,,,,,,,,,,,,,,,,,-296.4924621582031,-276.9438171386719,-281.0835266113281,-302.9320373535156,-268.43438720703125,-252.3354949951172,-278.0937194824219,-307.7616882324219,108.25556945800781,43.30222702026367,43.30222702026367,-299.4873352050781,,,,,,,,,,,,,,,,,,,,,,,,,,,,,,,,,,,,,,,,,,,,,,,
1.7758752985708518e+18,-375.28070068359375,-1250.7279052734375,-375.2479248046875,-75.03839111328125,-499.9679260253906,-374.66546630859375,-361.4567565917969,-374.79376220703125,,,,,,,,,,,,,,,,,,,,,,,,,,,,,,,,,,,,,,,,,,,,,,,,,,,,,,,,,,,,,,,,,,,
1.7758752985708713e+18,,,,,,,,,-375.3097229003906,-1250.812744140625,-375.1200866699219,-75.0303726196289,-75.00543975830078,-74.97382354736328,-499.7861022949219,-374.5028991699219,,,,,,,,,,,,,,,,,,,,,,,,,,,,,,,,,,,,,,,,,,,,,,,,,,,,,,,,,,,
1.7758752985714488e+18,,,,,,,,,,,,,,,,,,,,,,,,,,,,,,,,,,,,,,,,,,,,,,,,,,,,,0.0,0.0,0.0,0.0,0.0,0.0,0.0,0.0,0.0,0.0,0.0,0.0,0.0,0.0,0.0,0.0,0.0,0.0,0.0,0.0,0.0,0.0,0.0
1.775875298571523e+18,,,,,,,,,,,,,,,,,,,,,,,,,,,,,,,,,,,,,,,,,,,,,,,,,,0.0,0.0,0.0,,,,,,,,,,,,,,,,,,,,,,,
1.775875298571611e+18,,,,,,,,,,,,,,,,,,,,,,,,,,,,,-215.71531677246094,-21.571531295776367,-21.571531295776367,-21.571531295776367,-21.571531295776367,-21.572189331054688,-180.45994567871094,,,,,,,,,,,,,,,,,,,,,,,,,,,,,,,,,,,,,,,,
1.7758752985716654e+18,,,,,,,,,,,,,,,,,-299.2522888183594,-275.79388427734375,-263.1447448730469,-302.2420654296875,-271.1941833496094,-272.8040771484375,-296.4924621582031,-280.6235656738281,108.25556945800781,43.30222702026367,43.30222702026367,-297.71624755859375,,,,,,,,,,,,,,,,,,,,,,,,,,,,,,,,,,,,,,,,,,,,,,,
1.7758752985718518e+18,-375.0037841796875,-1250.0098876953125,-375.12481689453125,-75.04454040527344,-500.5831298828125,-375.55780029296875,-381.8649597167969,-375.3472900390625,,,,,,,,,,,,,,,,,,,,,,,,,,,,,,,,,,,,,,,,,,,,,,,,,,,,,,,,,,,,,,,,,,,
1.7758752985718715e+18,,,,,,,,,-374.7259216308594,-1249.4805908203125,-374.72039794921875,-74.9873275756836,-75.01773834228516,-75.03535461425781,-500.3193054199219,-375.17950439453125,,,,,,,,,,,,,,,,,,,,,,,,,,,,,,,,,,,,,,,,,,,,,,,,,,,,,,,,,,,
1.7758752985726108e+18,,,,,,,,,,,,,,,,,,,,,,,,,,,,,-215.708740234375,-21.571531295776367,-21.571531295776367,-21.571531295776367,-21.571531295776367,-21.571531295776367,-180.45994567871094,,,,,,,,,,,,,,,,,,,,,,,,,,,,,,,,,,,,,,,,
1.7758752985726653e+18,,,,,,,,,,,,,,,,,-289.3629455566406,-271.4241943359375,-279.70361328125,-307.9916687011719,-289.5929260253906,-266.3645324707031,-243.13612365722656,-289.1329650878906,108.25556945800781,43.30222702026367,43.30222702026367,-297.4852294921875,,,,,,,,,,,,,,,,,,,,,,,,,,,,,,,,,,,,,,,,,,,,,,,
1.775875298572852e+18,-375.0653076171875,-1250.215087890625,-375.12481689453125,-74.94612121582031,-499.76287841796875,-374.8500671386719,-362.74957275390625,-374.7015075683594,,,,,,,,,,,,,,,,,,,,,,,,,,,,,,,,,,,,,,,,,,,,,,,,,,,,,,,,,,,,,,,,,,,
1.7758752985728714e+18,,,,,,,,,-374.6951904296875,-1249.275634765625,-374.8741149902344,-74.96888732910156,-75.00543975830078,-74.9984359741211,-500.3603210449219,-375.3025207519531,,,,,,,,,,,,,,,,,,,,,,,,,,,,,,,,,,,,,,,,,,,,,,,,,,,,,,,,,,,
1.775875298573611e+18,,,,,,,,,,,,,,,,,,,,,,,,,,,,,-215.708740234375,-21.571531295776367,-21.571531295776367,-21.571531295776367,-21.571531295776367,-21.572189331054688,-180.45994567871094,,,,,,,,,,,,,,,,,,,,,,,,,,,,,,,,,,,,,,,,
1.7758752985736655e+18,,,,,,,,,,,,,,,,,-286.8331298828125,-305.92181396484375,-301.7821044921875,-280.6235656738281,-259.0050354003906,-292.5827331542969,-304.3119201660156,-281.5434875488281,108.25556945800781,43.30222702026367,43.30222702026367,-298.3014831542969,,,,,,,,,,,,,,,,,,,,,,,,,,,,,,,,,,,,,,,,,,,,,,,
1.775875298573852e+18,-375.0037841796875,-1249.7021484375,-375.032470703125,-74.9522705078125,-499.80389404296875,-374.8193054199219,-360.5948791503906,-374.79376220703125,,,,,,,,,,,,,,,,,,,,,,,,,,,,,,,,,,,,,,,,,,,,,,,,,,,,,,,,,,,,,,,,,,,
1.7758752985738716e+18,,,,,,,,,-374.63372802734375,-1249.275634765625,-374.8433837890625,-74.93814086914062,-74.97468566894531,-74.97382354736328,-499.6630554199219,-375.0257263183594,,,,,,,,,,,,,,,,,,,,,,,,,,,,,,,,,,,,,,,,,,,,,,,,,,,,,,,,,,,
1.775875298574611e+18,,,,,,,,,,,,,,,,,,,,,,,,,,,,,-215.71531677246094,-21.570873260498047,-21.571531295776367,-21.571531295776367,-21.571531295776367,-21.571531295776367,-180.42710876464844,,,,,,,,,,,,,,,,,,,,,,,,,,,,,,,,,,,,,,,,
1.7758752985746655e+18,,,,,,,,,,,,,,,,,-292.1227722167969,-274.4139709472656,-274.4139709472656,-312.1313781738281,-302.0120849609375,-277.8637390136719,-267.0544738769531,-304.77191162109375,108.25556945800781,43.30222702026367,43.30222702026367,-301.4586181640625,,,,,,,,,,,,,,,,,,,,,,,,,,,,,,,,,,,,,,,,,,,,,,,
1.7758752985748518e+18,-375.0037841796875,-1250.215087890625,-375.1863708496094,-75.07530212402344,-500.5421142578125,-375.2808532714844,-383.52716064453125,-375.50103759765625,,,,,,,,,,,,,,,,,,,,,,,,,,,,,,,,,,,,,,,,,,,,,,,,,,,,,,,,,,,,,,,,,,,
1.7758752985748716e+18,,,,,,,,,-374.84881591796875,-1249.173095703125,-374.9048767089844,-75.00577545166016,-75.01773834228516,-75.01689910888672,-500.1552429199219,-375.425537109375,,,,,,,,,,,,,,,,,,,,,,,,,,,,,,,,,,,,,,,,,,,,,,,,,,,,,,,,,,,
1.775875298575611e+18,,,,,,,,,,,,,,,,,,,,,,,,,,,,,-215.71531677246094,-21.571531295776367,-21.571531295776367,-21.571531295776367,-21.571531295776367,-21.572189331054688,-180.37783813476562,,,,,,,,,,,,,,,,,,,,,,,,,,,,,,,,,,,,,,,,
1.7758752985756654e+18,,,,,,,,,,,,,,,,,-313.05133056640625,-291.66278076171875,-315.8111267089844,-295.112548828125,-286.8331298828125,-307.7616882324219,-264.524658203125,-303.1620178222656,108.25556945800781,43.30222702026367,43.30222702026367,-298.65570068359375,,,,,,,,,,,,,,,,,,,,,,,,,,,,,,,,,,,,,,,,,,,,,,,
1.7758752985758518e+18,-375.1268615722656,-1251.548583984375,-375.4325866699219,-75.02608489990234,-500.2550354003906,-375.0654602050781,-372.9690856933594,-374.6400146484375,,,,,,,,,,,,,,,,,,,,,,,,,,,,,,,,,,,,,,,,,,,,,,,,,,,,,,,,,,,,,,,,,,,
1.7758752985758717e+18,,,,,,,,,-375.06390380859375,-1250.3004150390625,-375.3353271484375,-75.04267120361328,-75.02388763427734,-75.03535461425781,-500.3193054199219,-374.9949645996094,,,,,,,,,,,,,,,,,,,,,,,,,,,,,,,,,,,,,,,,,,,,,,,,,,,,,,,,,,,
1.7758752985766108e+18,,,,,,,,,,,,,,,,,,,,,,,,,,,,,-215.71531677246094,-21.571531295776367,-21.572189331054688,-21.571531295776367,-21.571531295776367,-21.571531295776367,-180.36141967773438,,,,,,,,,,,,,,,,,,,,,,,,,,,,,,,,,,,,,,,,
1.7758752985766656e+18,,,,,,,,,,,,,,,,,-296.4924621582031,-322.2507019042969,-304.5419006347656,-281.7734680175781,-303.8519592285156,-307.3017272949219,-270.0442810058594,-311.6714172363281,108.25556945800781,43.30222702026367,43.30222702026367,-301.0581970214844,,,,,,,,,,,,,,,,,,,,,,,,,,,,,,,,,,,,,,,,,,,,,,,
1.775875298576852e+18,-375.1576232910156,-1251.753662109375,-375.40179443359375,-75.03839111328125,-500.5010986328125,-375.4654846191406,-379.55633544921875,-375.2857971191406,,,,,,,,,,,,,,,,,,,,,,,,,,,,,,,,,,,,,,,,,,,,,,,,,,,,,,,,,,,,,,,,,,,
1.775875298576872e+18,,,,,,,,,-375.06390380859375,-1250.40283203125,-375.24310302734375,-75.01807403564453,-75.02388763427734,-75.04766082763672,-500.4013366699219,-375.14874267578125,,,,,,,,,,,,,,,,,,,,,,,,,,,,,,,,,,,,,,,,,,,,,,,,,,,,,,,,,,,
1.7758752985773796e+18,,,,,,,,,,,,,,,,,,,,,,,,,,,,,,,,,,,,2297.623779296875,22.035015106201172,2297.623779296875,2297.623779296875,2297.623779296875,2297.623779296875,2297.623779296875,24.6402587890625,2297.623779296875,2297.623779296875,2297.623779296875,2297.623779296875,2297.623779296875,2297.623779296875,,,,,,,,,,,,,,,,,,,,,,,,,,
1.775875298577611e+18,,,,,,,,,,,,,,,,,,,,,,,,,,,,,-215.71531677246094,-21.570873260498047,-21.571531295776367,-21.571531295776367,-21.571531295776367,-21.571531295776367,-180.31214904785156,,,,,,,,,,,,,,,,,,,,,,,,,,,,,,,,,,,,,,,,
1.7758752985776655e+18,,,,,,,,,,,,,,,,,-287.0631103515625,-299.9422302246094,-317.6510009765625,-318.3409729003906,-284.07330322265625,-278.5536804199219,-304.3119201660156,-332.3699951171875,108.25556945800781,43.30222702026367,43.30222702026367,-301.88983154296875,,,,,,,,,,,,,,,,,,,,,,,,,,,,,,,,,,,,,,,,,,,,,,,
1.775875298577852e+18,-374.84991455078125,-1248.5738525390625,-374.7554626464844,-74.98302459716797,-499.63983154296875,-375.0039367675781,-375.1545715332031,-374.9167785644531,,,,,,,,,,,,,,,,,,,,,,,,,,,,,,,,,,,,,,,,,,,,,,,,,,,,,,,,,,,,,,,,,,,
1.775875298577872e+18,,,,,,,,,-375.37115478515625,-1250.3004150390625,-375.3353271484375,-75.0365219116211,-75.01773834228516,-75.05381774902344,-500.4013366699219,-375.17950439453125,,,,,,,,,,,,,,,,,,,,,,,,,,,,,,,,,,,,,,,,,,,,,,,,,,,,,,,,,,,
1.775875298578611e+18,,,,,,,,,,,,,,,,,,,,,,,,,,,,,-215.71531677246094,-21.571531295776367,-21.571531295776367,-21.571531295776367,-21.570873260498047,-21.571531295776367,-180.27931213378906,,,,,,,,,,,,,,,,,,,,,,,,,,,,,,,,,,,,,,,,
1.7758752985786655e+18,,,,,,,,,,,,,,,,,-321.7907409667969,-296.0325012207031,-295.112548828125,-328.23028564453125,-299.4822692871094,-283.84332275390625,-299.9422302246094,-332.5999755859375,108.25556945800781,43.30222702026367,43.30222702026367,-301.920654296875,,,,,,,,,,,,,,,,,,,,,,,,,,,,,,,,,,,,,,,,,,,,,,,
1.7758752985788518e+18,-374.84991455078125,-1249.7021484375,-374.57080078125,-74.9645767211914,-499.8448791503906,-374.4500732421875,-365.5199279785156,-374.82452392578125,,,,,,,,,,,,,,,,,,,,,,,,,,,,,,,,,,,,,,,,,,,,,,,,,,,,,,,,,,,,,,,,,,,
1.775875298578872e+18,,,,,,,,,-374.787353515625,-1249.5830078125,-374.6589050292969,-74.9873275756836,-74.98699188232422,-74.97998046875,-500.0732116699219,-374.9334411621094,,,,,,,,,,,,,,,,,,,,,,,,,,,,,,,,,,,,,,,,,,,,,,,,,,,,,,,,,,,
1.775875298579611e+18,,,,,,,,,,,,,,,,,,,,,,,,,,,,,-215.71531677246094,-21.571531295776367,-21.571531295776367,-21.571531295776367,-21.571531295776367,-21.571531295776367,-180.2957305908203,,,,,,,,,,,,,,,,,,,,,,,,,,,,,,,,,,,,,,,,
1.7758752985796657e+18,,,,,,,,,,,,,,,,,-316.7310791015625,-284.5332946777344,-306.15179443359375,-329.6101989746094,-293.2726745605469,-316.5010986328125,-307.7616882324219,-282.46343994140625,108.25556945800781,43.30222702026367,43.30222702026367,-301.4894104003906,,,,,,,,,,,,,,,,,,,,,,,,,,,,,,,,,,,,,,,,,,,,,,,
1.775875298579803e+18,,,,,,,,,,,,,,,,,,,,,,,,,,,,,,,,,,,,,,,,,,,,,,,,,,0.0,0.0,0.0,,,,,,,,,,,,,,,,,,,,,,,
1.7758752985798518e+18,-374.8807067871094,-1249.086669921875,-374.8785705566406,-74.9522705078125,-499.9679260253906,-375.18853759765625,-383.52716064453125,-375.50103759765625,,,,,,,,,,,,,,,,,,,,,,,,,,,,,,,,,,,,,,,,,,,,,,,,,,,,,,,,,,,,,,,,,,,
1.775875298579872e+18,,,,,,,,,-374.6644592285156,-1249.0706787109375,-374.72039794921875,-74.97503662109375,-74.96853637695312,-75.00459289550781,-500.0732116699219,-375.4562683105469,,,,,,,,,,,,,,,,,,,,,,,,,,,,,,,,,,,,,,,,,,,,,,,,,,,,,,,,,,,
1.7758752985801713e+18,,,,,,,,,,,,,,,,,,,,,,,,,,,,,,,,,,,,,,,,,,,,,,,,,,,,,0.0,0.0,0.0,0.0,0.0,0.0,0.0,0.0,0.0,0.0,0.0,0.0,0.0,0.0,0.0,0.0,0.0,0.0,0.0,0.0,0.0,0.0,0.0
1.775875298580611e+18,,,,,,,,,,,,,,,,,,,,,,,,,,,,,-215.71531677246094,-21.571531295776367,-21.571531295776367,-21.570873260498047,-21.570873260498047,-21.571531295776367,-180.36141967773438,,,,,,,,,,,,,,,,,,,,,,,,,,,,,,,,,,,,,,,,
1.7758752985806656e+18,,,,,,,,,,,,,,,,,-336.7397155761719,-311.9013977050781,-278.78369140625,-324.090576171875,-305.23187255859375,-287.2930908203125,-295.342529296875,-325.7004699707031,108.25556945800781,43.30222702026367,43.30222702026367,-301.181396484375,,,,,,,,,,,,,,,,,,,,,,,,,,,,,,,,,,,,,,,,,,,,,,,
1.775875298580852e+18,-374.9729919433594,-1249.9073486328125,-375.0940246582031,-75.00148010253906,-500.3370361328125,-375.3731689453125,-380.2643127441406,-375.4395446777344,,,,,,,,,,,,,,,,,,,,,,,,,,,,,,,,,,,,,,,,,,,,,,,,,,,,,,,,,,,,,,,,,,,
1.7758752985808722e+18,,,,,,,,,-375.37115478515625,-1250.40283203125,-375.3045959472656,-75.02422332763672,-75.02388763427734,-75.03535461425781,-500.1552429199219,-375.11798095703125,,,,,,,,,,,,,,,,,,,,,,,,,,,,,,,,,,,,,,,,,,,,,,,,,,,,,,,,,,,
1.775875298581611e+18,,,,,,,,,,,,,,,,,,,,,,,,,,,,,-215.708740234375,-21.570873260498047,-21.572189331054688,-21.570873260498047,-21.571531295776367,-21.571531295776367,-180.36141967773438,,,,,,,,,,,,,,,,,,,,,,,,,,,,,,,,,,,,,,,,
1.7758752985816655e+18,,,,,,,,,,,,,,,,,-332.8299865722656,-304.5419006347656,-291.20281982421875,-321.5607604980469,-289.1329650878906,-280.6235656738281,-308.4516296386719,-315.3511657714844,108.25556945800781,43.30222702026367,43.30222702026367,-298.94830322265625,,,,,,,,,,,,,,,,,,,,,,,,,,,,,,,,,,,,,,,,,,,,,,,
1.775875298581852e+18,-375.28070068359375,-1250.5228271484375,-375.15557861328125,-75.04454040527344,-500.0089416503906,-375.0039367675781,-383.52716064453125,-375.009033203125,,,,,,,,,,,,,,,,,,,,,,,,,,,,,,,,,,,,,,,,,,,,,,,,,,,,,,,,,,,,,,,,,,,
1.775875298581872e+18,,,,,,,,,-375.37115478515625,-1250.7103271484375,-375.1200866699219,-75.04882049560547,-75.0484848022461,-75.01689910888672,-500.48333740234375,-375.364013671875,,,,,,,,,,,,,,,,,,,,,,,,,,,,,,,,,,,,,,,,,,,,,,,,,,,,,,,,,,,
1.775875298582611e+18,,,,,,,,,,,,,,,,,,,,,,,,,,,,,-215.71531677246094,-21.570873260498047,-21.571531295776367,-21.571531295776367,-21.571531295776367,-21.571531295776367,-180.4435272216797,,,,,,,,,,,,,,,,,,,,,,,,,,,,,,,,,,,,,,,,
1.7758752985826657e+18,,,,,,,,,,,,,,,,,-299.9422302246094,-292.8127136230469,-283.84332275390625,-314.2012634277344,-310.7514953613281,-307.5317077636719,-281.3135070800781,-283.84332275390625,108.25556945800781,43.30222702026367,43.30222702026367,-299.271728515625,,,,,,,,,,,,,,,,,,,,,,,,,,,,,,,,,,,,,,,,,,,,,,,
1.7758752985828518e+18,-374.8807067871094,-1248.881591796875,-374.7862548828125,-74.9522705078125,-500.2550354003906,-375.09625244140625,-383.52716064453125,-375.4395446777344,,,,,,,,,,,,,,,,,,,,,,,,,,,,,,,,,,,,,,,,,,,,,,,,,,,,,,,,,,,,,,,,,,,
1.7758752985828723e+18,,,,,,,,,-375.06390380859375,-1251.017822265625,-375.2738342285156,-75.01807403564453,-75.03003692626953,-75.00459289550781,-500.1552429199219,-374.6874084472656,,,,,,,,,,,,,,,,,,,,,,,,,,,,,,,,,,,,,,,,,,,,,,,,,,,,,,,,,,,
1.7758752985836111e+18,,,,,,,,,,,,,,,,,,,,,,,,,,,,,-215.71531677246094,-21.571531295776367,-21.571531295776367,-21.571531295776367,-21.571531295776367,-21.571531295776367,-180.49278259277344,,,,,,,,,,,,,,,,,,,,,,,,,,,,,,,,,,,,,,,,
1.7758752985836657e+18,,,,,,,,,,,,,,,,,-302.0120849609375,-313.97125244140625,-292.3527526855469,-282.92340087890625,-280.3935546875,-309.83154296875,-293.5026550292969,-279.24365234375,108.25556945800781,43.30222702026367,43.30222702026367,-298.74810791015625,,,,,,,,,,,,,,,,,,,,,,,,,,,,,,,,,,,,,,,,,,,,,,,
1.7758752985838518e+18,-374.9729919433594,-1249.599609375,-374.6323547363281,-74.9645767211914,-499.63983154296875,-374.69622802734375,-371.8917236328125,-374.82452392578125,,,,,,,,,,,,,,,,,,,,,,,,,,,,,,,,,,,,,,,,,,,,,,,,,,,,,,,,,,,,,,,,,,,
1.7758752985838723e+18,,,,,,,,,-375.00244140625,-1249.8905029296875,-375.1508483886719,-75.02422332763672,-75.01158905029297,-75.05381774902344,-500.44232177734375,-375.2102355957031,,,,,,,,,,,,,,,,,,,,,,,,,,,,,,,,,,,,,,,,,,,,,,,,,,,,,,,,,,,
1.775875298584611e+18,,,,,,,,,,,,,,,,,,,,,,,,,,,,,-215.708740234375,-21.571531295776367,-21.571531295776367,-21.571531295776367,-21.571531295776367,-21.571531295776367,-180.5092010498047,,,,,,,,,,,,,,,,,,,,,,,,,,,,,,,,,,,,,,,,
1.7758752985846656e+18,,,,,,,,,,,,,,,,,-296.7224426269531,-321.10076904296875,-285.9131774902344,-275.79388427734375,-297.41241455078125,-290.97283935546875,-262.6847839355469,-299.02227783203125,108.25556945800781,43.30222702026367,43.30222702026367,-300.79638671875,,,,,,,,,,,,,,,,,,,,,,,,,,,,,,,,,,,,,,,,,,,,,,,
1.775875298584852e+18,-375.1268615722656,-1250.5228271484375,-375.15557861328125,-75.03839111328125,-500.4190673828125,-375.4039306640625,-380.9722900390625,-375.4395446777344,,,,,,,,,,,,,,,,,,,,,,,,,,,,,,,,,,,,,,,,,,,,,,,,,,,,,,,,,,,,,,,,,,,
1.7758752985848722e+18,,,,,,,,,-374.6951904296875,-1249.4805908203125,-374.6281433105469,-74.98118591308594,-74.9992904663086,-74.95536804199219,-499.8271179199219,-375.0257263183594,,,,,,,,,,,,,,,,,,,,,,,,,,,,,,,,,,,,,,,,,,,,,,,,,,,,,,,,,,,
1.775875298585611e+18,,,,,,,,,,,,,,,,,,,,,,,,,,,,,-215.71531677246094,-21.570873260498047,-21.571531295776367,-21.571531295776367,-21.571531295776367,-21.572189331054688,-180.525634765625,,,,,,,,,,,,,,,,,,,,,,,,,,,,,,,,,,,,,,,,
1.7758752985856658e+18,,,,,,,,,,,,,,,,,-293.5026550292969,-300.1722106933594,-281.7734680175781,-276.71380615234375,-284.7632751464844,-297.64239501953125,-270.7342224121094,-262.2248229980469,108.25556945800781,43.30222702026367,43.30222702026367,-298.0396728515625,,,,,,,,,,,,,,,,,,,,,,,,,,,,,,,,,,,,,,,,,,,,,,,
1.775875298585852e+18,-374.9422302246094,-1249.599609375,-374.6323547363281,-74.9522705078125,-499.47576904296875,-374.7577819824219,-371.7378234863281,-374.9167785644531,,,,,,,,,,,,,,,,,,,,,,,,,,,,,,,,,,,,,,,,,,,,,,,,,,,,,,,,,,,,,,,,,,,
1.7758752985858724e+18,,,,,,,,,-375.0946350097656,-1249.992919921875,-375.24310302734375,-75.0365219116211,-75.01773834228516,-75.05996704101562,-500.4013366699219,-375.14874267578125,,,,,,,,,,,,,,,,,,,,,,,,,,,,,,,,,,,,,,,,,,,,,,,,,,,,,,,,,,,
1.7758752985866112e+18,,,,,,,,,,,,,,,,,,,,,,,,,,,,,-215.71531677246094,-21.571531295776367,-21.570873260498047,-21.570873260498047,-21.571531295776367,-21.572189331054688,-180.54205322265625,,,,,,,,,,,,,,,,,,,,,,,,,,,,,,,,,,,,,,,,
1.775875298586666e+18,,,,,,,,,,,,,,,,,-280.16357421875,-300.6321716308594,-298.33233642578125,-275.56390380859375,-248.88572692871094,-280.16357421875,-300.4021911621094,-293.0426940917969,108.25556945800781,43.30222702026367,43.30222702026367,-301.22760009765625,,,,,,,,,,,,,,,,,,,,,,,,,,,,,,,,,,,,,,,,,,,,,,,
1.7758752985868518e+18,-375.31146240234375,-1250.420166015625,-375.37103271484375,-75.03839111328125,-500.3370361328125,-375.0346984863281,-372.4765625,-375.13201904296875,,,,,,,,,,,,,,,,,,,,,,,,,,,,,,,,,,,,,,,,,,,,,,,,,,,,,,,,,,,,,,,,,,,
1.7758752985868723e+18,,,,,,,,,-374.6951904296875,-1249.3780517578125,-374.8741149902344,-74.93814086914062,-74.95008850097656,-74.94921112060547,-499.4580078125,-374.6874084472656,,,,,,,,,,,,,,,,,,,,,,,,,,,,,,,,,,,,,,,,,,,,,,,,,,,,,,,,,,,
1.7758752985870328e+18,,,,,,,,,,,,,,,,,,,,,,,,,,,,,,,,,,,,,,,,,,,,,,,,,,0.0,0.0,0.0,,,,,,,,,,,,,,,,,,,,,,,
1.7758752985873682e+18,,,,,,,,,,,,,,,,,,,,,,,,,,,,,,,,,,,,,,,,,,,,,,,,,,,,,0.0,0.0,0.0,0.0,0.0,0.0,0.0,0.0,0.0,0.0,0.0,0.0,0.0,0.0,0.0,0.0,0.0,0.0,0.0,0.0,0.0,0.0,0.0
1.7758752985876111e+18,,,,,,,,,,,,,,,,,,,,,,,,,,,,,-215.71531677246094,-21.572189331054688,-21.571531295776367,-21.571531295776367,-21.571531295776367,-21.571531295776367,-180.525634765625,,,,,,,,,,,,,,,,,,,,,,,,,,,,,,,,,,,,,,,,
1.775875298587666e+18,,,,,,,,,,,,,,,,,-261.30487060546875,-296.2624816894531,-299.4822692871094,-279.24365234375,-276.71380615234375,-295.112548828125,-266.8244934082031,-259.6949768066406,108.25556945800781,43.30222702026367,43.30222702026367,-298.2090759277344,,,,,,,,,,,,,,,,,,,,,,,,,,,,,,,,,,,,,,,,,,,,,,,
1.7758752985878518e+18,-375.0345458984375,-1249.8046875,-375.001708984375,-75.04454040527344,-500.0909729003906,-375.4346923828125,-383.52716064453125,-375.2242736816406,,,,,,,,,,,,,,,,,,,,,,,,,,,,,,,,,,,,,,,,,,,,,,,,,,,,,,,,,,,,,,,,,,,
1.7758752985878723e+18,,,,,,,,,-375.4018859863281,-1250.812744140625,-375.1816101074219,-75.04267120361328,-75.01773834228516,-75.0230484008789,-499.9501647949219,-374.9027099609375,,,,,,,,,,,,,,,,,,,,,,,,,,,,,,,,,,,,,,,,,,,,,,,,,,,,,,,,,,,
1.775875298588611e+18,,,,,,,,,,,,,,,,,,,,,,,,,,,,,-215.71531677246094,-21.571531295776367,-21.571531295776367,-21.571531295776367,-21.571531295776367,-21.571531295776367,-180.525634765625,,,,,,,,,,,,,,,,,,,,,,,,,,,,,,,,,,,,,,,,
1.775875298588666e+18,,,,,,,,,,,,,,,,,-281.5434875488281,-296.9524230957031,-276.02386474609375,-287.2930908203125,-304.3119201660156,-283.61334228515625,-253.94537353515625,-288.6730041503906,108.25556945800781,43.30222702026367,43.30222702026367,-300.9195861816406,,,,,,,,,,,,,,,,,,,,,,,,,,,,,,,,,,,,,,,,,,,,,,,
1.7758752985888517e+18,-375.24993896484375,-1250.93310546875,-375.15557861328125,-75.08145141601562,-500.4600830078125,-375.2193298339844,-383.52716064453125,-375.4395446777344,,,,,,,,,,,,,,,,,,,,,,,,,,,,,,,,,,,,,,,,,,,,,,,,,,,,,,,,,,,,,,,,,,,
1.7758752985888724e+18,,,,,,,,,-374.94097900390625,-1249.0706787109375,-374.8126220703125,-74.99962615966797,-74.98699188232422,-74.98612976074219,-500.0732116699219,-374.8719482421875,,,,,,,,,,,,,,,,,,,,,,,,,,,,,,,,,,,,,,,,,,,,,,,,,,,,,,,,,,,
1.7758752985896113e+18,,,,,,,,,,,,,,,,,,,,,,,,,,,,,-215.71531677246094,-21.572189331054688,-21.571531295776367,-21.571531295776367,-21.571531295776367,-21.571531295776367,-180.45994567871094,,,,,,,,,,,,,,,,,,,,,,,,,,,,,,,,,,,,,,,,
1.775875298589666e+18,,,,,,,,,,,,,,,,,-271.8841552734375,-277.4037780761719,-309.6015625,-288.2130432128906,-256.9351806640625,-291.20281982421875,-281.5434875488281,-262.2248229980469,108.25556945800781,43.30222702026367,43.30222702026367,-298.7326965332031,,,,,,,,,,,,,,,,,,,,,,,,,,,,,,,,,,,,,,,,,,,,,,,
1.775875298589852e+18,-375.1576232910156,-1250.83056640625,-375.1863708496094,-75.08760070800781,-500.4600830078125,-375.09625244140625,-380.418212890625,-374.9167785644531,,,,,,,,,,,,,,,,,,,,,,,,,,,,,,,,,,,,,,,,,,,,,,,,,,,,,,,,,,,,,,,,,,,
1.7758752985898724e+18,,,,,,,,,-375.0946350097656,-1250.1978759765625,-375.1508483886719,-75.01807403564453,-75.07308959960938,-75.05996704101562,-500.1552429199219,-375.11798095703125,,,,,,,,,,,,,,,,,,,,,,,,,,,,,,,,,,,,,,,,,,,,,,,,,,,,,,,,,,,
1.7758752985898806e+18,,,,,,,,,,,,,,,,,,,,,,,,,,,,,,,,,,,,2297.602294921875,22.034605026245117,2297.602294921875,2297.602294921875,2297.602294921875,2297.602294921875,2297.602294921875,24.70745086669922,2297.602294921875,2297.602294921875,2297.602294921875,2297.602294921875,2297.602294921875,2297.602294921875,,,,,,,,,,,,,,,,,,,,,,,,,,
1.7758752985906112e+18,,,,,,,,,,,,,,,,,,,,,,,,,,,,,-215.71531677246094,-21.571531295776367,-21.571531295776367,-21.571531295776367,-21.571531295776367,-21.571531295776367,-180.41067504882812,,,,,,,,,,,,,,,,,,,,,,,,,,,,,,,,,,,,,,,,
1.7758752985906662e+18,,,,,,,,,,,,,,,,,-299.2522888183594,-264.984619140625,-293.732666015625,-290.51287841796875,-267.5144348144531,-301.3221435546875,-266.1345520019531,-297.41241455078125,108.25556945800781,43.30222702026367,43.30222702026367,-299.0869140625,,,,,,,,,,,,,,,,,,,,,,,,,,,,,,,,,,,,,,,,,,,,,,,
1.7758752985908518e+18,-375.24993896484375,-1250.6253662109375,-375.4325866699219,-75.06299591064453,-500.1319885253906,-374.91162109375,-375.21612548828125,-374.8860168457031,,,,,,,,,,,,,,,,,,,,,,,,,,,,,,,,,,,,,,,,,,,,,,,,,,,,,,,,,,,,,,,,,,,
1.7758752985908723e+18,,,,,,,,,-375.1253662109375,-1250.6077880859375,-375.1200866699219,-75.04267120361328,-75.05463409423828,-75.01689910888672,-499.9501647949219,-374.8411865234375,,,,,,,,,,,,,,,,,,,,,,,,,,,,,,,,,,,,,,,,,,,,,,,,,,,,,,,,,,,
1.7758752985916111e+18,,,,,,,,,,,,,,,,,,,,,,,,,,,,,-215.71531677246094,-21.571531295776367,-21.570873260498047,-21.571531295776367,-21.571531295776367,-21.571531295776367,-180.39425659179688,,,,,,,,,,,,,,,,,,,,,,,,,,,,,,,,,,,,,,,,
1.7758752985916664e+18,,,,,,,,,,,,,,,,,-303.1620178222656,-294.422607421875,-261.99481201171875,-306.61175537109375,-311.4414367675781,-283.61334228515625,-275.10394287109375,-305.92181396484375,108.25556945800781,43.30222702026367,43.30222702026367,-300.9195861816406,,,,,,,,,,,,,,,,,,,,,,,,,,,,,,,,,,,,,,,,,,,,,,,
1.7758752985918518e+18,-375.31146240234375,-1251.2408447265625,-375.2171325683594,-75.07530212402344,-500.5421142578125,-375.2500915527344,-383.52716064453125,-375.47027587890625,,,,,,,,,,,,,,,,,,,,,,,,,,,,,,,,,,,,,,,,,,,,,,,,,,,,,,,,,,,,,,,,,,,
1.7758752985918725e+18,,,,,,,,,-375.1253662109375,-1249.992919921875,-375.05859375,-75.02422332763672,-75.00543975830078,-75.0107421875,-500.2372741699219,-375.05645751953125,,,,,,,,,,,,,,,,,,,,,,,,,,,,,,,,,,,,,,,,,,,,,,,,,,,,,,,,,,,
1.7758752985926113e+18,,,,,,,,,,,,,,,,,,,,,,,,,,,,,-215.71531677246094,-21.571531295776367,-21.571531295776367,-21.571531295776367,-21.571531295776367,-21.572189331054688,-180.39425659179688,,,,,,,,,,,,,,,,,,,,,,,,,,,,,,,,,,,,,,,,
1.7758752985926664e+18,,,,,,,,,,,,,,,,,-298.10235595703125,-312.36138916015625,-278.78369140625,-287.5230712890625,-308.4516296386719,-299.7122497558594,-282.92340087890625,-318.3409729003906,108.25556945800781,43.30222702026367,43.30222702026367,-300.9042053222656,,,,,,,,,,,,,,,,,,,,,,,,,,,,,,,,,,,,,,,,,,,,,,,
1.7758752985928517e+18,-375.31146240234375,-1250.7279052734375,-375.494140625,-75.06914520263672,-500.2960205078125,-375.61932373046875,-383.52716064453125,-375.3165283203125,,,,,,,,,,,,,,,,,,,,,,,,,,,,,,,,,,,,,,,,,,,,,,,,,,,,,,,,,,,,,,,,,,,
1.7758752985928724e+18,,,,,,,,,-375.0331726074219,-1250.095458984375,-375.1200866699219,-75.00577545166016,-75.00543975830078,-75.0230484008789,-500.0732116699219,-375.05645751953125,,,,,,,,,,,,,,,,,,,,,,,,,,,,,,,,,,,,,,,,,,,,,,,,,,,,,,,,,,,
1.7758752985936113e+18,,,,,,,,,,,,,,,,,,,,,,,,,,,,,-215.71531677246094,-21.571531295776367,-21.570873260498047,-21.571531295776367,-21.571531295776367,-21.571531295776367,-180.32858276367188,,,,,,,,,,,,,,,,,,,,,,,,,,,,,,,,,,,,,,,,
1.7758752985936666e+18,,,,,,,,,,,,,,,,,-300.4021911621094,-282.2334289550781,-285.9131774902344,-319.0309143066406,-300.8621520996094,-292.3527526855469,-299.9422302246094,-309.83154296875,108.25556945800781,43.30222702026367,43.30222702026367,-301.2738037109375,,,,,,,,,,,,,,,,,,,,,,,,,,,,,,,,,,,,,,,,,,,,,,,
1.775875298593852e+18,-375.3422546386719,-1251.4459228515625,-375.1863708496094,-75.07530212402344,-500.5831298828125,-375.2808532714844,-383.52716064453125,-375.4395446777344,,,,,,,,,,,,,,,,,,,,,,,,,,,,,,,,,,,,,,,,,,,,,,,,,,,,,,,,,,,,,,,,,,,
1.7758752985938724e+18,,,,,,,,,-375.217529296875,-1250.1978759765625,-375.08935546875,-75.01807403564453,-75.01773834228516,-75.0230484008789,-500.1552429199219,-375.4870300292969,,,,,,,,,,,,,,,,,,,,,,,,,,,,,,,,,,,,,,,,,,,,,,,,,,,,,,,,,,,
1.7758752985941304e+18,,,,,,,,,,,,,,,,,,,,,,,,,,,,,,,,,,,,,,,,,,,,,,,,,,0.0,0.0,0.0,,,,,,,,,,,,,,,,,,,,,,,
1.7758752985946112e+18,,,,,,,,,,,,,,,,,,,,,,,,,,,,,-215.7218780517578,-21.571531295776367,-21.571531295776367,-21.571531295776367,-21.571531295776367,-21.571531295776367,-180.31214904785156,,,,,,,,,,,,,,,,,,,,,,,,,,,,,,,,,,,,,,,,
1.7758752985946668e+18,,,,,,,,,,,,,,,,,-292.5827331542969,-324.780517578125,-305.69183349609375,-291.43280029296875,-317.6510009765625,-293.0426940917969,-284.7632751464844,-316.0411376953125,108.25556945800781,43.30222702026367,43.30222702026367,-300.1957702636719,,,,,,,,,,,,,,,,,,,,,,,,,,,,,,,,,,,,,,,,,,,,,,,
1.7758752985947512e+18,,,,,,,,,,,,,,,,,,,,,,,,,,,,,,,,,,,,,,,,,,,,,,,,,,,,,0.0,0.0,0.0,0.0,0.0,0.0,0.0,0.0,0.0,0.0,0.0,0.0,0.0,0.0,0.0,0.0,0.0,0.0,0.0,0.0,0.0,0.0,0.0
1.7758752985948518e+18,-374.9422302246094,-1249.8046875,-374.7862548828125,-74.97687530517578,-499.9679260253906,-374.5731506347656,-367.3052673339844,-374.8860168457031,,,,,,,,,,,,,,,,,,,,,,,,,,,,,,,,,,,,,,,,,,,,,,,,,,,,,,,,,,,,,,,,,,,
1.7758752985948726e+18,,,,,,,,,-374.6644592285156,-1249.4805908203125,-374.6281433105469,-74.95658874511719,-74.96853637695312,-74.94306182861328,-499.8271179199219,-374.8719482421875,,,,,,,,,,,,,,,,,,,,,,,,,,,,,,,,,,,,,,,,,,,,,,,,,,,,,,,,,,,
1.7758752985956111e+18,,,,,,,,,,,,,,,,,,,,,,,,,,,,,-215.71531677246094,-21.570873260498047,-21.571531295776367,-21.570873260498047,-21.570873260498047,-21.571531295776367,-180.31214904785156,,,,,,,,,,,,,,,,,,,,,,,,,,,,,,,,,,,,,,,,
1.7758752985956667e+18,,,,,,,,,,,,,,,,,-283.84332275390625,-312.1313781738281,-327.77032470703125,-321.5607604980469,-296.2624816894531,-291.8927917480469,-286.8331298828125,-307.9916687011719,108.25556945800781,43.30222702026367,43.30222702026367,-299.9185485839844,,,,,,,,,,,,,,,,,,,,,,,,,,,,,,,,,,,,,,,,,,,,,,,
1.7758752985958518e+18,-374.8807067871094,-1248.6763916015625,-374.7554626464844,-74.92151641845703,-499.8858947753906,-374.9423828125,-383.52716064453125,-375.47027587890625,,,,,,,,,,,,,,,,,,,,,,,,,,,,,,,,,,,,,,,,,,,,,,,,,,,,,,,,,,,,,,,,,,,
1.7758752985958725e+18,,,,,,,,,-375.00244140625,-1250.915283203125,-375.3045959472656,-75.01192474365234,-75.03618621826172,-75.00459289550781,-500.0732116699219,-374.59515380859375,,,,,,,,,,,,,,,,,,,,,,,,,,,,,,,,,,,,,,,,,,,,,,,,,,,,,,,,,,,
1.7758752985966113e+18,,,,,,,,,,,,,,,,,,,,,,,,,,,,,-215.71531677246094,-21.571531295776367,-21.571531295776367,-21.571531295776367,-21.571531295776367,-21.571531295776367,-180.36141967773438,,,,,,,,,,,,,,,,,,,,,,,,,,,,,,,,,,,,,,,,
1.775875298596667e+18,,,,,,,,,,,,,,,,,-319.2608947753906,-296.7224426269531,-280.3935546875,-326.6203918457031,-325.7004699707031,-303.1620178222656,-296.2624816894531,-317.8810119628906,108.25556945800781,43.30222702026367,43.30222702026367,-301.3816223144531,,,,,,,,,,,,,,,,,,,,,,,,,,,,,,,,,,,,,,,,,,,,,,,
1.7758752985968517e+18,-375.21917724609375,-1250.6253662109375,-374.9401550292969,-75.00148010253906,-500.0089416503906,-374.91162109375,-369.52154541015625,-374.79376220703125,,,,,,,,,,,,,,,,,,,,,,,,,,,,,,,,,,,,,,,,,,,,,,,,,,,,,,,,,,,,,,,,,,,
1.7758752985968724e+18,,,,,,,,,-375.15606689453125,-1251.1202392578125,-375.3045959472656,-75.01807403564453,-75.07308959960938,-75.04766082763672,-500.0321960449219,-375.11798095703125,,,,,,,,,,,,,,,,,,,,,,,,,,,,,,,,,,,,,,,,,,,,,,,,,,,,,,,,,,,
1.7758752985976113e+18,,,,,,,,,,,,,,,,,,,,,,,,,,,,,-215.71531677246094,-21.571531295776367,-21.571531295776367,-21.571531295776367,-21.571531295776367,-21.571531295776367,-180.36141967773438,,,,,,,,,,,,,,,,,,,,,,,,,,,,,,,,,,,,,,,,
1.7758752985976668e+18,,,,,,,,,,,,,,,,,-314.6612243652344,-289.8229064941406,-301.7821044921875,-330.7601013183594,-293.2726745605469,-310.29150390625,-306.15179443359375,-282.69342041015625,108.25556945800781,43.30222702026367,43.30222702026367,-301.181396484375,,,,,,,,,,,,,,,,,,,,,,,,,,,,,,,,,,,,,,,,,,,,,,,
1.775875298597852e+18,-375.0960998535156,-1250.5228271484375,-375.37103271484375,-75.05068969726562,-500.2550354003906,-375.58856201171875,-383.52716064453125,-375.2857971191406,,,,,,,,,,,,,,,,,,,,,,,,,,,,,,,,,,,,,,,,,,,,,,,,,,,,,,,,,,,,,,,,,,,
1.7758752985978726e+18,,,,,,,,,-374.63372802734375,-1249.5830078125,-374.96636962890625,-74.97503662109375,-74.9931411743164,-75.01689910888672,-500.3193054199219,-375.333251953125,,,,,,,,,,,,,,,,,,,,,,,,,,,,,,,,,,,,,,,,,,,,,,,,,,,,,,,,,,,
1.7758752985986112e+18,,,,,,,,,,,,,,,,,,,,,,,,,,,,,-215.71531677246094,-21.570873260498047,-21.571531295776367,-21.571531295776367,-21.571531295776367,-21.571531295776367,-180.42710876464844,,,,,,,,,,,,,,,,,,,,,,,,,,,,,,,,,,,,,,,,
1.775875298598667e+18,,,,,,,,,,,,,,,,,-292.1227722167969,-307.3017272949219,-307.9916687011719,-285.2232360839844,-292.5827331542969,-310.7514953613281,-275.79388427734375,-303.6219787597656,108.25556945800781,43.30222702026367,43.30222702026367,-301.7666320800781,,,,,,,,,,,,,,,,,,,,,,,,,,,,,,,,,,,,,,,,,,,,,,,
1.7758752985988518e+18,-375.0653076171875,-1249.2918701171875,-374.7554626464844,-74.9522705078125,-499.8448791503906,-374.5116271972656,-371.0914001464844,-375.19354248046875,,,,,,,,,,,,,,,,,,,,,,,,,,,,,,,,,,,,,,,,,,,,,,,,,,,,,,,,,,,,,,,,,,,
1.7758752985988726e+18,,,,,,,,,-375.37115478515625,-1250.1978759765625,-374.72039794921875,-74.96273803710938,-74.95008850097656,-74.97382354736328,-499.6630554199219,-374.9949645996094,,,,,,,,,,,,,,,,,,,,,,,,,,,,,,,,,,,,,,,,,,,,,,,,,,,,,,,,,,,
1.7758752985996114e+18,,,,,,,,,,,,,,,,,,,,,,,,,,,,,-215.71531677246094,-21.570873260498047,-21.571531295776367,-21.571531295776367,-21.571531295776367,-21.571531295776367,-180.4763641357422,,,,,,,,,,,,,,,,,,,,,,,,,,,,,,,,,,,,,,,,
1.7758752985996672e+18,,,,,,,,,,,,,,,,,-294.422607421875,-325.240478515625,-293.5026550292969,-294.882568359375,-305.46185302734375,-280.16357421875,-273.9540100097656,-309.1416015625,108.25556945800781,43.30222702026367,43.30222702026367,-300.1957702636719,,,,,,,,,,,,,,,,,,,,,,,,,,,,,,,,,,,,,,,,,,,,,,,
1.7758752985998518e+18,-375.0345458984375,-1250.6253662109375,-375.4325866699219,-75.08145141601562,-500.2140197753906,-375.3116149902344,-381.0338439941406,-374.8860168457031,,,,,,,,,,,,,,,,,,,,,,,,,,,,,,,,,,,,,,,,,,,,,,,,,,,,,,,,,,,,,,,,,,,
1.7758752985998725e+18,,,,,,,,,-374.7566223144531,-1249.992919921875,-375.05859375,-75.04267120361328,-75.06078338623047,-75.0230484008789,-500.2782897949219,-374.9949645996094,,,,,,,,,,,,,,,,,,,,,,,,,,,,,,,,,,,,,,,,,,,,,,,,,,,,,,,,,,,
1.7758752986006113e+18,,,,,,,,,,,,,,,,,,,,,,,,,,,,,-215.71531677246094,-21.571531295776367,-21.571531295776367,-21.571531295776367,-21.571531295776367,-21.571531295776367,-180.4763641357422,,,,,,,,,,,,,,,,,,,,,,,,,,,,,,,,,,,,,,,,
1.7758752986006671e+18,,,,,,,,,,,,,,,,,-305.00189208984375,-284.07330322265625,-279.70361328125,-311.6714172363281,-297.87237548828125,-280.6235656738281,-274.6439514160156,-303.8519592285156,108.25556945800781,43.30222702026367,43.30222702026367,-300.2881774902344,,,,,,,,,,,,,,,,,,,,,,,,,,,,,,,,,,,,,,,,,,,,,,,
1.7758752986008517e+18,-375.0960998535156,-1251.4459228515625,-375.40179443359375,-75.03224182128906,-500.6241455078125,-375.5270080566406,-381.46478271484375,-375.53179931640625,,,,,,,,,,,,,,,,,,,,,,,,,,,,,,,,,,,,,,,,,,,,,,,,,,,,,,,,,,,,,,,,,,,
1.7758752986008727e+18,,,,,,,,,-375.0946350097656,-1250.40283203125,-375.1816101074219,-75.01192474365234,-75.03003692626953,-75.0230484008789,-500.0321960449219,-375.14874267578125,,,,,,,,,,,,,,,,,,,,,,,,,,,,,,,,,,,,,,,,,,,,,,,,,,,,,,,,,,,
1.7758752986010775e+18,,,,,,,,,,,,,,,,,,,,,,,,,,,,,,,,,,,,,,,,,,,,,,,,,,0.0,0.0,0.0,,,,,,,,,,,,,,,,,,,,,,,
1.7758752986016113e+18,,,,,,,,,,,,,,,,,,,,,,,,,,,,,-215.71531677246094,-21.571531295776367,-21.571531295776367,-21.571531295776367,-21.571531295776367,-21.571531295776367,-180.49278259277344,,,,,,,,,,,,,,,,,,,,,,,,,,,,,,,,,,,,,,,,
1.7758752986016673e+18,,,,,,,,,,,,,,,,,-285.4532165527344,-278.0937194824219,-300.8621520996094,-294.422607421875,-257.6251220703125,-293.2726745605469,-302.7020263671875,-276.9438171386719,108.25556945800781,43.30222702026367,43.30222702026367,-297.82403564453125,,,,,,,,,,,,,,,,,,,,,,,,,,,,,,,,,,,,,,,,,,,,,,,
1.775875298601852e+18,-375.24993896484375,-1251.1383056640625,-375.15557861328125,-75.07530212402344,-500.5010986328125,-375.2500915527344,-383.52716064453125,-375.3780212402344,,,,,,,,,,,,,,,,,,,,,,,,,,,,,,,,,,,,,,,,,,,,,,,,,,,,,,,,,,,,,,,,,,,
1.7758752986018726e+18,,,,,,,,,-375.217529296875,-1250.50537109375,-375.05859375,-75.02422332763672,-74.98699188232422,-74.98612976074219,-499.8271179199219,-374.56439208984375,,,,,,,,,,,,,,,,,,,,,,,,,,,,,,,,,,,,,,,,,,,,,,,,,,,,,,,,,,,
1.7758752986023816e+18,,,,,,,,,,,,,,,,,,,,,,,,,,,,,,,,,,,,2297.704345703125,22.09733009338379,2297.704345703125,2297.704345703125,2297.704345703125,2297.704345703125,2297.704345703125,24.767719268798828,2297.704345703125,2297.704345703125,2297.704345703125,2297.704345703125,2297.704345703125,2297.704345703125,,,,,,,,,,,,,,,,,,,,,,,,,,
1.7758752986026115e+18,,,,,,,,,,,,,,,,,,,,,,,,,,,,,-215.71531677246094,-21.571531295776367,-21.572189331054688,-21.571531295776367,-21.571531295776367,-21.571531295776367,-180.54205322265625,,,,,,,,,,,,,,,,,,,,,,,,,,,,,,,,,,,,,,,,
1.7758752986026673e+18,,,,,,,,,,,,,,,,,-302.0120849609375,-295.8025207519531,-263.6047058105469,-295.342529296875,-309.6015625,-276.48382568359375,-258.0850830078125,-296.0325012207031,108.25556945800781,43.30222702026367,43.30222702026367,-301.2584228515625,,,,,,,,,,,,,,,,,,,,,,,,,,,,,,,,,,,,,,,,,,,,,,,
1.7758752986028518e+18,-375.3422546386719,-1251.3433837890625,-375.1863708496094,-75.07530212402344,-500.4190673828125,-375.0346984863281,-373.7386169433594,-374.7015075683594,,,,,,,,,,,,,,,,,,,,,,,,,,,,,,,,,,,,,,,,,,,,,,,,,,,,,,,,,,,,,,,,,,,
1.7758752986028726e+18,,,,,,,,,-375.1867980957031,-1250.7103271484375,-375.21234130859375,-75.01807403564453,-75.06078338623047,-75.03535461425781,-499.9501647949219,-374.6874084472656,,,,,,,,,,,,,,,,,,,,,,,,,,,,,,,,,,,,,,,,,,,,,,,,,,,,,,,,,,,
1.7758752986030415e+18,,,,,,,,,,,,,,,,,,,,,,,,,,,,,,,,,,,,,,,,,,,,,,,,,,,,,0.0,0.0,0.0,0.0,0.0,0.0,0.0,0.0,0.0,0.0,0.0,0.0,0.0,0.0,0.0,0.0,0.0,0.0,0.0,0.0,0.0,0.0,0.0
1.7758752986036114e+18,,,,,,,,,,,,,,,,,,,,,,,,,,,,,-215.71531677246094,-21.571531295776367,-21.571531295776367,-21.571531295776367,-21.571531295776367,-21.572189331054688,-180.54205322265625,,,,,,,,,,,,,,,,,,,,,,,,,,,,,,,,,,,,,,,,
1.7758752986036675e+18,,,,,,,,,,,,,,,,,-296.4924621582031,-287.5230712890625,-268.89434814453125,-277.8637390136719,-284.30328369140625,-295.342529296875,-263.3747253417969,-254.1753692626953,108.25556945800781,43.30222702026367,43.30222702026367,-297.82403564453125,,,,,,,,,,,,,,,,,,,,,,,,,,,,,,,,,,,,,,,,,,,,,,,
1.7758752986038518e+18,-375.0345458984375,-1249.9073486328125,-374.7862548828125,-74.97687530517578,-499.8858947753906,-374.3885192871094,-367.3668212890625,-374.5477600097656,,,,,,,,,,,,,,,,,,,,,,,,,,,,,,,,,,,,,,,,,,,,,,,,,,,,,,,,,,,,,,,,,,,
1.7758752986038728e+18,,,,,,,,,-374.63372802734375,-1249.3780517578125,-374.7511291503906,-75.00577545166016,-74.9931411743164,-75.04766082763672,-500.4013366699219,-375.11798095703125,,,,,,,,,,,,,,,,,,,,,,,,,,,,,,,,,,,,,,,,,,,,,,,,,,,,,,,,,,,
1.7758752986046113e+18,,,,,,,,,,,,,,,,,,,,,,,,,,,,,-215.708740234375,-21.571531295776367,-21.571531295776367,-21.571531295776367,-21.571531295776367,-21.571531295776367,-180.49278259277344,,,,,,,,,,,,,,,,,,,,,,,,,,,,,,,,,,,,,,,,
1.7758752986046676e+18,,,,,,,,,,,,,,,,,-295.8025207519531,-308.4516296386719,-276.25384521484375,-264.754638671875,-278.78369140625,-293.2726745605469,-273.0340576171875,-273.2640686035156,108.25556945800781,43.30222702026367,43.30222702026367,-297.3620300292969,,,,,,,,,,,,,,,,,,,,,,,,,,,,,,,,,,,,,,,,,,,,,,,
1.7758752986048517e+18,-375.31146240234375,-1251.2408447265625,-375.12481689453125,-75.06299591064453,-500.4190673828125,-375.09625244140625,-381.9573059082031,-375.009033203125,,,,,,,,,,,,,,,,,,,,,,,,,,,,,,,,,,,,,,,,,,,,,,,,,,,,,,,,,,,,,,,,,,,
1.7758752986048727e+18,,,,,,,,,-375.1867980957031,-1250.812744140625,-375.24310302734375,-75.01192474365234,-75.06078338623047,-75.05996704101562,-500.1962585449219,-375.2409973144531,,,,,,,,,,,,,,,,,,,,,,,,,,,,,,,,,,,,,,,,,,,,,,,,,,,,,,,,,,,
1.7758752986056115e+18,,,,,,,,,,,,,,,,,,,,,,,,,,,,,-215.71531677246094,-21.571531295776367,-21.571531295776367,-21.571531295776367,-21.571531295776367,-21.571531295776367,-180.54205322265625,,,,,,,,,,,,,,,,,,,,,,,,,,,,,,,,,,,,,,,,
1.7758752986056676e+18,,,,,,,,,,,,,,,,,-287.0631103515625,-314.2012634277344,-279.24365234375,-284.9932556152344,-288.6730041503906,-263.3747253417969,-256.4751892089844,-296.9524230957031,108.25556945800781,43.30222702026367,43.30222702026367,-299.90313720703125,,,,,,,,,,,,,,,,,,,,,,,,,,,,,,,,,,,,,,,,,,,,,,,
1.775875298605852e+18,-375.1576232910156,-1250.83056640625,-375.1863708496094,-75.03224182128906,-500.2960205078125,-375.12701416015625,-379.0330505371094,-375.3165283203125,,,,,,,,,,,,,,,,,,,,,,,,,,,,,,,,,,,,,,,,,,,,,,,,,,,,,,,,,,,,,,,,,,,
1.7758752986058726e+18,,,,,,,,,-374.7566223144531,-1249.4805908203125,-374.597412109375,-74.97503662109375,-74.97468566894531,-74.93690490722656,-499.7450866699219,-374.7796936035156,,,,,,,,,,,,,,,,,,,,,,,,,,,,,,,,,,,,,,,,,,,,,,,,,,,,,,,,,,,
1.7758752986066115e+18,,,,,,,,,,,,,,,,,,,,,,,,,,,,,-215.71531677246094,-21.571531295776367,-21.571531295776367,-21.571531295776367,-21.571531295776367,-21.571531295776367,-180.5092010498047,,,,,,,,,,,,,,,,,,,,,,,,,,,,,,,,,,,,,,,,
1.7758752986066678e+18,,,,,,,,,,,,,,,,,-297.64239501953125,-275.10394287109375,-271.4241943359375,-306.15179443359375,-289.8229064941406,-274.1839904785156,-271.8841552734375,-297.1824035644531,108.25556945800781,43.30222702026367,43.30222702026367,-299.7183532714844,,,,,,,,,,,,,,,,,,,,,,,,,,,,,,,,,,,,,,,,,,,,,,,
1.7758752986068518e+18,-375.3422546386719,-1251.4459228515625,-375.1863708496094,-75.07530212402344,-500.4190673828125,-375.12701416015625,-383.52716064453125,-375.0397644042969,,,,,,,,,,,,,,,,,,,,,,,,,,,,,,,,,,,,,,,,,,,,,,,,,,,,,,,,,,,,,,,,,,,
1.7758752986068728e+18,,,,,,,,,-375.15606689453125,-1250.40283203125,-375.1816101074219,-75.00577545166016,-75.06078338623047,-75.04766082763672,-500.1552429199219,-375.364013671875,,,,,,,,,,,,,,,,,,,,,,,,,,,,,,,,,,,,,,,,,,,,,,,,,,,,,,,,,,,
1.7758752986076114e+18,,,,,,,,,,,,,,,,,,,,,,,,,,,,,-215.71531677246094,-21.572189331054688,-21.571531295776367,-21.571531295776367,-21.571531295776367,-21.571531295776367,-180.39425659179688,,,,,,,,,,,,,,,,,,,,,,,,,,,,,,,,,,,,,,,,
1.775875298607668e+18,,,,,,,,,,,,,,,,,-280.8535461425781,-288.6730041503906,-313.74127197265625,-296.2624816894531,-265.674560546875,-296.9524230957031,-276.48382568359375,-260.1549377441406,108.25556945800781,43.30222702026367,43.30222702026367,-299.9185485839844,,,,,,,,,,,,,,,,,,,,,,,,,,,,,,,,,,,,,,,,,,,,,,,
1.7758752986078518e+18,-375.21917724609375,-1251.03564453125,-375.1863708496094,-75.09375,-500.5421142578125,-375.18853759765625,-383.52716064453125,-375.2857971191406,,,,,,,,,,,,,,,,,,,,,,,,,,,,,,,,,,,,,,,,,,,,,,,,,,,,,,,,,,,,,,,,,,,
1.7758752986078728e+18,,,,,,,,,-375.06390380859375,-1249.992919921875,-375.1816101074219,-75.01192474365234,-75.0423355102539,-75.04766082763672,-500.1962585449219,-375.4562683105469,,,,,,,,,,,,,,,,,,,,,,,,,,,,,,,,,,,,,,,,,,,,,,,,,,,,,,,,,,,
1.7758752986083215e+18,,,,,,,,,,,,,,,,,,,,,,,,,,,,,,,,,,,,,,,,,,,,,,,,,,0.0,0.0,0.0,,,,,,,,,,,,,,,,,,,,,,,
1.7758752986086116e+18,,,,,,,,,,,,,,,,,,,,,,,,,,,,,-215.71531677246094,-21.570873260498047,-21.571531295776367,-21.571531295776367,-21.571531295776367,-21.572189331054688,-180.36141967773438,,,,,,,,,,,,,,,,,,,,,,,,,,,,,,,,,,,,,,,,
1.775875298608668e+18,,,,,,,,,,,,,,,,,-287.5230712890625,-306.8417663574219,-309.6015625,-289.8229064941406,-272.1141357421875,-304.0819396972656,-296.7224426269531,-284.30328369140625,108.25556945800781,43.30222702026367,43.30222702026367,-298.2244567871094,,,,,,,,,,,,,,,,,,,,,,,,,,,,,,,,,,,,,,,,,,,,,,,
1.7758752986088517e+18,-374.9422302246094,-1248.5738525390625,-374.8785705566406,-75.01378631591797,-500.1730041503906,-375.3116149902344,-379.648681640625,-375.5625305175781,,,,,,,,,,,,,,,,,,,,,,,,,,,,,,,,,,,,,,,,,,,,,,,,,,,,,,,,,,,,,,,,,,,
1.7758752986088727e+18,,,,,,,,,-374.8180847167969,-1249.3780517578125,-374.597412109375,-74.96888732910156,-74.9992904663086,-75.0107421875,-500.2372741699219,-375.08721923828125,,,,,,,,,,,,,,,,,,,,,,,,,,,,,,,,,,,,,,,,,,,,,,,,,,,,,,,,,,,
1.7758752986096115e+18,,,,,,,,,,,,,,,,,,,,,,,,,,,,,-215.71531677246094,-21.571531295776367,-21.571531295776367,-21.570873260498047,-21.571531295776367,-21.571531295776367,-180.32858276367188,,,,,,,,,,,,,,,,,,,,,,,,,,,,,,,,,,,,,,,,
1.775875298609668e+18,,,,,,,,,,,,,,,,,-304.77191162109375,-288.2130432128906,-286.3731689453125,-318.8009338378906,-308.681640625,-303.3919982910156,-277.1737976074219,-280.16357421875,108.25556945800781,43.30222702026367,43.30222702026367,-299.14849853515625,,,,,,,,,,,,,,,,,,,,,,,,,,,,,,,,,,,,,,,,,,,,,,,
1.7758752986098516e+18,-374.6653137207031,-1249.599609375,-374.90936279296875,-75.03839111328125,-500.5010986328125,-375.2500915527344,-383.52716064453125,-375.4395446777344,,,,,,,,,,,,,,,,,,,,,,,,,,,,,,,,,,,,,,,,,,,,,,,,,,,,,,,,,,,,,,,,,,,
1.775875298609873e+18,,,,,,,,,-375.1253662109375,-1251.017822265625,-375.1508483886719,-75.01807403564453,-74.98699188232422,-74.98612976074219,-499.9911804199219,-374.6874084472656,,,,,,,,,,,,,,,,,,,,,,,,,,,,,,,,,,,,,,,,,,,,,,,,,,,,,,,,,,,
1.77587529861049e+18,,,,,,,,,,,,,,,,,,,,,,,,,,,,,,,,,,,,,,,,,,,,,,,,,,,,,0.0,0.0,0.0,0.0,0.0,0.0,0.0,0.0,0.0,0.0,0.0,0.0,0.0,0.0,0.0,0.0,0.0,0.0,0.0,0.0,0.0,0.0,0.0
1.7758752986106115e+18,,,,,,,,,,,,,,,,,,,,,,,,,,,,,-215.7218780517578,-21.571531295776367,-21.570873260498047,-21.571531295776367,-21.571531295776367,-21.572189331054688,-180.36141967773438,,,,,,,,,,,,,,,,,,,,,,,,,,,,,,,,,,,,,,,,
1.775875298610668e+18,,,,,,,,,,,,,,,,,-329.6101989746094,-298.79229736328125,-284.30328369140625,-321.7907409667969,-306.61175537109375,-282.46343994140625,-293.5026550292969,-328.23028564453125,108.25556945800781,43.30222702026367,43.30222702026367,-301.39703369140625,,,,,,,,,,,,,,,,,,,,,,,,,,,,,,,,,,,,,,,,,,,,,,,
1.7758752986108518e+18,-375.3730163574219,-1250.7279052734375,-375.4325866699219,-75.08145141601562,-500.3370361328125,-375.55780029296875,-383.52716064453125,-375.16278076171875,,,,,,,,,,,,,,,,,,,,,,,,,,,,,,,,,,,,,,,,,,,,,,,,,,,,,,,,,,,,,,,,,,,
1.7758752986108728e+18,,,,,,,,,-374.9717102050781,-1249.992919921875,-375.1816101074219,-75.01192474365234,-75.01773834228516,-75.01689910888672,-500.44232177734375,-375.2717590332031,,,,,,,,,,,,,,,,,,,,,,,,,,,,,,,,,,,,,,,,,,,,,,,,,,,,,,,,,,,
1.7758752986116116e+18,,,,,,,,,,,,,,,,,,,,,,,,,,,,,-215.71531677246094,-21.571531295776367,-21.571531295776367,-21.571531295776367,-21.571531295776367,-21.570873260498047,-180.34500122070312,,,,,,,,,,,,,,,,,,,,,,,,,,,,,,,,,,,,,,,,
1.7758752986116682e+18,,,,,,,,,,,,,,,,,-318.8009338378906,-333.7499084472656,-302.0120849609375,-288.2130432128906,-279.93359375,-311.9013977050781,-320.18084716796875,-311.4414367675781,108.25556945800781,43.30222702026367,43.30222702026367,-302.3056640625,,,,,,,,,,,,,,,,,,,,,,,,,,,,,,,,,,,,,,,,,,,,,,,
1.7758752986118518e+18,-375.24993896484375,-1250.7279052734375,-375.46337890625,-75.05068969726562,-500.3370361328125,-375.2193298339844,-373.12298583984375,-375.16278076171875,,,,,,,,,,,,,,,,,,,,,,,,,,,,,,,,,,,,,,,,,,,,,,,,,,,,,,,,,,,,,,,,,,,
1.7758752986118728e+18,,,,,,,,,-374.7566223144531,-1249.4805908203125,-374.8433837890625,-74.94429016113281,-74.95623779296875,-74.95536804199219,-499.4169921875,-374.6566467285156,,,,,,,,,,,,,,,,,,,,,,,,,,,,,,,,,,,,,,,,,,,,,,,,,,,,,,,,,,,
1.7758752986126116e+18,,,,,,,,,,,,,,,,,,,,,,,,,,,,,-215.71531677246094,-21.571531295776367,-21.571531295776367,-21.571531295776367,-21.571531295776367,-21.571531295776367,-180.2957305908203,,,,,,,,,,,,,,,,,,,,,,,,,,,,,,,,,,,,,,,,
1.7758752986126684e+18,,,,,,,,,,,,,,,,,-294.882568359375,-325.240478515625,-315.5811462402344,-297.41241455078125,-299.7122497558594,-321.5607604980469,-305.69183349609375,-291.8927917480469,108.25556945800781,43.30222702026367,43.30222702026367,-300.08795166015625,,,,,,,,,,,,,,,,,,,,,,,,,,,,,,,,,,,,,,,,,,,,,,,
1.7758752986128517e+18,-374.9422302246094,-1248.7789306640625,-374.6323547363281,-74.9645767211914,-499.80389404296875,-374.4193115234375,-365.8893127441406,-374.8860168457031,,,,,,,,,,,,,,,,,,,,,,,,,,,,,,,,,,,,,,,,,,,,,,,,,,,,,,,,,,,,,,,,,,,
1.775875298612873e+18,,,,,,,,,-375.3097229003906,-1250.3004150390625,-375.0278625488281,-74.99962615966797,-74.97468566894531,-74.94306182861328,-499.5400390625,-374.6874084472656,,,,,,,,,,,,,,,,,,,,,,,,,,,,,,,,,,,,,,,,,,,,,,,,,,,,,,,,,,,
1.7758752986136115e+18,,,,,,,,,,,,,,,,,,,,,,,,,,,,,-215.71531677246094,-21.571531295776367,-21.571531295776367,-21.571531295776367,-21.571531295776367,-21.571531295776367,-180.37783813476562,,,,,,,,,,,,,,,,,,,,,,,,,,,,,,,,,,,,,,,,
1.7758752986136684e+18,,,,,,,,,,,,,,,,,-290.97283935546875,-311.9013977050781,-330.3001403808594,-305.92181396484375,-311.2114562988281,-306.8417663574219,-275.10394287109375,-321.5607604980469,108.25556945800781,43.30222702026367,43.30222702026367,-300.8117980957031,,,,,,,,,,,,,,,,,,,,,,,,,,,,,,,,,,,,,,,,,,,,,,,
1.7758752986138516e+18,-374.7268371582031,-1248.6763916015625,-374.7247009277344,-74.9707260131836,-499.47576904296875,-374.7577819824219,-370.8143615722656,-374.82452392578125,,,,,,,,,,,,,,,,,,,,,,,,,,,,,,,,,,,,,,,,,,,,,,,,,,,,,,,,,,,,,,,,,,,
1.775875298613873e+18,,,,,,,,,-375.00244140625,-1249.275634765625,-374.8433837890625,-74.97503662109375,-74.94393920898438,-74.94921112060547,-499.5810546875,-374.7796936035156,,,,,,,,,,,,,,,,,,,,,,,,,,,,,,,,,,,,,,,,,,,,,,,,,,,,,,,,,,,
1.7758752986146115e+18,,,,,,,,,,,,,,,,,,,,,,,,,,,,,-215.71531677246094,-21.571531295776367,-21.571531295776367,-21.570873260498047,-21.570873260498047,-21.571531295776367,-180.39425659179688,,,,,,,,,,,,,,,,,,,,,,,,,,,,,,,,,,,,,,,,
1.7758752986146685e+18,,,,,,,,,,,,,,,,,-298.56231689453125,-323.1706237792969,-293.962646484375,-300.1722106933594,-311.9013977050781,-292.8127136230469,-291.66278076171875,-333.5199279785156,108.25556945800781,43.30222702026367,43.30222702026367,-299.287109375,,,,,,,,,,,,,,,,,,,,,,,,,,,,,,,,,,,,,,,,,,,,,,,
1.7758752986148518e+18,-374.6653137207031,-1249.086669921875,-374.8170166015625,-74.9522705078125,-499.9679260253906,-375.2500915527344,-374.2003479003906,-375.3165283203125,,,,,,,,,,,,,,,,,,,,,,,,,,,,,,,,,,,,,,,,,,,,,,,,,,,,,,,,,,,,,,,,,,,
1.7758752986148728e+18,,,,,,,,,-374.6951904296875,-1249.173095703125,-374.72039794921875,-74.97503662109375,-74.91934204101562,-74.9676742553711,-500.0321960449219,-374.9949645996094,,,,,,,,,,,,,,,,,,,,,,,,,,,,,,,,,,,,,,,,,,,,,,,,,,,,,,,,,,,
1.7758752986148826e+18,,,,,,,,,,,,,,,,,,,,,,,,,,,,,,,,,,,,2297.523681640625,21.963083267211914,2297.523681640625,2297.523681640625,2297.523681640625,2297.523681640625,2297.523681640625,24.5982608795166,2297.523681640625,2297.523681640625,2297.523681640625,2297.523681640625,2297.523681640625,2297.523681640625,,,,,,,,,,,,,,,,,,,,,,,,,,
1.775875298615495e+18,,,,,,,,,,,,,,,,,,,,,,,,,,,,,,,,,,,,,,,,,,,,,,,,,,0.0,0.0,0.0,,,,,,,,,,,,,,,,,,,,,,,
1.7758752986156116e+18,,,,,,,,,,,,,,,,,,,,,,,,,,,,,-215.71531677246094,-21.571531295776367,-21.571531295776367,-21.571531295776367,-21.571531295776367,-21.571531295776367,-180.4763641357422,,,,,,,,,,,,,,,,,,,,,,,,,,,,,,,,,,,,,,,,
1.7758752986156685e+18,,,,,,,,,,,,,,,,,-308.2216491699219,-314.6612243652344,-285.2232360839844,-308.4516296386719,-317.8810119628906,-291.43280029296875,-276.9438171386719,-314.4312438964844,108.25556945800781,43.30222702026367,43.30222702026367,-301.68963623046875,,,,,,,,,,,,,,,,,,,,,,,,,,,,,,,,,,,,,,,,,,,,,,,
1.7758752986158518e+18,-375.24993896484375,-1251.1383056640625,-375.001708984375,-74.9522705078125,-499.76287841796875,-374.7885437011719,-363.026611328125,-374.6092529296875,,,,,,,,,,,,,,,,,,,,,,,,,,,,,,,,,,,,,,,,,,,,,,,,,,,,,,,,,,,,,,,,,,,
1.775875298615873e+18,,,,,,,,,-375.15606689453125,-1251.017822265625,-375.3045959472656,-75.01192474365234,-75.03618621826172,-75.02920532226562,-499.9091491699219,-374.8104248046875,,,,,,,,,,,,,,,,,,,,,,,,,,,,,,,,,,,,,,,,,,,,,,,,,,,,,,,,,,,
1.7758752986166116e+18,,,,,,,,,,,,,,,,,,,,,,,,,,,,,-215.71531677246094,-21.571531295776367,-21.572189331054688,-21.571531295776367,-21.571531295776367,-21.571531295776367,-180.4435272216797,,,,,,,,,,,,,,,,,,,,,,,,,,,,,,,,,,,,,,,,
1.7758752986166687e+18,,,,,,,,,,,,,,,,,-284.30328369140625,-276.9438171386719,-306.38177490234375,-326.3904113769531,-290.51287841796875,-274.6439514160156,-264.294677734375,-308.2216491699219,108.25556945800781,43.30222702026367,43.30222702026367,-299.471923828125,,,,,,,,,,,,,,,,,,,,,,,,,,,,,,,,,,,,,,,,,,,,,,,
1.7758752986168517e+18,-375.1883850097656,-1250.1124267578125,-375.12481689453125,-74.95841979980469,-499.80389404296875,-374.880859375,-361.24127197265625,-374.76300048828125,,,,,,,,,,,,,,,,,,,,,,,,,,,,,,,,,,,,,,,,,,,,,,,,,,,,,,,,,,,,,,,,,,,
1.775875298616873e+18,,,,,,,,,-374.6644592285156,-1249.0706787109375,-374.7818908691406,-74.94429016113281,-74.9808349609375,-74.97998046875,-499.9911804199219,-375.2102355957031,,,,,,,,,,,,,,,,,,,,,,,,,,,,,,,,,,,,,,,,,,,,,,,,,,,,,,,,,,,
1.7758752986176115e+18,,,,,,,,,,,,,,,,,,,,,,,,,,,,,-215.71531677246094,-21.570873260498047,-21.570873260498047,-21.570873260498047,-21.570873260498047,-21.572189331054688,-180.45994567871094,,,,,,,,,,,,,,,,,,,,,,,,,,,,,,,,,,,,,,,,
1.7758752986176689e+18,,,,,,,,,,,,,,,,,-320.41082763671875,-290.74285888671875,-271.6541748046875,-295.112548828125,-301.5521240234375,-300.8621520996094,-268.66436767578125,-278.0937194824219,108.25556945800781,43.30222702026367,43.30222702026367,-299.271728515625,,,,,,,,,,,,,,,,,,,,,,,,,,,,,,,,,,,,,,,,,,,,,,,
1.7758752986178516e+18,-375.0960998535156,-1251.4459228515625,-375.3094787597656,-75.02608489990234,-500.3370361328125,-375.4039306640625,-378.78680419921875,-375.0397644042969,,,,,,,,,,,,,,,,,,,,,,,,,,,,,,,,,,,,,,,,,,,,,,,,,,,,,,,,,,,,,,,,,,,
1.775875298617873e+18,,,,,,,,,-375.217529296875,-1250.3004150390625,-375.3045959472656,-75.02422332763672,-75.01158905029297,-75.05996704101562,-500.4013366699219,-375.14874267578125,,,,,,,,,,,,,,,,,,,,,,,,,,,,,,,,,,,,,,,,,,,,,,,,,,,,,,,,,,,
1.7758752986183324e+18,,,,,,,,,,,,,,,,,,,,,,,,,,,,,,,,,,,,,,,,,,,,,,,,,,,,,0.0,0.0,0.0,0.0,0.0,0.0,0.0,0.0,0.0,0.0,0.0,0.0,0.0,0.0,0.0,0.0,0.0,0.0,0.0,0.0,0.0,0.0,0.0
1.7758752986186117e+18,,,,,,,,,,,,,,,,,,,,,,,,,,,,,-215.71531677246094,-21.571531295776367,-21.571531295776367,-21.571531295776367,-21.571531295776367,-21.572189331054688,-180.5092010498047,,,,,,,,,,,,,,,,,,,,,,,,,,,,,,,,,,,,,,,,
1.7758752986186688e+18,,,,,,,,,,,,,,,,,-289.3629455566406,-271.1941833496094,-291.20281982421875,-315.5811462402344,-274.4139709472656,-267.2844543457031,-286.1431579589844,-291.43280029296875,108.25556945800781,43.30222702026367,43.30222702026367,-299.4873352050781,,,,,,,,,,,,,,,,,,,,,,,,,,,,,,,,,,,,,,,,,,,,,,,
1.7758752986188518e+18,-375.1576232910156,-1251.651123046875,-375.40179443359375,-75.04454040527344,-500.6241455078125,-375.4962463378906,-381.0338439941406,-375.53179931640625,,,,,,,,,,,,,,,,,,,,,,,,,,,,,,,,,,,,,,,,,,,,,,,,,,,,,,,,,,,,,,,,,,,
1.775875298618873e+18,,,,,,,,,-375.00244140625,-1250.40283203125,-375.05859375,-75.00577545166016,-75.02388763427734,-74.9984359741211,-500.0321960449219,-375.17950439453125,,,,,,,,,,,,,,,,,,,,,,,,,,,,,,,,,,,,,,,,,,,,,,,,,,,,,,,,,,,
1.7758752986196116e+18,,,,,,,,,,,,,,,,,,,,,,,,,,,,,-215.71531677246094,-21.571531295776367,-21.572189331054688,-21.571531295776367,-21.571531295776367,-21.571531295776367,-180.49278259277344,,,,,,,,,,,,,,,,,,,,,,,,,,,,,,,,,,,,,,,,
1.775875298619669e+18,,,,,,,,,,,,,,,,,-299.02227783203125,-289.1329650878906,-271.6541748046875,-274.8739318847656,-287.0631103515625,-295.5725402832031,-275.79388427734375,-272.5740966796875,108.25556945800781,43.30222702026367,43.30222702026367,-297.91644287109375,,,,,,,,,,,,,,,,,,,,,,,,,,,,,,,,,,,,,,,,,,,,,,,
1.7758752986198518e+18,-374.7575988769531,-1249.1893310546875,-374.7862548828125,-74.9399642944336,-499.76287841796875,-374.4193115234375,-376.0780029296875,-374.978271484375,,,,,,,,,,,,,,,,,,,,,,,,,,,,,,,,,,,,,,,,,,,,,,,,,,,,,,,,,,,,,,,,,,,
1.775875298619873e+18,,,,,,,,,-375.06390380859375,-1250.50537109375,-375.0278625488281,-75.02422332763672,-75.05463409423828,-75.0230484008789,-500.44232177734375,-375.2409973144531,,,,,,,,,,,,,,,,,,,,,,,,,,,,,,,,,,,,,,,,,,,,,,,,,,,,,,,,,,,
1.7758752986206116e+18,,,,,,,,,,,,,,,,,,,,,,,,,,,,,-215.71531677246094,-21.570873260498047,-21.571531295776367,-21.571531295776367,-21.571531295776367,-21.570873260498047,-180.59130859375,,,,,,,,,,,,,,,,,,,,,,,,,,,,,,,,,,,,,,,,
1.7758752986206692e+18,,,,,,,,,,,,,,,,,-267.5144348144531,-301.5521240234375,-305.92181396484375,-274.6439514160156,-281.5434875488281,-287.5230712890625,-252.5654754638672,-291.20281982421875,108.25556945800781,43.30222702026367,43.30222702026367,-300.5345764160156,,,,,,,,,,,,,,,,,,,,,,,,,,,,,,,,,,,,,,,,,,,,,,,
1.7758752986208517e+18,-374.9114685058594,-1249.599609375,-375.2479248046875,-75.05068969726562,-500.5831298828125,-375.2808532714844,-372.2918701171875,-374.82452392578125,,,,,,,,,,,,,,,,,,,,,,,,,,,,,,,,,,,,,,,,,,,,,,,,,,,,,,,,,,,,,,,,,,,
1.775875298620873e+18,,,,,,,,,-374.7259216308594,-1249.992919921875,-375.1816101074219,-75.0365219116211,-75.01773834228516,-74.96151733398438,-499.6220397949219,-374.6874084472656,,,,,,,,,,,,,,,,,,,,,,,,,,,,,,,,,,,,,,,,,,,,,,,,,,,,,,,,,,,
1.7758752986216118e+18,,,,,,,,,,,,,,,,,,,,,,,,,,,,,-215.708740234375,-21.571531295776367,-21.571531295776367,-21.571531295776367,-21.571531295776367,-21.571531295776367,-180.5092010498047,,,,,,,,,,,,,,,,,,,,,,,,,,,,,,,,,,,,,,,,
1.775875298621669e+18,,,,,,,,,,,,,,,,,-270.5042419433594,-301.5521240234375,-267.74444580078125,-282.69342041015625,-276.48382568359375,-254.6353302001953,-287.0631103515625,-280.8535461425781,108.25556945800781,43.30222702026367,43.30222702026367,-299.3487243652344,,,,,,,,,,,,,,,,,,,,,,,,,,,,,,,,,,,,,,,,,,,,,,,
1.7758752986218516e+18,-375.31146240234375,-1251.2408447265625,-375.001708984375,-74.97687530517578,-499.9269104003906,-374.7885437011719,-365.4891357421875,-374.6092529296875,,,,,,,,,,,,,,,,,,,,,,,,,,,,,,,,,,,,,,,,,,,,,,,,,,,,,,,,,,,,,,,,,,,
1.7758752986218732e+18,,,,,,,,,-375.15606689453125,-1251.017822265625,-375.3045959472656,-75.01807403564453,-75.00543975830078,-75.00459289550781,-499.8271179199219,-374.62591552734375,,,,,,,,,,,,,,,,,,,,,,,,,,,,,,,,,,,,,,,,,,,,,,,,,,,,,,,,,,,
1.7758752986226117e+18,,,,,,,,,,,,,,,,,,,,,,,,,,,,,-215.71531677246094,-21.571531295776367,-21.571531295776367,-21.570873260498047,-21.570873260498047,-21.571531295776367,-180.45994567871094,,,,,,,,,,,,,,,,,,,,,,,,,,,,,,,,,,,,,,,,
1.7758752986226693e+18,,,,,,,,,,,,,,,,,-278.0937194824219,-308.681640625,-306.15179443359375,-279.24365234375,-267.5144348144531,-295.8025207519531,-272.3441162109375,-261.76483154296875,108.25556945800781,43.30222702026367,43.30222702026367,-297.37744140625,,,,,,,,,,,,,,,,,,,,,,,,,,,,,,,,,,,,,,,,,,,,,,,
1.7758752986228518e+18,-375.28070068359375,-1250.6253662109375,-375.494140625,-75.07530212402344,-500.2960205078125,-375.55780029296875,-380.87994384765625,-375.2242736816406,,,,,,,,,,,,,,,,,,,,,,,,,,,,,,,,,,,,,,,,,,,,,,,,,,,,,,,,,,,,,,,,,,,
1.775875298622873e+18,,,,,,,,,-374.9102783203125,-1249.7879638671875,-375.0278625488281,-74.96273803710938,-74.9808349609375,-74.98612976074219,-499.5400390625,-374.7796936035156,,,,,,,,,,,,,,,,,,,,,,,,,,,,,,,,,,,,,,,,,,,,,,,,,,,,,,,,,,,
1.7758752986232315e+18,,,,,,,,,,,,,,,,,,,,,,,,,,,,,,,,,,,,,,,,,,,,,,,,,,0.0,0.0,0.0,,,,,,,,,,,,,,,,,,,,,,,
1.7758752986236116e+18,,,,,,,,,,,,,,,,,,,,,,,,,,,,,-215.71531677246094,-21.572189331054688,-21.571531295776367,-21.571531295776367,-21.570873260498047,-21.571531295776367,-180.4763641357422,,,,,,,,,,,,,,,,,,,,,,,,,,,,,,,,,,,,,,,,
1.7758752986236692e+18,,,,,,,,,,,,,,,,,-312.82135009765625,-284.07330322265625,-276.25384521484375,-308.91162109375,-280.8535461425781,-260.84490966796875,-279.70361328125,-318.5709533691406,108.25556945800781,43.30222702026367,43.30222702026367,-299.1639099121094,,,,,,,,,,,,,,,,,,,,,,,,,,,,,,,,,,,,,,,,,,,,,,,
1.7758752986238518e+18,-375.28070068359375,-1250.6253662109375,-375.4325866699219,-75.07530212402344,-500.2550354003906,-375.4346923828125,-383.52716064453125,-375.0705261230469,,,,,,,,,,,,,,,,,,,,,,,,,,,,,,,,,,,,,,,,,,,,,,,,,,,,,,,,,,,,,,,,,,,
1.775875298623873e+18,,,,,,,,,-375.0331726074219,-1250.1978759765625,-375.08935546875,-75.04267120361328,-75.0484848022461,-75.0230484008789,-500.44232177734375,-375.425537109375,,,,,,,,,,,,,,,,,,,,,,,,,,,,,,,,,,,,,,,,,,,,,,,,,,,,,,,,,,,
1.7758752986246118e+18,,,,,,,,,,,,,,,,,,,,,,,,,,,,,-215.71531677246094,-21.571531295776367,-21.571531295776367,-21.571531295776367,-21.571531295776367,-21.571531295776367,-180.39425659179688,,,,,,,,,,,,,,,,,,,,,,,,,,,,,,,,,,,,,,,,
1.7758752986246694e+18,,,,,,,,,,,,,,,,,-292.8127136230469,-276.71380615234375,-272.1141357421875,-310.0615234375,-312.59136962890625,-284.5332946777344,-262.9147644042969,-295.5725402832031,108.25556945800781,43.30222702026367,43.30222702026367,-298.57867431640625,,,,,,,,,,,,,,,,,,,,,,,,,,,,,,,,,,,,,,,,,,,,,,,
1.7758752986248517e+18,-375.0345458984375,-1250.317626953125,-374.7862548828125,-74.97687530517578,-499.8858947753906,-374.5423889160156,-366.812744140625,-374.9167785644531,,,,,,,,,,,,,,,,,,,,,,,,,,,,,,,,,,,,,,,,,,,,,,,,,,,,,,,,,,,,,,,,,,,
1.7758752986248732e+18,,,,,,,,,-374.6644592285156,-1249.3780517578125,-374.6589050292969,-74.96273803710938,-74.96238708496094,-74.93690490722656,-499.6630554199219,-374.7489318847656,,,,,,,,,,,,,,,,,,,,,,,,,,,,,,,,,,,,,,,,,,,,,,,,,,,,,,,,,,,
1.7758752986256118e+18,,,,,,,,,,,,,,,,,,,,,,,,,,,,,-215.71531677246094,-21.571531295776367,-21.571531295776367,-21.571531295776367,-21.571531295776367,-21.572189331054688,-180.32858276367188,,,,,,,,,,,,,,,,,,,,,,,,,,,,,,,,,,,,,,,,
1.7758752986256294e+18,,,,,,,,,,,,,,,,,,,,,,,,,,,,,,,,,,,,,,,,,,,,,,,,,,,,,0.0,0.0,0.0,0.0,0.0,0.0,0.0,0.0,0.0,0.0,0.0,0.0,0.0,0.0,0.0,0.0,0.0,0.0,0.0,0.0,0.0,0.0,0.0
1.7758752986256696e+18,,,,,,,,,,,,,,,,,-310.7514953613281,-305.23187255859375,-288.4430236816406,-323.860595703125,-286.3731689453125,-305.69183349609375,-298.56231689453125,-276.25384521484375,108.25556945800781,43.30222702026367,43.30222702026367,-300.5807800292969,,,,,,,,,,,,,,,,,,,,,,,,,,,,,,,,,,,,,,,,,,,,,,,
1.7758752986258516e+18,-374.81915283203125,-1250.215087890625,-375.1863708496094,-75.07530212402344,-500.0909729003906,-374.66546630859375,-369.4599609375,-375.2242736816406,,,,,,,,,,,,,,,,,,,,,,,,,,,,,,,,,,,,,,,,,,,,,,,,,,,,,,,,,,,,,,,,,,,
1.7758752986258732e+18,,,,,,,,,-374.94097900390625,-1250.7103271484375,-375.2738342285156,-74.99962615966797,-74.96238708496094,-74.92459869384766,-499.9091491699219,-375.14874267578125,,,,,,,,,,,,,,,,,,,,,,,,,,,,,,,,,,,,,,,,,,,,,,,,,,,,,,,,,,,
1.7758752986266117e+18,,,,,,,,,,,,,,,,,,,,,,,,,,,,,-215.71531677246094,-21.571531295776367,-21.572189331054688,-21.571531295776367,-21.571531295776367,-21.572189331054688,-180.32858276367188,,,,,,,,,,,,,,,,,,,,,,,,,,,,,,,,,,,,,,,,
1.7758752986266696e+18,,,,,,,,,,,,,,,,,-282.92340087890625,-303.6219787597656,-322.9406433105469,-306.38177490234375,-274.6439514160156,-289.1329650878906,-311.6714172363281,-316.5010986328125,108.25556945800781,43.30222702026367,43.30222702026367,-299.8261413574219,,,,,,,,,,,,,,,,,,,,,,,,,,,,,,,,,,,,,,,,,,,,,,,
1.7758752986268516e+18,-374.84991455078125,-1248.5738525390625,-374.8478088378906,-74.99533081054688,-500.4600830078125,-375.5270080566406,-380.87994384765625,-375.47027587890625,,,,,,,,,,,,,,,,,,,,,,,,,,,,,,,,,,,,,,,,,,,,,,,,,,,,,,,,,,,,,,,,,,,
1.775875298626873e+18,,,,,,,,,-375.3097229003906,-1250.3004150390625,-375.2738342285156,-75.01807403564453,-75.02388763427734,-74.97382354736328,-499.8681335449219,-374.8104248046875,,,,,,,,,,,,,,,,,,,,,,,,,,,,,,,,,,,,,,,,,,,,,,,,,,,,,,,,,,,
1.7758752986273864e+18,,,,,,,,,,,,,,,,,,,,,,,,,,,,,,,,,,,,2297.5400390625,21.93909454345703,2297.5400390625,2297.5400390625,2297.5400390625,2297.5400390625,2297.5400390625,24.60086441040039,2297.5400390625,2297.5400390625,2297.5400390625,2297.5400390625,2297.5400390625,2297.5400390625,,,,,,,,,,,,,,,,,,,,,,,,,,
1.775875298627612e+18,,,,,,,,,,,,,,,,,,,,,,,,,,,,,-215.71531677246094,-21.571531295776367,-21.571531295776367,-21.572189331054688,-21.571531295776367,-21.571531295776367,-180.34500122070312,,,,,,,,,,,,,,,,,,,,,,,,,,,,,,,,,,,,,,,,
1.7758752986276698e+18,,,,,,,,,,,,,,,,,-311.4414367675781,-331.6800537109375,-292.1227722167969,-288.4430236816406,-312.59136962890625,-305.00189208984375,-281.3135070800781,-307.3017272949219,108.25556945800781,43.30222702026367,43.30222702026367,-301.0428161621094,,,,,,,,,,,,,,,,,,,,,,,,,,,,,,,,,,,,,,,,,,,,,,,
1.7758752986278515e+18,-375.1268615722656,-1249.9073486328125,-375.0940246582031,-75.03839111328125,-500.3370361328125,-375.2808532714844,-380.1719665527344,-375.53179931640625,,,,,,,,,,,,,,,,,,,,,,,,,,,,,,,,,,,,,,,,,,,,,,,,,,,,,,,,,,,,,,,,,,,
1.7758752986278733e+18,,,,,,,,,-374.7566223144531,-1249.5830078125,-374.6281433105469,-74.96273803710938,-74.98699188232422,-74.96151733398438,-499.8681335449219,-374.9949645996094,,,,,,,,,,,,,,,,,,,,,,,,,,,,,,,,,,,,,,,,,,,,,,,,,,,,,,,,,,,
1.7758752986286118e+18,,,,,,,,,,,,,,,,,,,,,,,,,,,,,-215.71531677246094,-21.570873260498047,-21.571531295776367,-21.571531295776367,-21.571531295776367,-21.572189331054688,-180.2957305908203,,,,,,,,,,,,,,,,,,,,,,,,,,,,,,,,,,,,,,,,
1.77587529862867e+18,,,,,,,,,,,,,,,,,-303.6219787597656,-289.5929260253906,-311.9013977050781,-318.8009338378906,-282.69342041015625,-303.1620178222656,-328.23028564453125,-311.6714172363281,108.25556945800781,43.30222702026367,43.30222702026367,-298.9945068359375,,,,,,,,,,,,,,,,,,,,,,,,,,,,,,,,,,,,,,,,,,,,,,,
1.7758752986288515e+18,-374.6960754394531,-1249.3944091796875,-374.8478088378906,-74.92766571044922,-499.72186279296875,-374.72698974609375,-362.1955261230469,-374.6707458496094,,,,,,,,,,,,,,,,,,,,,,,,,,,,,,,,,,,,,,,,,,,,,,,,,,,,,,,,,,,,,,,,,,,
1.7758752986288732e+18,,,,,,,,,-375.0946350097656,-1250.812744140625,-375.3045959472656,-75.01192474365234,-75.0484848022461,-75.04766082763672,-500.0732116699219,-375.2717590332031,,,,,,,,,,,,,,,,,,,,,,,,,,,,,,,,,,,,,,,,,,,,,,,,,,,,,,,,,,,
1.7758752986296118e+18,,,,,,,,,,,,,,,,,,,,,,,,,,,,,-215.708740234375,-21.571531295776367,-21.571531295776367,-21.571531295776367,-21.571531295776367,-21.571531295776367,-180.36141967773438,,,,,,,,,,,,,,,,,,,,,,,,,,,,,,,,,,,,,,,,
1.77587529862967e+18,,,,,,,,,,,,,,,,,-321.33074951171875,-314.4312438964844,-282.2334289550781,-308.681640625,-328.46026611328125,-302.7020263671875,-275.56390380859375,-308.91162109375,108.25556945800781,43.30222702026367,43.30222702026367,-301.4894104003906,,,,,,,,,,,,,,,,,,,,,,,,,,,,,,,,,,,,,,,,,,,,,,,
1.7758752986298514e+18,-374.7268371582031,-1249.086669921875,-374.7554626464844,-74.9338150024414,-499.72186279296875,-374.63470458984375,-362.1339416503906,-374.7322692871094,,,,,,,,,,,,,,,,,,,,,,,,,,,,,,,,,,,,,,,,,,,,,,,,,,,,,,,,,,,,,,,,,,,
1.7758752986298732e+18,,,,,,,,,-375.2482604980469,-1250.6077880859375,-375.05859375,-75.02422332763672,-75.01158905029297,-74.9984359741211,-499.8271179199219,-375.0257263183594,,,,,,,,,,,,,,,,,,,,,,,,,,,,,,,,,,,,,,,,,,,,,,,,,,,,,,,,,,,
1.775875298630199e+18,,,,,,,,,,,,,,,,,,,,,,,,,,,,,,,,,,,,,,,,,,,,,,,,,,0.0,0.0,0.0,,,,,,,,,,,,,,,,,,,,,,,
1.775875298630612e+18,,,,,,,,,,,,,,,,,,,,,,,,,,,,,-215.71531677246094,-21.571531295776367,-21.571531295776367,-21.571531295776367,-21.571531295776367,-21.571531295776367,-180.32858276367188,,,,,,,,,,,,,,,,,,,,,,,,,,,,,,,,,,,,,,,,
1.77587529863067e+18,,,,,,,,,,,,,,,,,-289.3629455566406,-318.1109924316406,-334.66986083984375,-303.1620178222656,-285.2232360839844,-318.1109924316406,-300.1722106933594,-282.92340087890625,108.25556945800781,43.30222702026367,43.30222702026367,-301.79742431640625,,,,,,,,,,,,,,,,,,,,,,,,,,,,,,,,,,,,,,,,,,,,,,,
1.7758752986308516e+18,-374.7575988769531,-1248.984130859375,-374.7554626464844,-74.98302459716797,-499.8858947753906,-375.15777587890625,-378.8483581542969,-375.53179931640625,,,,,,,,,,,,,,,,,,,,,,,,,,,,,,,,,,,,,,,,,,,,,,,,,,,,,,,,,,,,,,,,,,,
1.7758752986308733e+18,,,,,,,,,-374.94097900390625,-1249.173095703125,-374.597412109375,-74.96273803710938,-74.9808349609375,-74.97382354736328,-499.9501647949219,-375.08721923828125,,,,,,,,,,,,,,,,,,,,,,,,,,,,,,,,,,,,,,,,,,,,,,,,,,,,,,,,,,,
1.775875298631612e+18,,,,,,,,,,,,,,,,,,,,,,,,,,,,,-215.71531677246094,-21.570873260498047,-21.571531295776367,-21.571531295776367,-21.571531295776367,-21.571531295776367,-180.36141967773438,,,,,,,,,,,,,,,,,,,,,,,,,,,,,,,,,,,,,,,,
1.77587529863167e+18,,,,,,,,,,,,,,,,,-322.0207214355469,-297.87237548828125,-276.02386474609375,-316.9610595703125,-321.5607604980469,-295.342529296875,-276.48382568359375,-312.82135009765625,108.25556945800781,43.30222702026367,43.30222702026367,-302.2132568359375,,,,,,,,,,,,,,,,,,,,,,,,,,,,,,,,,,,,,,,,,,,,,,,
1.7758752986318515e+18,-375.28070068359375,-1251.2408447265625,-375.2479248046875,-75.08760070800781,-500.5421142578125,-375.2500915527344,-383.52716064453125,-375.2550354003906,,,,,,,,,,,,,,,,,,,,,,,,,,,,,,,,,,,,,,,,,,,,,,,,,,,,,,,,,,,,,,,,,,,
1.7758752986318733e+18,,,,,,,,,-375.15606689453125,-1250.3004150390625,-375.08935546875,-75.01807403564453,-75.0484848022461,-75.04151153564453,-500.1552429199219,-375.425537109375,,,,,,,,,,,,,,,,,,,,,,,,,,,,,,,,,,,,,,,,,,,,,,,,,,,,,,,,,,,
1.775875298632612e+18,,,,,,,,,,,,,,,,,,,,,,,,,,,,,-215.71531677246094,-21.571531295776367,-21.571531295776367,-21.571531295776367,-21.571531295776367,-21.571531295776367,-180.39425659179688,,,,,,,,,,,,,,,,,,,,,,,,,,,,,,,,,,,,,,,,
1.7758752986326702e+18,,,,,,,,,,,,,,,,,-317.6510009765625,-284.30328369140625,-309.6015625,-287.5230712890625,-300.4021911621094,-303.1620178222656,-293.5026550292969,-320.18084716796875,108.25556945800781,43.30222702026367,43.30222702026367,-302.0900573730469,,,,,,,,,,,,,,,,,,,,,,,,,,,,,,,,,,,,,,,,,,,,,,,
1.7758752986328515e+18,-374.84991455078125,-1249.9073486328125,-375.40179443359375,-75.03224182128906,-499.68084716796875,-375.0346984863281,-381.0338439941406,-375.4395446777344,,,,,,,,,,,,,,,,,,,,,,,,,,,,,,,,,,,,,,,,,,,,,,,,,,,,,,,,,,,,,,,,,,,
1.7758752986328732e+18,,,,,,,,,-374.7566223144531,-1250.812744140625,-375.05859375,-74.96888732910156,-74.93778991699219,-75.02920532226562,-500.1552429199219,-374.7489318847656,,,,,,,,,,,,,,,,,,,,,,,,,,,,,,,,,,,,,,,,,,,,,,,,,,,,,,,,,,,
1.775875298633399e+18,,,,,,,,,,,,,,,,,,,,,,,,,,,,,,,,,,,,,,,,,,,,,,,,,,,,,0.0,0.0,0.0,0.0,0.0,0.0,0.0,0.0,0.0,0.0,0.0,0.0,0.0,0.0,0.0,0.0,0.0,0.0,0.0,0.0,0.0,0.0,0.0
1.775875298633612e+18,,,,,,,,,,,,,,,,,,,,,,,,,,,,,-215.71531677246094,-21.570873260498047,-21.571531295776367,-21.571531295776367,-21.571531295776367,-21.571531295776367,-180.4763641357422,,,,,,,,,,,,,,,,,,,,,,,,,,,,,,,,,,,,,,,,
1.7758752986336704e+18,,,,,,,,,,,,,,,,,-294.192626953125,-315.3511657714844,-275.56390380859375,-283.84332275390625,-299.9422302246094,-280.6235656738281,-283.84332275390625,-323.1706237792969,108.25556945800781,43.30222702026367,43.30222702026367,-299.51812744140625,,,,,,,,,,,,,,,,,,,,,,,,,,,,,,,,,,,,,,,,,,,,,,,
1.7758752986338514e+18,-375.0345458984375,-1250.5228271484375,-374.7862548828125,-74.9707260131836,-499.80389404296875,-374.4500732421875,-367.95166015625,-374.5784912109375,,,,,,,,,,,,,,,,,,,,,,,,,,,,,,,,,,,,,,,,,,,,,,,,,,,,,,,,,,,,,,,,,,,
1.7758752986338734e+18,,,,,,,,,-374.6644592285156,-1249.5830078125,-374.72039794921875,-74.99962615966797,-74.9931411743164,-75.03535461425781,-500.3603210449219,-375.08721923828125,,,,,,,,,,,,,,,,,,,,,,,,,,,,,,,,,,,,,,,,,,,,,,,,,,,,,,,,,,,
1.7758752986346122e+18,,,,,,,,,,,,,,,,,,,,,,,,,,,,,-215.71531677246094,-21.571531295776367,-21.571531295776367,-21.571531295776367,-21.571531295776367,-21.571531295776367,-180.4763641357422,,,,,,,,,,,,,,,,,,,,,,,,,,,,,,,,,,,,,,,,
1.7758752986346703e+18,,,,,,,,,,,,,,,,,-319.2608947753906,-295.112548828125,-269.12432861328125,-293.5026550292969,-296.4924621582031,-285.4532165527344,-274.4139709472656,-306.38177490234375,108.25556945800781,43.30222702026367,43.30222702026367,-301.0736083984375,,,,,,,,,,,,,,,,,,,,,,,,,,,,,,,,,,,,,,,,,,,,,,,
1.7758752986348513e+18,-374.8807067871094,-1249.8046875,-374.7862548828125,-74.98918151855469,-500.0909729003906,-374.91162109375,-373.584716796875,-375.2857971191406,,,,,,,,,,,,,,,,,,,,,,,,,,,,,,,,,,,,,,,,,,,,,,,,,,,,,,,,,,,,,,,,,,,
1.7758752986348733e+18,,,,,,,,,-374.6644592285156,-1249.3780517578125,-374.7511291503906,-74.94429016113281,-74.95623779296875,-74.97382354736328,-499.5400390625,-374.8719482421875,,,,,,,,,,,,,,,,,,,,,,,,,,,,,,,,,,,,,,,,,,,,,,,,,,,,,,,,,,,
1.7758752986356122e+18,,,,,,,,,,,,,,,,,,,,,,,,,,,,,-215.71531677246094,-21.571531295776367,-21.571531295776367,-21.571531295776367,-21.571531295776367,-21.572189331054688,-180.525634765625,,,,,,,,,,,,,,,,,,,,,,,,,,,,,,,,,,,,,,,,
1.7758752986356705e+18,,,,,,,,,,,,,,,,,-282.0034484863281,-308.4516296386719,-276.25384521484375,-284.7632751464844,-288.9029846191406,-270.0442810058594,-281.0835266113281,-302.4720458984375,108.25556945800781,43.30222702026367,43.30222702026367,-298.8251037597656,,,,,,,,,,,,,,,,,,,,,,,,,,,,,,,,,,,,,,,,,,,,,,,
1.7758752986358513e+18,-374.8807067871094,-1250.0098876953125,-375.2479248046875,-75.03839111328125,-500.2960205078125,-374.8193054199219,-367.85931396484375,-374.8552551269531,,,,,,,,,,,,,,,,,,,,,,,,,,,,,,,,,,,,,,,,,,,,,,,,,,,,,,,,,,,,,,,,,,,
1.7758752986358733e+18,,,,,,,,,-374.8180847167969,-1250.3004150390625,-375.3353271484375,-75.04882049560547,-75.01158905029297,-74.94921112060547,-499.4580078125,-374.8411865234375,,,,,,,,,,,,,,,,,,,,,,,,,,,,,,,,,,,,,,,,,,,,,,,,,,,,,,,,,,,
1.7758752986366124e+18,,,,,,,,,,,,,,,,,,,,,,,,,,,,,-215.71531677246094,-21.571531295776367,-21.571531295776367,-21.571531295776367,-21.571531295776367,-21.572189331054688,-180.5092010498047,,,,,,,,,,,,,,,,,,,,,,,,,,,,,,,,,,,,,,,,
1.7758752986366705e+18,,,,,,,,,,,,,,,,,-295.342529296875,-293.732666015625,-277.4037780761719,-301.0921630859375,-258.7750549316406,-296.0325012207031,-266.3645324707031,-272.5740966796875,108.25556945800781,43.30222702026367,43.30222702026367,-298.6402893066406,,,,,,,,,,,,,,,,,,,,,,,,,,,,,,,,,,,,,,,,,,,,,,,
1.7758752986368512e+18,-375.0037841796875,-1249.2918701171875,-374.9401550292969,-75.03839111328125,-500.3370361328125,-375.4346923828125,-380.51055908203125,-375.53179931640625,,,,,,,,,,,,,,,,,,,,,,,,,,,,,,,,,,,,,,,,,,,,,,,,,,,,,,,,,,,,,,,,,,,
1.7758752986368735e+18,,,,,,,,,-374.6951904296875,-1249.3780517578125,-374.597412109375,-74.97503662109375,-74.9992904663086,-74.9984359741211,-500.2782897949219,-375.14874267578125,,,,,,,,,,,,,,,,,,,,,,,,,,,,,,,,,,,,,,,,,,,,,,,,,,,,,,,,,,,
1.7758752986371364e+18,,,,,,,,,,,,,,,,,,,,,,,,,,,,,,,,,,,,,,,,,,,,,,,,,,0.0,0.0,0.0,,,,,,,,,,,,,,,,,,,,,,,
1.7758752986376123e+18,,,,,,,,,,,,,,,,,,,,,,,,,,,,,-215.71531677246094,-21.571531295776367,-21.571531295776367,-21.570873260498047,-21.571531295776367,-21.571531295776367,-180.54205322265625,,,,,,,,,,,,,,,,,,,,,,,,,,,,,,,,,,,,,,,,
1.7758752986376707e+18,,,,,,,,,,,,,,,,,-277.6337585449219,-278.3236999511719,-295.342529296875,-265.9045715332031,-283.61334228515625,-280.8535461425781,-253.48541259765625,-294.192626953125,108.25556945800781,43.30222702026367,43.30222702026367,-298.7326965332031,,,,,,,,,,,,,,,,,,,,,,,,,,,,,,,,,,,,,,,,,,,,,,,
1.7758752986378514e+18,-374.78839111328125,-1249.3944091796875,-374.7862548828125,-74.99533081054688,-500.2550354003906,-375.18853759765625,-375.7086486816406,-375.2242736816406,,,,,,,,,,,,,,,,,,,,,,,,,,,,,,,,,,,,,,,,,,,,,,,,,,,,,,,,,,,,,,,,,,,
1.7758752986378734e+18,,,,,,,,,-374.63372802734375,-1249.173095703125,-374.7818908691406,-74.93814086914062,-74.96238708496094,-74.97382354736328,-499.6630554199219,-374.8719482421875,,,,,,,,,,,,,,,,,,,,,,,,,,,,,,,,,,,,,,,,,,,,,,,,,,,,,,,,,,,
1.7758752986386125e+18,,,,,,,,,,,,,,,,,,,,,,,,,,,,,-215.71531677246094,-21.571531295776367,-21.571531295776367,-21.571531295776367,-21.571531295776367,-21.571531295776367,-180.49278259277344,,,,,,,,,,,,,,,,,,,,,,,,,,,,,,,,,,,,,,,,
1.7758752986386708e+18,,,,,,,,,,,,,,,,,-263.6047058105469,-296.9524230957031,-306.8417663574219,-282.69342041015625,-259.4649963378906,-283.38336181640625,-290.51287841796875,-288.4430236816406,108.25556945800781,43.30222702026367,43.30222702026367,-298.76348876953125,,,,,,,,,,,,,,,,,,,,,,,,,,,,,,,,,,,,,,,,,,,,,,,
1.7758752986388513e+18,-375.0037841796875,-1250.317626953125,-374.9709167480469,-74.99533081054688,-500.1730041503906,-374.91162109375,-370.568115234375,-375.0705261230469,,,,,,,,,,,,,,,,,,,,,,,,,,,,,,,,,,,,,,,,,,,,,,,,,,,,,,,,,,,,,,,,,,,
1.7758752986388733e+18,,,,,,,,,-374.5415344238281,-1249.3780517578125,-374.7818908691406,-74.94429016113281,-74.95008850097656,-74.95536804199219,-499.4990234375,-374.6874084472656,,,,,,,,,,,,,,,,,,,,,,,,,,,,,,,,,,,,,,,,,,,,,,,,,,,,,,,,,,,
1.7758752986396124e+18,,,,,,,,,,,,,,,,,,,,,,,,,,,,,-215.71531677246094,-21.571531295776367,-21.571531295776367,-21.571531295776367,-21.571531295776367,-21.571531295776367,-180.49278259277344,,,,,,,,,,,,,,,,,,,,,,,,,,,,,,,,,,,,,,,,
1.7758752986396708e+18,,,,,,,,,,,,,,,,,-268.43438720703125,-265.674560546875,-299.4822692871094,-287.9830322265625,-275.33392333984375,-304.5419006347656,-276.9438171386719,-269.35430908203125,108.25556945800781,43.30222702026367,43.30222702026367,-300.3189697265625,,,,,,,,,,,,,,,,,,,,,,,,,,,,,,,,,,,,,,,,,,,,,,,
1.7758752986398513e+18,-375.28070068359375,-1250.5228271484375,-375.494140625,-75.08145141601562,-500.3370361328125,-375.55780029296875,-383.52716064453125,-375.13201904296875,,,,,,,,,,,,,,,,,,,,,,,,,,,,,,,,,,,,,,,,,,,,,,,,,,,,,,,,,,,,,,,,,,,
1.7758752986398735e+18,,,,,,,,,-374.9717102050781,-1249.992919921875,-375.1200866699219,-75.02422332763672,-75.02388763427734,-75.01689910888672,-500.44232177734375,-375.364013671875,,,,,,,,,,,,,,,,,,,,,,,,,,,,,,,,,,,,,,,,,,,,,,,,,,,,,,,,,,,
1.77587529863989e+18,,,,,,,,,,,,,,,,,,,,,,,,,,,,,,,,,,,,2297.56103515625,22.087854385375977,2297.56103515625,2297.56103515625,2297.56103515625,2297.56103515625,2297.56103515625,24.704740524291992,2297.56103515625,2297.56103515625,2297.56103515625,2297.56103515625,2297.56103515625,2297.56103515625,,,,,,,,,,,,,,,,,,,,,,,,,,
1.7758752986406126e+18,,,,,,,,,,,,,,,,,,,,,,,,,,,,,-215.71531677246094,-21.571531295776367,-21.571531295776367,-21.570873260498047,-21.571531295776367,-21.572189331054688,-180.4763641357422,,,,,,,,,,,,,,,,,,,,,,,,,,,,,,,,,,,,,,,,
1.775875298640671e+18,,,,,,,,,,,,,,,,,-277.6337585449219,-299.02227783203125,-279.93359375,-273.9540100097656,-299.02227783203125,-296.7224426269531,-272.8040771484375,-305.92181396484375,108.25556945800781,43.30222702026367,43.30222702026367,-300.2265625,,,,,,,,,,,,,,,,,,,,,,,,,,,,,,,,,,,,,,,,,,,,,,,
1.7758752986408512e+18,-375.24993896484375,-1250.215087890625,-374.7862548828125,-74.98918151855469,-499.8448791503906,-374.7577819824219,-361.7030029296875,-374.7015075683594,,,,,,,,,,,,,,,,,,,,,,,,,,,,,,,,,,,,,,,,,,,,,,,,,,,,,,,,,,,,,,,,,,,
1.7758752986408735e+18,,,,,,,,,-375.4326171875,-1250.915283203125,-375.08935546875,-74.9873275756836,-75.01158905029297,-74.98612976074219,-499.4990234375,-374.59515380859375,,,,,,,,,,,,,,,,,,,,,,,,,,,,,,,,,,,,,,,,,,,,,,,,,,,,,,,,,,,
1.775875298641337e+18,,,,,,,,,,,,,,,,,,,,,,,,,,,,,,,,,,,,,,,,,,,,,,,,,,,,,0.0,0.0,0.0,0.0,0.0,0.0,0.0,0.0,0.0,0.0,0.0,0.0,0.0,0.0,0.0,0.0,0.0,0.0,0.0,0.0,0.0,0.0,0.0
1.7758752986416125e+18,,,,,,,,,,,,,,,,,,,,,,,,,,,,,-215.71531677246094,-21.571531295776367,-21.570873260498047,-21.572189331054688,-21.571531295776367,-21.571531295776367,-180.37783813476562,,,,,,,,,,,,,,,,,,,,,,,,,,,,,,,,,,,,,,,,
1.7758752986416712e+18,,,,,,,,,,,,,,,,,-278.0937194824219,-289.8229064941406,-302.4720458984375,-278.3236999511719,-276.48382568359375,-309.6015625,-290.74285888671875,-280.6235656738281,108.25556945800781,43.30222702026367,43.30222702026367,-298.1474609375,,,,,,,,,,,,,,,,,,,,,,,,,,,,,,,,,,,,,,,,,,,,,,,
1.7758752986418511e+18,-374.6960754394531,-1250.0098876953125,-374.90936279296875,-74.95841979980469,-499.8858947753906,-374.880859375,-364.04241943359375,-374.6092529296875,,,,,,,,,,,,,,,,,,,,,,,,,,,,,,,,,,,,,,,,,,,,,,,,,,,,,,,,,,,,,,,,,,,
1.7758752986418734e+18,,,,,,,,,-375.1253662109375,-1251.017822265625,-375.3660888671875,-75.01192474365234,-75.0484848022461,-75.02920532226562,-499.9911804199219,-375.0257263183594,,,,,,,,,,,,,,,,,,,,,,,,,,,,,,,,,,,,,,,,,,,,,,,,,,,,,,,,,,,
1.7758752986426127e+18,,,,,,,,,,,,,,,,,,,,,,,,,,,,,-215.71531677246094,-21.571531295776367,-21.572189331054688,-21.571531295776367,-21.570873260498047,-21.572189331054688,-180.36141967773438,,,,,,,,,,,,,,,,,,,,,,,,,,,,,,,,,,,,,,,,
1.775875298642671e+18,,,,,,,,,,,,,,,,,-281.0835266113281,-304.5419006347656,-304.5419006347656,-300.4021911621094,-280.16357421875,-289.1329650878906,-309.6015625,-306.61175537109375,108.25556945800781,43.30222702026367,43.30222702026367,-301.21221923828125,,,,,,,,,,,,,,,,,,,,,,,,,,,,,,,,,,,,,,,,,,,,,,,
1.775875298642851e+18,-375.0653076171875,-1249.7021484375,-375.001708984375,-75.01378631591797,-500.0089416503906,-375.0039367675781,-373.98486328125,-374.8860168457031,,,,,,,,,,,,,,,,,,,,,,,,,,,,,,,,,,,,,,,,,,,,,,,,,,,,,,,,,,,,,,,,,,,
1.7758752986428736e+18,,,,,,,,,-374.7259216308594,-1249.173095703125,-374.566650390625,-74.96273803710938,-74.96238708496094,-74.93690490722656,-499.5810546875,-374.7489318847656,,,,,,,,,,,,,,,,,,,,,,,,,,,,,,,,,,,,,,,,,,,,,,,,,,,,,,,,,,,
1.7758752986436127e+18,,,,,,,,,,,,,,,,,,,,,,,,,,,,,-215.71531677246094,-21.571531295776367,-21.570873260498047,-21.571531295776367,-21.571531295776367,-21.571531295776367,-180.32858276367188,,,,,,,,,,,,,,,,,,,,,,,,,,,,,,,,,,,,,,,,
1.7758752986436713e+18,,,,,,,,,,,,,,,,,-302.9320373535156,-318.5709533691406,-291.66278076171875,-334.2098693847656,-299.02227783203125,-292.8127136230469,-308.2216491699219,-282.0034484863281,108.25556945800781,43.30222702026367,43.30222702026367,-300.8117980957031,,,,,,,,,,,,,,,,,,,,,,,,,,,,,,,,,,,,,,,,,,,,,,,
1.775875298643851e+18,-374.7575988769531,-1248.47119140625,-374.9709167480469,-75.03224182128906,-500.5421142578125,-375.2193298339844,-371.6762390136719,-374.8552551269531,,,,,,,,,,,,,,,,,,,,,,,,,,,,,,,,,,,,,,,,,,,,,,,,,,,,,,,,,,,,,,,,,,,
1.7758752986438735e+18,,,,,,,,,-374.6951904296875,-1249.5830078125,-375.21234130859375,-75.0365219116211,-75.01773834228516,-75.00459289550781,-499.6220397949219,-374.7181701660156,,,,,,,,,,,,,,,,,,,,,,,,,,,,,,,,,,,,,,,,,,,,,,,,,,,,,,,,,,,
1.7758752986440653e+18,,,,,,,,,,,,,,,,,,,,,,,,,,,,,,,,,,,,,,,,,,,,,,,,,,0.0,0.0,0.0,,,,,,,,,,,,,,,,,,,,,,,
1.7758752986446129e+18,,,,,,,,,,,,,,,,,,,,,,,,,,,,,-215.71531677246094,-21.571531295776367,-21.571531295776367,-21.570873260498047,-21.571531295776367,-21.572189331054688,-180.34500122070312,,,,,,,,,,,,,,,,,,,,,,,,,,,,,,,,,,,,,,,,
1.7758752986446712e+18,,,,,,,,,,,,,,,,,-305.00189208984375,-279.24365234375,-311.9013977050781,-315.5811462402344,-293.962646484375,-324.780517578125,-298.79229736328125,-301.0921630859375,108.25556945800781,43.30222702026367,43.30222702026367,-300.9195861816406,,,,,,,,,,,,,,,,,,,,,,,,,,,,,,,,,,,,,,,,,,,,,,,
1.775875298644851e+18,-374.81915283203125,-1249.3944091796875,-374.69390869140625,-74.9399642944336,-499.63983154296875,-374.7577819824219,-362.257080078125,-374.7322692871094,,,,,,,,,,,,,,,,,,,,,,,,,,,,,,,,,,,,,,,,,,,,,,,,,,,,,,,,,,,,,,,,,,,
1.7758752986448735e+18,,,,,,,,,-375.27899169921875,-1250.50537109375,-374.9971008300781,-74.97503662109375,-75.01158905029297,-74.98612976074219,-499.9501647949219,-375.14874267578125,,,,,,,,,,,,,,,,,,,,,,,,,,,,,,,,,,,,,,,,,,,,,,,,,,,,,,,,,,,
1.7758752986456128e+18,,,,,,,,,,,,,,,,,,,,,,,,,,,,,-215.71531677246094,-21.571531295776367,-21.571531295776367,-21.571531295776367,-21.572189331054688,-21.571531295776367,-180.31214904785156,,,,,,,,,,,,,,,,,,,,,,,,,,,,,,,,,,,,,,,,
1.7758752986456714e+18,,,,,,,,,,,,,,,,,-282.0034484863281,-316.2711181640625,-305.00189208984375,-287.2930908203125,-315.5811462402344,-312.36138916015625,-291.8927917480469,-333.2899475097656,108.25556945800781,43.30222702026367,43.30222702026367,-299.841552734375,,,,,,,,,,,,,,,,,,,,,,,,,,,,,,,,,,,,,,,,,,,,,,,
1.7758752986458511e+18,-374.8807067871094,-1250.215087890625,-375.40179443359375,-75.02608489990234,-499.72186279296875,-374.4500732421875,-371.8609313964844,-375.2550354003906,,,,,,,,,,,,,,,,,,,,,,,,,,,,,,,,,,,,,,,,,,,,,,,,,,,,,,,,,,,,,,,,,,,
1.7758752986458737e+18,,,,,,,,,-374.84881591796875,-1250.40283203125,-375.3045959472656,-74.97503662109375,-74.95623779296875,-74.9922866821289,-500.44232177734375,-375.08721923828125,,,,,,,,,,,,,,,,,,,,,,,,,,,,,,,,,,,,,,,,,,,,,,,,,,,,,,,,,,,
1.775875298646613e+18,,,,,,,,,,,,,,,,,,,,,,,,,,,,,-215.708740234375,-21.571531295776367,-21.571531295776367,-21.571531295776367,-21.572189331054688,-21.571531295776367,-180.37783813476562,,,,,,,,,,,,,,,,,,,,,,,,,,,,,,,,,,,,,,,,
1.7758752986466716e+18,,,,,,,,,,,,,,,,,-288.4430236816406,-321.5607604980469,-287.2930908203125,-324.320556640625,-286.6031494140625,-307.7616882324219,-292.5827331542969,-292.3527526855469,108.25556945800781,43.30222702026367,43.30222702026367,-299.88775634765625,,,,,,,,,,,,,,,,,,,,,,,,,,,,,,,,,,,,,,,,,,,,,,,
1.775875298646851e+18,-374.84991455078125,-1250.317626953125,-375.46337890625,-75.07530212402344,-500.0089416503906,-374.7885437011719,-361.02581787109375,-375.1012878417969,,,,,,,,,,,,,,,,,,,,,,,,,,,,,,,,,,,,,,,,,,,,,,,,,,,,,,,,,,,,,,,,,,,
1.7758752986468736e+18,,,,,,,,,-374.7259216308594,-1250.40283203125,-375.1816101074219,-75.00577545166016,-74.96238708496094,-74.95536804199219,-500.0321960449219,-375.3025207519531,,,,,,,,,,,,,,,,,,,,,,,,,,,,,,,,,,,,,,,,,,,,,,,,,,,,,,,,,,,
1.775875298647613e+18,,,,,,,,,,,,,,,,,,,,,,,,,,,,,-215.71531677246094,-21.571531295776367,-21.571531295776367,-21.571531295776367,-21.570873260498047,-21.572189331054688,-180.36141967773438,,,,,,,,,,,,,,,,,,,,,,,,,,,,,,,,,,,,,,,,
1.7758752986476716e+18,,,,,,,,,,,,,,,,,-334.89984130859375,-304.0819396972656,-322.7106628417969,-314.2012634277344,-308.681640625,-310.29150390625,-285.2232360839844,-314.4312438964844,108.25556945800781,43.30222702026367,43.30222702026367,-300.1957702636719,,,,,,,,,,,,,,,,,,,,,,,,,,,,,,,,,,,,,,,,,,,,,,,
1.775875298647851e+18,-375.0653076171875,-1250.6253662109375,-375.2786865234375,-74.98302459716797,-499.72186279296875,-375.0346984863281,-380.78759765625,-375.50103759765625,,,,,,,,,,,,,,,,,,,,,,,,,,,,,,,,,,,,,,,,,,,,,,,,,,,,,,,,,,,,,,,,,,,
1.7758752986478735e+18,,,,,,,,,-375.27899169921875,-1250.915283203125,-374.9971008300781,-74.97503662109375,-74.95008850097656,-75.0107421875,-500.1962585449219,-375.2102355957031,,,,,,,,,,,,,,,,,,,,,,,,,,,,,,,,,,,,,,,,,,,,,,,,,,,,,,,,,,,
1.775875298648613e+18,,,,,,,,,,,,,,,,,,,,,,,,,,,,,-215.71531677246094,-21.571531295776367,-21.571531295776367,-21.570873260498047,-21.571531295776367,-21.571531295776367,-180.37783813476562,,,,,,,,,,,,,,,,,,,,,,,,,,,,,,,,,,,,,,,,
1.7758752986486717e+18,,,,,,,,,,,,,,,,,-293.2726745605469,-329.1502380371094,-296.9524230957031,-307.3017272949219,-311.4414367675781,-282.0034484863281,-302.7020263671875,-292.8127136230469,108.25556945800781,43.30222702026367,43.30222702026367,-300.981201171875,,,,,,,,,,,,,,,,,,,,,,,,,,,,,,,,,,,,,,,,,,,,,,,
1.7758752986487603e+18,,,,,,,,,,,,,,,,,,,,,,,,,,,,,,,,,,,,,,,,,,,,,,,,,,,,,0.0,0.0,0.0,0.0,0.0,0.0,0.0,0.0,0.0,0.0,0.0,0.0,0.0,0.0,0.0,0.0,0.0,0.0,0.0,0.0,0.0,0.0,0.0
1.775875298648851e+18,-374.6960754394531,-1249.2918701171875,-375.12481689453125,-75.08145141601562,-500.5421142578125,-375.18853759765625,-383.52716064453125,-374.8552551269531,,,,,,,,,,,,,,,,,,,,,,,,,,,,,,,,,,,,,,,,,,,,,,,,,,,,,,,,,,,,,,,,,,,
1.7758752986488737e+18,,,,,,,,,-374.7566223144531,-1249.173095703125,-375.05859375,-75.01807403564453,-75.06693267822266,-75.05381774902344,-500.0732116699219,-374.6566467285156,,,,,,,,,,,,,,,,,,,,,,,,,,,,,,,,,,,,,,,,,,,,,,,,,,,,,,,,,,,
1.775875298649613e+18,,,,,,,,,,,,,,,,,,,,,,,,,,,,,-215.71531677246094,-21.571531295776367,-21.572189331054688,-21.570873260498047,-21.571531295776367,-21.571531295776367,-180.45994567871094,,,,,,,,,,,,,,,,,,,,,,,,,,,,,,,,,,,,,,,,
1.7758752986496717e+18,,,,,,,,,,,,,,,,,-296.4924621582031,-273.4940490722656,-308.91162109375,-286.6031494140625,-298.33233642578125,-321.10076904296875,-282.92340087890625,-319.95086669921875,108.25556945800781,43.30222702026367,43.30222702026367,-299.1793212890625,,,,,,,,,,,,,,,,,,,,,,,,,,,,,,,,,,,,,,,,,,,,,,,
1.775875298649851e+18,-375.24993896484375,-1251.3433837890625,-375.2171325683594,-75.08145141601562,-500.3370361328125,-374.91162109375,-364.8427429199219,-374.5784912109375,,,,,,,,,,,,,,,,,,,,,,,,,,,,,,,,,,,,,,,,,,,,,,,,,,,,,,,,,,,,,,,,,,,
1.7758752986498737e+18,,,,,,,,,-375.1253662109375,-1250.40283203125,-375.3353271484375,-75.01807403564453,-75.0423355102539,-74.9984359741211,-499.8271179199219,-374.7181701660156,,,,,,,,,,,,,,,,,,,,,,,,,,,,,,,,,,,,,,,,,,,,,,,,,,,,,,,,,,,
1.775875298650613e+18,,,,,,,,,,,,,,,,,,,,,,,,,,,,,-215.71531677246094,-21.571531295776367,-21.571531295776367,-21.570873260498047,-21.571531295776367,-21.571531295776367,-180.49278259277344,,,,,,,,,,,,,,,,,,,,,,,,,,,,,,,,,,,,,,,,
1.7758752986506719e+18,,,,,,,,,,,,,,,,,-299.7122497558594,-320.41082763671875,-290.74285888671875,-276.48382568359375,-287.2930908203125,-306.38177490234375,-281.5434875488281,-283.61334228515625,108.25556945800781,43.30222702026367,43.30222702026367,-299.6259460449219,,,,,,,,,,,,,,,,,,,,,,,,,,,,,,,,,,,,,,,,,,,,,,,
1.7758752986508508e+18,-375.0345458984375,-1249.3944091796875,-375.001708984375,-75.03839111328125,-500.1319885253906,-375.18853759765625,-379.0330505371094,-375.2857971191406,,,,,,,,,,,,,,,,,,,,,,,,,,,,,,,,,,,,,,,,,,,,,,,,,,,,,,,,,,,,,,,,,,,
1.7758752986508736e+18,,,,,,,,,-374.7566223144531,-1249.3780517578125,-374.566650390625,-74.96888732910156,-74.96853637695312,-74.93690490722656,-499.7861022949219,-374.8411865234375,,,,,,,,,,,,,,,,,,,,,,,,,,,,,,,,,,,,,,,,,,,,,,,,,,,,,,,,,,,
1.7758752986509957e+18,,,,,,,,,,,,,,,,,,,,,,,,,,,,,,,,,,,,,,,,,,,,,,,,,,0.0,0.0,0.0,,,,,,,,,,,,,,,,,,,,,,,
1.7758752986516132e+18,,,,,,,,,,,,,,,,,,,,,,,,,,,,,-215.71531677246094,-21.571531295776367,-21.571531295776367,-21.572189331054688,-21.571531295776367,-21.571531295776367,-180.525634765625,,,,,,,,,,,,,,,,,,,,,,,,,,,,,,,,,,,,,,,,
1.775875298651672e+18,,,,,,,,,,,,,,,,,-266.3645324707031,-301.5521240234375,-300.1722106933594,-286.3731689453125,-303.6219787597656,-287.9830322265625,-261.76483154296875,-297.1824035644531,108.25556945800781,43.30222702026367,43.30222702026367,-301.7050476074219,,,,,,,,,,,,,,,,,,,,,,,,,,,,,,,,,,,,,,,,,,,,,,,
1.7758752986518508e+18,-375.21917724609375,-1250.7279052734375,-375.12481689453125,-75.04454040527344,-500.1319885253906,-375.2808532714844,-372.01483154296875,-375.0705261230469,,,,,,,,,,,,,,,,,,,,,,,,,,,,,,,,,,,,,,,,,,,,,,,,,,,,,,,,,,,,,,,,,,,
1.7758752986518738e+18,,,,,,,,,-374.8795471191406,-1249.0706787109375,-374.7511291503906,-74.97503662109375,-74.92549133300781,-74.94921112060547,-499.7450866699219,-374.53363037109375,,,,,,,,,,,,,,,,,,,,,,,,,,,,,,,,,,,,,,,,,,,,,,,,,,,,,,,,,,,
1.7758752986523935e+18,,,,,,,,,,,,,,,,,,,,,,,,,,,,,,,,,,,,2297.490966796875,22.07300567626953,2297.490966796875,2297.490966796875,2297.490966796875,2297.490966796875,2297.490966796875,24.576637268066406,2297.490966796875,2297.490966796875,2297.490966796875,2297.490966796875,2297.490966796875,2297.490966796875,,,,,,,,,,,,,,,,,,,,,,,,,,
1.775875298652613e+18,,,,,,,,,,,,,,,,,,,,,,,,,,,,,-215.708740234375,-21.571531295776367,-21.571531295776367,-21.571531295776367,-21.571531295776367,-21.570873260498047,-180.59130859375,,,,,,,,,,,,,,,,,,,,,,,,,,,,,,,,,,,,,,,,
1.775875298652672e+18,,,,,,,,,,,,,,,,,-294.652587890625,-299.2522888183594,-294.192626953125,-300.1722106933594,-261.53485107421875,-257.8551025390625,-248.65574645996094,-277.4037780761719,108.25556945800781,43.30222702026367,43.30222702026367,-301.59722900390625,,,,,,,,,,,,,,,,,,,,,,,,,,,,,,,,,,,,,,,,,,,,,,,
1.775875298652851e+18,-374.8807067871094,-1250.93310546875,-375.3094787597656,-75.05068969726562,-499.76287841796875,-374.72698974609375,-365.0581970214844,-375.3165283203125,,,,,,,,,,,,,,,,,,,,,,,,,,,,,,,,,,,,,,,,,,,,,,,,,,,,,,,,,,,,,,,,,,,
1.7758752986528737e+18,,,,,,,,,-375.06390380859375,-1249.5830078125,-374.72039794921875,-74.98118591308594,-75.0423355102539,-75.03535461425781,-500.3193054199219,-374.62591552734375,,,,,,,,,,,,,,,,,,,,,,,,,,,,,,,,,,,,,,,,,,,,,,,,,,,,,,,,,,,
1.7758752986536133e+18,,,,,,,,,,,,,,,,,,,,,,,,,,,,,-215.71531677246094,-21.571531295776367,-21.571531295776367,-21.571531295776367,-21.571531295776367,-21.571531295776367,-180.525634765625,,,,,,,,,,,,,,,,,,,,,,,,,,,,,,,,,,,,,,,,
1.7758752986536722e+18,,,,,,,,,,,,,,,,,-290.74285888671875,-269.35430908203125,-277.4037780761719,-313.28131103515625,-282.0034484863281,-258.5450744628906,-256.7052001953125,-291.8927917480469,108.25556945800781,43.30222702026367,43.30222702026367,-300.64239501953125,,,,,,,,,,,,,,,,,,,,,,,,,,,,,,,,,,,,,,,,,,,,,,,
1.775875298653851e+18,-375.1576232910156,-1251.1383056640625,-375.1863708496094,-75.08760070800781,-500.4600830078125,-375.3116149902344,-368.9982604980469,-374.978271484375,,,,,,,,,,,,,,,,,,,,,,,,,,,,,,,,,,,,,,,,,,,,,,,,,,,,,,,,,,,,,,,,,,,
1.7758752986538737e+18,,,,,,,,,-375.1867980957031,-1249.5830078125,-374.93560791015625,-74.9873275756836,-74.931640625,-74.95536804199219,-499.4580078125,-374.9334411621094,,,,,,,,,,,,,,,,,,,,,,,,,,,,,,,,,,,,,,,,,,,,,,,,,,,,,,,,,,,
1.7758752986546132e+18,,,,,,,,,,,,,,,,,,,,,,,,,,,,,-215.71531677246094,-21.571531295776367,-21.571531295776367,-21.571531295776367,-21.571531295776367,-21.572189331054688,-180.54205322265625,,,,,,,,,,,,,,,,,,,,,,,,,,,,,,,,,,,,,,,,
1.7758752986546724e+18,,,,,,,,,,,,,,,,,-295.8025207519531,-311.2114562988281,-274.6439514160156,-287.2930908203125,-296.9524230957031,-277.6337585449219,-241.75621032714844,-284.07330322265625,108.25556945800781,43.30222702026367,43.30222702026367,-300.4267883300781,,,,,,,,,,,,,,,,,,,,,,,,,,,,,,,,,,,,,,,,,,,,,,,
1.7758752986548508e+18,-375.1576232910156,-1250.7279052734375,-375.15557861328125,-75.03839111328125,-500.0909729003906,-375.0346984863281,-375.2776794433594,-374.9167785644531,,,,,,,,,,,,,,,,,,,,,,,,,,,,,,,,,,,,,,,,,,,,,,,,,,,,,,,,,,,,,,,,,,,
1.7758752986548739e+18,,,,,,,,,-374.7259216308594,-1249.5830078125,-374.597412109375,-74.96888732910156,-74.96238708496094,-74.94306182861328,-499.6220397949219,-374.6874084472656,,,,,,,,,,,,,,,,,,,,,,,,,,,,,,,,,,,,,,,,,,,,,,,,,,,,,,,,,,,
1.7758752986556134e+18,,,,,,,,,,,,,,,,,,,,,,,,,,,,,-215.71531677246094,-21.571531295776367,-21.571531295776367,-21.571531295776367,-21.571531295776367,-21.571531295776367,-180.4435272216797,,,,,,,,,,,,,,,,,,,,,,,,,,,,,,,,,,,,,,,,
1.7758752986556723e+18,,,,,,,,,,,,,,,,,-288.9029846191406,-308.4516296386719,-277.1737976074219,-306.38177490234375,-284.9932556152344,-267.2844543457031,-285.6831970214844,-268.43438720703125,108.25556945800781,43.30222702026367,43.30222702026367,-298.9790954589844,,,,,,,,,,,,,,,,,,,,,,,,,,,,,,,,,,,,,,,,,,,,,,,
1.7758752986558508e+18,-375.31146240234375,-1250.215087890625,-374.6323547363281,-74.9522705078125,-499.76287841796875,-374.7577819824219,-361.0873718261719,-375.009033203125,,,,,,,,,,,,,,,,,,,,,,,,,,,,,,,,,,,,,,,,,,,,,,,,,,,,,,,,,,,,,,,,,,,
1.7758752986558738e+18,,,,,,,,,-375.37115478515625,-1250.7103271484375,-375.0278625488281,-74.96888732910156,-74.96238708496094,-74.95536804199219,-499.7450866699219,-374.6874084472656,,,,,,,,,,,,,,,,,,,,,,,,,,,,,,,,,,,,,,,,,,,,,,,,,,,,,,,,,,,
1.7758752986566134e+18,,,,,,,,,,,,,,,,,,,,,,,,,,,,,-215.708740234375,-21.571531295776367,-21.571531295776367,-21.571531295776367,-21.571531295776367,-21.571531295776367,-180.45994567871094,,,,,,,,,,,,,,,,,,,,,,,,,,,,,,,,,,,,,,,,
1.7758752986566264e+18,,,,,,,,,,,,,,,,,,,,,,,,,,,,,,,,,,,,,,,,,,,,,,,,,,,,,0.0,0.0,0.0,0.0,0.0,0.0,0.0,0.0,0.0,0.0,0.0,0.0,0.0,0.0,0.0,0.0,0.0,0.0,0.0,0.0,0.0,0.0,0.0
1.7758752986566725e+18,,,,,,,,,,,,,,,,,-293.0426940917969,-315.1211853027344,-285.9131774902344,-267.74444580078125,-269.12432861328125,-301.0921630859375,-301.0921630859375,-277.6337585449219,108.25556945800781,43.30222702026367,43.30222702026367,-298.7943115234375,,,,,,,,,,,,,,,,,,,,,,,,,,,,,,,,,,,,,,,,,,,,,,,
1.7758752986568507e+18,-375.0037841796875,-1250.0098876953125,-375.1863708496094,-74.98918151855469,-499.9679260253906,-375.2193298339844,-367.2436828613281,-374.978271484375,,,,,,,,,,,,,,,,,,,,,,,,,,,,,,,,,,,,,,,,,,,,,,,,,,,,,,,,,,,,,,,,,,,
1.7758752986568737e+18,,,,,,,,,-374.7566223144531,-1248.76318359375,-374.72039794921875,-74.97503662109375,-74.931640625,-74.95536804199219,-499.6630554199219,-374.56439208984375,,,,,,,,,,,,,,,,,,,,,,,,,,,,,,,,,,,,,,,,,,,,,,,,,,,,,,,,,,,
1.7758752986576136e+18,,,,,,,,,,,,,,,,,,,,,,,,,,,,,-215.71531677246094,-21.571531295776367,-21.571531295776367,-21.571531295776367,-21.571531295776367,-21.571531295776367,-180.4435272216797,,,,,,,,,,,,,,,,,,,,,,,,,,,,,,,,,,,,,,,,
1.7758752986576724e+18,,,,,,,,,,,,,,,,,-289.8229064941406,-291.20281982421875,-266.3645324707031,-309.1416015625,-284.07330322265625,-284.07330322265625,-307.5317077636719,-285.2232360839844,108.25556945800781,43.30222702026367,43.30222702026367,-300.36517333984375,,,,,,,,,,,,,,,,,,,,,,,,,,,,,,,,,,,,,,,,,,,,,,,
1.7758752986578506e+18,-374.84991455078125,-1249.3944091796875,-374.90936279296875,-75.04454040527344,-500.2550354003906,-375.58856201171875,-383.52716064453125,-375.009033203125,,,,,,,,,,,,,,,,,,,,,,,,,,,,,,,,,,,,,,,,,,,,,,,,,,,,,,,,,,,,,,,,,,,
1.775875298657874e+18,,,,,,,,,-374.6029968261719,-1249.4805908203125,-375.05859375,-75.02422332763672,-75.0484848022461,-75.0230484008789,-500.3193054199219,-375.08721923828125,,,,,,,,,,,,,,,,,,,,,,,,,,,,,,,,,,,,,,,,,,,,,,,,,,,,,,,,,,,
1.7758752986579587e+18,,,,,,,,,,,,,,,,,,,,,,,,,,,,,,,,,,,,,,,,,,,,,,,,,,0.0,0.0,0.0,,,,,,,,,,,,,,,,,,,,,,,
1.7758752986586135e+18,,,,,,,,,,,,,,,,,,,,,,,,,,,,,-215.71531677246094,-21.571531295776367,-21.571531295776367,-21.571531295776367,-21.571531295776367,-21.571531295776367,-180.41067504882812,,,,,,,,,,,,,,,,,,,,,,,,,,,,,,,,,,,,,,,,
1.7758752986586726e+18,,,,,,,,,,,,,,,,,-277.1737976074219,-309.6015625,-280.3935546875,-286.3731689453125,-307.5317077636719,-281.7734680175781,-279.4736328125,-321.5607604980469,108.25556945800781,43.30222702026367,43.30222702026367,-298.8404846191406,,,,,,,,,,,,,,,,,,,,,,,,,,,,,,,,,,,,,,,,,,,,,,,
1.7758752986588506e+18,-374.84991455078125,-1249.4969482421875,-374.66314697265625,-74.9338150024414,-499.72186279296875,-374.8500671386719,-362.0723876953125,-374.947509765625,,,,,,,,,,,,,,,,,,,,,,,,,,,,,,,,,,,,,,,,,,,,,,,,,,,,,,,,,,,,,,,,,,,
1.7758752986588739e+18,,,,,,,,,-375.3097229003906,-1250.40283203125,-374.93560791015625,-74.950439453125,-74.94393920898438,-74.95536804199219,-499.7040710449219,-374.5028991699219,,,,,,,,,,,,,,,,,,,,,,,,,,,,,,,,,,,,,,,,,,,,,,,,,,,,,,,,,,,
1.7758752986596137e+18,,,,,,,,,,,,,,,,,,,,,,,,,,,,,-215.71531677246094,-21.571531295776367,-21.571531295776367,-21.571531295776367,-21.571531295776367,-21.572189331054688,-180.31214904785156,,,,,,,,,,,,,,,,,,,,,,,,,,,,,,,,,,,,,,,,
1.7758752986596728e+18,,,,,,,,,,,,,,,,,-307.3017272949219,-289.1329650878906,-296.7224426269531,-317.1910400390625,-283.84332275390625,-282.69342041015625,-302.0120849609375,-300.4021911621094,108.25556945800781,43.30222702026367,43.30222702026367,-299.4411315917969,,,,,,,,,,,,,,,,,,,,,,,,,,,,,,,,,,,,,,,,,,,,,,,
1.7758752986598505e+18,-374.9729919433594,-1248.984130859375,-374.7247009277344,-75.02608489990234,-500.5010986328125,-375.61932373046875,-381.7110595703125,-374.7015075683594,,,,,,,,,,,,,,,,,,,,,,,,,,,,,,,,,,,,,,,,,,,,,,,,,,,,,,,,,,,,,,,,,,,
1.7758752986598738e+18,,,,,,,,,-374.94097900390625,-1249.4805908203125,-374.72039794921875,-74.9873275756836,-75.01158905029297,-75.05381774902344,-500.2782897949219,-374.9027099609375,,,,,,,,,,,,,,,,,,,,,,,,,,,,,,,,,,,,,,,,,,,,,,,,,,,,,,,,,,,
1.7758752986606136e+18,,,,,,,,,,,,,,,,,,,,,,,,,,,,,-215.708740234375,-21.571531295776367,-21.570873260498047,-21.571531295776367,-21.570873260498047,-21.571531295776367,-180.34500122070312,,,,,,,,,,,,,,,,,,,,,,,,,,,,,,,,,,,,,,,,
1.7758752986606728e+18,,,,,,,,,,,,,,,,,-322.9406433105469,-302.0120849609375,-325.4704895019531,-302.7020263671875,-323.860595703125,-296.2624816894531,-316.5010986328125,-299.02227783203125,108.25556945800781,43.30222702026367,43.30222702026367,-300.2573547363281,,,,,,,,,,,,,,,,,,,,,,,,,,,,,,,,,,,,,,,,,,,,,,,
1.7758752986608507e+18,-375.21917724609375,-1251.4459228515625,-374.9709167480469,-74.97687530517578,-499.59881591796875,-375.12701416015625,-379.18695068359375,-375.47027587890625,,,,,,,,,,,,,,,,,,,,,,,,,,,,,,,,,,,,,,,,,,,,,,,,,,,,,,,,,,,,,,,,,,,
1.775875298660874e+18,,,,,,,,,-375.15606689453125,-1249.7879638671875,-374.7511291503906,-74.96273803710938,-74.9992904663086,-75.03535461425781,-500.3603210449219,-375.05645751953125,,,,,,,,,,,,,,,,,,,,,,,,,,,,,,,,,,,,,,,,,,,,,,,,,,,,,,,,,,,
1.7758752986616138e+18,,,,,,,,,,,,,,,,,,,,,,,,,,,,,-215.71531677246094,-21.570873260498047,-21.571531295776367,-21.571531295776367,-21.571531295776367,-21.571531295776367,-180.34500122070312,,,,,,,,,,,,,,,,,,,,,,,,,,,,,,,,,,,,,,,,
1.775875298661673e+18,,,,,,,,,,,,,,,,,-310.5215148925781,-325.010498046875,-289.5929260253906,-308.2216491699219,-312.82135009765625,-284.07330322265625,-299.9422302246094,-324.320556640625,108.25556945800781,43.30222702026367,43.30222702026367,-300.1649475097656,,,,,,,,,,,,,,,,,,,,,,,,,,,,,,,,,,,,,,,,,,,,,,,
1.7758752986618506e+18,-375.21917724609375,-1249.9073486328125,-374.7862548828125,-74.9707260131836,-499.68084716796875,-375.0654602050781,-379.0638427734375,-375.53179931640625,,,,,,,,,,,,,,,,,,,,,,,,,,,,,,,,,,,,,,,,,,,,,,,,,,,,,,,,,,,,,,,,,,,
1.775875298661874e+18,,,,,,,,,-375.1253662109375,-1249.5830078125,-374.68963623046875,-74.96888732910156,-74.98699188232422,-75.02920532226562,-500.3603210449219,-375.11798095703125,,,,,,,,,,,,,,,,,,,,,,,,,,,,,,,,,,,,,,,,,,,,,,,,,,,,,,,,,,,
1.7758752986626138e+18,,,,,,,,,,,,,,,,,,,,,,,,,,,,,-215.7218780517578,-21.571531295776367,-21.571531295776367,-21.571531295776367,-21.571531295776367,-21.571531295776367,-180.36141967773438,,,,,,,,,,,,,,,,,,,,,,,,,,,,,,,,,,,,,,,,
1.775875298662673e+18,,,,,,,,,,,,,,,,,-289.1329650878906,-327.54034423828125,-291.20281982421875,-325.7004699707031,-302.7020263671875,-307.3017272949219,-313.51129150390625,-299.9422302246094,108.25556945800781,43.30222702026367,43.30222702026367,-300.56536865234375,,,,,,,,,,,,,,,,,,,,,,,,,,,,,,,,,,,,,,,,,,,,,,,
1.7758752986628506e+18,-374.6653137207031,-1249.3944091796875,-375.1863708496094,-75.09375,-500.5421142578125,-375.12701416015625,-366.1971130371094,-374.5169982910156,,,,,,,,,,,,,,,,,,,,,,,,,,,,,,,,,,,,,,,,,,,,,,,,,,,,,,,,,,,,,,,,,,,
1.7758752986628739e+18,,,,,,,,,-374.8180847167969,-1249.3780517578125,-375.1200866699219,-75.01192474365234,-75.05463409423828,-74.98612976074219,-499.7040710449219,-374.8104248046875,,,,,,,,,,,,,,,,,,,,,,,,,,,,,,,,,,,,,,,,,,,,,,,,,,,,,,,,,,,
1.775875298663614e+18,,,,,,,,,,,,,,,,,,,,,,,,,,,,,-215.71531677246094,-21.571531295776367,-21.571531295776367,-21.571531295776367,-21.571531295776367,-21.571531295776367,-180.36141967773438,,,,,,,,,,,,,,,,,,,,,,,,,,,,,,,,,,,,,,,,
1.775875298663673e+18,,,,,,,,,,,,,,,,,-287.2930908203125,-328.23028564453125,-300.1722106933594,-318.3409729003906,-319.2608947753906,-299.7122497558594,-325.240478515625,-304.5419006347656,108.25556945800781,43.30222702026367,43.30222702026367,-300.8271789550781,,,,,,,,,,,,,,,,,,,,,,,,,,,,,,,,,,,,,,,,,,,,,,,
1.7758752986638505e+18,-374.9422302246094,-1249.4969482421875,-374.6015930175781,-74.99533081054688,-500.1730041503906,-375.65008544921875,-383.52716064453125,-375.0397644042969,,,,,,,,,,,,,,,,,,,,,,,,,,,,,,,,,,,,,,,,,,,,,,,,,,,,,,,,,,,,,,,,,,,
1.775875298663874e+18,,,,,,,,,-374.84881591796875,-1249.275634765625,-374.8126220703125,-75.00577545166016,-75.0423355102539,-75.0230484008789,-500.44232177734375,-375.11798095703125,,,,,,,,,,,,,,,,,,,,,,,,,,,,,,,,,,,,,,,,,,,,,,,,,,,,,,,,,,,
1.775875298664614e+18,,,,,,,,,,,,,,,,,,,,,,,,,,,,,-215.71531677246094,-21.571531295776367,-21.571531295776367,-21.571531295776367,-21.571531295776367,-21.571531295776367,-180.42710876464844,,,,,,,,,,,,,,,,,,,,,,,,,,,,,,,,,,,,,,,,
1.7758752986646733e+18,,,,,,,,,,,,,,,,,-303.3919982910156,-318.1109924316406,-287.5230712890625,-324.090576171875,-304.77191162109375,-296.4924621582031,-321.10076904296875,-300.1722106933594,108.25556945800781,43.30222702026367,43.30222702026367,-301.350830078125,,,,,,,,,,,,,,,,,,,,,,,,,,,,,,,,,,,,,,,,,,,,,,,
1.7758752986648504e+18,-375.28070068359375,-1250.0098876953125,-374.7862548828125,-74.9338150024414,-500.0089416503906,-375.18853759765625,-383.52716064453125,-375.0705261230469,,,,,,,,,,,,,,,,,,,,,,,,,,,,,,,,,,,,,,,,,,,,,,,,,,,,,,,,,,,,,,,,,,,
1.775875298664874e+18,,,,,,,,,-375.3097229003906,-1249.5830078125,-374.7818908691406,-74.9873275756836,-75.01158905029297,-75.04766082763672,-499.9911804199219,-374.7796936035156,,,,,,,,,,,,,,,,,,,,,,,,,,,,,,,,,,,,,,,,,,,,,,,,,,,,,,,,,,,
1.7758752986648753e+18,,,,,,,,,,,,,,,,,,,,,,,,,,,,,,,,,,,,,,,,,,,,,,,,,,0.0,0.0,0.0,,,,,,,,,,,,,,,,,,,,,,,
1.775875298664897e+18,,,,,,,,,,,,,,,,,,,,,,,,,,,,,,,,,,,,2297.48388671875,21.907894134521484,2297.48388671875,2297.48388671875,2297.48388671875,2297.48388671875,2297.48388671875,24.58888816833496,2297.48388671875,2297.48388671875,2297.48388671875,2297.48388671875,2297.48388671875,2297.48388671875,,,,,,,,,,,,,,,,,,,,,,,,,,
1.7758752986650916e+18,,,,,,,,,,,,,,,,,,,,,,,,,,,,,,,,,,,,,,,,,,,,,,,,,,,,,0.0,0.0,0.0,0.0,0.0,0.0,0.0,0.0,0.0,0.0,0.0,0.0,0.0,0.0,0.0,0.0,0.0,0.0,0.0,0.0,0.0,0.0,0.0
1.775875298665614e+18,,,,,,,,,,,,,,,,,,,,,,,,,,,,,-215.71531677246094,-21.571531295776367,-21.571531295776367,-21.571531295776367,-21.571531295776367,-21.571531295776367,-180.42710876464844,,,,,,,,,,,,,,,,,,,,,,,,,,,,,,,,,,,,,,,,
1.7758752986656732e+18,,,,,,,,,,,,,,,,,-296.7224426269531,-318.5709533691406,-284.30328369140625,-312.1313781738281,-324.090576171875,-288.9029846191406,-287.7530517578125,-317.4210205078125,108.25556945800781,43.30222702026367,43.30222702026367,-301.6588439941406,,,,,,,,,,,,,,,,,,,,,,,,,,,,,,,,,,,,,,,,,,,,,,,
1.7758752986658504e+18,-374.9422302246094,-1250.1124267578125,-375.0940246582031,-74.9522705078125,-499.8448791503906,-374.8193054199219,-361.21051025390625,-374.76300048828125,,,,,,,,,,,,,,,,,,,,,,,,,,,,,,,,,,,,,,,,,,,,,,,,,,,,,,,,,,,,,,,,,,,
1.775875298665874e+18,,,,,,,,,-374.63372802734375,-1248.9681396484375,-374.7818908691406,-74.950439453125,-74.98699188232422,-74.98612976074219,-499.7040710449219,-375.11798095703125,,,,,,,,,,,,,,,,,,,,,,,,,,,,,,,,,,,,,,,,,,,,,,,,,,,,,,,,,,,
1.775875298666614e+18,,,,,,,,,,,,,,,,,,,,,,,,,,,,,-215.71531677246094,-21.571531295776367,-21.572189331054688,-21.571531295776367,-21.571531295776367,-21.571531295776367,-180.4435272216797,,,,,,,,,,,,,,,,,,,,,,,,,,,,,,,,,,,,,,,,
1.7758752986666734e+18,,,,,,,,,,,,,,,,,-320.64080810546875,-294.882568359375,-284.30328369140625,-317.1910400390625,-286.1431579589844,-270.7342224121094,-296.7224426269531,-304.5419006347656,108.25556945800781,43.30222702026367,43.30222702026367,-299.0715026855469,,,,,,,,,,,,,,,,,,,,,,,,,,,,,,,,,,,,,,,,,,,,,,,
1.7758752986668503e+18,-375.31146240234375,-1251.1383056640625,-375.001708984375,-74.9522705078125,-499.59881591796875,-374.6039123535156,-371.4915466308594,-375.2550354003906,,,,,,,,,,,,,,,,,,,,,,,,,,,,,,,,,,,,,,,,,,,,,,,,,,,,,,,,,,,,,,,,,,,
1.775875298666874e+18,,,,,,,,,-375.1867980957031,-1251.017822265625,-375.21234130859375,-74.9873275756836,-74.96853637695312,-74.93690490722656,-499.7861022949219,-375.17950439453125,,,,,,,,,,,,,,,,,,,,,,,,,,,,,,,,,,,,,,,,,,,,,,,,,,,,,,,,,,,
1.7758752986676142e+18,,,,,,,,,,,,,,,,,,,,,,,,,,,,,-215.71531677246094,-21.571531295776367,-21.571531295776367,-21.571531295776367,-21.571531295776367,-21.571531295776367,-180.4763641357422,,,,,,,,,,,,,,,,,,,,,,,,,,,,,,,,,,,,,,,,
1.7758752986676736e+18,,,,,,,,,,,,,,,,,-302.7020263671875,-279.70361328125,-302.7020263671875,-301.5521240234375,-267.0544738769531,-294.652587890625,-302.2420654296875,-284.9932556152344,108.25556945800781,43.30222702026367,43.30222702026367,-298.71728515625,,,,,,,,,,,,,,,,,,,,,,,,,,,,,,,,,,,,,,,,,,,,,,,
1.7758752986678505e+18,-374.6653137207031,-1249.3944091796875,-374.8170166015625,-74.94612121582031,-499.51678466796875,-374.66546630859375,-364.22711181640625,-374.5784912109375,,,,,,,,,,,,,,,,,,,,,,,,,,,,,,,,,,,,,,,,,,,,,,,,,,,,,,,,,,,,,,,,,,,
1.775875298667874e+18,,,,,,,,,-375.0946350097656,-1250.7103271484375,-375.1816101074219,-74.99962615966797,-74.9931411743164,-75.00459289550781,-499.9091491699219,-374.9334411621094,,,,,,,,,,,,,,,,,,,,,,,,,,,,,,,,,,,,,,,,,,,,,,,,,,,,,,,,,,,
1.7758752986686141e+18,,,,,,,,,,,,,,,,,,,,,,,,,,,,,-215.708740234375,-21.571531295776367,-21.570873260498047,-21.571531295776367,-21.571531295776367,-21.571531295776367,-180.4763641357422,,,,,,,,,,,,,,,,,,,,,,,,,,,,,,,,,,,,,,,,
1.7758752986686735e+18,,,,,,,,,,,,,,,,,-293.5026550292969,-307.3017272949219,-266.8244934082031,-301.5521240234375,-283.84332275390625,-259.2350158691406,-287.9830322265625,-289.1329650878906,108.25556945800781,43.30222702026367,43.30222702026367,-299.79534912109375,,,,,,,,,,,,,,,,,,,,,,,,,,,,,,,,,,,,,,,,,,,,,,,
1.7758752986688504e+18,-374.78839111328125,-1248.7789306640625,-374.7554626464844,-75.00763702392578,-500.5421142578125,-375.55780029296875,-379.8641357421875,-374.7015075683594,,,,,,,,,,,,,,,,,,,,,,,,,,,,,,,,,,,,,,,,,,,,,,,,,,,,,,,,,,,,,,,,,,,
1.775875298668874e+18,,,,,,,,,-374.94097900390625,-1249.3780517578125,-374.72039794921875,-74.99962615966797,-75.01773834228516,-75.06611633300781,-500.0732116699219,-374.7489318847656,,,,,,,,,,,,,,,,,,,,,,,,,,,,,,,,,,,,,,,,,,,,,,,,,,,,,,,,,,,
1.7758752986696143e+18,,,,,,,,,,,,,,,,,,,,,,,,,,,,,-215.71531677246094,-21.571531295776367,-21.571531295776367,-21.571531295776367,-21.571531295776367,-21.571531295776367,-180.5584716796875,,,,,,,,,,,,,,,,,,,,,,,,,,,,,,,,,,,,,,,,
1.7758752986696737e+18,,,,,,,,,,,,,,,,,-289.5929260253906,-277.6337585449219,-301.7821044921875,-271.6541748046875,-290.05291748046875,-280.8535461425781,-249.8056640625,-302.4720458984375,108.25556945800781,43.30222702026367,43.30222702026367,-298.48626708984375,,,,,,,,,,,,,,,,,,,,,,,,,,,,,,,,,,,,,,,,,,,,,,,
1.7758752986698504e+18,-375.31146240234375,-1250.0098876953125,-374.8785705566406,-74.94612121582031,-500.2550354003906,-375.3116149902344,-383.52716064453125,-374.6400146484375,,,,,,,,,,,,,,,,,,,,,,,,,,,,,,,,,,,,,,,,,,,,,,,,,,,,,,,,,,,,,,,,,,,
1.7758752986698742e+18,,,,,,,,,-375.1253662109375,-1249.173095703125,-374.7511291503906,-75.01192474365234,-75.05463409423828,-75.04151153564453,-499.7861022949219,-374.7796936035156,,,,,,,,,,,,,,,,,,,,,,,,,,,,,,,,,,,,,,,,,,,,,,,,,,,,,,,,,,,
1.7758752986706143e+18,,,,,,,,,,,,,,,,,,,,,,,,,,,,,-215.71531677246094,-21.571531295776367,-21.571531295776367,-21.571531295776367,-21.571531295776367,-21.572189331054688,-180.5584716796875,,,,,,,,,,,,,,,,,,,,,,,,,,,,,,,,,,,,,,,,
1.7758752986706737e+18,,,,,,,,,,,,,,,,,-310.5215148925781,-282.0034484863281,-293.962646484375,-296.4924621582031,-260.38494873046875,-295.342529296875,-254.8653106689453,-277.6337585449219,108.25556945800781,43.30222702026367,43.30222702026367,-300.4267883300781,,,,,,,,,,,,,,,,,,,,,,,,,,,,,,,,,,,,,,,,,,,,,,,
1.7758752986708503e+18,-375.1268615722656,-1251.4459228515625,-375.37103271484375,-75.03839111328125,-499.68084716796875,-374.63470458984375,-366.2586975097656,-374.8860168457031,,,,,,,,,,,,,,,,,,,,,,,,,,,,,,,,,,,,,,,,,,,,,,,,,,,,,,,,,,,,,,,,,,,
1.775875298670874e+18,,,,,,,,,-375.0331726074219,-1250.1978759765625,-375.3660888671875,-75.04267120361328,-74.9992904663086,-74.95536804199219,-499.4169921875,-374.8104248046875,,,,,,,,,,,,,,,,,,,,,,,,,,,,,,,,,,,,,,,,,,,,,,,,,,,,,,,,,,,
1.7758752986716142e+18,,,,,,,,,,,,,,,,,,,,,,,,,,,,,-215.71531677246094,-21.571531295776367,-21.571531295776367,-21.570873260498047,-21.571531295776367,-21.572189331054688,-180.525634765625,,,,,,,,,,,,,,,,,,,,,,,,,,,,,,,,,,,,,,,,
1.7758752986716739e+18,,,,,,,,,,,,,,,,,-263.1447448730469,-295.8025207519531,-269.12432861328125,-292.5827331542969,-275.33392333984375,-271.6541748046875,-276.02386474609375,-274.6439514160156,108.25556945800781,43.30222702026367,43.30222702026367,-297.6546325683594,,,,,,,,,,,,,,,,,,,,,,,,,,,,,,,,,,,,,,,,,,,,,,,
1.7758752986717965e+18,,,,,,,,,,,,,,,,,,,,,,,,,,,,,,,,,,,,,,,,,,,,,,,,,,0.0,0.0,0.0,,,,,,,,,,,,,,,,,,,,,,,
1.7758752986718502e+18,-375.31146240234375,-1249.9073486328125,-374.8478088378906,-75.00763702392578,-500.5421142578125,-375.0654602050781,-368.4749450683594,-375.1012878417969,,,,,,,,,,,,,,,,,,,,,,,,,,,,,,,,,,,,,,,,,,,,,,,,,,,,,,,,,,,,,,,,,,,
1.775875298671874e+18,,,,,,,,,-374.787353515625,-1248.76318359375,-374.93560791015625,-75.02422332763672,-74.96238708496094,-74.92459869384766,-499.9091491699219,-375.14874267578125,,,,,,,,,,,,,,,,,,,,,,,,,,,,,,,,,,,,,,,,,,,,,,,,,,,,,,,,,,,
1.7758752986723018e+18,,,,,,,,,,,,,,,,,,,,,,,,,,,,,,,,,,,,,,,,,,,,,,,,,,,,,0.0,0.0,0.0,0.0,0.0,0.0,0.0,0.0,0.0,0.0,0.0,0.0,0.0,0.0,0.0,0.0,0.0,0.0,0.0,0.0,0.0,0.0,0.0
1.7758752986726144e+18,,,,,,,,,,,,,,,,,,,,,,,,,,,,,-215.71531677246094,-21.570873260498047,-21.571531295776367,-21.571531295776367,-21.572189331054688,-21.571531295776367,-180.54205322265625,,,,,,,,,,,,,,,,,,,,,,,,,,,,,,,,,,,,,,,,
1.775875298672674e+18,,,,,,,,,,,,,,,,,-282.2334289550781,-293.732666015625,-295.112548828125,-264.984619140625,-284.7632751464844,-284.07330322265625,-253.0254364013672,-287.5230712890625,108.25556945800781,43.30222702026367,43.30222702026367,-300.0571594238281,,,,,,,,,,,,,,,,,,,,,,,,,,,,,,,,,,,,,,,,,,,,,,,
1.7758752986728502e+18,-375.1576232910156,-1251.4459228515625,-375.40179443359375,-75.03839111328125,-500.6241455078125,-375.4346923828125,-380.9722900390625,-375.47027587890625,,,,,,,,,,,,,,,,,,,,,,,,,,,,,,,,,,,,,,,,,,,,,,,,,,,,,,,,,,,,,,,,,,,
1.7758752986728742e+18,,,,,,,,,-374.94097900390625,-1250.3004150390625,-374.8741149902344,-74.9873275756836,-74.98699188232422,-74.96151733398438,-499.9091491699219,-375.0257263183594,,,,,,,,,,,,,,,,,,,,,,,,,,,,,,,,,,,,,,,,,,,,,,,,,,,,,,,,,,,
1.7758752986736143e+18,,,,,,,,,,,,,,,,,,,,,,,,,,,,,-215.708740234375,-21.571531295776367,-21.571531295776367,-21.571531295776367,-21.571531295776367,-21.572189331054688,-180.45994567871094,,,,,,,,,,,,,,,,,,,,,,,,,,,,,,,,,,,,,,,,
1.775875298673674e+18,,,,,,,,,,,,,,,,,-296.2624816894531,-315.5811462402344,-283.61334228515625,-284.9932556152344,-297.41241455078125,-274.1839904785156,-267.0544738769531,-300.4021911621094,108.25556945800781,43.30222702026367,43.30222702026367,-299.5027160644531,,,,,,,,,,,,,,,,,,,,,,,,,,,,,,,,,,,,,,,,,,,,,,,
1.77587529867385e+18,-375.0653076171875,-1250.317626953125,-375.0632629394531,-75.00148010253906,-499.72186279296875,-375.0039367675781,-373.584716796875,-374.7015075683594,,,,,,,,,,,,,,,,,,,,,,,,,,,,,,,,,,,,,,,,,,,,,,,,,,,,,,,,,,,,,,,,,,,
1.7758752986738742e+18,,,,,,,,,-375.3097229003906,-1250.40283203125,-375.3968200683594,-75.04267120361328,-75.03003692626953,-75.05996704101562,-500.3603210449219,-375.11798095703125,,,,,,,,,,,,,,,,,,,,,,,,,,,,,,,,,,,,,,,,,,,,,,,,,,,,,,,,,,,
1.7758752986746145e+18,,,,,,,,,,,,,,,,,,,,,,,,,,,,,-215.71531677246094,-21.571531295776367,-21.571531295776367,-21.571531295776367,-21.571531295776367,-21.571531295776367,-180.41067504882812,,,,,,,,,,,,,,,,,,,,,,,,,,,,,,,,,,,,,,,,
1.7758752986746742e+18,,,,,,,,,,,,,,,,,-273.7240295410156,-304.77191162109375,-270.5042419433594,-305.46185302734375,-280.16357421875,-289.8229064941406,-296.9524230957031,-283.84332275390625,108.25556945800781,43.30222702026367,43.30222702026367,-300.2881774902344,,,,,,,,,,,,,,,,,,,,,,,,,,,,,,,,,,,,,,,,,,,,,,,
1.77587529867485e+18,-375.0345458984375,-1249.3944091796875,-374.8478088378906,-74.97687530517578,-500.3370361328125,-375.2808532714844,-383.52716064453125,-374.76300048828125,,,,,,,,,,,,,,,,,,,,,,,,,,,,,,,,,,,,,,,,,,,,,,,,,,,,,,,,,,,,,,,,,,,
1.775875298674874e+18,,,,,,,,,-374.7259216308594,-1248.9681396484375,-374.8126220703125,-75.01192474365234,-75.06078338623047,-75.04766082763672,-499.9501647949219,-374.7796936035156,,,,,,,,,,,,,,,,,,,,,,,,,,,,,,,,,,,,,,,,,,,,,,,,,,,,,,,,,,,
1.7758752986756145e+18,,,,,,,,,,,,,,,,,,,,,,,,,,,,,-215.71531677246094,-21.571531295776367,-21.571531295776367,-21.571531295776367,-21.571531295776367,-21.571531295776367,-180.39425659179688,,,,,,,,,,,,,,,,,,,,,,,,,,,,,,,,,,,,,,,,
1.7758752986756744e+18,,,,,,,,,,,,,,,,,-300.4021911621094,-317.1910400390625,-292.5827331542969,-326.3904113769531,-286.8331298828125,-316.9610595703125,-286.3731689453125,-305.69183349609375,108.25556945800781,43.30222702026367,43.30222702026367,-298.28607177734375,,,,,,,,,,,,,,,,,,,,,,,,,,,,,,,,,,,,,,,,,,,,,,,
1.7758752986758502e+18,-375.3422546386719,-1250.6253662109375,-374.8478088378906,-74.9645767211914,-499.59881591796875,-374.97314453125,-377.77099609375,-375.53179931640625,,,,,,,,,,,,,,,,,,,,,,,,,,,,,,,,,,,,,,,,,,,,,,,,,,,,,,,,,,,,,,,,,,,
1.7758752986758743e+18,,,,,,,,,-375.1867980957031,-1249.8905029296875,-374.72039794921875,-74.96273803710938,-74.9808349609375,-75.0107421875,-500.4013366699219,-375.17950439453125,,,,,,,,,,,,,,,,,,,,,,,,,,,,,,,,,,,,,,,,,,,,,,,,,,,,,,,,,,,
1.7758752986766147e+18,,,,,,,,,,,,,,,,,,,,,,,,,,,,,-215.708740234375,-21.570873260498047,-21.571531295776367,-21.571531295776367,-21.571531295776367,-21.571531295776367,-180.31214904785156,,,,,,,,,,,,,,,,,,,,,,,,,,,,,,,,,,,,,,,,
1.7758752986766743e+18,,,,,,,,,,,,,,,,,-310.5215148925781,-298.56231689453125,-327.77032470703125,-299.4822692871094,-302.4720458984375,-304.77191162109375,-273.9540100097656,-312.59136962890625,108.25556945800781,43.30222702026367,43.30222702026367,-298.532470703125,,,,,,,,,,,,,,,,,,,,,,,,,,,,,,,,,,,,,,,,,,,,,,,
1.7758752986768502e+18,-374.81915283203125,-1249.3944091796875,-375.0632629394531,-75.07530212402344,-500.1730041503906,-374.63470458984375,-361.2720642089844,-374.947509765625,,,,,,,,,,,,,,,,,,,,,,,,,,,,,,,,,,,,,,,,,,,,,,,,,,,,,,,,,,,,,,,,,,,
1.7758752986768742e+18,,,,,,,,,-374.572265625,-1249.3780517578125,-375.05859375,-75.04267120361328,-74.9931411743164,-74.94921112060547,-499.9091491699219,-375.11798095703125,,,,,,,,,,,,,,,,,,,,,,,,,,,,,,,,,,,,,,,,,,,,,,,,,,,,,,,,,,,
1.7758752986773978e+18,,,,,,,,,,,,,,,,,,,,,,,,,,,,,,,,,,,,2297.461181640625,21.960243225097656,2297.461181640625,2297.461181640625,2297.461181640625,2297.461181640625,2297.461181640625,24.590120315551758,2297.461181640625,2297.461181640625,2297.461181640625,2297.461181640625,2297.461181640625,2297.461181640625,,,,,,,,,,,,,,,,,,,,,,,,,,
1.7758752986776146e+18,,,,,,,,,,,,,,,,,,,,,,,,,,,,,-215.708740234375,-21.571531295776367,-21.571531295776367,-21.571531295776367,-21.571531295776367,-21.571531295776367,-180.31214904785156,,,,,,,,,,,,,,,,,,,,,,,,,,,,,,,,,,,,,,,,
1.7758752986776745e+18,,,,,,,,,,,,,,,,,-332.5999755859375,-302.2420654296875,-328.46026611328125,-310.5215148925781,-305.69183349609375,-310.9814758300781,-292.1227722167969,-319.4908752441406,108.25556945800781,43.30222702026367,43.30222702026367,-300.5191650390625,,,,,,,,,,,,,,,,,,,,,,,,,,,,,,,,,,,,,,,,,,,,,,,
1.77587529867785e+18,-375.0037841796875,-1250.5228271484375,-375.46337890625,-75.08145141601562,-500.0499572753906,-374.5731506347656,-365.1505432128906,-374.7322692871094,,,,,,,,,,,,,,,,,,,,,,,,,,,,,,,,,,,,,,,,,,,,,,,,,,,,,,,,,,,,,,,,,,,
1.7758752986778742e+18,,,,,,,,,-374.8180847167969,-1250.1978759765625,-375.08935546875,-75.04267120361328,-75.03618621826172,-74.98612976074219,-499.5810546875,-374.5028991699219,,,,,,,,,,,,,,,,,,,,,,,,,,,,,,,,,,,,,,,,,,,,,,,,,,,,,,,,,,,
1.7758752986786148e+18,,,,,,,,,,,,,,,,,,,,,,,,,,,,,-215.71531677246094,-21.571531295776367,-21.571531295776367,-21.571531295776367,-21.571531295776367,-21.571531295776367,-180.2957305908203,,,,,,,,,,,,,,,,,,,,,,,,,,,,,,,,,,,,,,,,
1.7758752986786744e+18,,,,,,,,,,,,,,,,,-285.6831970214844,-316.5010986328125,-306.61175537109375,-305.00189208984375,-325.9304504394531,-302.9320373535156,-308.91162109375,-315.8111267089844,108.25556945800781,43.30222702026367,43.30222702026367,-300.79638671875,,,,,,,,,,,,,,,,,,,,,,,,,,,,,,,,,,,,,,,,,,,,,,,
1.7758752986787139e+18,,,,,,,,,,,,,,,,,,,,,,,,,,,,,,,,,,,,,,,,,,,,,,,,,,0.0,0.0,0.0,,,,,,,,,,,,,,,,,,,,,,,
1.77587529867885e+18,-374.84991455078125,-1250.317626953125,-375.3094787597656,-75.07530212402344,-500.2960205078125,-374.7577819824219,-368.9366760253906,-374.76300048828125,,,,,,,,,,,,,,,,,,,,,,,,,,,,,,,,,,,,,,,,,,,,,,,,,,,,,,,,,,,,,,,,,,,
1.7758752986788744e+18,,,,,,,,,-374.6029968261719,-1249.7879638671875,-375.08935546875,-75.04882049560547,-75.0484848022461,-74.98612976074219,-499.7450866699219,-374.56439208984375,,,,,,,,,,,,,,,,,,,,,,,,,,,,,,,,,,,,,,,,,,,,,,,,,,,,,,,,,,,
1.7758752986796147e+18,,,,,,,,,,,,,,,,,,,,,,,,,,,,,-215.71531677246094,-21.571531295776367,-21.570873260498047,-21.570873260498047,-21.571531295776367,-21.571531295776367,-180.32858276367188,,,,,,,,,,,,,,,,,,,,,,,,,,,,,,,,,,,,,,,,
1.7758752986796746e+18,,,,,,,,,,,,,,,,,-310.0615234375,-285.2232360839844,-319.2608947753906,-296.4924621582031,-297.41241455078125,-332.3699951171875,-293.2726745605469,-315.3511657714844,108.25556945800781,43.30222702026367,43.30222702026367,-302.0438537597656,,,,,,,,,,,,,,,,,,,,,,,,,,,,,,,,,,,,,,,,,,,,,,,
1.77587529867985e+18,-375.21917724609375,-1250.420166015625,-375.5249328613281,-75.06914520263672,-500.2550354003906,-375.6808776855469,-383.52716064453125,-375.2550354003906,,,,,,,,,,,,,,,,,,,,,,,,,,,,,,,,,,,,,,,,,,,,,,,,,,,,,,,,,,,,,,,,,,,
1.7758752986798574e+18,,,,,,,,,,,,,,,,,,,,,,,,,,,,,,,,,,,,,,,,,,,,,,,,,,,,,0.0,0.0,0.0,0.0,0.0,0.0,0.0,0.0,0.0,0.0,0.0,0.0,0.0,0.0,0.0,0.0,0.0,0.0,0.0,0.0,0.0,0.0,0.0
1.7758752986798743e+18,,,,,,,,,-374.8180847167969,-1249.8905029296875,-375.1508483886719,-74.99962615966797,-75.00543975830078,-75.0230484008789,-500.1142272949219,-375.0257263183594,,,,,,,,,,,,,,,,,,,,,,,,,,,,,,,,,,,,,,,,,,,,,,,,,,,,,,,,,,,
1.775875298680615e+18,,,,,,,,,,,,,,,,,,,,,,,,,,,,,-215.71531677246094,-21.571531295776367,-21.571531295776367,-21.571531295776367,-21.571531295776367,-21.571531295776367,-180.31214904785156,,,,,,,,,,,,,,,,,,,,,,,,,,,,,,,,,,,,,,,,
1.7758752986806748e+18,,,,,,,,,,,,,,,,,-339.49951171875,-307.7616882324219,-284.30328369140625,-321.7907409667969,-295.112548828125,-277.1737976074219,-308.4516296386719,-319.0309143066406,108.25556945800781,43.30222702026367,43.30222702026367,-299.31793212890625,,,,,,,,,,,,,,,,,,,,,,,,,,,,,,,,,,,,,,,,,,,,,,,
1.77587529868085e+18,-374.78839111328125,-1249.9073486328125,-375.1863708496094,-75.04454040527344,-500.5010986328125,-375.3424072265625,-383.52716064453125,-375.3780212402344,,,,,,,,,,,,,,,,,,,,,,,,,,,,,,,,,,,,,,,,,,,,,,,,,,,,,,,,,,,,,,,,,,,
1.7758752986808742e+18,,,,,,,,,-374.8180847167969,-1248.86572265625,-374.8741149902344,-75.01192474365234,-75.0423355102539,-75.02920532226562,-500.1552429199219,-375.4562683105469,,,,,,,,,,,,,,,,,,,,,,,,,,,,,,,,,,,,,,,,,,,,,,,,,,,,,,,,,,,
1.7758752986816148e+18,,,,,,,,,,,,,,,,,,,,,,,,,,,,,-215.71531677246094,-21.571531295776367,-21.571531295776367,-21.571531295776367,-21.571531295776367,-21.571531295776367,-180.4435272216797,,,,,,,,,,,,,,,,,,,,,,,,,,,,,,,,,,,,,,,,
1.7758752986816748e+18,,,,,,,,,,,,,,,,,-304.77191162109375,-338.349609375,-302.7020263671875,-294.422607421875,-311.6714172363281,-283.84332275390625,-291.20281982421875,-317.8810119628906,108.25556945800781,43.30222702026367,43.30222702026367,-299.99554443359375,,,,,,,,,,,,,,,,,,,,,,,,,,,,,,,,,,,,,,,,,,,,,,,
1.7758752986818499e+18,-374.81915283203125,-1249.3944091796875,-374.57080078125,-74.9645767211914,-499.8858947753906,-374.6039123535156,-368.19793701171875,-375.009033203125,,,,,,,,,,,,,,,,,,,,,,,,,,,,,,,,,,,,,,,,,,,,,,,,,,,,,,,,,,,,,,,,,,,
1.7758752986818744e+18,,,,,,,,,-375.00244140625,-1249.685546875,-374.6281433105469,-74.96273803710938,-74.96238708496094,-74.93690490722656,-499.5810546875,-374.7489318847656,,,,,,,,,,,,,,,,,,,,,,,,,,,,,,,,,,,,,,,,,,,,,,,,,,,,,,,,,,,
1.775875298682615e+18,,,,,,,,,,,,,,,,,,,,,,,,,,,,,-215.71531677246094,-21.571531295776367,-21.572189331054688,-21.571531295776367,-21.570873260498047,-21.571531295776367,-180.4763641357422,,,,,,,,,,,,,,,,,,,,,,,,,,,,,,,,,,,,,,,,
1.775875298682675e+18,,,,,,,,,,,,,,,,,-321.10076904296875,-303.6219787597656,-275.56390380859375,-310.7514953613281,-313.28131103515625,-290.51287841796875,-287.0631103515625,-314.2012634277344,108.25556945800781,43.30222702026367,43.30222702026367,-300.5345764160156,,,,,,,,,,,,,,,,,,,,,,,,,,,,,,,,,,,,,,,,,,,,,,,
1.7758752986828498e+18,-375.28070068359375,-1251.1383056640625,-375.0632629394531,-75.03224182128906,-500.3370361328125,-375.0346984863281,-383.52716064453125,-375.3165283203125,,,,,,,,,,,,,,,,,,,,,,,,,,,,,,,,,,,,,,,,,,,,,,,,,,,,,,,,,,,,,,,,,,,
1.7758752986828746e+18,,,,,,,,,-375.1867980957031,-1250.812744140625,-375.2738342285156,-75.01807403564453,-75.05463409423828,-75.04766082763672,-500.1552429199219,-375.425537109375,,,,,,,,,,,,,,,,,,,,,,,,,,,,,,,,,,,,,,,,,,,,,,,,,,,,,,,,,,,
1.775875298683615e+18,,,,,,,,,,,,,,,,,,,,,,,,,,,,,-215.71531677246094,-21.571531295776367,-21.571531295776367,-21.571531295776367,-21.571531295776367,-21.571531295776367,-180.49278259277344,,,,,,,,,,,,,,,,,,,,,,,,,,,,,,,,,,,,,,,,
1.775875298683675e+18,,,,,,,,,,,,,,,,,-290.51287841796875,-302.2420654296875,-309.83154296875,-279.4736328125,-270.0442810058594,-309.1416015625,-291.8927917480469,-288.4430236816406,108.25556945800781,43.30222702026367,43.30222702026367,-298.8404846191406,,,,,,,,,,,,,,,,,,,,,,,,,,,,,,,,,,,,,,,,,,,,,,,
1.77587529868385e+18,-375.3730163574219,-1251.03564453125,-375.2786865234375,-74.99533081054688,-499.9269104003906,-374.8500671386719,-361.3028564453125,-374.76300048828125,,,,,,,,,,,,,,,,,,,,,,,,,,,,,,,,,,,,,,,,,,,,,,,,,,,,,,,,,,,,,,,,,,,
1.7758752986838748e+18,,,,,,,,,-374.8180847167969,-1249.0706787109375,-374.7818908691406,-74.94429016113281,-74.98699188232422,-74.98612976074219,-499.7040710449219,-374.9334411621094,,,,,,,,,,,,,,,,,,,,,,,,,,,,,,,,,,,,,,,,,,,,,,,,,,,,,,,,,,,
1.7758752986846152e+18,,,,,,,,,,,,,,,,,,,,,,,,,,,,,-215.71531677246094,-21.571531295776367,-21.571531295776367,-21.571531295776367,-21.571531295776367,-21.572189331054688,-180.5092010498047,,,,,,,,,,,,,,,,,,,,,,,,,,,,,,,,,,,,,,,,
1.775875298684675e+18,,,,,,,,,,,,,,,,,-295.5725402832031,-299.4822692871094,-300.8621520996094,-283.61334228515625,-294.422607421875,-266.8244934082031,-291.66278076171875,-274.4139709472656,108.25556945800781,43.30222702026367,43.30222702026367,-300.3035583496094,,,,,,,,,,,,,,,,,,,,,,,,,,,,,,,,,,,,,,,,,,,,,,,
1.77587529868485e+18,-374.78839111328125,-1248.7789306640625,-375.032470703125,-75.04454040527344,-500.0909729003906,-374.5731506347656,-366.0740051269531,-375.1012878417969,,,,,,,,,,,,,,,,,,,,,,,,,,,,,,,,,,,,,,,,,,,,,,,,,,,,,,,,,,,,,,,,,,,
1.7758752986848748e+18,,,,,,,,,-374.7259216308594,-1249.992919921875,-375.3353271484375,-75.0365219116211,-74.9808349609375,-74.97382354736328,-500.0321960449219,-375.394775390625,,,,,,,,,,,,,,,,,,,,,,,,,,,,,,,,,,,,,,,,,,,,,,,,,,,,,,,,,,,
1.775875298685615e+18,,,,,,,,,,,,,,,,,,,,,,,,,,,,,-215.708740234375,-21.571531295776367,-21.571531295776367,-21.571531295776367,-21.570873260498047,-21.571531295776367,-180.54205322265625,,,,,,,,,,,,,,,,,,,,,,,,,,,,,,,,,,,,,,,,
1.7758752986856753e+18,,,,,,,,,,,,,,,,,-289.3629455566406,-314.8912048339844,-281.5434875488281,-290.97283935546875,-293.5026550292969,-267.5144348144531,-272.1141357421875,-298.79229736328125,108.25556945800781,43.30222702026367,43.30222702026367,-298.76348876953125,,,,,,,,,,,,,,,,,,,,,,,,,,,,,,,,,,,,,,,,,,,,,,,
1.7758752986857743e+18,,,,,,,,,,,,,,,,,,,,,,,,,,,,,,,,,,,,,,,,,,,,,,,,,,0.0,0.0,0.0,,,,,,,,,,,,,,,,,,,,,,,
1.7758752986858499e+18,-374.84991455078125,-1249.1893310546875,-374.6015930175781,-74.9707260131836,-499.9679260253906,-374.72698974609375,-372.6612548828125,-375.19354248046875,,,,,,,,,,,,,,,,,,,,,,,,,,,,,,,,,,,,,,,,,,,,,,,,,,,,,,,,,,,,,,,,,,,
1.775875298685875e+18,,,,,,,,,-375.0331726074219,-1249.4805908203125,-374.6281433105469,-74.950439453125,-74.95623779296875,-74.9676742553711,-499.5810546875,-374.9334411621094,,,,,,,,,,,,,,,,,,,,,,,,,,,,,,,,,,,,,,,,,,,,,,,,,,,,,,,,,,,
1.7758752986866153e+18,,,,,,,,,,,,,,,,,,,,,,,,,,,,,-215.71531677246094,-21.571531295776367,-21.571531295776367,-21.571531295776367,-21.571531295776367,-21.571531295776367,-180.54205322265625,,,,,,,,,,,,,,,,,,,,,,,,,,,,,,,,,,,,,,,,
1.7758752986866752e+18,,,,,,,,,,,,,,,,,-272.3441162109375,-299.9422302246094,-285.2232360839844,-263.3747253417969,-286.1431579589844,-311.9013977050781,-270.5042419433594,-275.10394287109375,108.25556945800781,43.30222702026367,43.30222702026367,-299.287109375,,,,,,,,,,,,,,,,,,,,,,,,,,,,,,,,,,,,,,,,,,,,,,,
1.7758752986868498e+18,-374.9729919433594,-1250.6253662109375,-375.2171325683594,-75.02608489990234,-500.5831298828125,-375.5270080566406,-381.156982421875,-375.5625305175781,,,,,,,,,,,,,,,,,,,,,,,,,,,,,,,,,,,,,,,,,,,,,,,,,,,,,,,,,,,,,,,,,,,
1.7758752986868751e+18,,,,,,,,,-375.2482604980469,-1250.50537109375,-375.21234130859375,-75.01192474365234,-75.02388763427734,-74.97998046875,-499.8681335449219,-374.9949645996094,,,,,,,,,,,,,,,,,,,,,,,,,,,,,,,,,,,,,,,,,,,,,,,,,,,,,,,,,,,
1.7758752986876152e+18,,,,,,,,,,,,,,,,,,,,,,,,,,,,,-215.71531677246094,-21.571531295776367,-21.572189331054688,-21.571531295776367,-21.571531295776367,-21.571531295776367,-180.525634765625,,,,,,,,,,,,,,,,,,,,,,,,,,,,,,,,,,,,,,,,
1.7758752986876754e+18,,,,,,,,,,,,,,,,,-297.41241455078125,-273.9540100097656,-300.6321716308594,-291.8927917480469,-255.09530639648438,-290.74285888671875,-272.5740966796875,-260.61492919921875,108.25556945800781,43.30222702026367,43.30222702026367,-300.2881774902344,,,,,,,,,,,,,,,,,,,,,,,,,,,,,,,,,,,,,,,,,,,,,,,
1.7758752986877837e+18,,,,,,,,,,,,,,,,,,,,,,,,,,,,,,,,,,,,,,,,,,,,,,,,,,,,,0.0,0.0,0.0,0.0,0.0,0.0,0.0,0.0,0.0,0.0,0.0,0.0,0.0,0.0,0.0,0.0,0.0,0.0,0.0,0.0,0.0,0.0,0.0
1.7758752986878497e+18,-375.0960998535156,-1251.548583984375,-375.3094787597656,-75.00148010253906,-499.72186279296875,-374.4500732421875,-372.9998474121094,-375.2550354003906,,,,,,,,,,,,,,,,,,,,,,,,,,,,,,,,,,,,,,,,,,,,,,,,,,,,,,,,,,,,,,,,,,,
1.7758752986878753e+18,,,,,,,,,-375.217529296875,-1250.40283203125,-375.08935546875,-74.96273803710938,-74.95623779296875,-74.9984359741211,-500.4013366699219,-375.364013671875,,,,,,,,,,,,,,,,,,,,,,,,,,,,,,,,,,,,,,,,,,,,,,,,,,,,,,,,,,,
1.7758752986886154e+18,,,,,,,,,,,,,,,,,,,,,,,,,,,,,-215.708740234375,-21.572189331054688,-21.571531295776367,-21.571531295776367,-21.571531295776367,-21.570873260498047,-180.45994567871094,,,,,,,,,,,,,,,,,,,,,,,,,,,,,,,,,,,,,,,,
1.7758752986886753e+18,,,,,,,,,,,,,,,,,-285.2232360839844,-263.3747253417969,-288.2130432128906,-262.9147644042969,-287.5230712890625,-269.5843200683594,-280.16357421875,-296.0325012207031,108.25556945800781,43.30222702026367,43.30222702026367,-300.75018310546875,,,,,,,,,,,,,,,,,,,,,,,,,,,,,,,,,,,,,,,,,,,,,,,
1.7758752986888497e+18,-374.8807067871094,-1248.7789306640625,-374.9401550292969,-75.03224182128906,-500.5421142578125,-375.4962463378906,-381.46478271484375,-375.4395446777344,,,,,,,,,,,,,,,,,,,,,,,,,,,,,,,,,,,,,,,,,,,,,,,,,,,,,,,,,,,,,,,,,,,
1.7758752986888755e+18,,,,,,,,,-374.7259216308594,-1249.5830078125,-374.72039794921875,-74.9873275756836,-75.00543975830078,-75.04766082763672,-500.3603210449219,-375.14874267578125,,,,,,,,,,,,,,,,,,,,,,,,,,,,,,,,,,,,,,,,,,,,,,,,,,,,,,,,,,,
1.7758752986896154e+18,,,,,,,,,,,,,,,,,,,,,,,,,,,,,-215.708740234375,-21.571531295776367,-21.571531295776367,-21.571531295776367,-21.571531295776367,-21.571531295776367,-180.45994567871094,,,,,,,,,,,,,,,,,,,,,,,,,,,,,,,,,,,,,,,,
1.7758752986896755e+18,,,,,,,,,,,,,,,,,-271.6541748046875,-298.79229736328125,-274.1839904785156,-284.30328369140625,-303.3919982910156,-281.0835266113281,-261.30487060546875,-301.5521240234375,108.25556945800781,43.30222702026367,43.30222702026367,-299.0252990722656,,,,,,,,,,,,,,,,,,,,,,,,,,,,,,,,,,,,,,,,,,,,,,,
1.7758752986898496e+18,-375.0037841796875,-1249.9073486328125,-375.2171325683594,-75.02608489990234,-500.5831298828125,-375.4654846191406,-377.0630187988281,-374.6707458496094,,,,,,,,,,,,,,,,,,,,,,,,,,,,,,,,,,,,,,,,,,,,,,,,,,,,,,,,,,,,,,,,,,,
1.7758752986898755e+18,,,,,,,,,-374.7566223144531,-1249.992919921875,-375.1200866699219,-75.0303726196289,-75.02388763427734,-75.05381774902344,-500.1552429199219,-374.8411865234375,,,,,,,,,,,,,,,,,,,,,,,,,,,,,,,,,,,,,,,,,,,,,,,,,,,,,,,,,,,
1.7758752986898982e+18,,,,,,,,,,,,,,,,,,,,,,,,,,,,,,,,,,,,2297.677001953125,22.112003326416016,2297.677001953125,2297.677001953125,2297.677001953125,2297.677001953125,2297.677001953125,24.721220016479492,2297.677001953125,2297.677001953125,2297.677001953125,2297.677001953125,2297.677001953125,2297.677001953125,,,,,,,,,,,,,,,,,,,,,,,,,,
1.7758752986906156e+18,,,,,,,,,,,,,,,,,,,,,,,,,,,,,-215.71531677246094,-21.571531295776367,-21.571531295776367,-21.571531295776367,-21.570873260498047,-21.571531295776367,-180.41067504882812,,,,,,,,,,,,,,,,,,,,,,,,,,,,,,,,,,,,,,,,
1.7758752986906755e+18,,,,,,,,,,,,,,,,,-294.652587890625,-291.43280029296875,-289.3629455566406,-299.02227783203125,-269.5843200683594,-298.33233642578125,-264.984619140625,-303.6219787597656,108.25556945800781,43.30222702026367,43.30222702026367,-300.2111511230469,,,,,,,,,,,,,,,,,,,,,,,,,,,,,,,,,,,,,,,,,,,,,,,
1.7758752986908498e+18,-375.21917724609375,-1249.7021484375,-374.8478088378906,-74.95841979980469,-500.3370361328125,-375.3424072265625,-374.5389404296875,-374.6092529296875,,,,,,,,,,,,,,,,,,,,,,,,,,,,,,,,,,,,,,,,,,,,,,,,,,,,,,,,,,,,,,,,,,,
1.7758752986908756e+18,,,,,,,,,-374.8795471191406,-1248.9681396484375,-374.8126220703125,-74.99962615966797,-75.06693267822266,-75.0107421875,-499.7450866699219,-374.8411865234375,,,,,,,,,,,,,,,,,,,,,,,,,,,,,,,,,,,,,,,,,,,,,,,,,,,,,,,,,,,
1.7758752986916155e+18,,,,,,,,,,,,,,,,,,,,,,,,,,,,,-215.71531677246094,-21.571531295776367,-21.571531295776367,-21.571531295776367,-21.571531295776367,-21.571531295776367,-180.41067504882812,,,,,,,,,,,,,,,,,,,,,,,,,,,,,,,,,,,,,,,,
1.7758752986916756e+18,,,,,,,,,,,,,,,,,-300.1722106933594,-279.013671875,-289.3629455566406,-313.97125244140625,-276.71380615234375,-312.59136962890625,-283.15338134765625,-289.1329650878906,108.25556945800781,43.30222702026367,43.30222702026367,-299.41033935546875,,,,,,,,,,,,,,,,,,,,,,,,,,,,,,,,,,,,,,,,,,,,,,,
1.7758752986918497e+18,-375.1576232910156,-1251.2408447265625,-375.1863708496094,-75.04454040527344,-500.0089416503906,-374.7885437011719,-367.3052673339844,-374.6707458496094,,,,,,,,,,,,,,,,,,,,,,,,,,,,,,,,,,,,,,,,,,,,,,,,,,,,,,,,,,,,,,,,,,,
1.7758752986918758e+18,,,,,,,,,-375.0946350097656,-1251.017822265625,-375.3660888671875,-75.01192474365234,-74.9808349609375,-74.96151733398438,-499.6630554199219,-374.7489318847656,,,,,,,,,,,,,,,,,,,,,,,,,,,,,,,,,,,,,,,,,,,,,,,,,,,,,,,,,,,
1.7758752986926157e+18,,,,,,,,,,,,,,,,,,,,,,,,,,,,,-215.708740234375,-21.571531295776367,-21.571531295776367,-21.571531295776367,-21.571531295776367,-21.571531295776367,-180.37783813476562,,,,,,,,,,,,,,,,,,,,,,,,,,,,,,,,,,,,,,,,
1.7758752986926756e+18,,,,,,,,,,,,,,,,,-299.4822692871094,-293.0426940917969,-283.61334228515625,-306.38177490234375,-267.74444580078125,-304.5419006347656,-271.8841552734375,-302.2420654296875,108.25556945800781,43.30222702026367,43.30222702026367,-299.9493408203125,,,,,,,,,,,,,,,,,,,,,,,,,,,,,,,,,,,,,,,,,,,,,,,
1.7758752986928497e+18,-374.6960754394531,-1249.3944091796875,-375.0940246582031,-75.09990692138672,-500.3370361328125,-374.880859375,-368.0747985839844,-374.6707458496094,,,,,,,,,,,,,,,,,,,,,,,,,,,,,,,,,,,,,,,,,,,,,,,,,,,,,,,,,,,,,,,,,,,
1.775875298692876e+18,,,,,,,,,-374.84881591796875,-1249.992919921875,-375.3045959472656,-75.02422332763672,-74.9992904663086,-74.94921112060547,-499.6220397949219,-374.9334411621094,,,,,,,,,,,,,,,,,,,,,,,,,,,,,,,,,,,,,,,,,,,,,,,,,,,,,,,,,,,
1.7758752986930184e+18,,,,,,,,,,,,,,,,,,,,,,,,,,,,,,,,,,,,,,,,,,,,,,,,,,0.0,0.0,0.0,,,,,,,,,,,,,,,,,,,,,,,
1.7758752986936156e+18,,,,,,,,,,,,,,,,,,,,,,,,,,,,,-215.71531677246094,-21.571531295776367,-21.571531295776367,-21.571531295776367,-21.572189331054688,-21.571531295776367,-180.36141967773438,,,,,,,,,,,,,,,,,,,,,,,,,,,,,,,,,,,,,,,,
1.7758752986936758e+18,,,,,,,,,,,,,,,,,-324.090576171875,-297.41241455078125,-307.5317077636719,-317.4210205078125,-277.6337585449219,-308.681640625,-282.46343994140625,-285.6831970214844,108.25556945800781,43.30222702026367,43.30222702026367,-301.7512512207031,,,,,,,,,,,,,,,,,,,,,,,,,,,,,,,,,,,,,,,,,,,,,,,
1.7758752986938496e+18,-375.1883850097656,-1251.03564453125,-375.0632629394531,-75.00763702392578,-500.0909729003906,-375.0039367675781,-380.0796203613281,-375.009033203125,,,,,,,,,,,,,,,,,,,,,,,,,,,,,,,,,,,,,,,,,,,,,,,,,,,,,,,,,,,,,,,,,,,
1.7758752986938762e+18,,,,,,,,,-375.1253662109375,-1251.017822265625,-375.3353271484375,-75.01192474365234,-75.06078338623047,-75.04151153564453,-500.1142272949219,-375.4562683105469,,,,,,,,,,,,,,,,,,,,,,,,,,,,,,,,,,,,,,,,,,,,,,,,,,,,,,,,,,,
1.7758752986946156e+18,,,,,,,,,,,,,,,,,,,,,,,,,,,,,-215.71531677246094,-21.571531295776367,-21.571531295776367,-21.571531295776367,-21.571531295776367,-21.571531295776367,-180.2957305908203,,,,,,,,,,,,,,,,,,,,,,,,,,,,,,,,,,,,,,,,
1.7758752986946757e+18,,,,,,,,,,,,,,,,,-331.4500732421875,-299.9422302246094,-293.2726745605469,-325.7004699707031,-286.6031494140625,-302.4720458984375,-309.6015625,-286.8331298828125,108.25556945800781,43.30222702026367,43.30222702026367,-300.0571594238281,,,,,,,,,,,,,,,,,,,,,,,,,,,,,,,,,,,,,,,,,,,,,,,
1.7758752986948495e+18,-375.1883850097656,-1250.83056640625,-375.15557861328125,-75.08760070800781,-500.5831298828125,-375.2500915527344,-383.52716064453125,-374.947509765625,,,,,,,,,,,,,,,,,,,,,,,,,,,,,,,,,,,,,,,,,,,,,,,,,,,,,,,,,,,,,,,,,,,
1.7758752986948762e+18,,,,,,,,,-375.0331726074219,-1249.685546875,-375.0278625488281,-75.01192474365234,-75.05463409423828,-75.05381774902344,-500.1552429199219,-375.2409973144531,,,,,,,,,,,,,,,,,,,,,,,,,,,,,,,,,,,,,,,,,,,,,,,,,,,,,,,,,,,
1.7758752986949407e+18,,,,,,,,,,,,,,,,,,,,,,,,,,,,,,,,,,,,,,,,,,,,,,,,,,,,,0.0,0.0,0.0,0.0,0.0,0.0,0.0,0.0,0.0,0.0,0.0,0.0,0.0,0.0,0.0,0.0,0.0,0.0,0.0,0.0,0.0,0.0,0.0
1.7758752986956157e+18,,,,,,,,,,,,,,,,,,,,,,,,,,,,,-215.71531677246094,-21.571531295776367,-21.571531295776367,-21.570873260498047,-21.571531295776367,-21.571531295776367,-180.2957305908203,,,,,,,,,,,,,,,,,,,,,,,,,,,,,,,,,,,,,,,,
1.775875298695676e+18,,,,,,,,,,,,,,,,,-310.0615234375,-301.5521240234375,-316.9610595703125,-292.3527526855469,-316.7310791015625,-304.5419006347656,-280.8535461425781,-321.33074951171875,108.25556945800781,43.30222702026367,43.30222702026367,-300.0263671875,,,,,,,,,,,,,,,,,,,,,,,,,,,,,,,,,,,,,,,,,,,,,,,
1.7758752986958495e+18,-375.1883850097656,-1249.9073486328125,-374.57080078125,-74.92766571044922,-499.68084716796875,-374.7577819824219,-363.026611328125,-375.0397644042969,,,,,,,,,,,,,,,,,,,,,,,,,,,,,,,,,,,,,,,,,,,,,,,,,,,,,,,,,,,,,,,,,,,
1.7758752986958764e+18,,,,,,,,,-375.37115478515625,-1250.6077880859375,-374.8741149902344,-74.96273803710938,-74.93778991699219,-74.94921112060547,-499.7861022949219,-374.56439208984375,,,,,,,,,,,,,,,,,,,,,,,,,,,,,,,,,,,,,,,,,,,,,,,,,,,,,,,,,,,
1.7758752986966157e+18,,,,,,,,,,,,,,,,,,,,,,,,,,,,,-215.71531677246094,-21.571531295776367,-21.570873260498047,-21.570873260498047,-21.571531295776367,-21.571531295776367,-180.32858276367188,,,,,,,,,,,,,,,,,,,,,,,,,,,,,,,,,,,,,,,,
1.7758752986966758e+18,,,,,,,,,,,,,,,,,-327.77032470703125,-314.4312438964844,-287.9830322265625,-329.3802185058594,-297.87237548828125,-298.33233642578125,-315.1211853027344,-290.74285888671875,108.25556945800781,43.30222702026367,43.30222702026367,-302.1362609863281,,,,,,,,,,,,,,,,,,,,,,,,,,,,,,,,,,,,,,,,,,,,,,,
1.7758752986968494e+18,-374.9729919433594,-1251.03564453125,-375.4325866699219,-75.01993560791016,-499.68084716796875,-374.4500732421875,-371.6454772949219,-375.2242736816406,,,,,,,,,,,,,,,,,,,,,,,,,,,,,,,,,,,,,,,,,,,,,,,,,,,,,,,,,,,,,,,,,,,
1.7758752986968765e+18,,,,,,,,,-374.9102783203125,-1250.1978759765625,-375.3660888671875,-74.98118591308594,-74.95008850097656,-74.9984359741211,-500.4013366699219,-375.364013671875,,,,,,,,,,,,,,,,,,,,,,,,,,,,,,,,,,,,,,,,,,,,,,,,,,,,,,,,,,,
1.775875298697616e+18,,,,,,,,,,,,,,,,,,,,,,,,,,,,,-215.7218780517578,-21.570873260498047,-21.571531295776367,-21.571531295776367,-21.571531295776367,-21.571531295776367,-180.34500122070312,,,,,,,,,,,,,,,,,,,,,,,,,,,,,,,,,,,,,,,,
1.775875298697676e+18,,,,,,,,,,,,,,,,,-293.0426940917969,-316.9610595703125,-297.41241455078125,-320.18084716796875,-296.4924621582031,-314.6612243652344,-285.4532165527344,-320.87078857421875,108.25556945800781,43.30222702026367,43.30222702026367,-301.350830078125,,,,,,,,,,,,,,,,,,,,,,,,,,,,,,,,,,,,,,,,,,,,,,,
1.7758752986978493e+18,-375.24993896484375,-1249.9073486328125,-374.8170166015625,-74.9338150024414,-500.0909729003906,-375.18853759765625,-383.52716064453125,-375.0705261230469,,,,,,,,,,,,,,,,,,,,,,,,,,,,,,,,,,,,,,,,,,,,,,,,,,,,,,,,,,,,,,,,,,,
1.7758752986978767e+18,,,,,,,,,-375.2482604980469,-1249.3780517578125,-374.7511291503906,-74.99347686767578,-75.03003692626953,-75.05381774902344,-500.0732116699219,-374.6566467285156,,,,,,,,,,,,,,,,,,,,,,,,,,,,,,,,,,,,,,,,,,,,,,,,,,,,,,,,,,,
1.7758752986986158e+18,,,,,,,,,,,,,,,,,,,,,,,,,,,,,-215.708740234375,-21.571531295776367,-21.571531295776367,-21.571531295776367,-21.571531295776367,-21.571531295776367,-180.41067504882812,,,,,,,,,,,,,,,,,,,,,,,,,,,,,,,,,,,,,,,,
1.775875298698676e+18,,,,,,,,,,,,,,,,,-325.010498046875,-298.79229736328125,-307.3017272949219,-314.4312438964844,-287.7530517578125,-316.5010986328125,-276.9438171386719,-317.4210205078125,108.25556945800781,43.30222702026367,43.30222702026367,-299.41033935546875,,,,,,,,,,,,,,,,,,,,,,,,,,,,,,,,,,,,,,,,,,,,,,,
1.7758752986988495e+18,-375.0037841796875,-1250.420166015625,-375.40179443359375,-75.01993560791016,-499.76287841796875,-374.8500671386719,-368.19793701171875,-375.3165283203125,,,,,,,,,,,,,,,,,,,,,,,,,,,,,,,,,,,,,,,,,,,,,,,,,,,,,,,,,,,,,,,,,,,
1.7758752986988767e+18,,,,,,,,,-375.0946350097656,-1250.915283203125,-375.08935546875,-74.95658874511719,-74.931640625,-74.9676742553711,-500.0732116699219,-375.425537109375,,,,,,,,,,,,,,,,,,,,,,,,,,,,,,,,,,,,,,,,,,,,,,,,,,,,,,,,,,,
1.775875298699616e+18,,,,,,,,,,,,,,,,,,,,,,,,,,,,,-215.71531677246094,-21.571531295776367,-21.571531295776367,-21.572189331054688,-21.572189331054688,-21.571531295776367,-180.4763641357422,,,,,,,,,,,,,,,,,,,,,,,,,,,,,,,,,,,,,,,,
1.7758752986996762e+18,,,,,,,,,,,,,,,,,-290.28289794921875,-326.1604309082031,-286.3731689453125,-323.400634765625,-293.5026550292969,-294.882568359375,-302.7020263671875,-280.6235656738281,108.25556945800781,43.30222702026367,43.30222702026367,-300.6731872558594,,,,,,,,,,,,,,,,,,,,,,,,,,,,,,,,,,,,,,,,,,,,,,,
1.7758752986998495e+18,-375.24993896484375,-1251.4459228515625,-375.15557861328125,-74.9707260131836,-499.76287841796875,-374.63470458984375,-367.82855224609375,-374.79376220703125,,,,,,,,,,,,,,,,,,,,,,,,,,,,,,,,,,,,,,,,,,,,,,,,,,,,,,,,,,,,,,,,,,,
1.7758752986998769e+18,,,,,,,,,-375.0946350097656,-1251.1202392578125,-375.3045959472656,-74.99962615966797,-74.94393920898438,-74.94306182861328,-499.6220397949219,-374.8104248046875,,,,,,,,,,,,,,,,,,,,,,,,,,,,,,,,,,,,,,,,,,,,,,,,,,,,,,,,,,,
1.7758752987000317e+18,,,,,,,,,,,,,,,,,,,,,,,,,,,,,,,,,,,,,,,,,,,,,,,,,,0.0,0.0,0.0,,,,,,,,,,,,,,,,,,,,,,,
1.775875298700616e+18,,,,,,,,,,,,,,,,,,,,,,,,,,,,,-215.71531677246094,-21.570873260498047,-21.571531295776367,-21.570873260498047,-21.571531295776367,-21.572189331054688,-180.4763641357422,,,,,,,,,,,,,,,,,,,,,,,,,,,,,,,,,,,,,,,,
1.775875298700676e+18,,,,,,,,,,,,,,,,,-272.3441162109375,-294.882568359375,-298.10235595703125,-271.4241943359375,-300.6321716308594,-299.2522888183594,-282.92340087890625,-323.1706237792969,108.25556945800781,43.30222702026367,43.30222702026367,-299.2563171386719,,,,,,,,,,,,,,,,,,,,,,,,,,,,,,,,,,,,,,,,,,,,,,,
1.7758752987008494e+18,-375.3422546386719,-1251.03564453125,-374.9709167480469,-74.9399642944336,-499.59881591796875,-374.6039123535156,-366.90509033203125,-374.6092529296875,,,,,,,,,,,,,,,,,,,,,,,,,,,,,,,,,,,,,,,,,,,,,,,,,,,,,,,,,,,,,,,,,,,
1.775875298700877e+18,,,,,,,,,-375.1867980957031,-1251.017822265625,-375.1816101074219,-74.99962615966797,-74.96853637695312,-74.96151733398438,-499.6220397949219,-374.7796936035156,,,,,,,,,,,,,,,,,,,,,,,,,,,,,,,,,,,,,,,,,,,,,,,,,,,,,,,,,,,
1.775875298701616e+18,,,,,,,,,,,,,,,,,,,,,,,,,,,,,-215.708740234375,-21.571531295776367,-21.571531295776367,-21.571531295776367,-21.572189331054688,-21.571531295776367,-180.49278259277344,,,,,,,,,,,,,,,,,,,,,,,,,,,,,,,,,,,,,,,,
1.7758752987016763e+18,,,,,,,,,,,,,,,,,-282.92340087890625,-268.89434814453125,-301.0921630859375,-286.6031494140625,-279.013671875,-311.6714172363281,-276.02386474609375,-282.2334289550781,108.25556945800781,43.30222702026367,43.30222702026367,-299.7337341308594,,,,,,,,,,,,,,,,,,,,,,,,,,,,,,,,,,,,,,,,,,,,,,,
1.7758752987018493e+18,-375.31146240234375,-1250.7279052734375,-374.8785705566406,-74.97687530517578,-499.63983154296875,-375.2193298339844,-380.2335205078125,-375.3165283203125,,,,,,,,,,,,,,,,,,,,,,,,,,,,,,,,,,,,,,,,,,,,,,,,,,,,,,,,,,,,,,,,,,,
1.7758752987018772e+18,,,,,,,,,-375.1253662109375,-1249.685546875,-374.68963623046875,-74.96888732910156,-75.00543975830078,-75.04151153564453,-500.4013366699219,-374.9642028808594,,,,,,,,,,,,,,,,,,,,,,,,,,,,,,,,,,,,,,,,,,,,,,,,,,,,,,,,,,,
1.775875298702399e+18,,,,,,,,,,,,,,,,,,,,,,,,,,,,,,,,,,,,2297.365966796875,21.946109771728516,2297.365966796875,2297.365966796875,2297.365966796875,2297.365966796875,2297.365966796875,24.63878059387207,2297.365966796875,2297.365966796875,2297.365966796875,2297.365966796875,2297.365966796875,2297.365966796875,,,,,,,,,,,,,,,,,,,,,,,,,,
1.7758752987025464e+18,,,,,,,,,,,,,,,,,,,,,,,,,,,,,,,,,,,,,,,,,,,,,,,,,,,,,0.0,0.0,0.0,0.0,0.0,0.0,0.0,0.0,0.0,0.0,0.0,0.0,0.0,0.0,0.0,0.0,0.0,0.0,0.0,0.0,0.0,0.0,0.0
1.775875298702616e+18,,,,,,,,,,,,,,,,,,,,,,,,,,,,,-215.7218780517578,-21.570873260498047,-21.571531295776367,-21.570873260498047,-21.571531295776367,-21.571531295776367,-180.5092010498047,,,,,,,,,,,,,,,,,,,,,,,,,,,,,,,,,,,,,,,,
1.7758752987026765e+18,,,,,,,,,,,,,,,,,-300.8621520996094,-282.2334289550781,-265.9045715332031,-304.3119201660156,-258.3150634765625,-288.6730041503906,-276.25384521484375,-278.3236999511719,108.25556945800781,43.30222702026367,43.30222702026367,-300.5345764160156,,,,,,,,,,,,,,,,,,,,,,,,,,,,,,,,,,,,,,,,,,,,,,,
1.7758752987028493e+18,-374.81915283203125,-1250.420166015625,-375.3094787597656,-75.07530212402344,-500.2960205078125,-374.91162109375,-372.107177734375,-374.76300048828125,,,,,,,,,,,,,,,,,,,,,,,,,,,,,,,,,,,,,,,,,,,,,,,,,,,,,,,,,,,,,,,,,,,
1.7758752987028774e+18,,,,,,,,,-374.6029968261719,-1249.992919921875,-375.08935546875,-75.0365219116211,-75.0484848022461,-75.00459289550781,-499.5810546875,-374.56439208984375,,,,,,,,,,,,,,,,,,,,,,,,,,,,,,,,,,,,,,,,,,,,,,,,,,,,,,,,,,,
1.7758752987036163e+18,,,,,,,,,,,,,,,,,,,,,,,,,,,,,-215.71531677246094,-21.571531295776367,-21.571531295776367,-21.571531295776367,-21.571531295776367,-21.571531295776367,-180.54205322265625,,,,,,,,,,,,,,,,,,,,,,,,,,,,,,,,,,,,,,,,
1.7758752987036764e+18,,,,,,,,,,,,,,,,,-262.2248229980469,-297.64239501953125,-293.0426940917969,-278.3236999511719,-297.87237548828125,-279.4736328125,-254.4053497314453,-291.43280029296875,108.25556945800781,43.30222702026367,43.30222702026367,-299.5951232910156,,,,,,,,,,,,,,,,,,,,,,,,,,,,,,,,,,,,,,,,,,,,,,,
1.7758752987038492e+18,-375.0037841796875,-1250.5228271484375,-374.9709167480469,-74.9522705078125,-499.9269104003906,-374.8193054199219,-363.7345886230469,-374.6400146484375,,,,,,,,,,,,,,,,,,,,,,,,,,,,,,,,,,,,,,,,,,,,,,,,,,,,,,,,,,,,,,,,,,,
1.7758752987038774e+18,,,,,,,,,-375.1867980957031,-1251.017822265625,-375.3353271484375,-75.01192474365234,-75.0484848022461,-75.03535461425781,-499.9501647949219,-374.9642028808594,,,,,,,,,,,,,,,,,,,,,,,,,,,,,,,,,,,,,,,,,,,,,,,,,,,,,,,,,,,
1.7758752987046162e+18,,,,,,,,,,,,,,,,,,,,,,,,,,,,,-215.7218780517578,-21.570873260498047,-21.571531295776367,-21.571531295776367,-21.571531295776367,-21.571531295776367,-180.525634765625,,,,,,,,,,,,,,,,,,,,,,,,,,,,,,,,,,,,,,,,
1.7758752987046766e+18,,,,,,,,,,,,,,,,,-274.4139709472656,-265.444580078125,-298.79229736328125,-284.7632751464844,-274.4139709472656,-306.15179443359375,-272.3441162109375,-272.8040771484375,108.25556945800781,43.30222702026367,43.30222702026367,-300.0571594238281,,,,,,,,,,,,,,,,,,,,,,,,,,,,,,,,,,,,,,,,,,,,,,,
1.7758752987048492e+18,-374.8807067871094,-1250.317626953125,-375.1863708496094,-75.07530212402344,-500.2140197753906,-374.72698974609375,-367.551513671875,-374.947509765625,,,,,,,,,,,,,,,,,,,,,,,,,,,,,,,,,,,,,,,,,,,,,,,,,,,,,,,,,,,,,,,,,,,
1.7758752987048776e+18,,,,,,,,,-375.0946350097656,-1250.6077880859375,-375.3353271484375,-75.00577545166016,-74.95008850097656,-74.93075561523438,-499.7450866699219,-374.9949645996094,,,,,,,,,,,,,,,,,,,,,,,,,,,,,,,,,,,,,,,,,,,,,,,,,,,,,,,,,,,
1.7758752987056164e+18,,,,,,,,,,,,,,,,,,,,,,,,,,,,,-215.71531677246094,-21.571531295776367,-21.571531295776367,-21.571531295776367,-21.571531295776367,-21.571531295776367,-180.54205322265625,,,,,,,,,,,,,,,,,,,,,,,,,,,,,,,,,,,,,,,,
1.7758752987056765e+18,,,,,,,,,,,,,,,,,-267.74444580078125,-291.66278076171875,-267.2844543457031,-294.422607421875,-270.2742614746094,-268.66436767578125,-270.5042419433594,-260.1549377441406,108.25556945800781,43.30222702026367,43.30222702026367,-298.0396728515625,,,,,,,,,,,,,,,,,,,,,,,,,,,,,,,,,,,,,,,,,,,,,,,
1.7758752987058493e+18,-375.0037841796875,-1249.1893310546875,-374.6015930175781,-74.98302459716797,-500.1730041503906,-375.6808776855469,-383.52716064453125,-375.0397644042969,,,,,,,,,,,,,,,,,,,,,,,,,,,,,,,,,,,,,,,,,,,,,,,,,,,,,,,,,,,,,,,,,,,
1.7758752987058778e+18,,,,,,,,,-374.94097900390625,-1249.3780517578125,-374.8433837890625,-74.9873275756836,-75.03003692626953,-75.01689910888672,-500.3603210449219,-374.9949645996094,,,,,,,,,,,,,,,,,,,,,,,,,,,,,,,,,,,,,,,,,,,,,,,,,,,,,,,,,,,
1.7758752987066163e+18,,,,,,,,,,,,,,,,,,,,,,,,,,,,,-215.71531677246094,-21.570873260498047,-21.570873260498047,-21.571531295776367,-21.571531295776367,-21.571531295776367,-180.45994567871094,,,,,,,,,,,,,,,,,,,,,,,,,,,,,,,,,,,,,,,,
1.7758752987066767e+18,,,,,,,,,,,,,,,,,-279.70361328125,-276.48382568359375,-297.41241455078125,-267.74444580078125,-295.5725402832031,-272.8040771484375,-279.013671875,-283.61334228515625,108.25556945800781,43.30222702026367,43.30222702026367,-301.4740295410156,,,,,,,,,,,,,,,,,,,,,,,,,,,,,,,,,,,,,,,,,,,,,,,
1.7758752987068493e+18,-375.0345458984375,-1249.3944091796875,-374.66314697265625,-75.03224182128906,-500.3370361328125,-374.69622802734375,-361.7030029296875,-374.978271484375,,,,,,,,,,,,,,,,,,,,,,,,,,,,,,,,,,,,,,,,,,,,,,,,,,,,,,,,,,,,,,,,,,,
1.775875298706878e+18,,,,,,,,,-374.7566223144531,-1249.3780517578125,-374.9971008300781,-75.04267120361328,-75.00543975830078,-74.95536804199219,-499.9501647949219,-375.2717590332031,,,,,,,,,,,,,,,,,,,,,,,,,,,,,,,,,,,,,,,,,,,,,,,,,,,,,,,,,,,
1.775875298706934e+18,,,,,,,,,,,,,,,,,,,,,,,,,,,,,,,,,,,,,,,,,,,,,,,,,,0.0,0.0,0.0,,,,,,,,,,,,,,,,,,,,,,,
1.7758752987076165e+18,,,,,,,,,,,,,,,,,,,,,,,,,,,,,-215.71531677246094,-21.571531295776367,-21.571531295776367,-21.571531295776367,-21.571531295776367,-21.571531295776367,-180.41067504882812,,,,,,,,,,,,,,,,,,,,,,,,,,,,,,,,,,,,,,,,
1.7758752987076767e+18,,,,,,,,,,,,,,,,,-293.962646484375,-277.1737976074219,-293.962646484375,-280.8535461425781,-295.8025207519531,-269.8143005371094,-290.74285888671875,-263.3747253417969,108.25556945800781,43.30222702026367,43.30222702026367,-301.181396484375,,,,,,,,,,,,,,,,,,,,,,,,,,,,,,,,,,,,,,,,,,,,,,,
1.7758752987078492e+18,-375.0653076171875,-1250.83056640625,-375.40179443359375,-75.03839111328125,-500.3780517578125,-375.12701416015625,-372.56890869140625,-374.7015075683594,,,,,,,,,,,,,,,,,,,,,,,,,,,,,,,,,,,,,,,,,,,,,,,,,,,,,,,,,,,,,,,,,,,
1.7758752987078781e+18,,,,,,,,,-374.8795471191406,-1250.1978759765625,-375.2738342285156,-75.04267120361328,-75.02388763427734,-75.04151153564453,-500.0732116699219,-374.8719482421875,,,,,,,,,,,,,,,,,,,,,,,,,,,,,,,,,,,,,,,,,,,,,,,,,,,,,,,,,,,
1.7758752987086164e+18,,,,,,,,,,,,,,,,,,,,,,,,,,,,,-215.71531677246094,-21.570873260498047,-21.571531295776367,-21.571531295776367,-21.571531295776367,-21.571531295776367,-180.42710876464844,,,,,,,,,,,,,,,,,,,,,,,,,,,,,,,,,,,,,,,,
1.7758752987086769e+18,,,,,,,,,,,,,,,,,-275.56390380859375,-291.43280029296875,-318.5709533691406,-292.1227722167969,-290.74285888671875,-307.3017272949219,-266.1345520019531,-293.732666015625,108.25556945800781,43.30222702026367,43.30222702026367,-300.8117980957031,,,,,,,,,,,,,,,,,,,,,,,,,,,,,,,,,,,,,,,,,,,,,,,
1.7758752987088492e+18,-375.0653076171875,-1250.83056640625,-375.37103271484375,-75.03839111328125,-499.9269104003906,-374.7577819824219,-366.9666748046875,-375.009033203125,,,,,,,,,,,,,,,,,,,,,,,,,,,,,,,,,,,,,,,,,,,,,,,,,,,,,,,,,,,,,,,,,,,
1.775875298708878e+18,,,,,,,,,-374.8795471191406,-1250.1978759765625,-375.3660888671875,-75.04882049560547,-75.00543975830078,-74.9676742553711,-499.4990234375,-374.9642028808594,,,,,,,,,,,,,,,,,,,,,,,,,,,,,,,,,,,,,,,,,,,,,,,,,,,,,,,,,,,
1.7758752987096166e+18,,,,,,,,,,,,,,,,,,,,,,,,,,,,,-215.71531677246094,-21.570873260498047,-21.571531295776367,-21.571531295776367,-21.571531295776367,-21.570873260498047,-180.36141967773438,,,,,,,,,,,,,,,,,,,,,,,,,,,,,,,,,,,,,,,,
1.7758752987096768e+18,,,,,,,,,,,,,,,,,-304.0819396972656,-273.2640686035156,-309.6015625,-297.64239501953125,-291.43280029296875,-316.7310791015625,-285.2232360839844,-323.860595703125,108.25556945800781,43.30222702026367,43.30222702026367,-299.3795166015625,,,,,,,,,,,,,,,,,,,,,,,,,,,,,,,,,,,,,,,,,,,,,,,
1.775875298709849e+18,-374.78839111328125,-1248.6763916015625,-374.9709167480469,-75.02608489990234,-500.5831298828125,-375.2193298339844,-368.8443298339844,-375.009033203125,,,,,,,,,,,,,,,,,,,,,,,,,,,,,,,,,,,,,,,,,,,,,,,,,,,,,,,,,,,,,,,,,,,
1.7758752987098783e+18,,,,,,,,,-374.6951904296875,-1249.685546875,-375.1200866699219,-75.04267120361328,-75.01158905029297,-74.96151733398438,-499.4169921875,-374.9334411621094,,,,,,,,,,,,,,,,,,,,,,,,,,,,,,,,,,,,,,,,,,,,,,,,,,,,,,,,,,,
1.7758752987100165e+18,,,,,,,,,,,,,,,,,,,,,,,,,,,,,,,,,,,,,,,,,,,,,,,,,,,,,0.0,0.0,0.0,0.0,0.0,0.0,0.0,0.0,0.0,0.0,0.0,0.0,0.0,0.0,0.0,0.0,0.0,0.0,0.0,0.0,0.0,0.0,0.0
1.7758752987106166e+18,,,,,,,,,,,,,,,,,,,,,,,,,,,,,-215.71531677246094,-21.571531295776367,-21.571531295776367,-21.571531295776367,-21.571531295776367,-21.572189331054688,-180.34500122070312,,,,,,,,,,,,,,,,,,,,,,,,,,,,,,,,,,,,,,,,
1.775875298710677e+18,,,,,,,,,,,,,,,,,-314.4312438964844,-319.2608947753906,-294.882568359375,-337.6596374511719,-297.64239501953125,-293.5026550292969,-303.8519592285156,-277.1737976074219,108.25556945800781,43.30222702026367,43.30222702026367,-300.8887939453125,,,,,,,,,,,,,,,,,,,,,,,,,,,,,,,,,,,,,,,,,,,,,,,
1.775875298710849e+18,-375.31146240234375,-1250.420166015625,-374.90936279296875,-74.99533081054688,-499.76287841796875,-374.66546630859375,-361.3336181640625,-374.79376220703125,,,,,,,,,,,,,,,,,,,,,,,,,,,,,,,,,,,,,,,,,,,,,,,,,,,,,,,,,,,,,,,,,,,
1.7758752987108785e+18,,,,,,,,,-375.4018859863281,-1250.915283203125,-375.08935546875,-75.01192474365234,-75.00543975830078,-74.97998046875,-499.5810546875,-374.6874084472656,,,,,,,,,,,,,,,,,,,,,,,,,,,,,,,,,,,,,,,,,,,,,,,,,,,,,,,,,,,
1.7758752987116168e+18,,,,,,,,,,,,,,,,,,,,,,,,,,,,,-215.71531677246094,-21.571531295776367,-21.571531295776367,-21.571531295776367,-21.571531295776367,-21.571531295776367,-180.32858276367188,,,,,,,,,,,,,,,,,,,,,,,,,,,,,,,,,,,,,,,,
1.775875298711677e+18,,,,,,,,,,,,,,,,,-300.8621520996094,-327.31036376953125,-305.69183349609375,-290.97283935546875,-301.7821044921875,-327.0803527832031,-305.23187255859375,-286.3731689453125,108.25556945800781,43.30222702026367,43.30222702026367,-299.99554443359375,,,,,,,,,,,,,,,,,,,,,,,,,,,,,,,,,,,,,,,,,,,,,,,
1.775875298711849e+18,-374.84991455078125,-1249.599609375,-374.7862548828125,-75.00148010253906,-500.2140197753906,-375.65008544921875,-383.52716064453125,-375.13201904296875,,,,,,,,,,,,,,,,,,,,,,,,,,,,,,,,,,,,,,,,,,,,,,,,,,,,,,,,,,,,,,,,,,,
1.7758752987118787e+18,,,,,,,,,-374.6644592285156,-1249.275634765625,-374.8433837890625,-74.99347686767578,-75.03003692626953,-75.0230484008789,-500.52435302734375,-375.333251953125,,,,,,,,,,,,,,,,,,,,,,,,,,,,,,,,,,,,,,,,,,,,,,,,,,,,,,,,,,,
1.7758752987126167e+18,,,,,,,,,,,,,,,,,,,,,,,,,,,,,-215.71531677246094,-21.571531295776367,-21.572189331054688,-21.571531295776367,-21.571531295776367,-21.572189331054688,-180.39425659179688,,,,,,,,,,,,,,,,,,,,,,,,,,,,,,,,,,,,,,,,
1.775875298712677e+18,,,,,,,,,,,,,,,,,-284.7632751464844,-322.9406433105469,-290.05291748046875,-324.550537109375,-294.422607421875,-288.2130432128906,-305.00189208984375,-286.3731689453125,108.25556945800781,43.30222702026367,43.30222702026367,-300.59619140625,,,,,,,,,,,,,,,,,,,,,,,,,,,,,,,,,,,,,,,,,,,,,,,
1.775875298712849e+18,-374.78839111328125,-1249.8046875,-375.2786865234375,-75.07530212402344,-499.9679260253906,-374.8193054199219,-368.6904296875,-375.47027587890625,,,,,,,,,,,,,,,,,,,,,,,,,,,,,,,,,,,,,,,,,,,,,,,,,,,,,,,,,,,,,,,,,,,
1.7758752987128786e+18,,,,,,,,,-374.5415344238281,-1249.992919921875,-375.1508483886719,-74.98118591308594,-74.92549133300781,-74.97382354736328,-500.1552429199219,-375.17950439453125,,,,,,,,,,,,,,,,,,,,,,,,,,,,,,,,,,,,,,,,,,,,,,,,,,,,,,,,,,,
1.775875298713617e+18,,,,,,,,,,,,,,,,,,,,,,,,,,,,,-215.71531677246094,-21.571531295776367,-21.571531295776367,-21.571531295776367,-21.571531295776367,-21.571531295776367,-180.32858276367188,,,,,,,,,,,,,,,,,,,,,,,,,,,,,,,,,,,,,,,,
1.775875298713677e+18,,,,,,,,,,,,,,,,,-302.9320373535156,-320.41082763671875,-288.6730041503906,-322.2507019042969,-301.0921630859375,-280.8535461425781,-312.1313781738281,-294.882568359375,108.25556945800781,43.30222702026367,43.30222702026367,-301.4278259277344,,,,,,,,,,,,,,,,,,,,,,,,,,,,,,,,,,,,,,,,,,,,,,,
1.775875298713849e+18,-374.81915283203125,-1248.984130859375,-374.7862548828125,-75.00763702392578,-500.2550354003906,-375.4346923828125,-381.24932861328125,-375.4395446777344,,,,,,,,,,,,,,,,,,,,,,,,,,,,,,,,,,,,,,,,,,,,,,,,,,,,,,,,,,,,,,,,,,,
1.775875298713851e+18,,,,,,,,,,,,,,,,,,,,,,,,,,,,,,,,,,,,,,,,,,,,,,,,,,0.0,0.0,0.0,,,,,,,,,,,,,,,,,,,,,,,
1.7758752987138788e+18,,,,,,,,,-374.9717102050781,-1249.3780517578125,-374.5359191894531,-74.96888732910156,-75.01158905029297,-75.04151153564453,-500.48333740234375,-375.11798095703125,,,,,,,,,,,,,,,,,,,,,,,,,,,,,,,,,,,,,,,,,,,,,,,,,,,,,,,,,,,
1.7758752987146168e+18,,,,,,,,,,,,,,,,,,,,,,,,,,,,,-215.71531677246094,-21.571531295776367,-21.571531295776367,-21.571531295776367,-21.571531295776367,-21.571531295776367,-180.34500122070312,,,,,,,,,,,,,,,,,,,,,,,,,,,,,,,,,,,,,,,,
1.7758752987146772e+18,,,,,,,,,,,,,,,,,-307.5317077636719,-313.28131103515625,-284.7632751464844,-325.010498046875,-313.97125244140625,-291.20281982421875,-312.59136962890625,-308.91162109375,108.25556945800781,43.30222702026367,43.30222702026367,-299.0099182128906,,,,,,,,,,,,,,,,,,,,,,,,,,,,,,,,,,,,,,,,,,,,,,,
1.775875298714849e+18,-374.9729919433594,-1249.2918701171875,-374.9401550292969,-75.01993560791016,-499.9269104003906,-375.0346984863281,-374.84674072265625,-374.82452392578125,,,,,,,,,,,,,,,,,,,,,,,,,,,,,,,,,,,,,,,,,,,,,,,,,,,,,,,,,,,,,,,,,,,
1.775875298714879e+18,,,,,,,,,-374.7259216308594,-1249.275634765625,-374.6589050292969,-74.96273803710938,-74.95008850097656,-74.93075561523438,-499.6630554199219,-374.7489318847656,,,,,,,,,,,,,,,,,,,,,,,,,,,,,,,,,,,,,,,,,,,,,,,,,,,,,,,,,,,
1.7758752987148997e+18,,,,,,,,,,,,,,,,,,,,,,,,,,,,,,,,,,,,2297.531982421875,21.918161392211914,2297.531982421875,2297.531982421875,2297.531982421875,2297.531982421875,2297.531982421875,24.67458152770996,2297.531982421875,2297.531982421875,2297.531982421875,2297.531982421875,2297.531982421875,2297.531982421875,,,,,,,,,,,,,,,,,,,,,,,,,,
1.7758752987156168e+18,,,,,,,,,,,,,,,,,,,,,,,,,,,,,-215.71531677246094,-21.571531295776367,-21.571531295776367,-21.571531295776367,-21.571531295776367,-21.571531295776367,-180.45994567871094,,,,,,,,,,,,,,,,,,,,,,,,,,,,,,,,,,,,,,,,
1.7758752987156772e+18,,,,,,,,,,,,,,,,,-292.8127136230469,-300.6321716308594,-330.3001403808594,-305.46185302734375,-290.97283935546875,-312.1313781738281,-274.1839904785156,-287.9830322265625,108.25556945800781,43.30222702026367,43.30222702026367,-302.120849609375,,,,,,,,,,,,,,,,,,,,,,,,,,,,,,,,,,,,,,,,,,,,,,,
1.775875298715849e+18,-375.0345458984375,-1250.215087890625,-374.90936279296875,-74.95841979980469,-499.51678466796875,-374.7577819824219,-372.35345458984375,-375.0705261230469,,,,,,,,,,,,,,,,,,,,,,,,,,,,,,,,,,,,,,,,,,,,,,,,,,,,,,,,,,,,,,,,,,,
1.7758752987158792e+18,,,,,,,,,-375.1867980957031,-1250.6077880859375,-375.05859375,-74.98118591308594,-74.96238708496094,-74.92459869384766,-499.7040710449219,-374.9334411621094,,,,,,,,,,,,,,,,,,,,,,,,,,,,,,,,,,,,,,,,,,,,,,,,,,,,,,,,,,,
1.775875298716617e+18,,,,,,,,,,,,,,,,,,,,,,,,,,,,,-215.71531677246094,-21.571531295776367,-21.571531295776367,-21.571531295776367,-21.571531295776367,-21.571531295776367,-180.45994567871094,,,,,,,,,,,,,,,,,,,,,,,,,,,,,,,,,,,,,,,,
1.7758752987166774e+18,,,,,,,,,,,,,,,,,-298.33233642578125,-323.1706237792969,-289.8229064941406,-324.780517578125,-293.5026550292969,-284.30328369140625,-297.64239501953125,-273.0340576171875,108.25556945800781,43.30222702026367,43.30222702026367,-300.9195861816406,,,,,,,,,,,,,,,,,,,,,,,,,,,,,,,,,,,,,,,,,,,,,,,
1.775875298716849e+18,-374.6960754394531,-1249.4969482421875,-375.12481689453125,-75.05068969726562,-500.4190673828125,-375.3116149902344,-383.52716064453125,-375.19354248046875,,,,,,,,,,,,,,,,,,,,,,,,,,,,,,,,,,,,,,,,,,,,,,,,,,,,,,,,,,,,,,,,,,,
1.7758752987168794e+18,,,,,,,,,-374.8180847167969,-1248.9681396484375,-374.8433837890625,-75.00577545166016,-75.05463409423828,-75.04151153564453,-500.2372741699219,-375.3025207519531,,,,,,,,,,,,,,,,,,,,,,,,,,,,,,,,,,,,,,,,,,,,,,,,,,,,,,,,,,,
1.7758752987175212e+18,,,,,,,,,,,,,,,,,,,,,,,,,,,,,,,,,,,,,,,,,,,,,,,,,,,,,0.0,0.0,0.0,0.0,0.0,0.0,0.0,0.0,0.0,0.0,0.0,0.0,0.0,0.0,0.0,0.0,0.0,0.0,0.0,0.0,0.0,0.0,0.0
1.775875298717617e+18,,,,,,,,,,,,,,,,,,,,,,,,,,,,,-215.71531677246094,-21.571531295776367,-21.571531295776367,-21.571531295776367,-21.570873260498047,-21.572189331054688,-180.4763641357422,,,,,,,,,,,,,,,,,,,,,,,,,,,,,,,,,,,,,,,,
1.7758752987176773e+18,,,,,,,,,,,,,,,,,-300.8621520996094,-274.4139709472656,-304.3119201660156,-285.4532165527344,-268.20440673828125,-300.1722106933594,-273.4940490722656,-289.3629455566406,108.25556945800781,43.30222702026367,43.30222702026367,-301.2430114746094,,,,,,,,,,,,,,,,,,,,,,,,,,,,,,,,,,,,,,,,,,,,,,,
1.7758752987178488e+18,-374.84991455078125,-1249.3944091796875,-374.6323547363281,-74.98918151855469,-500.1730041503906,-375.4039306640625,-383.434814453125,-375.2857971191406,,,,,,,,,,,,,,,,,,,,,,,,,,,,,,,,,,,,,,,,,,,,,,,,,,,,,,,,,,,,,,,,,,,
1.7758752987178793e+18,,,,,,,,,-374.787353515625,-1249.173095703125,-374.8433837890625,-74.950439453125,-74.96853637695312,-75.00459289550781,-500.4013366699219,-375.394775390625,,,,,,,,,,,,,,,,,,,,,,,,,,,,,,,,,,,,,,,,,,,,,,,,,,,,,,,,,,,
1.775875298718617e+18,,,,,,,,,,,,,,,,,,,,,,,,,,,,,-215.708740234375,-21.571531295776367,-21.572189331054688,-21.571531295776367,-21.571531295776367,-21.571531295776367,-180.5092010498047,,,,,,,,,,,,,,,,,,,,,,,,,,,,,,,,,,,,,,,,
1.7758752987186775e+18,,,,,,,,,,,,,,,,,-287.2930908203125,-274.1839904785156,-298.33233642578125,-293.2726745605469,-256.0152282714844,-286.6031494140625,-303.6219787597656,-279.70361328125,108.25556945800781,43.30222702026367,43.30222702026367,-298.1628723144531,,,,,,,,,,,,,,,,,,,,,,,,,,,,,,,,,,,,,,,,,,,,,,,
1.7758752987188488e+18,-374.7268371582031,-1248.881591796875,-374.7554626464844,-74.9399642944336,-499.55780029296875,-374.66546630859375,-362.74957275390625,-374.5784912109375,,,,,,,,,,,,,,,,,,,,,,,,,,,,,,,,,,,,,,,,,,,,,,,,,,,,,,,,,,,,,,,,,,,
1.7758752987188795e+18,,,,,,,,,-375.00244140625,-1250.40283203125,-375.1816101074219,-74.99962615966797,-75.02388763427734,-75.02920532226562,-499.9501647949219,-375.05645751953125,,,,,,,,,,,,,,,,,,,,,,,,,,,,,,,,,,,,,,,,,,,,,,,,,,,,,,,,,,,
1.775875298719617e+18,,,,,,,,,,,,,,,,,,,,,,,,,,,,,-215.71531677246094,-21.571531295776367,-21.571531295776367,-21.570873260498047,-21.570873260498047,-21.571531295776367,-180.49278259277344,,,,,,,,,,,,,,,,,,,,,,,,,,,,,,,,,,,,,,,,
1.7758752987196774e+18,,,,,,,,,,,,,,,,,-287.2930908203125,-293.732666015625,-304.3119201660156,-285.9131774902344,-306.61175537109375,-271.8841552734375,-290.51287841796875,-280.6235656738281,108.25556945800781,43.30222702026367,43.30222702026367,-300.1649475097656,,,,,,,,,,,,,,,,,,,,,,,,,,,,,,,,,,,,,,,,,,,,,,,
1.7758752987198487e+18,-375.0960998535156,-1249.1893310546875,-375.001708984375,-75.03839111328125,-500.5421142578125,-375.0346984863281,-368.321044921875,-374.978271484375,,,,,,,,,,,,,,,,,,,,,,,,,,,,,,,,,,,,,,,,,,,,,,,,,,,,,,,,,,,,,,,,,,,
1.7758752987198797e+18,,,,,,,,,-374.7259216308594,-1248.76318359375,-374.9971008300781,-75.01807403564453,-74.96238708496094,-74.92459869384766,-499.8271179199219,-375.05645751953125,,,,,,,,,,,,,,,,,,,,,,,,,,,,,,,,,,,,,,,,,,,,,,,,,,,,,,,,,,,
1.7758752987206172e+18,,,,,,,,,,,,,,,,,,,,,,,,,,,,,-215.71531677246094,-21.571531295776367,-21.571531295776367,-21.571531295776367,-21.571531295776367,-21.571531295776367,-180.54205322265625,,,,,,,,,,,,,,,,,,,,,,,,,,,,,,,,,,,,,,,,
1.7758752987206776e+18,,,,,,,,,,,,,,,,,-264.984619140625,-289.3629455566406,-294.422607421875,-264.524658203125,-284.07330322265625,-297.64239501953125,-259.4649963378906,-297.1824035644531,108.25556945800781,43.30222702026367,43.30222702026367,-299.31793212890625,,,,,,,,,,,,,,,,,,,,,,,,,,,,,,,,,,,,,,,,,,,,,,,
1.775875298720849e+18,-374.7575988769531,-1250.215087890625,-375.12481689453125,-75.08760070800781,-500.5421142578125,-374.97314453125,-365.4275817871094,-374.5784912109375,,,,,,,,,,,,,,,,,,,,,,,,,,,,,,,,,,,,,,,,,,,,,,,,,,,,,,,,,,,,,,,,,,,
1.7758752987208799e+18,,,,,,,,,-374.8795471191406,-1249.3780517578125,-375.1508483886719,-75.02422332763672,-75.03618621826172,-74.9922866821289,-499.6630554199219,-374.7796936035156,,,,,,,,,,,,,,,,,,,,,,,,,,,,,,,,,,,,,,,,,,,,,,,,,,,,,,,,,,,
1.775875298721184e+18,,,,,,,,,,,,,,,,,,,,,,,,,,,,,,,,,,,,,,,,,,,,,,,,,,0.0,0.0,0.0,,,,,,,,,,,,,,,,,,,,,,,
1.7758752987216172e+18,,,,,,,,,,,,,,,,,,,,,,,,,,,,,-215.71531677246094,-21.570873260498047,-21.571531295776367,-21.571531295776367,-21.571531295776367,-21.571531295776367,-180.54205322265625,,,,,,,,,,,,,,,,,,,,,,,,,,,,,,,,,,,,,,,,
1.7758752987216776e+18,,,,,,,,,,,,,,,,,-298.56231689453125,-289.8229064941406,-264.064697265625,-296.7224426269531,-302.4720458984375,-273.9540100097656,-256.0152282714844,-292.5827331542969,108.25556945800781,43.30222702026367,43.30222702026367,-301.30462646484375,,,,,,,,,,,,,,,,,,,,,,,,,,,,,,,,,,,,,,,,,,,,,,,
1.7758752987218488e+18,-374.9729919433594,-1249.9073486328125,-375.12481689453125,-74.9645767211914,-499.8858947753906,-374.8500671386719,-360.1947021484375,-374.79376220703125,,,,,,,,,,,,,,,,,,,,,,,,,,,,,,,,,,,,,,,,,,,,,,,,,,,,,,,,,,,,,,,,,,,
1.77587529872188e+18,,,,,,,,,-374.6951904296875,-1248.9681396484375,-374.7818908691406,-74.95658874511719,-74.97468566894531,-74.98612976074219,-499.5810546875,-374.9334411621094,,,,,,,,,,,,,,,,,,,,,,,,,,,,,,,,,,,,,,,,,,,,,,,,,,,,,,,,,,,
1.7758752987226173e+18,,,,,,,,,,,,,,,,,,,,,,,,,,,,,-215.71531677246094,-21.571531295776367,-21.570873260498047,-21.571531295776367,-21.571531295776367,-21.571531295776367,-180.49278259277344,,,,,,,,,,,,,,,,,,,,,,,,,,,,,,,,,,,,,,,,
1.7758752987226778e+18,,,,,,,,,,,,,,,,,-296.2624816894531,-299.7122497558594,-277.6337585449219,-295.342529296875,-290.97283935546875,-264.754638671875,-260.1549377441406,-294.652587890625,108.25556945800781,43.30222702026367,43.30222702026367,-298.9637145996094,,,,,,,,,,,,,,,,,,,,,,,,,,,,,,,,,,,,,,,,,,,,,,,
1.7758752987228488e+18,-375.28070068359375,-1250.7279052734375,-375.032470703125,-74.9645767211914,-499.72186279296875,-374.91162109375,-375.00067138671875,-375.50103759765625,,,,,,,,,,,,,,,,,,,,,,,,,,,,,,,,,,,,,,,,,,,,,,,,,,,,,,,,,,,,,,,,,,,
1.77587529872288e+18,,,,,,,,,-375.4018859863281,-1250.915283203125,-374.9971008300781,-74.96888732910156,-74.92549133300781,-74.9922866821289,-500.1552429199219,-375.394775390625,,,,,,,,,,,,,,,,,,,,,,,,,,,,,,,,,,,,,,,,,,,,,,,,,,,,,,,,,,,
1.7758752987236173e+18,,,,,,,,,,,,,,,,,,,,,,,,,,,,,-215.71531677246094,-21.571531295776367,-21.571531295776367,-21.571531295776367,-21.571531295776367,-21.571531295776367,-180.42710876464844,,,,,,,,,,,,,,,,,,,,,,,,,,,,,,,,,,,,,,,,
1.7758752987236777e+18,,,,,,,,,,,,,,,,,-296.2624816894531,-285.6831970214844,-302.2420654296875,-279.93359375,-296.2624816894531,-272.3441162109375,-288.4430236816406,-267.0544738769531,108.25556945800781,43.30222702026367,43.30222702026367,-298.3168640136719,,,,,,,,,,,,,,,,,,,,,,,,,,,,,,,,,,,,,,,,,,,,,,,
1.775875298723849e+18,-374.9422302246094,-1250.7279052734375,-375.4325866699219,-75.01378631591797,-499.68084716796875,-374.4500732421875,-368.6288757324219,-375.2242736816406,,,,,,,,,,,,,,,,,,,,,,,,,,,,,,,,,,,,,,,,,,,,,,,,,,,,,,,,,,,,,,,,,,,
1.7758752987238802e+18,,,,,,,,,-375.00244140625,-1250.40283203125,-375.2738342285156,-74.99347686767578,-74.96238708496094,-74.96151733398438,-499.5400390625,-375.0257263183594,,,,,,,,,,,,,,,,,,,,,,,,,,,,,,,,,,,,,,,,,,,,,,,,,,,,,,,,,,,
1.7758752987246175e+18,,,,,,,,,,,,,,,,,,,,,,,,,,,,,-215.71531677246094,-21.571531295776367,-21.571531295776367,-21.571531295776367,-21.571531295776367,-21.572189331054688,-180.41067504882812,,,,,,,,,,,,,,,,,,,,,,,,,,,,,,,,,,,,,,,,
1.775875298724678e+18,,,,,,,,,,,,,,,,,-273.2640686035156,-311.9013977050781,-283.84332275390625,-297.87237548828125,-303.6219787597656,-281.7734680175781,-301.3221435546875,-290.74285888671875,108.25556945800781,43.30222702026367,43.30222702026367,-299.7645568847656,,,,,,,,,,,,,,,,,,,,,,,,,,,,,,,,,,,,,,,,,,,,,,,
1.775875298724849e+18,-374.78839111328125,-1249.7021484375,-375.1863708496094,-75.07530212402344,-500.1730041503906,-374.7885437011719,-367.7669677734375,-374.76300048828125,,,,,,,,,,,,,,,,,,,,,,,,,,,,,,,,,,,,,,,,,,,,,,,,,,,,,,,,,,,,,,,,,,,
1.7758752987248804e+18,,,,,,,,,-374.572265625,-1249.4805908203125,-375.05859375,-75.04882049560547,-75.0484848022461,-74.97998046875,-499.7450866699219,-374.6566467285156,,,,,,,,,,,,,,,,,,,,,,,,,,,,,,,,,,,,,,,,,,,,,,,,,,,,,,,,,,,
1.7758752987251244e+18,,,,,,,,,,,,,,,,,,,,,,,,,,,,,,,,,,,,,,,,,,,,,,,,,,,,,0.0,0.0,0.0,0.0,0.0,0.0,0.0,0.0,0.0,0.0,0.0,0.0,0.0,0.0,0.0,0.0,0.0,0.0,0.0,0.0,0.0,0.0,0.0
1.7758752987256174e+18,,,,,,,,,,,,,,,,,,,,,,,,,,,,,-215.71531677246094,-21.570873260498047,-21.571531295776367,-21.571531295776367,-21.571531295776367,-21.571531295776367,-180.31214904785156,,,,,,,,,,,,,,,,,,,,,,,,,,,,,,,,,,,,,,,,
1.7758752987256778e+18,,,,,,,,,,,,,,,,,-301.0921630859375,-282.69342041015625,-312.1313781738281,-279.4736328125,-300.6321716308594,-284.9932556152344,-278.78369140625,-299.2522888183594,108.25556945800781,43.30222702026367,43.30222702026367,-300.75018310546875,,,,,,,,,,,,,,,,,,,,,,,,,,,,,,,,,,,,,,,,,,,,,,,
1.7758752987258488e+18,-375.31146240234375,-1251.548583984375,-375.001708984375,-74.94612121582031,-499.47576904296875,-374.7885437011719,-376.53973388671875,-375.47027587890625,,,,,,,,,,,,,,,,,,,,,,,,,,,,,,,,,,,,,,,,,,,,,,,,,,,,,,,,,,,,,,,,,,,
1.7758752987258806e+18,,,,,,,,,-375.1253662109375,-1251.017822265625,-375.1200866699219,-74.97503662109375,-74.97468566894531,-74.95536804199219,-499.9911804199219,-375.08721923828125,,,,,,,,,,,,,,,,,,,,,,,,,,,,,,,,,,,,,,,,,,,,,,,,,,,,,,,,,,,
1.7758752987266176e+18,,,,,,,,,,,,,,,,,,,,,,,,,,,,,-215.71531677246094,-21.571531295776367,-21.571531295776367,-21.571531295776367,-21.571531295776367,-21.571531295776367,-180.34500122070312,,,,,,,,,,,,,,,,,,,,,,,,,,,,,,,,,,,,,,,,
1.775875298726678e+18,,,,,,,,,,,,,,,,,-289.5929260253906,-324.320556640625,-304.0819396972656,-292.8127136230469,-308.91162109375,-287.7530517578125,-274.6439514160156,-313.51129150390625,108.25556945800781,43.30222702026367,43.30222702026367,-299.6259460449219,,,,,,,,,,,,,,,,,,,,,,,,,,,,,,,,,,,,,,,,,,,,,,,
1.7758752987268488e+18,-374.81915283203125,-1249.4969482421875,-374.6323547363281,-74.97687530517578,-500.0089416503906,-374.72698974609375,-371.1529541015625,-375.16278076171875,,,,,,,,,,,,,,,,,,,,,,,,,,,,,,,,,,,,,,,,,,,,,,,,,,,,,,,,,,,,,,,,,,,
1.7758752987268805e+18,,,,,,,,,-374.787353515625,-1249.3780517578125,-374.6589050292969,-74.950439453125,-74.95008850097656,-74.95536804199219,-499.4169921875,-374.6874084472656,,,,,,,,,,,,,,,,,,,,,,,,,,,,,,,,,,,,,,,,,,,,,,,,,,,,,,,,,,,
1.7758752987274015e+18,,,,,,,,,,,,,,,,,,,,,,,,,,,,,,,,,,,,2297.673583984375,22.078744888305664,2297.673583984375,2297.673583984375,2297.673583984375,2297.673583984375,2297.673583984375,24.749177932739258,2297.673583984375,2297.673583984375,2297.673583984375,2297.673583984375,2297.673583984375,2297.673583984375,,,,,,,,,,,,,,,,,,,,,,,,,,
1.7758752987276175e+18,,,,,,,,,,,,,,,,,,,,,,,,,,,,,-215.708740234375,-21.571531295776367,-21.571531295776367,-21.570873260498047,-21.571531295776367,-21.571531295776367,-180.36141967773438,,,,,,,,,,,,,,,,,,,,,,,,,,,,,,,,,,,,,,,,
1.775875298727678e+18,,,,,,,,,,,,,,,,,-311.4414367675781,-302.9320373535156,-285.6831970214844,-323.860595703125,-284.30328369140625,-307.3017272949219,-316.0411376953125,-299.4822692871094,108.25556945800781,43.30222702026367,43.30222702026367,-301.6434326171875,,,,,,,,,,,,,,,,,,,,,,,,,,,,,,,,,,,,,,,,,,,,,,,
1.7758752987278487e+18,-375.0653076171875,-1250.7279052734375,-375.494140625,-75.06914520263672,-500.0089416503906,-374.8193054199219,-361.487548828125,-375.0705261230469,,,,,,,,,,,,,,,,,,,,,,,,,,,,,,,,,,,,,,,,,,,,,,,,,,,,,,,,,,,,,,,,,,,
1.7758752987278807e+18,,,,,,,,,-374.94097900390625,-1250.6077880859375,-375.1200866699219,-74.96888732910156,-74.95008850097656,-74.94921112060547,-499.8271179199219,-374.9334411621094,,,,,,,,,,,,,,,,,,,,,,,,,,,,,,,,,,,,,,,,,,,,,,,,,,,,,,,,,,,
1.7758752987282862e+18,,,,,,,,,,,,,,,,,,,,,,,,,,,,,,,,,,,,,,,,,,,,,,,,,,0.0,0.0,0.0,,,,,,,,,,,,,,,,,,,,,,,
1.7758752987286177e+18,,,,,,,,,,,,,,,,,,,,,,,,,,,,,-215.71531677246094,-21.571531295776367,-21.571531295776367,-21.571531295776367,-21.571531295776367,-21.571531295776367,-180.2957305908203,,,,,,,,,,,,,,,,,,,,,,,,,,,,,,,,,,,,,,,,
1.7758752987286781e+18,,,,,,,,,,,,,,,,,-306.38177490234375,-333.9798889160156,-299.02227783203125,-333.7499084472656,-303.3919982910156,-297.87237548828125,-308.681640625,-286.8331298828125,108.25556945800781,43.30222702026367,43.30222702026367,-301.9052429199219,,,,,,,,,,,,,,,,,,,,,,,,,,,,,,,,,,,,,,,,,,,,,,,
1.775875298728849e+18,-375.1883850097656,-1251.4459228515625,-375.12481689453125,-74.9399642944336,-499.51678466796875,-374.7577819824219,-374.1387634277344,-375.4395446777344,,,,,,,,,,,,,,,,,,,,,,,,,,,,,,,,,,,,,,,,,,,,,,,,,,,,,,,,,,,,,,,,,,,
1.775875298728881e+18,,,,,,,,,-375.0946350097656,-1251.017822265625,-375.1816101074219,-74.97503662109375,-74.97468566894531,-74.94921112060547,-500.0321960449219,-375.11798095703125,,,,,,,,,,,,,,,,,,,,,,,,,,,,,,,,,,,,,,,,,,,,,,,,,,,,,,,,,,,
1.7758752987296177e+18,,,,,,,,,,,,,,,,,,,,,,,,,,,,,-215.71531677246094,-21.571531295776367,-21.571531295776367,-21.571531295776367,-21.571531295776367,-21.571531295776367,-180.31214904785156,,,,,,,,,,,,,,,,,,,,,,,,,,,,,,,,,,,,,,,,
1.775875298729678e+18,,,,,,,,,,,,,,,,,-311.4414367675781,-321.10076904296875,-286.8331298828125,-309.83154296875,-309.83154296875,-284.07330322265625,-307.0717468261719,-318.5709533691406,108.25556945800781,43.30222702026367,43.30222702026367,-300.6885986328125,,,,,,,,,,,,,,,,,,,,,,,,,,,,,,,,,,,,,,,,,,,,,,,
1.7758752987298488e+18,-374.8807067871094,-1249.9073486328125,-375.3094787597656,-75.05068969726562,-500.0909729003906,-374.63470458984375,-366.32025146484375,-375.13201904296875,,,,,,,,,,,,,,,,,,,,,,,,,,,,,,,,,,,,,,,,,,,,,,,,,,,,,,,,,,,,,,,,,,,
1.775875298729881e+18,,,,,,,,,-374.7566223144531,-1250.1978759765625,-375.3353271484375,-75.04267120361328,-74.9808349609375,-74.97382354736328,-499.7861022949219,-375.2409973144531,,,,,,,,,,,,,,,,,,,,,,,,,,,,,,,,,,,,,,,,,,,,,,,,,,,,,,,,,,,
1.7758752987306179e+18,,,,,,,,,,,,,,,,,,,,,,,,,,,,,-215.71531677246094,-21.571531295776367,-21.571531295776367,-21.570873260498047,-21.571531295776367,-21.571531295776367,-180.41067504882812,,,,,,,,,,,,,,,,,,,,,,,,,,,,,,,,,,,,,,,,
1.7758752987306783e+18,,,,,,,,,,,,,,,,,-311.2114562988281,-320.87078857421875,-287.9830322265625,-312.82135009765625,-326.1604309082031,-300.8621520996094,-284.07330322265625,-325.9304504394531,108.25556945800781,43.30222702026367,43.30222702026367,-302.4750671386719,,,,,,,,,,,,,,,,,,,,,,,,,,,,,,,,,,,,,,,,,,,,,,,
1.7758752987308488e+18,-375.0345458984375,-1249.3944091796875,-374.7247009277344,-74.9707260131836,-499.63983154296875,-375.0346984863281,-377.9248962402344,-375.53179931640625,,,,,,,,,,,,,,,,,,,,,,,,,,,,,,,,,,,,,,,,,,,,,,,,,,,,,,,,,,,,,,,,,,,
1.7758752987308813e+18,,,,,,,,,-375.06390380859375,-1249.275634765625,-374.68963623046875,-74.95658874511719,-74.96238708496094,-74.97998046875,-500.1552429199219,-375.11798095703125,,,,,,,,,,,,,,,,,,,,,,,,,,,,,,,,,,,,,,,,,,,,,,,,,,,,,,,,,,,
1.775875298731618e+18,,,,,,,,,,,,,,,,,,,,,,,,,,,,,-215.71531677246094,-21.571531295776367,-21.572189331054688,-21.572189331054688,-21.571531295776367,-21.571531295776367,-180.36141967773438,,,,,,,,,,,,,,,,,,,,,,,,,,,,,,,,,,,,,,,,
1.7758752987316782e+18,,,,,,,,,,,,,,,,,-314.8912048339844,-291.20281982421875,-285.4532165527344,-320.64080810546875,-305.00189208984375,-292.8127136230469,-289.1329650878906,-322.9406433105469,108.25556945800781,43.30222702026367,43.30222702026367,-302.5674743652344,,,,,,,,,,,,,,,,,,,,,,,,,,,,,,,,,,,,,,,,,,,,,,,
1.7758752987318487e+18,-375.3730163574219,-1251.3433837890625,-375.1863708496094,-75.08760070800781,-500.5010986328125,-375.0654602050781,-376.8167724609375,-374.8860168457031,,,,,,,,,,,,,,,,,,,,,,,,,,,,,,,,,,,,,,,,,,,,,,,,,,,,,,,,,,,,,,,,,,,
1.7758752987318812e+18,,,,,,,,,-375.1253662109375,-1250.40283203125,-375.21234130859375,-75.01192474365234,-75.06693267822266,-75.04766082763672,-500.0732116699219,-375.05645751953125,,,,,,,,,,,,,,,,,,,,,,,,,,,,,,,,,,,,,,,,,,,,,,,,,,,,,,,,,,,
1.7758752987326182e+18,,,,,,,,,,,,,,,,,,,,,,,,,,,,,-215.71531677246094,-21.571531295776367,-21.571531295776367,-21.572189331054688,-21.571531295776367,-21.571531295776367,-180.42710876464844,,,,,,,,,,,,,,,,,,,,,,,,,,,,,,,,,,,,,,,,
1.7758752987326784e+18,,,,,,,,,,,,,,,,,-329.3802185058594,-300.6321716308594,-325.7004699707031,-296.9524230957031,-314.2012634277344,-296.0325012207031,-306.38177490234375,-301.7821044921875,108.25556945800781,43.30222702026367,43.30222702026367,-300.65777587890625,,,,,,,,,,,,,,,,,,,,,,,,,,,,,,,,,,,,,,,,,,,,,,,
1.775875298732849e+18,-375.28070068359375,-1250.93310546875,-374.8170166015625,-74.99533081054688,-500.3780517578125,-375.5270080566406,-372.4150085449219,-374.8860168457031,,,,,,,,,,,,,,,,,,,,,,,,,,,,,,,,,,,,,,,,,,,,,,,,,,,,,,,,,,,,,,,,,,,
1.7758752987328814e+18,,,,,,,,,-375.15606689453125,-1249.4805908203125,-374.6589050292969,-75.02422332763672,-75.02388763427734,-74.96151733398438,-499.4580078125,-374.9949645996094,,,,,,,,,,,,,,,,,,,,,,,,,,,,,,,,,,,,,,,,,,,,,,,,,,,,,,,,,,,
1.7758752987328899e+18,,,,,,,,,,,,,,,,,,,,,,,,,,,,,,,,,,,,,,,,,,,,,,,,,,,,,0.0,0.0,0.0,0.0,0.0,0.0,0.0,0.0,0.0,0.0,0.0,0.0,0.0,0.0,0.0,0.0,0.0,0.0,0.0,0.0,0.0,0.0,0.0
1.7758752987336184e+18,,,,,,,,,,,,,,,,,,,,,,,,,,,,,-215.71531677246094,-21.571531295776367,-21.571531295776367,-21.571531295776367,-21.571531295776367,-21.571531295776367,-180.45994567871094,,,,,,,,,,,,,,,,,,,,,,,,,,,,,,,,,,,,,,,,
1.7758752987336783e+18,,,,,,,,,,,,,,,,,-313.74127197265625,-282.69342041015625,-299.4822692871094,-300.8621520996094,-277.6337585449219,-313.51129150390625,-276.25384521484375,-323.400634765625,108.25556945800781,43.30222702026367,43.30222702026367,-298.8866882324219,,,,,,,,,,,,,,,,,,,,,,,,,,,,,,,,,,,,,,,,,,,,,,,
1.7758752987338488e+18,-375.3422546386719,-1251.4459228515625,-375.15557861328125,-75.08760070800781,-500.4190673828125,-375.12701416015625,-383.52716064453125,-374.9167785644531,,,,,,,,,,,,,,,,,,,,,,,,,,,,,,,,,,,,,,,,,,,,,,,,,,,,,,,,,,,,,,,,,,,
1.7758752987338816e+18,,,,,,,,,-375.1867980957031,-1250.3004150390625,-375.1508483886719,-75.01192474365234,-75.06693267822266,-75.04766082763672,-500.0732116699219,-375.2717590332031,,,,,,,,,,,,,,,,,,,,,,,,,,,,,,,,,,,,,,,,,,,,,,,,,,,,,,,,,,,
1.7758752987346186e+18,,,,,,,,,,,,,,,,,,,,,,,,,,,,,-215.71531677246094,-21.571531295776367,-21.571531295776367,-21.570873260498047,-21.571531295776367,-21.571531295776367,-180.4763641357422,,,,,,,,,,,,,,,,,,,,,,,,,,,,,,,,,,,,,,,,
1.7758752987346785e+18,,,,,,,,,,,,,,,,,-307.9916687011719,-283.38336181640625,-290.28289794921875,-324.090576171875,-280.3935546875,-264.294677734375,-275.79388427734375,-302.2420654296875,108.25556945800781,43.30222702026367,43.30222702026367,-299.70294189453125,,,,,,,,,,,,,,,,,,,,,,,,,,,,,,,,,,,,,,,,,,,,,,,
1.7758752987348488e+18,-375.1268615722656,-1251.1383056640625,-375.2171325683594,-74.99533081054688,-499.59881591796875,-374.6039123535156,-367.3360290527344,-374.8552551269531,,,,,,,,,,,,,,,,,,,,,,,,,,,,,,,,,,,,,,,,,,,,,,,,,,,,,,,,,,,,,,,,,,,
1.7758752987348818e+18,,,,,,,,,-375.2482604980469,-1250.40283203125,-375.3660888671875,-75.04267120361328,-75.01158905029297,-74.98612976074219,-499.7040710449219,-374.7796936035156,,,,,,,,,,,,,,,,,,,,,,,,,,,,,,,,,,,,,,,,,,,,,,,,,,,,,,,,,,,
1.7758752987352415e+18,,,,,,,,,,,,,,,,,,,,,,,,,,,,,,,,,,,,,,,,,,,,,,,,,,0.0,0.0,0.0,,,,,,,,,,,,,,,,,,,,,,,
1.7758752987356186e+18,,,,,,,,,,,,,,,,,,,,,,,,,,,,,-215.71531677246094,-21.571531295776367,-21.571531295776367,-21.571531295776367,-21.571531295776367,-21.571531295776367,-180.525634765625,,,,,,,,,,,,,,,,,,,,,,,,,,,,,,,,,,,,,,,,
1.7758752987356785e+18,,,,,,,,,,,,,,,,,-273.9540100097656,-310.29150390625,-284.9932556152344,-290.05291748046875,-300.4021911621094,-276.71380615234375,-298.33233642578125,-279.24365234375,108.25556945800781,43.30222702026367,43.30222702026367,-299.88775634765625,,,,,,,,,,,,,,,,,,,,,,,,,,,,,,,,,,,,,,,,,,,,,,,
1.7758752987358487e+18,-375.0037841796875,-1249.1893310546875,-374.9401550292969,-75.02608489990234,-500.5010986328125,-375.2500915527344,-380.69525146484375,-374.8552551269531,,,,,,,,,,,,,,,,,,,,,,,,,,,,,,,,,,,,,,,,,,,,,,,,,,,,,,,,,,,,,,,,,,,
1.775875298735882e+18,,,,,,,,,-374.7259216308594,-1248.86572265625,-374.8433837890625,-75.00577545166016,-75.06693267822266,-75.05996704101562,-500.1552429199219,-374.9642028808594,,,,,,,,,,,,,,,,,,,,,,,,,,,,,,,,,,,,,,,,,,,,,,,,,,,,,,,,,,,
1.7758752987366188e+18,,,,,,,,,,,,,,,,,,,,,,,,,,,,,-215.71531677246094,-21.571531295776367,-21.571531295776367,-21.571531295776367,-21.571531295776367,-21.571531295776367,-180.54205322265625,,,,,,,,,,,,,,,,,,,,,,,,,,,,,,,,,,,,,,,,
1.7758752987366787e+18,,,,,,,,,,,,,,,,,-271.4241943359375,-282.92340087890625,-304.5419006347656,-311.9013977050781,-270.9642028808594,-262.9147644042969,-282.2334289550781,-291.66278076171875,108.25556945800781,43.30222702026367,43.30222702026367,-300.1957702636719,,,,,,,,,,,,,,,,,,,,,,,,,,,,,,,,,,,,,,,,,,,,,,,
1.7758752987368486e+18,-374.9114685058594,-1248.6763916015625,-374.7862548828125,-74.97687530517578,-499.47576904296875,-374.7577819824219,-370.5373229980469,-374.79376220703125,,,,,,,,,,,,,,,,,,,,,,,,,,,,,,,,,,,,,,,,,,,,,,,,,,,,,,,,,,,,,,,,,,,
1.775875298736882e+18,,,,,,,,,-374.9102783203125,-1249.0706787109375,-374.8741149902344,-74.97503662109375,-74.93778991699219,-74.93075561523438,-499.6220397949219,-374.8104248046875,,,,,,,,,,,,,,,,,,,,,,,,,,,,,,,,,,,,,,,,,,,,,,,,,,,,,,,,,,,
1.775875298737619e+18,,,,,,,,,,,,,,,,,,,,,,,,,,,,,-215.71531677246094,-21.571531295776367,-21.571531295776367,-21.571531295776367,-21.571531295776367,-21.571531295776367,-180.45994567871094,,,,,,,,,,,,,,,,,,,,,,,,,,,,,,,,,,,,,,,,
1.7758752987376786e+18,,,,,,,,,,,,,,,,,-297.41241455078125,-293.5026550292969,-282.2334289550781,-298.33233642578125,-272.8040771484375,-289.1329650878906,-260.38494873046875,-295.8025207519531,108.25556945800781,43.30222702026367,43.30222702026367,-299.6413269042969,,,,,,,,,,,,,,,,,,,,,,,,,,,,,,,,,,,,,,,,,,,,,,,
1.7758752987378488e+18,-375.1883850097656,-1249.599609375,-374.8170166015625,-74.99533081054688,-500.4190673828125,-375.2808532714844,-383.15777587890625,-374.6092529296875,,,,,,,,,,,,,,,,,,,,,,,,,,,,,,,,,,,,,,,,,,,,,,,,,,,,,,,,,,,,,,,,,,,
1.775875298737882e+18,,,,,,,,,-374.7566223144531,-1248.6607666015625,-374.8433837890625,-75.01192474365234,-75.06078338623047,-75.0230484008789,-499.7450866699219,-374.8104248046875,,,,,,,,,,,,,,,,,,,,,,,,,,,,,,,,,,,,,,,,,,,,,,,,,,,,,,,,,,,
1.7758752987386191e+18,,,,,,,,,,,,,,,,,,,,,,,,,,,,,-215.71531677246094,-21.571531295776367,-21.571531295776367,-21.571531295776367,-21.571531295776367,-21.571531295776367,-180.4435272216797,,,,,,,,,,,,,,,,,,,,,,,,,,,,,,,,,,,,,,,,
1.7758752987386788e+18,,,,,,,,,,,,,,,,,-259.0050354003906,-296.2624816894531,-273.9540100097656,-270.7342224121094,-294.192626953125,-270.7342224121094,-276.25384521484375,-307.0717468261719,108.25556945800781,43.30222702026367,43.30222702026367,-298.701904296875,,,,,,,,,,,,,,,,,,,,,,,,,,,,,,,,,,,,,,,,,,,,,,,
1.7758752987388488e+18,-374.9114685058594,-1248.6763916015625,-374.9709167480469,-75.03224182128906,-500.6651611328125,-375.4654846191406,-378.23272705078125,-374.76300048828125,,,,,,,,,,,,,,,,,,,,,,,,,,,,,,,,,,,,,,,,,,,,,,,,,,,,,,,,,,,,,,,,,,,
1.7758752987388823e+18,,,,,,,,,-374.6951904296875,-1249.5830078125,-374.96636962890625,-75.04267120361328,-75.02388763427734,-75.05996704101562,-500.0732116699219,-374.8104248046875,,,,,,,,,,,,,,,,,,,,,,,,,,,,,,,,,,,,,,,,,,,,,,,,,,,,,,,,,,,
1.7758752987396193e+18,,,,,,,,,,,,,,,,,,,,,,,,,,,,,-215.708740234375,-21.571531295776367,-21.571531295776367,-21.571531295776367,-21.571531295776367,-21.571531295776367,-180.45994567871094,,,,,,,,,,,,,,,,,,,,,,,,,,,,,,,,,,,,,,,,
1.7758752987396787e+18,,,,,,,,,,,,,,,,,-294.652587890625,-264.294677734375,-296.4924621582031,-264.064697265625,-287.5230712890625,-279.4736328125,-276.9438171386719,-301.5521240234375,108.25556945800781,43.30222702026367,43.30222702026367,-300.2573547363281,,,,,,,,,,,,,,,,,,,,,,,,,,,,,,,,,,,,,,,,,,,,,,,
1.7758752987398487e+18,-375.0960998535156,-1251.4459228515625,-375.032470703125,-74.97687530517578,-499.80389404296875,-374.880859375,-378.63287353515625,-375.3165283203125,,,,,,,,,,,,,,,,,,,,,,,,,,,,,,,,,,,,,,,,,,,,,,,,,,,,,,,,,,,,,,,,,,,
1.7758752987398825e+18,,,,,,,,,-375.37115478515625,-1250.40283203125,-374.7511291503906,-74.94429016113281,-74.96238708496094,-75.0107421875,-500.44232177734375,-375.425537109375,,,,,,,,,,,,,,,,,,,,,,,,,,,,,,,,,,,,,,,,,,,,,,,,,,,,,,,,,,,
1.7758752987399032e+18,,,,,,,,,,,,,,,,,,,,,,,,,,,,,,,,,,,,2297.608642578125,22.05452537536621,2297.608642578125,2297.608642578125,2297.608642578125,2297.608642578125,2297.608642578125,24.680255889892578,2297.608642578125,2297.608642578125,2297.608642578125,2297.608642578125,2297.608642578125,2297.608642578125,,,,,,,,,,,,,,,,,,,,,,,,,,
1.7758752987406193e+18,,,,,,,,,,,,,,,,,,,,,,,,,,,,,-215.71531677246094,-21.570873260498047,-21.571531295776367,-21.571531295776367,-21.571531295776367,-21.571531295776367,-180.42710876464844,,,,,,,,,,,,,,,,,,,,,,,,,,,,,,,,,,,,,,,,
1.7758752987406725e+18,,,,,,,,,,,,,,,,,,,,,,,,,,,,,,,,,,,,,,,,,,,,,,,,,,,,,0.0,0.0,0.0,0.0,0.0,0.0,0.0,0.0,0.0,0.0,0.0,0.0,0.0,0.0,0.0,0.0,0.0,0.0,0.0,0.0,0.0,0.0,0.0
1.775875298740679e+18,,,,,,,,,,,,,,,,,-270.2742614746094,-297.41241455078125,-282.2334289550781,-276.71380615234375,-291.66278076171875,-270.0442810058594,-291.20281982421875,-273.4940490722656,108.25556945800781,43.30222702026367,43.30222702026367,-300.36517333984375,,,,,,,,,,,,,,,,,,,,,,,,,,,,,,,,,,,,,,,,,,,,,,,
1.7758752987408486e+18,-375.1268615722656,-1248.984130859375,-374.57080078125,-74.9707260131836,-500.2140197753906,-375.65008544921875,-383.52716064453125,-374.79376220703125,,,,,,,,,,,,,,,,,,,,,,,,,,,,,,,,,,,,,,,,,,,,,,,,,,,,,,,,,,,,,,,,,,,
1.7758752987408824e+18,,,,,,,,,-375.0946350097656,-1249.3780517578125,-374.8433837890625,-75.01192474365234,-75.0484848022461,-75.0107421875,-499.7450866699219,-374.62591552734375,,,,,,,,,,,,,,,,,,,,,,,,,,,,,,,,,,,,,,,,,,,,,,,,,,,,,,,,,,,
1.7758752987416195e+18,,,,,,,,,,,,,,,,,,,,,,,,,,,,,-215.71531677246094,-21.571531295776367,-21.571531295776367,-21.571531295776367,-21.571531295776367,-21.571531295776367,-180.41067504882812,,,,,,,,,,,,,,,,,,,,,,,,,,,,,,,,,,,,,,,,
1.7758752987416788e+18,,,,,,,,,,,,,,,,,-303.8519592285156,-272.1141357421875,-292.5827331542969,-307.5317077636719,-274.1839904785156,-313.05133056640625,-286.6031494140625,-279.93359375,108.25556945800781,43.30222702026367,43.30222702026367,-301.0581970214844,,,,,,,,,,,,,,,,,,,,,,,,,,,,,,,,,,,,,,,,,,,,,,,
1.7758752987418488e+18,-374.9422302246094,-1249.2918701171875,-374.8170166015625,-74.92151641845703,-499.72186279296875,-374.9423828125,-364.5041198730469,-375.0397644042969,,,,,,,,,,,,,,,,,,,,,,,,,,,,,,,,,,,,,,,,,,,,,,,,,,,,,,,,,,,,,,,,,,,
1.7758752987418826e+18,,,,,,,,,-375.1253662109375,-1249.7879638671875,-374.8433837890625,-74.950439453125,-74.931640625,-74.94921112060547,-499.7450866699219,-374.5028991699219,,,,,,,,,,,,,,,,,,,,,,,,,,,,,,,,,,,,,,,,,,,,,,,,,,,,,,,,,,,
1.77587529874214e+18,,,,,,,,,,,,,,,,,,,,,,,,,,,,,,,,,,,,,,,,,,,,,,,,,,0.0,0.0,0.0,,,,,,,,,,,,,,,,,,,,,,,
1.7758752987426196e+18,,,,,,,,,,,,,,,,,,,,,,,,,,,,,-215.71531677246094,-21.571531295776367,-21.571531295776367,-21.571531295776367,-21.571531295776367,-21.571531295776367,-180.37783813476562,,,,,,,,,,,,,,,,,,,,,,,,,,,,,,,,,,,,,,,,
1.775875298742679e+18,,,,,,,,,,,,,,,,,-310.0615234375,-315.3511657714844,-283.15338134765625,-315.8111267089844,-295.8025207519531,-270.9642028808594,-294.192626953125,-305.23187255859375,108.25556945800781,43.30222702026367,43.30222702026367,-299.65673828125,,,,,,,,,,,,,,,,,,,,,,,,,,,,,,,,,,,,,,,,,,,,,,,
1.7758752987428488e+18,-375.24993896484375,-1250.0098876953125,-374.6015930175781,-74.9338150024414,-499.68084716796875,-374.8193054199219,-361.487548828125,-374.978271484375,,,,,,,,,,,,,,,,,,,,,,,,,,,,,,,,,,,,,,,,,,,,,,,,,,,,,,,,,,,,,,,,,,,
1.7758752987428828e+18,,,,,,,,,-375.4018859863281,-1250.6077880859375,-374.96636962890625,-74.95658874511719,-74.95008850097656,-74.94921112060547,-499.5810546875,-374.53363037109375,,,,,,,,,,,,,,,,,,,,,,,,,,,,,,,,,,,,,,,,,,,,,,,,,,,,,,,,,,,
1.7758752987436198e+18,,,,,,,,,,,,,,,,,,,,,,,,,,,,,-215.708740234375,-21.571531295776367,-21.571531295776367,-21.571531295776367,-21.571531295776367,-21.571531295776367,-180.36141967773438,,,,,,,,,,,,,,,,,,,,,,,,,,,,,,,,,,,,,,,,
1.775875298743679e+18,,,,,,,,,,,,,,,,,-281.7734680175781,-321.10076904296875,-307.7616882324219,-297.64239501953125,-323.1706237792969,-298.79229736328125,-286.6031494140625,-317.4210205078125,108.25556945800781,43.30222702026367,43.30222702026367,-298.9328918457031,,,,,,,,,,,,,,,,,,,,,,,,,,,,,,,,,,,,,,,,,,,,,,,
1.7758752987438487e+18,-375.0037841796875,-1250.420166015625,-375.2171325683594,-74.97687530517578,-499.76287841796875,-375.12701416015625,-383.52716064453125,-375.4395446777344,,,,,,,,,,,,,,,,,,,,,,,,,,,,,,,,,,,,,,,,,,,,,,,,,,,,,,,,,,,,,,,,,,,
1.775875298743883e+18,,,,,,,,,-375.3097229003906,-1251.017822265625,-374.9971008300781,-74.9873275756836,-74.96853637695312,-75.03535461425781,-500.1962585449219,-374.6874084472656,,,,,,,,,,,,,,,,,,,,,,,,,,,,,,,,,,,,,,,,,,,,,,,,,,,,,,,,,,,
1.77587529874462e+18,,,,,,,,,,,,,,,,,,,,,,,,,,,,,-215.71531677246094,-21.571531295776367,-21.571531295776367,-21.571531295776367,-21.571531295776367,-21.571531295776367,-180.34500122070312,,,,,,,,,,,,,,,,,,,,,,,,,,,,,,,,,,,,,,,,
1.7758752987446792e+18,,,,,,,,,,,,,,,,,-296.9524230957031,-307.9916687011719,-319.95086669921875,-294.652587890625,-284.30328369140625,-322.7106628417969,-292.8127136230469,-306.8417663574219,108.25556945800781,43.30222702026367,43.30222702026367,-301.6280212402344,,,,,,,,,,,,,,,,,,,,,,,,,,,,,,,,,,,,,,,,,,,,,,,
1.7758752987448486e+18,-374.9422302246094,-1249.086669921875,-374.5400390625,-74.9645767211914,-499.9679260253906,-375.0039367675781,-376.8475646972656,-375.2242736816406,,,,,,,,,,,,,,,,,,,,,,,,,,,,,,,,,,,,,,,,,,,,,,,,,,,,,,,,,,,,,,,,,,,
1.7758752987448832e+18,,,,,,,,,-375.15606689453125,-1249.685546875,-374.6589050292969,-74.94429016113281,-74.95623779296875,-74.97998046875,-499.8271179199219,-375.14874267578125,,,,,,,,,,,,,,,,,,,,,,,,,,,,,,,,,,,,,,,,,,,,,,,,,,,,,,,,,,,
1.77587529874562e+18,,,,,,,,,,,,,,,,,,,,,,,,,,,,,-215.71531677246094,-21.571531295776367,-21.571531295776367,-21.571531295776367,-21.571531295776367,-21.570873260498047,-180.34500122070312,,,,,,,,,,,,,,,,,,,,,,,,,,,,,,,,,,,,,,,,
1.7758752987456794e+18,,,,,,,,,,,,,,,,,-318.8009338378906,-298.79229736328125,-297.87237548828125,-320.87078857421875,-273.4940490722656,-314.2012634277344,-293.732666015625,-309.6015625,108.25556945800781,43.30222702026367,43.30222702026367,-300.7655944824219,,,,,,,,,,,,,,,,,,,,,,,,,,,,,,,,,,,,,,,,,,,,,,,
1.7758752987458486e+18,-375.0653076171875,-1249.2918701171875,-374.8170166015625,-74.94612121582031,-500.1319885253906,-375.3424072265625,-383.52716064453125,-374.79376220703125,,,,,,,,,,,,,,,,,,,,,,,,,,,,,,,,,,,,,,,,,,,,,,,,,,,,,,,,,,,,,,,,,,,
1.7758752987458831e+18,,,,,,,,,-374.787353515625,-1249.173095703125,-374.7511291503906,-75.00577545166016,-75.05463409423828,-75.04766082763672,-499.9091491699219,-374.8104248046875,,,,,,,,,,,,,,,,,,,,,,,,,,,,,,,,,,,,,,,,,,,,,,,,,,,,,,,,,,,
1.7758752987466202e+18,,,,,,,,,,,,,,,,,,,,,,,,,,,,,-215.71531677246094,-21.570873260498047,-21.571531295776367,-21.571531295776367,-21.571531295776367,-21.571531295776367,-180.37783813476562,,,,,,,,,,,,,,,,,,,,,,,,,,,,,,,,,,,,,,,,
1.7758752987466793e+18,,,,,,,,,,,,,,,,,-316.9610595703125,-319.0309143066406,-287.9830322265625,-325.4704895019531,-282.0034484863281,-305.92181396484375,-300.6321716308594,-288.4430236816406,108.25556945800781,43.30222702026367,43.30222702026367,-301.0890197753906,,,,,,,,,,,,,,,,,,,,,,,,,,,,,,,,,,,,,,,,,,,,,,,
1.7758752987468488e+18,-375.1883850097656,-1251.1383056640625,-375.0632629394531,-74.9645767211914,-499.76287841796875,-374.8193054199219,-377.5863037109375,-375.3165283203125,,,,,,,,,,,,,,,,,,,,,,,,,,,,,,,,,,,,,,,,,,,,,,,,,,,,,,,,,,,,,,,,,,,
1.7758752987468833e+18,,,,,,,,,-375.4018859863281,-1250.095458984375,-374.72039794921875,-74.93814086914062,-74.96238708496094,-75.0107421875,-500.44232177734375,-375.364013671875,,,,,,,,,,,,,,,,,,,,,,,,,,,,,,,,,,,,,,,,,,,,,,,,,,,,,,,,,,,
1.7758752987476204e+18,,,,,,,,,,,,,,,,,,,,,,,,,,,,,-215.71531677246094,-21.571531295776367,-21.571531295776367,-21.571531295776367,-21.571531295776367,-21.571531295776367,-180.34500122070312,,,,,,,,,,,,,,,,,,,,,,,,,,,,,,,,,,,,,,,,
1.7758752987476795e+18,,,,,,,,,,,,,,,,,-310.7514953613281,-312.59136962890625,-302.9320373535156,-321.7907409667969,-297.41241455078125,-321.7907409667969,-295.112548828125,-329.6101989746094,108.25556945800781,43.30222702026367,43.30222702026367,-301.6742248535156,,,,,,,,,,,,,,,,,,,,,,,,,,,,,,,,,,,,,,,,,,,,,,,
1.7758752987478487e+18,-375.0653076171875,-1249.3944091796875,-374.66314697265625,-75.01993560791016,-500.3370361328125,-374.880859375,-362.3802185058594,-374.978271484375,,,,,,,,,,,,,,,,,,,,,,,,,,,,,,,,,,,,,,,,,,,,,,,,,,,,,,,,,,,,,,,,,,,
1.7758752987478835e+18,,,,,,,,,-374.787353515625,-1249.275634765625,-375.0278625488281,-75.04882049560547,-75.01773834228516,-74.96151733398438,-499.9911804199219,-375.2717590332031,,,,,,,,,,,,,,,,,,,,,,,,,,,,,,,,,,,,,,,,,,,,,,,,,,,,,,,,,,,
1.775875298748458e+18,,,,,,,,,,,,,,,,,,,,,,,,,,,,,,,,,,,,,,,,,,,,,,,,,,,,,0.0,0.0,0.0,0.0,0.0,0.0,0.0,0.0,0.0,0.0,0.0,0.0,0.0,0.0,0.0,0.0,0.0,0.0,0.0,0.0,0.0,0.0,0.0
1.7758752987486205e+18,,,,,,,,,,,,,,,,,,,,,,,,,,,,,-215.71531677246094,-21.570873260498047,-21.570873260498047,-21.571531295776367,-21.571531295776367,-21.571531295776367,-180.45994567871094,,,,,,,,,,,,,,,,,,,,,,,,,,,,,,,,,,,,,,,,
1.7758752987486794e+18,,,,,,,,,,,,,,,,,-300.8621520996094,-335.58978271484375,-295.5725402832031,-336.04974365234375,-295.112548828125,-319.4908752441406,-294.422607421875,-306.61175537109375,108.25556945800781,43.30222702026367,43.30222702026367,-298.8713073730469,,,,,,,,,,,,,,,,,,,,,,,,,,,,,,,,,,,,,,,,,,,,,,,
1.7758752987488486e+18,-374.8807067871094,-1249.8046875,-375.3094787597656,-75.04454040527344,-500.3780517578125,-374.9423828125,-369.6754455566406,-374.82452392578125,,,,,,,,,,,,,,,,,,,,,,,,,,,,,,,,,,,,,,,,,,,,,,,,,,,,,,,,,,,,,,,,,,,
1.7758752987488837e+18,,,,,,,,,-374.7566223144531,-1250.095458984375,-375.2738342285156,-75.04267120361328,-75.01158905029297,-74.97382354736328,-499.5810546875,-374.6874084472656,,,,,,,,,,,,,,,,,,,,,,,,,,,,,,,,,,,,,,,,,,,,,,,,,,,,,,,,,,,
1.7758752987490322e+18,,,,,,,,,,,,,,,,,,,,,,,,,,,,,,,,,,,,,,,,,,,,,,,,,,0.0,0.0,0.0,,,,,,,,,,,,,,,,,,,,,,,
1.7758752987496207e+18,,,,,,,,,,,,,,,,,,,,,,,,,,,,,-215.71531677246094,-21.571531295776367,-21.571531295776367,-21.570873260498047,-21.570873260498047,-21.571531295776367,-180.4763641357422,,,,,,,,,,,,,,,,,,,,,,,,,,,,,,,,,,,,,,,,
1.7758752987496796e+18,,,,,,,,,,,,,,,,,-280.16357421875,-313.97125244140625,-299.7122497558594,-276.48382568359375,-304.77191162109375,-309.6015625,-282.92340087890625,-304.5419006347656,108.25556945800781,43.30222702026367,43.30222702026367,-301.1968078613281,,,,,,,,,,,,,,,,,,,,,,,,,,,,,,,,,,,,,,,,,,,,,,,
1.7758752987498486e+18,-375.0960998535156,-1250.83056640625,-375.0940246582031,-75.01993560791016,-500.2960205078125,-374.91162109375,-371.7378234863281,-375.19354248046875,,,,,,,,,,,,,,,,,,,,,,,,,,,,,,,,,,,,,,,,,,,,,,,,,,,,,,,,,,,,,,,,,,,
1.775875298749884e+18,,,,,,,,,-374.5108337402344,-1249.3780517578125,-374.7511291503906,-74.94429016113281,-74.95008850097656,-74.94921112060547,-499.4580078125,-374.7489318847656,,,,,,,,,,,,,,,,,,,,,,,,,,,,,,,,,,,,,,,,,,,,,,,,,,,,,,,,,,,
1.7758752987506207e+18,,,,,,,,,,,,,,,,,,,,,,,,,,,,,-215.71531677246094,-21.571531295776367,-21.572189331054688,-21.571531295776367,-21.571531295776367,-21.571531295776367,-180.4435272216797,,,,,,,,,,,,,,,,,,,,,,,,,,,,,,,,,,,,,,,,
1.7758752987506796e+18,,,,,,,,,,,,,,,,,-303.1620178222656,-276.9438171386719,-293.2726745605469,-308.91162109375,-268.43438720703125,-296.7224426269531,-306.38177490234375,-282.92340087890625,108.25556945800781,43.30222702026367,43.30222702026367,-300.8580017089844,,,,,,,,,,,,,,,,,,,,,,,,,,,,,,,,,,,,,,,,,,,,,,,
1.7758752987508488e+18,-375.21917724609375,-1250.6253662109375,-375.2171325683594,-75.00148010253906,-499.68084716796875,-374.7885437011719,-362.8727111816406,-375.1012878417969,,,,,,,,,,,,,,,,,,,,,,,,,,,,,,,,,,,,,,,,,,,,,,,,,,,,,,,,,,,,,,,,,,,
1.7758752987508838e+18,,,,,,,,,-375.3097229003906,-1250.7103271484375,-375.05859375,-74.96273803710938,-74.93778991699219,-74.94921112060547,-499.9091491699219,-375.0257263183594,,,,,,,,,,,,,,,,,,,,,,,,,,,,,,,,,,,,,,,,,,,,,,,,,,,,,,,,,,,
1.7758752987516209e+18,,,,,,,,,,,,,,,,,,,,,,,,,,,,,-215.71531677246094,-21.571531295776367,-21.571531295776367,-21.571531295776367,-21.571531295776367,-21.571531295776367,-180.49278259277344,,,,,,,,,,,,,,,,,,,,,,,,,,,,,,,,,,,,,,,,
1.7758752987516797e+18,,,,,,,,,,,,,,,,,-281.0835266113281,-293.962646484375,-308.91162109375,-285.2232360839844,-300.4021911621094,-290.97283935546875,-266.3645324707031,-300.1722106933594,108.25556945800781,43.30222702026367,43.30222702026367,-298.48626708984375,,,,,,,,,,,,,,,,,,,,,,,,,,,,,,,,,,,,,,,,,,,,,,,
1.7758752987518487e+18,-375.24993896484375,-1250.83056640625,-374.8785705566406,-74.9707260131836,-499.59881591796875,-374.4808349609375,-367.6130676269531,-374.7015075683594,,,,,,,,,,,,,,,,,,,,,,,,,,,,,,,,,,,,,,,,,,,,,,,,,,,,,,,,,,,,,,,,,,,
1.775875298751884e+18,,,,,,,,,-375.3404541015625,-1250.40283203125,-375.1816101074219,-75.02422332763672,-74.9992904663086,-75.02920532226562,-500.2782897949219,-375.05645751953125,,,,,,,,,,,,,,,,,,,,,,,,,,,,,,,,,,,,,,,,,,,,,,,,,,,,,,,,,,,
1.775875298752405e+18,,,,,,,,,,,,,,,,,,,,,,,,,,,,,,,,,,,,2297.44873046875,21.98506736755371,2297.44873046875,2297.44873046875,2297.44873046875,2297.44873046875,2297.44873046875,24.52558708190918,2297.44873046875,2297.44873046875,2297.44873046875,2297.44873046875,2297.44873046875,2297.44873046875,,,,,,,,,,,,,,,,,,,,,,,,,,
1.775875298752621e+18,,,,,,,,,,,,,,,,,,,,,,,,,,,,,-215.71531677246094,-21.571531295776367,-21.572189331054688,-21.570873260498047,-21.571531295776367,-21.571531295776367,-180.49278259277344,,,,,,,,,,,,,,,,,,,,,,,,,,,,,,,,,,,,,,,,
1.7758752987526797e+18,,,,,,,,,,,,,,,,,-303.1620178222656,-313.51129150390625,-293.5026550292969,-283.84332275390625,-264.064697265625,-276.9438171386719,-269.35430908203125,-294.652587890625,108.25556945800781,43.30222702026367,43.30222702026367,-298.3168640136719,,,,,,,,,,,,,,,,,,,,,,,,,,,,,,,,,,,,,,,,,,,,,,,
1.7758752987528486e+18,-374.9729919433594,-1248.881591796875,-374.8478088378906,-74.98918151855469,-500.4190673828125,-375.2500915527344,-383.52716064453125,-375.3472900390625,,,,,,,,,,,,,,,,,,,,,,,,,,,,,,,,,,,,,,,,,,,,,,,,,,,,,,,,,,,,,,,,,,,
1.7758752987528842e+18,,,,,,,,,-375.06390380859375,-1250.812744140625,-375.1816101074219,-75.02422332763672,-74.98699188232422,-74.97998046875,-499.8271179199219,-374.53363037109375,,,,,,,,,,,,,,,,,,,,,,,,,,,,,,,,,,,,,,,,,,,,,,,,,,,,,,,,,,,
1.7758752987536212e+18,,,,,,,,,,,,,,,,,,,,,,,,,,,,,-215.7218780517578,-21.571531295776367,-21.571531295776367,-21.570873260498047,-21.571531295776367,-21.571531295776367,-180.54205322265625,,,,,,,,,,,,,,,,,,,,,,,,,,,,,,,,,,,,,,,,
1.77587529875368e+18,,,,,,,,,,,,,,,,,-284.5332946777344,-294.422607421875,-291.20281982421875,-276.02386474609375,-259.9249572753906,-279.013671875,-288.6730041503906,-302.9320373535156,108.25556945800781,43.30222702026367,43.30222702026367,-300.5807800292969,,,,,,,,,,,,,,,,,,,,,,,,,,,,,,,,,,,,,,,,,,,,,,,
1.7758752987538486e+18,-375.0653076171875,-1248.881591796875,-374.7554626464844,-74.9338150024414,-500.2140197753906,-375.12701416015625,-383.52716064453125,-375.3780212402344,,,,,,,,,,,,,,,,,,,,,,,,,,,,,,,,,,,,,,,,,,,,,,,,,,,,,,,,,,,,,,,,,,,
1.7758752987538844e+18,,,,,,,,,-374.9102783203125,-1250.915283203125,-375.3045959472656,-75.0303726196289,-74.9992904663086,-74.98612976074219,-499.9091491699219,-374.56439208984375,,,,,,,,,,,,,,,,,,,,,,,,,,,,,,,,,,,,,,,,,,,,,,,,,,,,,,,,,,,
1.7758752987546214e+18,,,,,,,,,,,,,,,,,,,,,,,,,,,,,-215.708740234375,-21.571531295776367,-21.571531295776367,-21.571531295776367,-21.571531295776367,-21.572189331054688,-180.49278259277344,,,,,,,,,,,,,,,,,,,,,,,,,,,,,,,,,,,,,,,,
1.7758752987546798e+18,,,,,,,,,,,,,,,,,-258.7750549316406,-289.8229064941406,-313.51129150390625,-285.6831970214844,-261.76483154296875,-285.2232360839844,-287.0631103515625,-276.25384521484375,108.25556945800781,43.30222702026367,43.30222702026367,-297.392822265625,,,,,,,,,,,,,,,,,,,,,,,,,,,,,,,,,,,,,,,,,,,,,,,
1.7758752987548485e+18,-374.9729919433594,-1249.8046875,-374.66314697265625,-74.95841979980469,-499.63983154296875,-374.7885437011719,-373.4000244140625,-374.82452392578125,,,,,,,,,,,,,,,,,,,,,,,,,,,,,,,,,,,,,,,,,,,,,,,,,,,,,,,,,,,,,,,,,,,
1.7758752987548844e+18,,,,,,,,,-374.787353515625,-1249.7879638671875,-375.05859375,-75.0365219116211,-75.02388763427734,-75.06611633300781,-500.3193054199219,-375.2102355957031,,,,,,,,,,,,,,,,,,,,,,,,,,,,,,,,,,,,,,,,,,,,,,,,,,,,,,,,,,,
1.7758752987556214e+18,,,,,,,,,,,,,,,,,,,,,,,,,,,,,-215.71531677246094,-21.570873260498047,-21.571531295776367,-21.571531295776367,-21.571531295776367,-21.572189331054688,-180.49278259277344,,,,,,,,,,,,,,,,,,,,,,,,,,,,,,,,,,,,,,,,
1.77587529875568e+18,,,,,,,,,,,,,,,,,-270.2742614746094,-296.0325012207031,-283.38336181640625,-265.674560546875,-285.2232360839844,-305.46185302734375,-270.9642028808594,-263.6047058105469,108.25556945800781,43.30222702026367,43.30222702026367,-298.37847900390625,,,,,,,,,,,,,,,,,,,,,,,,,,,,,,,,,,,,,,,,,,,,,,,
1.7758752987558487e+18,-375.0037841796875,-1249.8046875,-374.9709167480469,-75.00148010253906,-499.68084716796875,-375.0654602050781,-375.98565673828125,-374.6707458496094,,,,,,,,,,,,,,,,,,,,,,,,,,,,,,,,,,,,,,,,,,,,,,,,,,,,,,,,,,,,,,,,,,,
1.7758752987558518e+18,,,,,,,,,,,,,,,,,,,,,,,,,,,,,,,,,,,,,,,,,,,,,,,,,,,,,0.0,0.0,0.0,0.0,0.0,0.0,0.0,0.0,0.0,0.0,0.0,0.0,0.0,0.0,0.0,0.0,0.0,0.0,0.0,0.0,0.0,0.0,0.0
1.7758752987558845e+18,,,,,,,,,-375.37115478515625,-1250.3004150390625,-375.3968200683594,-75.04882049560547,-75.02388763427734,-75.05996704101562,-500.3603210449219,-375.11798095703125,,,,,,,,,,,,,,,,,,,,,,,,,,,,,,,,,,,,,,,,,,,,,,,,,,,,,,,,,,,
1.7758752987563313e+18,,,,,,,,,,,,,,,,,,,,,,,,,,,,,,,,,,,,,,,,,,,,,,,,,,0.0,0.0,0.0,,,,,,,,,,,,,,,,,,,,,,,
1.7758752987566216e+18,,,,,,,,,,,,,,,,,,,,,,,,,,,,,-215.71531677246094,-21.571531295776367,-21.572189331054688,-21.571531295776367,-21.571531295776367,-21.571531295776367,-180.4763641357422,,,,,,,,,,,,,,,,,,,,,,,,,,,,,,,,,,,,,,,,
1.77587529875668e+18,,,,,,,,,,,,,,,,,-291.43280029296875,-294.882568359375,-264.294677734375,-294.882568359375,-310.9814758300781,-283.15338134765625,-261.99481201171875,-299.7122497558594,108.25556945800781,43.30222702026367,43.30222702026367,-300.5037841796875,,,,,,,,,,,,,,,,,,,,,,,,,,,,,,,,,,,,,,,,,,,,,,,
1.7758752987568486e+18,-375.24993896484375,-1250.7279052734375,-375.3094787597656,-75.01993560791016,-500.1730041503906,-374.5116271972656,-366.2894592285156,-374.6092529296875,,,,,,,,,,,,,,,,,,,,,,,,,,,,,,,,,,,,,,,,,,,,,,,,,,,,,,,,,,,,,,,,,,,
1.7758752987568847e+18,,,,,,,,,-374.6029968261719,-1249.3780517578125,-374.68963623046875,-74.96273803710938,-74.97468566894531,-75.03535461425781,-500.4013366699219,-375.14874267578125,,,,,,,,,,,,,,,,,,,,,,,,,,,,,,,,,,,,,,,,,,,,,,,,,,,,,,,,,,,
1.7758752987576218e+18,,,,,,,,,,,,,,,,,,,,,,,,,,,,,-215.71531677246094,-21.571531295776367,-21.571531295776367,-21.571531295776367,-21.571531295776367,-21.571531295776367,-180.42710876464844,,,,,,,,,,,,,,,,,,,,,,,,,,,,,,,,,,,,,,,,
1.77587529875768e+18,,,,,,,,,,,,,,,,,-278.78369140625,-305.46185302734375,-283.84332275390625,-268.89434814453125,-294.652587890625,-307.0717468261719,-272.5740966796875,-284.07330322265625,108.25556945800781,43.30222702026367,43.30222702026367,-300.041748046875,,,,,,,,,,,,,,,,,,,,,,,,,,,,,,,,,,,,,,,,,,,,,,,
1.7758752987578486e+18,-374.8807067871094,-1250.0098876953125,-374.8478088378906,-74.98302459716797,-500.1730041503906,-374.91162109375,-371.02984619140625,-375.13201904296875,,,,,,,,,,,,,,,,,,,,,,,,,,,,,,,,,,,,,,,,,,,,,,,,,,,,,,,,,,,,,,,,,,,
1.775875298757885e+18,,,,,,,,,-374.6029968261719,-1249.275634765625,-374.7511291503906,-74.94429016113281,-74.95008850097656,-74.96151733398438,-499.4990234375,-374.6874084472656,,,,,,,,,,,,,,,,,,,,,,,,,,,,,,,,,,,,,,,,,,,,,,,,,,,,,,,,,,,
1.775875298758622e+18,,,,,,,,,,,,,,,,,,,,,,,,,,,,,-215.708740234375,-21.571531295776367,-21.571531295776367,-21.571531295776367,-21.571531295776367,-21.571531295776367,-180.39425659179688,,,,,,,,,,,,,,,,,,,,,,,,,,,,,,,,,,,,,,,,
1.77587529875868e+18,,,,,,,,,,,,,,,,,-302.9320373535156,-290.74285888671875,-269.12432861328125,-301.0921630859375,-313.51129150390625,-300.4021911621094,-266.1345520019531,-291.66278076171875,108.25556945800781,43.30222702026367,43.30222702026367,-301.13519287109375,,,,,,,,,,,,,,,,,,,,,,,,,,,,,,,,,,,,,,,,,,,,,,,
1.7758752987588485e+18,-374.6653137207031,-1249.2918701171875,-375.001708984375,-74.9707260131836,-500.1319885253906,-375.2808532714844,-378.509765625,-375.4395446777344,,,,,,,,,,,,,,,,,,,,,,,,,,,,,,,,,,,,,,,,,,,,,,,,,,,,,,,,,,,,,,,,,,,
1.775875298758885e+18,,,,,,,,,-374.6644592285156,-1248.9681396484375,-374.68963623046875,-74.98118591308594,-74.93778991699219,-74.97998046875,-500.0321960449219,-374.8719482421875,,,,,,,,,,,,,,,,,,,,,,,,,,,,,,,,,,,,,,,,,,,,,,,,,,,,,,,,,,,
1.7758752987596221e+18,,,,,,,,,,,,,,,,,,,,,,,,,,,,,-215.71531677246094,-21.571531295776367,-21.571531295776367,-21.571531295776367,-21.571531295776367,-21.571531295776367,-180.34500122070312,,,,,,,,,,,,,,,,,,,,,,,,,,,,,,,,,,,,,,,,
1.7758752987596803e+18,,,,,,,,,,,,,,,,,-301.7821044921875,-313.97125244140625,-284.9932556152344,-286.8331298828125,-308.4516296386719,-303.1620178222656,-284.9932556152344,-310.7514953613281,108.25556945800781,43.30222702026367,43.30222702026367,-301.350830078125,,,,,,,,,,,,,,,,,,,,,,,,,,,,,,,,,,,,,,,,,,,,,,,
1.7758752987598487e+18,-375.0037841796875,-1250.7279052734375,-375.37103271484375,-75.06299591064453,-500.3370361328125,-375.61932373046875,-383.52716064453125,-375.1012878417969,,,,,,,,,,,,,,,,,,,,,,,,,,,,,,,,,,,,,,,,,,,,,,,,,,,,,,,,,,,,,,,,,,,
1.775875298759885e+18,,,,,,,,,-374.63372802734375,-1249.685546875,-375.1508483886719,-75.01192474365234,-75.03618621826172,-75.0230484008789,-500.48333740234375,-375.333251953125,,,,,,,,,,,,,,,,,,,,,,,,,,,,,,,,,,,,,,,,,,,,,,,,,,,,,,,,,,,
1.7758752987606223e+18,,,,,,,,,,,,,,,,,,,,,,,,,,,,,-215.71531677246094,-21.571531295776367,-21.571531295776367,-21.571531295776367,-21.571531295776367,-21.571531295776367,-180.34500122070312,,,,,,,,,,,,,,,,,,,,,,,,,,,,,,,,,,,,,,,,
1.7758752987606802e+18,,,,,,,,,,,,,,,,,-295.112548828125,-283.38336181640625,-317.6510009765625,-287.0631103515625,-302.2420654296875,-316.9610595703125,-287.2930908203125,-323.1706237792969,108.25556945800781,43.30222702026367,43.30222702026367,-299.24090576171875,,,,,,,,,,,,,,,,,,,,,,,,,,,,,,,,,,,,,,,,,,,,,,,
1.7758752987608486e+18,-375.24993896484375,-1250.0098876953125,-374.8170166015625,-74.97687530517578,-499.80389404296875,-375.3116149902344,-380.32586669921875,-375.50103759765625,,,,,,,,,,,,,,,,,,,,,,,,,,,,,,,,,,,,,,,,,,,,,,,,,,,,,,,,,,,,,,,,,,,
1.7758752987608852e+18,,,,,,,,,-375.0946350097656,-1249.3780517578125,-374.6281433105469,-74.96273803710938,-74.9992904663086,-75.0107421875,-500.3603210449219,-375.17950439453125,,,,,,,,,,,,,,,,,,,,,,,,,,,,,,,,,,,,,,,,,,,,,,,,,,,,,,,,,,,
1.7758752987616223e+18,,,,,,,,,,,,,,,,,,,,,,,,,,,,,-215.71531677246094,-21.571531295776367,-21.571531295776367,-21.572189331054688,-21.571531295776367,-21.571531295776367,-180.31214904785156,,,,,,,,,,,,,,,,,,,,,,,,,,,,,,,,,,,,,,,,
1.7758752987616804e+18,,,,,,,,,,,,,,,,,-298.56231689453125,-330.3001403808594,-307.9916687011719,-305.46185302734375,-316.5010986328125,-291.20281982421875,-294.652587890625,-311.9013977050781,108.25556945800781,43.30222702026367,43.30222702026367,-300.1033630371094,,,,,,,,,,,,,,,,,,,,,,,,,,,,,,,,,,,,,,,,,,,,,,,
1.7758752987618486e+18,-375.28070068359375,-1250.215087890625,-374.66314697265625,-74.9399642944336,-499.63983154296875,-374.8193054199219,-364.22711181640625,-375.13201904296875,,,,,,,,,,,,,,,,,,,,,,,,,,,,,,,,,,,,,,,,,,,,,,,,,,,,,,,,,,,,,,,,,,,
1.7758752987618854e+18,,,,,,,,,-375.4018859863281,-1250.812744140625,-374.9971008300781,-74.96273803710938,-74.92549133300781,-74.96151733398438,-499.8681335449219,-374.9027099609375,,,,,,,,,,,,,,,,,,,,,,,,,,,,,,,,,,,,,,,,,,,,,,,,,,,,,,,,,,,
1.7758752987626225e+18,,,,,,,,,,,,,,,,,,,,,,,,,,,,,-215.71531677246094,-21.571531295776367,-21.571531295776367,-21.570873260498047,-21.571531295776367,-21.571531295776367,-180.31214904785156,,,,,,,,,,,,,,,,,,,,,,,,,,,,,,,,,,,,,,,,
1.7758752987626803e+18,,,,,,,,,,,,,,,,,-310.9814758300781,-285.2232360839844,-319.4908752441406,-310.7514953613281,-285.2232360839844,-321.7907409667969,-275.79388427734375,-313.97125244140625,108.25556945800781,43.30222702026367,43.30222702026367,-300.2419738769531,,,,,,,,,,,,,,,,,,,,,,,,,,,,,,,,,,,,,,,,,,,,,,,
1.7758752987628485e+18,-374.6960754394531,-1249.3944091796875,-375.15557861328125,-75.07530212402344,-500.5010986328125,-374.97314453125,-368.38262939453125,-374.82452392578125,,,,,,,,,,,,,,,,,,,,,,,,,,,,,,,,,,,,,,,,,,,,,,,,,,,,,,,,,,,,,,,,,,,
1.7758752987628856e+18,,,,,,,,,-374.8180847167969,-1249.173095703125,-375.1200866699219,-75.02422332763672,-74.98699188232422,-74.93075561523438,-499.7450866699219,-374.9949645996094,,,,,,,,,,,,,,,,,,,,,,,,,,,,,,,,,,,,,,,,,,,,,,,,,,,,,,,,,,,
1.7758752987636227e+18,,,,,,,,,,,,,,,,,,,,,,,,,,,,,-215.71531677246094,-21.570873260498047,-21.571531295776367,-21.570873260498047,-21.570873260498047,-21.570873260498047,-180.36141967773438,,,,,,,,,,,,,,,,,,,,,,,,,,,,,,,,,,,,,,,,
1.7758752987636805e+18,,,,,,,,,,,,,,,,,-307.5317077636719,-288.9029846191406,-317.4210205078125,-290.97283935546875,-313.51129150390625,-298.56231689453125,-302.4720458984375,-322.2507019042969,108.25556945800781,43.30222702026367,43.30222702026367,-302.490478515625,,,,,,,,,,,,,,,,,,,,,,,,,,,,,,,,,,,,,,,,,,,,,,,
1.7758752987638484e+18,-375.1268615722656,-1248.881591796875,-374.6015930175781,-75.00148010253906,-500.2140197753906,-375.61932373046875,-383.52716064453125,-374.82452392578125,,,,,,,,,,,,,,,,,,,,,,,,,,,,,,,,,,,,,,,,,,,,,,,,,,,,,,,,,,,,,,,,,,,
1.7758752987638856e+18,,,,,,,,,-374.9717102050781,-1249.275634765625,-374.8433837890625,-74.99962615966797,-75.05463409423828,-75.0107421875,-499.6630554199219,-374.5028991699219,,,,,,,,,,,,,,,,,,,,,,,,,,,,,,,,,,,,,,,,,,,,,,,,,,,,,,,,,,,
1.7758752987641185e+18,,,,,,,,,,,,,,,,,,,,,,,,,,,,,,,,,,,,,,,,,,,,,,,,,,,,,0.0,0.0,0.0,0.0,0.0,0.0,0.0,0.0,0.0,0.0,0.0,0.0,0.0,0.0,0.0,0.0,0.0,0.0,0.0,0.0,0.0,0.0,0.0
1.7758752987646228e+18,,,,,,,,,,,,,,,,,,,,,,,,,,,,,-215.71531677246094,-21.571531295776367,-21.571531295776367,-21.571531295776367,-21.571531295776367,-21.571531295776367,-180.34500122070312,,,,,,,,,,,,,,,,,,,,,,,,,,,,,,,,,,,,,,,,
1.7758752987646804e+18,,,,,,,,,,,,,,,,,-285.9131774902344,-307.5317077636719,-302.9320373535156,-287.9830322265625,-311.9013977050781,-289.5929260253906,-303.6219787597656,-302.4720458984375,108.25556945800781,43.30222702026367,43.30222702026367,-302.53668212890625,,,,,,,,,,,,,,,,,,,,,,,,,,,,,,,,,,,,,,,,,,,,,,,
1.7758752987648486e+18,-375.1268615722656,-1251.3433837890625,-375.4325866699219,-75.00763702392578,-499.63983154296875,-374.4500732421875,-367.4283752441406,-375.16278076171875,,,,,,,,,,,,,,,,,,,,,,,,,,,,,,,,,,,,,,,,,,,,,,,,,,,,,,,,,,,,,,,,,,,
1.7758752987648858e+18,,,,,,,,,-375.06390380859375,-1250.3004150390625,-375.3353271484375,-74.99962615966797,-74.96853637695312,-74.97382354736328,-499.6630554199219,-375.0257263183594,,,,,,,,,,,,,,,,,,,,,,,,,,,,,,,,,,,,,,,,,,,,,,,,,,,,,,,,,,,
1.7758752987649068e+18,,,,,,,,,,,,,,,,,,,,,,,,,,,,,,,,,,,,2297.64990234375,22.05031394958496,2297.64990234375,2297.64990234375,2297.64990234375,2297.64990234375,2297.64990234375,24.71320152282715,2297.64990234375,2297.64990234375,2297.64990234375,2297.64990234375,2297.64990234375,2297.64990234375,,,,,,,,,,,,,,,,,,,,,,,,,,
1.7758752987649357e+18,,,,,,,,,,,,,,,,,,,,,,,,,,,,,,,,,,,,,,,,,,,,,,,,,,0.0,0.0,0.0,,,,,,,,,,,,,,,,,,,,,,,
1.775875298765623e+18,,,,,,,,,,,,,,,,,,,,,,,,,,,,,-215.71531677246094,-21.570873260498047,-21.571531295776367,-21.571531295776367,-21.572189331054688,-21.571531295776367,-180.41067504882812,,,,,,,,,,,,,,,,,,,,,,,,,,,,,,,,,,,,,,,,
1.7758752987656806e+18,,,,,,,,,,,,,,,,,-285.9131774902344,-314.4312438964844,-287.5230712890625,-306.8417663574219,-318.3409729003906,-295.8025207519531,-293.0426940917969,-315.8111267089844,108.25556945800781,43.30222702026367,43.30222702026367,-301.0119934082031,,,,,,,,,,,,,,,,,,,,,,,,,,,,,,,,,,,,,,,,,,,,,,,
1.7758752987658486e+18,-375.24993896484375,-1250.7279052734375,-374.9401550292969,-74.94612121582031,-499.80389404296875,-374.8193054199219,-365.58148193359375,-374.76300048828125,,,,,,,,,,,,,,,,,,,,,,,,,,,,,,,,,,,,,,,,,,,,,,,,,,,,,,,,,,,,,,,,,,,
1.775875298765886e+18,,,,,,,,,-375.15606689453125,-1251.017822265625,-375.3045959472656,-75.00577545166016,-75.05463409423828,-75.04151153564453,-500.1142272949219,-375.364013671875,,,,,,,,,,,,,,,,,,,,,,,,,,,,,,,,,,,,,,,,,,,,,,,,,,,,,,,,,,,
1.775875298766623e+18,,,,,,,,,,,,,,,,,,,,,,,,,,,,,-215.71531677246094,-21.571531295776367,-21.571531295776367,-21.570873260498047,-21.571531295776367,-21.571531295776367,-180.45994567871094,,,,,,,,,,,,,,,,,,,,,,,,,,,,,,,,,,,,,,,,
1.7758752987666806e+18,,,,,,,,,,,,,,,,,-291.66278076171875,-273.7240295410156,-294.422607421875,-319.2608947753906,-296.4924621582031,-282.2334289550781,-259.4649963378906,-303.3919982910156,108.25556945800781,43.30222702026367,43.30222702026367,-299.1947021484375,,,,,,,,,,,,,,,,,,,,,,,,,,,,,,,,,,,,,,,,,,,,,,,
1.7758752987668485e+18,-375.3422546386719,-1251.2408447265625,-375.15557861328125,-75.06914520263672,-500.5831298828125,-375.2808532714844,-383.52716064453125,-375.4395446777344,,,,,,,,,,,,,,,,,,,,,,,,,,,,,,,,,,,,,,,,,,,,,,,,,,,,,,,,,,,,,,,,,,,
1.7758752987668861e+18,,,,,,,,,-375.1253662109375,-1250.1978759765625,-375.0278625488281,-75.01192474365234,-75.03618621826172,-75.02920532226562,-500.1552429199219,-375.333251953125,,,,,,,,,,,,,,,,,,,,,,,,,,,,,,,,,,,,,,,,,,,,,,,,,,,,,,,,,,,
1.7758752987676232e+18,,,,,,,,,,,,,,,,,,,,,,,,,,,,,-215.7218780517578,-21.571531295776367,-21.571531295776367,-21.571531295776367,-21.571531295776367,-21.571531295776367,-180.5092010498047,,,,,,,,,,,,,,,,,,,,,,,,,,,,,,,,,,,,,,,,
1.7758752987676808e+18,,,,,,,,,,,,,,,,,-313.74127197265625,-295.8025207519531,-267.97442626953125,-306.15179443359375,-303.6219787597656,-283.15338134765625,-278.0937194824219,-301.7821044921875,108.25556945800781,43.30222702026367,43.30222702026367,-300.5037841796875,,,,,,,,,,,,,,,,,,,,,,,,,,,,,,,,,,,,,,,,,,,,,,,
1.7758752987678484e+18,-374.6960754394531,-1249.1893310546875,-374.8785705566406,-74.92766571044922,-499.68084716796875,-374.7885437011719,-360.7795715332031,-374.7015075683594,,,,,,,,,,,,,,,,,,,,,,,,,,,,,,,,,,,,,,,,,,,,,,,,,,,,,,,,,,,,,,,,,,,
1.7758752987678863e+18,,,,,,,,,-374.7566223144531,-1249.992919921875,-374.93560791015625,-74.97503662109375,-74.98699188232422,-74.98612976074219,-499.7450866699219,-374.9949645996094,,,,,,,,,,,,,,,,,,,,,,,,,,,,,,,,,,,,,,,,,,,,,,,,,,,,,,,,,,,
1.7758752987686234e+18,,,,,,,,,,,,,,,,,,,,,,,,,,,,,-215.71531677246094,-21.572189331054688,-21.571531295776367,-21.571531295776367,-21.571531295776367,-21.571531295776367,-180.5092010498047,,,,,,,,,,,,,,,,,,,,,,,,,,,,,,,,,,,,,,,,
1.7758752987686807e+18,,,,,,,,,,,,,,,,,-282.46343994140625,-292.5827331542969,-310.5215148925781,-283.38336181640625,-301.5521240234375,-289.8229064941406,-262.9147644042969,-298.33233642578125,108.25556945800781,43.30222702026367,43.30222702026367,-298.3630676269531,,,,,,,,,,,,,,,,,,,,,,,,,,,,,,,,,,,,,,,,,,,,,,,
1.7758752987688486e+18,-374.81915283203125,-1250.317626953125,-375.4325866699219,-75.06914520263672,-500.0089416503906,-374.7885437011719,-362.56488037109375,-375.2550354003906,,,,,,,,,,,,,,,,,,,,,,,,,,,,,,,,,,,,,,,,,,,,,,,,,,,,,,,,,,,,,,,,,,,
1.7758752987688863e+18,,,,,,,,,-374.7566223144531,-1250.50537109375,-375.1200866699219,-74.9873275756836,-74.94393920898438,-74.96151733398438,-500.0732116699219,-375.425537109375,,,,,,,,,,,,,,,,,,,,,,,,,,,,,,,,,,,,,,,,,,,,,,,,,,,,,,,,,,,
1.7758752987696236e+18,,,,,,,,,,,,,,,,,,,,,,,,,,,,,-215.71531677246094,-21.571531295776367,-21.571531295776367,-21.571531295776367,-21.571531295776367,-21.571531295776367,-180.57489013671875,,,,,,,,,,,,,,,,,,,,,,,,,,,,,,,,,,,,,,,,
1.775875298769681e+18,,,,,,,,,,,,,,,,,-296.2624816894531,-266.5945129394531,-297.87237548828125,-294.882568359375,-271.6541748046875,-309.1416015625,-267.5144348144531,-288.9029846191406,108.25556945800781,43.30222702026367,43.30222702026367,-298.3476867675781,,,,,,,,,,,,,,,,,,,,,,,,,,,,,,,,,,,,,,,,,,,,,,,
1.7758752987698486e+18,-375.0653076171875,-1250.83056640625,-375.2479248046875,-75.06914520263672,-500.0909729003906,-374.7885437011719,-367.3976135253906,-374.76300048828125,,,,,,,,,,,,,,,,,,,,,,,,,,,,,,,,,,,,,,,,,,,,,,,,,,,,,,,,,,,,,,,,,,,
1.7758752987698865e+18,,,,,,,,,-375.1253662109375,-1250.6077880859375,-375.3353271484375,-75.02422332763672,-74.96238708496094,-74.93690490722656,-499.6630554199219,-374.9949645996094,,,,,,,,,,,,,,,,,,,,,,,,,,,,,,,,,,,,,,,,,,,,,,,,,,,,,,,,,,,
1.7758752987706237e+18,,,,,,,,,,,,,,,,,,,,,,,,,,,,,-215.71531677246094,-21.571531295776367,-21.571531295776367,-21.571531295776367,-21.571531295776367,-21.571531295776367,-180.5584716796875,,,,,,,,,,,,,,,,,,,,,,,,,,,,,,,,,,,,,,,,
1.7758752987706808e+18,,,,,,,,,,,,,,,,,-276.71380615234375,-298.56231689453125,-261.53485107421875,-304.5419006347656,-254.1753692626953,-287.2930908203125,-263.6047058105469,-278.78369140625,108.25556945800781,43.30222702026367,43.30222702026367,-298.7789001464844,,,,,,,,,,,,,,,,,,,,,,,,,,,,,,,,,,,,,,,,,,,,,,,
1.7758752987708485e+18,-375.1883850097656,-1251.4459228515625,-375.0632629394531,-74.9707260131836,-499.63983154296875,-375.3116149902344,-381.5879211425781,-374.8552551269531,,,,,,,,,,,,,,,,,,,,,,,,,,,,,,,,,,,,,,,,,,,,,,,,,,,,,,,,,,,,,,,,,,,
1.7758752987708867e+18,,,,,,,,,-375.1253662109375,-1250.7103271484375,-374.7511291503906,-74.96888732910156,-75.00543975830078,-75.05996704101562,-499.9911804199219,-374.6874084472656,,,,,,,,,,,,,,,,,,,,,,,,,,,,,,,,,,,,,,,,,,,,,,,,,,,,,,,,,,,
1.7758752987716237e+18,,,,,,,,,,,,,,,,,,,,,,,,,,,,,-215.708740234375,-21.571531295776367,-21.571531295776367,-21.570873260498047,-21.570873260498047,-21.571531295776367,-180.49278259277344,,,,,,,,,,,,,,,,,,,,,,,,,,,,,,,,,,,,,,,,
1.775875298771681e+18,,,,,,,,,,,,,,,,,-289.3629455566406,-278.3236999511719,-298.79229736328125,-271.6541748046875,-289.5929260253906,-276.25384521484375,-253.94537353515625,-293.732666015625,108.25556945800781,43.30222702026367,43.30222702026367,-298.65570068359375,,,,,,,,,,,,,,,,,,,,,,,,,,,,,,,,,,,,,,,,,,,,,,,
1.7758752987718484e+18,-374.8807067871094,-1250.420166015625,-375.2479248046875,-74.98918151855469,-499.63983154296875,-374.69622802734375,-373.12298583984375,-375.4395446777344,,,,,,,,,,,,,,,,,,,,,,,,,,,,,,,,,,,,,,,,,,,,,,,,,,,,,,,,,,,,,,,,,,,
1.7758752987718868e+18,,,,,,,,,-375.06390380859375,-1251.017822265625,-375.3045959472656,-74.9873275756836,-74.96853637695312,-74.96151733398438,-500.1552429199219,-375.14874267578125,,,,,,,,,,,,,,,,,,,,,,,,,,,,,,,,,,,,,,,,,,,,,,,,,,,,,,,,,,,
1.775875298772624e+18,,,,,,,,,,,,,,,,,,,,,,,,,,,,,-215.71531677246094,-21.571531295776367,-21.571531295776367,-21.571531295776367,-21.571531295776367,-21.570873260498047,-180.49278259277344,,,,,,,,,,,,,,,,,,,,,,,,,,,,,,,,,,,,,,,,
1.7758752987726277e+18,,,,,,,,,,,,,,,,,,,,,,,,,,,,,,,,,,,,,,,,,,,,,,,,,,0.0,0.0,0.0,,,,,,,,,,,,,,,,,,,,,,,
1.775875298772681e+18,,,,,,,,,,,,,,,,,-291.20281982421875,-267.2844543457031,-296.9524230957031,-275.79388427734375,-278.0937194824219,-281.7734680175781,-249.8056640625,-293.732666015625,108.25556945800781,43.30222702026367,43.30222702026367,-298.8866882324219,,,,,,,,,,,,,,,,,,,,,,,,,,,,,,,,,,,,,,,,,,,,,,,
1.775875298772798e+18,,,,,,,,,,,,,,,,,,,,,,,,,,,,,,,,,,,,,,,,,,,,,,,,,,,,,0.0,0.0,0.0,0.0,0.0,0.0,0.0,0.0,0.0,0.0,0.0,0.0,0.0,0.0,0.0,0.0,0.0,0.0,0.0,0.0,0.0,0.0,0.0
1.7758752987728484e+18,-374.7268371582031,-1250.0098876953125,-375.12481689453125,-75.07530212402344,-499.9269104003906,-374.69622802734375,-369.55230712890625,-375.1012878417969,,,,,,,,,,,,,,,,,,,,,,,,,,,,,,,,,,,,,,,,,,,,,,,,,,,,,,,,,,,,,,,,,,,
1.775875298772887e+18,,,,,,,,,-374.9717102050781,-1250.7103271484375,-375.3045959472656,-74.99962615966797,-74.96238708496094,-74.93075561523438,-499.8271179199219,-375.08721923828125,,,,,,,,,,,,,,,,,,,,,,,,,,,,,,,,,,,,,,,,,,,,,,,,,,,,,,,,,,,
1.775875298773624e+18,,,,,,,,,,,,,,,,,,,,,,,,,,,,,-215.71531677246094,-21.570873260498047,-21.571531295776367,-21.571531295776367,-21.571531295776367,-21.571531295776367,-180.4763641357422,,,,,,,,,,,,,,,,,,,,,,,,,,,,,,,,,,,,,,,,
1.7758752987736812e+18,,,,,,,,,,,,,,,,,-296.9524230957031,-295.112548828125,-264.984619140625,-303.3919982910156,-311.9013977050781,-284.07330322265625,-265.444580078125,-301.0921630859375,108.25556945800781,43.30222702026367,43.30222702026367,-301.39703369140625,,,,,,,,,,,,,,,,,,,,,,,,,,,,,,,,,,,,,,,,,,,,,,,
1.7758752987738486e+18,-374.6960754394531,-1249.3944091796875,-374.90936279296875,-74.92766571044922,-499.76287841796875,-374.880859375,-362.5956726074219,-374.8860168457031,,,,,,,,,,,,,,,,,,,,,,,,,,,,,,,,,,,,,,,,,,,,,,,,,,,,,,,,,,,,,,,,,,,
1.775875298773887e+18,,,,,,,,,-374.63372802734375,-1249.4805908203125,-374.8433837890625,-74.95658874511719,-74.93778991699219,-74.96151733398438,-499.7040710449219,-374.5028991699219,,,,,,,,,,,,,,,,,,,,,,,,,,,,,,,,,,,,,,,,,,,,,,,,,,,,,,,,,,,
1.7758752987746243e+18,,,,,,,,,,,,,,,,,,,,,,,,,,,,,-215.71531677246094,-21.571531295776367,-21.571531295776367,-21.571531295776367,-21.571531295776367,-21.571531295776367,-180.36141967773438,,,,,,,,,,,,,,,,,,,,,,,,,,,,,,,,,,,,,,,,
1.775875298774681e+18,,,,,,,,,,,,,,,,,-278.3236999511719,-312.1313781738281,-295.8025207519531,-284.5332946777344,-299.7122497558594,-273.0340576171875,-281.7734680175781,-287.7530517578125,108.25556945800781,43.30222702026367,43.30222702026367,-300.45758056640625,,,,,,,,,,,,,,,,,,,,,,,,,,,,,,,,,,,,,,,,,,,,,,,
1.7758752987748485e+18,-374.78839111328125,-1249.9073486328125,-375.12481689453125,-75.08760070800781,-500.5010986328125,-375.0039367675781,-366.4741516113281,-374.5784912109375,,,,,,,,,,,,,,,,,,,,,,,,,,,,,,,,,,,,,,,,,,,,,,,,,,,,,,,,,,,,,,,,,,,
1.7758752987748872e+18,,,,,,,,,-374.9102783203125,-1249.685546875,-375.21234130859375,-75.01807403564453,-75.05463409423828,-75.0107421875,-499.7040710449219,-374.7796936035156,,,,,,,,,,,,,,,,,,,,,,,,,,,,,,,,,,,,,,,,,,,,,,,,,,,,,,,,,,,
1.7758752987756244e+18,,,,,,,,,,,,,,,,,,,,,,,,,,,,,-215.71531677246094,-21.571531295776367,-21.571531295776367,-21.571531295776367,-21.571531295776367,-21.572189331054688,-180.39425659179688,,,,,,,,,,,,,,,,,,,,,,,,,,,,,,,,,,,,,,,,
1.7758752987756813e+18,,,,,,,,,,,,,,,,,-318.3409729003906,-290.05291748046875,-322.2507019042969,-295.8025207519531,-317.4210205078125,-294.422607421875,-310.29150390625,-290.74285888671875,108.25556945800781,43.30222702026367,43.30222702026367,-300.1341552734375,,,,,,,,,,,,,,,,,,,,,,,,,,,,,,,,,,,,,,,,,,,,,,,
1.7758752987758484e+18,-374.8807067871094,-1250.5228271484375,-375.2171325683594,-75.00148010253906,-499.51678466796875,-374.69622802734375,-373.98486328125,-375.47027587890625,,,,,,,,,,,,,,,,,,,,,,,,,,,,,,,,,,,,,,,,,,,,,,,,,,,,,,,,,,,,,,,,,,,
1.7758752987758874e+18,,,,,,,,,-375.06390380859375,-1250.915283203125,-375.1200866699219,-74.9873275756836,-74.96853637695312,-74.95536804199219,-500.2372741699219,-375.17950439453125,,,,,,,,,,,,,,,,,,,,,,,,,,,,,,,,,,,,,,,,,,,,,,,,,,,,,,,,,,,
1.7758752987766244e+18,,,,,,,,,,,,,,,,,,,,,,,,,,,,,-215.71531677246094,-21.570873260498047,-21.571531295776367,-21.571531295776367,-21.571531295776367,-21.571531295776367,-180.39425659179688,,,,,,,,,,,,,,,,,,,,,,,,,,,,,,,,,,,,,,,,
1.7758752987766812e+18,,,,,,,,,,,,,,,,,-307.9916687011719,-285.4532165527344,-314.6612243652344,-293.5026550292969,-280.16357421875,-310.5215148925781,-267.2844543457031,-306.61175537109375,108.25556945800781,43.30222702026367,43.30222702026367,-300.5345764160156,,,,,,,,,,,,,,,,,,,,,,,,,,,,,,,,,,,,,,,,,,,,,,,
1.7758752987768484e+18,-375.0960998535156,-1250.6253662109375,-375.40179443359375,-75.03839111328125,-499.8448791503906,-374.7577819824219,-360.3486328125,-374.8552551269531,,,,,,,,,,,,,,,,,,,,,,,,,,,,,,,,,,,,,,,,,,,,,,,,,,,,,,,,,,,,,,,,,,,
1.7758752987768876e+18,,,,,,,,,-375.1253662109375,-1250.7103271484375,-375.1200866699219,-74.9873275756836,-74.97468566894531,-74.9676742553711,-499.7450866699219,-374.56439208984375,,,,,,,,,,,,,,,,,,,,,,,,,,,,,,,,,,,,,,,,,,,,,,,,,,,,,,,,,,,
1.7758752987774075e+18,,,,,,,,,,,,,,,,,,,,,,,,,,,,,,,,,,,,2297.46630859375,21.878021240234375,2297.46630859375,2297.46630859375,2297.46630859375,2297.46630859375,2297.46630859375,24.590930938720703,2297.46630859375,2297.46630859375,2297.46630859375,2297.46630859375,2297.46630859375,2297.46630859375,,,,,,,,,,,,,,,,,,,,,,,,,,
1.7758752987776246e+18,,,,,,,,,,,,,,,,,,,,,,,,,,,,,-215.71531677246094,-21.571531295776367,-21.571531295776367,-21.571531295776367,-21.570873260498047,-21.571531295776367,-180.2957305908203,,,,,,,,,,,,,,,,,,,,,,,,,,,,,,,,,,,,,,,,
1.7758752987776814e+18,,,,,,,,,,,,,,,,,-299.2522888183594,-327.0803527832031,-308.4516296386719,-297.41241455078125,-311.2114562988281,-288.4430236816406,-288.9029846191406,-311.2114562988281,108.25556945800781,43.30222702026367,43.30222702026367,-300.4421691894531,,,,,,,,,,,,,,,,,,,,,,,,,,,,,,,,,,,,,,,,,,,,,,,
1.7758752987778486e+18,-375.0037841796875,-1249.3944091796875,-374.8785705566406,-74.9522705078125,-500.0909729003906,-375.18853759765625,-383.52716064453125,-375.3780212402344,,,,,,,,,,,,,,,,,,,,,,,,,,,,,,,,,,,,,,,,,,,,,,,,,,,,,,,,,,,,,,,,,,,
1.7758752987778875e+18,,,,,,,,,-374.8795471191406,-1249.0706787109375,-374.72039794921875,-74.9873275756836,-74.9992904663086,-75.0230484008789,-500.1962585449219,-375.2717590332031,,,,,,,,,,,,,,,,,,,,,,,,,,,,,,,,,,,,,,,,,,,,,,,,,,,,,,,,,,,
1.7758752987786248e+18,,,,,,,,,,,,,,,,,,,,,,,,,,,,,-215.71531677246094,-21.571531295776367,-21.571531295776367,-21.570873260498047,-21.571531295776367,-21.572189331054688,-180.32858276367188,,,,,,,,,,,,,,,,,,,,,,,,,,,,,,,,,,,,,,,,
1.7758752987786813e+18,,,,,,,,,,,,,,,,,-307.3017272949219,-333.9798889160156,-302.0120849609375,-338.8095703125,-300.4021911621094,-301.5521240234375,-310.7514953613281,-286.6031494140625,108.25556945800781,43.30222702026367,43.30222702026367,-301.0119934082031,,,,,,,,,,,,,,,,,,,,,,,,,,,,,,,,,,,,,,,,,,,,,,,
1.7758752987788485e+18,-375.3422546386719,-1251.651123046875,-375.001708984375,-74.94612121582031,-499.43475341796875,-374.69622802734375,-373.8309631347656,-375.50103759765625,,,,,,,,,,,,,,,,,,,,,,,,,,,,,,,,,,,,,,,,,,,,,,,,,,,,,,,,,,,,,,,,,,,
1.7758752987788877e+18,,,,,,,,,-375.1253662109375,-1251.1202392578125,-375.1200866699219,-74.98118591308594,-74.96853637695312,-74.96151733398438,-500.1552429199219,-375.14874267578125,,,,,,,,,,,,,,,,,,,,,,,,,,,,,,,,,,,,,,,,,,,,,,,,,,,,,,,,,,,
1.775875298779625e+18,,,,,,,,,,,,,,,,,,,,,,,,,,,,,-215.708740234375,-21.570873260498047,-21.571531295776367,-21.571531295776367,-21.571531295776367,-21.571531295776367,-180.36141967773438,,,,,,,,,,,,,,,,,,,,,,,,,,,,,,,,,,,,,,,,
1.7758752987796508e+18,,,,,,,,,,,,,,,,,,,,,,,,,,,,,,,,,,,,,,,,,,,,,,,,,,0.0,0.0,0.0,,,,,,,,,,,,,,,,,,,,,,,
1.7758752987796815e+18,,,,,,,,,,,,,,,,,-308.2216491699219,-307.9916687011719,-283.84332275390625,-325.4704895019531,-285.6831970214844,-305.92181396484375,-310.5215148925781,-302.7020263671875,108.25556945800781,43.30222702026367,43.30222702026367,-301.11981201171875,,,,,,,,,,,,,,,,,,,,,,,,,,,,,,,,,,,,,,,,,,,,,,,
1.7758752987798484e+18,-375.0653076171875,-1249.3944091796875,-374.8478088378906,-74.9645767211914,-500.1730041503906,-375.2500915527344,-383.52716064453125,-374.8860168457031,,,,,,,,,,,,,,,,,,,,,,,,,,,,,,,,,,,,,,,,,,,,,,,,,,,,,,,,,,,,,,,,,,,
1.7758752987798879e+18,,,,,,,,,-374.84881591796875,-1248.9681396484375,-374.68963623046875,-74.99347686767578,-75.0484848022461,-75.05381774902344,-499.9501647949219,-374.7181701660156,,,,,,,,,,,,,,,,,,,,,,,,,,,,,,,,,,,,,,,,,,,,,,,,,,,,,,,,,,,
1.775875298780173e+18,,,,,,,,,,,,,,,,,,,,,,,,,,,,,,,,,,,,,,,,,,,,,,,,,,,,,0.0,0.0,0.0,0.0,0.0,0.0,0.0,0.0,0.0,0.0,0.0,0.0,0.0,0.0,0.0,0.0,0.0,0.0,0.0,0.0,0.0,0.0,0.0
1.7758752987806252e+18,,,,,,,,,,,,,,,,,,,,,,,,,,,,,-215.71531677246094,-21.570873260498047,-21.571531295776367,-21.571531295776367,-21.570873260498047,-21.571531295776367,-180.34500122070312,,,,,,,,,,,,,,,,,,,,,,,,,,,,,,,,,,,,,,,,
1.7758752987806815e+18,,,,,,,,,,,,,,,,,-299.9422302246094,-312.1313781738281,-330.7601013183594,-302.4720458984375,-305.00189208984375,-311.9013977050781,-278.78369140625,-289.5929260253906,108.25556945800781,43.30222702026367,43.30222702026367,-301.2738037109375,,,,,,,,,,,,,,,,,,,,,,,,,,,,,,,,,,,,,,,,,,,,,,,
1.7758752987808484e+18,-374.84991455078125,-1249.7021484375,-375.15557861328125,-75.03224182128906,-500.3780517578125,-375.2500915527344,-377.7094421386719,-375.3472900390625,,,,,,,,,,,,,,,,,,,,,,,,,,,,,,,,,,,,,,,,,,,,,,,,,,,,,,,,,,,,,,,,,,,
1.775875298780888e+18,,,,,,,,,-374.8180847167969,-1248.86572265625,-374.8126220703125,-74.98118591308594,-74.93778991699219,-74.9676742553711,-499.9501647949219,-374.9949645996094,,,,,,,,,,,,,,,,,,,,,,,,,,,,,,,,,,,,,,,,,,,,,,,,,,,,,,,,,,,
1.7758752987816253e+18,,,,,,,,,,,,,,,,,,,,,,,,,,,,,-215.71531677246094,-21.571531295776367,-21.570873260498047,-21.571531295776367,-21.571531295776367,-21.571531295776367,-180.39425659179688,,,,,,,,,,,,,,,,,,,,,,,,,,,,,,,,,,,,,,,,
1.7758752987816817e+18,,,,,,,,,,,,,,,,,-286.8331298828125,-321.10076904296875,-323.630615234375,-298.33233642578125,-290.51287841796875,-314.2012634277344,-290.74285888671875,-277.4037780761719,108.25556945800781,43.30222702026367,43.30222702026367,-299.51812744140625,,,,,,,,,,,,,,,,,,,,,,,,,,,,,,,,,,,,,,,,,,,,,,,
1.7758752987818483e+18,-374.634521484375,-1249.086669921875,-374.8785705566406,-74.92766571044922,-499.76287841796875,-374.8193054199219,-360.8719177246094,-374.947509765625,,,,,,,,,,,,,,,,,,,,,,,,,,,,,,,,,,,,,,,,,,,,,,,,,,,,,,,,,,,,,,,,,,,
1.7758752987818883e+18,,,,,,,,,-374.8180847167969,-1249.7879638671875,-374.8741149902344,-74.95658874511719,-74.96238708496094,-74.94921112060547,-499.7450866699219,-374.4721374511719,,,,,,,,,,,,,,,,,,,,,,,,,,,,,,,,,,,,,,,,,,,,,,,,,,,,,,,,,,,
1.7758752987826253e+18,,,,,,,,,,,,,,,,,,,,,,,,,,,,,-215.71531677246094,-21.571531295776367,-21.571531295776367,-21.571531295776367,-21.570873260498047,-21.571531295776367,-180.45994567871094,,,,,,,,,,,,,,,,,,,,,,,,,,,,,,,,,,,,,,,,
1.7758752987826816e+18,,,,,,,,,,,,,,,,,-294.422607421875,-316.5010986328125,-280.16357421875,-319.95086669921875,-274.6439514160156,-298.10235595703125,-295.5725402832031,-295.5725402832031,108.25556945800781,43.30222702026367,43.30222702026367,-300.4421691894531,,,,,,,,,,,,,,,,,,,,,,,,,,,,,,,,,,,,,,,,,,,,,,,
1.7758752987828485e+18,-375.1576232910156,-1249.7021484375,-374.8170166015625,-74.97687530517578,-500.3370361328125,-375.2500915527344,-383.52716064453125,-374.8860168457031,,,,,,,,,,,,,,,,,,,,,,,,,,,,,,,,,,,,,,,,,,,,,,,,,,,,,,,,,,,,,,,,,,,
1.7758752987828882e+18,,,,,,,,,-374.7566223144531,-1249.0706787109375,-374.8126220703125,-75.01192474365234,-75.0484848022461,-75.05381774902344,-500.0321960449219,-374.6566467285156,,,,,,,,,,,,,,,,,,,,,,,,,,,,,,,,,,,,,,,,,,,,,,,,,,,,,,,,,,,
1.7758752987836255e+18,,,,,,,,,,,,,,,,,,,,,,,,,,,,,-215.71531677246094,-21.571531295776367,-21.571531295776367,-21.572189331054688,-21.571531295776367,-21.571531295776367,-180.4763641357422,,,,,,,,,,,,,,,,,,,,,,,,,,,,,,,,,,,,,,,,
1.7758752987836818e+18,,,,,,,,,,,,,,,,,-277.8637390136719,-315.5811462402344,-323.860595703125,-292.8127136230469,-271.4241943359375,-290.74285888671875,-300.4021911621094,-289.8229064941406,108.25556945800781,43.30222702026367,43.30222702026367,-299.7183532714844,,,,,,,,,,,,,,,,,,,,,,,,,,,,,,,,,,,,,,,,,,,,,,,
1.7758752987838484e+18,-374.8807067871094,-1249.8046875,-375.2171325683594,-75.01993560791016,-500.5831298828125,-375.4962463378906,-381.1261901855469,-375.47027587890625,,,,,,,,,,,,,,,,,,,,,,,,,,,,,,,,,,,,,,,,,,,,,,,,,,,,,,,,,,,,,,,,,,,
1.7758752987838884e+18,,,,,,,,,-375.27899169921875,-1250.40283203125,-375.0278625488281,-74.99347686767578,-75.00543975830078,-74.95536804199219,-499.7450866699219,-374.8104248046875,,,,,,,,,,,,,,,,,,,,,,,,,,,,,,,,,,,,,,,,,,,,,,,,,,,,,,,,,,,
1.7758752987846257e+18,,,,,,,,,,,,,,,,,,,,,,,,,,,,,-215.71531677246094,-21.571531295776367,-21.571531295776367,-21.571531295776367,-21.571531295776367,-21.571531295776367,-180.5092010498047,,,,,,,,,,,,,,,,,,,,,,,,,,,,,,,,,,,,,,,,
1.775875298784682e+18,,,,,,,,,,,,,,,,,-271.1941833496094,-301.3221435546875,-306.15179443359375,-290.74285888671875,-310.7514953613281,-284.9932556152344,-275.79388427734375,-308.2216491699219,108.25556945800781,43.30222702026367,43.30222702026367,-299.287109375,,,,,,,,,,,,,,,,,,,,,,,,,,,,,,,,,,,,,,,,,,,,,,,
1.7758752987848484e+18,-374.9729919433594,-1250.420166015625,-375.46337890625,-75.06914520263672,-499.9679260253906,-374.8193054199219,-362.56488037109375,-375.2242736816406,,,,,,,,,,,,,,,,,,,,,,,,,,,,,,,,,,,,,,,,,,,,,,,,,,,,,,,,,,,,,,,,,,,
1.7758752987848883e+18,,,,,,,,,-374.94097900390625,-1250.50537109375,-375.1816101074219,-74.99962615966797,-74.94393920898438,-74.96151733398438,-500.0732116699219,-375.3025207519531,,,,,,,,,,,,,,,,,,,,,,,,,,,,,,,,,,,,,,,,,,,,,,,,,,,,,,,,,,,
1.7758752987856259e+18,,,,,,,,,,,,,,,,,,,,,,,,,,,,,-215.71531677246094,-21.571531295776367,-21.571531295776367,-21.571531295776367,-21.571531295776367,-21.571531295776367,-180.5584716796875,,,,,,,,,,,,,,,,,,,,,,,,,,,,,,,,,,,,,,,,
1.775875298785682e+18,,,,,,,,,,,,,,,,,-315.8111267089844,-285.6831970214844,-291.20281982421875,-303.6219787597656,-261.07489013671875,-295.112548828125,-259.0050354003906,-291.66278076171875,108.25556945800781,43.30222702026367,43.30222702026367,-297.7470397949219,,,,,,,,,,,,,,,,,,,,,,,,,,,,,,,,,,,,,,,,,,,,,,,
1.7758752987858483e+18,-374.81915283203125,-1250.1124267578125,-375.3402404785156,-75.08145141601562,-500.1319885253906,-374.7885437011719,-360.3486328125,-374.9167785644531,,,,,,,,,,,,,,,,,,,,,,,,,,,,,,,,,,,,,,,,,,,,,,,,,,,,,,,,,,,,,,,,,,,
1.7758752987858885e+18,,,,,,,,,-374.572265625,-1249.685546875,-375.1200866699219,-75.01807403564453,-74.96853637695312,-74.95536804199219,-499.8681335449219,-375.11798095703125,,,,,,,,,,,,,,,,,,,,,,,,,,,,,,,,,,,,,,,,,,,,,,,,,,,,,,,,,,,
1.7758752987865638e+18,,,,,,,,,,,,,,,,,,,,,,,,,,,,,,,,,,,,,,,,,,,,,,,,,,0.0,0.0,0.0,,,,,,,,,,,,,,,,,,,,,,,
1.775875298786626e+18,,,,,,,,,,,,,,,,,,,,,,,,,,,,,-215.71531677246094,-21.571531295776367,-21.571531295776367,-21.571531295776367,-21.571531295776367,-21.571531295776367,-180.5092010498047,,,,,,,,,,,,,,,,,,,,,,,,,,,,,,,,,,,,,,,,
1.775875298786682e+18,,,,,,,,,,,,,,,,,-306.61175537109375,-277.4037780761719,-282.2334289550781,-305.23187255859375,-263.6047058105469,-262.6847839355469,-290.28289794921875,-291.20281982421875,108.25556945800781,43.30222702026367,43.30222702026367,-298.0550537109375,,,,,,,,,,,,,,,,,,,,,,,,,,,,,,,,,,,,,,,,,,,,,,,
1.7758752987868485e+18,-375.1576232910156,-1250.83056640625,-375.032470703125,-75.01378631591797,-500.1730041503906,-374.7885437011719,-369.92169189453125,-375.19354248046875,,,,,,,,,,,,,,,,,,,,,,,,,,,,,,,,,,,,,,,,,,,,,,,,,,,,,,,,,,,,,,,,,,,
1.7758752987868884e+18,,,,,,,,,-374.5415344238281,-1249.173095703125,-374.68963623046875,-74.94429016113281,-74.96238708496094,-74.95536804199219,-499.4169921875,-374.6566467285156,,,,,,,,,,,,,,,,,,,,,,,,,,,,,,,,,,,,,,,,,,,,,,,,,,,,,,,,,,,
1.775875298787626e+18,,,,,,,,,,,,,,,,,,,,,,,,,,,,,-215.71531677246094,-21.571531295776367,-21.571531295776367,-21.571531295776367,-21.571531295776367,-21.570873260498047,-180.525634765625,,,,,,,,,,,,,,,,,,,,,,,,,,,,,,,,,,,,,,,,
1.7758752987876823e+18,,,,,,,,,,,,,,,,,-276.02386474609375,-277.8637390136719,-295.112548828125,-287.2930908203125,-254.1753692626953,-276.02386474609375,-296.7224426269531,-289.3629455566406,108.25556945800781,43.30222702026367,43.30222702026367,-300.5345764160156,,,,,,,,,,,,,,,,,,,,,,,,,,,,,,,,,,,,,,,,,,,,,,,
1.7758752987878484e+18,-374.7575988769531,-1249.599609375,-374.9709167480469,-74.94612121582031,-499.9269104003906,-375.0039367675781,-363.7345886230469,-374.947509765625,,,,,,,,,,,,,,,,,,,,,,,,,,,,,,,,,,,,,,,,,,,,,,,,,,,,,,,,,,,,,,,,,,,
1.7758752987878886e+18,,,,,,,,,-374.572265625,-1248.9681396484375,-374.7818908691406,-74.96273803710938,-74.92549133300781,-74.96151733398438,-499.7450866699219,-374.4413757324219,,,,,,,,,,,,,,,,,,,,,,,,,,,,,,,,,,,,,,,,,,,,,,,,,,,,,,,,,,,
1.775875298787973e+18,,,,,,,,,,,,,,,,,,,,,,,,,,,,,,,,,,,,,,,,,,,,,,,,,,,,,0.0,0.0,0.0,0.0,0.0,0.0,0.0,0.0,0.0,0.0,0.0,0.0,0.0,0.0,0.0,0.0,0.0,0.0,0.0,0.0,0.0,0.0,0.0
1.7758752987886262e+18,,,,,,,,,,,,,,,,,,,,,,,,,,,,,-215.71531677246094,-21.571531295776367,-21.571531295776367,-21.572189331054688,-21.571531295776367,-21.571531295776367,-180.49278259277344,,,,,,,,,,,,,,,,,,,,,,,,,,,,,,,,,,,,,,,,
1.7758752987886825e+18,,,,,,,,,,,,,,,,,-296.0325012207031,-266.3645324707031,-291.8927917480469,-269.8143005371094,-285.6831970214844,-272.3441162109375,-259.0050354003906,-287.2930908203125,108.25556945800781,43.30222702026367,43.30222702026367,-300.2111511230469,,,,,,,,,,,,,,,,,,,,,,,,,,,,,,,,,,,,,,,,,,,,,,,
1.7758752987888484e+18,-375.3730163574219,-1250.420166015625,-374.8478088378906,-74.97687530517578,-499.76287841796875,-375.2193298339844,-380.2643127441406,-375.3472900390625,,,,,,,,,,,,,,,,,,,,,,,,,,,,,,,,,,,,,,,,,,,,,,,,,,,,,,,,,,,,,,,,,,,
1.7758752987888886e+18,,,,,,,,,-375.217529296875,-1249.3780517578125,-374.6281433105469,-74.97503662109375,-74.9992904663086,-75.04151153564453,-500.44232177734375,-375.05645751953125,,,,,,,,,,,,,,,,,,,,,,,,,,,,,,,,,,,,,,,,,,,,,,,,,,,,,,,,,,,
1.7758752987896264e+18,,,,,,,,,,,,,,,,,,,,,,,,,,,,,-215.71531677246094,-21.572189331054688,-21.571531295776367,-21.571531295776367,-21.570873260498047,-21.571531295776367,-180.4435272216797,,,,,,,,,,,,,,,,,,,,,,,,,,,,,,,,,,,,,,,,
1.7758752987896827e+18,,,,,,,,,,,,,,,,,-286.3731689453125,-284.5332946777344,-289.5929260253906,-270.2742614746094,-291.66278076171875,-264.294677734375,-276.25384521484375,-275.56390380859375,108.25556945800781,43.30222702026367,43.30222702026367,-299.70294189453125,,,,,,,,,,,,,,,,,,,,,,,,,,,,,,,,,,,,,,,,,,,,,,,
1.7758752987898483e+18,-375.1576232910156,-1249.8046875,-374.6015930175781,-74.9399642944336,-499.68084716796875,-374.7577819824219,-360.3486328125,-374.82452392578125,,,,,,,,,,,,,,,,,,,,,,,,,,,,,,,,,,,,,,,,,,,,,,,,,,,,,,,,,,,,,,,,,,,
1.7758752987898888e+18,,,,,,,,,-375.37115478515625,-1250.7103271484375,-374.9971008300781,-74.97503662109375,-74.9808349609375,-74.9676742553711,-499.6220397949219,-374.5028991699219,,,,,,,,,,,,,,,,,,,,,,,,,,,,,,,,,,,,,,,,,,,,,,,,,,,,,,,,,,,
1.7758752987899082e+18,,,,,,,,,,,,,,,,,,,,,,,,,,,,,,,,,,,,2297.451171875,21.917848587036133,2297.451171875,2297.451171875,2297.451171875,2297.451171875,2297.451171875,24.588897705078125,2297.451171875,2297.451171875,2297.451171875,2297.451171875,2297.451171875,2297.451171875,,,,,,,,,,,,,,,,,,,,,,,,,,
1.7758752987906266e+18,,,,,,,,,,,,,,,,,,,,,,,,,,,,,-215.708740234375,-21.571531295776367,-21.571531295776367,-21.572189331054688,-21.571531295776367,-21.571531295776367,-180.4435272216797,,,,,,,,,,,,,,,,,,,,,,,,,,,,,,,,,,,,,,,,
1.7758752987906826e+18,,,,,,,,,,,,,,,,,-273.9540100097656,-297.64239501953125,-301.3221435546875,-286.1431579589844,-309.6015625,-287.9830322265625,-276.25384521484375,-302.4720458984375,108.25556945800781,43.30222702026367,43.30222702026367,-299.81072998046875,,,,,,,,,,,,,,,,,,,,,,,,,,,,,,,,,,,,,,,,,,,,,,,
1.7758752987908483e+18,-374.7575988769531,-1249.599609375,-375.001708984375,-75.04454040527344,-500.2140197753906,-375.61932373046875,-383.52716064453125,-374.8860168457031,,,,,,,,,,,,,,,,,,,,,,,,,,,,,,,,,,,,,,,,,,,,,,,,,,,,,,,,,,,,,,,,,,,
1.775875298790889e+18,,,,,,,,,-374.5415344238281,-1249.275634765625,-375.0278625488281,-75.01192474365234,-75.0484848022461,-75.0230484008789,-500.2372741699219,-374.9027099609375,,,,,,,,,,,,,,,,,,,,,,,,,,,,,,,,,,,,,,,,,,,,,,,,,,,,,,,,,,,
1.7758752987916268e+18,,,,,,,,,,,,,,,,,,,,,,,,,,,,,-215.71531677246094,-21.571531295776367,-21.571531295776367,-21.571531295776367,-21.570873260498047,-21.571531295776367,-180.41067504882812,,,,,,,,,,,,,,,,,,,,,,,,,,,,,,,,,,,,,,,,
1.7758752987916828e+18,,,,,,,,,,,,,,,,,-274.1839904785156,-304.77191162109375,-277.6337585449219,-295.112548828125,-282.69342041015625,-272.3441162109375,-291.43280029296875,-272.8040771484375,108.25556945800781,43.30222702026367,43.30222702026367,-300.2881774902344,,,,,,,,,,,,,,,,,,,,,,,,,,,,,,,,,,,,,,,,,,,,,,,
1.7758752987918484e+18,-375.0037841796875,-1249.599609375,-374.69390869140625,-75.05068969726562,-500.2960205078125,-374.97314453125,-368.0747985839844,-374.82452392578125,,,,,,,,,,,,,,,,,,,,,,,,,,,,,,,,,,,,,,,,,,,,,,,,,,,,,,,,,,,,,,,,,,,
1.775875298791889e+18,,,,,,,,,-374.6951904296875,-1249.275634765625,-375.05859375,-75.04882049560547,-75.0484848022461,-74.97382354736328,-499.7861022949219,-374.62591552734375,,,,,,,,,,,,,,,,,,,,,,,,,,,,,,,,,,,,,,,,,,,,,,,,,,,,,,,,,,,
1.7758752987926267e+18,,,,,,,,,,,,,,,,,,,,,,,,,,,,,-215.71531677246094,-21.570873260498047,-21.571531295776367,-21.571531295776367,-21.571531295776367,-21.571531295776367,-180.32858276367188,,,,,,,,,,,,,,,,,,,,,,,,,,,,,,,,,,,,,,,,
1.775875298792683e+18,,,,,,,,,,,,,,,,,-282.46343994140625,-305.92181396484375,-309.83154296875,-293.0426940917969,-318.1109924316406,-290.74285888671875,-296.0325012207031,-310.29150390625,108.25556945800781,43.30222702026367,43.30222702026367,-300.041748046875,,,,,,,,,,,,,,,,,,,,,,,,,,,,,,,,,,,,,,,,,,,,,,,
1.7758752987928484e+18,-375.0345458984375,-1250.7279052734375,-375.1863708496094,-74.97687530517578,-499.72186279296875,-375.09625244140625,-378.2942810058594,-375.50103759765625,,,,,,,,,,,,,,,,,,,,,,,,,,,,,,,,,,,,,,,,,,,,,,,,,,,,,,,,,,,,,,,,,,,
1.775875298792889e+18,,,,,,,,,-375.3097229003906,-1251.017822265625,-374.9971008300781,-74.98118591308594,-74.94393920898438,-74.9984359741211,-500.1552429199219,-375.425537109375,,,,,,,,,,,,,,,,,,,,,,,,,,,,,,,,,,,,,,,,,,,,,,,,,,,,,,,,,,,
1.7758752987934625e+18,,,,,,,,,,,,,,,,,,,,,,,,,,,,,,,,,,,,,,,,,,,,,,,,,,0.0,0.0,0.0,,,,,,,,,,,,,,,,,,,,,,,
1.775875298793627e+18,,,,,,,,,,,,,,,,,,,,,,,,,,,,,-215.71531677246094,-21.571531295776367,-21.571531295776367,-21.571531295776367,-21.571531295776367,-21.571531295776367,-180.36141967773438,,,,,,,,,,,,,,,,,,,,,,,,,,,,,,,,,,,,,,,,
1.7758752987936832e+18,,,,,,,,,,,,,,,,,-282.2334289550781,-306.15179443359375,-328.23028564453125,-294.192626953125,-289.3629455566406,-314.6612243652344,-276.71380615234375,-294.652587890625,108.25556945800781,43.30222702026367,43.30222702026367,-302.25946044921875,,,,,,,,,,,,,,,,,,,,,,,,,,,,,,,,,,,,,,,,,,,,,,,
1.7758752987938483e+18,-374.8807067871094,-1249.2918701171875,-374.69390869140625,-74.97687530517578,-499.63983154296875,-375.0346984863281,-378.60211181640625,-375.53179931640625,,,,,,,,,,,,,,,,,,,,,,,,,,,,,,,,,,,,,,,,,,,,,,,,,,,,,,,,,,,,,,,,,,,
1.775875298793889e+18,,,,,,,,,-375.06390380859375,-1249.0706787109375,-374.6589050292969,-74.96273803710938,-74.96853637695312,-74.95536804199219,-499.9911804199219,-375.08721923828125,,,,,,,,,,,,,,,,,,,,,,,,,,,,,,,,,,,,,,,,,,,,,,,,,,,,,,,,,,,
1.775875298794627e+18,,,,,,,,,,,,,,,,,,,,,,,,,,,,,-215.71531677246094,-21.571531295776367,-21.571531295776367,-21.571531295776367,-21.571531295776367,-21.571531295776367,-180.34500122070312,,,,,,,,,,,,,,,,,,,,,,,,,,,,,,,,,,,,,,,,
1.7758752987946834e+18,,,,,,,,,,,,,,,,,-330.9901123046875,-310.5215148925781,-282.69342041015625,-304.5419006347656,-312.36138916015625,-302.4720458984375,-292.3527526855469,-323.630615234375,108.25556945800781,43.30222702026367,43.30222702026367,-302.16705322265625,,,,,,,,,,,,,,,,,,,,,,,,,,,,,,,,,,,,,,,,,,,,,,,
1.7758752987948483e+18,-375.0653076171875,-1250.6253662109375,-375.15557861328125,-75.02608489990234,-500.3780517578125,-375.4962463378906,-380.1719665527344,-375.2857971191406,,,,,,,,,,,,,,,,,,,,,,,,,,,,,,,,,,,,,,,,,,,,,,,,,,,,,,,,,,,,,,,,,,,
1.7758752987948892e+18,,,,,,,,,-374.5415344238281,-1249.173095703125,-374.8741149902344,-74.95658874511719,-74.97468566894531,-74.98612976074219,-499.7450866699219,-374.9334411621094,,,,,,,,,,,,,,,,,,,,,,,,,,,,,,,,,,,,,,,,,,,,,,,,,,,,,,,,,,,
1.7758752987956273e+18,,,,,,,,,,,,,,,,,,,,,,,,,,,,,-215.71531677246094,-21.571531295776367,-21.571531295776367,-21.571531295776367,-21.571531295776367,-21.571531295776367,-180.34500122070312,,,,,,,,,,,,,,,,,,,,,,,,,,,,,,,,,,,,,,,,
1.7758752987956833e+18,,,,,,,,,,,,,,,,,-319.0309143066406,-296.4924621582031,-318.3409729003906,-286.6031494140625,-307.9916687011719,-286.3731689453125,-307.7616882324219,-284.9932556152344,108.25556945800781,43.30222702026367,43.30222702026367,-299.8723449707031,,,,,,,,,,,,,,,,,,,,,,,,,,,,,,,,,,,,,,,,,,,,,,,
1.7758752987958484e+18,-375.0653076171875,-1250.93310546875,-374.8170166015625,-74.95841979980469,-500.0909729003906,-375.61932373046875,-383.52716064453125,-374.7322692871094,,,,,,,,,,,,,,,,,,,,,,,,,,,,,,,,,,,,,,,,,,,,,,,,,,,,,,,,,,,,,,,,,,,
1.7758752987958892e+18,,,,,,,,,-375.37115478515625,-1249.7879638671875,-374.8126220703125,-74.99347686767578,-75.0484848022461,-75.00459289550781,-499.7861022949219,-374.62591552734375,,,,,,,,,,,,,,,,,,,,,,,,,,,,,,,,,,,,,,,,,,,,,,,,,,,,,,,,,,,
1.7758752987965734e+18,,,,,,,,,,,,,,,,,,,,,,,,,,,,,,,,,,,,,,,,,,,,,,,,,,,,,0.0,0.0,0.0,0.0,0.0,0.0,0.0,0.0,0.0,0.0,0.0,0.0,0.0,0.0,0.0,0.0,0.0,0.0,0.0,0.0,0.0,0.0,0.0
1.7758752987966275e+18,,,,,,,,,,,,,,,,,,,,,,,,,,,,,-215.71531677246094,-21.571531295776367,-21.571531295776367,-21.571531295776367,-21.570873260498047,-21.571531295776367,-180.37783813476562,,,,,,,,,,,,,,,,,,,,,,,,,,,,,,,,,,,,,,,,
1.7758752987966835e+18,,,,,,,,,,,,,,,,,-307.9916687011719,-336.04974365234375,-301.7821044921875,-335.81976318359375,-297.1824035644531,-307.0717468261719,-307.3017272949219,-293.5026550292969,108.25556945800781,43.30222702026367,43.30222702026367,-300.6731872558594,,,,,,,,,,,,,,,,,,,,,,,,,,,,,,,,,,,,,,,,,,,,,,,
1.7758752987968484e+18,-374.78839111328125,-1248.5738525390625,-374.8170166015625,-75.01993560791016,-500.6241455078125,-375.4654846191406,-375.9241027832031,-374.82452392578125,,,,,,,,,,,,,,,,,,,,,,,,,,,,,,,,,,,,,,,,,,,,,,,,,,,,,,,,,,,,,,,,,,,
1.7758752987968893e+18,,,,,,,,,-374.787353515625,-1249.4805908203125,-374.8126220703125,-75.02422332763672,-75.03003692626953,-74.9984359741211,-499.4990234375,-374.6874084472656,,,,,,,,,,,,,,,,,,,,,,,,,,,,,,,,,,,,,,,,,,,,,,,,,,,,,,,,,,,
1.7758752987976274e+18,,,,,,,,,,,,,,,,,,,,,,,,,,,,,-215.71531677246094,-21.571531295776367,-21.570873260498047,-21.571531295776367,-21.571531295776367,-21.571531295776367,-180.37783813476562,,,,,,,,,,,,,,,,,,,,,,,,,,,,,,,,,,,,,,,,
1.7758752987976837e+18,,,,,,,,,,,,,,,,,-321.7907409667969,-295.8025207519531,-309.1416015625,-329.6101989746094,-289.5929260253906,-317.1910400390625,-300.1722106933594,-290.05291748046875,108.25556945800781,43.30222702026367,43.30222702026367,-301.98223876953125,,,,,,,,,,,,,,,,,,,,,,,,,,,,,,,,,,,,,,,,,,,,,,,
1.7758752987978483e+18,-375.31146240234375,-1250.7279052734375,-375.4325866699219,-75.07530212402344,-500.2140197753906,-375.4346923828125,-383.52716064453125,-375.0705261230469,,,,,,,,,,,,,,,,,,,,,,,,,,,,,,,,,,,,,,,,,,,,,,,,,,,,,,,,,,,,,,,,,,,
1.7758752987978893e+18,,,,,,,,,-375.1867980957031,-1250.1978759765625,-375.1816101074219,-75.0365219116211,-75.03618621826172,-75.0107421875,-500.48333740234375,-375.333251953125,,,,,,,,,,,,,,,,,,,,,,,,,,,,,,,,,,,,,,,,,,,,,,,,,,,,,,,,,,,
1.7758752987986276e+18,,,,,,,,,,,,,,,,,,,,,,,,,,,,,-215.708740234375,-21.571531295776367,-21.571531295776367,-21.571531295776367,-21.572189331054688,-21.571531295776367,-180.42710876464844,,,,,,,,,,,,,,,,,,,,,,,,,,,,,,,,,,,,,,,,
1.775875298798684e+18,,,,,,,,,,,,,,,,,-315.8111267089844,-320.18084716796875,-293.732666015625,-332.5999755859375,-288.6730041503906,-298.33233642578125,-300.6321716308594,-284.7632751464844,108.25556945800781,43.30222702026367,43.30222702026367,-301.5202331542969,,,,,,,,,,,,,,,,,,,,,,,,,,,,,,,,,,,,,,,,,,,,,,,
1.7758752987988483e+18,-374.84991455078125,-1250.317626953125,-375.12481689453125,-75.08760070800781,-500.4600830078125,-375.0039367675781,-367.64385986328125,-374.6400146484375,,,,,,,,,,,,,,,,,,,,,,,,,,,,,,,,,,,,,,,,,,,,,,,,,,,,,,,,,,,,,,,,,,,
1.7758752987988895e+18,,,,,,,,,-374.8795471191406,-1249.5830078125,-375.1816101074219,-75.01192474365234,-75.06078338623047,-75.03535461425781,-499.8681335449219,-374.6874084472656,,,,,,,,,,,,,,,,,,,,,,,,,,,,,,,,,,,,,,,,,,,,,,,,,,,,,,,,,,,
1.7758752987996278e+18,,,,,,,,,,,,,,,,,,,,,,,,,,,,,-215.71531677246094,-21.571531295776367,-21.571531295776367,-21.571531295776367,-21.571531295776367,-21.571531295776367,-180.41067504882812,,,,,,,,,,,,,,,,,,,,,,,,,,,,,,,,,,,,,,,,
1.7758752987996838e+18,,,,,,,,,,,,,,,,,-289.1329650878906,-320.41082763671875,-279.93359375,-315.8111267089844,-274.8739318847656,-300.1722106933594,-272.1141357421875,-306.38177490234375,108.25556945800781,43.30222702026367,43.30222702026367,-300.4267883300781,,,,,,,,,,,,,,,,,,,,,,,,,,,,,,,,,,,,,,,,,,,,,,,
1.7758752987998482e+18,-374.84991455078125,-1249.2918701171875,-375.0632629394531,-75.08760070800781,-500.0909729003906,-374.63470458984375,-372.93829345703125,-375.53179931640625,,,,,,,,,,,,,,,,,,,,,,,,,,,,,,,,,,,,,,,,,,,,,,,,,,,,,,,,,,,,,,,,,,,
1.7758752987998897e+18,,,,,,,,,-374.8180847167969,-1250.3004150390625,-375.3353271484375,-75.00577545166016,-74.96853637695312,-74.98612976074219,-500.4013366699219,-375.08721923828125,,,,,,,,,,,,,,,,,,,,,,,,,,,,,,,,,,,,,,,,,,,,,,,,,,,,,,,,,,,
1.775875298800437e+18,,,,,,,,,,,,,,,,,,,,,,,,,,,,,,,,,,,,,,,,,,,,,,,,,,0.0,0.0,0.0,,,,,,,,,,,,,,,,,,,,,,,
1.775875298800628e+18,,,,,,,,,,,,,,,,,,,,,,,,,,,,,-215.71531677246094,-21.571531295776367,-21.571531295776367,-21.570873260498047,-21.571531295776367,-21.571531295776367,-180.42710876464844,,,,,,,,,,,,,,,,,,,,,,,,,,,,,,,,,,,,,,,,
1.775875298800684e+18,,,,,,,,,,,,,,,,,-292.3527526855469,-328.92022705078125,-289.5929260253906,-301.0921630859375,-300.1722106933594,-267.97442626953125,-295.112548828125,-280.16357421875,108.25556945800781,43.30222702026367,43.30222702026367,-300.73480224609375,,,,,,,,,,,,,,,,,,,,,,,,,,,,,,,,,,,,,,,,,,,,,,,
1.7758752988008484e+18,-375.1883850097656,-1251.2408447265625,-375.2171325683594,-75.01378631591797,-499.80389404296875,-374.66546630859375,-368.6596374511719,-374.978271484375,,,,,,,,,,,,,,,,,,,,,,,,,,,,,,,,,,,,,,,,,,,,,,,,,,,,,,,,,,,,,,,,,,,
1.7758752988008896e+18,,,,,,,,,-375.1253662109375,-1251.017822265625,-375.3353271484375,-75.00577545166016,-74.95008850097656,-74.93690490722656,-499.7861022949219,-375.05645751953125,,,,,,,,,,,,,,,,,,,,,,,,,,,,,,,,,,,,,,,,,,,,,,,,,,,,,,,,,,,
1.7758752988016282e+18,,,,,,,,,,,,,,,,,,,,,,,,,,,,,-215.71531677246094,-21.571531295776367,-21.571531295776367,-21.571531295776367,-21.571531295776367,-21.571531295776367,-180.4763641357422,,,,,,,,,,,,,,,,,,,,,,,,,,,,,,,,,,,,,,,,
1.7758752988016842e+18,,,,,,,,,,,,,,,,,-304.0819396972656,-298.33233642578125,-278.3236999511719,-297.64239501953125,-299.4822692871094,-273.4940490722656,-261.30487060546875,-303.6219787597656,108.25556945800781,43.30222702026367,43.30222702026367,-300.6885986328125,,,,,,,,,,,,,,,,,,,,,,,,,,,,,,,,,,,,,,,,,,,,,,,
1.7758752988018483e+18,-374.81915283203125,-1248.5738525390625,-374.7862548828125,-74.9338150024414,-500.0499572753906,-374.9423828125,-383.52716064453125,-375.2550354003906,,,,,,,,,,,,,,,,,,,,,,,,,,,,,,,,,,,,,,,,,,,,,,,,,,,,,,,,,,,,,,,,,,,
1.7758752988018898e+18,,,,,,,,,-375.1253662109375,-1250.812744140625,-375.3045959472656,-75.01192474365234,-75.06693267822266,-75.04766082763672,-500.1142272949219,-375.333251953125,,,,,,,,,,,,,,,,,,,,,,,,,,,,,,,,,,,,,,,,,,,,,,,,,,,,,,,,,,,
1.775875298802409e+18,,,,,,,,,,,,,,,,,,,,,,,,,,,,,,,,,,,,2297.620849609375,22.025413513183594,2297.620849609375,2297.620849609375,2297.620849609375,2297.620849609375,2297.620849609375,24.767724990844727,2297.620849609375,2297.620849609375,2297.620849609375,2297.620849609375,2297.620849609375,2297.620849609375,,,,,,,,,,,,,,,,,,,,,,,,,,
1.775875298802628e+18,,,,,,,,,,,,,,,,,,,,,,,,,,,,,-215.71531677246094,-21.571531295776367,-21.571531295776367,-21.571531295776367,-21.571531295776367,-21.571531295776367,-180.4763641357422,,,,,,,,,,,,,,,,,,,,,,,,,,,,,,,,,,,,,,,,
1.7758752988026844e+18,,,,,,,,,,,,,,,,,-297.41241455078125,-282.0034484863281,-308.681640625,-280.6235656738281,-285.6831970214844,-295.8025207519531,-257.3951416015625,-297.87237548828125,108.25556945800781,43.30222702026367,43.30222702026367,-297.82403564453125,,,,,,,,,,,,,,,,,,,,,,,,,,,,,,,,,,,,,,,,,,,,,,,
1.7758752988028483e+18,-374.8807067871094,-1249.3944091796875,-374.8785705566406,-75.02608489990234,-500.3370361328125,-375.5270080566406,-379.5255432128906,-374.76300048828125,,,,,,,,,,,,,,,,,,,,,,,,,,,,,,,,,,,,,,,,,,,,,,,,,,,,,,,,,,,,,,,,,,,
1.7758752988028897e+18,,,,,,,,,-374.572265625,-1249.275634765625,-374.9971008300781,-75.02422332763672,-75.0484848022461,-75.00459289550781,-499.5810546875,-374.4413757324219,,,,,,,,,,,,,,,,,,,,,,,,,,,,,,,,,,,,,,,,,,,,,,,,,,,,,,,,,,,
1.7758752988036283e+18,,,,,,,,,,,,,,,,,,,,,,,,,,,,,-215.71531677246094,-21.571531295776367,-21.571531295776367,-21.571531295776367,-21.571531295776367,-21.571531295776367,-180.525634765625,,,,,,,,,,,,,,,,,,,,,,,,,,,,,,,,,,,,,,,,
1.7758752988036846e+18,,,,,,,,,,,,,,,,,-289.3629455566406,-263.6047058105469,-292.8127136230469,-268.89434814453125,-281.0835266113281,-287.9830322265625,-276.02386474609375,-305.92181396484375,108.25556945800781,43.30222702026367,43.30222702026367,-300.3805847167969,,,,,,,,,,,,,,,,,,,,,,,,,,,,,,,,,,,,,,,,,,,,,,,
1.7758752988038482e+18,-374.9114685058594,-1249.2918701171875,-375.12481689453125,-75.02608489990234,-500.7061767578125,-375.4654846191406,-376.8167724609375,-374.6400146484375,,,,,,,,,,,,,,,,,,,,,,,,,,,,,,,,,,,,,,,,,,,,,,,,,,,,,,,,,,,,,,,,,,,
1.77587529880389e+18,,,,,,,,,-374.6951904296875,-1249.685546875,-374.9971008300781,-75.0303726196289,-75.01773834228516,-75.05381774902344,-500.2372741699219,-374.9949645996094,,,,,,,,,,,,,,,,,,,,,,,,,,,,,,,,,,,,,,,,,,,,,,,,,,,,,,,,,,,
1.7758752988039214e+18,,,,,,,,,,,,,,,,,,,,,,,,,,,,,,,,,,,,,,,,,,,,,,,,,,,,,0.0,0.0,0.0,0.0,0.0,0.0,0.0,0.0,0.0,0.0,0.0,0.0,0.0,0.0,0.0,0.0,0.0,0.0,0.0,0.0,0.0,0.0,0.0
1.7758752988046285e+18,,,,,,,,,,,,,,,,,,,,,,,,,,,,,-215.71531677246094,-21.571531295776367,-21.571531295776367,-21.571531295776367,-21.571531295776367,-21.572189331054688,-180.5092010498047,,,,,,,,,,,,,,,,,,,,,,,,,,,,,,,,,,,,,,,,
1.7758752988046845e+18,,,,,,,,,,,,,,,,,-312.82135009765625,-281.3135070800781,-280.3935546875,-296.7224426269531,-254.8653106689453,-294.882568359375,-260.1549377441406,-285.6831970214844,108.25556945800781,43.30222702026367,43.30222702026367,-297.2850341796875,,,,,,,,,,,,,,,,,,,,,,,,,,,,,,,,,,,,,,,,,,,,,,,
1.7758752988048484e+18,-374.9114685058594,-1249.3944091796875,-374.66314697265625,-74.99533081054688,-500.2550354003906,-375.61932373046875,-383.52716064453125,-375.0397644042969,,,,,,,,,,,,,,,,,,,,,,,,,,,,,,,,,,,,,,,,,,,,,,,,,,,,,,,,,,,,,,,,,,,
1.7758752988048899e+18,,,,,,,,,-374.7566223144531,-1249.173095703125,-374.8433837890625,-74.97503662109375,-75.03618621826172,-75.02920532226562,-500.1552429199219,-374.7796936035156,,,,,,,,,,,,,,,,,,,,,,,,,,,,,,,,,,,,,,,,,,,,,,,,,,,,,,,,,,,
1.7758752988056287e+18,,,,,,,,,,,,,,,,,,,,,,,,,,,,,-215.71531677246094,-21.571531295776367,-21.571531295776367,-21.571531295776367,-21.571531295776367,-21.571531295776367,-180.525634765625,,,,,,,,,,,,,,,,,,,,,,,,,,,,,,,,,,,,,,,,
1.7758752988056847e+18,,,,,,,,,,,,,,,,,-281.5434875488281,-297.64239501953125,-262.9147644042969,-302.2420654296875,-259.2350158691406,-287.9830322265625,-266.5945129394531,-270.9642028808594,108.25556945800781,43.30222702026367,43.30222702026367,-298.9637145996094,,,,,,,,,,,,,,,,,,,,,,,,,,,,,,,,,,,,,,,,,,,,,,,
1.7758752988058483e+18,-374.9114685058594,-1249.1893310546875,-375.001708984375,-75.03224182128906,-500.4600830078125,-375.55780029296875,-381.61871337890625,-375.2857971191406,,,,,,,,,,,,,,,,,,,,,,,,,,,,,,,,,,,,,,,,,,,,,,,,,,,,,,,,,,,,,,,,,,,
1.77587529880589e+18,,,,,,,,,-374.6951904296875,-1249.3780517578125,-374.68963623046875,-74.99347686767578,-75.01773834228516,-75.05381774902344,-500.4013366699219,-375.17950439453125,,,,,,,,,,,,,,,,,,,,,,,,,,,,,,,,,,,,,,,,,,,,,,,,,,,,,,,,,,,
1.7758752988066289e+18,,,,,,,,,,,,,,,,,,,,,,,,,,,,,-215.71531677246094,-21.570873260498047,-21.571531295776367,-21.571531295776367,-21.571531295776367,-21.571531295776367,-180.4435272216797,,,,,,,,,,,,,,,,,,,,,,,,,,,,,,,,,,,,,,,,
1.775875298806685e+18,,,,,,,,,,,,,,,,,-264.294677734375,-299.02227783203125,-264.294677734375,-300.6321716308594,-264.294677734375,-291.8927917480469,-259.9249572753906,-295.5725402832031,108.25556945800781,43.30222702026367,43.30222702026367,-299.6259460449219,,,,,,,,,,,,,,,,,,,,,,,,,,,,,,,,,,,,,,,,,,,,,,,
1.7758752988068483e+18,-375.3422546386719,-1250.420166015625,-374.66314697265625,-74.92766571044922,-499.8448791503906,-375.15777587890625,-383.52716064453125,-375.009033203125,,,,,,,,,,,,,,,,,,,,,,,,,,,,,,,,,,,,,,,,,,,,,,,,,,,,,,,,,,,,,,,,,,,
1.77587529880689e+18,,,,,,,,,-375.4018859863281,-1250.1978759765625,-374.7511291503906,-74.9873275756836,-75.01158905029297,-75.05381774902344,-499.9501647949219,-374.7489318847656,,,,,,,,,,,,,,,,,,,,,,,,,,,,,,,,,,,,,,,,,,,,,,,,,,,,,,,,,,,
1.7758752988073408e+18,,,,,,,,,,,,,,,,,,,,,,,,,,,,,,,,,,,,,,,,,,,,,,,,,,0.0,0.0,0.0,,,,,,,,,,,,,,,,,,,,,,,
1.775875298807629e+18,,,,,,,,,,,,,,,,,,,,,,,,,,,,,-215.71531677246094,-21.571531295776367,-21.571531295776367,-21.571531295776367,-21.571531295776367,-21.571531295776367,-180.45994567871094,,,,,,,,,,,,,,,,,,,,,,,,,,,,,,,,,,,,,,,,
1.775875298807685e+18,,,,,,,,,,,,,,,,,-267.5144348144531,-305.46185302734375,-274.6439514160156,-301.3221435546875,-290.51287841796875,-286.3731689453125,-301.7821044921875,-281.0835266113281,108.25556945800781,43.30222702026367,43.30222702026367,-299.81072998046875,,,,,,,,,,,,,,,,,,,,,,,,,,,,,,,,,,,,,,,,,,,,,,,
1.7758752988078482e+18,-374.7575988769531,-1249.1893310546875,-375.0632629394531,-75.05684661865234,-500.5831298828125,-375.2193298339844,-375.3084716796875,-374.5784912109375,,,,,,,,,,,,,,,,,,,,,,,,,,,,,,,,,,,,,,,,,,,,,,,,,,,,,,,,,,,,,,,,,,,
1.7758752988078902e+18,,,,,,,,,-374.7566223144531,-1248.6607666015625,-374.93560791015625,-75.00577545166016,-75.05463409423828,-75.0230484008789,-499.6630554199219,-374.7796936035156,,,,,,,,,,,,,,,,,,,,,,,,,,,,,,,,,,,,,,,,,,,,,,,,,,,,,,,,,,,
1.775875298808629e+18,,,,,,,,,,,,,,,,,,,,,,,,,,,,,-215.71531677246094,-21.571531295776367,-21.571531295776367,-21.571531295776367,-21.571531295776367,-21.571531295776367,-180.37783813476562,,,,,,,,,,,,,,,,,,,,,,,,,,,,,,,,,,,,,,,,
1.7758752988086853e+18,,,,,,,,,,,,,,,,,-316.0411376953125,-286.8331298828125,-279.4736328125,-312.1313781738281,-295.8025207519531,-270.5042419433594,-289.3629455566406,-319.4908752441406,108.25556945800781,43.30222702026367,43.30222702026367,-299.9339599609375,,,,,,,,,,,,,,,,,,,,,,,,,,,,,,,,,,,,,,,,,,,,,,,
1.7758752988088481e+18,-375.31146240234375,-1250.5228271484375,-375.46337890625,-75.07530212402344,-500.2550354003906,-375.4039306640625,-383.52716064453125,-375.0397644042969,,,,,,,,,,,,,,,,,,,,,,,,,,,,,,,,,,,,,,,,,,,,,,,,,,,,,,,,,,,,,,,,,,,
1.7758752988088904e+18,,,,,,,,,-374.8795471191406,-1250.095458984375,-375.1200866699219,-75.0365219116211,-75.06078338623047,-75.0230484008789,-500.48333740234375,-375.364013671875,,,,,,,,,,,,,,,,,,,,,,,,,,,,,,,,,,,,,,,,,,,,,,,,,,,,,,,,,,,
1.7758752988096292e+18,,,,,,,,,,,,,,,,,,,,,,,,,,,,,-215.71531677246094,-21.571531295776367,-21.570873260498047,-21.571531295776367,-21.570873260498047,-21.571531295776367,-180.34500122070312,,,,,,,,,,,,,,,,,,,,,,,,,,,,,,,,,,,,,,,,
1.7758752988096852e+18,,,,,,,,,,,,,,,,,-311.2114562988281,-314.6612243652344,-287.9830322265625,-287.5230712890625,-310.9814758300781,-315.8111267089844,-285.6831970214844,-292.8127136230469,108.25556945800781,43.30222702026367,43.30222702026367,-298.701904296875,,,,,,,,,,,,,,,,,,,,,,,,,,,,,,,,,,,,,,,,,,,,,,,
1.7758752988098483e+18,-374.9422302246094,-1249.7021484375,-375.15557861328125,-75.03224182128906,-500.6241455078125,-375.61932373046875,-380.5413513183594,-374.8552551269531,,,,,,,,,,,,,,,,,,,,,,,,,,,,,,,,,,,,,,,,,,,,,,,,,,,,,,,,,,,,,,,,,,,
1.7758752988098903e+18,,,,,,,,,-374.7259216308594,-1249.5830078125,-374.8433837890625,-74.99962615966797,-75.02388763427734,-75.05996704101562,-500.44232177734375,-375.0257263183594,,,,,,,,,,,,,,,,,,,,,,,,,,,,,,,,,,,,,,,,,,,,,,,,,,,,,,,,,,,
1.7758752988106294e+18,,,,,,,,,,,,,,,,,,,,,,,,,,,,,-215.71531677246094,-21.571531295776367,-21.571531295776367,-21.570873260498047,-21.571531295776367,-21.571531295776367,-180.34500122070312,,,,,,,,,,,,,,,,,,,,,,,,,,,,,,,,,,,,,,,,
1.7758752988106854e+18,,,,,,,,,,,,,,,,,-301.5521240234375,-313.05133056640625,-281.0835266113281,-318.1109924316406,-283.84332275390625,-303.3919982910156,-300.6321716308594,-285.4532165527344,108.25556945800781,43.30222702026367,43.30222702026367,-299.13311767578125,,,,,,,,,,,,,,,,,,,,,,,,,,,,,,,,,,,,,,,,,,,,,,,
1.7758752988108483e+18,-374.9729919433594,-1250.420166015625,-375.1863708496094,-74.9522705078125,-499.76287841796875,-375.12701416015625,-383.52716064453125,-375.13201904296875,,,,,,,,,,,,,,,,,,,,,,,,,,,,,,,,,,,,,,,,,,,,,,,,,,,,,,,,,,,,,,,,,,,
1.7758752988108905e+18,,,,,,,,,-375.3097229003906,-1250.7103271484375,-374.8741149902344,-74.97503662109375,-74.9808349609375,-75.04766082763672,-499.9911804199219,-374.7489318847656,,,,,,,,,,,,,,,,,,,,,,,,,,,,,,,,,,,,,,,,,,,,,,,,,,,,,,,,,,,
1.7758752988116296e+18,,,,,,,,,,,,,,,,,,,,,,,,,,,,,-215.71531677246094,-21.571531295776367,-21.571531295776367,-21.571531295776367,-21.571531295776367,-21.571531295776367,-180.37783813476562,,,,,,,,,,,,,,,,,,,,,,,,,,,,,,,,,,,,,,,,
1.7758752988116856e+18,,,,,,,,,,,,,,,,,-296.2624816894531,-318.3409729003906,-281.5434875488281,-324.320556640625,-295.342529296875,-311.4414367675781,-314.8912048339844,-303.8519592285156,108.25556945800781,43.30222702026367,43.30222702026367,-300.3959655761719,,,,,,,,,,,,,,,,,,,,,,,,,,,,,,,,,,,,,,,,,,,,,,,
1.7758752988117914e+18,,,,,,,,,,,,,,,,,,,,,,,,,,,,,,,,,,,,,,,,,,,,,,,,,,,,,0.0,0.0,0.0,0.0,0.0,0.0,0.0,0.0,0.0,0.0,0.0,0.0,0.0,0.0,0.0,0.0,0.0,0.0,0.0,0.0,0.0,0.0,0.0
1.7758752988118482e+18,-374.9729919433594,-1249.1893310546875,-374.8478088378906,-74.98302459716797,-500.4190673828125,-375.2808532714844,-383.52716064453125,-375.0705261230469,,,,,,,,,,,,,,,,,,,,,,,,,,,,,,,,,,,,,,,,,,,,,,,,,,,,,,,,,,,,,,,,,,,
1.7758752988118904e+18,,,,,,,,,-374.63372802734375,-1248.9681396484375,-374.8433837890625,-75.01192474365234,-75.05463409423828,-75.04766082763672,-500.1142272949219,-374.9027099609375,,,,,,,,,,,,,,,,,,,,,,,,,,,,,,,,,,,,,,,,,,,,,,,,,,,,,,,,,,,
1.7758752988126298e+18,,,,,,,,,,,,,,,,,,,,,,,,,,,,,-215.71531677246094,-21.571531295776367,-21.571531295776367,-21.571531295776367,-21.571531295776367,-21.571531295776367,-180.36141967773438,,,,,,,,,,,,,,,,,,,,,,,,,,,,,,,,,,,,,,,,
1.7758752988126858e+18,,,,,,,,,,,,,,,,,-310.7514953613281,-304.77191162109375,-333.0599670410156,-304.0819396972656,-322.4806823730469,-310.5215148925781,-294.192626953125,-321.5607604980469,108.25556945800781,43.30222702026367,43.30222702026367,-299.2101135253906,,,,,,,,,,,,,,,,,,,,,,,,,,,,,,,,,,,,,,,,,,,,,,,
1.775875298812848e+18,-375.0960998535156,-1248.984130859375,-374.66314697265625,-74.9645767211914,-499.76287841796875,-374.4193115234375,-366.1971130371094,-374.9167785644531,,,,,,,,,,,,,,,,,,,,,,,,,,,,,,,,,,,,,,,,,,,,,,,,,,,,,,,,,,,,,,,,,,,
1.7758752988128906e+18,,,,,,,,,-375.3404541015625,-1250.095458984375,-374.93560791015625,-74.9873275756836,-74.97468566894531,-74.94921112060547,-499.4580078125,-374.6874084472656,,,,,,,,,,,,,,,,,,,,,,,,,,,,,,,,,,,,,,,,,,,,,,,,,,,,,,,,,,,
1.7758752988136297e+18,,,,,,,,,,,,,,,,,,,,,,,,,,,,,-215.71531677246094,-21.571531295776367,-21.571531295776367,-21.571531295776367,-21.571531295776367,-21.571531295776367,-180.37783813476562,,,,,,,,,,,,,,,,,,,,,,,,,,,,,,,,,,,,,,,,
1.7758752988136858e+18,,,,,,,,,,,,,,,,,-321.33074951171875,-291.20281982421875,-303.6219787597656,-319.95086669921875,-279.013671875,-319.2608947753906,-289.3629455566406,-314.4312438964844,108.25556945800781,43.30222702026367,43.30222702026367,-300.8271789550781,,,,,,,,,,,,,,,,,,,,,,,,,,,,,,,,,,,,,,,,,,,,,,,
1.7758752988138483e+18,-375.1268615722656,-1249.3944091796875,-374.8785705566406,-75.00148010253906,-500.4190673828125,-375.3116149902344,-377.8941345214844,-374.6092529296875,,,,,,,,,,,,,,,,,,,,,,,,,,,,,,,,,,,,,,,,,,,,,,,,,,,,,,,,,,,,,,,,,,,
1.7758752988138906e+18,,,,,,,,,-374.7259216308594,-1248.76318359375,-374.7818908691406,-75.00577545166016,-75.07308959960938,-75.0230484008789,-499.8271179199219,-374.7796936035156,,,,,,,,,,,,,,,,,,,,,,,,,,,,,,,,,,,,,,,,,,,,,,,,,,,,,,,,,,,
1.7758752988142582e+18,,,,,,,,,,,,,,,,,,,,,,,,,,,,,,,,,,,,,,,,,,,,,,,,,,0.0,0.0,0.0,,,,,,,,,,,,,,,,,,,,,,,
1.77587529881463e+18,,,,,,,,,,,,,,,,,,,,,,,,,,,,,-215.71531677246094,-21.571531295776367,-21.571531295776367,-21.571531295776367,-21.571531295776367,-21.571531295776367,-180.39425659179688,,,,,,,,,,,,,,,,,,,,,,,,,,,,,,,,,,,,,,,,
1.775875298814686e+18,,,,,,,,,,,,,,,,,-301.0921630859375,-325.9304504394531,-306.15179443359375,-310.7514953613281,-313.05133056640625,-284.7632751464844,-312.36138916015625,-286.6031494140625,108.25556945800781,43.30222702026367,43.30222702026367,-301.1044006347656,,,,,,,,,,,,,,,,,,,,,,,,,,,,,,,,,,,,,,,,,,,,,,,
1.7758752988148483e+18,-375.0960998535156,-1249.1893310546875,-374.7554626464844,-75.00148010253906,-500.2550354003906,-375.5270080566406,-381.4955749511719,-374.8860168457031,,,,,,,,,,,,,,,,,,,,,,,,,,,,,,,,,,,,,,,,,,,,,,,,,,,,,,,,,,,,,,,,,,,
1.7758752988148908e+18,,,,,,,,,-374.9717102050781,-1249.3780517578125,-374.6281433105469,-74.98118591308594,-75.01773834228516,-75.05996704101562,-500.3193054199219,-374.9642028808594,,,,,,,,,,,,,,,,,,,,,,,,,,,,,,,,,,,,,,,,,,,,,,,,,,,,,,,,,,,
1.7758752988149094e+18,,,,,,,,,,,,,,,,,,,,,,,,,,,,,,,,,,,,2297.511474609375,22.013654708862305,2297.511474609375,2297.511474609375,2297.511474609375,2297.511474609375,2297.511474609375,24.594257354736328,2297.511474609375,2297.511474609375,2297.511474609375,2297.511474609375,2297.511474609375,2297.511474609375,,,,,,,,,,,,,,,,,,,,,,,,,,
1.77587529881563e+18,,,,,,,,,,,,,,,,,,,,,,,,,,,,,-215.71531677246094,-21.570873260498047,-21.571531295776367,-21.571531295776367,-21.571531295776367,-21.571531295776367,-180.42710876464844,,,,,,,,,,,,,,,,,,,,,,,,,,,,,,,,,,,,,,,,
1.7758752988156861e+18,,,,,,,,,,,,,,,,,-313.97125244140625,-311.2114562988281,-278.5536804199219,-293.732666015625,-312.82135009765625,-292.5827331542969,-288.9029846191406,-329.6101989746094,108.25556945800781,43.30222702026367,43.30222702026367,-299.9339599609375,,,,,,,,,,,,,,,,,,,,,,,,,,,,,,,,,,,,,,,,,,,,,,,
1.7758752988158482e+18,-374.6960754394531,-1249.2918701171875,-375.001708984375,-74.98918151855469,-500.2140197753906,-375.2500915527344,-383.52716064453125,-375.3165283203125,,,,,,,,,,,,,,,,,,,,,,,,,,,,,,,,,,,,,,,,,,,,,,,,,,,,,,,,,,,,,,,,,,,
1.7758752988158907e+18,,,,,,,,,-374.6951904296875,-1248.76318359375,-374.7511291503906,-74.99347686767578,-75.01773834228516,-75.02920532226562,-500.2372741699219,-375.425537109375,,,,,,,,,,,,,,,,,,,,,,,,,,,,,,,,,,,,,,,,,,,,,,,,,,,,,,,,,,,
1.7758752988166303e+18,,,,,,,,,,,,,,,,,,,,,,,,,,,,,-215.71531677246094,-21.570873260498047,-21.570873260498047,-21.571531295776367,-21.570873260498047,-21.572189331054688,-180.4763641357422,,,,,,,,,,,,,,,,,,,,,,,,,,,,,,,,,,,,,,,,
1.7758752988166863e+18,,,,,,,,,,,,,,,,,-300.1722106933594,-287.0631103515625,-309.6015625,-276.9438171386719,-303.6219787597656,-292.5827331542969,-272.5740966796875,-308.2216491699219,108.25556945800781,43.30222702026367,43.30222702026367,-299.6259460449219,,,,,,,,,,,,,,,,,,,,,,,,,,,,,,,,,,,,,,,,,,,,,,,
1.7758752988168481e+18,-375.24993896484375,-1250.7279052734375,-375.37103271484375,-75.06914520263672,-500.1730041503906,-375.3731689453125,-383.52716064453125,-375.0397644042969,,,,,,,,,,,,,,,,,,,,,,,,,,,,,,,,,,,,,,,,,,,,,,,,,,,,,,,,,,,,,,,,,,,
1.775875298816891e+18,,,,,,,,,-375.2482604980469,-1250.7103271484375,-375.1508483886719,-75.0365219116211,-75.0484848022461,-75.01689910888672,-500.56536865234375,-375.394775390625,,,,,,,,,,,,,,,,,,,,,,,,,,,,,,,,,,,,,,,,,,,,,,,,,,,,,,,,,,,
1.7758752988176305e+18,,,,,,,,,,,,,,,,,,,,,,,,,,,,,-215.71531677246094,-21.571531295776367,-21.571531295776367,-21.571531295776367,-21.571531295776367,-21.571531295776367,-180.49278259277344,,,,,,,,,,,,,,,,,,,,,,,,,,,,,,,,,,,,,,,,
1.7758752988176865e+18,,,,,,,,,,,,,,,,,-267.5144348144531,-305.69183349609375,-301.0921630859375,-290.74285888671875,-313.51129150390625,-289.1329650878906,-284.7632751464844,-304.0819396972656,108.25556945800781,43.30222702026367,43.30222702026367,-298.2552795410156,,,,,,,,,,,,,,,,,,,,,,,,,,,,,,,,,,,,,,,,,,,,,,,
1.775875298817848e+18,-374.84991455078125,-1249.599609375,-375.1863708496094,-75.07530212402344,-500.1730041503906,-374.63470458984375,-362.0108337402344,-374.8860168457031,,,,,,,,,,,,,,,,,,,,,,,,,,,,,,,,,,,,,,,,,,,,,,,,,,,,,,,,,,,,,,,,,,,
1.775875298817891e+18,,,,,,,,,-374.572265625,-1249.5830078125,-375.08935546875,-75.04882049560547,-75.00543975830078,-74.9676742553711,-499.8271179199219,-374.9642028808594,,,,,,,,,,,,,,,,,,,,,,,,,,,,,,,,,,,,,,,,,,,,,,,,,,,,,,,,,,,
1.7758752988186304e+18,,,,,,,,,,,,,,,,,,,,,,,,,,,,,-215.708740234375,-21.571531295776367,-21.571531295776367,-21.571531295776367,-21.571531295776367,-21.572189331054688,-180.54205322265625,,,,,,,,,,,,,,,,,,,,,,,,,,,,,,,,,,,,,,,,
1.7758752988186865e+18,,,,,,,,,,,,,,,,,-302.0120849609375,-268.89434814453125,-300.1722106933594,-272.5740966796875,-293.0426940917969,-278.0937194824219,-282.92340087890625,-289.8229064941406,108.25556945800781,43.30222702026367,43.30222702026367,-299.7645568847656,,,,,,,,,,,,,,,,,,,,,,,,,,,,,,,,,,,,,,,,,,,,,,,
1.7758752988188477e+18,,,,,,,,,,,,,,,,,,,,,,,,,,,,,,,,,,,,,,,,,,,,,,,,,,,,,0.0,0.0,0.0,0.0,0.0,0.0,0.0,0.0,0.0,0.0,0.0,0.0,0.0,0.0,0.0,0.0,0.0,0.0,0.0,0.0,0.0,0.0,0.0
1.7758752988188483e+18,-375.1883850097656,-1250.5228271484375,-374.7554626464844,-74.9399642944336,-500.0909729003906,-375.2500915527344,-370.8143615722656,-374.5784912109375,,,,,,,,,,,,,,,,,,,,,,,,,,,,,,,,,,,,,,,,,,,,,,,,,,,,,,,,,,,,,,,,,,,
1.775875298818891e+18,,,,,,,,,-375.4018859863281,-1249.5830078125,-374.7511291503906,-74.99962615966797,-75.06693267822266,-74.9984359741211,-499.7040710449219,-375.05645751953125,,,,,,,,,,,,,,,,,,,,,,,,,,,,,,,,,,,,,,,,,,,,,,,,,,,,,,,,,,,
1.7758752988196306e+18,,,,,,,,,,,,,,,,,,,,,,,,,,,,,-215.71531677246094,-21.570873260498047,-21.571531295776367,-21.571531295776367,-21.571531295776367,-21.572189331054688,-180.5584716796875,,,,,,,,,,,,,,,,,,,,,,,,,,,,,,,,,,,,,,,,
1.7758752988196867e+18,,,,,,,,,,,,,,,,,-276.25384521484375,-262.9147644042969,-294.192626953125,-284.30328369140625,-270.7342224121094,-308.681640625,-266.5945129394531,-284.30328369140625,108.25556945800781,43.30222702026367,43.30222702026367,-299.7645568847656,,,,,,,,,,,,,,,,,,,,,,,,,,,,,,,,,,,,,,,,,,,,,,,
1.7758752988198482e+18,-374.6960754394531,-1249.3944091796875,-375.15557861328125,-75.03839111328125,-500.5010986328125,-375.2500915527344,-383.52716064453125,-375.3472900390625,,,,,,,,,,,,,,,,,,,,,,,,,,,,,,,,,,,,,,,,,,,,,,,,,,,,,,,,,,,,,,,,,,,
1.7758752988198912e+18,,,,,,,,,-374.787353515625,-1248.86572265625,-374.8741149902344,-75.00577545166016,-75.01773834228516,-75.04766082763672,-500.1552429199219,-375.394775390625,,,,,,,,,,,,,,,,,,,,,,,,,,,,,,,,,,,,,,,,,,,,,,,,,,,,,,,,,,,
1.7758752988206308e+18,,,,,,,,,,,,,,,,,,,,,,,,,,,,,-215.71531677246094,-21.571531295776367,-21.571531295776367,-21.571531295776367,-21.571531295776367,-21.572189331054688,-180.525634765625,,,,,,,,,,,,,,,,,,,,,,,,,,,,,,,,,,,,,,,,
1.7758752988206868e+18,,,,,,,,,,,,,,,,,-276.25384521484375,-269.12432861328125,-293.732666015625,-276.25384521484375,-258.5450744628906,-292.8127136230469,-267.74444580078125,-276.48382568359375,108.25556945800781,43.30222702026367,43.30222702026367,-299.5335388183594,,,,,,,,,,,,,,,,,,,,,,,,,,,,,,,,,,,,,,,,,,,,,,,
1.775875298820848e+18,-374.9729919433594,-1248.984130859375,-374.8785705566406,-74.98302459716797,-499.72186279296875,-374.880859375,-371.2145080566406,-374.76300048828125,,,,,,,,,,,,,,,,,,,,,,,,,,,,,,,,,,,,,,,,,,,,,,,,,,,,,,,,,,,,,,,,,,,
1.7758752988208911e+18,,,,,,,,,-374.8180847167969,-1249.0706787109375,-374.6589050292969,-74.96888732910156,-74.94393920898438,-74.93690490722656,-499.7450866699219,-374.53363037109375,,,,,,,,,,,,,,,,,,,,,,,,,,,,,,,,,,,,,,,,,,,,,,,,,,,,,,,,,,,
1.7758752988212913e+18,,,,,,,,,,,,,,,,,,,,,,,,,,,,,,,,,,,,,,,,,,,,,,,,,,0.0,0.0,0.0,,,,,,,,,,,,,,,,,,,,,,,
1.775875298821631e+18,,,,,,,,,,,,,,,,,,,,,,,,,,,,,-215.71531677246094,-21.571531295776367,-21.570873260498047,-21.571531295776367,-21.571531295776367,-21.572189331054688,-180.4763641357422,,,,,,,,,,,,,,,,,,,,,,,,,,,,,,,,,,,,,,,,
1.775875298821687e+18,,,,,,,,,,,,,,,,,-283.15338134765625,-309.37158203125,-276.25384521484375,-271.6541748046875,-288.6730041503906,-277.1737976074219,-247.0458526611328,-283.15338134765625,108.25556945800781,43.30222702026367,43.30222702026367,-300.1495666503906,,,,,,,,,,,,,,,,,,,,,,,,,,,,,,,,,,,,,,,,,,,,,,,
1.7758752988218483e+18,-374.7575988769531,-1248.7789306640625,-374.7247009277344,-74.9645767211914,-499.51678466796875,-374.66546630859375,-366.0740051269531,-374.5477600097656,,,,,,,,,,,,,,,,,,,,,,,,,,,,,,,,,,,,,,,,,,,,,,,,,,,,,,,,,,,,,,,,,,,
1.7758752988218913e+18,,,,,,,,,-375.00244140625,-1250.1978759765625,-375.1508483886719,-74.99962615966797,-74.96853637695312,-74.9922866821289,-499.8681335449219,-374.6566467285156,,,,,,,,,,,,,,,,,,,,,,,,,,,,,,,,,,,,,,,,,,,,,,,,,,,,,,,,,,,
1.7758752988226312e+18,,,,,,,,,,,,,,,,,,,,,,,,,,,,,-215.71531677246094,-21.570873260498047,-21.571531295776367,-21.572189331054688,-21.571531295776367,-21.571531295776367,-180.42710876464844,,,,,,,,,,,,,,,,,,,,,,,,,,,,,,,,,,,,,,,,
1.7758752988226872e+18,,,,,,,,,,,,,,,,,-295.112548828125,-266.3645324707031,-273.4940490722656,-302.2420654296875,-272.8040771484375,-272.3441162109375,-295.5725402832031,-279.013671875,108.25556945800781,43.30222702026367,43.30222702026367,-297.6546325683594,,,,,,,,,,,,,,,,,,,,,,,,,,,,,,,,,,,,,,,,,,,,,,,
1.7758752988228485e+18,-375.0653076171875,-1249.8046875,-375.15557861328125,-75.02608489990234,-500.5831298828125,-375.5270080566406,-381.9573059082031,-375.4087829589844,,,,,,,,,,,,,,,,,,,,,,,,,,,,,,,,,,,,,,,,,,,,,,,,,,,,,,,,,,,,,,,,,,,
1.7758752988228913e+18,,,,,,,,,-374.7259216308594,-1249.685546875,-374.7511291503906,-75.00577545166016,-75.01773834228516,-75.04151153564453,-500.4013366699219,-375.17950439453125,,,,,,,,,,,,,,,,,,,,,,,,,,,,,,,,,,,,,,,,,,,,,,,,,,,,,,,,,,,
1.775875298823631e+18,,,,,,,,,,,,,,,,,,,,,,,,,,,,,-215.71531677246094,-21.572189331054688,-21.570873260498047,-21.570873260498047,-21.572189331054688,-21.571531295776367,-180.42710876464844,,,,,,,,,,,,,,,,,,,,,,,,,,,,,,,,,,,,,,,,
1.7758752988236872e+18,,,,,,,,,,,,,,,,,-267.74444580078125,-297.64239501953125,-281.7734680175781,-277.1737976074219,-294.882568359375,-261.76483154296875,-284.30328369140625,-276.02386474609375,108.25556945800781,43.30222702026367,43.30222702026367,-300.5037841796875,,,,,,,,,,,,,,,,,,,,,,,,,,,,,,,,,,,,,,,,,,,,,,,
1.7758752988238487e+18,-375.0960998535156,-1251.4459228515625,-374.9709167480469,-74.9645767211914,-499.8448791503906,-374.91162109375,-378.879150390625,-375.2550354003906,,,,,,,,,,,,,,,,,,,,,,,,,,,,,,,,,,,,,,,,,,,,,,,,,,,,,,,,,,,,,,,,,,,
1.7758752988238915e+18,,,,,,,,,-375.37115478515625,-1249.992919921875,-374.72039794921875,-74.94429016113281,-74.96238708496094,-75.0107421875,-500.44232177734375,-375.3025207519531,,,,,,,,,,,,,,,,,,,,,,,,,,,,,,,,,,,,,,,,,,,,,,,,,,,,,,,,,,,
1.7758752988246313e+18,,,,,,,,,,,,,,,,,,,,,,,,,,,,,-215.71531677246094,-21.571531295776367,-21.571531295776367,-21.570873260498047,-21.571531295776367,-21.571531295776367,-180.41067504882812,,,,,,,,,,,,,,,,,,,,,,,,,,,,,,,,,,,,,,,,
1.7758752988246874e+18,,,,,,,,,,,,,,,,,-304.5419006347656,-281.0835266113281,-300.4021911621094,-282.69342041015625,-295.112548828125,-281.0835266113281,-279.013671875,-278.5536804199219,108.25556945800781,43.30222702026367,43.30222702026367,-299.81072998046875,,,,,,,,,,,,,,,,,,,,,,,,,,,,,,,,,,,,,,,,,,,,,,,
1.775875298824849e+18,-374.8807067871094,-1249.2918701171875,-375.3094787597656,-75.03839111328125,-499.72186279296875,-374.4500732421875,-366.87432861328125,-375.16278076171875,,,,,,,,,,,,,,,,,,,,,,,,,,,,,,,,,,,,,,,,,,,,,,,,,,,,,,,,,,,,,,,,,,,
1.7758752988248914e+18,,,,,,,,,-374.8180847167969,-1249.992919921875,-375.3660888671875,-74.99962615966797,-74.97468566894531,-74.9676742553711,-499.6630554199219,-375.05645751953125,,,,,,,,,,,,,,,,,,,,,,,,,,,,,,,,,,,,,,,,,,,,,,,,,,,,,,,,,,,
1.7758752988256315e+18,,,,,,,,,,,,,,,,,,,,,,,,,,,,,-215.71531677246094,-21.571531295776367,-21.570873260498047,-21.571531295776367,-21.570873260498047,-21.571531295776367,-180.42710876464844,,,,,,,,,,,,,,,,,,,,,,,,,,,,,,,,,,,,,,,,
1.7758752988256876e+18,,,,,,,,,,,,,,,,,-306.15179443359375,-301.0921630859375,-291.8927917480469,-316.0411376953125,-272.5740966796875,-307.9916687011719,-269.8143005371094,-293.962646484375,108.25556945800781,43.30222702026367,43.30222702026367,-299.65673828125,,,,,,,,,,,,,,,,,,,,,,,,,,,,,,,,,,,,,,,,,,,,,,,
1.775875298825849e+18,-375.0960998535156,-1251.651123046875,-375.3402404785156,-75.00763702392578,-499.68084716796875,-374.4193115234375,-368.59808349609375,-375.16278076171875,,,,,,,,,,,,,,,,,,,,,,,,,,,,,,,,,,,,,,,,,,,,,,,,,,,,,,,,,,,,,,,,,,,
1.7758752988258916e+18,,,,,,,,,-375.217529296875,-1250.1978759765625,-375.24310302734375,-74.99347686767578,-74.96238708496094,-74.97382354736328,-499.8271179199219,-375.05645751953125,,,,,,,,,,,,,,,,,,,,,,,,,,,,,,,,,,,,,,,,,,,,,,,,,,,,,,,,,,,
1.7758752988266317e+18,,,,,,,,,,,,,,,,,,,,,,,,,,,,,-215.708740234375,-21.571531295776367,-21.571531295776367,-21.572189331054688,-21.571531295776367,-21.571531295776367,-180.39425659179688,,,,,,,,,,,,,,,,,,,,,,,,,,,,,,,,,,,,,,,,
1.7758752988266877e+18,,,,,,,,,,,,,,,,,-305.00189208984375,-309.83154296875,-295.342529296875,-337.8896179199219,-294.192626953125,-317.8810119628906,-293.5026550292969,-293.732666015625,108.25556945800781,43.30222702026367,43.30222702026367,-299.3949279785156,,,,,,,,,,,,,,,,,,,,,,,,,,,,,,,,,,,,,,,,,,,,,,,
1.7758752988268134e+18,,,,,,,,,,,,,,,,,,,,,,,,,,,,,,,,,,,,,,,,,,,,,,,,,,,,,0.0,0.0,0.0,0.0,0.0,0.0,0.0,0.0,0.0,0.0,0.0,0.0,0.0,0.0,0.0,0.0,0.0,0.0,0.0,0.0,0.0,0.0,0.0
1.7758752988268493e+18,-374.78839111328125,-1248.5738525390625,-374.90936279296875,-75.02608489990234,-500.5831298828125,-375.3424072265625,-371.1837463378906,-374.82452392578125,,,,,,,,,,,,,,,,,,,,,,,,,,,,,,,,,,,,,,,,,,,,,,,,,,,,,,,,,,,,,,,,,,,
1.7758752988268918e+18,,,,,,,,,-374.7566223144531,-1249.3780517578125,-374.8741149902344,-75.02422332763672,-75.02388763427734,-74.96151733398438,-499.6220397949219,-374.6874084472656,,,,,,,,,,,,,,,,,,,,,,,,,,,,,,,,,,,,,,,,,,,,,,,,,,,,,,,,,,,
1.7758752988274097e+18,,,,,,,,,,,,,,,,,,,,,,,,,,,,,,,,,,,,2297.5625,21.975008010864258,2297.5625,2297.5625,2297.5625,2297.5625,2297.5625,24.600234985351562,2297.5625,2297.5625,2297.5625,2297.5625,2297.5625,2297.5625,,,,,,,,,,,,,,,,,,,,,,,,,,
1.7758752988276319e+18,,,,,,,,,,,,,,,,,,,,,,,,,,,,,-215.71531677246094,-21.570873260498047,-21.571531295776367,-21.571531295776367,-21.572189331054688,-21.571531295776367,-180.39425659179688,,,,,,,,,,,,,,,,,,,,,,,,,,,,,,,,,,,,,,,,
1.7758752988276877e+18,,,,,,,,,,,,,,,,,-281.3135070800781,-310.29150390625,-331.4500732421875,-305.92181396484375,-297.41241455078125,-315.3511657714844,-278.0937194824219,-308.681640625,108.25556945800781,43.30222702026367,43.30222702026367,-300.65777587890625,,,,,,,,,,,,,,,,,,,,,,,,,,,,,,,,,,,,,,,,,,,,,,,
1.7758752988278495e+18,-375.0653076171875,-1250.5228271484375,-375.3402404785156,-75.03839111328125,-500.4190673828125,-375.2500915527344,-374.3234558105469,-374.7015075683594,,,,,,,,,,,,,,,,,,,,,,,,,,,,,,,,,,,,,,,,,,,,,,,,,,,,,,,,,,,,,,,,,,,
1.7758752988278917e+18,,,,,,,,,-374.8180847167969,-1250.3004150390625,-375.21234130859375,-75.0365219116211,-75.02388763427734,-75.04766082763672,-500.1142272949219,-374.9027099609375,,,,,,,,,,,,,,,,,,,,,,,,,,,,,,,,,,,,,,,,,,,,,,,,,,,,,,,,,,,
1.7758752988284393e+18,,,,,,,,,,,,,,,,,,,,,,,,,,,,,,,,,,,,,,,,,,,,,,,,,,0.0,0.0,0.0,,,,,,,,,,,,,,,,,,,,,,,
1.775875298828632e+18,,,,,,,,,,,,,,,,,,,,,,,,,,,,,-215.71531677246094,-21.571531295776367,-21.571531295776367,-21.571531295776367,-21.571531295776367,-21.571531295776367,-180.36141967773438,,,,,,,,,,,,,,,,,,,,,,,,,,,,,,,,,,,,,,,,
1.775875298828688e+18,,,,,,,,,,,,,,,,,-293.732666015625,-304.5419006347656,-320.87078857421875,-301.3221435546875,-286.3731689453125,-320.41082763671875,-304.3119201660156,-302.4720458984375,108.25556945800781,43.30222702026367,43.30222702026367,-302.0130615234375,,,,,,,,,,,,,,,,,,,,,,,,,,,,,,,,,,,,,,,,,,,,,,,
1.7758752988288497e+18,-374.81915283203125,-1249.4969482421875,-374.6015930175781,-74.98302459716797,-500.0909729003906,-375.12701416015625,-378.8483581542969,-375.2242736816406,,,,,,,,,,,,,,,,,,,,,,,,,,,,,,,,,,,,,,,,,,,,,,,,,,,,,,,,,,,,,,,,,,,
1.775875298828892e+18,,,,,,,,,-374.84881591796875,-1249.173095703125,-374.7511291503906,-74.93814086914062,-74.96853637695312,-75.0107421875,-500.0732116699219,-375.08721923828125,,,,,,,,,,,,,,,,,,,,,,,,,,,,,,,,,,,,,,,,,,,,,,,,,,,,,,,,,,,
1.775875298829632e+18,,,,,,,,,,,,,,,,,,,,,,,,,,,,,-215.71531677246094,-21.571531295776367,-21.571531295776367,-21.571531295776367,-21.571531295776367,-21.571531295776367,-180.34500122070312,,,,,,,,,,,,,,,,,,,,,,,,,,,,,,,,,,,,,,,,
1.775875298829688e+18,,,,,,,,,,,,,,,,,-328.46026611328125,-296.7224426269531,-289.8229064941406,-329.8401794433594,-300.6321716308594,-276.9438171386719,-305.23187255859375,-330.3001403808594,108.25556945800781,43.30222702026367,43.30222702026367,-299.5643310546875,,,,,,,,,,,,,,,,,,,,,,,,,,,,,,,,,,,,,,,,,,,,,,,
1.7758752988298496e+18,-374.81915283203125,-1249.8046875,-375.1863708496094,-75.07530212402344,-500.5421142578125,-375.18853759765625,-383.52716064453125,-374.947509765625,,,,,,,,,,,,,,,,,,,,,,,,,,,,,,,,,,,,,,,,,,,,,,,,,,,,,,,,,,,,,,,,,,,
1.7758752988298918e+18,,,,,,,,,-374.787353515625,-1249.173095703125,-374.96636962890625,-75.02422332763672,-75.06693267822266,-75.04766082763672,-500.1142272949219,-374.9642028808594,,,,,,,,,,,,,,,,,,,,,,,,,,,,,,,,,,,,,,,,,,,,,,,,,,,,,,,,,,,
1.7758752988306322e+18,,,,,,,,,,,,,,,,,,,,,,,,,,,,,-215.71531677246094,-21.571531295776367,-21.571531295776367,-21.571531295776367,-21.572189331054688,-21.570873260498047,-180.37783813476562,,,,,,,,,,,,,,,,,,,,,,,,,,,,,,,,,,,,,,,,
1.7758752988306883e+18,,,,,,,,,,,,,,,,,-292.8127136230469,-319.95086669921875,-285.6831970214844,-327.54034423828125,-284.7632751464844,-316.5010986328125,-282.69342041015625,-309.37158203125,108.25556945800781,43.30222702026367,43.30222702026367,-300.73480224609375,,,,,,,,,,,,,,,,,,,,,,,,,,,,,,,,,,,,,,,,,,,,,,,
1.7758752988308498e+18,-375.3422546386719,-1249.4969482421875,-374.7862548828125,-75.01378631591797,-500.2550354003906,-374.5116271972656,-368.5365295410156,-375.19354248046875,,,,,,,,,,,,,,,,,,,,,,,,,,,,,,,,,,,,,,,,,,,,,,,,,,,,,,,,,,,,,,,,,,,
1.775875298830892e+18,,,,,,,,,-374.9102783203125,-1249.685546875,-375.3045959472656,-75.0303726196289,-74.96238708496094,-74.9922866821289,-500.3603210449219,-375.2409973144531,,,,,,,,,,,,,,,,,,,,,,,,,,,,,,,,,,,,,,,,,,,,,,,,,,,,,,,,,,,
1.7758752988316321e+18,,,,,,,,,,,,,,,,,,,,,,,,,,,,,-215.71531677246094,-21.571531295776367,-21.571531295776367,-21.571531295776367,-21.571531295776367,-21.571531295776367,-180.4435272216797,,,,,,,,,,,,,,,,,,,,,,,,,,,,,,,,,,,,,,,,
1.7758752988316884e+18,,,,,,,,,,,,,,,,,-286.6031494140625,-319.4908752441406,-290.05291748046875,-311.2114562988281,-299.02227783203125,-288.9029846191406,-299.2522888183594,-278.3236999511719,108.25556945800781,43.30222702026367,43.30222702026367,-300.1341552734375,,,,,,,,,,,,,,,,,,,,,,,,,,,,,,,,,,,,,,,,,,,,,,,
1.77587529883185e+18,-374.84991455078125,-1249.3944091796875,-375.001708984375,-75.03839111328125,-500.2550354003906,-375.5270080566406,-383.34246826171875,-374.9167785644531,,,,,,,,,,,,,,,,,,,,,,,,,,,,,,,,,,,,,,,,,,,,,,,,,,,,,,,,,,,,,,,,,,,
1.775875298831892e+18,,,,,,,,,-374.572265625,-1249.3780517578125,-375.0278625488281,-75.0303726196289,-75.05463409423828,-75.0230484008789,-500.0732116699219,-374.7796936035156,,,,,,,,,,,,,,,,,,,,,,,,,,,,,,,,,,,,,,,,,,,,,,,,,,,,,,,,,,,
1.775875298832632e+18,,,,,,,,,,,,,,,,,,,,,,,,,,,,,-215.71531677246094,-21.570873260498047,-21.571531295776367,-21.571531295776367,-21.571531295776367,-21.571531295776367,-180.4763641357422,,,,,,,,,,,,,,,,,,,,,,,,,,,,,,,,,,,,,,,,
1.7758752988326884e+18,,,,,,,,,,,,,,,,,-285.2232360839844,-319.0309143066406,-301.0921630859375,-281.5434875488281,-312.1313781738281,-297.64239501953125,-284.9932556152344,-325.7004699707031,108.25556945800781,43.30222702026367,43.30222702026367,-299.287109375,,,,,,,,,,,,,,,,,,,,,,,,,,,,,,,,,,,,,,,,,,,,,,,
1.7758752988328502e+18,-375.28070068359375,-1251.3433837890625,-375.0940246582031,-74.98918151855469,-499.76287841796875,-374.6039123535156,-368.5672912597656,-374.947509765625,,,,,,,,,,,,,,,,,,,,,,,,,,,,,,,,,,,,,,,,,,,,,,,,,,,,,,,,,,,,,,,,,,,
1.7758752988328922e+18,,,,,,,,,-375.06390380859375,-1251.1202392578125,-375.3353271484375,-74.99962615966797,-74.94393920898438,-74.93690490722656,-499.7040710449219,-375.0257263183594,,,,,,,,,,,,,,,,,,,,,,,,,,,,,,,,,,,,,,,,,,,,,,,,,,,,,,,,,,,
1.775875298833632e+18,,,,,,,,,,,,,,,,,,,,,,,,,,,,,-215.708740234375,-21.571531295776367,-21.571531295776367,-21.571531295776367,-21.571531295776367,-21.571531295776367,-180.525634765625,,,,,,,,,,,,,,,,,,,,,,,,,,,,,,,,,,,,,,,,
1.7758752988336886e+18,,,,,,,,,,,,,,,,,-284.7632751464844,-289.3629455566406,-312.36138916015625,-277.8637390136719,-298.10235595703125,-307.5317077636719,-276.25384521484375,-312.1313781738281,108.25556945800781,43.30222702026367,43.30222702026367,-298.71728515625,,,,,,,,,,,,,,,,,,,,,,,,,,,,,,,,,,,,,,,,,,,,,,,
1.7758752988338504e+18,-375.31146240234375,-1251.03564453125,-375.001708984375,-74.95841979980469,-499.51678466796875,-374.8193054199219,-376.0164489746094,-375.50103759765625,,,,,,,,,,,,,,,,,,,,,,,,,,,,,,,,,,,,,,,,,,,,,,,,,,,,,,,,,,,,,,,,,,,
1.775875298833892e+18,,,,,,,,,-375.15606689453125,-1251.017822265625,-375.0278625488281,-74.96888732910156,-74.96238708496094,-74.96151733398438,-500.1552429199219,-375.17950439453125,,,,,,,,,,,,,,,,,,,,,,,,,,,,,,,,,,,,,,,,,,,,,,,,,,,,,,,,,,,
1.7758752988346184e+18,,,,,,,,,,,,,,,,,,,,,,,,,,,,,,,,,,,,,,,,,,,,,,,,,,,,,0.0,0.0,0.0,0.0,0.0,0.0,0.0,0.0,0.0,0.0,0.0,0.0,0.0,0.0,0.0,0.0,0.0,0.0,0.0,0.0,0.0,0.0,0.0
1.775875298834632e+18,,,,,,,,,,,,,,,,,,,,,,,,,,,,,-215.71531677246094,-21.570873260498047,-21.570873260498047,-21.571531295776367,-21.571531295776367,-21.571531295776367,-180.5584716796875,,,,,,,,,,,,,,,,,,,,,,,,,,,,,,,,,,,,,,,,
1.7758752988346888e+18,,,,,,,,,,,,,,,,,-293.5026550292969,-281.5434875488281,-299.4822692871094,-282.69342041015625,-293.2726745605469,-272.5740966796875,-289.5929260253906,-268.89434814453125,108.25556945800781,43.30222702026367,43.30222702026367,-298.2244567871094,,,,,,,,,,,,,,,,,,,,,,,,,,,,,,,,,,,,,,,,,,,,,,,
1.7758752988348506e+18,-374.9114685058594,-1250.5228271484375,-375.46337890625,-75.07530212402344,-500.0499572753906,-374.69622802734375,-360.4409484863281,-374.9167785644531,,,,,,,,,,,,,,,,,,,,,,,,,,,,,,,,,,,,,,,,,,,,,,,,,,,,,,,,,,,,,,,,,,,
1.7758752988348923e+18,,,,,,,,,-374.7566223144531,-1250.40283203125,-375.08935546875,-75.02422332763672,-74.9808349609375,-74.94921112060547,-499.8271179199219,-374.9949645996094,,,,,,,,,,,,,,,,,,,,,,,,,,,,,,,,,,,,,,,,,,,,,,,,,,,,,,,,,,,
1.7758752988354476e+18,,,,,,,,,,,,,,,,,,,,,,,,,,,,,,,,,,,,,,,,,,,,,,,,,,0.0,0.0,0.0,,,,,,,,,,,,,,,,,,,,,,,
1.7758752988356319e+18,,,,,,,,,,,,,,,,,,,,,,,,,,,,,-215.71531677246094,-21.571531295776367,-21.571531295776367,-21.571531295776367,-21.571531295776367,-21.572189331054688,-180.525634765625,,,,,,,,,,,,,,,,,,,,,,,,,,,,,,,,,,,,,,,,
1.775875298835689e+18,,,,,,,,,,,,,,,,,-272.1141357421875,-296.7224426269531,-318.8009338378906,-288.9029846191406,-261.30487060546875,-284.5332946777344,-289.8229064941406,-272.3441162109375,108.25556945800781,43.30222702026367,43.30222702026367,-298.57867431640625,,,,,,,,,,,,,,,,,,,,,,,,,,,,,,,,,,,,,,,,,,,,,,,
1.7758752988358508e+18,-374.9114685058594,-1249.8046875,-374.57080078125,-74.9707260131836,-499.68084716796875,-374.66546630859375,-369.7677917480469,-374.6400146484375,,,,,,,,,,,,,,,,,,,,,,,,,,,,,,,,,,,,,,,,,,,,,,,,,,,,,,,,,,,,,,,,,,,
1.7758752988358925e+18,,,,,,,,,-374.9717102050781,-1249.685546875,-375.0278625488281,-75.02422332763672,-74.9992904663086,-75.04766082763672,-500.4013366699219,-375.17950439453125,,,,,,,,,,,,,,,,,,,,,,,,,,,,,,,,,,,,,,,,,,,,,,,,,,,,,,,,,,,
1.7758752988366318e+18,,,,,,,,,,,,,,,,,,,,,,,,,,,,,-215.71531677246094,-21.570873260498047,-21.571531295776367,-21.571531295776367,-21.571531295776367,-21.571531295776367,-180.525634765625,,,,,,,,,,,,,,,,,,,,,,,,,,,,,,,,,,,,,,,,
1.7758752988366892e+18,,,,,,,,,,,,,,,,,-284.9932556152344,-266.1345520019531,-269.8143005371094,-307.7616882324219,-285.4532165527344,-266.1345520019531,-279.24365234375,-299.02227783203125,108.25556945800781,43.30222702026367,43.30222702026367,-301.0890197753906,,,,,,,,,,,,,,,,,,,,,,,,,,,,,,,,,,,,,,,,,,,,,,,
1.775875298836851e+18,-375.31146240234375,-1251.1383056640625,-375.0632629394531,-75.00148010253906,-499.9679260253906,-374.7885437011719,-365.0889892578125,-374.5477600097656,,,,,,,,,,,,,,,,,,,,,,,,,,,,,,,,,,,,,,,,,,,,,,,,,,,,,,,,,,,,,,,,,,,
1.7758752988368924e+18,,,,,,,,,-375.1867980957031,-1251.017822265625,-375.3660888671875,-75.01192474365234,-75.01158905029297,-75.00459289550781,-499.8271179199219,-374.62591552734375,,,,,,,,,,,,,,,,,,,,,,,,,,,,,,,,,,,,,,,,,,,,,,,,,,,,,,,,,,,
1.7758752988376317e+18,,,,,,,,,,,,,,,,,,,,,,,,,,,,,-215.71531677246094,-21.571531295776367,-21.571531295776367,-21.571531295776367,-21.571531295776367,-21.572189331054688,-180.5584716796875,,,,,,,,,,,,,,,,,,,,,,,,,,,,,,,,,,,,,,,,
1.775875298837689e+18,,,,,,,,,,,,,,,,,-291.43280029296875,-284.7632751464844,-287.7530517578125,-280.6235656738281,-290.05291748046875,-264.064697265625,-280.16357421875,-266.5945129394531,108.25556945800781,43.30222702026367,43.30222702026367,-297.8394470214844,,,,,,,,,,,,,,,,,,,,,,,,,,,,,,,,,,,,,,,,,,,,,,,
1.7758752988378511e+18,-375.0960998535156,-1250.83056640625,-375.4325866699219,-75.01378631591797,-499.8448791503906,-374.6039123535156,-373.12298583984375,-375.2857971191406,,,,,,,,,,,,,,,,,,,,,,,,,,,,,,,,,,,,,,,,,,,,,,,,,,,,,,,,,,,,,,,,,,,
1.7758752988378926e+18,,,,,,,,,-375.00244140625,-1250.40283203125,-375.1200866699219,-74.95658874511719,-74.95623779296875,-74.9984359741211,-500.48333740234375,-375.3025207519531,,,,,,,,,,,,,,,,,,,,,,,,,,,,,,,,,,,,,,,,,,,,,,,,,,,,,,,,,,,
1.7758752988386317e+18,,,,,,,,,,,,,,,,,,,,,,,,,,,,,-215.71531677246094,-21.571531295776367,-21.571531295776367,-21.570873260498047,-21.571531295776367,-21.571531295776367,-180.525634765625,,,,,,,,,,,,,,,,,,,,,,,,,,,,,,,,,,,,,,,,
1.7758752988386893e+18,,,,,,,,,,,,,,,,,-290.97283935546875,-285.2232360839844,-290.05291748046875,-274.8739318847656,-291.20281982421875,-260.38494873046875,-280.8535461425781,-260.84490966796875,108.25556945800781,43.30222702026367,43.30222702026367,-300.041748046875,,,,,,,,,,,,,,,,,,,,,,,,,,,,,,,,,,,,,,,,,,,,,,,
1.7758752988388513e+18,-375.0960998535156,-1249.086669921875,-374.7862548828125,-75.00763702392578,-500.5421142578125,-375.4654846191406,-374.47735595703125,-374.82452392578125,,,,,,,,,,,,,,,,,,,,,,,,,,,,,,,,,,,,,,,,,,,,,,,,,,,,,,,,,,,,,,,,,,,
1.7758752988388925e+18,,,,,,,,,-374.9102783203125,-1249.5830078125,-374.8126220703125,-75.02422332763672,-75.03003692626953,-74.9676742553711,-499.4990234375,-374.8104248046875,,,,,,,,,,,,,,,,,,,,,,,,,,,,,,,,,,,,,,,,,,,,,,,,,,,,,,,,,,,
1.7758752988396316e+18,,,,,,,,,,,,,,,,,,,,,,,,,,,,,-215.71531677246094,-21.571531295776367,-21.571531295776367,-21.572189331054688,-21.570873260498047,-21.571531295776367,-180.49278259277344,,,,,,,,,,,,,,,,,,,,,,,,,,,,,,,,,,,,,,,,
1.7758752988396895e+18,,,,,,,,,,,,,,,,,-297.87237548828125,-270.5042419433594,-290.74285888671875,-279.4736328125,-280.6235656738281,-292.8127136230469,-270.9642028808594,-308.91162109375,108.25556945800781,43.30222702026367,43.30222702026367,-300.2265625,,,,,,,,,,,,,,,,,,,,,,,,,,,,,,,,,,,,,,,,,,,,,,,
1.7758752988398515e+18,-375.0960998535156,-1251.3433837890625,-374.8785705566406,-74.95841979980469,-499.9269104003906,-375.3116149902344,-383.52716064453125,-375.19354248046875,,,,,,,,,,,,,,,,,,,,,,,,,,,,,,,,,,,,,,,,,,,,,,,,,,,,,,,,,,,,,,,,,,,
1.7758752988398927e+18,,,,,,,,,-375.4018859863281,-1250.095458984375,-374.7818908691406,-74.94429016113281,-74.98699188232422,-75.0107421875,-500.4013366699219,-374.9949645996094,,,,,,,,,,,,,,,,,,,,,,,,,,,,,,,,,,,,,,,,,,,,,,,,,,,,,,,,,,,
1.7758752988399096e+18,,,,,,,,,,,,,,,,,,,,,,,,,,,,,,,,,,,,2297.51953125,21.943632125854492,2297.51953125,2297.51953125,2297.51953125,2297.51953125,2297.51953125,24.595468521118164,2297.51953125,2297.51953125,2297.51953125,2297.51953125,2297.51953125,2297.51953125,,,,,,,,,,,,,,,,,,,,,,,,,,
1.7758752988406318e+18,,,,,,,,,,,,,,,,,,,,,,,,,,,,,-215.71531677246094,-21.571531295776367,-21.571531295776367,-21.570873260498047,-21.571531295776367,-21.571531295776367,-180.41067504882812,,,,,,,,,,,,,,,,,,,,,,,,,,,,,,,,,,,,,,,,
1.7758752988406897e+18,,,,,,,,,,,,,,,,,-315.1211853027344,-287.2930908203125,-306.61175537109375,-291.8927917480469,-285.9131774902344,-296.2624816894531,-270.2742614746094,-303.1620178222656,108.25556945800781,43.30222702026367,43.30222702026367,-299.13311767578125,,,,,,,,,,,,,,,,,,,,,,,,,,,,,,,,,,,,,,,,,,,,,,,
1.7758752988408515e+18,-375.1883850097656,-1250.83056640625,-375.001708984375,-74.9645767211914,-499.68084716796875,-375.0654602050781,-377.9556884765625,-375.53179931640625,,,,,,,,,,,,,,,,,,,,,,,,,,,,,,,,,,,,,,,,,,,,,,,,,,,,,,,,,,,,,,,,,,,
1.7758752988408927e+18,,,,,,,,,-375.37115478515625,-1251.017822265625,-374.9971008300781,-74.97503662109375,-74.931640625,-75.00459289550781,-500.1552429199219,-375.364013671875,,,,,,,,,,,,,,,,,,,,,,,,,,,,,,,,,,,,,,,,,,,,,,,,,,,,,,,,,,,
1.7758752988416317e+18,,,,,,,,,,,,,,,,,,,,,,,,,,,,,-215.71531677246094,-21.570873260498047,-21.571531295776367,-21.571531295776367,-21.571531295776367,-21.571531295776367,-180.37783813476562,,,,,,,,,,,,,,,,,,,,,,,,,,,,,,,,,,,,,,,,
1.7758752988416896e+18,,,,,,,,,,,,,,,,,-283.61334228515625,-300.1722106933594,-296.4924621582031,-283.84332275390625,-298.10235595703125,-275.56390380859375,-291.43280029296875,-287.0631103515625,108.25556945800781,43.30222702026367,43.30222702026367,-300.64239501953125,,,,,,,,,,,,,,,,,,,,,,,,,,,,,,,,,,,,,,,,,,,,,,,
1.7758752988418516e+18,-375.28070068359375,-1251.4459228515625,-375.0940246582031,-74.9522705078125,-499.51678466796875,-374.72698974609375,-375.7394104003906,-375.53179931640625,,,,,,,,,,,,,,,,,,,,,,,,,,,,,,,,,,,,,,,,,,,,,,,,,,,,,,,,,,,,,,,,,,,
1.7758752988418929e+18,,,,,,,,,-375.15606689453125,-1251.017822265625,-375.1508483886719,-74.98118591308594,-74.96853637695312,-74.96151733398438,-500.1962585449219,-375.17950439453125,,,,,,,,,,,,,,,,,,,,,,,,,,,,,,,,,,,,,,,,,,,,,,,,,,,,,,,,,,,
1.7758752988421197e+18,,,,,,,,,,,,,,,,,,,,,,,,,,,,,,,,,,,,,,,,,,,,,,,,,,,,,0.0,0.0,0.0,0.0,0.0,0.0,0.0,0.0,0.0,0.0,0.0,0.0,0.0,0.0,0.0,0.0,0.0,0.0,0.0,0.0,0.0,0.0,0.0
1.775875298842343e+18,,,,,,,,,,,,,,,,,,,,,,,,,,,,,,,,,,,,,,,,,,,,,,,,,,0.0,0.0,0.0,,,,,,,,,,,,,,,,,,,,,,,
1.7758752988426317e+18,,,,,,,,,,,,,,,,,,,,,,,,,,,,,-215.71531677246094,-21.571531295776367,-21.571531295776367,-21.571531295776367,-21.571531295776367,-21.571531295776367,-180.41067504882812,,,,,,,,,,,,,,,,,,,,,,,,,,,,,,,,,,,,,,,,
1.7758752988426898e+18,,,,,,,,,,,,,,,,,-290.74285888671875,-320.64080810546875,-288.6730041503906,-326.6203918457031,-283.61334228515625,-314.8912048339844,-287.5230712890625,-307.3017272949219,108.25556945800781,43.30222702026367,43.30222702026367,-299.0869140625,,,,,,,,,,,,,,,,,,,,,,,,,,,,,,,,,,,,,,,,,,,,,,,
1.7758752988428518e+18,-375.0653076171875,-1251.2408447265625,-374.8478088378906,-74.9645767211914,-500.0089416503906,-375.2193298339844,-383.3732604980469,-375.2550354003906,,,,,,,,,,,,,,,,,,,,,,,,,,,,,,,,,,,,,,,,,,,,,,,,,,,,,,,,,,,,,,,,,,,
1.7758752988428928e+18,,,,,,,,,-375.37115478515625,-1249.992919921875,-374.8126220703125,-74.950439453125,-74.97468566894531,-75.00459289550781,-500.52435302734375,-375.2409973144531,,,,,,,,,,,,,,,,,,,,,,,,,,,,,,,,,,,,,,,,,,,,,,,,,,,,,,,,,,,
1.7758752988436316e+18,,,,,,,,,,,,,,,,,,,,,,,,,,,,,-215.71531677246094,-21.572189331054688,-21.571531295776367,-21.571531295776367,-21.571531295776367,-21.571531295776367,-180.34500122070312,,,,,,,,,,,,,,,,,,,,,,,,,,,,,,,,,,,,,,,,
1.77587529884369e+18,,,,,,,,,,,,,,,,,-304.0819396972656,-284.30328369140625,-309.6015625,-307.0717468261719,-270.7342224121094,-299.4822692871094,-316.9610595703125,-295.342529296875,108.25556945800781,43.30222702026367,43.30222702026367,-299.0715026855469,,,,,,,,,,,,,,,,,,,,,,,,,,,,,,,,,,,,,,,,,,,,,,,
1.775875298843852e+18,-375.0037841796875,-1249.2918701171875,-374.9709167480469,-75.00763702392578,-499.72186279296875,-374.9423828125,-376.6936340332031,-375.1012878417969,,,,,,,,,,,,,,,,,,,,,,,,,,,,,,,,,,,,,,,,,,,,,,,,,,,,,,,,,,,,,,,,,,,
1.775875298843893e+18,,,,,,,,,-374.6951904296875,-1249.0706787109375,-374.6281433105469,-74.96888732910156,-74.96238708496094,-74.93690490722656,-499.5810546875,-374.8719482421875,,,,,,,,,,,,,,,,,,,,,,,,,,,,,,,,,,,,,,,,,,,,,,,,,,,,,,,,,,,
1.7758752988446316e+18,,,,,,,,,,,,,,,,,,,,,,,,,,,,,-215.71531677246094,-21.571531295776367,-21.570873260498047,-21.570873260498047,-21.571531295776367,-21.571531295776367,-180.2957305908203,,,,,,,,,,,,,,,,,,,,,,,,,,,,,,,,,,,,,,,,
1.7758752988446902e+18,,,,,,,,,,,,,,,,,-318.8009338378906,-289.8229064941406,-310.9814758300781,-314.6612243652344,-277.6337585449219,-301.5521240234375,-307.0717468261719,-297.87237548828125,108.25556945800781,43.30222702026367,43.30222702026367,-301.5664367675781,,,,,,,,,,,,,,,,,,,,,,,,,,,,,,,,,,,,,,,,,,,,,,,
1.7758752988448522e+18,-374.9114685058594,-1250.420166015625,-375.494140625,-75.06299591064453,-500.0089416503906,-374.72698974609375,-360.3178405761719,-374.8860168457031,,,,,,,,,,,,,,,,,,,,,,,,,,,,,,,,,,,,,,,,,,,,,,,,,,,,,,,,,,,,,,,,,,,
1.7758752988448932e+18,,,,,,,,,-374.94097900390625,-1250.50537109375,-375.21234130859375,-75.01807403564453,-74.9808349609375,-74.9676742553711,-499.7861022949219,-374.8104248046875,,,,,,,,,,,,,,,,,,,,,,,,,,,,,,,,,,,,,,,,,,,,,,,,,,,,,,,,,,,
1.7758752988456315e+18,,,,,,,,,,,,,,,,,,,,,,,,,,,,,-215.71531677246094,-21.570873260498047,-21.571531295776367,-21.571531295776367,-21.571531295776367,-21.571531295776367,-180.31214904785156,,,,,,,,,,,,,,,,,,,,,,,,,,,,,,,,,,,,,,,,
1.7758752988456904e+18,,,,,,,,,,,,,,,,,-328.46026611328125,-300.8621520996094,-312.36138916015625,-310.29150390625,-302.7020263671875,-314.4312438964844,-290.05291748046875,-333.0599670410156,108.25556945800781,43.30222702026367,43.30222702026367,-301.4586181640625,,,,,,,,,,,,,,,,,,,,,,,,,,,,,,,,,,,,,,,,,,,,,,,
1.7758752988458524e+18,-375.0653076171875,-1251.4459228515625,-375.46337890625,-75.01378631591797,-499.63983154296875,-374.4193115234375,-368.5057373046875,-375.13201904296875,,,,,,,,,,,,,,,,,,,,,,,,,,,,,,,,,,,,,,,,,,,,,,,,,,,,,,,,,,,,,,,,,,,
1.775875298845893e+18,,,,,,,,,-375.0331726074219,-1250.1978759765625,-375.3353271484375,-74.99962615966797,-74.96238708496094,-74.96151733398438,-499.9501647949219,-375.3025207519531,,,,,,,,,,,,,,,,,,,,,,,,,,,,,,,,,,,,,,,,,,,,,,,,,,,,,,,,,,,
1.7758752988466314e+18,,,,,,,,,,,,,,,,,,,,,,,,,,,,,-215.708740234375,-21.570873260498047,-21.571531295776367,-21.571531295776367,-21.571531295776367,-21.571531295776367,-180.32858276367188,,,,,,,,,,,,,,,,,,,,,,,,,,,,,,,,,,,,,,,,
1.7758752988466903e+18,,,,,,,,,,,,,,,,,-328.23028564453125,-299.9422302246094,-314.8912048339844,-306.38177490234375,-294.192626953125,-309.6015625,-274.4139709472656,-319.95086669921875,108.25556945800781,43.30222702026367,43.30222702026367,-300.36517333984375,,,,,,,,,,,,,,,,,,,,,,,,,,,,,,,,,,,,,,,,,,,,,,,
1.7758752988468526e+18,-374.6960754394531,-1249.4969482421875,-375.0940246582031,-75.08760070800781,-500.2960205078125,-374.880859375,-366.7511901855469,-374.6400146484375,,,,,,,,,,,,,,,,,,,,,,,,,,,,,,,,,,,,,,,,,,,,,,,,,,,,,,,,,,,,,,,,,,,
1.7758752988468933e+18,,,,,,,,,-374.787353515625,-1249.992919921875,-375.3353271484375,-75.01807403564453,-74.98699188232422,-74.96151733398438,-499.6630554199219,-374.7796936035156,,,,,,,,,,,,,,,,,,,,,,,,,,,,,,,,,,,,,,,,,,,,,,,,,,,,,,,,,,,
1.7758752988476314e+18,,,,,,,,,,,,,,,,,,,,,,,,,,,,,-215.708740234375,-21.570873260498047,-21.571531295776367,-21.571531295776367,-21.571531295776367,-21.571531295776367,-180.37783813476562,,,,,,,,,,,,,,,,,,,,,,,,,,,,,,,,,,,,,,,,
1.7758752988476905e+18,,,,,,,,,,,,,,,,,-298.79229736328125,-326.3904113769531,-290.74285888671875,-327.77032470703125,-280.3935546875,-314.4312438964844,-273.9540100097656,-318.8009338378906,108.25556945800781,43.30222702026367,43.30222702026367,-301.11981201171875,,,,,,,,,,,,,,,,,,,,,,,,,,,,,,,,,,,,,,,,,,,,,,,
1.7758752988478528e+18,-375.0653076171875,-1251.651123046875,-374.9401550292969,-74.94612121582031,-500.1319885253906,-375.58856201171875,-382.4497985839844,-374.7015075683594,,,,,,,,,,,,,,,,,,,,,,,,,,,,,,,,,,,,,,,,,,,,,,,,,,,,,,,,,,,,,,,,,,,
1.7758752988478932e+18,,,,,,,,,-375.37115478515625,-1249.8905029296875,-374.8433837890625,-74.98118591308594,-75.0484848022461,-74.9984359741211,-499.8271179199219,-374.8104248046875,,,,,,,,,,,,,,,,,,,,,,,,,,,,,,,,,,,,,,,,,,,,,,,,,,,,,,,,,,,
1.7758752988486313e+18,,,,,,,,,,,,,,,,,,,,,,,,,,,,,-215.71531677246094,-21.570873260498047,-21.571531295776367,-21.571531295776367,-21.571531295776367,-21.571531295776367,-180.42710876464844,,,,,,,,,,,,,,,,,,,,,,,,,,,,,,,,,,,,,,,,
1.7758752988486907e+18,,,,,,,,,,,,,,,,,-309.83154296875,-302.0120849609375,-303.3919982910156,-317.1910400390625,-293.2726745605469,-320.87078857421875,-287.5230712890625,-328.23028564453125,108.25556945800781,43.30222702026367,43.30222702026367,-298.8404846191406,,,,,,,,,,,,,,,,,,,,,,,,,,,,,,,,,,,,,,,,,,,,,,,
1.775875298848853e+18,-374.9422302246094,-1249.086669921875,-374.69390869140625,-74.98302459716797,-499.9679260253906,-375.2500915527344,-379.8641357421875,-375.53179931640625,,,,,,,,,,,,,,,,,,,,,,,,,,,,,,,,,,,,,,,,,,,,,,,,,,,,,,,,,,,,,,,,,,,
1.7758752988488934e+18,,,,,,,,,-374.9717102050781,-1249.173095703125,-374.5359191894531,-74.96273803710938,-75.01158905029297,-75.0230484008789,-500.44232177734375,-375.14874267578125,,,,,,,,,,,,,,,,,,,,,,,,,,,,,,,,,,,,,,,,,,,,,,,,,,,,,,,,,,,
1.7758752988496312e+18,,,,,,,,,,,,,,,,,,,,,,,,,,,,,-215.71531677246094,-21.571531295776367,-21.571531295776367,-21.571531295776367,-21.571531295776367,-21.571531295776367,-180.4763641357422,,,,,,,,,,,,,,,,,,,,,,,,,,,,,,,,,,,,,,,,
1.775875298849691e+18,,,,,,,,,,,,,,,,,-295.5725402832031,-334.66986083984375,-295.5725402832031,-319.95086669921875,-301.3221435546875,-282.2334289550781,-304.77191162109375,-278.78369140625,108.25556945800781,43.30222702026367,43.30222702026367,-299.85693359375,,,,,,,,,,,,,,,,,,,,,,,,,,,,,,,,,,,,,,,,,,,,,,,
1.7758752988498532e+18,-374.7575988769531,-1248.5738525390625,-374.9401550292969,-75.01378631591797,-500.6241455078125,-375.4654846191406,-375.80096435546875,-374.7015075683594,,,,,,,,,,,,,,,,,,,,,,,,,,,,,,,,,,,,,,,,,,,,,,,,,,,,,,,,,,,,,,,,,,,
1.7758752988498934e+18,,,,,,,,,-374.7566223144531,-1249.4805908203125,-374.9971008300781,-75.0303726196289,-75.01773834228516,-75.04766082763672,-499.9501647949219,-374.7489318847656,,,,,,,,,,,,,,,,,,,,,,,,,,,,,,,,,,,,,,,,,,,,,,,,,,,,,,,,,,,
1.7758752988499464e+18,,,,,,,,,,,,,,,,,,,,,,,,,,,,,,,,,,,,,,,,,,,,,,,,,,,,,0.0,0.0,0.0,0.0,0.0,0.0,0.0,0.0,0.0,0.0,0.0,0.0,0.0,0.0,0.0,0.0,0.0,0.0,0.0,0.0,0.0,0.0,0.0
1.7758752988502077e+18,,,,,,,,,,,,,,,,,,,,,,,,,,,,,,,,,,,,,,,,,,,,,,,,,,0.0,0.0,0.0,,,,,,,,,,,,,,,,,,,,,,,
1.7758752988506312e+18,,,,,,,,,,,,,,,,,,,,,,,,,,,,,-215.708740234375,-21.570873260498047,-21.571531295776367,-21.571531295776367,-21.571531295776367,-21.571531295776367,-180.4435272216797,,,,,,,,,,,,,,,,,,,,,,,,,,,,,,,,,,,,,,,,
1.775875298850691e+18,,,,,,,,,,,,,,,,,-300.1722106933594,-276.02386474609375,-292.8127136230469,-322.7106628417969,-282.46343994140625,-280.6235656738281,-300.1722106933594,-280.16357421875,108.25556945800781,43.30222702026367,43.30222702026367,-299.5335388183594,,,,,,,,,,,,,,,,,,,,,,,,,,,,,,,,,,,,,,,,,,,,,,,
1.7758752988508534e+18,-374.9422302246094,-1248.881591796875,-374.8785705566406,-74.98918151855469,-499.59881591796875,-374.8500671386719,-373.67706298828125,-374.947509765625,,,,,,,,,,,,,,,,,,,,,,,,,,,,,,,,,,,,,,,,,,,,,,,,,,,,,,,,,,,,,,,,,,,
1.7758752988508936e+18,,,,,,,,,-375.37115478515625,-1250.1978759765625,-375.3353271484375,-75.04882049560547,-75.02388763427734,-75.04766082763672,-500.4013366699219,-375.17950439453125,,,,,,,,,,,,,,,,,,,,,,,,,,,,,,,,,,,,,,,,,,,,,,,,,,,,,,,,,,,
1.7758752988516314e+18,,,,,,,,,,,,,,,,,,,,,,,,,,,,,-215.71531677246094,-21.572189331054688,-21.570873260498047,-21.571531295776367,-21.571531295776367,-21.571531295776367,-180.525634765625,,,,,,,,,,,,,,,,,,,,,,,,,,,,,,,,,,,,,,,,
1.775875298851691e+18,,,,,,,,,,,,,,,,,-292.8127136230469,-273.0340576171875,-289.1329650878906,-321.33074951171875,-280.16357421875,-268.66436767578125,-291.8927917480469,-297.41241455078125,108.25556945800781,43.30222702026367,43.30222702026367,-299.3487243652344,,,,,,,,,,,,,,,,,,,,,,,,,,,,,,,,,,,,,,,,,,,,,,,
1.7758752988518536e+18,-375.1576232910156,-1251.4459228515625,-375.37103271484375,-75.03839111328125,-500.5421142578125,-375.55780029296875,-381.2185363769531,-375.53179931640625,,,,,,,,,,,,,,,,,,,,,,,,,,,,,,,,,,,,,,,,,,,,,,,,,,,,,,,,,,,,,,,,,,,
1.7758752988518935e+18,,,,,,,,,-374.94097900390625,-1250.3004150390625,-374.9971008300781,-74.99347686767578,-75.01773834228516,-75.0230484008789,-500.1962585449219,-375.17950439453125,,,,,,,,,,,,,,,,,,,,,,,,,,,,,,,,,,,,,,,,,,,,,,,,,,,,,,,,,,,
1.7758752988524096e+18,,,,,,,,,,,,,,,,,,,,,,,,,,,,,,,,,,,,2297.583740234375,22.038198471069336,2297.583740234375,2297.583740234375,2297.583740234375,2297.583740234375,2297.583740234375,24.679426193237305,2297.583740234375,2297.583740234375,2297.583740234375,2297.583740234375,2297.583740234375,2297.583740234375,,,,,,,,,,,,,,,,,,,,,,,,,,
1.7758752988526313e+18,,,,,,,,,,,,,,,,,,,,,,,,,,,,,-215.71531677246094,-21.571531295776367,-21.571531295776367,-21.572189331054688,-21.571531295776367,-21.572189331054688,-180.5584716796875,,,,,,,,,,,,,,,,,,,,,,,,,,,,,,,,,,,,,,,,
1.7758752988526912e+18,,,,,,,,,,,,,,,,,-280.6235656738281,-272.8040771484375,-295.112548828125,-276.02386474609375,-276.02386474609375,-307.5317077636719,-269.12432861328125,-295.342529296875,108.25556945800781,43.30222702026367,43.30222702026367,-299.5797424316406,,,,,,,,,,,,,,,,,,,,,,,,,,,,,,,,,,,,,,,,,,,,,,,
1.7758752988528535e+18,-374.7268371582031,-1249.8046875,-375.15557861328125,-75.08760070800781,-500.1730041503906,-374.72698974609375,-368.1363525390625,-374.8860168457031,,,,,,,,,,,,,,,,,,,,,,,,,,,,,,,,,,,,,,,,,,,,,,,,,,,,,,,,,,,,,,,,,,,
1.7758752988528937e+18,,,,,,,,,-374.94097900390625,-1250.40283203125,-375.3045959472656,-75.00577545166016,-74.95008850097656,-74.92459869384766,-499.7450866699219,-375.08721923828125,,,,,,,,,,,,,,,,,,,,,,,,,,,,,,,,,,,,,,,,,,,,,,,,,,,,,,,,,,,
1.7758752988536312e+18,,,,,,,,,,,,,,,,,,,,,,,,,,,,,-215.71531677246094,-21.571531295776367,-21.570873260498047,-21.571531295776367,-21.571531295776367,-21.571531295776367,-180.57489013671875,,,,,,,,,,,,,,,,,,,,,,,,,,,,,,,,,,,,,,,,
1.7758752988536914e+18,,,,,,,,,,,,,,,,,-303.6219787597656,-302.4720458984375,-270.0442810058594,-282.2334289550781,-292.3527526855469,-289.3629455566406,-273.9540100097656,-271.4241943359375,108.25556945800781,43.30222702026367,43.30222702026367,-300.411376953125,,,,,,,,,,,,,,,,,,,,,,,,,,,,,,,,,,,,,,,,,,,,,,,
1.7758752988538537e+18,-374.81915283203125,-1249.7021484375,-375.2786865234375,-75.03839111328125,-500.1319885253906,-374.8500671386719,-364.7503967285156,-375.2857971191406,,,,,,,,,,,,,,,,,,,,,,,,,,,,,,,,,,,,,,,,,,,,,,,,,,,,,,,,,,,,,,,,,,,
1.775875298853894e+18,,,,,,,,,-375.1867980957031,-1250.1978759765625,-374.6281433105469,-74.9873275756836,-75.03003692626953,-75.02920532226562,-500.0732116699219,-374.59515380859375,,,,,,,,,,,,,,,,,,,,,,,,,,,,,,,,,,,,,,,,,,,,,,,,,,,,,,,,,,,
1.7758752988546312e+18,,,,,,,,,,,,,,,,,,,,,,,,,,,,,-215.71531677246094,-21.571531295776367,-21.571531295776367,-21.570873260498047,-21.571531295776367,-21.571531295776367,-180.54205322265625,,,,,,,,,,,,,,,,,,,,,,,,,,,,,,,,,,,,,,,,
1.7758752988546916e+18,,,,,,,,,,,,,,,,,-284.5332946777344,-309.37158203125,-284.30328369140625,-261.07489013671875,-271.6541748046875,-293.2726745605469,-276.25384521484375,-273.2640686035156,108.25556945800781,43.30222702026367,43.30222702026367,-297.5006408691406,,,,,,,,,,,,,,,,,,,,,,,,,,,,,,,,,,,,,,,,,,,,,,,
1.775875298854854e+18,-375.0653076171875,-1250.7279052734375,-374.9709167480469,-75.03839111328125,-500.3780517578125,-375.12701416015625,-383.52716064453125,-375.3165283203125,,,,,,,,,,,,,,,,,,,,,,,,,,,,,,,,,,,,,,,,,,,,,,,,,,,,,,,,,,,,,,,,,,,
1.7758752988548938e+18,,,,,,,,,-375.217529296875,-1251.017822265625,-375.24310302734375,-75.02422332763672,-75.06078338623047,-75.04151153564453,-500.1142272949219,-375.425537109375,,,,,,,,,,,,,,,,,,,,,,,,,,,,,,,,,,,,,,,,,,,,,,,,,,,,,,,,,,,
1.775875298855631e+18,,,,,,,,,,,,,,,,,,,,,,,,,,,,,-215.71531677246094,-21.571531295776367,-21.571531295776367,-21.571531295776367,-21.571531295776367,-21.571531295776367,-180.4763641357422,,,,,,,,,,,,,,,,,,,,,,,,,,,,,,,,,,,,,,,,
1.7758752988556915e+18,,,,,,,,,,,,,,,,,-267.5144348144531,-299.7122497558594,-267.5144348144531,-288.9029846191406,-276.02386474609375,-259.6949768066406,-294.422607421875,-272.1141357421875,108.25556945800781,43.30222702026367,43.30222702026367,-300.8271789550781,,,,,,,,,,,,,,,,,,,,,,,,,,,,,,,,,,,,,,,,,,,,,,,
1.775875298855854e+18,-375.0345458984375,-1250.6253662109375,-375.40179443359375,-75.03224182128906,-500.0089416503906,-374.7577819824219,-369.0290222167969,-374.82452392578125,,,,,,,,,,,,,,,,,,,,,,,,,,,,,,,,,,,,,,,,,,,,,,,,,,,,,,,,,,,,,,,,,,,
1.775875298855894e+18,,,,,,,,,-374.9102783203125,-1250.095458984375,-375.3660888671875,-75.04267120361328,-75.01158905029297,-74.96151733398438,-499.4990234375,-374.6566467285156,,,,,,,,,,,,,,,,,,,,,,,,,,,,,,,,,,,,,,,,,,,,,,,,,,,,,,,,,,,
1.775875298856631e+18,,,,,,,,,,,,,,,,,,,,,,,,,,,,,-215.71531677246094,-21.571531295776367,-21.571531295776367,-21.571531295776367,-21.571531295776367,-21.571531295776367,-180.4435272216797,,,,,,,,,,,,,,,,,,,,,,,,,,,,,,,,,,,,,,,,
1.7758752988566917e+18,,,,,,,,,,,,,,,,,-283.61334228515625,-264.754638671875,-290.05291748046875,-296.7224426269531,-259.6949768066406,-277.8637390136719,-304.5419006347656,-288.6730041503906,108.25556945800781,43.30222702026367,43.30222702026367,-298.1474609375,,,,,,,,,,,,,,,,,,,,,,,,,,,,,,,,,,,,,,,,,,,,,,,
1.7758752988568543e+18,-375.3730163574219,-1251.2408447265625,-375.1863708496094,-75.08145141601562,-500.5421142578125,-375.2808532714844,-383.52716064453125,-375.4395446777344,,,,,,,,,,,,,,,,,,,,,,,,,,,,,,,,,,,,,,,,,,,,,,,,,,,,,,,,,,,,,,,,,,,
1.775875298856894e+18,,,,,,,,,-375.0331726074219,-1249.3780517578125,-374.8741149902344,-75.00577545166016,-74.96853637695312,-74.98612976074219,-500.1142272949219,-374.8104248046875,,,,,,,,,,,,,,,,,,,,,,,,,,,,,,,,,,,,,,,,,,,,,,,,,,,,,,,,,,,
1.7758752988570706e+18,,,,,,,,,,,,,,,,,,,,,,,,,,,,,,,,,,,,,,,,,,,,,,,,,,0.0,0.0,0.0,,,,,,,,,,,,,,,,,,,,,,,
1.7758752988573279e+18,,,,,,,,,,,,,,,,,,,,,,,,,,,,,,,,,,,,,,,,,,,,,,,,,,,,,0.0,0.0,0.0,0.0,0.0,0.0,0.0,0.0,0.0,0.0,0.0,0.0,0.0,0.0,0.0,0.0,0.0,0.0,0.0,0.0,0.0,0.0,0.0
1.775875298857631e+18,,,,,,,,,,,,,,,,,,,,,,,,,,,,,-215.71531677246094,-21.571531295776367,-21.571531295776367,-21.571531295776367,-21.571531295776367,-21.571531295776367,-180.4435272216797,,,,,,,,,,,,,,,,,,,,,,,,,,,,,,,,,,,,,,,,
1.775875298857692e+18,,,,,,,,,,,,,,,,,-302.4720458984375,-273.4940490722656,-297.64239501953125,-276.02386474609375,-299.02227783203125,-269.35430908203125,-291.20281982421875,-274.1839904785156,108.25556945800781,43.30222702026367,43.30222702026367,-298.37847900390625,,,,,,,,,,,,,,,,,,,,,,,,,,,,,,,,,,,,,,,,,,,,,,,
1.7758752988578545e+18,-375.1883850097656,-1250.83056640625,-374.8478088378906,-74.95841979980469,-499.8858947753906,-375.09625244140625,-379.00225830078125,-375.2857971191406,,,,,,,,,,,,,,,,,,,,,,,,,,,,,,,,,,,,,,,,,,,,,,,,,,,,,,,,,,,,,,,,,,,
1.7758752988578941e+18,,,,,,,,,-375.37115478515625,-1250.1978759765625,-374.68963623046875,-74.93199157714844,-74.96853637695312,-75.0107421875,-500.2782897949219,-375.425537109375,,,,,,,,,,,,,,,,,,,,,,,,,,,,,,,,,,,,,,,,,,,,,,,,,,,,,,,,,,,
1.775875298858631e+18,,,,,,,,,,,,,,,,,,,,,,,,,,,,,-215.71531677246094,-21.570873260498047,-21.571531295776367,-21.571531295776367,-21.570873260498047,-21.571531295776367,-180.4435272216797,,,,,,,,,,,,,,,,,,,,,,,,,,,,,,,,,,,,,,,,
1.775875298858692e+18,,,,,,,,,,,,,,,,,-274.1839904785156,-311.2114562988281,-312.59136962890625,-290.05291748046875,-297.1824035644531,-306.8417663574219,-264.064697265625,-291.20281982421875,108.25556945800781,43.30222702026367,43.30222702026367,-301.50482177734375,,,,,,,,,,,,,,,,,,,,,,,,,,,,,,,,,,,,,,,,,,,,,,,
1.7758752988588547e+18,-374.8807067871094,-1249.599609375,-375.3094787597656,-75.04454040527344,-500.2960205078125,-374.880859375,-366.68963623046875,-375.009033203125,,,,,,,,,,,,,,,,,,,,,,,,,,,,,,,,,,,,,,,,,,,,,,,,,,,,,,,,,,,,,,,,,,,
1.775875298858894e+18,,,,,,,,,-374.787353515625,-1250.1978759765625,-375.3660888671875,-75.04267120361328,-74.9931411743164,-74.96151733398438,-499.4990234375,-374.9642028808594,,,,,,,,,,,,,,,,,,,,,,,,,,,,,,,,,,,,,,,,,,,,,,,,,,,,,,,,,,,
1.7758752988596308e+18,,,,,,,,,,,,,,,,,,,,,,,,,,,,,-215.71531677246094,-21.571531295776367,-21.571531295776367,-21.570873260498047,-21.570873260498047,-21.571531295776367,-180.37783813476562,,,,,,,,,,,,,,,,,,,,,,,,,,,,,,,,,,,,,,,,
1.7758752988596923e+18,,,,,,,,,,,,,,,,,-282.69342041015625,-301.0921630859375,-310.29150390625,-301.7821044921875,-313.28131103515625,-293.2726745605469,-319.4908752441406,-293.962646484375,108.25556945800781,43.30222702026367,43.30222702026367,-301.21221923828125,,,,,,,,,,,,,,,,,,,,,,,,,,,,,,,,,,,,,,,,,,,,,,,
1.7758752988598548e+18,-375.28070068359375,-1249.9073486328125,-374.8785705566406,-74.9399642944336,-500.1730041503906,-375.2193298339844,-383.52716064453125,-374.978271484375,,,,,,,,,,,,,,,,,,,,,,,,,,,,,,,,,,,,,,,,,,,,,,,,,,,,,,,,,,,,,,,,,,,
1.7758752988598943e+18,,,,,,,,,-375.1253662109375,-1249.275634765625,-374.7511291503906,-74.9873275756836,-75.0484848022461,-75.04766082763672,-499.9911804199219,-374.7489318847656,,,,,,,,,,,,,,,,,,,,,,,,,,,,,,,,,,,,,,,,,,,,,,,,,,,,,,,,,,,
1.7758752988606308e+18,,,,,,,,,,,,,,,,,,,,,,,,,,,,,-215.708740234375,-21.570873260498047,-21.571531295776367,-21.571531295776367,-21.571531295776367,-21.572189331054688,-180.31214904785156,,,,,,,,,,,,,,,,,,,,,,,,,,,,,,,,,,,,,,,,
1.7758752988606922e+18,,,,,,,,,,,,,,,,,-317.1910400390625,-297.87237548828125,-302.4720458984375,-331.4500732421875,-289.8229064941406,-309.6015625,-306.15179443359375,-283.15338134765625,108.25556945800781,43.30222702026367,43.30222702026367,-300.9966125488281,,,,,,,,,,,,,,,,,,,,,,,,,,,,,,,,,,,,,,,,,,,,,,,
1.775875298860855e+18,-375.1268615722656,-1249.599609375,-374.7247009277344,-74.9338150024414,-499.76287841796875,-375.15777587890625,-376.2934875488281,-375.47027587890625,,,,,,,,,,,,,,,,,,,,,,,,,,,,,,,,,,,,,,,,,,,,,,,,,,,,,,,,,,,,,,,,,,,
1.7758752988608942e+18,,,,,,,,,-375.3097229003906,-1249.992919921875,-374.8741149902344,-74.96888732910156,-74.931640625,-74.97998046875,-500.1552429199219,-375.2717590332031,,,,,,,,,,,,,,,,,,,,,,,,,,,,,,,,,,,,,,,,,,,,,,,,,,,,,,,,,,,
1.7758752988616307e+18,,,,,,,,,,,,,,,,,,,,,,,,,,,,,-215.71531677246094,-21.571531295776367,-21.571531295776367,-21.570873260498047,-21.571531295776367,-21.571531295776367,-180.2957305908203,,,,,,,,,,,,,,,,,,,,,,,,,,,,,,,,,,,,,,,,
1.7758752988616924e+18,,,,,,,,,,,,,,,,,-299.02227783203125,-333.5199279785156,-302.2420654296875,-317.6510009765625,-311.2114562988281,-286.3731689453125,-310.29150390625,-296.4924621582031,108.25556945800781,43.30222702026367,43.30222702026367,-301.68963623046875,,,,,,,,,,,,,,,,,,,,,,,,,,,,,,,,,,,,,,,,,,,,,,,
1.7758752988618552e+18,-375.31146240234375,-1251.1383056640625,-374.90936279296875,-74.98302459716797,-499.76287841796875,-375.3424072265625,-381.83416748046875,-374.76300048828125,,,,,,,,,,,,,,,,,,,,,,,,,,,,,,,,,,,,,,,,,,,,,,,,,,,,,,,,,,,,,,,,,,,
1.7758752988618944e+18,,,,,,,,,-375.1867980957031,-1249.5830078125,-374.597412109375,-74.96888732910156,-75.01158905029297,-75.05996704101562,-500.0732116699219,-374.7181701660156,,,,,,,,,,,,,,,,,,,,,,,,,,,,,,,,,,,,,,,,,,,,,,,,,,,,,,,,,,,
1.775875298862631e+18,,,,,,,,,,,,,,,,,,,,,,,,,,,,,-215.71531677246094,-21.571531295776367,-21.570873260498047,-21.570873260498047,-21.571531295776367,-21.571531295776367,-180.31214904785156,,,,,,,,,,,,,,,,,,,,,,,,,,,,,,,,,,,,,,,,
1.7758752988626926e+18,,,,,,,,,,,,,,,,,-329.1502380371094,-298.33233642578125,-330.3001403808594,-307.5317077636719,-318.8009338378906,-312.1313781738281,-297.87237548828125,-324.550537109375,108.25556945800781,43.30222702026367,43.30222702026367,-301.5202331542969,,,,,,,,,,,,,,,,,,,,,,,,,,,,,,,,,,,,,,,,,,,,,,,
1.7758752988628554e+18,-375.1268615722656,-1249.4969482421875,-374.8478088378906,-74.98918151855469,-500.3780517578125,-375.2808532714844,-383.52716064453125,-375.0397644042969,,,,,,,,,,,,,,,,,,,,,,,,,,,,,,,,,,,,,,,,,,,,,,,,,,,,,,,,,,,,,,,,,,,
1.7758752988628946e+18,,,,,,,,,-374.6951904296875,-1248.86572265625,-374.8433837890625,-75.00577545166016,-75.0423355102539,-75.04766082763672,-500.0732116699219,-374.6874084472656,,,,,,,,,,,,,,,,,,,,,,,,,,,,,,,,,,,,,,,,,,,,,,,,,,,,,,,,,,,
1.7758752988636308e+18,,,,,,,,,,,,,,,,,,,,,,,,,,,,,-215.71531677246094,-21.571531295776367,-21.571531295776367,-21.571531295776367,-21.571531295776367,-21.571531295776367,-180.37783813476562,,,,,,,,,,,,,,,,,,,,,,,,,,,,,,,,,,,,,,,,
1.7758752988636928e+18,,,,,,,,,,,,,,,,,-296.0325012207031,-328.92022705078125,-297.64239501953125,-327.77032470703125,-303.1620178222656,-311.2114562988281,-307.0717468261719,-298.79229736328125,108.25556945800781,43.30222702026367,43.30222702026367,-300.1649475097656,,,,,,,,,,,,,,,,,,,,,,,,,,,,,,,,,,,,,,,,,,,,,,,
1.7758752988638554e+18,-375.0960998535156,-1248.7789306640625,-374.7247009277344,-74.99533081054688,-500.1730041503906,-375.4962463378906,-380.9107360839844,-374.76300048828125,,,,,,,,,,,,,,,,,,,,,,,,,,,,,,,,,,,,,,,,,,,,,,,,,,,,,,,,,,,,,,,,,,,
1.7758752988638945e+18,,,,,,,,,-375.00244140625,-1249.173095703125,-374.5359191894531,-74.9873275756836,-75.01773834228516,-75.05996704101562,-500.0321960449219,-374.7796936035156,,,,,,,,,,,,,,,,,,,,,,,,,,,,,,,,,,,,,,,,,,,,,,,,,,,,,,,,,,,
1.7758752988639762e+18,,,,,,,,,,,,,,,,,,,,,,,,,,,,,,,,,,,,,,,,,,,,,,,,,,0.0,0.0,0.0,,,,,,,,,,,,,,,,,,,,,,,
1.7758752988642637e+18,,,,,,,,,,,,,,,,,,,,,,,,,,,,,,,,,,,,,,,,,,,,,,,,,,,,,0.0,0.0,0.0,0.0,0.0,0.0,0.0,0.0,0.0,0.0,0.0,0.0,0.0,0.0,0.0,0.0,0.0,0.0,0.0,0.0,0.0,0.0,0.0
1.7758752988646308e+18,,,,,,,,,,,,,,,,,,,,,,,,,,,,,-215.71531677246094,-21.571531295776367,-21.572189331054688,-21.571531295776367,-21.571531295776367,-21.572189331054688,-180.41067504882812,,,,,,,,,,,,,,,,,,,,,,,,,,,,,,,,,,,,,,,,
1.775875298864693e+18,,,,,,,,,,,,,,,,,-318.5709533691406,-309.1416015625,-293.962646484375,-319.72088623046875,-281.7734680175781,-314.6612243652344,-289.8229064941406,-296.4924621582031,108.25556945800781,43.30222702026367,43.30222702026367,-301.13519287109375,,,,,,,,,,,,,,,,,,,,,,,,,,,,,,,,,,,,,,,,,,,,,,,
1.7758752988648556e+18,-374.81915283203125,-1248.5738525390625,-374.7554626464844,-74.98302459716797,-499.55780029296875,-374.7577819824219,-370.87591552734375,-374.8552551269531,,,,,,,,,,,,,,,,,,,,,,,,,,,,,,,,,,,,,,,,,,,,,,,,,,,,,,,,,,,,,,,,,,,
1.7758752988648947e+18,,,,,,,,,-374.9102783203125,-1249.173095703125,-374.72039794921875,-74.97503662109375,-74.95008850097656,-74.93690490722656,-499.7040710449219,-374.7181701660156,,,,,,,,,,,,,,,,,,,,,,,,,,,,,,,,,,,,,,,,,,,,,,,,,,,,,,,,,,,
1.7758752988649096e+18,,,,,,,,,,,,,,,,,,,,,,,,,,,,,,,,,,,,2297.428466796875,21.864538192749023,2297.428466796875,2297.428466796875,2297.428466796875,2297.428466796875,2297.428466796875,24.64739227294922,2297.428466796875,2297.428466796875,2297.428466796875,2297.428466796875,2297.428466796875,2297.428466796875,,,,,,,,,,,,,,,,,,,,,,,,,,
1.7758752988656307e+18,,,,,,,,,,,,,,,,,,,,,,,,,,,,,-215.71531677246094,-21.571531295776367,-21.571531295776367,-21.571531295776367,-21.571531295776367,-21.571531295776367,-180.42710876464844,,,,,,,,,,,,,,,,,,,,,,,,,,,,,,,,,,,,,,,,
1.775875298865693e+18,,,,,,,,,,,,,,,,,-312.59136962890625,-298.33233642578125,-270.2742614746094,-308.91162109375,-321.33074951171875,-289.3629455566406,-282.69342041015625,-314.4312438964844,108.25556945800781,43.30222702026367,43.30222702026367,-302.5674743652344,,,,,,,,,,,,,,,,,,,,,,,,,,,,,,,,,,,,,,,,,,,,,,,
1.7758752988658557e+18,-374.6653137207031,-1249.2918701171875,-374.5400390625,-74.9522705078125,-499.8448791503906,-374.9423828125,-383.52716064453125,-375.0705261230469,,,,,,,,,,,,,,,,,,,,,,,,,,,,,,,,,,,,,,,,,,,,,,,,,,,,,,,,,,,,,,,,,,,
1.7758752988658947e+18,,,,,,,,,-375.37115478515625,-1250.7103271484375,-375.05859375,-75.04882049560547,-75.0484848022461,-75.01689910888672,-500.44232177734375,-375.2102355957031,,,,,,,,,,,,,,,,,,,,,,,,,,,,,,,,,,,,,,,,,,,,,,,,,,,,,,,,,,,
1.7758752988666307e+18,,,,,,,,,,,,,,,,,,,,,,,,,,,,,-215.71531677246094,-21.571531295776367,-21.571531295776367,-21.570873260498047,-21.571531295776367,-21.571531295776367,-180.42710876464844,,,,,,,,,,,,,,,,,,,,,,,,,,,,,,,,,,,,,,,,
1.775875298866693e+18,,,,,,,,,,,,,,,,,-305.69183349609375,-311.4414367675781,-272.5740966796875,-306.38177490234375,-292.1227722167969,-271.1941833496094,-299.9422302246094,-296.9524230957031,108.25556945800781,43.30222702026367,43.30222702026367,-299.5489196777344,,,,,,,,,,,,,,,,,,,,,,,,,,,,,,,,,,,,,,,,,,,,,,,
1.775875298866856e+18,-374.9114685058594,-1249.086669921875,-374.7554626464844,-74.99533081054688,-500.2550354003906,-375.5270080566406,-381.7726135253906,-374.76300048828125,,,,,,,,,,,,,,,,,,,,,,,,,,,,,,,,,,,,,,,,,,,,,,,,,,,,,,,,,,,,,,,,,,,
1.7758752988668948e+18,,,,,,,,,-375.00244140625,-1249.3780517578125,-374.566650390625,-74.9873275756836,-75.01158905029297,-75.05381774902344,-500.1552429199219,-374.7796936035156,,,,,,,,,,,,,,,,,,,,,,,,,,,,,,,,,,,,,,,,,,,,,,,,,,,,,,,,,,,
1.7758752988676306e+18,,,,,,,,,,,,,,,,,,,,,,,,,,,,,-215.71531677246094,-21.571531295776367,-21.571531295776367,-21.572189331054688,-21.571531295776367,-21.571531295776367,-180.45994567871094,,,,,,,,,,,,,,,,,,,,,,,,,,,,,,,,,,,,,,,,
1.7758752988676933e+18,,,,,,,,,,,,,,,,,-305.92181396484375,-305.69183349609375,-287.5230712890625,-323.630615234375,-284.30328369140625,-292.3527526855469,-287.0631103515625,-272.5740966796875,108.25556945800781,43.30222702026367,43.30222702026367,-300.65777587890625,,,,,,,,,,,,,,,,,,,,,,,,,,,,,,,,,,,,,,,,,,,,,,,
1.7758752988678561e+18,-374.6653137207031,-1249.7021484375,-375.15557861328125,-75.07530212402344,-500.5010986328125,-375.0346984863281,-365.76617431640625,-374.5784912109375,,,,,,,,,,,,,,,,,,,,,,,,,,,,,,,,,,,,,,,,,,,,,,,,,,,,,,,,,,,,,,,,,,,
1.7758752988678948e+18,,,,,,,,,-374.8180847167969,-1249.5830078125,-375.1508483886719,-75.01192474365234,-75.0484848022461,-75.0230484008789,-499.8681335449219,-374.7489318847656,,,,,,,,,,,,,,,,,,,,,,,,,,,,,,,,,,,,,,,,,,,,,,,,,,,,,,,,,,,
1.7758752988686305e+18,,,,,,,,,,,,,,,,,,,,,,,,,,,,,-215.71531677246094,-21.571531295776367,-21.571531295776367,-21.571531295776367,-21.572189331054688,-21.571531295776367,-180.4763641357422,,,,,,,,,,,,,,,,,,,,,,,,,,,,,,,,,,,,,,,,
1.7758752988686935e+18,,,,,,,,,,,,,,,,,-275.10394287109375,-297.41241455078125,-300.1722106933594,-284.9932556152344,-311.4414367675781,-277.6337585449219,-300.8621520996094,-285.4532165527344,108.25556945800781,43.30222702026367,43.30222702026367,-300.5037841796875,,,,,,,,,,,,,,,,,,,,,,,,,,,,,,,,,,,,,,,,,,,,,,,
1.7758752988688563e+18,-374.7575988769531,-1249.2918701171875,-375.0632629394531,-75.09375,-500.3370361328125,-374.7577819824219,-368.4749450683594,-375.2550354003906,,,,,,,,,,,,,,,,,,,,,,,,,,,,,,,,,,,,,,,,,,,,,,,,,,,,,,,,,,,,,,,,,,,
1.775875298868895e+18,,,,,,,,,-374.84881591796875,-1249.8905029296875,-375.24310302734375,-75.01807403564453,-74.95623779296875,-74.93075561523438,-499.9911804199219,-375.11798095703125,,,,,,,,,,,,,,,,,,,,,,,,,,,,,,,,,,,,,,,,,,,,,,,,,,,,,,,,,,,
1.7758752988696305e+18,,,,,,,,,,,,,,,,,,,,,,,,,,,,,-215.71531677246094,-21.570873260498047,-21.570873260498047,-21.571531295776367,-21.571531295776367,-21.571531295776367,-180.49278259277344,,,,,,,,,,,,,,,,,,,,,,,,,,,,,,,,,,,,,,,,
1.7758752988696934e+18,,,,,,,,,,,,,,,,,-292.5827331542969,-280.16357421875,-292.8127136230469,-284.5332946777344,-286.8331298828125,-281.0835266113281,-277.4037780761719,-287.2930908203125,108.25556945800781,43.30222702026367,43.30222702026367,-299.90313720703125,,,,,,,,,,,,,,,,,,,,,,,,,,,,,,,,,,,,,,,,,,,,,,,
1.7758752988698565e+18,-375.0960998535156,-1251.651123046875,-375.2479248046875,-74.98302459716797,-499.80389404296875,-374.7577819824219,-378.5713195800781,-375.2857971191406,,,,,,,,,,,,,,,,,,,,,,,,,,,,,,,,,,,,,,,,,,,,,,,,,,,,,,,,,,,,,,,,,,,
1.775875298869895e+18,,,,,,,,,-375.3097229003906,-1250.3004150390625,-374.8741149902344,-74.94429016113281,-74.96238708496094,-74.9984359741211,-500.4013366699219,-375.333251953125,,,,,,,,,,,,,,,,,,,,,,,,,,,,,,,,,,,,,,,,,,,,,,,,,,,,,,,,,,,
1.7758752988706304e+18,,,,,,,,,,,,,,,,,,,,,,,,,,,,,-215.708740234375,-21.571531295776367,-21.571531295776367,-21.571531295776367,-21.571531295776367,-21.571531295776367,-180.5092010498047,,,,,,,,,,,,,,,,,,,,,,,,,,,,,,,,,,,,,,,,
1.7758752988706936e+18,,,,,,,,,,,,,,,,,-282.69342041015625,-264.524658203125,-300.4021911621094,-273.7240295410156,-279.70361328125,-299.7122497558594,-265.214599609375,-302.7020263671875,108.25556945800781,43.30222702026367,43.30222702026367,-297.7316589355469,,,,,,,,,,,,,,,,,,,,,,,,,,,,,,,,,,,,,,,,,,,,,,,
1.7758752988708567e+18,-375.3730163574219,-1250.83056640625,-374.90936279296875,-74.97687530517578,-499.47576904296875,-374.72698974609375,-373.9540710449219,-375.2857971191406,,,,,,,,,,,,,,,,,,,,,,,,,,,,,,,,,,,,,,,,,,,,,,,,,,,,,,,,,,,,,,,,,,,
1.775875298870895e+18,,,,,,,,,-375.1867980957031,-1250.095458984375,-374.93560791015625,-74.97503662109375,-74.96853637695312,-74.93690490722656,-499.7861022949219,-375.14874267578125,,,,,,,,,,,,,,,,,,,,,,,,,,,,,,,,,,,,,,,,,,,,,,,,,,,,,,,,,,,
1.775875298871087e+18,,,,,,,,,,,,,,,,,,,,,,,,,,,,,,,,,,,,,,,,,,,,,,,,,,0.0,0.0,0.0,,,,,,,,,,,,,,,,,,,,,,,
1.7758752988716303e+18,,,,,,,,,,,,,,,,,,,,,,,,,,,,,-215.71531677246094,-21.571531295776367,-21.571531295776367,-21.571531295776367,-21.571531295776367,-21.571531295776367,-180.49278259277344,,,,,,,,,,,,,,,,,,,,,,,,,,,,,,,,,,,,,,,,
1.7758752988716938e+18,,,,,,,,,,,,,,,,,-296.9524230957031,-293.962646484375,-261.99481201171875,-299.7122497558594,-282.46343994140625,-256.2452087402344,-280.6235656738281,-284.9932556152344,108.25556945800781,43.30222702026367,43.30222702026367,-297.6854553222656,,,,,,,,,,,,,,,,,,,,,,,,,,,,,,,,,,,,,,,,,,,,,,,
1.775875298871857e+18,-374.9729919433594,-1250.317626953125,-375.1863708496094,-75.07530212402344,-500.5831298828125,-375.2808532714844,-383.52716064453125,-375.50103759765625,,,,,,,,,,,,,,,,,,,,,,,,,,,,,,,,,,,,,,,,,,,,,,,,,,,,,,,,,,,,,,,,,,,
1.7758752988718953e+18,,,,,,,,,-374.84881591796875,-1249.3780517578125,-374.93560791015625,-75.01192474365234,-75.01773834228516,-75.0107421875,-500.1552429199219,-375.364013671875,,,,,,,,,,,,,,,,,,,,,,,,,,,,,,,,,,,,,,,,,,,,,,,,,,,,,,,,,,,
1.7758752988719398e+18,,,,,,,,,,,,,,,,,,,,,,,,,,,,,,,,,,,,,,,,,,,,,,,,,,,,,0.0,0.0,0.0,0.0,0.0,0.0,0.0,0.0,0.0,0.0,0.0,0.0,0.0,0.0,0.0,0.0,0.0,0.0,0.0,0.0,0.0,0.0,0.0
1.7758752988726305e+18,,,,,,,,,,,,,,,,,,,,,,,,,,,,,-215.71531677246094,-21.571531295776367,-21.571531295776367,-21.571531295776367,-21.571531295776367,-21.571531295776367,-180.525634765625,,,,,,,,,,,,,,,,,,,,,,,,,,,,,,,,,,,,,,,,
1.775875298872694e+18,,,,,,,,,,,,,,,,,-302.4720458984375,-299.2522888183594,-268.43438720703125,-273.7240295410156,-296.7224426269531,-299.02227783203125,-262.2248229980469,-282.0034484863281,108.25556945800781,43.30222702026367,43.30222702026367,-300.3805847167969,,,,,,,,,,,,,,,,,,,,,,,,,,,,,,,,,,,,,,,,,,,,,,,
1.775875298872857e+18,-375.1576232910156,-1250.5228271484375,-375.4325866699219,-75.07530212402344,-500.2960205078125,-375.61932373046875,-383.52716064453125,-375.2550354003906,,,,,,,,,,,,,,,,,,,,,,,,,,,,,,,,,,,,,,,,,,,,,,,,,,,,,,,,,,,,,,,,,,,
1.7758752988728952e+18,,,,,,,,,-374.7566223144531,-1249.7879638671875,-375.05859375,-74.99962615966797,-75.00543975830078,-75.01689910888672,-500.2782897949219,-375.2409973144531,,,,,,,,,,,,,,,,,,,,,,,,,,,,,,,,,,,,,,,,,,,,,,,,,,,,,,,,,,,
1.7758752988736305e+18,,,,,,,,,,,,,,,,,,,,,,,,,,,,,-215.708740234375,-21.571531295776367,-21.572189331054688,-21.571531295776367,-21.571531295776367,-21.571531295776367,-180.45994567871094,,,,,,,,,,,,,,,,,,,,,,,,,,,,,,,,,,,,,,,,
1.7758752988736942e+18,,,,,,,,,,,,,,,,,-260.61492919921875,-295.112548828125,-302.4720458984375,-279.70361328125,-275.33392333984375,-303.3919982910156,-286.3731689453125,-264.524658203125,108.25556945800781,43.30222702026367,43.30222702026367,-298.9945068359375,,,,,,,,,,,,,,,,,,,,,,,,,,,,,,,,,,,,,,,,,,,,,,,
1.7758752988738573e+18,-375.21917724609375,-1250.420166015625,-375.001708984375,-75.01378631591797,-499.8448791503906,-374.8500671386719,-368.6596374511719,-374.5784912109375,,,,,,,,,,,,,,,,,,,,,,,,,,,,,,,,,,,,,,,,,,,,,,,,,,,,,,,,,,,,,,,,,,,
1.7758752988738954e+18,,,,,,,,,-374.7259216308594,-1249.3780517578125,-374.6281433105469,-74.96888732910156,-74.931640625,-74.97998046875,-499.8681335449219,-374.8719482421875,,,,,,,,,,,,,,,,,,,,,,,,,,,,,,,,,,,,,,,,,,,,,,,,,,,,,,,,,,,
1.7758752988746304e+18,,,,,,,,,,,,,,,,,,,,,,,,,,,,,-215.71531677246094,-21.571531295776367,-21.571531295776367,-21.571531295776367,-21.571531295776367,-21.571531295776367,-180.4435272216797,,,,,,,,,,,,,,,,,,,,,,,,,,,,,,,,,,,,,,,,
1.7758752988746941e+18,,,,,,,,,,,,,,,,,-272.3441162109375,-307.5317077636719,-313.97125244140625,-294.422607421875,-282.69342041015625,-301.3221435546875,-268.43438720703125,-275.10394287109375,108.25556945800781,43.30222702026367,43.30222702026367,-301.6434326171875,,,,,,,,,,,,,,,,,,,,,,,,,,,,,,,,,,,,,,,,,,,,,,,
1.7758752988748575e+18,-374.7575988769531,-1249.3944091796875,-374.7247009277344,-74.97687530517578,-499.47576904296875,-374.8193054199219,-372.35345458984375,-375.16278076171875,,,,,,,,,,,,,,,,,,,,,,,,,,,,,,,,,,,,,,,,,,,,,,,,,,,,,,,,,,,,,,,,,,,
1.7758752988748954e+18,,,,,,,,,-375.0331726074219,-1249.685546875,-374.8433837890625,-74.97503662109375,-74.96238708496094,-74.93075561523438,-499.7040710449219,-374.9334411621094,,,,,,,,,,,,,,,,,,,,,,,,,,,,,,,,,,,,,,,,,,,,,,,,,,,,,,,,,,,
1.7758752988756303e+18,,,,,,,,,,,,,,,,,,,,,,,,,,,,,-215.71531677246094,-21.571531295776367,-21.571531295776367,-21.571531295776367,-21.571531295776367,-21.571531295776367,-180.41067504882812,,,,,,,,,,,,,,,,,,,,,,,,,,,,,,,,,,,,,,,,
1.7758752988756943e+18,,,,,,,,,,,,,,,,,-311.9013977050781,-285.2232360839844,-320.87078857421875,-303.8519592285156,-274.4139709472656,-304.0819396972656,-279.013671875,-274.6439514160156,108.25556945800781,43.30222702026367,43.30222702026367,-301.8282470703125,,,,,,,,,,,,,,,,,,,,,,,,,,,,,,,,,,,,,,,,,,,,,,,
1.7758752988758574e+18,-375.24993896484375,-1250.7279052734375,-375.1863708496094,-75.06914520263672,-500.5421142578125,-375.2500915527344,-383.52716064453125,-375.3472900390625,,,,,,,,,,,,,,,,,,,,,,,,,,,,,,,,,,,,,,,,,,,,,,,,,,,,,,,,,,,,,,,,,,,
1.7758752988758956e+18,,,,,,,,,-374.8795471191406,-1249.275634765625,-374.8741149902344,-75.00577545166016,-75.03003692626953,-75.04151153564453,-500.1962585449219,-375.394775390625,,,,,,,,,,,,,,,,,,,,,,,,,,,,,,,,,,,,,,,,,,,,,,,,,,,,,,,,,,,
1.7758752988766303e+18,,,,,,,,,,,,,,,,,,,,,,,,,,,,,-215.71531677246094,-21.571531295776367,-21.571531295776367,-21.571531295776367,-21.570873260498047,-21.571531295776367,-180.31214904785156,,,,,,,,,,,,,,,,,,,,,,,,,,,,,,,,,,,,,,,,
1.7758752988766945e+18,,,,,,,,,,,,,,,,,-310.0615234375,-301.3221435546875,-298.33233642578125,-334.2098693847656,-292.1227722167969,-318.1109924316406,-293.5026550292969,-291.43280029296875,108.25556945800781,43.30222702026367,43.30222702026367,-299.0715026855469,,,,,,,,,,,,,,,,,,,,,,,,,,,,,,,,,,,,,,,,,,,,,,,
1.7758752988768576e+18,-374.8807067871094,-1249.8046875,-375.2786865234375,-75.04454040527344,-499.68084716796875,-374.4500732421875,-366.72039794921875,-375.13201904296875,,,,,,,,,,,,,,,,,,,,,,,,,,,,,,,,,,,,,,,,,,,,,,,,,,,,,,,,,,,,,,,,,,,
1.7758752988768955e+18,,,,,,,,,-374.8180847167969,-1250.1978759765625,-375.3968200683594,-75.01192474365234,-74.96853637695312,-74.97382354736328,-499.8681335449219,-375.333251953125,,,,,,,,,,,,,,,,,,,,,,,,,,,,,,,,,,,,,,,,,,,,,,,,,,,,,,,,,,,
1.7758752988774103e+18,,,,,,,,,,,,,,,,,,,,,,,,,,,,,,,,,,,,2297.764892578125,22.197006225585938,2297.764892578125,2297.764892578125,2297.764892578125,2297.764892578125,2297.764892578125,24.776723861694336,2297.764892578125,2297.764892578125,2297.764892578125,2297.764892578125,2297.764892578125,2297.764892578125,,,,,,,,,,,,,,,,,,,,,,,,,,
1.7758752988776302e+18,,,,,,,,,,,,,,,,,,,,,,,,,,,,,-215.71531677246094,-21.571531295776367,-21.571531295776367,-21.571531295776367,-21.571531295776367,-21.571531295776367,-180.27931213378906,,,,,,,,,,,,,,,,,,,,,,,,,,,,,,,,,,,,,,,,
1.7758752988776947e+18,,,,,,,,,,,,,,,,,-321.7907409667969,-301.7821044921875,-328.92022705078125,-306.8417663574219,-319.0309143066406,-304.3119201660156,-293.732666015625,-313.74127197265625,108.25556945800781,43.30222702026367,43.30222702026367,-300.5191650390625,,,,,,,,,,,,,,,,,,,,,,,,,,,,,,,,,,,,,,,,,,,,,,,
1.7758752988778578e+18,-375.0960998535156,-1250.5228271484375,-375.4325866699219,-75.03839111328125,-499.76287841796875,-374.8193054199219,-362.6572265625,-375.1012878417969,,,,,,,,,,,,,,,,,,,,,,,,,,,,,,,,,,,,,,,,,,,,,,,,,,,,,,,,,,,,,,,,,,,
1.7758752988778957e+18,,,,,,,,,-375.1253662109375,-1250.915283203125,-375.1200866699219,-74.950439453125,-74.93778991699219,-74.94921112060547,-499.7861022949219,-374.7796936035156,,,,,,,,,,,,,,,,,,,,,,,,,,,,,,,,,,,,,,,,,,,,,,,,,,,,,,,,,,,
1.7758752988780193e+18,,,,,,,,,,,,,,,,,,,,,,,,,,,,,,,,,,,,,,,,,,,,,,,,,,0.0,0.0,0.0,,,,,,,,,,,,,,,,,,,,,,,
1.7758752988786301e+18,,,,,,,,,,,,,,,,,,,,,,,,,,,,,-215.71531677246094,-21.570873260498047,-21.570873260498047,-21.571531295776367,-21.571531295776367,-21.571531295776367,-180.32858276367188,,,,,,,,,,,,,,,,,,,,,,,,,,,,,,,,,,,,,,,,
1.775875298878695e+18,,,,,,,,,,,,,,,,,-293.5026550292969,-320.64080810546875,-284.7632751464844,-326.8503723144531,-296.2624816894531,-290.28289794921875,-307.3017272949219,-282.69342041015625,108.25556945800781,43.30222702026367,43.30222702026367,-302.72149658203125,,,,,,,,,,,,,,,,,,,,,,,,,,,,,,,,,,,,,,,,,,,,,,,
1.775875298878858e+18,-374.78839111328125,-1249.3944091796875,-374.8170166015625,-74.94612121582031,-499.43475341796875,-374.66546630859375,-367.1205749511719,-374.6400146484375,,,,,,,,,,,,,,,,,,,,,,,,,,,,,,,,,,,,,,,,,,,,,,,,,,,,,,,,,,,,,,,,,,,
1.7758752988788956e+18,,,,,,,,,-375.0946350097656,-1250.3004150390625,-375.1816101074219,-74.98118591308594,-74.93778991699219,-74.95536804199219,-499.6630554199219,-374.62591552734375,,,,,,,,,,,,,,,,,,,,,,,,,,,,,,,,,,,,,,,,,,,,,,,,,,,,,,,,,,,
1.77587529887963e+18,,,,,,,,,,,,,,,,,,,,,,,,,,,,,-215.71531677246094,-21.571531295776367,-21.571531295776367,-21.571531295776367,-21.571531295776367,-21.571531295776367,-180.31214904785156,,,,,,,,,,,,,,,,,,,,,,,,,,,,,,,,,,,,,,,,
1.7758752988796948e+18,,,,,,,,,,,,,,,,,-307.5317077636719,-314.8912048339844,-282.46343994140625,-322.4806823730469,-317.8810119628906,-294.192626953125,-318.8009338378906,-308.91162109375,108.25556945800781,43.30222702026367,43.30222702026367,-300.9966125488281,,,,,,,,,,,,,,,,,,,,,,,,,,,,,,,,,,,,,,,,,,,,,,,
1.77587529887981e+18,,,,,,,,,,,,,,,,,,,,,,,,,,,,,,,,,,,,,,,,,,,,,,,,,,,,,0.0,0.0,0.0,0.0,0.0,0.0,0.0,0.0,0.0,0.0,0.0,0.0,0.0,0.0,0.0,0.0,0.0,0.0,0.0,0.0,0.0,0.0,0.0
1.7758752988798582e+18,-375.0960998535156,-1250.7279052734375,-375.032470703125,-74.9399642944336,-499.76287841796875,-375.0654602050781,-383.52716064453125,-374.7015075683594,,,,,,,,,,,,,,,,,,,,,,,,,,,,,,,,,,,,,,,,,,,,,,,,,,,,,,,,,,,,,,,,,,,
1.7758752988798958e+18,,,,,,,,,-375.37115478515625,-1250.7103271484375,-374.8741149902344,-74.97503662109375,-75.03003692626953,-75.04151153564453,-499.9091491699219,-374.8411865234375,,,,,,,,,,,,,,,,,,,,,,,,,,,,,,,,,,,,,,,,,,,,,,,,,,,,,,,,,,,
1.77587529888063e+18,,,,,,,,,,,,,,,,,,,,,,,,,,,,,-215.71531677246094,-21.571531295776367,-21.571531295776367,-21.571531295776367,-21.571531295776367,-21.571531295776367,-180.36141967773438,,,,,,,,,,,,,,,,,,,,,,,,,,,,,,,,,,,,,,,,
1.775875298880695e+18,,,,,,,,,,,,,,,,,-299.4822692871094,-337.1996765136719,-305.46185302734375,-337.4296569824219,-302.9320373535156,-308.2216491699219,-300.6321716308594,-292.3527526855469,108.25556945800781,43.30222702026367,43.30222702026367,-301.0890197753906,,,,,,,,,,,,,,,,,,,,,,,,,,,,,,,,,,,,,,,,,,,,,,,
1.7758752988808584e+18,-375.3422546386719,-1251.1383056640625,-374.9401550292969,-74.9707260131836,-499.43475341796875,-374.8500671386719,-376.2626953125,-375.4395446777344,,,,,,,,,,,,,,,,,,,,,,,,,,,,,,,,,,,,,,,,,,,,,,,,,,,,,,,,,,,,,,,,,,,
1.775875298880896e+18,,,,,,,,,-375.1867980957031,-1250.50537109375,-374.9048767089844,-74.96888732910156,-74.96238708496094,-74.94306182861328,-499.9091491699219,-375.11798095703125,,,,,,,,,,,,,,,,,,,,,,,,,,,,,,,,,,,,,,,,,,,,,,,,,,,,,,,,,,,
1.77587529888163e+18,,,,,,,,,,,,,,,,,,,,,,,,,,,,,-215.708740234375,-21.571531295776367,-21.571531295776367,-21.571531295776367,-21.571531295776367,-21.571531295776367,-180.4435272216797,,,,,,,,,,,,,,,,,,,,,,,,,,,,,,,,,,,,,,,,
1.7758752988816952e+18,,,,,,,,,,,,,,,,,-280.3935546875,-302.9320373535156,-314.4312438964844,-284.30328369140625,-303.6219787597656,-320.18084716796875,-283.84332275390625,-311.2114562988281,108.25556945800781,43.30222702026367,43.30222702026367,-300.79638671875,,,,,,,,,,,,,,,,,,,,,,,,,,,,,,,,,,,,,,,,,,,,,,,
1.7758752988818586e+18,-375.0345458984375,-1251.03564453125,-375.15557861328125,-75.07530212402344,-499.8858947753906,-374.69622802734375,-367.7977600097656,-374.8552551269531,,,,,,,,,,,,,,,,,,,,,,,,,,,,,,,,,,,,,,,,,,,,,,,,,,,,,,,,,,,,,,,,,,,
1.775875298881896e+18,,,,,,,,,-375.0946350097656,-1250.812744140625,-375.3660888671875,-75.01192474365234,-74.95008850097656,-74.93075561523438,-499.6630554199219,-374.9949645996094,,,,,,,,,,,,,,,,,,,,,,,,,,,,,,,,,,,,,,,,,,,,,,,,,,,,,,,,,,,
1.77587529888263e+18,,,,,,,,,,,,,,,,,,,,,,,,,,,,,-215.71531677246094,-21.571531295776367,-21.571531295776367,-21.572189331054688,-21.571531295776367,-21.571531295776367,-180.42710876464844,,,,,,,,,,,,,,,,,,,,,,,,,,,,,,,,,,,,,,,,
1.7758752988826954e+18,,,,,,,,,,,,,,,,,-314.6612243652344,-281.7734680175781,-304.3119201660156,-329.8401794433594,-285.6831970214844,-303.8519592285156,-295.8025207519531,-272.8040771484375,108.25556945800781,43.30222702026367,43.30222702026367,-301.0119934082031,,,,,,,,,,,,,,,,,,,,,,,,,,,,,,,,,,,,,,,,,,,,,,,
1.7758752988828588e+18,-374.9422302246094,-1250.420166015625,-375.1863708496094,-75.04454040527344,-500.2550354003906,-375.65008544921875,-383.52716064453125,-375.2242736816406,,,,,,,,,,,,,,,,,,,,,,,,,,,,,,,,,,,,,,,,,,,,,,,,,,,,,,,,,,,,,,,,,,,
1.775875298882896e+18,,,,,,,,,-374.5415344238281,-1249.4805908203125,-374.93560791015625,-74.99962615966797,-75.01158905029297,-75.0230484008789,-500.44232177734375,-375.364013671875,,,,,,,,,,,,,,,,,,,,,,,,,,,,,,,,,,,,,,,,,,,,,,,,,,,,,,,,,,,
1.77587529888363e+18,,,,,,,,,,,,,,,,,,,,,,,,,,,,,-215.71531677246094,-21.571531295776367,-21.571531295776367,-21.571531295776367,-21.571531295776367,-21.571531295776367,-180.525634765625,,,,,,,,,,,,,,,,,,,,,,,,,,,,,,,,,,,,,,,,
1.7758752988836954e+18,,,,,,,,,,,,,,,,,-283.38336181640625,-315.3511657714844,-290.28289794921875,-277.6337585449219,-302.2420654296875,-292.3527526855469,-276.25384521484375,-316.5010986328125,108.25556945800781,43.30222702026367,43.30222702026367,-299.6875305175781,,,,,,,,,,,,,,,,,,,,,,,,,,,,,,,,,,,,,,,,,,,,,,,
1.775875298883859e+18,-374.81915283203125,-1249.9073486328125,-375.15557861328125,-75.07530212402344,-500.5831298828125,-375.2193298339844,-383.52716064453125,-374.9167785644531,,,,,,,,,,,,,,,,,,,,,,,,,,,,,,,,,,,,,,,,,,,,,,,,,,,,,,,,,,,,,,,,,,,
1.775875298883896e+18,,,,,,,,,-374.787353515625,-1249.173095703125,-374.93560791015625,-75.00577545166016,-75.05463409423828,-75.04766082763672,-500.0732116699219,-374.6566467285156,,,,,,,,,,,,,,,,,,,,,,,,,,,,,,,,,,,,,,,,,,,,,,,,,,,,,,,,,,,
1.77587529888463e+18,,,,,,,,,,,,,,,,,,,,,,,,,,,,,-215.71531677246094,-21.570873260498047,-21.571531295776367,-21.571531295776367,-21.571531295776367,-21.572189331054688,-180.5092010498047,,,,,,,,,,,,,,,,,,,,,,,,,,,,,,,,,,,,,,,,
1.7758752988846956e+18,,,,,,,,,,,,,,,,,-307.3017272949219,-284.5332946777344,-300.1722106933594,-290.51287841796875,-285.2232360839844,-290.28289794921875,-278.78369140625,-305.00189208984375,108.25556945800781,43.30222702026367,43.30222702026367,-301.8590393066406,,,,,,,,,,,,,,,,,,,,,,,,,,,,,,,,,,,,,,,,,,,,,,,
1.7758752988848591e+18,-375.0960998535156,-1249.086669921875,-374.57080078125,-74.98918151855469,-500.2140197753906,-375.61932373046875,-382.3574523925781,-374.79376220703125,,,,,,,,,,,,,,,,,,,,,,,,,,,,,,,,,,,,,,,,,,,,,,,,,,,,,,,,,,,,,,,,,,,
1.775875298884896e+18,,,,,,,,,-375.00244140625,-1249.173095703125,-374.9048767089844,-75.01807403564453,-75.06078338623047,-74.9984359741211,-499.5810546875,-374.53363037109375,,,,,,,,,,,,,,,,,,,,,,,,,,,,,,,,,,,,,,,,,,,,,,,,,,,,,,,,,,,
1.7758752988849418e+18,,,,,,,,,,,,,,,,,,,,,,,,,,,,,,,,,,,,,,,,,,,,,,,,,,0.0,0.0,0.0,,,,,,,,,,,,,,,,,,,,,,,
1.77587529888563e+18,,,,,,,,,,,,,,,,,,,,,,,,,,,,,-215.71531677246094,-21.571531295776367,-21.571531295776367,-21.571531295776367,-21.571531295776367,-21.571531295776367,-180.49278259277344,,,,,,,,,,,,,,,,,,,,,,,,,,,,,,,,,,,,,,,,
1.7758752988856955e+18,,,,,,,,,,,,,,,,,-301.0921630859375,-301.5521240234375,-280.16357421875,-321.5607604980469,-272.3441162109375,-274.6439514160156,-284.5332946777344,-263.8346862792969,108.25556945800781,43.30222702026367,43.30222702026367,-299.7645568847656,,,,,,,,,,,,,,,,,,,,,,,,,,,,,,,,,,,,,,,,,,,,,,,
1.7758752988858593e+18,-375.0653076171875,-1250.5228271484375,-375.1863708496094,-75.01993560791016,-500.3370361328125,-375.09625244140625,-371.06060791015625,-375.1012878417969,,,,,,,,,,,,,,,,,,,,,,,,,,,,,,,,,,,,,,,,,,,,,,,,,,,,,,,,,,,,,,,,,,,
1.775875298885896e+18,,,,,,,,,-374.572265625,-1249.275634765625,-374.8433837890625,-74.950439453125,-74.96238708496094,-74.94921112060547,-499.4990234375,-374.7181701660156,,,,,,,,,,,,,,,,,,,,,,,,,,,,,,,,,,,,,,,,,,,,,,,,,,,,,,,,,,,
1.77587529888663e+18,,,,,,,,,,,,,,,,,,,,,,,,,,,,,-215.71531677246094,-21.571531295776367,-21.572189331054688,-21.571531295776367,-21.571531295776367,-21.571531295776367,-180.5092010498047,,,,,,,,,,,,,,,,,,,,,,,,,,,,,,,,,,,,,,,,
1.7758752988866957e+18,,,,,,,,,,,,,,,,,-265.674560546875,-304.5419006347656,-275.33392333984375,-280.8535461425781,-290.28289794921875,-254.8653106689453,-282.2334289550781,-275.33392333984375,108.25556945800781,43.30222702026367,43.30222702026367,-299.9339599609375,,,,,,,,,,,,,,,,,,,,,,,,,,,,,,,,,,,,,,,,,,,,,,,
1.7758752988868595e+18,-374.9114685058594,-1249.2918701171875,-375.1863708496094,-75.03839111328125,-500.5010986328125,-375.12701416015625,-371.24530029296875,-374.8552551269531,,,,,,,,,,,,,,,,,,,,,,,,,,,,,,,,,,,,,,,,,,,,,,,,,,,,,,,,,,,,,,,,,,,
1.775875298886896e+18,,,,,,,,,-374.8180847167969,-1250.1978759765625,-375.2738342285156,-75.04882049560547,-75.02388763427734,-74.9676742553711,-499.4990234375,-374.6566467285156,,,,,,,,,,,,,,,,,,,,,,,,,,,,,,,,,,,,,,,,,,,,,,,,,,,,,,,,,,,
1.7758752988869678e+18,,,,,,,,,,,,,,,,,,,,,,,,,,,,,,,,,,,,,,,,,,,,,,,,,,,,,0.0,0.0,0.0,0.0,0.0,0.0,0.0,0.0,0.0,0.0,0.0,0.0,0.0,0.0,0.0,0.0,0.0,0.0,0.0,0.0,0.0,0.0,0.0
1.7758752988876298e+18,,,,,,,,,,,,,,,,,,,,,,,,,,,,,-215.71531677246094,-21.572189331054688,-21.571531295776367,-21.571531295776367,-21.571531295776367,-21.571531295776367,-180.525634765625,,,,,,,,,,,,,,,,,,,,,,,,,,,,,,,,,,,,,,,,
1.7758752988876956e+18,,,,,,,,,,,,,,,,,-279.93359375,-315.5811462402344,-288.6730041503906,-270.5042419433594,-292.1227722167969,-275.79388427734375,-243.59608459472656,-291.66278076171875,108.25556945800781,43.30222702026367,43.30222702026367,-299.98016357421875,,,,,,,,,,,,,,,,,,,,,,,,,,,,,,,,,,,,,,,,,,,,,,,
1.7758752988878595e+18,-375.1883850097656,-1250.6253662109375,-375.2171325683594,-75.03839111328125,-500.3370361328125,-375.2808532714844,-379.8333740234375,-375.19354248046875,,,,,,,,,,,,,,,,,,,,,,,,,,,,,,,,,,,,,,,,,,,,,,,,,,,,,,,,,,,,,,,,,,,
1.775875298887896e+18,,,,,,,,,-374.787353515625,-1249.5830078125,-374.597412109375,-74.97503662109375,-74.97468566894531,-74.93690490722656,-499.7040710449219,-374.8104248046875,,,,,,,,,,,,,,,,,,,,,,,,,,,,,,,,,,,,,,,,,,,,,,,,,,,,,,,,,,,
1.7758752988886298e+18,,,,,,,,,,,,,,,,,,,,,,,,,,,,,-215.71531677246094,-21.571531295776367,-21.571531295776367,-21.571531295776367,-21.571531295776367,-21.571531295776367,-180.525634765625,,,,,,,,,,,,,,,,,,,,,,,,,,,,,,,,,,,,,,,,
1.7758752988886956e+18,,,,,,,,,,,,,,,,,-260.38494873046875,-300.1722106933594,-267.2844543457031,-298.56231689453125,-271.4241943359375,-281.3135070800781,-278.0937194824219,-279.24365234375,108.25556945800781,43.30222702026367,43.30222702026367,-298.8866882324219,,,,,,,,,,,,,,,,,,,,,,,,,,,,,,,,,,,,,,,,,,,,,,,
1.7758752988888596e+18,-375.21917724609375,-1251.3433837890625,-374.8785705566406,-74.97687530517578,-499.9679260253906,-375.5270080566406,-379.9872741699219,-374.8552551269531,,,,,,,,,,,,,,,,,,,,,,,,,,,,,,,,,,,,,,,,,,,,,,,,,,,,,,,,,,,,,,,,,,,
1.7758752988888963e+18,,,,,,,,,-375.1867980957031,-1249.3780517578125,-374.597412109375,-74.9873275756836,-75.01158905029297,-75.03535461425781,-499.6630554199219,-374.7489318847656,,,,,,,,,,,,,,,,,,,,,,,,,,,,,,,,,,,,,,,,,,,,,,,,,,,,,,,,,,,
1.7758752988896297e+18,,,,,,,,,,,,,,,,,,,,,,,,,,,,,-215.71531677246094,-21.571531295776367,-21.571531295776367,-21.571531295776367,-21.571531295776367,-21.571531295776367,-180.49278259277344,,,,,,,,,,,,,,,,,,,,,,,,,,,,,,,,,,,,,,,,
1.7758752988896955e+18,,,,,,,,,,,,,,,,,-267.74444580078125,-305.23187255859375,-273.0340576171875,-298.10235595703125,-290.74285888671875,-275.33392333984375,-297.64239501953125,-275.10394287109375,108.25556945800781,43.30222702026367,43.30222702026367,-299.471923828125,,,,,,,,,,,,,,,,,,,,,,,,,,,,,,,,,,,,,,,,,,,,,,,
1.7758752988898598e+18,-375.21917724609375,-1249.599609375,-374.8478088378906,-74.9707260131836,-500.2550354003906,-375.3116149902344,-383.52716064453125,-374.82452392578125,,,,,,,,,,,,,,,,,,,,,,,,,,,,,,,,,,,,,,,,,,,,,,,,,,,,,,,,,,,,,,,,,,,
1.7758752988898962e+18,,,,,,,,,-374.7566223144531,-1248.76318359375,-374.7511291503906,-74.99962615966797,-75.0484848022461,-75.04766082763672,-499.9911804199219,-374.7489318847656,,,,,,,,,,,,,,,,,,,,,,,,,,,,,,,,,,,,,,,,,,,,,,,,,,,,,,,,,,,
1.775875298889911e+18,,,,,,,,,,,,,,,,,,,,,,,,,,,,,,,,,,,,2297.5830078125,22.04066276550293,2297.5830078125,2297.5830078125,2297.5830078125,2297.5830078125,2297.5830078125,24.70541763305664,2297.5830078125,2297.5830078125,2297.5830078125,2297.5830078125,2297.5830078125,2297.5830078125,,,,,,,,,,,,,,,,,,,,,,,,,,
1.7758752988906296e+18,,,,,,,,,,,,,,,,,,,,,,,,,,,,,-215.71531677246094,-21.571531295776367,-21.571531295776367,-21.570873260498047,-21.571531295776367,-21.571531295776367,-180.42710876464844,,,,,,,,,,,,,,,,,,,,,,,,,,,,,,,,,,,,,,,,
1.7758752988906954e+18,,,,,,,,,,,,,,,,,-286.6031494140625,-271.6541748046875,-305.23187255859375,-271.1941833496094,-296.4924621582031,-280.6235656738281,-281.5434875488281,-299.2522888183594,108.25556945800781,43.30222702026367,43.30222702026367,-300.84259033203125,,,,,,,,,,,,,,,,,,,,,,,,,,,,,,,,,,,,,,,,,,,,,,,
1.77587529889086e+18,-375.0653076171875,-1251.651123046875,-375.12481689453125,-74.9645767211914,-499.76287841796875,-375.09625244140625,-383.52716064453125,-375.16278076171875,,,,,,,,,,,,,,,,,,,,,,,,,,,,,,,,,,,,,,,,,,,,,,,,,,,,,,,,,,,,,,,,,,,
1.7758752988908961e+18,,,,,,,,,-375.3404541015625,-1250.1978759765625,-374.68963623046875,-74.94429016113281,-74.98699188232422,-75.00459289550781,-500.3193054199219,-374.9027099609375,,,,,,,,,,,,,,,,,,,,,,,,,,,,,,,,,,,,,,,,,,,,,,,,,,,,,,,,,,,
1.7758752988916296e+18,,,,,,,,,,,,,,,,,,,,,,,,,,,,,-215.71531677246094,-21.571531295776367,-21.571531295776367,-21.571531295776367,-21.571531295776367,-21.571531295776367,-180.37783813476562,,,,,,,,,,,,,,,,,,,,,,,,,,,,,,,,,,,,,,,,
1.7758752988916954e+18,,,,,,,,,,,,,,,,,-320.18084716796875,-289.3629455566406,-315.8111267089844,-303.1620178222656,-286.3731689453125,-305.92181396484375,-266.1345520019531,-309.6015625,108.25556945800781,43.30222702026367,43.30222702026367,-299.7337341308594,,,,,,,,,,,,,,,,,,,,,,,,,,,,,,,,,,,,,,,,,,,,,,,
1.7758752988918602e+18,-374.8807067871094,-1249.086669921875,-375.032470703125,-75.06299591064453,-500.5421142578125,-375.09625244140625,-365.4583740234375,-374.5784912109375,,,,,,,,,,,,,,,,,,,,,,,,,,,,,,,,,,,,,,,,,,,,,,,,,,,,,,,,,,,,,,,,,,,
1.7758752988918735e+18,,,,,,,,,,,,,,,,,,,,,,,,,,,,,,,,,,,,,,,,,,,,,,,,,,0.0,0.0,0.0,,,,,,,,,,,,,,,,,,,,,,,
1.7758752988918963e+18,,,,,,,,,-374.787353515625,-1249.173095703125,-375.0278625488281,-75.02422332763672,-75.0423355102539,-74.9984359741211,-499.6630554199219,-374.8719482421875,,,,,,,,,,,,,,,,,,,,,,,,,,,,,,,,,,,,,,,,,,,,,,,,,,,,,,,,,,,
1.7758752988926295e+18,,,,,,,,,,,,,,,,,,,,,,,,,,,,,-215.71531677246094,-21.571531295776367,-21.571531295776367,-21.571531295776367,-21.571531295776367,-21.570873260498047,-180.37783813476562,,,,,,,,,,,,,,,,,,,,,,,,,,,,,,,,,,,,,,,,
1.7758752988926956e+18,,,,,,,,,,,,,,,,,-287.0631103515625,-291.43280029296875,-306.15179443359375,-282.0034484863281,-291.43280029296875,-306.8417663574219,-266.1345520019531,-310.7514953613281,108.25556945800781,43.30222702026367,43.30222702026367,-300.781005859375,,,,,,,,,,,,,,,,,,,,,,,,,,,,,,,,,,,,,,,,,,,,,,,
1.7758752988928604e+18,-375.0653076171875,-1249.8046875,-374.8170166015625,-74.97687530517578,-499.68084716796875,-374.4193115234375,-366.7511901855469,-374.79376220703125,,,,,,,,,,,,,,,,,,,,,,,,,,,,,,,,,,,,,,,,,,,,,,,,,,,,,,,,,,,,,,,,,,,
1.7758752988928963e+18,,,,,,,,,-375.3404541015625,-1250.1978759765625,-375.1200866699219,-75.01807403564453,-74.9931411743164,-74.97998046875,-499.9501647949219,-374.9334411621094,,,,,,,,,,,,,,,,,,,,,,,,,,,,,,,,,,,,,,,,,,,,,,,,,,,,,,,,,,,
1.7758752988936294e+18,,,,,,,,,,,,,,,,,,,,,,,,,,,,,-215.71531677246094,-21.571531295776367,-21.572189331054688,-21.571531295776367,-21.571531295776367,-21.571531295776367,-180.2957305908203,,,,,,,,,,,,,,,,,,,,,,,,,,,,,,,,,,,,,,,,
1.7758752988936955e+18,,,,,,,,,,,,,,,,,-326.3904113769531,-301.5521240234375,-285.9131774902344,-323.1706237792969,-280.16357421875,-290.05291748046875,-308.681640625,-282.69342041015625,108.25556945800781,43.30222702026367,43.30222702026367,-302.0900573730469,,,,,,,,,,,,,,,,,,,,,,,,,,,,,,,,,,,,,,,,,,,,,,,
1.7758752988938606e+18,-375.0037841796875,-1249.7021484375,-374.8478088378906,-75.06299591064453,-500.2550354003906,-374.63470458984375,-360.5640869140625,-375.0705261230469,,,,,,,,,,,,,,,,,,,,,,,,,,,,,,,,,,,,,,,,,,,,,,,,,,,,,,,,,,,,,,,,,,,
1.7758752988938962e+18,,,,,,,,,-374.63372802734375,-1249.5830078125,-375.0278625488281,-75.0365219116211,-74.9808349609375,-74.95536804199219,-500.0732116699219,-375.394775390625,,,,,,,,,,,,,,,,,,,,,,,,,,,,,,,,,,,,,,,,,,,,,,,,,,,,,,,,,,,
1.7758752988939415e+18,,,,,,,,,,,,,,,,,,,,,,,,,,,,,,,,,,,,,,,,,,,,,,,,,,,,,0.0,0.0,0.0,0.0,0.0,0.0,0.0,0.0,0.0,0.0,0.0,0.0,0.0,0.0,0.0,0.0,0.0,0.0,0.0,0.0,0.0,0.0,0.0
1.7758752988946296e+18,,,,,,,,,,,,,,,,,,,,,,,,,,,,,-215.71531677246094,-21.571531295776367,-21.571531295776367,-21.571531295776367,-21.571531295776367,-21.571531295776367,-180.2957305908203,,,,,,,,,,,,,,,,,,,,,,,,,,,,,,,,,,,,,,,,
1.7758752988946954e+18,,,,,,,,,,,,,,,,,-280.3935546875,-319.0309143066406,-285.4532165527344,-312.59136962890625,-319.2608947753906,-293.0426940917969,-321.33074951171875,-308.4516296386719,108.25556945800781,43.30222702026367,43.30222702026367,-299.6721496582031,,,,,,,,,,,,,,,,,,,,,,,,,,,,,,,,,,,,,,,,,,,,,,,
1.7758752988948608e+18,-375.0653076171875,-1249.1893310546875,-374.9709167480469,-75.04454040527344,-500.1319885253906,-375.18853759765625,-379.6794738769531,-375.3780212402344,,,,,,,,,,,,,,,,,,,,,,,,,,,,,,,,,,,,,,,,,,,,,,,,,,,,,,,,,,,,,,,,,,,
1.7758752988948964e+18,,,,,,,,,-374.7259216308594,-1249.5830078125,-374.597412109375,-74.96888732910156,-74.9808349609375,-74.94921112060547,-499.7861022949219,-374.9949645996094,,,,,,,,,,,,,,,,,,,,,,,,,,,,,,,,,,,,,,,,,,,,,,,,,,,,,,,,,,,
1.7758752988956296e+18,,,,,,,,,,,,,,,,,,,,,,,,,,,,,-215.71531677246094,-21.572189331054688,-21.571531295776367,-21.571531295776367,-21.571531295776367,-21.572189331054688,-180.32858276367188,,,,,,,,,,,,,,,,,,,,,,,,,,,,,,,,,,,,,,,,
1.7758752988956954e+18,,,,,,,,,,,,,,,,,-323.860595703125,-314.2012634277344,-290.51287841796875,-324.550537109375,-293.732666015625,-288.6730041503906,-308.4516296386719,-288.2130432128906,108.25556945800781,43.30222702026367,43.30222702026367,-302.5982666015625,,,,,,,,,,,,,,,,,,,,,,,,,,,,,,,,,,,,,,,,,,,,,,,
1.775875298895861e+18,-375.0653076171875,-1251.651123046875,-375.2171325683594,-74.97687530517578,-499.80389404296875,-374.72698974609375,-377.3400573730469,-375.2550354003906,,,,,,,,,,,,,,,,,,,,,,,,,,,,,,,,,,,,,,,,,,,,,,,,,,,,,,,,,,,,,,,,,,,
1.7758752988958963e+18,,,,,,,,,-375.27899169921875,-1250.50537109375,-374.7818908691406,-74.94429016113281,-74.96853637695312,-75.0107421875,-500.48333740234375,-375.3025207519531,,,,,,,,,,,,,,,,,,,,,,,,,,,,,,,,,,,,,,,,,,,,,,,,,,,,,,,,,,,
1.7758752988966295e+18,,,,,,,,,,,,,,,,,,,,,,,,,,,,,-215.71531677246094,-21.571531295776367,-21.570873260498047,-21.570873260498047,-21.571531295776367,-21.571531295776367,-180.34500122070312,,,,,,,,,,,,,,,,,,,,,,,,,,,,,,,,,,,,,,,,
1.7758752988966953e+18,,,,,,,,,,,,,,,,,-318.1109924316406,-291.66278076171875,-316.5010986328125,-287.2930908203125,-311.6714172363281,-284.07330322265625,-304.77191162109375,-293.5026550292969,108.25556945800781,43.30222702026367,43.30222702026367,-299.7491455078125,,,,,,,,,,,,,,,,,,,,,,,,,,,,,,,,,,,,,,,,,,,,,,,
1.7758752988968612e+18,-375.0960998535156,-1251.4459228515625,-374.90936279296875,-74.95841979980469,-500.0089416503906,-375.3424072265625,-383.52716064453125,-375.16278076171875,,,,,,,,,,,,,,,,,,,,,,,,,,,,,,,,,,,,,,,,,,,,,,,,,,,,,,,,,,,,,,,,,,,
1.7758752988968963e+18,,,,,,,,,-375.37115478515625,-1249.992919921875,-374.8126220703125,-74.950439453125,-74.98699188232422,-75.0107421875,-500.48333740234375,-375.11798095703125,,,,,,,,,,,,,,,,,,,,,,,,,,,,,,,,,,,,,,,,,,,,,,,,,,,,,,,,,,,
1.7758752988976294e+18,,,,,,,,,,,,,,,,,,,,,,,,,,,,,-215.71531677246094,-21.571531295776367,-21.571531295776367,-21.571531295776367,-21.571531295776367,-21.571531295776367,-180.34500122070312,,,,,,,,,,,,,,,,,,,,,,,,,,,,,,,,,,,,,,,,
1.7758752988976955e+18,,,,,,,,,,,,,,,,,-318.1109924316406,-288.2130432128906,-315.3511657714844,-293.962646484375,-302.2420654296875,-307.7616882324219,-291.20281982421875,-330.5301208496094,108.25556945800781,43.30222702026367,43.30222702026367,-301.22760009765625,,,,,,,,,,,,,,,,,,,,,,,,,,,,,,,,,,,,,,,,,,,,,,,
1.7758752988978614e+18,-375.0960998535156,-1251.1383056640625,-375.37103271484375,-75.00763702392578,-499.8448791503906,-374.5731506347656,-376.8475646972656,-375.3165283203125,,,,,,,,,,,,,,,,,,,,,,,,,,,,,,,,,,,,,,,,,,,,,,,,,,,,,,,,,,,,,,,,,,,
1.7758752988978964e+18,,,,,,,,,-375.1253662109375,-1250.40283203125,-375.0278625488281,-74.96273803710938,-74.95008850097656,-74.9984359741211,-500.48333740234375,-375.2409973144531,,,,,,,,,,,,,,,,,,,,,,,,,,,,,,,,,,,,,,,,,,,,,,,,,,,,,,,,,,,
1.7758752988986294e+18,,,,,,,,,,,,,,,,,,,,,,,,,,,,,-215.71531677246094,-21.571531295776367,-21.571531295776367,-21.570873260498047,-21.571531295776367,-21.571531295776367,-180.37783813476562,,,,,,,,,,,,,,,,,,,,,,,,,,,,,,,,,,,,,,,,
1.7758752988986954e+18,,,,,,,,,,,,,,,,,-307.3017272949219,-299.7122497558594,-307.5317077636719,-283.15338134765625,-307.3017272949219,-280.16357421875,-300.4021911621094,-288.9029846191406,108.25556945800781,43.30222702026367,43.30222702026367,-300.981201171875,,,,,,,,,,,,,,,,,,,,,,,,,,,,,,,,,,,,,,,,,,,,,,,
1.775875298898854e+18,,,,,,,,,,,,,,,,,,,,,,,,,,,,,,,,,,,,,,,,,,,,,,,,,,0.0,0.0,0.0,,,,,,,,,,,,,,,,,,,,,,,
1.7758752988988613e+18,-374.78839111328125,-1250.215087890625,-375.4325866699219,-75.06299591064453,-499.9269104003906,-374.8193054199219,-371.6454772949219,-375.47027587890625,,,,,,,,,,,,,,,,,,,,,,,,,,,,,,,,,,,,,,,,,,,,,,,,,,,,,,,,,,,,,,,,,,,
1.7758752988988964e+18,,,,,,,,,-374.6951904296875,-1250.50537109375,-375.1816101074219,-74.96273803710938,-74.92549133300781,-74.97382354736328,-500.1552429199219,-375.0257263183594,,,,,,,,,,,,,,,,,,,,,,,,,,,,,,,,,,,,,,,,,,,,,,,,,,,,,,,,,,,
1.7758752988996293e+18,,,,,,,,,,,,,,,,,,,,,,,,,,,,,-215.71531677246094,-21.571531295776367,-21.570873260498047,-21.571531295776367,-21.571531295776367,-21.571531295776367,-180.4435272216797,,,,,,,,,,,,,,,,,,,,,,,,,,,,,,,,,,,,,,,,
1.7758752988996954e+18,,,,,,,,,,,,,,,,,-291.20281982421875,-313.51129150390625,-273.9540100097656,-310.0615234375,-301.0921630859375,-290.51287841796875,-311.6714172363281,-302.0120849609375,108.25556945800781,43.30222702026367,43.30222702026367,-299.3025207519531,,,,,,,,,,,,,,,,,,,,,,,,,,,,,,,,,,,,,,,,,,,,,,,
1.7758752988998615e+18,-375.1576232910156,-1250.93310546875,-375.3402404785156,-75.04454040527344,-500.6651611328125,-375.55780029296875,-382.0804138183594,-375.50103759765625,,,,,,,,,,,,,,,,,,,,,,,,,,,,,,,,,,,,,,,,,,,,,,,,,,,,,,,,,,,,,,,,,,,
1.7758752988998966e+18,,,,,,,,,-374.8795471191406,-1250.095458984375,-375.05859375,-75.00577545166016,-75.03003692626953,-75.03535461425781,-500.2372741699219,-375.2102355957031,,,,,,,,,,,,,,,,,,,,,,,,,,,,,,,,,,,,,,,,,,,,,,,,,,,,,,,,,,,
1.7758752989006292e+18,,,,,,,,,,,,,,,,,,,,,,,,,,,,,-215.7218780517578,-21.570873260498047,-21.571531295776367,-21.571531295776367,-21.572189331054688,-21.571531295776367,-180.45994567871094,,,,,,,,,,,,,,,,,,,,,,,,,,,,,,,,,,,,,,,,
1.7758752989006953e+18,,,,,,,,,,,,,,,,,-280.6235656738281,-292.5827331542969,-308.4516296386719,-273.9540100097656,-297.1824035644531,-299.7122497558594,-277.8637390136719,-324.550537109375,108.25556945800781,43.30222702026367,43.30222702026367,-299.271728515625,,,,,,,,,,,,,,,,,,,,,,,,,,,,,,,,,,,,,,,,,,,,,,,
1.7758752989008617e+18,-375.0345458984375,-1251.2408447265625,-375.37103271484375,-75.00763702392578,-499.80389404296875,-374.4500732421875,-369.5830993652344,-375.13201904296875,,,,,,,,,,,,,,,,,,,,,,,,,,,,,,,,,,,,,,,,,,,,,,,,,,,,,,,,,,,,,,,,,,,
1.7758752989008965e+18,,,,,,,,,-375.0946350097656,-1250.40283203125,-375.21234130859375,-74.97503662109375,-74.95008850097656,-74.9676742553711,-499.9091491699219,-375.3025207519531,,,,,,,,,,,,,,,,,,,,,,,,,,,,,,,,,,,,,,,,,,,,,,,,,,,,,,,,,,,
1.775875298900902e+18,,,,,,,,,,,,,,,,,,,,,,,,,,,,,,,,,,,,,,,,,,,,,,,,,,,,,0.0,0.0,0.0,0.0,0.0,0.0,0.0,0.0,0.0,0.0,0.0,0.0,0.0,0.0,0.0,0.0,0.0,0.0,0.0,0.0,0.0,0.0,0.0
1.7758752989016292e+18,,,,,,,,,,,,,,,,,,,,,,,,,,,,,-215.71531677246094,-21.571531295776367,-21.571531295776367,-21.571531295776367,-21.571531295776367,-21.571531295776367,-180.5092010498047,,,,,,,,,,,,,,,,,,,,,,,,,,,,,,,,,,,,,,,,
