time_chanNI9203_1,PT_FU_02,PT_N2_05,PT_GO2_04_1,PT_N2_19,PT_FU_01_1,PT_LO2_05,PT_N2_06,PT_GO2_03_1
1.7758752980638065e+18,-375.0960998535156,-1251.3433837890625,-375.12481689453125,-74.95841979980469,-500.1730041503906,-375.55780029296875,-372.4765625,-374.82452392578125
1.7758752980648064e+18,-374.84991455078125,-1250.317626953125,-375.4325866699219,-75.00763702392578,-499.80389404296875,-374.9423828125,-382.5421447753906,-375.19354248046875
1.7758752980658063e+18,-374.81915283203125,-1250.215087890625,-375.40179443359375,-75.07530212402344,-500.2550354003906,-374.97314453125,-373.584716796875,-374.7322692871094
1.7758752980668063e+18,-375.3422546386719,-1249.599609375,-374.8170166015625,-75.01378631591797,-500.1319885253906,-374.4808349609375,-374.7851867675781,-375.16278076171875
1.7758752980678062e+18,-375.31146240234375,-1249.9073486328125,-374.9709167480469,-75.08145141601562,-499.9269104003906,-374.7577819824219,-379.0638427734375,-374.82452392578125
1.7758752980688061e+18,-374.8807067871094,-1250.83056640625,-374.8785705566406,-74.9645767211914,-500.5831298828125,-375.0346984863281,-368.6904296875,-375.4087829589844
1.775875298069806e+18,-374.7575988769531,-1249.3944091796875,-374.7862548828125,-74.97687530517578,-499.43475341796875,-374.72698974609375,-369.0906066894531,-374.82452392578125
1.775875298070806e+18,-375.1883850097656,-1249.4969482421875,-374.8170166015625,-75.07530212402344,-500.0089416503906,-374.8193054199219,-380.6336975097656,-375.3165283203125
1.7758752980718057e+18,-374.84991455078125,-1250.420166015625,-374.8170166015625,-74.9707260131836,-500.5010986328125,-374.7577819824219,-373.8617248535156,-375.50103759765625
1.7758752980728056e+18,-375.28070068359375,-1249.8046875,-375.032470703125,-75.07530212402344,-499.59881591796875,-375.0039367675781,-381.0030822753906,-374.8860168457031
1.7758752980738056e+18,-375.0653076171875,-1249.599609375,-375.3094787597656,-75.05684661865234,-499.76287841796875,-375.0654602050781,-383.52716064453125,-374.6400146484375
1.7758752980748055e+18,-374.9422302246094,-1251.4459228515625,-374.8170166015625,-74.97687530517578,-500.2550354003906,-374.69622802734375,-362.93426513671875,-375.4395446777344
1.7758752980758054e+18,-375.24993896484375,-1250.420166015625,-374.7554626464844,-75.00763702392578,-499.9269104003906,-374.4500732421875,-375.0622253417969,-375.2242736816406
1.7758752980768054e+18,-375.1268615722656,-1250.83056640625,-375.37103271484375,-75.03839111328125,-500.6241455078125,-375.55780029296875,-381.7726135253906,-375.50103759765625
1.7758752980778053e+18,-375.31146240234375,-1251.1383056640625,-374.7554626464844,-75.01378631591797,-500.5831298828125,-374.880859375,-367.8901062011719,-375.2550354003906
1.7758752980788052e+18,-374.9114685058594,-1250.1124267578125,-375.40179443359375,-74.9338150024414,-500.0909729003906,-375.3116149902344,-370.2295227050781,-374.8860168457031
1.7758752980798052e+18,-375.0037841796875,-1251.03564453125,-374.57080078125,-75.01378631591797,-500.2960205078125,-374.8193054199219,-378.2019348144531,-375.2550354003906
1.775875298080805e+18,-375.1883850097656,-1249.3944091796875,-374.7862548828125,-75.06299591064453,-500.1730041503906,-374.8193054199219,-369.6138916015625,-375.47027587890625
1.775875298081805e+18,-374.9422302246094,-1250.7279052734375,-375.40179443359375,-75.02608489990234,-499.76287841796875,-374.3885192871094,-369.70623779296875,-375.16278076171875
1.775875298082805e+18,-375.1883850097656,-1249.1893310546875,-374.6323547363281,-75.02608489990234,-500.2960205078125,-374.880859375,-362.995849609375,-375.4395446777344
1.775875298083805e+18,-374.84991455078125,-1250.1124267578125,-374.90936279296875,-74.94612121582031,-499.80389404296875,-374.7577819824219,-364.0116271972656,-374.6400146484375
1.7758752980848049e+18,-375.21917724609375,-1251.4459228515625,-375.032470703125,-74.97687530517578,-499.80389404296875,-375.4039306640625,-381.156982421875,-374.8860168457031
1.7758752980858048e+18,-374.8807067871094,-1248.6763916015625,-374.9401550292969,-75.03224182128906,-500.3370361328125,-375.4654846191406,-381.06463623046875,-375.53179931640625
1.7758752980868047e+18,-375.0653076171875,-1249.1893310546875,-375.0632629394531,-75.04454040527344,-499.51678466796875,-375.09625244140625,-380.51055908203125,-374.8860168457031
1.7758752980878047e+18,-375.1576232910156,-1249.2918701171875,-374.8170166015625,-75.07530212402344,-499.9269104003906,-374.97314453125,-383.52716064453125,-374.79376220703125
1.7758752980888046e+18,-374.9729919433594,-1250.0098876953125,-375.494140625,-74.98918151855469,-499.8448791503906,-375.2193298339844,-371.79937744140625,-374.7015075683594
1.7758752980898045e+18,-375.0037841796875,-1250.420166015625,-374.6015930175781,-75.00763702392578,-500.2960205078125,-374.8500671386719,-363.1805114746094,-375.4395446777344
1.7758752980908045e+18,-374.7268371582031,-1249.1893310546875,-375.001708984375,-75.03224182128906,-500.5010986328125,-375.2808532714844,-383.52716064453125,-375.2857971191406
1.7758752980918044e+18,-375.1268615722656,-1249.1893310546875,-374.6015930175781,-75.03224182128906,-500.2140197753906,-374.8193054199219,-363.85772705078125,-375.47027587890625
1.7758752980928044e+18,-375.1576232910156,-1249.2918701171875,-374.7862548828125,-75.06299591064453,-499.9679260253906,-374.97314453125,-383.52716064453125,-374.8860168457031
1.7758752980938043e+18,-375.21917724609375,-1249.2918701171875,-374.7554626464844,-75.05684661865234,-500.1730041503906,-374.8193054199219,-373.4000244140625,-375.3472900390625
1.7758752980948042e+18,-375.1883850097656,-1249.1893310546875,-374.69390869140625,-75.06299591064453,-500.1730041503906,-374.8193054199219,-368.1363525390625,-375.47027587890625
1.7758752980958042e+18,-374.81915283203125,-1250.317626953125,-375.40179443359375,-74.94612121582031,-500.0089416503906,-375.3116149902344,-371.5838928222656,-374.6400146484375
1.775875298096804e+18,-375.1576232910156,-1249.4969482421875,-375.3402404785156,-75.04454040527344,-499.76287841796875,-375.12701416015625,-373.12298583984375,-374.5784912109375
1.775875298097804e+18,-375.1883850097656,-1250.7279052734375,-375.12481689453125,-74.9707260131836,-499.80389404296875,-374.7885437011719,-361.02581787109375,-374.978271484375
1.775875298098804e+18,-374.8807067871094,-1250.317626953125,-375.3094787597656,-74.95841979980469,-499.80389404296875,-375.12701416015625,-383.52716064453125,-374.6092529296875
1.775875298099804e+18,-374.9729919433594,-1250.5228271484375,-374.6323547363281,-75.05068969726562,-500.0909729003906,-374.8193054199219,-381.8957214355469,-374.947509765625
1.7758752981008038e+18,-374.7268371582031,-1250.0098876953125,-375.1863708496094,-74.97687530517578,-499.80389404296875,-375.5270080566406,-375.6470642089844,-375.009033203125
1.7758752981018038e+18,-374.9729919433594,-1249.7021484375,-375.37103271484375,-75.00148010253906,-499.76287841796875,-375.0654602050781,-383.52716064453125,-374.6092529296875
1.7758752981028037e+18,-374.84991455078125,-1251.4459228515625,-374.9709167480469,-74.97687530517578,-500.3780517578125,-375.3731689453125,-367.3360290527344,-375.0705261230469
1.7758752981038036e+18,-374.84991455078125,-1250.0098876953125,-375.4325866699219,-75.00763702392578,-499.63983154296875,-375.0654602050781,-383.52716064453125,-374.79376220703125
1.7758752981048036e+18,-374.78839111328125,-1250.1124267578125,-375.12481689453125,-75.09375,-500.4600830078125,-375.09625244140625,-373.24609375,-374.6707458496094
1.7758752981058035e+18,-375.31146240234375,-1250.5228271484375,-375.4325866699219,-75.07530212402344,-500.2140197753906,-375.61932373046875,-383.52716064453125,-375.2550354003906
1.7758752981068035e+18,-374.78839111328125,-1251.3433837890625,-374.8785705566406,-75.01378631591797,-500.4190673828125,-374.5423889160156,-376.17034912109375,-375.13201904296875
1.7758752981078034e+18,-375.1576232910156,-1249.599609375,-375.0940246582031,-75.06914520263672,-499.76287841796875,-375.09625244140625,-383.52716064453125,-374.5784912109375
1.7758752981088033e+18,-375.0345458984375,-1251.4459228515625,-374.8785705566406,-74.97687530517578,-500.1730041503906,-374.9423828125,-361.79534912109375,-375.19354248046875
1.7758752981098033e+18,-374.84991455078125,-1249.2918701171875,-375.1863708496094,-75.00763702392578,-499.51678466796875,-375.2500915527344,-381.2185363769531,-374.947509765625
1.7758752981108032e+18,-375.1883850097656,-1251.03564453125,-374.8170166015625,-75.00148010253906,-500.5831298828125,-374.9423828125,-368.19793701171875,-375.16278076171875
1.7758752981118031e+18,-375.24993896484375,-1250.420166015625,-375.2171325683594,-75.04454040527344,-500.0909729003906,-375.09625244140625,-380.78759765625,-374.978271484375
1.775875298112803e+18,-375.1268615722656,-1251.4459228515625,-375.37103271484375,-75.00763702392578,-499.8448791503906,-374.4500732421875,-371.2760925292969,-375.2242736816406
1.775875298113803e+18,-375.1268615722656,-1249.3944091796875,-374.69390869140625,-75.08145141601562,-499.9679260253906,-375.0654602050781,-383.52716064453125,-374.6707458496094
1.775875298114803e+18,-375.1268615722656,-1251.1383056640625,-375.1863708496094,-75.01378631591797,-499.76287841796875,-374.6039123535156,-371.1529541015625,-375.2857971191406
1.775875298115803e+18,-375.31146240234375,-1250.83056640625,-375.12481689453125,-74.98918151855469,-499.80389404296875,-374.69622802734375,-361.5491027832031,-374.76300048828125
1.7758752981168028e+18,-375.31146240234375,-1250.0098876953125,-374.7862548828125,-75.02608489990234,-499.8448791503906,-374.5116271972656,-380.32586669921875,-375.0705261230469
1.7758752981178028e+18,-375.0960998535156,-1249.1893310546875,-375.0632629394531,-75.05068969726562,-499.59881591796875,-375.12701416015625,-380.4797668457031,-374.8860168457031
1.7758752981188027e+18,-374.6960754394531,-1249.8046875,-375.1863708496094,-75.09375,-500.5831298828125,-375.12701416015625,-373.9233093261719,-374.6707458496094
1.7758752981198026e+18,-375.28070068359375,-1250.215087890625,-374.6323547363281,-74.9522705078125,-499.68084716796875,-374.8193054199219,-366.1971130371094,-375.2550354003906
1.7758752981208026e+18,-374.8807067871094,-1248.5738525390625,-375.0940246582031,-75.04454040527344,-500.0089416503906,-374.63470458984375,-366.0740051269531,-375.13201904296875
1.7758752981218028e+18,-375.0037841796875,-1248.984130859375,-374.8785705566406,-75.01993560791016,-500.5831298828125,-374.69622802734375,-366.41259765625,-375.1012878417969
1.7758752981228027e+18,-375.0345458984375,-1249.2918701171875,-375.15557861328125,-75.00148010253906,-499.8858947753906,-375.4962463378906,-369.6754455566406,-374.978271484375
1.7758752981238026e+18,-375.0037841796875,-1249.2918701171875,-375.12481689453125,-74.97687530517578,-499.51678466796875,-375.4962463378906,-375.9241027832031,-374.9167785644531
1.7758752981248028e+18,-374.81915283203125,-1250.420166015625,-374.7554626464844,-74.9399642944336,-500.4600830078125,-375.0346984863281,-369.9832458496094,-375.47027587890625
1.7758752981258028e+18,-375.21917724609375,-1251.3433837890625,-375.1863708496094,-74.98302459716797,-499.55780029296875,-374.66546630859375,-372.4150085449219,-375.3165283203125
1.775875298126803e+18,-374.81915283203125,-1250.0098876953125,-375.1863708496094,-75.05068969726562,-500.4600830078125,-375.2808532714844,-383.52716064453125,-375.1012878417969
1.775875298127803e+18,-375.1883850097656,-1249.1893310546875,-375.0632629394531,-75.01378631591797,-499.47576904296875,-375.2193298339844,-380.78759765625,-374.9167785644531
1.7758752981288028e+18,-374.81915283203125,-1249.1893310546875,-375.37103271484375,-75.00148010253906,-499.9679260253906,-375.58856201171875,-377.4324035644531,-374.82452392578125
1.775875298129803e+18,-375.0037841796875,-1250.7279052734375,-374.6015930175781,-74.98918151855469,-500.2960205078125,-374.69622802734375,-361.0873718261719,-375.16278076171875
1.775875298130803e+18,-375.3422546386719,-1250.83056640625,-374.8785705566406,-74.97687530517578,-499.55780029296875,-375.15777587890625,-379.55633544921875,-375.19354248046875
1.775875298131803e+18,-374.9422302246094,-1248.7789306640625,-375.3094787597656,-75.01378631591797,-499.8448791503906,-375.4346923828125,-382.4497985839844,-374.79376220703125
1.775875298132803e+18,-374.9422302246094,-1249.086669921875,-374.8785705566406,-75.00763702392578,-500.4600830078125,-375.2808532714844,-373.6462707519531,-374.5784912109375
1.775875298133803e+18,-375.1268615722656,-1250.6253662109375,-375.0632629394531,-74.99533081054688,-499.63983154296875,-374.5423889160156,-367.4283752441406,-374.8552551269531
1.775875298134803e+18,-374.6960754394531,-1250.93310546875,-375.0632629394531,-74.98918151855469,-500.5831298828125,-374.8193054199219,-369.7985534667969,-375.2550354003906
1.7758752981358031e+18,-375.21917724609375,-1250.1124267578125,-374.8785705566406,-75.03839111328125,-500.5010986328125,-374.8193054199219,-372.5073547363281,-375.5625305175781
1.775875298136803e+18,-374.7268371582031,-1249.4969482421875,-375.0940246582031,-75.02608489990234,-499.59881591796875,-374.880859375,-378.0172424316406,-375.009033203125
1.775875298137803e+18,-374.6960754394531,-1250.83056640625,-375.12481689453125,-74.98918151855469,-500.2550354003906,-375.4346923828125,-368.1671447753906,-375.0705261230469
1.7758752981388032e+18,-374.6960754394531,-1250.6253662109375,-375.0632629394531,-74.97687530517578,-500.5010986328125,-375.15777587890625,-366.90509033203125,-375.0397644042969
1.7758752981398031e+18,-374.7575988769531,-1248.5738525390625,-375.001708984375,-75.02608489990234,-500.5831298828125,-375.15777587890625,-369.15216064453125,-374.82452392578125
1.775875298140803e+18,-375.0653076171875,-1248.984130859375,-374.7862548828125,-75.02608489990234,-500.5421142578125,-375.58856201171875,-378.509765625,-374.82452392578125
1.7758752981418033e+18,-374.8807067871094,-1250.6253662109375,-374.7554626464844,-74.9522705078125,-500.4190673828125,-375.0039367675781,-369.8601379394531,-375.50103759765625
1.7758752981428032e+18,-374.84991455078125,-1250.0098876953125,-375.0940246582031,-74.9338150024414,-500.2960205078125,-375.09625244140625,-369.15216064453125,-375.47027587890625
1.7758752981438031e+18,-375.24993896484375,-1249.599609375,-375.032470703125,-75.08145141601562,-499.76287841796875,-374.7885437011719,-378.1095886230469,-374.82452392578125
1.7758752981448033e+18,-375.0960998535156,-1249.1893310546875,-375.0632629394531,-75.04454040527344,-499.59881591796875,-375.0039367675781,-381.09539794921875,-374.82452392578125
1.7758752981458033e+18,-375.31146240234375,-1248.881591796875,-375.001708984375,-75.03224182128906,-499.76287841796875,-374.69622802734375,-383.52716064453125,-374.947509765625
1.7758752981468032e+18,-375.28070068359375,-1249.7021484375,-374.8785705566406,-75.06299591064453,-500.3780517578125,-374.7577819824219,-373.2768859863281,-375.50103759765625
1.7758752981478034e+18,-374.8807067871094,-1250.0098876953125,-375.37103271484375,-75.04454040527344,-499.76287841796875,-374.5423889160156,-365.9200744628906,-375.0705261230469
1.7758752981488033e+18,-374.8807067871094,-1250.5228271484375,-374.8785705566406,-74.97687530517578,-500.4600830078125,-374.7885437011719,-375.6778564453125,-375.2550354003906
1.7758752981498033e+18,-375.31146240234375,-1249.599609375,-375.0632629394531,-75.07530212402344,-499.59881591796875,-374.9423828125,-380.69525146484375,-374.9167785644531
1.7758752981508035e+18,-375.31146240234375,-1250.7279052734375,-374.8478088378906,-74.97687530517578,-499.80389404296875,-375.2500915527344,-380.11041259765625,-375.3165283203125
1.7758752981518034e+18,-374.8807067871094,-1248.881591796875,-374.90936279296875,-75.01378631591797,-500.5831298828125,-375.3116149902344,-374.26190185546875,-374.6092529296875
1.7758752981528033e+18,-375.1576232910156,-1251.03564453125,-375.3402404785156,-75.03224182128906,-500.5831298828125,-375.55780029296875,-381.0030822753906,-375.53179931640625
1.7758752981538035e+18,-375.1268615722656,-1251.3433837890625,-375.37103271484375,-75.03224182128906,-500.3370361328125,-375.3116149902344,-378.2019348144531,-375.13201904296875
1.7758752981548035e+18,-375.1268615722656,-1249.7021484375,-374.69390869140625,-74.9522705078125,-499.76287841796875,-374.8193054199219,-371.8609313964844,-375.19354248046875
1.7758752981558034e+18,-375.0653076171875,-1251.4459228515625,-375.0632629394531,-74.97687530517578,-499.80389404296875,-375.0346984863281,-380.14117431640625,-375.2550354003906
1.7758752981568036e+18,-375.0960998535156,-1250.6253662109375,-374.9401550292969,-75.00148010253906,-500.3370361328125,-374.66546630859375,-373.7693786621094,-375.2242736816406
1.7758752981578035e+18,-375.0345458984375,-1249.2918701171875,-375.15557861328125,-74.9707260131836,-499.63983154296875,-375.5270080566406,-375.21612548828125,-375.009033203125
1.7758752981588035e+18,-375.0037841796875,-1250.6253662109375,-374.7862548828125,-74.9522705078125,-500.5421142578125,-374.9423828125,-368.5672912597656,-375.47027587890625
1.7758752981598036e+18,-374.9422302246094,-1248.5738525390625,-374.9709167480469,-75.04454040527344,-499.80389404296875,-374.5731506347656,-382.41900634765625,-375.1012878417969
1.7758752981608036e+18,-375.0037841796875,-1251.548583984375,-374.69390869140625,-74.97687530517578,-500.2550354003906,-374.8193054199219,-361.6414489746094,-375.3165283203125
1.7758752981618035e+18,-374.78839111328125,-1250.0098876953125,-375.1863708496094,-75.01378631591797,-500.1730041503906,-375.2193298339844,-383.52716064453125,-375.50103759765625
1.7758752981628037e+18,-375.1268615722656,-1250.6253662109375,-375.032470703125,-75.00148010253906,-499.72186279296875,-375.0039367675781,-375.4316101074219,-374.82452392578125
1.7758752981638036e+18,-374.6960754394531,-1249.8046875,-375.12481689453125,-75.07530212402344,-500.0089416503906,-374.66546630859375,-372.845947265625,-375.47027587890625
1.7758752981648036e+18,-374.8807067871094,-1250.0098876953125,-375.37103271484375,-74.9522705078125,-499.8858947753906,-375.2193298339844,-379.279296875,-374.6092529296875
1.7758752981658038e+18,-375.3422546386719,-1251.548583984375,-375.0940246582031,-74.98302459716797,-499.80389404296875,-374.69622802734375,-367.3052673339844,-374.76300048828125
1.7758752981668037e+18,-375.0653076171875,-1250.6253662109375,-374.6323547363281,-75.01378631591797,-500.2140197753906,-374.8500671386719,-371.98406982421875,-375.4395446777344
1.7758752981678036e+18,-374.9422302246094,-1248.6763916015625,-375.2479248046875,-75.02608489990234,-499.80389404296875,-375.3731689453125,-381.9573059082031,-374.8552551269531
1.7758752981688038e+18,-374.84991455078125,-1249.1893310546875,-374.8785705566406,-74.92766571044922,-499.76287841796875,-374.9423828125,-366.0124206542969,-375.2242736816406
1.7758752981698038e+18,-374.9114685058594,-1250.93310546875,-375.37103271484375,-75.00148010253906,-499.8448791503906,-374.63470458984375,-377.09381103515625,-375.2550354003906
1.7758752981708037e+18,-375.0960998535156,-1249.3944091796875,-375.0940246582031,-75.01378631591797,-499.51678466796875,-375.2808532714844,-380.6336975097656,-374.8860168457031
1.775875298171804e+18,-375.1576232910156,-1249.1893310546875,-375.032470703125,-75.01378631591797,-499.55780029296875,-375.3424072265625,-377.1861572265625,-374.8552551269531
1.7758752981728038e+18,-375.31146240234375,-1249.3944091796875,-374.8785705566406,-75.03839111328125,-499.8448791503906,-374.66546630859375,-383.52716064453125,-374.8860168457031
1.7758752981738038e+18,-375.0037841796875,-1249.8046875,-375.4325866699219,-75.01378631591797,-499.76287841796875,-375.0346984863281,-383.52716064453125,-374.6092529296875
1.775875298174804e+18,-374.9422302246094,-1251.03564453125,-375.15557861328125,-74.9645767211914,-499.59881591796875,-374.66546630859375,-373.8617248535156,-375.4395446777344
1.775875298175804e+18,-374.9114685058594,-1249.7021484375,-374.9401550292969,-74.9399642944336,-499.76287841796875,-374.8193054199219,-361.3028564453125,-374.79376220703125
1.7758752981768038e+18,-374.6960754394531,-1249.1893310546875,-374.6323547363281,-74.94612121582031,-499.76287841796875,-374.5423889160156,-365.39678955078125,-374.79376220703125
1.775875298177804e+18,-374.6960754394531,-1248.881591796875,-374.8170166015625,-75.01378631591797,-500.3370361328125,-375.55780029296875,-381.8957214355469,-375.0705261230469
1.775875298178804e+18,-374.8807067871094,-1249.8046875,-375.2479248046875,-75.03839111328125,-500.1730041503906,-374.66546630859375,-366.1971130371094,-375.1012878417969
1.775875298179804e+18,-375.28070068359375,-1249.599609375,-374.9401550292969,-75.04454040527344,-499.9269104003906,-375.09625244140625,-383.52716064453125,-374.76300048828125
1.775875298180804e+18,-375.1268615722656,-1250.420166015625,-374.8170166015625,-75.07530212402344,-499.9269104003906,-374.7885437011719,-380.32586669921875,-374.8860168457031
1.775875298181804e+18,-374.9422302246094,-1250.317626953125,-375.494140625,-75.06299591064453,-500.0499572753906,-374.6039123535156,-362.56488037109375,-374.79376220703125
1.775875298182804e+18,-374.9729919433594,-1249.086669921875,-374.57080078125,-74.98302459716797,-500.2550354003906,-375.4962463378906,-383.52716064453125,-375.2550354003906
1.7758752981838042e+18,-374.8807067871094,-1250.215087890625,-375.032470703125,-74.9338150024414,-500.2550354003906,-375.2808532714844,-370.2602844238281,-374.7322692871094
1.775875298184804e+18,-375.28070068359375,-1250.7279052734375,-375.1863708496094,-75.05068969726562,-500.0499572753906,-374.69622802734375,-373.0921936035156,-374.82452392578125
1.775875298185804e+18,-375.0960998535156,-1250.5228271484375,-375.40179443359375,-75.04454040527344,-500.5421142578125,-375.3731689453125,-374.3850402832031,-374.6400146484375
1.7758752981868042e+18,-375.24993896484375,-1250.1124267578125,-374.8478088378906,-75.05684661865234,-500.2140197753906,-374.69622802734375,-375.6778564453125,-374.947509765625
1.7758752981878042e+18,-375.0037841796875,-1249.7021484375,-375.40179443359375,-74.99533081054688,-499.80389404296875,-375.2500915527344,-369.73699951171875,-374.6400146484375
1.775875298188804e+18,-374.6653137207031,-1250.1124267578125,-375.15557861328125,-74.97687530517578,-500.2960205078125,-375.4039306640625,-367.9824523925781,-375.0705261230469
1.7758752981898043e+18,-374.8807067871094,-1250.317626953125,-375.4325866699219,-75.00148010253906,-499.72186279296875,-375.0039367675781,-377.5863037109375,-375.50103759765625
1.7758752981908042e+18,-374.9729919433594,-1251.3433837890625,-374.8478088378906,-74.97687530517578,-500.1730041503906,-374.7577819824219,-361.9492492675781,-375.3780212402344
1.7758752981918042e+18,-375.31146240234375,-1251.2408447265625,-375.001708984375,-74.95841979980469,-499.47576904296875,-374.7577819824219,-376.32427978515625,-375.47027587890625
1.7758752981928044e+18,-375.0037841796875,-1248.6763916015625,-375.3094787597656,-75.00148010253906,-499.9269104003906,-375.55780029296875,-378.3558654785156,-374.82452392578125
1.7758752981938043e+18,-374.9422302246094,-1249.599609375,-375.37103271484375,-75.00148010253906,-499.8448791503906,-375.4039306640625,-383.52716064453125,-374.8552551269531
1.7758752981948042e+18,-375.0345458984375,-1250.83056640625,-374.6323547363281,-74.99533081054688,-500.2550354003906,-374.880859375,-367.6130676269531,-375.50103759765625
1.7758752981958044e+18,-374.9729919433594,-1250.83056640625,-374.8785705566406,-74.9645767211914,-500.5010986328125,-374.9423828125,-369.6446533203125,-375.47027587890625
1.7758752981968044e+18,-375.1576232910156,-1250.420166015625,-374.9401550292969,-74.98918151855469,-500.5421142578125,-375.0039367675781,-368.7212219238281,-375.13201904296875
1.7758752981978043e+18,-374.9114685058594,-1250.0098876953125,-375.3402404785156,-74.94612121582031,-500.1319885253906,-375.2500915527344,-371.2145080566406,-375.19354248046875
1.7758752981988045e+18,-375.0653076171875,-1251.1383056640625,-375.2786865234375,-74.9645767211914,-499.63983154296875,-374.63470458984375,-371.06060791015625,-375.3780212402344
1.7758752981998044e+18,-374.7575988769531,-1250.6253662109375,-375.12481689453125,-74.9707260131836,-500.4190673828125,-375.15777587890625,-367.7669677734375,-375.16278076171875
1.7758752982008044e+18,-375.24993896484375,-1250.1124267578125,-374.9401550292969,-75.08145141601562,-499.76287841796875,-374.8500671386719,-379.92572021484375,-374.9167785644531
1.7758752982018045e+18,-374.9729919433594,-1250.215087890625,-375.46337890625,-74.9522705078125,-500.0499572753906,-375.2808532714844,-370.9990539550781,-375.19354248046875
1.7758752982028045e+18,-375.0037841796875,-1248.6763916015625,-375.2171325683594,-75.02608489990234,-499.80389404296875,-375.2808532714844,-383.52716064453125,-374.82452392578125
1.7758752982038044e+18,-375.0960998535156,-1249.4969482421875,-375.2479248046875,-75.06914520263672,-499.76287841796875,-375.09625244140625,-383.52716064453125,-374.79376220703125
1.7758752982048046e+18,-375.0653076171875,-1251.548583984375,-374.9401550292969,-74.9645767211914,-500.0909729003906,-375.3116149902344,-364.2886657714844,-374.9167785644531
1.7758752982058045e+18,-375.24993896484375,-1249.8046875,-374.8785705566406,-74.9399642944336,-500.0089416503906,-375.18853759765625,-383.52716064453125,-375.50103759765625
1.7758752982068045e+18,-375.1883850097656,-1250.1124267578125,-374.9401550292969,-75.07530212402344,-500.0089416503906,-374.8193054199219,-378.6944580078125,-374.8860168457031
1.7758752982078047e+18,-375.4345703125,-1249.086669921875,-374.9401550292969,-75.03839111328125,-499.9269104003906,-374.8500671386719,-383.52716064453125,-374.8860168457031
1.7758752982088046e+18,-375.24993896484375,-1248.984130859375,-375.001708984375,-75.03839111328125,-499.9269104003906,-375.0654602050781,-383.52716064453125,-374.79376220703125
1.7758752982098045e+18,-375.28070068359375,-1250.83056640625,-374.7554626464844,-75.01378631591797,-500.5831298828125,-374.69622802734375,-367.9824523925781,-375.16278076171875
1.7758752982108047e+18,-374.84991455078125,-1250.215087890625,-375.2479248046875,-74.9399642944336,-500.0909729003906,-375.2808532714844,-369.52154541015625,-374.9167785644531
1.7758752982118047e+18,-375.31146240234375,-1250.6253662109375,-374.9709167480469,-75.00148010253906,-499.68084716796875,-374.7885437011719,-363.9808349609375,-375.13201904296875
1.7758752982128046e+18,-374.6653137207031,-1249.599609375,-375.2479248046875,-75.03839111328125,-499.68084716796875,-374.69622802734375,-375.4623718261719,-375.5625305175781
1.7758752982138048e+18,-374.8807067871094,-1248.6763916015625,-374.8785705566406,-75.00148010253906,-499.72186279296875,-374.880859375,-375.123779296875,-375.0705261230469
1.7758752982148047e+18,-374.8807067871094,-1250.83056640625,-375.12481689453125,-74.97687530517578,-499.63983154296875,-375.3116149902344,-380.7260437011719,-374.8860168457031
1.7758752982158047e+18,-374.81915283203125,-1248.6763916015625,-375.0632629394531,-75.03224182128906,-500.2140197753906,-374.5731506347656,-368.0747985839844,-375.1012878417969
1.7758752982168049e+18,-374.78839111328125,-1250.1124267578125,-375.12481689453125,-75.09990692138672,-500.5010986328125,-374.97314453125,-366.3818054199219,-374.5784912109375
1.7758752982178048e+18,-375.0653076171875,-1251.651123046875,-374.7554626464844,-74.9645767211914,-500.1319885253906,-374.97314453125,-363.5191345214844,-375.009033203125
1.7758752982188047e+18,-374.6960754394531,-1249.1893310546875,-374.8785705566406,-74.95841979980469,-499.9269104003906,-375.18853759765625,-373.8309631347656,-375.3165283203125
1.775875298219805e+18,-374.9422302246094,-1249.3944091796875,-375.12481689453125,-75.06914520263672,-500.1319885253906,-374.8193054199219,-363.48834228515625,-375.3780212402344
1.7758752982208049e+18,-374.7575988769531,-1248.881591796875,-374.8170166015625,-74.9338150024414,-499.80389404296875,-374.9423828125,-376.23193359375,-375.0705261230469
1.7758752982218053e+18,-375.0037841796875,-1249.3944091796875,-375.001708984375,-75.00763702392578,-499.63983154296875,-375.0039367675781,-375.1545715332031,-374.6707458496094
1.7758752982228058e+18,-375.0345458984375,-1251.1383056640625,-374.7862548828125,-74.9645767211914,-500.0499572753906,-375.61932373046875,-383.52716064453125,-374.8552551269531
1.7758752982238062e+18,-374.84991455078125,-1250.215087890625,-375.2479248046875,-74.9399642944336,-499.8858947753906,-375.2500915527344,-377.2169189453125,-374.5784912109375
1.7758752982248067e+18,-375.3730163574219,-1250.317626953125,-374.7247009277344,-75.02608489990234,-500.6241455078125,-374.91162109375,-366.812744140625,-375.0705261230469
1.775875298225807e+18,-374.8807067871094,-1250.5228271484375,-375.4325866699219,-75.06914520263672,-500.3370361328125,-375.65008544921875,-383.52716064453125,-375.0705261230469
1.7758752982268076e+18,-375.31146240234375,-1250.317626953125,-374.7554626464844,-74.94612121582031,-500.3780517578125,-375.2500915527344,-368.9982604980469,-374.5784912109375
1.775875298227808e+18,-374.7575988769531,-1248.984130859375,-374.69390869140625,-74.9707260131836,-499.59881591796875,-374.9423828125,-377.27850341796875,-375.50103759765625
1.7758752982288084e+18,-375.24993896484375,-1251.3433837890625,-375.001708984375,-74.98302459716797,-499.59881591796875,-375.09625244140625,-379.2485046386719,-375.5625305175781
1.775875298229809e+18,-374.9729919433594,-1250.5228271484375,-375.5249328613281,-75.05068969726562,-499.8858947753906,-374.7885437011719,-363.026611328125,-375.2242736816406
1.7758752982308093e+18,-375.24993896484375,-1250.5228271484375,-374.8785705566406,-74.97687530517578,-499.47576904296875,-374.7577819824219,-375.7394104003906,-375.3780212402344
1.7758752982318098e+18,-374.8807067871094,-1249.3944091796875,-375.2171325683594,-75.07530212402344,-500.1730041503906,-374.8193054199219,-362.4725341796875,-375.2550354003906
1.7758752982328102e+18,-375.31146240234375,-1250.83056640625,-374.8785705566406,-74.97687530517578,-500.0909729003906,-375.5270080566406,-379.6178894042969,-374.76300048828125
1.7758752982338107e+18,-374.9729919433594,-1250.1124267578125,-375.15557861328125,-75.06299591064453,-500.4190673828125,-375.2193298339844,-381.926513671875,-375.3472900390625
1.7758752982348111e+18,-374.6960754394531,-1250.215087890625,-375.1863708496094,-74.9645767211914,-499.59881591796875,-375.4346923828125,-379.92572021484375,-374.8860168457031
1.7758752982358116e+18,-375.31146240234375,-1251.2408447265625,-374.90936279296875,-74.9707260131836,-500.0499572753906,-375.55780029296875,-378.3866271972656,-374.8860168457031
1.775875298236812e+18,-375.31146240234375,-1250.0098876953125,-374.7554626464844,-75.00763702392578,-500.5010986328125,-375.55780029296875,-373.9233093261719,-374.82452392578125
1.7758752982378125e+18,-375.1883850097656,-1250.420166015625,-375.2479248046875,-75.03839111328125,-500.5831298828125,-375.4962463378906,-378.6944580078125,-374.6400146484375
1.775875298238813e+18,-375.0653076171875,-1251.548583984375,-374.9709167480469,-74.9522705078125,-500.0909729003906,-375.61932373046875,-376.32427978515625,-374.82452392578125
1.7758752982398134e+18,-375.1268615722656,-1249.599609375,-374.8785705566406,-75.07530212402344,-500.0499572753906,-374.8193054199219,-370.50653076171875,-375.50103759765625
1.775875298240814e+18,-374.6960754394531,-1249.086669921875,-374.7247009277344,-74.9645767211914,-499.51678466796875,-374.63470458984375,-367.18212890625,-374.6092529296875
1.7758752982418145e+18,-374.9114685058594,-1249.1893310546875,-375.1863708496094,-75.05068969726562,-500.0909729003906,-374.5423889160156,-367.18212890625,-375.13201904296875
1.775875298242815e+18,-374.8807067871094,-1251.2408447265625,-375.12481689453125,-74.98302459716797,-499.8448791503906,-375.5270080566406,-376.6628723144531,-374.8552551269531
1.7758752982438154e+18,-374.78839111328125,-1250.317626953125,-375.4325866699219,-74.98918151855469,-499.68084716796875,-375.12701416015625,-383.52716064453125,-375.0397644042969
1.775875298244816e+18,-374.9422302246094,-1248.7789306640625,-374.9401550292969,-75.01993560791016,-500.5010986328125,-374.8193054199219,-366.68963623046875,-375.009033203125
1.7758752982458163e+18,-375.28070068359375,-1250.83056640625,-374.69390869140625,-74.9399642944336,-499.80389404296875,-375.18853759765625,-383.52716064453125,-375.2242736816406
1.7758752982468168e+18,-374.6653137207031,-1250.0098876953125,-375.2479248046875,-74.98918151855469,-499.8448791503906,-375.58856201171875,-374.9698791503906,-375.009033203125
1.7758752982478172e+18,-374.7575988769531,-1249.086669921875,-374.8785705566406,-74.9522705078125,-499.8858947753906,-375.2500915527344,-379.55633544921875,-375.4395446777344
1.7758752982488177e+18,-375.24993896484375,-1250.5228271484375,-374.7247009277344,-75.00148010253906,-500.5831298828125,-374.7885437011719,-367.64385986328125,-375.13201904296875
1.775875298249818e+18,-375.31146240234375,-1250.0098876953125,-374.8478088378906,-75.04454040527344,-500.5831298828125,-374.97314453125,-368.8135681152344,-375.3780212402344
1.7758752982508186e+18,-374.81915283203125,-1249.1893310546875,-375.0940246582031,-75.08145141601562,-500.2550354003906,-374.72698974609375,-368.9366760253906,-375.2857971191406
1.775875298251819e+18,-375.0037841796875,-1251.4459228515625,-374.7247009277344,-74.95841979980469,-500.1319885253906,-375.58856201171875,-375.123779296875,-374.7015075683594
1.7758752982528195e+18,-375.1268615722656,-1251.3433837890625,-375.4325866699219,-75.03839111328125,-500.6651611328125,-375.58856201171875,-381.7418212890625,-375.50103759765625
1.77587529825382e+18,-375.1268615722656,-1251.548583984375,-375.4325866699219,-75.01993560791016,-499.76287841796875,-374.69622802734375,-367.1205749511719,-374.82452392578125
1.7758752982548204e+18,-375.1576232910156,-1251.2408447265625,-375.1863708496094,-75.08760070800781,-500.4190673828125,-375.3424072265625,-369.1213684082031,-374.947509765625
1.7758752982558208e+18,-374.8807067871094,-1250.6253662109375,-375.3094787597656,-75.05684661865234,-500.2550354003906,-375.61932373046875,-383.52716064453125,-375.0397644042969
1.7758752982568212e+18,-374.7268371582031,-1248.5738525390625,-374.8170166015625,-75.01378631591797,-500.5831298828125,-375.09625244140625,-367.551513671875,-375.0705261230469
1.7758752982578217e+18,-375.24993896484375,-1251.2408447265625,-375.2171325683594,-75.08760070800781,-500.2960205078125,-374.880859375,-363.765380859375,-374.6400146484375
1.7758752982588221e+18,-374.7575988769531,-1248.5738525390625,-374.90936279296875,-75.02608489990234,-500.6651611328125,-375.2193298339844,-368.8751220703125,-375.009033203125
1.7758752982598226e+18,-375.0960998535156,-1251.03564453125,-375.40179443359375,-75.04454040527344,-500.2550354003906,-375.0039367675781,-370.0755920410156,-374.79376220703125
1.775875298260823e+18,-375.0960998535156,-1251.4459228515625,-375.2479248046875,-74.9707260131836,-499.8448791503906,-375.2193298339844,-383.52716064453125,-375.1012878417969
1.7758752982618235e+18,-375.0345458984375,-1250.0098876953125,-374.8478088378906,-74.95841979980469,-499.47576904296875,-374.8500671386719,-377.46319580078125,-375.4395446777344
1.775875298262824e+18,-374.6653137207031,-1249.7021484375,-375.1863708496094,-75.02608489990234,-499.51678466796875,-374.91162109375,-379.5871276855469,-374.8552551269531
1.7758752982638244e+18,-374.81915283203125,-1248.47119140625,-375.032470703125,-75.05068969726562,-499.80389404296875,-374.4500732421875,-376.2626953125,-375.2857971191406
1.7758752982648248e+18,-375.1268615722656,-1250.93310546875,-374.7247009277344,-74.9645767211914,-500.1319885253906,-375.4654846191406,-383.52716064453125,-375.0705261230469
1.7758752982658253e+18,-374.9114685058594,-1250.420166015625,-375.46337890625,-75.08145141601562,-500.0499572753906,-374.7885437011719,-360.748779296875,-374.9167785644531
1.7758752982668257e+18,-375.0037841796875,-1250.5228271484375,-375.3402404785156,-75.05684661865234,-499.80389404296875,-374.6039123535156,-365.64306640625,-374.947509765625
1.7758752982678262e+18,-375.31146240234375,-1250.420166015625,-374.66314697265625,-74.9338150024414,-499.72186279296875,-375.12701416015625,-378.78680419921875,-375.50103759765625
1.7758752982688266e+18,-375.1268615722656,-1251.3433837890625,-375.12481689453125,-74.97687530517578,-499.55780029296875,-375.09625244140625,-379.4331970214844,-375.1012878417969
1.775875298269827e+18,-374.6653137207031,-1249.7021484375,-375.1863708496094,-75.00148010253906,-499.51678466796875,-374.880859375,-377.0630187988281,-374.947509765625
1.7758752982708275e+18,-374.81915283203125,-1250.215087890625,-375.4325866699219,-75.00148010253906,-499.76287841796875,-375.12701416015625,-383.52716064453125,-374.82452392578125
1.775875298271828e+18,-374.9114685058594,-1249.599609375,-375.3094787597656,-75.08760070800781,-499.9269104003906,-374.7885437011719,-370.7220153808594,-375.47027587890625
1.7758752982728284e+18,-374.7575988769531,-1251.03564453125,-375.0940246582031,-74.99533081054688,-499.8448791503906,-375.5270080566406,-376.13958740234375,-374.9167785644531
1.7758752982738289e+18,-374.81915283203125,-1250.317626953125,-375.4325866699219,-75.03839111328125,-499.76287841796875,-375.0039367675781,-383.52716064453125,-375.2550354003906
1.7758752982748293e+18,-374.9422302246094,-1250.420166015625,-375.40179443359375,-75.01378631591797,-499.68084716796875,-374.8500671386719,-371.02984619140625,-375.3780212402344
1.7758752982758298e+18,-374.81915283203125,-1249.1893310546875,-374.5400390625,-74.9645767211914,-499.8448791503906,-374.3885192871094,-367.08978271484375,-375.0705261230469
1.7758752982768302e+18,-375.31146240234375,-1250.0098876953125,-374.8785705566406,-74.98302459716797,-500.5831298828125,-375.12701416015625,-369.0906066894531,-374.947509765625
1.7758752982778307e+18,-375.0653076171875,-1250.7279052734375,-374.7554626464844,-74.92766571044922,-500.0909729003906,-375.2808532714844,-373.9540710449219,-374.6092529296875
1.775875298278831e+18,-374.8807067871094,-1249.086669921875,-375.2786865234375,-75.05068969726562,-499.80389404296875,-374.5423889160156,-367.4283752441406,-375.16278076171875
1.7758752982798316e+18,-374.7268371582031,-1249.599609375,-375.2171325683594,-74.98918151855469,-499.47576904296875,-374.97314453125,-379.8641357421875,-374.82452392578125
1.775875298280832e+18,-374.8807067871094,-1250.0098876953125,-375.46337890625,-74.97687530517578,-499.76287841796875,-375.18853759765625,-383.52716064453125,-374.7015075683594
1.7758752982818324e+18,-375.31146240234375,-1250.420166015625,-375.12481689453125,-75.02608489990234,-499.9679260253906,-374.72698974609375,-377.8941345214844,-374.8552551269531
1.775875298282833e+18,-374.81915283203125,-1250.0098876953125,-375.3402404785156,-75.08145141601562,-500.1319885253906,-374.7885437011719,-360.3178405761719,-375.13201904296875
1.7758752982838333e+18,-375.1883850097656,-1250.7279052734375,-375.001708984375,-74.9399642944336,-499.59881591796875,-374.69622802734375,-364.7196044921875,-374.5784912109375
1.7758752982848338e+18,-375.31146240234375,-1251.1383056640625,-375.001708984375,-74.94612121582031,-499.59881591796875,-374.63470458984375,-367.27447509765625,-374.7322692871094
1.7758752982858342e+18,-374.8807067871094,-1249.9073486328125,-374.9401550292969,-74.9522705078125,-499.8858947753906,-374.880859375,-374.6004943847656,-375.0397644042969
1.7758752982868347e+18,-375.0653076171875,-1249.3944091796875,-374.7247009277344,-75.05068969726562,-500.2960205078125,-374.66546630859375,-362.56488037109375,-375.009033203125
1.7758752982878351e+18,-375.1268615722656,-1249.599609375,-374.7247009277344,-75.06914520263672,-500.1319885253906,-374.8193054199219,-369.70623779296875,-375.47027587890625
1.7758752982888356e+18,-374.8807067871094,-1250.1124267578125,-375.3402404785156,-75.06914520263672,-500.2140197753906,-374.69622802734375,-365.4891357421875,-374.79376220703125
1.775875298289836e+18,-374.9422302246094,-1249.9073486328125,-375.12481689453125,-75.03839111328125,-500.4190673828125,-375.4654846191406,-380.2643127441406,-375.5932922363281
1.7758752982908365e+18,-375.1576232910156,-1251.548583984375,-375.37103271484375,-75.03839111328125,-500.6241455078125,-375.55780029296875,-381.156982421875,-375.5625305175781
1.7758752982918372e+18,-374.9422302246094,-1250.420166015625,-374.9709167480469,-74.98918151855469,-500.1319885253906,-374.69622802734375,-368.7519836425781,-374.978271484375
1.7758752982928376e+18,-374.9422302246094,-1248.7789306640625,-374.8785705566406,-74.98918151855469,-499.59881591796875,-374.8193054199219,-368.3518371582031,-374.5784912109375
1.775875298293838e+18,-374.8807067871094,-1250.0098876953125,-375.1863708496094,-75.04454040527344,-500.2960205078125,-375.2500915527344,-383.52716064453125,-375.50103759765625
1.7758752982948385e+18,-375.0653076171875,-1249.599609375,-374.8785705566406,-74.98302459716797,-499.68084716796875,-374.4193115234375,-366.0124206542969,-375.009033203125
1.775875298295839e+18,-375.1268615722656,-1249.9073486328125,-374.8478088378906,-74.97687530517578,-499.8448791503906,-374.5116271972656,-363.4575500488281,-374.7322692871094
1.7758752982968394e+18,-375.1576232910156,-1249.9073486328125,-374.6015930175781,-74.92766571044922,-499.63983154296875,-374.7885437011719,-361.8876953125,-375.009033203125
1.7758752982978399e+18,-375.1268615722656,-1249.9073486328125,-374.66314697265625,-74.9399642944336,-499.68084716796875,-374.7885437011719,-361.14892578125,-374.79376220703125
1.7758752982988403e+18,-374.8807067871094,-1248.5738525390625,-374.8478088378906,-74.98302459716797,-499.72186279296875,-374.97314453125,-375.0929870605469,-375.0397644042969
1.7758752982998408e+18,-374.78839111328125,-1249.086669921875,-374.90936279296875,-74.98918151855469,-500.3370361328125,-375.2808532714844,-383.52716064453125,-375.13201904296875
1.7758752983008412e+18,-375.31146240234375,-1250.420166015625,-374.90936279296875,-74.9645767211914,-499.68084716796875,-374.7885437011719,-360.37939453125,-374.8860168457031
1.7758752983018417e+18,-375.3730163574219,-1250.83056640625,-375.001708984375,-74.9522705078125,-499.55780029296875,-374.66546630859375,-367.5823059082031,-374.82452392578125
1.775875298302842e+18,-375.24993896484375,-1250.83056640625,-375.37103271484375,-75.05068969726562,-500.0089416503906,-374.5423889160156,-364.41180419921875,-374.7322692871094
1.7758752983038426e+18,-374.9422302246094,-1249.599609375,-374.9401550292969,-74.92151641845703,-499.72186279296875,-374.4193115234375,-382.01885986328125,-375.1012878417969
1.775875298304843e+18,-375.0653076171875,-1251.03564453125,-375.1863708496094,-75.07530212402344,-500.2140197753906,-374.880859375,-365.58148193359375,-374.5169982910156
1.7758752983058435e+18,-375.1268615722656,-1250.0098876953125,-374.66314697265625,-74.92766571044922,-499.72186279296875,-374.880859375,-367.95166015625,-375.19354248046875
1.775875298306844e+18,-374.9729919433594,-1249.8046875,-374.7554626464844,-74.98918151855469,-500.1319885253906,-374.69622802734375,-370.29107666015625,-375.19354248046875
1.7758752983078444e+18,-374.9422302246094,-1249.8046875,-375.2171325683594,-75.03224182128906,-500.5831298828125,-375.2193298339844,-373.4000244140625,-374.76300048828125
1.7758752983088448e+18,-374.9422302246094,-1250.420166015625,-375.37103271484375,-75.05684661865234,-500.2550354003906,-375.61932373046875,-383.52716064453125,-375.1012878417969
1.7758752983098452e+18,-374.81915283203125,-1249.3944091796875,-374.6015930175781,-74.9645767211914,-499.8858947753906,-374.4193115234375,-366.443359375,-374.8860168457031
1.7758752983108457e+18,-374.78839111328125,-1249.7021484375,-374.8170166015625,-75.04454040527344,-500.1319885253906,-375.55780029296875,-383.52716064453125,-375.2242736816406
1.7758752983118461e+18,-374.7268371582031,-1249.4969482421875,-375.12481689453125,-74.99533081054688,-500.1730041503906,-375.2193298339844,-383.52716064453125,-375.50103759765625
1.7758752983128466e+18,-375.1268615722656,-1251.651123046875,-375.1863708496094,-74.99533081054688,-499.80389404296875,-374.3885192871094,-366.41259765625,-375.13201904296875
1.775875298313847e+18,-374.7268371582031,-1249.7021484375,-375.15557861328125,-75.01378631591797,-500.3370361328125,-375.2193298339844,-383.52716064453125,-375.50103759765625
1.7758752983148475e+18,-374.78839111328125,-1249.599609375,-374.6323547363281,-74.9645767211914,-499.8858947753906,-374.5423889160156,-367.9208984375,-375.1012878417969
1.775875298315848e+18,-375.31146240234375,-1250.7279052734375,-374.7554626464844,-74.9399642944336,-499.68084716796875,-375.12701416015625,-376.35504150390625,-375.47027587890625
1.7758752983168484e+18,-374.9114685058594,-1249.7021484375,-374.6323547363281,-74.9645767211914,-499.8858947753906,-374.4193115234375,-365.9200744628906,-374.82452392578125
1.7758752983178488e+18,-375.0037841796875,-1250.0098876953125,-375.15557861328125,-75.06299591064453,-500.1730041503906,-375.5270080566406,-383.52716064453125,-375.2242736816406
1.7758752983188493e+18,-375.0037841796875,-1249.8046875,-375.15557861328125,-75.05684661865234,-500.2550354003906,-375.58856201171875,-382.9115295410156,-375.2857971191406
1.7758752983198497e+18,-375.1268615722656,-1251.4459228515625,-375.3402404785156,-75.03839111328125,-500.6241455078125,-375.58856201171875,-381.3724365234375,-375.53179931640625
1.7758752983208502e+18,-375.1576232910156,-1250.7279052734375,-375.0940246582031,-75.00763702392578,-500.1319885253906,-374.7577819824219,-369.33685302734375,-375.1012878417969
1.77587529832185e+18,-374.84991455078125,-1249.1893310546875,-374.57080078125,-74.94612121582031,-499.8448791503906,-374.5116271972656,-367.7669677734375,-375.16278076171875
1.77587529832285e+18,-374.7268371582031,-1249.086669921875,-374.8785705566406,-74.92151641845703,-499.68084716796875,-374.7577819824219,-361.5491027832031,-374.8860168457031
1.7758752983238502e+18,-375.3422546386719,-1251.4459228515625,-375.1863708496094,-75.08760070800781,-500.4600830078125,-375.2808532714844,-383.52716064453125,-375.4395446777344
1.7758752983248502e+18,-374.81915283203125,-1250.0098876953125,-375.0632629394531,-75.01378631591797,-500.2550354003906,-375.5270080566406,-382.2958984375,-375.2550354003906
1.77587529832585e+18,-375.0960998535156,-1250.215087890625,-375.15557861328125,-74.9645767211914,-499.80389404296875,-374.8193054199219,-362.6880187988281,-374.82452392578125
1.77587529832685e+18,-375.21917724609375,-1251.2408447265625,-375.1863708496094,-75.07530212402344,-500.1730041503906,-375.3116149902344,-363.796142578125,-374.8552551269531
1.77587529832785e+18,-374.9114685058594,-1249.9073486328125,-374.8785705566406,-75.00148010253906,-500.2140197753906,-375.0654602050781,-373.89251708984375,-375.2550354003906
1.77587529832885e+18,-374.78839111328125,-1248.6763916015625,-374.7862548828125,-74.97687530517578,-499.51678466796875,-374.69622802734375,-367.95166015625,-374.6400146484375
1.77587529832985e+18,-375.31146240234375,-1250.7279052734375,-375.40179443359375,-75.07530212402344,-500.2550354003906,-375.4346923828125,-383.52716064453125,-375.13201904296875
1.77587529833085e+18,-375.28070068359375,-1250.6253662109375,-375.46337890625,-75.06299591064453,-500.2550354003906,-375.4654846191406,-377.370849609375,-375.3165283203125
1.77587529833185e+18,-374.7575988769531,-1248.5738525390625,-374.69390869140625,-74.97687530517578,-499.51678466796875,-374.7885437011719,-371.3684387207031,-374.978271484375
1.77587529833285e+18,-375.1268615722656,-1251.1383056640625,-375.37103271484375,-75.04454040527344,-500.6241455078125,-375.58856201171875,-381.24932861328125,-375.3780212402344
1.7758752983338499e+18,-375.1883850097656,-1250.420166015625,-375.032470703125,-75.01993560791016,-499.72186279296875,-374.7885437011719,-365.8585205078125,-374.5784912109375
1.77587529833485e+18,-375.28070068359375,-1250.7279052734375,-375.1863708496094,-75.04454040527344,-500.0499572753906,-374.63470458984375,-374.2311096191406,-374.8552551269531
1.77587529833585e+18,-375.1576232910156,-1251.3433837890625,-375.37103271484375,-75.03839111328125,-500.5010986328125,-375.4346923828125,-380.8491516113281,-375.47027587890625
1.77587529833685e+18,-375.31146240234375,-1250.83056640625,-375.4325866699219,-75.06914520263672,-500.1319885253906,-374.7885437011719,-373.70782470703125,-374.76300048828125
1.7758752983378499e+18,-375.1268615722656,-1251.651123046875,-375.4325866699219,-75.01993560791016,-499.59881591796875,-374.4500732421875,-365.95086669921875,-375.1012878417969
1.7758752983388498e+18,-374.7575988769531,-1249.1893310546875,-375.0940246582031,-75.08760070800781,-500.3370361328125,-374.66546630859375,-369.9832458496094,-375.4395446777344
1.7758752983398497e+18,-375.24993896484375,-1251.4459228515625,-374.90936279296875,-74.97687530517578,-500.1319885253906,-375.55780029296875,-379.3408508300781,-374.8860168457031
1.77587529834085e+18,-375.0345458984375,-1251.2408447265625,-375.032470703125,-74.97687530517578,-499.68084716796875,-375.3731689453125,-381.64947509765625,-374.76300048828125
1.7758752983418499e+18,-375.28070068359375,-1249.599609375,-374.8478088378906,-75.01378631591797,-500.6241455078125,-375.2500915527344,-368.9059143066406,-374.8860168457031
1.7758752983428498e+18,-375.0037841796875,-1248.984130859375,-374.7247009277344,-74.97687530517578,-499.63983154296875,-374.5116271972656,-366.8435363769531,-374.8860168457031
1.7758752983438497e+18,-374.78839111328125,-1250.0098876953125,-375.40179443359375,-75.06914520263672,-499.9269104003906,-374.8193054199219,-365.7969665527344,-375.47027587890625
1.7758752983448497e+18,-374.78839111328125,-1250.215087890625,-375.40179443359375,-75.08145141601562,-500.0089416503906,-374.7885437011719,-361.9184875488281,-375.2242736816406
1.7758752983458496e+18,-375.1576232910156,-1251.651123046875,-375.37103271484375,-75.03224182128906,-499.8448791503906,-374.69622802734375,-366.6588439941406,-374.8552551269531
1.7758752983468498e+18,-375.21917724609375,-1250.7279052734375,-374.8170166015625,-74.9338150024414,-499.76287841796875,-375.09625244140625,-383.52716064453125,-375.2550354003906
1.7758752983478497e+18,-374.9729919433594,-1250.5228271484375,-375.46337890625,-75.06914520263672,-500.1319885253906,-374.5731506347656,-362.5956726074219,-374.76300048828125
1.7758752983488497e+18,-375.31146240234375,-1250.7279052734375,-375.40179443359375,-75.06299591064453,-500.0909729003906,-374.8193054199219,-371.61468505859375,-374.76300048828125
1.7758752983498496e+18,-375.1576232910156,-1250.6253662109375,-375.3402404785156,-75.05684661865234,-500.2550354003906,-375.4654846191406,-380.0796203613281,-375.2242736816406
1.7758752983508495e+18,-375.0037841796875,-1249.599609375,-375.032470703125,-75.03839111328125,-500.5831298828125,-375.55780029296875,-381.2185363769531,-375.2550354003906
1.7758752983518497e+18,-375.28070068359375,-1251.2408447265625,-375.1863708496094,-75.05068969726562,-500.2550354003906,-374.880859375,-367.1205749511719,-374.5784912109375
1.7758752983528497e+18,-375.1576232910156,-1250.7279052734375,-375.12481689453125,-75.08145141601562,-500.3370361328125,-374.97314453125,-365.5199279785156,-374.6400146484375
1.7758752983538496e+18,-375.21917724609375,-1250.7279052734375,-375.37103271484375,-75.03839111328125,-500.2550354003906,-375.3116149902344,-375.862548828125,-375.2550354003906
1.7758752983548495e+18,-374.9422302246094,-1249.2918701171875,-374.9709167480469,-75.02608489990234,-500.4600830078125,-375.4962463378906,-380.9414978027344,-375.5625305175781
1.7758752983558495e+18,-375.31146240234375,-1250.7279052734375,-375.40179443359375,-75.05684661865234,-500.0909729003906,-374.9423828125,-383.1885681152344,-375.009033203125
1.7758752983568494e+18,-375.1268615722656,-1251.548583984375,-375.4325866699219,-75.03839111328125,-500.5010986328125,-375.5270080566406,-381.06463623046875,-375.5625305175781
1.7758752983578496e+18,-375.0037841796875,-1250.6253662109375,-375.1863708496094,-75.08760070800781,-500.3780517578125,-374.91162109375,-365.7969665527344,-374.5784912109375
1.7758752983588495e+18,-374.6960754394531,-1249.4969482421875,-375.001708984375,-74.94612121582031,-499.76287841796875,-374.880859375,-361.7030029296875,-374.8552551269531
1.7758752983598495e+18,-374.7268371582031,-1249.2918701171875,-374.9401550292969,-74.92766571044922,-499.68084716796875,-374.4808349609375,-372.2303161621094,-374.9167785644531
1.7758752983608494e+18,-374.7575988769531,-1249.599609375,-374.90936279296875,-74.95841979980469,-499.8858947753906,-375.09625244140625,-367.27447509765625,-375.009033203125
1.7758752983618493e+18,-374.9422302246094,-1249.1893310546875,-375.15557861328125,-75.03224182128906,-500.5421142578125,-375.5270080566406,-381.2185363769531,-375.50103759765625
1.7758752983628493e+18,-374.9114685058594,-1249.2918701171875,-375.001708984375,-75.03839111328125,-500.5010986328125,-375.5270080566406,-382.01885986328125,-375.4395446777344
1.7758752983638495e+18,-375.3422546386719,-1250.6253662109375,-374.8785705566406,-74.9707260131836,-499.76287841796875,-375.2808532714844,-380.11041259765625,-375.50103759765625
1.7758752983648494e+18,-374.7268371582031,-1249.086669921875,-374.90936279296875,-75.01993560791016,-500.3370361328125,-375.2500915527344,-383.52716064453125,-375.3165283203125
1.7758752983658493e+18,-375.1268615722656,-1251.548583984375,-375.40179443359375,-75.03839111328125,-500.5010986328125,-375.4654846191406,-380.51055908203125,-375.2550354003906
1.7758752983668493e+18,-374.84991455078125,-1249.1893310546875,-374.57080078125,-74.9645767211914,-499.72186279296875,-374.4808349609375,-366.2279052734375,-374.82452392578125
1.7758752983678492e+18,-374.78839111328125,-1249.1893310546875,-374.7554626464844,-74.95841979980469,-499.47576904296875,-374.69622802734375,-368.38262939453125,-374.7322692871094
1.7758752983688494e+18,-374.8807067871094,-1249.2918701171875,-375.12481689453125,-75.03224182128906,-500.5831298828125,-375.58856201171875,-381.61871337890625,-375.4395446777344
1.7758752983698493e+18,-374.7268371582031,-1249.8046875,-375.15557861328125,-75.08760070800781,-500.5831298828125,-375.0654602050781,-367.18212890625,-374.5784912109375
1.7758752983708493e+18,-374.81915283203125,-1250.215087890625,-375.3094787597656,-75.07530212402344,-500.3370361328125,-375.55780029296875,-383.52716064453125,-374.947509765625
1.7758752983718492e+18,-375.31146240234375,-1250.1124267578125,-374.8785705566406,-74.9707260131836,-500.4600830078125,-375.12701416015625,-368.9059143066406,-374.8860168457031
1.7758752983728492e+18,-375.0960998535156,-1251.03564453125,-374.69390869140625,-74.9645767211914,-500.1319885253906,-375.55780029296875,-377.740234375,-374.76300048828125
1.775875298373849e+18,-375.1576232910156,-1249.9073486328125,-375.001708984375,-75.00148010253906,-499.59881591796875,-374.72698974609375,-368.6904296875,-374.6707458496094
1.7758752983748493e+18,-375.0345458984375,-1250.83056640625,-375.37103271484375,-75.04454040527344,-500.2550354003906,-374.7577819824219,-368.8751220703125,-374.82452392578125
1.7758752983758492e+18,-374.9114685058594,-1250.83056640625,-375.2171325683594,-74.99533081054688,-499.68084716796875,-374.69622802734375,-373.2768859863281,-375.4087829589844
1.7758752983768492e+18,-375.0653076171875,-1250.6253662109375,-375.3402404785156,-75.05068969726562,-500.2140197753906,-375.61932373046875,-383.52716064453125,-375.3165283203125
1.775875298377849e+18,-374.7268371582031,-1249.4969482421875,-374.8785705566406,-75.05068969726562,-500.4600830078125,-375.2500915527344,-383.52716064453125,-375.4395446777344
1.775875298378849e+18,-375.1576232910156,-1249.8046875,-374.7554626464844,-74.92151641845703,-499.8448791503906,-375.2500915527344,-380.387451171875,-375.53179931640625
1.775875298379849e+18,-375.24993896484375,-1250.83056640625,-374.90936279296875,-74.95841979980469,-499.9679260253906,-375.3116149902344,-383.52716064453125,-375.16278076171875
1.7758752983808492e+18,-375.24993896484375,-1251.4459228515625,-375.1863708496094,-74.99533081054688,-499.8448791503906,-374.72698974609375,-366.87432861328125,-374.6400146484375
1.775875298381849e+18,-375.0653076171875,-1250.5228271484375,-375.46337890625,-75.06299591064453,-499.9679260253906,-374.7885437011719,-360.5640869140625,-374.947509765625
1.775875298382849e+18,-374.7268371582031,-1249.1893310546875,-374.8478088378906,-74.92766571044922,-499.72186279296875,-374.5116271972656,-366.53570556640625,-374.76300048828125
1.775875298383849e+18,-375.0653076171875,-1250.6253662109375,-375.12481689453125,-75.08145141601562,-500.4190673828125,-375.2193298339844,-383.52716064453125,-375.3780212402344
1.775875298384849e+18,-374.6960754394531,-1249.7021484375,-375.12481689453125,-75.07530212402344,-500.5831298828125,-375.09625244140625,-379.55633544921875,-374.76300048828125
1.775875298385849e+18,-374.9729919433594,-1249.9073486328125,-375.001708984375,-74.9399642944336,-499.68084716796875,-374.72698974609375,-367.1205749511719,-374.8860168457031
1.775875298386849e+18,-374.9729919433594,-1249.1893310546875,-375.001708984375,-74.99533081054688,-499.68084716796875,-374.97314453125,-374.26190185546875,-374.6707458496094
1.775875298387849e+18,-374.81915283203125,-1248.5738525390625,-374.66314697265625,-74.9645767211914,-499.47576904296875,-374.6039123535156,-370.10638427734375,-374.5784912109375
1.775875298388849e+18,-375.1883850097656,-1251.4459228515625,-374.90936279296875,-74.9707260131836,-499.80389404296875,-374.8193054199219,-377.5863037109375,-375.2242736816406
1.7758752983898488e+18,-374.78839111328125,-1249.3944091796875,-374.7862548828125,-75.00763702392578,-500.1319885253906,-375.61932373046875,-383.52716064453125,-375.16278076171875
1.7758752983908488e+18,-375.0037841796875,-1250.6253662109375,-375.1863708496094,-75.08145141601562,-500.2140197753906,-374.8193054199219,-368.7519836425781,-374.76300048828125
1.775875298391849e+18,-374.8807067871094,-1250.5228271484375,-375.4325866699219,-75.06299591064453,-500.0499572753906,-374.63470458984375,-360.47174072265625,-374.8860168457031
1.775875298392849e+18,-375.1268615722656,-1251.2408447265625,-375.1863708496094,-75.02608489990234,-499.76287841796875,-374.69622802734375,-368.1363525390625,-374.82452392578125
1.7758752983938488e+18,-375.21917724609375,-1250.0098876953125,-374.66314697265625,-74.9399642944336,-499.68084716796875,-374.8500671386719,-363.3652038574219,-374.947509765625
1.7758752983948488e+18,-375.31146240234375,-1251.2408447265625,-375.1863708496094,-75.09990692138672,-500.5831298828125,-375.2808532714844,-383.52716064453125,-375.4395446777344
1.7758752983958487e+18,-374.9729919433594,-1249.599609375,-374.6323547363281,-74.98918151855469,-500.1730041503906,-375.65008544921875,-383.52716064453125,-375.009033203125
1.7758752983968486e+18,-374.9422302246094,-1249.1893310546875,-375.001708984375,-75.03839111328125,-500.5831298828125,-375.09625244140625,-367.7977600097656,-374.5477600097656
1.7758752983978488e+18,-375.24993896484375,-1250.0098876953125,-374.7247009277344,-74.9707260131836,-499.9269104003906,-375.3116149902344,-381.28009033203125,-375.13201904296875
1.7758752983988488e+18,-375.31146240234375,-1250.83056640625,-375.0632629394531,-75.00148010253906,-499.8858947753906,-374.7577819824219,-360.748779296875,-374.82452392578125
1.7758752983998487e+18,-375.0960998535156,-1249.3944091796875,-374.90936279296875,-74.9707260131836,-500.0909729003906,-375.2193298339844,-383.52716064453125,-375.0705261230469
1.7758752984008486e+18,-375.31146240234375,-1251.4459228515625,-375.0632629394531,-74.95841979980469,-499.47576904296875,-374.880859375,-377.8017883300781,-375.47027587890625
1.7758752984018486e+18,-375.24993896484375,-1250.83056640625,-375.0940246582031,-75.00148010253906,-499.9679260253906,-374.4808349609375,-366.50494384765625,-374.82452392578125
1.7758752984028485e+18,-374.9114685058594,-1249.599609375,-374.66314697265625,-74.9522705078125,-499.8448791503906,-374.6039123535156,-365.36602783203125,-374.76300048828125
1.7758752984038487e+18,-374.8807067871094,-1249.599609375,-374.66314697265625,-74.98302459716797,-499.9269104003906,-374.66546630859375,-377.401611328125,-374.947509765625
1.7758752984048486e+18,-375.31146240234375,-1250.317626953125,-374.7862548828125,-74.92766571044922,-499.9269104003906,-375.12701416015625,-383.0962219238281,-375.5625305175781
1.7758752984058486e+18,-375.0037841796875,-1248.984130859375,-374.6015930175781,-74.9522705078125,-499.8448791503906,-374.5731506347656,-367.7362060546875,-375.0705261230469
1.7758752984068485e+18,-374.84991455078125,-1248.6763916015625,-374.8478088378906,-75.02608489990234,-500.3780517578125,-375.4962463378906,-381.06463623046875,-375.50103759765625
1.7758752984078484e+18,-375.3422546386719,-1251.2408447265625,-375.001708984375,-75.02608489990234,-500.1730041503906,-374.880859375,-373.1845397949219,-374.8860168457031
1.7758752984088486e+18,-375.31146240234375,-1251.2408447265625,-375.1863708496094,-75.07530212402344,-500.4600830078125,-375.12701416015625,-372.5997009277344,-374.7015075683594
1.7758752984098486e+18,-374.9114685058594,-1248.7789306640625,-374.69390869140625,-74.9645767211914,-499.51678466796875,-374.7885437011719,-371.8917236328125,-374.7322692871094
1.7758752984108485e+18,-374.8807067871094,-1249.7021484375,-375.001708984375,-75.00148010253906,-500.2550354003906,-375.0654602050781,-374.1387634277344,-375.2857971191406
1.7758752984118484e+18,-374.9729919433594,-1248.7789306640625,-374.7862548828125,-74.98302459716797,-499.51678466796875,-374.66546630859375,-362.8419189453125,-374.7322692871094
1.7758752984128484e+18,-375.0037841796875,-1248.984130859375,-374.69390869140625,-74.9645767211914,-499.80389404296875,-374.4193115234375,-365.58148193359375,-374.8552551269531
1.7758752984138483e+18,-375.0037841796875,-1249.086669921875,-374.57080078125,-74.98302459716797,-500.1730041503906,-375.58856201171875,-383.52716064453125,-375.13201904296875
1.7758752984148485e+18,-374.9422302246094,-1250.93310546875,-375.4325866699219,-75.00148010253906,-499.8448791503906,-374.5423889160156,-374.26190185546875,-375.2857971191406
1.7758752984158484e+18,-375.0345458984375,-1249.4969482421875,-374.7554626464844,-74.9707260131836,-499.8448791503906,-374.4500732421875,-368.04400634765625,-375.0705261230469
1.7758752984168484e+18,-375.1883850097656,-1250.215087890625,-375.15557861328125,-74.97687530517578,-499.9269104003906,-374.8193054199219,-360.65643310546875,-374.79376220703125
1.7758752984178483e+18,-374.84991455078125,-1248.5738525390625,-374.7247009277344,-74.9645767211914,-499.43475341796875,-374.69622802734375,-366.87432861328125,-374.5477600097656
1.7758752984188483e+18,-375.0345458984375,-1250.83056640625,-375.2171325683594,-75.08145141601562,-500.0499572753906,-374.69622802734375,-367.82855224609375,-374.82452392578125
1.7758752984198482e+18,-375.0345458984375,-1250.7279052734375,-375.2171325683594,-75.03839111328125,-500.2550354003906,-375.65008544921875,-383.52716064453125,-375.2242736816406
1.7758752984208484e+18,-374.634521484375,-1249.086669921875,-374.8785705566406,-74.9522705078125,-499.9269104003906,-375.09625244140625,-368.0747985839844,-375.1012878417969
1.7758752984218483e+18,-375.1268615722656,-1251.548583984375,-375.40179443359375,-75.03839111328125,-500.5831298828125,-375.55780029296875,-381.4955749511719,-375.4395446777344
1.7758752984228485e+18,-374.9422302246094,-1250.420166015625,-375.3402404785156,-75.07530212402344,-500.3370361328125,-375.18853759765625,-376.6628723144531,-374.7322692871094
1.7758752984238484e+18,-374.9114685058594,-1249.086669921875,-375.032470703125,-75.02608489990234,-500.6241455078125,-375.3731689453125,-375.3392639160156,-374.76300048828125
1.7758752984248486e+18,-375.1576232910156,-1251.2408447265625,-375.0632629394531,-74.97687530517578,-499.80389404296875,-374.6039123535156,-371.3068542480469,-375.19354248046875
1.7758752984258486e+18,-374.81915283203125,-1248.7789306640625,-374.7554626464844,-74.9707260131836,-499.51678466796875,-374.63470458984375,-367.9824523925781,-374.76300048828125
1.7758752984268485e+18,-375.24993896484375,-1249.599609375,-374.7554626464844,-75.01378631591797,-500.4600830078125,-375.5270080566406,-376.8167724609375,-374.6707458496094
1.7758752984278487e+18,-374.9422302246094,-1248.6763916015625,-374.7554626464844,-74.95841979980469,-499.68084716796875,-374.4808349609375,-366.5972900390625,-374.82452392578125
1.7758752984288486e+18,-374.8807067871094,-1248.984130859375,-374.5400390625,-74.94612121582031,-499.8448791503906,-374.5116271972656,-368.6904296875,-375.19354248046875
1.7758752984298488e+18,-374.81915283203125,-1249.2918701171875,-374.8478088378906,-74.92766571044922,-499.8448791503906,-375.2193298339844,-381.83416748046875,-375.50103759765625
1.7758752984308488e+18,-375.3422546386719,-1251.2408447265625,-375.1863708496094,-75.08760070800781,-500.5010986328125,-375.2500915527344,-383.52716064453125,-375.4395446777344
1.7758752984318487e+18,-374.8807067871094,-1248.7789306640625,-374.90936279296875,-75.00763702392578,-500.0089416503906,-375.12701416015625,-379.0330505371094,-375.47027587890625
1.775875298432849e+18,-375.28070068359375,-1250.420166015625,-375.3402404785156,-75.06914520263672,-500.2140197753906,-375.55780029296875,-383.52716064453125,-375.19354248046875
1.7758752984338488e+18,-374.84991455078125,-1249.086669921875,-374.8785705566406,-74.95841979980469,-500.0089416503906,-375.2808532714844,-383.52716064453125,-375.50103759765625
1.7758752984348488e+18,-375.1268615722656,-1251.548583984375,-375.37103271484375,-75.00148010253906,-499.8858947753906,-374.7885437011719,-379.55633544921875,-375.2550354003906
1.775875298435849e+18,-375.0960998535156,-1251.4459228515625,-375.3402404785156,-75.04454040527344,-500.3780517578125,-375.15777587890625,-378.140380859375,-375.009033203125
1.775875298436849e+18,-374.8807067871094,-1249.8046875,-374.9401550292969,-75.01378631591797,-500.2960205078125,-375.3731689453125,-380.6336975097656,-375.2550354003906
1.775875298437849e+18,-374.7268371582031,-1249.1893310546875,-375.001708984375,-75.03224182128906,-500.5010986328125,-375.3116149902344,-383.52716064453125,-374.7015075683594
1.775875298438849e+18,-375.0345458984375,-1251.753662109375,-375.2171325683594,-74.99533081054688,-499.72186279296875,-374.4193115234375,-367.08978271484375,-375.13201904296875
1.775875298439849e+18,-375.31146240234375,-1251.3433837890625,-375.1863708496094,-75.09375,-500.5831298828125,-375.2500915527344,-383.52716064453125,-375.50103759765625
1.7758752984408492e+18,-374.7268371582031,-1249.599609375,-375.12481689453125,-75.08760070800781,-500.2140197753906,-374.72698974609375,-367.3360290527344,-375.1012878417969
1.775875298441849e+18,-375.1576232910156,-1251.1383056640625,-375.001708984375,-74.9707260131836,-499.8448791503906,-374.66546630859375,-375.00067138671875,-375.2550354003906
1.7758752984428493e+18,-375.1576232910156,-1249.599609375,-374.8785705566406,-74.9399642944336,-499.9679260253906,-375.2193298339844,-383.52716064453125,-375.47027587890625
1.7758752984438492e+18,-375.1268615722656,-1250.6253662109375,-375.4325866699219,-75.07530212402344,-500.2960205078125,-375.61932373046875,-383.52716064453125,-375.13201904296875
1.7758752984448492e+18,-375.24993896484375,-1250.1124267578125,-374.69390869140625,-74.97687530517578,-499.72186279296875,-374.7885437011719,-360.2254943847656,-374.8860168457031
1.7758752984458493e+18,-374.81915283203125,-1250.317626953125,-375.3402404785156,-75.07530212402344,-500.0909729003906,-374.5731506347656,-365.55072021484375,-374.79376220703125
1.7758752984468493e+18,-374.8807067871094,-1248.7789306640625,-374.6323547363281,-74.9522705078125,-499.72186279296875,-374.4193115234375,-365.39678955078125,-374.8552551269531
1.7758752984478495e+18,-374.9422302246094,-1251.03564453125,-375.1863708496094,-74.98918151855469,-499.55780029296875,-374.69622802734375,-374.84674072265625,-375.47027587890625
1.7758752984488494e+18,-375.1576232910156,-1251.651123046875,-375.37103271484375,-75.01378631591797,-499.76287841796875,-374.7577819824219,-368.1055908203125,-374.82452392578125
1.7758752984498493e+18,-374.9114685058594,-1248.5738525390625,-375.001708984375,-75.03224182128906,-500.5421142578125,-375.0039367675781,-368.19793701171875,-374.947509765625
1.7758752984508495e+18,-375.1883850097656,-1250.1124267578125,-374.7862548828125,-74.9707260131836,-499.59881591796875,-374.9423828125,-375.4623718261719,-375.3472900390625
1.7758752984518495e+18,-374.6960754394531,-1249.599609375,-374.8478088378906,-74.9338150024414,-499.80389404296875,-374.8193054199219,-363.5498962402344,-374.76300048828125
1.7758752984528497e+18,-374.84991455078125,-1249.9073486328125,-374.8785705566406,-74.9399642944336,-499.8448791503906,-374.8193054199219,-363.6422424316406,-374.5784912109375
1.7758752984538496e+18,-375.24993896484375,-1250.7279052734375,-375.37103271484375,-75.04454040527344,-500.3370361328125,-375.12701416015625,-371.7685852050781,-375.0397644042969
1.7758752984548495e+18,-374.9422302246094,-1251.1383056640625,-375.3402404785156,-75.04454040527344,-499.9269104003906,-374.7577819824219,-361.79534912109375,-374.79376220703125
1.7758752984558497e+18,-374.9422302246094,-1249.8046875,-375.0940246582031,-74.9707260131836,-499.9679260253906,-375.18853759765625,-367.7977600097656,-374.8860168457031
1.7758752984568497e+18,-375.0345458984375,-1250.0098876953125,-374.8478088378906,-74.97687530517578,-499.76287841796875,-374.4500732421875,-365.76617431640625,-374.8860168457031
1.7758752984578496e+18,-375.0345458984375,-1249.3944091796875,-374.9401550292969,-74.98918151855469,-499.55780029296875,-374.5116271972656,-368.321044921875,-374.76300048828125
1.7758752984588498e+18,-375.0653076171875,-1251.3433837890625,-375.40179443359375,-75.03839111328125,-500.5010986328125,-375.09625244140625,-370.29107666015625,-374.82452392578125
1.7758752984598497e+18,-375.21917724609375,-1250.5228271484375,-374.9401550292969,-74.9522705078125,-499.63983154296875,-374.72698974609375,-363.9808349609375,-374.6092529296875
1.77587529846085e+18,-375.24993896484375,-1250.6253662109375,-375.4325866699219,-75.06914520263672,-500.1319885253906,-374.880859375,-376.72442626953125,-374.8552551269531
1.7758752984618499e+18,-375.1268615722656,-1251.548583984375,-375.40179443359375,-75.03224182128906,-500.5010986328125,-375.4346923828125,-376.4166259765625,-374.6707458496094
1.7758752984628498e+18,-374.9422302246094,-1249.3944091796875,-374.90936279296875,-75.00763702392578,-500.3370361328125,-375.2500915527344,-383.52716064453125,-375.2550354003906
1.77587529846385e+18,-374.8807067871094,-1248.47119140625,-374.9401550292969,-75.02608489990234,-500.6241455078125,-375.3424072265625,-374.6928405761719,-374.8552551269531
1.77587529846485e+18,-374.84991455078125,-1250.215087890625,-375.2786865234375,-75.07530212402344,-500.2960205078125,-375.18853759765625,-374.5389404296875,-374.76300048828125
1.77587529846585e+18,-374.78839111328125,-1249.7021484375,-375.1863708496094,-75.06914520263672,-500.5421142578125,-375.2500915527344,-383.52716064453125,-375.009033203125
1.77587529846685e+18,-375.1576232910156,-1249.8046875,-374.8170166015625,-74.92766571044922,-499.8858947753906,-375.18853759765625,-376.5089416503906,-375.50103759765625
1.77587529846785e+18,-375.28070068359375,-1250.420166015625,-374.6323547363281,-74.9399642944336,-499.68084716796875,-374.91162109375,-372.076416015625,-375.2550354003906
1.7758752984688502e+18,-375.0653076171875,-1250.6253662109375,-375.1863708496094,-75.08760070800781,-500.4190673828125,-374.9423828125,-365.0274353027344,-374.5784912109375
1.77587529846985e+18,-374.7268371582031,-1248.7789306640625,-374.7554626464844,-74.97687530517578,-499.47576904296875,-374.91162109375,-375.4623718261719,-375.19354248046875
1.7758752984708503e+18,-374.78839111328125,-1249.7021484375,-374.8785705566406,-75.03224182128906,-500.2550354003906,-375.61932373046875,-383.52716064453125,-375.0397644042969
1.7758752984718502e+18,-374.84991455078125,-1249.4969482421875,-375.3402404785156,-75.03224182128906,-499.76287841796875,-374.4500732421875,-371.5838928222656,-375.2550354003906
1.7758752984728502e+18,-374.81915283203125,-1248.984130859375,-374.8170166015625,-75.02608489990234,-500.5421142578125,-375.55780029296875,-379.1253967285156,-374.7015075683594
1.7758752984738504e+18,-374.81915283203125,-1250.0098876953125,-375.15557861328125,-75.08760070800781,-500.6241455078125,-375.3116149902344,-381.06463623046875,-374.76300048828125
1.7758752984748503e+18,-374.9114685058594,-1250.0098876953125,-375.3402404785156,-75.05068969726562,-500.2960205078125,-374.880859375,-368.6904296875,-374.82452392578125
1.7758752984758502e+18,-375.1576232910156,-1251.651123046875,-375.4325866699219,-75.04454040527344,-500.6241455078125,-375.5270080566406,-381.24932861328125,-375.50103759765625
1.7758752984768504e+18,-374.8807067871094,-1249.086669921875,-375.032470703125,-75.04454040527344,-500.4190673828125,-375.55780029296875,-381.46478271484375,-375.5625305175781
1.7758752984778504e+18,-374.7268371582031,-1249.8046875,-375.2171325683594,-75.05068969726562,-500.4600830078125,-375.3116149902344,-383.52716064453125,-375.19354248046875
1.7758752984788506e+18,-375.1883850097656,-1250.7279052734375,-375.494140625,-75.06299591064453,-500.0499572753906,-374.63470458984375,-368.38262939453125,-374.7322692871094
1.7758752984798505e+18,-375.31146240234375,-1251.4459228515625,-375.032470703125,-74.9399642944336,-499.72186279296875,-374.69622802734375,-367.05902099609375,-374.6400146484375
1.7758752984808504e+18,-374.78839111328125,-1248.5738525390625,-374.7554626464844,-74.97687530517578,-499.51678466796875,-374.72698974609375,-369.6754455566406,-374.79376220703125
1.7758752984818506e+18,-375.0037841796875,-1248.984130859375,-374.7554626464844,-75.01993560791016,-500.5010986328125,-375.5270080566406,-378.0172424316406,-374.76300048828125
1.7758752984828506e+18,-375.1883850097656,-1251.4459228515625,-375.3402404785156,-75.03839111328125,-500.4190673828125,-375.2500915527344,-377.12457275390625,-374.9167785644531
1.7758752984838508e+18,-374.84991455078125,-1249.4969482421875,-374.90936279296875,-74.9338150024414,-499.68084716796875,-374.4193115234375,-379.0946044921875,-375.0705261230469
1.7758752984848507e+18,-375.1268615722656,-1250.420166015625,-375.15557861328125,-75.04454040527344,-500.5831298828125,-375.5270080566406,-380.5413513183594,-375.5625305175781
1.7758752984858506e+18,-375.0037841796875,-1248.7789306640625,-374.6015930175781,-74.97687530517578,-500.0089416503906,-374.880859375,-375.123779296875,-375.19354248046875
1.7758752984868508e+18,-375.1883850097656,-1251.3433837890625,-375.3094787597656,-75.03839111328125,-500.5421142578125,-375.4039306640625,-378.54052734375,-375.2242736816406
1.7758752984878508e+18,-374.78839111328125,-1249.599609375,-375.0632629394531,-74.94612121582031,-499.8858947753906,-374.97314453125,-362.93426513671875,-374.947509765625
1.775875298488851e+18,-375.1268615722656,-1251.4459228515625,-375.37103271484375,-75.03839111328125,-499.9679260253906,-375.0039367675781,-370.1371765136719,-374.79376220703125
1.775875298489851e+18,-375.1268615722656,-1250.7279052734375,-375.2171325683594,-75.08145141601562,-500.3370361328125,-374.97314453125,-367.05902099609375,-374.7322692871094
1.7758752984908508e+18,-375.0653076171875,-1250.317626953125,-375.2479248046875,-75.06299591064453,-500.2140197753906,-375.58856201171875,-383.52716064453125,-375.16278076171875
1.775875298491851e+18,-374.8807067871094,-1248.5738525390625,-374.7554626464844,-74.9338150024414,-499.63983154296875,-374.8193054199219,-367.7362060546875,-374.8860168457031
1.775875298492851e+18,-374.81915283203125,-1249.4969482421875,-374.6015930175781,-74.97687530517578,-499.9269104003906,-374.7885437011719,-373.4000244140625,-375.2242736816406
1.7758752984938511e+18,-375.28070068359375,-1251.2408447265625,-375.2171325683594,-75.08760070800781,-500.5421142578125,-375.3116149902344,-383.52716064453125,-375.3780212402344
1.775875298494851e+18,-374.634521484375,-1249.4969482421875,-375.0940246582031,-75.08145141601562,-500.5421142578125,-375.0346984863281,-366.9974365234375,-374.5784912109375
1.775875298495851e+18,-375.1268615722656,-1251.1383056640625,-375.3094787597656,-75.02608489990234,-500.5831298828125,-375.5270080566406,-380.78759765625,-375.53179931640625
1.7758752984968512e+18,-375.0653076171875,-1248.881591796875,-374.6015930175781,-74.9522705078125,-499.80389404296875,-374.5116271972656,-370.4142150878906,-375.19354248046875
1.7758752984978511e+18,-374.81915283203125,-1250.0098876953125,-375.0632629394531,-75.03839111328125,-500.2140197753906,-375.6808776855469,-383.52716064453125,-375.19354248046875
1.775875298498851e+18,-375.1268615722656,-1250.83056640625,-375.2786865234375,-75.01378631591797,-499.9679260253906,-375.18853759765625,-375.98565673828125,-374.82452392578125
1.7758752984998513e+18,-375.3730163574219,-1251.2408447265625,-374.9709167480469,-74.9338150024414,-499.59881591796875,-374.66546630859375,-367.95166015625,-374.8552551269531
1.7758752985008512e+18,-375.24993896484375,-1250.6253662109375,-375.1863708496094,-75.05068969726562,-500.2960205078125,-375.3424072265625,-372.9998474121094,-375.0705261230469
1.7758752985018514e+18,-374.8807067871094,-1249.7021484375,-375.001708984375,-75.00148010253906,-500.2550354003906,-375.4346923828125,-383.3732604980469,-375.2857971191406
1.7758752985028513e+18,-374.9729919433594,-1250.6253662109375,-375.40179443359375,-75.07530212402344,-500.2140197753906,-375.0039367675781,-376.2626953125,-374.76300048828125
1.7758752985038513e+18,-375.21917724609375,-1250.6253662109375,-375.3402404785156,-75.06299591064453,-500.0909729003906,-375.2500915527344,-383.434814453125,-375.0397644042969
1.7758752985048515e+18,-375.31146240234375,-1250.83056640625,-375.46337890625,-75.08145141601562,-500.2960205078125,-375.58856201171875,-383.52716064453125,-375.16278076171875
1.7758752985058514e+18,-374.8807067871094,-1248.47119140625,-374.8785705566406,-74.98302459716797,-499.51678466796875,-374.7577819824219,-369.8908996582031,-374.8860168457031
1.7758752985068516e+18,-374.6960754394531,-1249.086669921875,-374.8478088378906,-74.9399642944336,-499.76287841796875,-374.8500671386719,-361.5491027832031,-374.947509765625
1.7758752985078515e+18,-375.28070068359375,-1250.317626953125,-375.001708984375,-75.01378631591797,-499.8858947753906,-374.5731506347656,-372.38421630859375,-374.82452392578125
1.7758752985088515e+18,-374.84991455078125,-1250.317626953125,-375.4325866699219,-75.06299591064453,-499.8448791503906,-374.8193054199219,-375.4931640625,-375.47027587890625
1.7758752985098516e+18,-374.9114685058594,-1249.7021484375,-374.8478088378906,-75.01378631591797,-500.0089416503906,-375.09625244140625,-383.52716064453125,-375.1012878417969
1.7758752985108516e+18,-375.31146240234375,-1251.4459228515625,-375.0940246582031,-74.9522705078125,-499.59881591796875,-374.66546630859375,-369.6754455566406,-375.19354248046875
1.7758752985118518e+18,-375.24993896484375,-1250.5228271484375,-375.37103271484375,-75.06299591064453,-500.2550354003906,-375.4039306640625,-383.52716064453125,-375.0705261230469
1.7758752985128517e+18,-375.1576232910156,-1251.4459228515625,-375.40179443359375,-75.04454040527344,-500.5010986328125,-375.5270080566406,-379.4331970214844,-375.0397644042969
1.7758752985138516e+18,-374.81915283203125,-1248.5738525390625,-374.90936279296875,-74.99533081054688,-500.1319885253906,-375.4654846191406,-379.3100891113281,-375.47027587890625
1.7758752985148518e+18,-375.1576232910156,-1250.83056640625,-375.3094787597656,-75.03839111328125,-500.6241455078125,-375.4346923828125,-378.3250732421875,-374.76300048828125
1.7758752985158518e+18,-375.31146240234375,-1251.3433837890625,-375.1863708496094,-75.08760070800781,-500.5010986328125,-375.3116149902344,-383.52716064453125,-375.53179931640625
1.775875298516852e+18,-374.7268371582031,-1249.4969482421875,-375.1863708496094,-75.05684661865234,-500.5421142578125,-375.2500915527344,-381.926513671875,-374.7322692871094
1.775875298517852e+18,-375.1576232910156,-1251.2408447265625,-375.37103271484375,-75.02608489990234,-500.5831298828125,-375.58856201171875,-381.55712890625,-375.3780212402344
1.7758752985188518e+18,-374.81915283203125,-1248.6763916015625,-374.7247009277344,-74.98918151855469,-499.59881591796875,-375.12701416015625,-377.5247497558594,-375.2550354003906
1.775875298519852e+18,-374.7575988769531,-1250.0098876953125,-375.001708984375,-74.99533081054688,-500.2550354003906,-375.0654602050781,-383.52716064453125,-375.3780212402344
1.775875298520852e+18,-374.6653137207031,-1249.1893310546875,-374.6323547363281,-74.94612121582031,-499.76287841796875,-374.4193115234375,-372.35345458984375,-374.8552551269531
1.775875298521852e+18,-375.0653076171875,-1250.0098876953125,-375.12481689453125,-75.03839111328125,-500.2550354003906,-375.2808532714844,-379.1561584472656,-375.3472900390625
1.775875298522852e+18,-374.9114685058594,-1248.7789306640625,-374.7862548828125,-74.95841979980469,-500.2550354003906,-375.12701416015625,-383.52716064453125,-375.47027587890625
1.775875298523852e+18,-375.24993896484375,-1251.1383056640625,-375.12481689453125,-75.05684661865234,-500.4600830078125,-375.18853759765625,-383.52716064453125,-375.4087829589844
1.775875298524852e+18,-375.1268615722656,-1249.1893310546875,-374.9401550292969,-74.98918151855469,-499.59881591796875,-374.8193054199219,-368.7519836425781,-374.6092529296875
1.775875298525852e+18,-375.31146240234375,-1251.03564453125,-375.2171325683594,-75.04454040527344,-500.2140197753906,-375.3731689453125,-373.9233093261719,-375.0397644042969
1.775875298526852e+18,-375.3730163574219,-1251.03564453125,-375.2479248046875,-75.01378631591797,-499.9269104003906,-374.880859375,-361.3028564453125,-374.76300048828125
1.775875298527852e+18,-375.0653076171875,-1249.8046875,-374.8785705566406,-74.97687530517578,-499.72186279296875,-374.4193115234375,-366.9666748046875,-375.0705261230469
1.775875298528852e+18,-375.0037841796875,-1249.1893310546875,-374.8478088378906,-74.98918151855469,-500.3780517578125,-375.3731689453125,-380.6029052734375,-374.6400146484375
1.775875298529852e+18,-375.24993896484375,-1251.4459228515625,-375.12481689453125,-74.9522705078125,-499.51678466796875,-374.8193054199219,-377.3400573730469,-375.50103759765625
1.775875298530852e+18,-375.1576232910156,-1251.3433837890625,-374.9709167480469,-74.95841979980469,-499.80389404296875,-374.69622802734375,-373.15374755859375,-375.2242736816406
1.775875298531852e+18,-375.0345458984375,-1249.2918701171875,-374.8170166015625,-74.97687530517578,-500.2960205078125,-375.3116149902344,-383.52716064453125,-374.6092529296875
1.775875298532852e+18,-375.0037841796875,-1250.0098876953125,-374.8170166015625,-75.01378631591797,-500.0089416503906,-375.18853759765625,-383.52716064453125,-375.13201904296875
1.775875298533852e+18,-375.0345458984375,-1248.5738525390625,-374.7554626464844,-74.9522705078125,-499.9269104003906,-374.9423828125,-383.52716064453125,-375.4395446777344
1.775875298534852e+18,-375.1883850097656,-1251.651123046875,-375.37103271484375,-75.04454040527344,-500.6241455078125,-375.55780029296875,-381.3108825683594,-375.5625305175781
1.775875298535852e+18,-375.1883850097656,-1251.4459228515625,-375.3402404785156,-75.02608489990234,-499.9679260253906,-375.0039367675781,-371.3684387207031,-374.76300048828125
1.775875298536852e+18,-374.9422302246094,-1248.984130859375,-374.8785705566406,-74.98918151855469,-499.51678466796875,-374.72698974609375,-366.53570556640625,-374.6092529296875
1.775875298537852e+18,-375.1268615722656,-1251.548583984375,-375.40179443359375,-75.03224182128906,-499.9679260253906,-374.91162109375,-369.52154541015625,-374.82452392578125
1.775875298538852e+18,-374.7268371582031,-1249.2918701171875,-374.8785705566406,-74.92151641845703,-499.72186279296875,-374.72698974609375,-360.9026794433594,-374.76300048828125
1.775875298539852e+18,-374.9114685058594,-1248.5738525390625,-374.90936279296875,-75.03224182128906,-500.3370361328125,-375.4346923828125,-380.5413513183594,-375.50103759765625
1.775875298540852e+18,-375.1576232910156,-1251.651123046875,-375.37103271484375,-75.03224182128906,-500.6651611328125,-375.58856201171875,-381.06463623046875,-375.53179931640625
1.775875298541852e+18,-374.9729919433594,-1249.9073486328125,-374.7554626464844,-74.97687530517578,-499.9679260253906,-374.6039123535156,-368.9059143066406,-375.16278076171875
1.7758752985428518e+18,-374.81915283203125,-1249.599609375,-374.8170166015625,-74.9338150024414,-499.72186279296875,-374.8193054199219,-373.4000244140625,-375.009033203125
1.775875298543852e+18,-375.0653076171875,-1250.1124267578125,-375.1863708496094,-75.00763702392578,-499.72186279296875,-374.91162109375,-372.16876220703125,-374.6400146484375
1.775875298544852e+18,-374.8807067871094,-1248.6763916015625,-374.7862548828125,-74.97687530517578,-499.63983154296875,-374.880859375,-373.67706298828125,-374.7322692871094
1.775875298545852e+18,-375.0345458984375,-1249.599609375,-375.1863708496094,-75.03839111328125,-500.3370361328125,-375.4039306640625,-379.9872741699219,-375.50103759765625
1.7758752985468518e+18,-374.7575988769531,-1248.5738525390625,-374.7554626464844,-74.98918151855469,-499.8858947753906,-375.18853759765625,-379.4024353027344,-375.5932922363281
1.775875298547852e+18,-375.1883850097656,-1250.6253662109375,-375.032470703125,-74.98918151855469,-499.63983154296875,-374.4193115234375,-365.9200744628906,-375.1012878417969
1.775875298548852e+18,-375.1268615722656,-1250.0098876953125,-375.1863708496094,-75.06299591064453,-500.1730041503906,-375.55780029296875,-383.52716064453125,-375.2550354003906
1.775875298549852e+18,-375.3422546386719,-1250.6253662109375,-375.001708984375,-74.9645767211914,-499.68084716796875,-374.8193054199219,-363.4575500488281,-375.0705261230469
1.7758752985508518e+18,-375.1576232910156,-1251.548583984375,-375.2479248046875,-75.00148010253906,-499.59881591796875,-374.5731506347656,-367.7977600097656,-374.82452392578125
1.775875298551852e+18,-375.21917724609375,-1250.83056640625,-374.7247009277344,-74.97687530517578,-500.3370361328125,-375.4346923828125,-380.5413513183594,-374.7322692871094
1.775875298552852e+18,-374.8807067871094,-1249.4969482421875,-374.66314697265625,-74.9645767211914,-499.80389404296875,-374.4808349609375,-366.1663513183594,-374.8860168457031
1.775875298553852e+18,-374.7268371582031,-1249.1893310546875,-374.8170166015625,-74.92766571044922,-499.8858947753906,-374.9423828125,-368.3518371582031,-374.79376220703125
1.7758752985548518e+18,-374.9422302246094,-1249.599609375,-374.6015930175781,-74.9645767211914,-499.59881591796875,-374.63470458984375,-372.107177734375,-374.8552551269531
1.775875298555852e+18,-374.8807067871094,-1249.4969482421875,-374.8170166015625,-74.9522705078125,-499.9269104003906,-375.3731689453125,-383.52716064453125,-375.2550354003906
1.775875298556852e+18,-375.0960998535156,-1249.086669921875,-374.8785705566406,-74.97687530517578,-499.51678466796875,-374.69622802734375,-365.4891357421875,-374.6092529296875
1.775875298557852e+18,-374.8807067871094,-1249.8046875,-374.8170166015625,-75.00148010253906,-500.2960205078125,-375.4654846191406,-382.1419982910156,-375.2857971191406
1.7758752985588518e+18,-374.84991455078125,-1248.47119140625,-374.8478088378906,-74.99533081054688,-499.9269104003906,-375.2193298339844,-379.6178894042969,-375.53179931640625
1.775875298559852e+18,-375.31146240234375,-1250.420166015625,-374.69390869140625,-74.94612121582031,-499.72186279296875,-374.7885437011719,-364.2886657714844,-375.1012878417969
1.775875298560852e+18,-374.9114685058594,-1248.7789306640625,-374.7862548828125,-74.97687530517578,-499.51678466796875,-374.91162109375,-373.3692321777344,-374.76300048828125
1.775875298561852e+18,-375.1883850097656,-1251.4459228515625,-375.37103271484375,-75.03839111328125,-500.6241455078125,-375.55780029296875,-381.46478271484375,-375.53179931640625
1.7758752985628518e+18,-375.1268615722656,-1250.215087890625,-375.2171325683594,-75.03839111328125,-500.4190673828125,-375.4962463378906,-380.8491516113281,-375.5625305175781
1.7758752985638518e+18,-374.8807067871094,-1248.984130859375,-374.6015930175781,-74.95841979980469,-499.80389404296875,-374.4500732421875,-366.72039794921875,-374.947509765625
1.775875298564852e+18,-374.6653137207031,-1249.599609375,-374.90936279296875,-74.9645767211914,-500.1319885253906,-375.09625244140625,-383.52716064453125,-375.3472900390625
1.775875298565852e+18,-375.1883850097656,-1250.420166015625,-375.4325866699219,-75.07530212402344,-500.2140197753906,-375.58856201171875,-379.37164306640625,-375.3165283203125
1.7758752985668518e+18,-375.1268615722656,-1251.4459228515625,-375.37103271484375,-75.04454040527344,-500.3370361328125,-375.2193298339844,-378.0172424316406,-375.0705261230469
1.7758752985678518e+18,-375.1268615722656,-1251.651123046875,-375.4325866699219,-75.03224182128906,-499.72186279296875,-374.7885437011719,-369.2445068359375,-374.8552551269531
1.775875298568852e+18,-375.1576232910156,-1251.4459228515625,-375.37103271484375,-75.03839111328125,-500.5831298828125,-375.4654846191406,-378.3250732421875,-375.0705261230469
1.775875298569852e+18,-374.78839111328125,-1249.2918701171875,-374.90936279296875,-74.92766571044922,-499.68084716796875,-374.7577819824219,-361.5491027832031,-374.79376220703125
1.7758752985708518e+18,-375.28070068359375,-1250.7279052734375,-375.2479248046875,-75.03839111328125,-499.9679260253906,-374.66546630859375,-361.4567565917969,-374.79376220703125
1.7758752985718518e+18,-375.0037841796875,-1250.0098876953125,-375.12481689453125,-75.04454040527344,-500.5831298828125,-375.55780029296875,-381.8649597167969,-375.3472900390625
1.775875298572852e+18,-375.0653076171875,-1250.215087890625,-375.12481689453125,-74.94612121582031,-499.76287841796875,-374.8500671386719,-362.74957275390625,-374.7015075683594
1.775875298573852e+18,-375.0037841796875,-1249.7021484375,-375.032470703125,-74.9522705078125,-499.80389404296875,-374.8193054199219,-360.5948791503906,-374.79376220703125
1.7758752985748518e+18,-375.0037841796875,-1250.215087890625,-375.1863708496094,-75.07530212402344,-500.5421142578125,-375.2808532714844,-383.52716064453125,-375.50103759765625
1.7758752985758518e+18,-375.1268615722656,-1251.548583984375,-375.4325866699219,-75.02608489990234,-500.2550354003906,-375.0654602050781,-372.9690856933594,-374.6400146484375
1.775875298576852e+18,-375.1576232910156,-1251.753662109375,-375.40179443359375,-75.03839111328125,-500.5010986328125,-375.4654846191406,-379.55633544921875,-375.2857971191406
1.775875298577852e+18,-374.84991455078125,-1248.5738525390625,-374.7554626464844,-74.98302459716797,-499.63983154296875,-375.0039367675781,-375.1545715332031,-374.9167785644531
1.7758752985788518e+18,-374.84991455078125,-1249.7021484375,-374.57080078125,-74.9645767211914,-499.8448791503906,-374.4500732421875,-365.5199279785156,-374.82452392578125
1.7758752985798518e+18,-374.8807067871094,-1249.086669921875,-374.8785705566406,-74.9522705078125,-499.9679260253906,-375.18853759765625,-383.52716064453125,-375.50103759765625
1.775875298580852e+18,-374.9729919433594,-1249.9073486328125,-375.0940246582031,-75.00148010253906,-500.3370361328125,-375.3731689453125,-380.2643127441406,-375.4395446777344
1.775875298581852e+18,-375.28070068359375,-1250.5228271484375,-375.15557861328125,-75.04454040527344,-500.0089416503906,-375.0039367675781,-383.52716064453125,-375.009033203125
1.7758752985828518e+18,-374.8807067871094,-1248.881591796875,-374.7862548828125,-74.9522705078125,-500.2550354003906,-375.09625244140625,-383.52716064453125,-375.4395446777344
1.7758752985838518e+18,-374.9729919433594,-1249.599609375,-374.6323547363281,-74.9645767211914,-499.63983154296875,-374.69622802734375,-371.8917236328125,-374.82452392578125
1.775875298584852e+18,-375.1268615722656,-1250.5228271484375,-375.15557861328125,-75.03839111328125,-500.4190673828125,-375.4039306640625,-380.9722900390625,-375.4395446777344
1.775875298585852e+18,-374.9422302246094,-1249.599609375,-374.6323547363281,-74.9522705078125,-499.47576904296875,-374.7577819824219,-371.7378234863281,-374.9167785644531
1.7758752985868518e+18,-375.31146240234375,-1250.420166015625,-375.37103271484375,-75.03839111328125,-500.3370361328125,-375.0346984863281,-372.4765625,-375.13201904296875
1.7758752985878518e+18,-375.0345458984375,-1249.8046875,-375.001708984375,-75.04454040527344,-500.0909729003906,-375.4346923828125,-383.52716064453125,-375.2242736816406
1.7758752985888517e+18,-375.24993896484375,-1250.93310546875,-375.15557861328125,-75.08145141601562,-500.4600830078125,-375.2193298339844,-383.52716064453125,-375.4395446777344
1.775875298589852e+18,-375.1576232910156,-1250.83056640625,-375.1863708496094,-75.08760070800781,-500.4600830078125,-375.09625244140625,-380.418212890625,-374.9167785644531
1.7758752985908518e+18,-375.24993896484375,-1250.6253662109375,-375.4325866699219,-75.06299591064453,-500.1319885253906,-374.91162109375,-375.21612548828125,-374.8860168457031
1.7758752985918518e+18,-375.31146240234375,-1251.2408447265625,-375.2171325683594,-75.07530212402344,-500.5421142578125,-375.2500915527344,-383.52716064453125,-375.47027587890625
1.7758752985928517e+18,-375.31146240234375,-1250.7279052734375,-375.494140625,-75.06914520263672,-500.2960205078125,-375.61932373046875,-383.52716064453125,-375.3165283203125
1.775875298593852e+18,-375.3422546386719,-1251.4459228515625,-375.1863708496094,-75.07530212402344,-500.5831298828125,-375.2808532714844,-383.52716064453125,-375.4395446777344
1.7758752985948518e+18,-374.9422302246094,-1249.8046875,-374.7862548828125,-74.97687530517578,-499.9679260253906,-374.5731506347656,-367.3052673339844,-374.8860168457031
1.7758752985958518e+18,-374.8807067871094,-1248.6763916015625,-374.7554626464844,-74.92151641845703,-499.8858947753906,-374.9423828125,-383.52716064453125,-375.47027587890625
1.7758752985968517e+18,-375.21917724609375,-1250.6253662109375,-374.9401550292969,-75.00148010253906,-500.0089416503906,-374.91162109375,-369.52154541015625,-374.79376220703125
1.775875298597852e+18,-375.0960998535156,-1250.5228271484375,-375.37103271484375,-75.05068969726562,-500.2550354003906,-375.58856201171875,-383.52716064453125,-375.2857971191406
1.7758752985988518e+18,-375.0653076171875,-1249.2918701171875,-374.7554626464844,-74.9522705078125,-499.8448791503906,-374.5116271972656,-371.0914001464844,-375.19354248046875
1.7758752985998518e+18,-375.0345458984375,-1250.6253662109375,-375.4325866699219,-75.08145141601562,-500.2140197753906,-375.3116149902344,-381.0338439941406,-374.8860168457031
1.7758752986008517e+18,-375.0960998535156,-1251.4459228515625,-375.40179443359375,-75.03224182128906,-500.6241455078125,-375.5270080566406,-381.46478271484375,-375.53179931640625
1.775875298601852e+18,-375.24993896484375,-1251.1383056640625,-375.15557861328125,-75.07530212402344,-500.5010986328125,-375.2500915527344,-383.52716064453125,-375.3780212402344
1.7758752986028518e+18,-375.3422546386719,-1251.3433837890625,-375.1863708496094,-75.07530212402344,-500.4190673828125,-375.0346984863281,-373.7386169433594,-374.7015075683594
1.7758752986038518e+18,-375.0345458984375,-1249.9073486328125,-374.7862548828125,-74.97687530517578,-499.8858947753906,-374.3885192871094,-367.3668212890625,-374.5477600097656
1.7758752986048517e+18,-375.31146240234375,-1251.2408447265625,-375.12481689453125,-75.06299591064453,-500.4190673828125,-375.09625244140625,-381.9573059082031,-375.009033203125
1.775875298605852e+18,-375.1576232910156,-1250.83056640625,-375.1863708496094,-75.03224182128906,-500.2960205078125,-375.12701416015625,-379.0330505371094,-375.3165283203125
1.7758752986068518e+18,-375.3422546386719,-1251.4459228515625,-375.1863708496094,-75.07530212402344,-500.4190673828125,-375.12701416015625,-383.52716064453125,-375.0397644042969
1.7758752986078518e+18,-375.21917724609375,-1251.03564453125,-375.1863708496094,-75.09375,-500.5421142578125,-375.18853759765625,-383.52716064453125,-375.2857971191406
1.7758752986088517e+18,-374.9422302246094,-1248.5738525390625,-374.8785705566406,-75.01378631591797,-500.1730041503906,-375.3116149902344,-379.648681640625,-375.5625305175781
1.7758752986098516e+18,-374.6653137207031,-1249.599609375,-374.90936279296875,-75.03839111328125,-500.5010986328125,-375.2500915527344,-383.52716064453125,-375.4395446777344
1.7758752986108518e+18,-375.3730163574219,-1250.7279052734375,-375.4325866699219,-75.08145141601562,-500.3370361328125,-375.55780029296875,-383.52716064453125,-375.16278076171875
1.7758752986118518e+18,-375.24993896484375,-1250.7279052734375,-375.46337890625,-75.05068969726562,-500.3370361328125,-375.2193298339844,-373.12298583984375,-375.16278076171875
1.7758752986128517e+18,-374.9422302246094,-1248.7789306640625,-374.6323547363281,-74.9645767211914,-499.80389404296875,-374.4193115234375,-365.8893127441406,-374.8860168457031
1.7758752986138516e+18,-374.7268371582031,-1248.6763916015625,-374.7247009277344,-74.9707260131836,-499.47576904296875,-374.7577819824219,-370.8143615722656,-374.82452392578125
1.7758752986148518e+18,-374.6653137207031,-1249.086669921875,-374.8170166015625,-74.9522705078125,-499.9679260253906,-375.2500915527344,-374.2003479003906,-375.3165283203125
1.7758752986158518e+18,-375.24993896484375,-1251.1383056640625,-375.001708984375,-74.9522705078125,-499.76287841796875,-374.7885437011719,-363.026611328125,-374.6092529296875
1.7758752986168517e+18,-375.1883850097656,-1250.1124267578125,-375.12481689453125,-74.95841979980469,-499.80389404296875,-374.880859375,-361.24127197265625,-374.76300048828125
1.7758752986178516e+18,-375.0960998535156,-1251.4459228515625,-375.3094787597656,-75.02608489990234,-500.3370361328125,-375.4039306640625,-378.78680419921875,-375.0397644042969
1.7758752986188518e+18,-375.1576232910156,-1251.651123046875,-375.40179443359375,-75.04454040527344,-500.6241455078125,-375.4962463378906,-381.0338439941406,-375.53179931640625
1.7758752986198518e+18,-374.7575988769531,-1249.1893310546875,-374.7862548828125,-74.9399642944336,-499.76287841796875,-374.4193115234375,-376.0780029296875,-374.978271484375
1.7758752986208517e+18,-374.9114685058594,-1249.599609375,-375.2479248046875,-75.05068969726562,-500.5831298828125,-375.2808532714844,-372.2918701171875,-374.82452392578125
1.7758752986218516e+18,-375.31146240234375,-1251.2408447265625,-375.001708984375,-74.97687530517578,-499.9269104003906,-374.7885437011719,-365.4891357421875,-374.6092529296875
1.7758752986228518e+18,-375.28070068359375,-1250.6253662109375,-375.494140625,-75.07530212402344,-500.2960205078125,-375.55780029296875,-380.87994384765625,-375.2242736816406
1.7758752986238518e+18,-375.28070068359375,-1250.6253662109375,-375.4325866699219,-75.07530212402344,-500.2550354003906,-375.4346923828125,-383.52716064453125,-375.0705261230469
1.7758752986248517e+18,-375.0345458984375,-1250.317626953125,-374.7862548828125,-74.97687530517578,-499.8858947753906,-374.5423889160156,-366.812744140625,-374.9167785644531
1.7758752986258516e+18,-374.81915283203125,-1250.215087890625,-375.1863708496094,-75.07530212402344,-500.0909729003906,-374.66546630859375,-369.4599609375,-375.2242736816406
1.7758752986268516e+18,-374.84991455078125,-1248.5738525390625,-374.8478088378906,-74.99533081054688,-500.4600830078125,-375.5270080566406,-380.87994384765625,-375.47027587890625
1.7758752986278515e+18,-375.1268615722656,-1249.9073486328125,-375.0940246582031,-75.03839111328125,-500.3370361328125,-375.2808532714844,-380.1719665527344,-375.53179931640625
1.7758752986288515e+18,-374.6960754394531,-1249.3944091796875,-374.8478088378906,-74.92766571044922,-499.72186279296875,-374.72698974609375,-362.1955261230469,-374.6707458496094
1.7758752986298514e+18,-374.7268371582031,-1249.086669921875,-374.7554626464844,-74.9338150024414,-499.72186279296875,-374.63470458984375,-362.1339416503906,-374.7322692871094
1.7758752986308516e+18,-374.7575988769531,-1248.984130859375,-374.7554626464844,-74.98302459716797,-499.8858947753906,-375.15777587890625,-378.8483581542969,-375.53179931640625
1.7758752986318515e+18,-375.28070068359375,-1251.2408447265625,-375.2479248046875,-75.08760070800781,-500.5421142578125,-375.2500915527344,-383.52716064453125,-375.2550354003906
1.7758752986328515e+18,-374.84991455078125,-1249.9073486328125,-375.40179443359375,-75.03224182128906,-499.68084716796875,-375.0346984863281,-381.0338439941406,-375.4395446777344
1.7758752986338514e+18,-375.0345458984375,-1250.5228271484375,-374.7862548828125,-74.9707260131836,-499.80389404296875,-374.4500732421875,-367.95166015625,-374.5784912109375
1.7758752986348513e+18,-374.8807067871094,-1249.8046875,-374.7862548828125,-74.98918151855469,-500.0909729003906,-374.91162109375,-373.584716796875,-375.2857971191406
1.7758752986358513e+18,-374.8807067871094,-1250.0098876953125,-375.2479248046875,-75.03839111328125,-500.2960205078125,-374.8193054199219,-367.85931396484375,-374.8552551269531
1.7758752986368512e+18,-375.0037841796875,-1249.2918701171875,-374.9401550292969,-75.03839111328125,-500.3370361328125,-375.4346923828125,-380.51055908203125,-375.53179931640625
1.7758752986378514e+18,-374.78839111328125,-1249.3944091796875,-374.7862548828125,-74.99533081054688,-500.2550354003906,-375.18853759765625,-375.7086486816406,-375.2242736816406
1.7758752986388513e+18,-375.0037841796875,-1250.317626953125,-374.9709167480469,-74.99533081054688,-500.1730041503906,-374.91162109375,-370.568115234375,-375.0705261230469
1.7758752986398513e+18,-375.28070068359375,-1250.5228271484375,-375.494140625,-75.08145141601562,-500.3370361328125,-375.55780029296875,-383.52716064453125,-375.13201904296875
1.7758752986408512e+18,-375.24993896484375,-1250.215087890625,-374.7862548828125,-74.98918151855469,-499.8448791503906,-374.7577819824219,-361.7030029296875,-374.7015075683594
1.7758752986418511e+18,-374.6960754394531,-1250.0098876953125,-374.90936279296875,-74.95841979980469,-499.8858947753906,-374.880859375,-364.04241943359375,-374.6092529296875
1.775875298642851e+18,-375.0653076171875,-1249.7021484375,-375.001708984375,-75.01378631591797,-500.0089416503906,-375.0039367675781,-373.98486328125,-374.8860168457031
1.775875298643851e+18,-374.7575988769531,-1248.47119140625,-374.9709167480469,-75.03224182128906,-500.5421142578125,-375.2193298339844,-371.6762390136719,-374.8552551269531
1.775875298644851e+18,-374.81915283203125,-1249.3944091796875,-374.69390869140625,-74.9399642944336,-499.63983154296875,-374.7577819824219,-362.257080078125,-374.7322692871094
1.7758752986458511e+18,-374.8807067871094,-1250.215087890625,-375.40179443359375,-75.02608489990234,-499.72186279296875,-374.4500732421875,-371.8609313964844,-375.2550354003906
1.775875298646851e+18,-374.84991455078125,-1250.317626953125,-375.46337890625,-75.07530212402344,-500.0089416503906,-374.7885437011719,-361.02581787109375,-375.1012878417969
1.775875298647851e+18,-375.0653076171875,-1250.6253662109375,-375.2786865234375,-74.98302459716797,-499.72186279296875,-375.0346984863281,-380.78759765625,-375.50103759765625
1.775875298648851e+18,-374.6960754394531,-1249.2918701171875,-375.12481689453125,-75.08145141601562,-500.5421142578125,-375.18853759765625,-383.52716064453125,-374.8552551269531
1.775875298649851e+18,-375.24993896484375,-1251.3433837890625,-375.2171325683594,-75.08145141601562,-500.3370361328125,-374.91162109375,-364.8427429199219,-374.5784912109375
1.7758752986508508e+18,-375.0345458984375,-1249.3944091796875,-375.001708984375,-75.03839111328125,-500.1319885253906,-375.18853759765625,-379.0330505371094,-375.2857971191406
1.7758752986518508e+18,-375.21917724609375,-1250.7279052734375,-375.12481689453125,-75.04454040527344,-500.1319885253906,-375.2808532714844,-372.01483154296875,-375.0705261230469
1.775875298652851e+18,-374.8807067871094,-1250.93310546875,-375.3094787597656,-75.05068969726562,-499.76287841796875,-374.72698974609375,-365.0581970214844,-375.3165283203125
1.775875298653851e+18,-375.1576232910156,-1251.1383056640625,-375.1863708496094,-75.08760070800781,-500.4600830078125,-375.3116149902344,-368.9982604980469,-374.978271484375
1.7758752986548508e+18,-375.1576232910156,-1250.7279052734375,-375.15557861328125,-75.03839111328125,-500.0909729003906,-375.0346984863281,-375.2776794433594,-374.9167785644531
1.7758752986558508e+18,-375.31146240234375,-1250.215087890625,-374.6323547363281,-74.9522705078125,-499.76287841796875,-374.7577819824219,-361.0873718261719,-375.009033203125
1.7758752986568507e+18,-375.0037841796875,-1250.0098876953125,-375.1863708496094,-74.98918151855469,-499.9679260253906,-375.2193298339844,-367.2436828613281,-374.978271484375
1.7758752986578506e+18,-374.84991455078125,-1249.3944091796875,-374.90936279296875,-75.04454040527344,-500.2550354003906,-375.58856201171875,-383.52716064453125,-375.009033203125
1.7758752986588506e+18,-374.84991455078125,-1249.4969482421875,-374.66314697265625,-74.9338150024414,-499.72186279296875,-374.8500671386719,-362.0723876953125,-374.947509765625
1.7758752986598505e+18,-374.9729919433594,-1248.984130859375,-374.7247009277344,-75.02608489990234,-500.5010986328125,-375.61932373046875,-381.7110595703125,-374.7015075683594
1.7758752986608507e+18,-375.21917724609375,-1251.4459228515625,-374.9709167480469,-74.97687530517578,-499.59881591796875,-375.12701416015625,-379.18695068359375,-375.47027587890625
1.7758752986618506e+18,-375.21917724609375,-1249.9073486328125,-374.7862548828125,-74.9707260131836,-499.68084716796875,-375.0654602050781,-379.0638427734375,-375.53179931640625
1.7758752986628506e+18,-374.6653137207031,-1249.3944091796875,-375.1863708496094,-75.09375,-500.5421142578125,-375.12701416015625,-366.1971130371094,-374.5169982910156
1.7758752986638505e+18,-374.9422302246094,-1249.4969482421875,-374.6015930175781,-74.99533081054688,-500.1730041503906,-375.65008544921875,-383.52716064453125,-375.0397644042969
1.7758752986648504e+18,-375.28070068359375,-1250.0098876953125,-374.7862548828125,-74.9338150024414,-500.0089416503906,-375.18853759765625,-383.52716064453125,-375.0705261230469
1.7758752986658504e+18,-374.9422302246094,-1250.1124267578125,-375.0940246582031,-74.9522705078125,-499.8448791503906,-374.8193054199219,-361.21051025390625,-374.76300048828125
1.7758752986668503e+18,-375.31146240234375,-1251.1383056640625,-375.001708984375,-74.9522705078125,-499.59881591796875,-374.6039123535156,-371.4915466308594,-375.2550354003906
1.7758752986678505e+18,-374.6653137207031,-1249.3944091796875,-374.8170166015625,-74.94612121582031,-499.51678466796875,-374.66546630859375,-364.22711181640625,-374.5784912109375
1.7758752986688504e+18,-374.78839111328125,-1248.7789306640625,-374.7554626464844,-75.00763702392578,-500.5421142578125,-375.55780029296875,-379.8641357421875,-374.7015075683594
1.7758752986698504e+18,-375.31146240234375,-1250.0098876953125,-374.8785705566406,-74.94612121582031,-500.2550354003906,-375.3116149902344,-383.52716064453125,-374.6400146484375
1.7758752986708503e+18,-375.1268615722656,-1251.4459228515625,-375.37103271484375,-75.03839111328125,-499.68084716796875,-374.63470458984375,-366.2586975097656,-374.8860168457031
1.7758752986718502e+18,-375.31146240234375,-1249.9073486328125,-374.8478088378906,-75.00763702392578,-500.5421142578125,-375.0654602050781,-368.4749450683594,-375.1012878417969
1.7758752986728502e+18,-375.1576232910156,-1251.4459228515625,-375.40179443359375,-75.03839111328125,-500.6241455078125,-375.4346923828125,-380.9722900390625,-375.47027587890625
1.77587529867385e+18,-375.0653076171875,-1250.317626953125,-375.0632629394531,-75.00148010253906,-499.72186279296875,-375.0039367675781,-373.584716796875,-374.7015075683594
1.77587529867485e+18,-375.0345458984375,-1249.3944091796875,-374.8478088378906,-74.97687530517578,-500.3370361328125,-375.2808532714844,-383.52716064453125,-374.76300048828125
1.7758752986758502e+18,-375.3422546386719,-1250.6253662109375,-374.8478088378906,-74.9645767211914,-499.59881591796875,-374.97314453125,-377.77099609375,-375.53179931640625
1.7758752986768502e+18,-374.81915283203125,-1249.3944091796875,-375.0632629394531,-75.07530212402344,-500.1730041503906,-374.63470458984375,-361.2720642089844,-374.947509765625
1.77587529867785e+18,-375.0037841796875,-1250.5228271484375,-375.46337890625,-75.08145141601562,-500.0499572753906,-374.5731506347656,-365.1505432128906,-374.7322692871094
1.77587529867885e+18,-374.84991455078125,-1250.317626953125,-375.3094787597656,-75.07530212402344,-500.2960205078125,-374.7577819824219,-368.9366760253906,-374.76300048828125
1.77587529867985e+18,-375.21917724609375,-1250.420166015625,-375.5249328613281,-75.06914520263672,-500.2550354003906,-375.6808776855469,-383.52716064453125,-375.2550354003906
1.77587529868085e+18,-374.78839111328125,-1249.9073486328125,-375.1863708496094,-75.04454040527344,-500.5010986328125,-375.3424072265625,-383.52716064453125,-375.3780212402344
1.7758752986818499e+18,-374.81915283203125,-1249.3944091796875,-374.57080078125,-74.9645767211914,-499.8858947753906,-374.6039123535156,-368.19793701171875,-375.009033203125
1.7758752986828498e+18,-375.28070068359375,-1251.1383056640625,-375.0632629394531,-75.03224182128906,-500.3370361328125,-375.0346984863281,-383.52716064453125,-375.3165283203125
1.77587529868385e+18,-375.3730163574219,-1251.03564453125,-375.2786865234375,-74.99533081054688,-499.9269104003906,-374.8500671386719,-361.3028564453125,-374.76300048828125
1.77587529868485e+18,-374.78839111328125,-1248.7789306640625,-375.032470703125,-75.04454040527344,-500.0909729003906,-374.5731506347656,-366.0740051269531,-375.1012878417969
1.7758752986858499e+18,-374.84991455078125,-1249.1893310546875,-374.6015930175781,-74.9707260131836,-499.9679260253906,-374.72698974609375,-372.6612548828125,-375.19354248046875
1.7758752986868498e+18,-374.9729919433594,-1250.6253662109375,-375.2171325683594,-75.02608489990234,-500.5831298828125,-375.5270080566406,-381.156982421875,-375.5625305175781
1.7758752986878497e+18,-375.0960998535156,-1251.548583984375,-375.3094787597656,-75.00148010253906,-499.72186279296875,-374.4500732421875,-372.9998474121094,-375.2550354003906
1.7758752986888497e+18,-374.8807067871094,-1248.7789306640625,-374.9401550292969,-75.03224182128906,-500.5421142578125,-375.4962463378906,-381.46478271484375,-375.4395446777344
1.7758752986898496e+18,-375.0037841796875,-1249.9073486328125,-375.2171325683594,-75.02608489990234,-500.5831298828125,-375.4654846191406,-377.0630187988281,-374.6707458496094
1.7758752986908498e+18,-375.21917724609375,-1249.7021484375,-374.8478088378906,-74.95841979980469,-500.3370361328125,-375.3424072265625,-374.5389404296875,-374.6092529296875
1.7758752986918497e+18,-375.1576232910156,-1251.2408447265625,-375.1863708496094,-75.04454040527344,-500.0089416503906,-374.7885437011719,-367.3052673339844,-374.6707458496094
1.7758752986928497e+18,-374.6960754394531,-1249.3944091796875,-375.0940246582031,-75.09990692138672,-500.3370361328125,-374.880859375,-368.0747985839844,-374.6707458496094
1.7758752986938496e+18,-375.1883850097656,-1251.03564453125,-375.0632629394531,-75.00763702392578,-500.0909729003906,-375.0039367675781,-380.0796203613281,-375.009033203125
1.7758752986948495e+18,-375.1883850097656,-1250.83056640625,-375.15557861328125,-75.08760070800781,-500.5831298828125,-375.2500915527344,-383.52716064453125,-374.947509765625
1.7758752986958495e+18,-375.1883850097656,-1249.9073486328125,-374.57080078125,-74.92766571044922,-499.68084716796875,-374.7577819824219,-363.026611328125,-375.0397644042969
1.7758752986968494e+18,-374.9729919433594,-1251.03564453125,-375.4325866699219,-75.01993560791016,-499.68084716796875,-374.4500732421875,-371.6454772949219,-375.2242736816406
1.7758752986978493e+18,-375.24993896484375,-1249.9073486328125,-374.8170166015625,-74.9338150024414,-500.0909729003906,-375.18853759765625,-383.52716064453125,-375.0705261230469
1.7758752986988495e+18,-375.0037841796875,-1250.420166015625,-375.40179443359375,-75.01993560791016,-499.76287841796875,-374.8500671386719,-368.19793701171875,-375.3165283203125
1.7758752986998495e+18,-375.24993896484375,-1251.4459228515625,-375.15557861328125,-74.9707260131836,-499.76287841796875,-374.63470458984375,-367.82855224609375,-374.79376220703125
1.7758752987008494e+18,-375.3422546386719,-1251.03564453125,-374.9709167480469,-74.9399642944336,-499.59881591796875,-374.6039123535156,-366.90509033203125,-374.6092529296875
1.7758752987018493e+18,-375.31146240234375,-1250.7279052734375,-374.8785705566406,-74.97687530517578,-499.63983154296875,-375.2193298339844,-380.2335205078125,-375.3165283203125
1.7758752987028493e+18,-374.81915283203125,-1250.420166015625,-375.3094787597656,-75.07530212402344,-500.2960205078125,-374.91162109375,-372.107177734375,-374.76300048828125
1.7758752987038492e+18,-375.0037841796875,-1250.5228271484375,-374.9709167480469,-74.9522705078125,-499.9269104003906,-374.8193054199219,-363.7345886230469,-374.6400146484375
1.7758752987048492e+18,-374.8807067871094,-1250.317626953125,-375.1863708496094,-75.07530212402344,-500.2140197753906,-374.72698974609375,-367.551513671875,-374.947509765625
1.7758752987058493e+18,-375.0037841796875,-1249.1893310546875,-374.6015930175781,-74.98302459716797,-500.1730041503906,-375.6808776855469,-383.52716064453125,-375.0397644042969
1.7758752987068493e+18,-375.0345458984375,-1249.3944091796875,-374.66314697265625,-75.03224182128906,-500.3370361328125,-374.69622802734375,-361.7030029296875,-374.978271484375
1.7758752987078492e+18,-375.0653076171875,-1250.83056640625,-375.40179443359375,-75.03839111328125,-500.3780517578125,-375.12701416015625,-372.56890869140625,-374.7015075683594
1.7758752987088492e+18,-375.0653076171875,-1250.83056640625,-375.37103271484375,-75.03839111328125,-499.9269104003906,-374.7577819824219,-366.9666748046875,-375.009033203125
1.775875298709849e+18,-374.78839111328125,-1248.6763916015625,-374.9709167480469,-75.02608489990234,-500.5831298828125,-375.2193298339844,-368.8443298339844,-375.009033203125
1.775875298710849e+18,-375.31146240234375,-1250.420166015625,-374.90936279296875,-74.99533081054688,-499.76287841796875,-374.66546630859375,-361.3336181640625,-374.79376220703125
1.775875298711849e+18,-374.84991455078125,-1249.599609375,-374.7862548828125,-75.00148010253906,-500.2140197753906,-375.65008544921875,-383.52716064453125,-375.13201904296875
1.775875298712849e+18,-374.78839111328125,-1249.8046875,-375.2786865234375,-75.07530212402344,-499.9679260253906,-374.8193054199219,-368.6904296875,-375.47027587890625
1.775875298713849e+18,-374.81915283203125,-1248.984130859375,-374.7862548828125,-75.00763702392578,-500.2550354003906,-375.4346923828125,-381.24932861328125,-375.4395446777344
1.775875298714849e+18,-374.9729919433594,-1249.2918701171875,-374.9401550292969,-75.01993560791016,-499.9269104003906,-375.0346984863281,-374.84674072265625,-374.82452392578125
1.775875298715849e+18,-375.0345458984375,-1250.215087890625,-374.90936279296875,-74.95841979980469,-499.51678466796875,-374.7577819824219,-372.35345458984375,-375.0705261230469
1.775875298716849e+18,-374.6960754394531,-1249.4969482421875,-375.12481689453125,-75.05068969726562,-500.4190673828125,-375.3116149902344,-383.52716064453125,-375.19354248046875
1.7758752987178488e+18,-374.84991455078125,-1249.3944091796875,-374.6323547363281,-74.98918151855469,-500.1730041503906,-375.4039306640625,-383.434814453125,-375.2857971191406
1.7758752987188488e+18,-374.7268371582031,-1248.881591796875,-374.7554626464844,-74.9399642944336,-499.55780029296875,-374.66546630859375,-362.74957275390625,-374.5784912109375
1.7758752987198487e+18,-375.0960998535156,-1249.1893310546875,-375.001708984375,-75.03839111328125,-500.5421142578125,-375.0346984863281,-368.321044921875,-374.978271484375
1.775875298720849e+18,-374.7575988769531,-1250.215087890625,-375.12481689453125,-75.08760070800781,-500.5421142578125,-374.97314453125,-365.4275817871094,-374.5784912109375
1.7758752987218488e+18,-374.9729919433594,-1249.9073486328125,-375.12481689453125,-74.9645767211914,-499.8858947753906,-374.8500671386719,-360.1947021484375,-374.79376220703125
1.7758752987228488e+18,-375.28070068359375,-1250.7279052734375,-375.032470703125,-74.9645767211914,-499.72186279296875,-374.91162109375,-375.00067138671875,-375.50103759765625
1.775875298723849e+18,-374.9422302246094,-1250.7279052734375,-375.4325866699219,-75.01378631591797,-499.68084716796875,-374.4500732421875,-368.6288757324219,-375.2242736816406
1.775875298724849e+18,-374.78839111328125,-1249.7021484375,-375.1863708496094,-75.07530212402344,-500.1730041503906,-374.7885437011719,-367.7669677734375,-374.76300048828125
1.7758752987258488e+18,-375.31146240234375,-1251.548583984375,-375.001708984375,-74.94612121582031,-499.47576904296875,-374.7885437011719,-376.53973388671875,-375.47027587890625
1.7758752987268488e+18,-374.81915283203125,-1249.4969482421875,-374.6323547363281,-74.97687530517578,-500.0089416503906,-374.72698974609375,-371.1529541015625,-375.16278076171875
1.7758752987278487e+18,-375.0653076171875,-1250.7279052734375,-375.494140625,-75.06914520263672,-500.0089416503906,-374.8193054199219,-361.487548828125,-375.0705261230469
1.775875298728849e+18,-375.1883850097656,-1251.4459228515625,-375.12481689453125,-74.9399642944336,-499.51678466796875,-374.7577819824219,-374.1387634277344,-375.4395446777344
1.7758752987298488e+18,-374.8807067871094,-1249.9073486328125,-375.3094787597656,-75.05068969726562,-500.0909729003906,-374.63470458984375,-366.32025146484375,-375.13201904296875
1.7758752987308488e+18,-375.0345458984375,-1249.3944091796875,-374.7247009277344,-74.9707260131836,-499.63983154296875,-375.0346984863281,-377.9248962402344,-375.53179931640625
1.7758752987318487e+18,-375.3730163574219,-1251.3433837890625,-375.1863708496094,-75.08760070800781,-500.5010986328125,-375.0654602050781,-376.8167724609375,-374.8860168457031
1.775875298732849e+18,-375.28070068359375,-1250.93310546875,-374.8170166015625,-74.99533081054688,-500.3780517578125,-375.5270080566406,-372.4150085449219,-374.8860168457031
1.7758752987338488e+18,-375.3422546386719,-1251.4459228515625,-375.15557861328125,-75.08760070800781,-500.4190673828125,-375.12701416015625,-383.52716064453125,-374.9167785644531
1.7758752987348488e+18,-375.1268615722656,-1251.1383056640625,-375.2171325683594,-74.99533081054688,-499.59881591796875,-374.6039123535156,-367.3360290527344,-374.8552551269531
1.7758752987358487e+18,-375.0037841796875,-1249.1893310546875,-374.9401550292969,-75.02608489990234,-500.5010986328125,-375.2500915527344,-380.69525146484375,-374.8552551269531
1.7758752987368486e+18,-374.9114685058594,-1248.6763916015625,-374.7862548828125,-74.97687530517578,-499.47576904296875,-374.7577819824219,-370.5373229980469,-374.79376220703125
1.7758752987378488e+18,-375.1883850097656,-1249.599609375,-374.8170166015625,-74.99533081054688,-500.4190673828125,-375.2808532714844,-383.15777587890625,-374.6092529296875
1.7758752987388488e+18,-374.9114685058594,-1248.6763916015625,-374.9709167480469,-75.03224182128906,-500.6651611328125,-375.4654846191406,-378.23272705078125,-374.76300048828125
1.7758752987398487e+18,-375.0960998535156,-1251.4459228515625,-375.032470703125,-74.97687530517578,-499.80389404296875,-374.880859375,-378.63287353515625,-375.3165283203125
1.7758752987408486e+18,-375.1268615722656,-1248.984130859375,-374.57080078125,-74.9707260131836,-500.2140197753906,-375.65008544921875,-383.52716064453125,-374.79376220703125
1.7758752987418488e+18,-374.9422302246094,-1249.2918701171875,-374.8170166015625,-74.92151641845703,-499.72186279296875,-374.9423828125,-364.5041198730469,-375.0397644042969
1.7758752987428488e+18,-375.24993896484375,-1250.0098876953125,-374.6015930175781,-74.9338150024414,-499.68084716796875,-374.8193054199219,-361.487548828125,-374.978271484375
1.7758752987438487e+18,-375.0037841796875,-1250.420166015625,-375.2171325683594,-74.97687530517578,-499.76287841796875,-375.12701416015625,-383.52716064453125,-375.4395446777344
1.7758752987448486e+18,-374.9422302246094,-1249.086669921875,-374.5400390625,-74.9645767211914,-499.9679260253906,-375.0039367675781,-376.8475646972656,-375.2242736816406
1.7758752987458486e+18,-375.0653076171875,-1249.2918701171875,-374.8170166015625,-74.94612121582031,-500.1319885253906,-375.3424072265625,-383.52716064453125,-374.79376220703125
1.7758752987468488e+18,-375.1883850097656,-1251.1383056640625,-375.0632629394531,-74.9645767211914,-499.76287841796875,-374.8193054199219,-377.5863037109375,-375.3165283203125
1.7758752987478487e+18,-375.0653076171875,-1249.3944091796875,-374.66314697265625,-75.01993560791016,-500.3370361328125,-374.880859375,-362.3802185058594,-374.978271484375
1.7758752987488486e+18,-374.8807067871094,-1249.8046875,-375.3094787597656,-75.04454040527344,-500.3780517578125,-374.9423828125,-369.6754455566406,-374.82452392578125
1.7758752987498486e+18,-375.0960998535156,-1250.83056640625,-375.0940246582031,-75.01993560791016,-500.2960205078125,-374.91162109375,-371.7378234863281,-375.19354248046875
1.7758752987508488e+18,-375.21917724609375,-1250.6253662109375,-375.2171325683594,-75.00148010253906,-499.68084716796875,-374.7885437011719,-362.8727111816406,-375.1012878417969
1.7758752987518487e+18,-375.24993896484375,-1250.83056640625,-374.8785705566406,-74.9707260131836,-499.59881591796875,-374.4808349609375,-367.6130676269531,-374.7015075683594
1.7758752987528486e+18,-374.9729919433594,-1248.881591796875,-374.8478088378906,-74.98918151855469,-500.4190673828125,-375.2500915527344,-383.52716064453125,-375.3472900390625
1.7758752987538486e+18,-375.0653076171875,-1248.881591796875,-374.7554626464844,-74.9338150024414,-500.2140197753906,-375.12701416015625,-383.52716064453125,-375.3780212402344
1.7758752987548485e+18,-374.9729919433594,-1249.8046875,-374.66314697265625,-74.95841979980469,-499.63983154296875,-374.7885437011719,-373.4000244140625,-374.82452392578125
1.7758752987558487e+18,-375.0037841796875,-1249.8046875,-374.9709167480469,-75.00148010253906,-499.68084716796875,-375.0654602050781,-375.98565673828125,-374.6707458496094
1.7758752987568486e+18,-375.24993896484375,-1250.7279052734375,-375.3094787597656,-75.01993560791016,-500.1730041503906,-374.5116271972656,-366.2894592285156,-374.6092529296875
1.7758752987578486e+18,-374.8807067871094,-1250.0098876953125,-374.8478088378906,-74.98302459716797,-500.1730041503906,-374.91162109375,-371.02984619140625,-375.13201904296875
1.7758752987588485e+18,-374.6653137207031,-1249.2918701171875,-375.001708984375,-74.9707260131836,-500.1319885253906,-375.2808532714844,-378.509765625,-375.4395446777344
1.7758752987598487e+18,-375.0037841796875,-1250.7279052734375,-375.37103271484375,-75.06299591064453,-500.3370361328125,-375.61932373046875,-383.52716064453125,-375.1012878417969
1.7758752987608486e+18,-375.24993896484375,-1250.0098876953125,-374.8170166015625,-74.97687530517578,-499.80389404296875,-375.3116149902344,-380.32586669921875,-375.50103759765625
1.7758752987618486e+18,-375.28070068359375,-1250.215087890625,-374.66314697265625,-74.9399642944336,-499.63983154296875,-374.8193054199219,-364.22711181640625,-375.13201904296875
1.7758752987628485e+18,-374.6960754394531,-1249.3944091796875,-375.15557861328125,-75.07530212402344,-500.5010986328125,-374.97314453125,-368.38262939453125,-374.82452392578125
1.7758752987638484e+18,-375.1268615722656,-1248.881591796875,-374.6015930175781,-75.00148010253906,-500.2140197753906,-375.61932373046875,-383.52716064453125,-374.82452392578125
1.7758752987648486e+18,-375.1268615722656,-1251.3433837890625,-375.4325866699219,-75.00763702392578,-499.63983154296875,-374.4500732421875,-367.4283752441406,-375.16278076171875
1.7758752987658486e+18,-375.24993896484375,-1250.7279052734375,-374.9401550292969,-74.94612121582031,-499.80389404296875,-374.8193054199219,-365.58148193359375,-374.76300048828125
1.7758752987668485e+18,-375.3422546386719,-1251.2408447265625,-375.15557861328125,-75.06914520263672,-500.5831298828125,-375.2808532714844,-383.52716064453125,-375.4395446777344
1.7758752987678484e+18,-374.6960754394531,-1249.1893310546875,-374.8785705566406,-74.92766571044922,-499.68084716796875,-374.7885437011719,-360.7795715332031,-374.7015075683594
1.7758752987688486e+18,-374.81915283203125,-1250.317626953125,-375.4325866699219,-75.06914520263672,-500.0089416503906,-374.7885437011719,-362.56488037109375,-375.2550354003906
1.7758752987698486e+18,-375.0653076171875,-1250.83056640625,-375.2479248046875,-75.06914520263672,-500.0909729003906,-374.7885437011719,-367.3976135253906,-374.76300048828125
1.7758752987708485e+18,-375.1883850097656,-1251.4459228515625,-375.0632629394531,-74.9707260131836,-499.63983154296875,-375.3116149902344,-381.5879211425781,-374.8552551269531
1.7758752987718484e+18,-374.8807067871094,-1250.420166015625,-375.2479248046875,-74.98918151855469,-499.63983154296875,-374.69622802734375,-373.12298583984375,-375.4395446777344
1.7758752987728484e+18,-374.7268371582031,-1250.0098876953125,-375.12481689453125,-75.07530212402344,-499.9269104003906,-374.69622802734375,-369.55230712890625,-375.1012878417969
1.7758752987738486e+18,-374.6960754394531,-1249.3944091796875,-374.90936279296875,-74.92766571044922,-499.76287841796875,-374.880859375,-362.5956726074219,-374.8860168457031
1.7758752987748485e+18,-374.78839111328125,-1249.9073486328125,-375.12481689453125,-75.08760070800781,-500.5010986328125,-375.0039367675781,-366.4741516113281,-374.5784912109375
1.7758752987758484e+18,-374.8807067871094,-1250.5228271484375,-375.2171325683594,-75.00148010253906,-499.51678466796875,-374.69622802734375,-373.98486328125,-375.47027587890625
1.7758752987768484e+18,-375.0960998535156,-1250.6253662109375,-375.40179443359375,-75.03839111328125,-499.8448791503906,-374.7577819824219,-360.3486328125,-374.8552551269531
1.7758752987778486e+18,-375.0037841796875,-1249.3944091796875,-374.8785705566406,-74.9522705078125,-500.0909729003906,-375.18853759765625,-383.52716064453125,-375.3780212402344
1.7758752987788485e+18,-375.3422546386719,-1251.651123046875,-375.001708984375,-74.94612121582031,-499.43475341796875,-374.69622802734375,-373.8309631347656,-375.50103759765625
1.7758752987798484e+18,-375.0653076171875,-1249.3944091796875,-374.8478088378906,-74.9645767211914,-500.1730041503906,-375.2500915527344,-383.52716064453125,-374.8860168457031
1.7758752987808484e+18,-374.84991455078125,-1249.7021484375,-375.15557861328125,-75.03224182128906,-500.3780517578125,-375.2500915527344,-377.7094421386719,-375.3472900390625
1.7758752987818483e+18,-374.634521484375,-1249.086669921875,-374.8785705566406,-74.92766571044922,-499.76287841796875,-374.8193054199219,-360.8719177246094,-374.947509765625
1.7758752987828485e+18,-375.1576232910156,-1249.7021484375,-374.8170166015625,-74.97687530517578,-500.3370361328125,-375.2500915527344,-383.52716064453125,-374.8860168457031
1.7758752987838484e+18,-374.8807067871094,-1249.8046875,-375.2171325683594,-75.01993560791016,-500.5831298828125,-375.4962463378906,-381.1261901855469,-375.47027587890625
1.7758752987848484e+18,-374.9729919433594,-1250.420166015625,-375.46337890625,-75.06914520263672,-499.9679260253906,-374.8193054199219,-362.56488037109375,-375.2242736816406
1.7758752987858483e+18,-374.81915283203125,-1250.1124267578125,-375.3402404785156,-75.08145141601562,-500.1319885253906,-374.7885437011719,-360.3486328125,-374.9167785644531
1.7758752987868485e+18,-375.1576232910156,-1250.83056640625,-375.032470703125,-75.01378631591797,-500.1730041503906,-374.7885437011719,-369.92169189453125,-375.19354248046875
1.7758752987878484e+18,-374.7575988769531,-1249.599609375,-374.9709167480469,-74.94612121582031,-499.9269104003906,-375.0039367675781,-363.7345886230469,-374.947509765625
1.7758752987888484e+18,-375.3730163574219,-1250.420166015625,-374.8478088378906,-74.97687530517578,-499.76287841796875,-375.2193298339844,-380.2643127441406,-375.3472900390625
1.7758752987898483e+18,-375.1576232910156,-1249.8046875,-374.6015930175781,-74.9399642944336,-499.68084716796875,-374.7577819824219,-360.3486328125,-374.82452392578125
1.7758752987908483e+18,-374.7575988769531,-1249.599609375,-375.001708984375,-75.04454040527344,-500.2140197753906,-375.61932373046875,-383.52716064453125,-374.8860168457031
1.7758752987918484e+18,-375.0037841796875,-1249.599609375,-374.69390869140625,-75.05068969726562,-500.2960205078125,-374.97314453125,-368.0747985839844,-374.82452392578125
1.7758752987928484e+18,-375.0345458984375,-1250.7279052734375,-375.1863708496094,-74.97687530517578,-499.72186279296875,-375.09625244140625,-378.2942810058594,-375.50103759765625
1.7758752987938483e+18,-374.8807067871094,-1249.2918701171875,-374.69390869140625,-74.97687530517578,-499.63983154296875,-375.0346984863281,-378.60211181640625,-375.53179931640625
1.7758752987948483e+18,-375.0653076171875,-1250.6253662109375,-375.15557861328125,-75.02608489990234,-500.3780517578125,-375.4962463378906,-380.1719665527344,-375.2857971191406
1.7758752987958484e+18,-375.0653076171875,-1250.93310546875,-374.8170166015625,-74.95841979980469,-500.0909729003906,-375.61932373046875,-383.52716064453125,-374.7322692871094
1.7758752987968484e+18,-374.78839111328125,-1248.5738525390625,-374.8170166015625,-75.01993560791016,-500.6241455078125,-375.4654846191406,-375.9241027832031,-374.82452392578125
1.7758752987978483e+18,-375.31146240234375,-1250.7279052734375,-375.4325866699219,-75.07530212402344,-500.2140197753906,-375.4346923828125,-383.52716064453125,-375.0705261230469
1.7758752987988483e+18,-374.84991455078125,-1250.317626953125,-375.12481689453125,-75.08760070800781,-500.4600830078125,-375.0039367675781,-367.64385986328125,-374.6400146484375
1.7758752987998482e+18,-374.84991455078125,-1249.2918701171875,-375.0632629394531,-75.08760070800781,-500.0909729003906,-374.63470458984375,-372.93829345703125,-375.53179931640625
1.7758752988008484e+18,-375.1883850097656,-1251.2408447265625,-375.2171325683594,-75.01378631591797,-499.80389404296875,-374.66546630859375,-368.6596374511719,-374.978271484375
1.7758752988018483e+18,-374.81915283203125,-1248.5738525390625,-374.7862548828125,-74.9338150024414,-500.0499572753906,-374.9423828125,-383.52716064453125,-375.2550354003906
1.7758752988028483e+18,-374.8807067871094,-1249.3944091796875,-374.8785705566406,-75.02608489990234,-500.3370361328125,-375.5270080566406,-379.5255432128906,-374.76300048828125
1.7758752988038482e+18,-374.9114685058594,-1249.2918701171875,-375.12481689453125,-75.02608489990234,-500.7061767578125,-375.4654846191406,-376.8167724609375,-374.6400146484375
1.7758752988048484e+18,-374.9114685058594,-1249.3944091796875,-374.66314697265625,-74.99533081054688,-500.2550354003906,-375.61932373046875,-383.52716064453125,-375.0397644042969
1.7758752988058483e+18,-374.9114685058594,-1249.1893310546875,-375.001708984375,-75.03224182128906,-500.4600830078125,-375.55780029296875,-381.61871337890625,-375.2857971191406
1.7758752988068483e+18,-375.3422546386719,-1250.420166015625,-374.66314697265625,-74.92766571044922,-499.8448791503906,-375.15777587890625,-383.52716064453125,-375.009033203125
1.7758752988078482e+18,-374.7575988769531,-1249.1893310546875,-375.0632629394531,-75.05684661865234,-500.5831298828125,-375.2193298339844,-375.3084716796875,-374.5784912109375
1.7758752988088481e+18,-375.31146240234375,-1250.5228271484375,-375.46337890625,-75.07530212402344,-500.2550354003906,-375.4039306640625,-383.52716064453125,-375.0397644042969
1.7758752988098483e+18,-374.9422302246094,-1249.7021484375,-375.15557861328125,-75.03224182128906,-500.6241455078125,-375.61932373046875,-380.5413513183594,-374.8552551269531
1.7758752988108483e+18,-374.9729919433594,-1250.420166015625,-375.1863708496094,-74.9522705078125,-499.76287841796875,-375.12701416015625,-383.52716064453125,-375.13201904296875
1.7758752988118482e+18,-374.9729919433594,-1249.1893310546875,-374.8478088378906,-74.98302459716797,-500.4190673828125,-375.2808532714844,-383.52716064453125,-375.0705261230469
1.775875298812848e+18,-375.0960998535156,-1248.984130859375,-374.66314697265625,-74.9645767211914,-499.76287841796875,-374.4193115234375,-366.1971130371094,-374.9167785644531
1.7758752988138483e+18,-375.1268615722656,-1249.3944091796875,-374.8785705566406,-75.00148010253906,-500.4190673828125,-375.3116149902344,-377.8941345214844,-374.6092529296875
1.7758752988148483e+18,-375.0960998535156,-1249.1893310546875,-374.7554626464844,-75.00148010253906,-500.2550354003906,-375.5270080566406,-381.4955749511719,-374.8860168457031
1.7758752988158482e+18,-374.6960754394531,-1249.2918701171875,-375.001708984375,-74.98918151855469,-500.2140197753906,-375.2500915527344,-383.52716064453125,-375.3165283203125
1.7758752988168481e+18,-375.24993896484375,-1250.7279052734375,-375.37103271484375,-75.06914520263672,-500.1730041503906,-375.3731689453125,-383.52716064453125,-375.0397644042969
1.775875298817848e+18,-374.84991455078125,-1249.599609375,-375.1863708496094,-75.07530212402344,-500.1730041503906,-374.63470458984375,-362.0108337402344,-374.8860168457031
1.7758752988188483e+18,-375.1883850097656,-1250.5228271484375,-374.7554626464844,-74.9399642944336,-500.0909729003906,-375.2500915527344,-370.8143615722656,-374.5784912109375
1.7758752988198482e+18,-374.6960754394531,-1249.3944091796875,-375.15557861328125,-75.03839111328125,-500.5010986328125,-375.2500915527344,-383.52716064453125,-375.3472900390625
1.775875298820848e+18,-374.9729919433594,-1248.984130859375,-374.8785705566406,-74.98302459716797,-499.72186279296875,-374.880859375,-371.2145080566406,-374.76300048828125
1.7758752988218483e+18,-374.7575988769531,-1248.7789306640625,-374.7247009277344,-74.9645767211914,-499.51678466796875,-374.66546630859375,-366.0740051269531,-374.5477600097656
1.7758752988228485e+18,-375.0653076171875,-1249.8046875,-375.15557861328125,-75.02608489990234,-500.5831298828125,-375.5270080566406,-381.9573059082031,-375.4087829589844
1.7758752988238487e+18,-375.0960998535156,-1251.4459228515625,-374.9709167480469,-74.9645767211914,-499.8448791503906,-374.91162109375,-378.879150390625,-375.2550354003906
1.775875298824849e+18,-374.8807067871094,-1249.2918701171875,-375.3094787597656,-75.03839111328125,-499.72186279296875,-374.4500732421875,-366.87432861328125,-375.16278076171875
1.775875298825849e+18,-375.0960998535156,-1251.651123046875,-375.3402404785156,-75.00763702392578,-499.68084716796875,-374.4193115234375,-368.59808349609375,-375.16278076171875
1.7758752988268493e+18,-374.78839111328125,-1248.5738525390625,-374.90936279296875,-75.02608489990234,-500.5831298828125,-375.3424072265625,-371.1837463378906,-374.82452392578125
1.7758752988278495e+18,-375.0653076171875,-1250.5228271484375,-375.3402404785156,-75.03839111328125,-500.4190673828125,-375.2500915527344,-374.3234558105469,-374.7015075683594
1.7758752988288497e+18,-374.81915283203125,-1249.4969482421875,-374.6015930175781,-74.98302459716797,-500.0909729003906,-375.12701416015625,-378.8483581542969,-375.2242736816406
1.7758752988298496e+18,-374.81915283203125,-1249.8046875,-375.1863708496094,-75.07530212402344,-500.5421142578125,-375.18853759765625,-383.52716064453125,-374.947509765625
1.7758752988308498e+18,-375.3422546386719,-1249.4969482421875,-374.7862548828125,-75.01378631591797,-500.2550354003906,-374.5116271972656,-368.5365295410156,-375.19354248046875
1.77587529883185e+18,-374.84991455078125,-1249.3944091796875,-375.001708984375,-75.03839111328125,-500.2550354003906,-375.5270080566406,-383.34246826171875,-374.9167785644531
1.7758752988328502e+18,-375.28070068359375,-1251.3433837890625,-375.0940246582031,-74.98918151855469,-499.76287841796875,-374.6039123535156,-368.5672912597656,-374.947509765625
1.7758752988338504e+18,-375.31146240234375,-1251.03564453125,-375.001708984375,-74.95841979980469,-499.51678466796875,-374.8193054199219,-376.0164489746094,-375.50103759765625
1.7758752988348506e+18,-374.9114685058594,-1250.5228271484375,-375.46337890625,-75.07530212402344,-500.0499572753906,-374.69622802734375,-360.4409484863281,-374.9167785644531
1.7758752988358508e+18,-374.9114685058594,-1249.8046875,-374.57080078125,-74.9707260131836,-499.68084716796875,-374.66546630859375,-369.7677917480469,-374.6400146484375
1.775875298836851e+18,-375.31146240234375,-1251.1383056640625,-375.0632629394531,-75.00148010253906,-499.9679260253906,-374.7885437011719,-365.0889892578125,-374.5477600097656
1.7758752988378511e+18,-375.0960998535156,-1250.83056640625,-375.4325866699219,-75.01378631591797,-499.8448791503906,-374.6039123535156,-373.12298583984375,-375.2857971191406
1.7758752988388513e+18,-375.0960998535156,-1249.086669921875,-374.7862548828125,-75.00763702392578,-500.5421142578125,-375.4654846191406,-374.47735595703125,-374.82452392578125
1.7758752988398515e+18,-375.0960998535156,-1251.3433837890625,-374.8785705566406,-74.95841979980469,-499.9269104003906,-375.3116149902344,-383.52716064453125,-375.19354248046875
1.7758752988408515e+18,-375.1883850097656,-1250.83056640625,-375.001708984375,-74.9645767211914,-499.68084716796875,-375.0654602050781,-377.9556884765625,-375.53179931640625
1.7758752988418516e+18,-375.28070068359375,-1251.4459228515625,-375.0940246582031,-74.9522705078125,-499.51678466796875,-374.72698974609375,-375.7394104003906,-375.53179931640625
1.7758752988428518e+18,-375.0653076171875,-1251.2408447265625,-374.8478088378906,-74.9645767211914,-500.0089416503906,-375.2193298339844,-383.3732604980469,-375.2550354003906
1.775875298843852e+18,-375.0037841796875,-1249.2918701171875,-374.9709167480469,-75.00763702392578,-499.72186279296875,-374.9423828125,-376.6936340332031,-375.1012878417969
1.7758752988448522e+18,-374.9114685058594,-1250.420166015625,-375.494140625,-75.06299591064453,-500.0089416503906,-374.72698974609375,-360.3178405761719,-374.8860168457031
1.7758752988458524e+18,-375.0653076171875,-1251.4459228515625,-375.46337890625,-75.01378631591797,-499.63983154296875,-374.4193115234375,-368.5057373046875,-375.13201904296875
1.7758752988468526e+18,-374.6960754394531,-1249.4969482421875,-375.0940246582031,-75.08760070800781,-500.2960205078125,-374.880859375,-366.7511901855469,-374.6400146484375
1.7758752988478528e+18,-375.0653076171875,-1251.651123046875,-374.9401550292969,-74.94612121582031,-500.1319885253906,-375.58856201171875,-382.4497985839844,-374.7015075683594
1.775875298848853e+18,-374.9422302246094,-1249.086669921875,-374.69390869140625,-74.98302459716797,-499.9679260253906,-375.2500915527344,-379.8641357421875,-375.53179931640625
1.7758752988498532e+18,-374.7575988769531,-1248.5738525390625,-374.9401550292969,-75.01378631591797,-500.6241455078125,-375.4654846191406,-375.80096435546875,-374.7015075683594
1.7758752988508534e+18,-374.9422302246094,-1248.881591796875,-374.8785705566406,-74.98918151855469,-499.59881591796875,-374.8500671386719,-373.67706298828125,-374.947509765625
1.7758752988518536e+18,-375.1576232910156,-1251.4459228515625,-375.37103271484375,-75.03839111328125,-500.5421142578125,-375.55780029296875,-381.2185363769531,-375.53179931640625
1.7758752988528535e+18,-374.7268371582031,-1249.8046875,-375.15557861328125,-75.08760070800781,-500.1730041503906,-374.72698974609375,-368.1363525390625,-374.8860168457031
1.7758752988538537e+18,-374.81915283203125,-1249.7021484375,-375.2786865234375,-75.03839111328125,-500.1319885253906,-374.8500671386719,-364.7503967285156,-375.2857971191406
1.775875298854854e+18,-375.0653076171875,-1250.7279052734375,-374.9709167480469,-75.03839111328125,-500.3780517578125,-375.12701416015625,-383.52716064453125,-375.3165283203125
1.775875298855854e+18,-375.0345458984375,-1250.6253662109375,-375.40179443359375,-75.03224182128906,-500.0089416503906,-374.7577819824219,-369.0290222167969,-374.82452392578125
1.7758752988568543e+18,-375.3730163574219,-1251.2408447265625,-375.1863708496094,-75.08145141601562,-500.5421142578125,-375.2808532714844,-383.52716064453125,-375.4395446777344
1.7758752988578545e+18,-375.1883850097656,-1250.83056640625,-374.8478088378906,-74.95841979980469,-499.8858947753906,-375.09625244140625,-379.00225830078125,-375.2857971191406
1.7758752988588547e+18,-374.8807067871094,-1249.599609375,-375.3094787597656,-75.04454040527344,-500.2960205078125,-374.880859375,-366.68963623046875,-375.009033203125
1.7758752988598548e+18,-375.28070068359375,-1249.9073486328125,-374.8785705566406,-74.9399642944336,-500.1730041503906,-375.2193298339844,-383.52716064453125,-374.978271484375
1.775875298860855e+18,-375.1268615722656,-1249.599609375,-374.7247009277344,-74.9338150024414,-499.76287841796875,-375.15777587890625,-376.2934875488281,-375.47027587890625
1.7758752988618552e+18,-375.31146240234375,-1251.1383056640625,-374.90936279296875,-74.98302459716797,-499.76287841796875,-375.3424072265625,-381.83416748046875,-374.76300048828125
1.7758752988628554e+18,-375.1268615722656,-1249.4969482421875,-374.8478088378906,-74.98918151855469,-500.3780517578125,-375.2808532714844,-383.52716064453125,-375.0397644042969
1.7758752988638554e+18,-375.0960998535156,-1248.7789306640625,-374.7247009277344,-74.99533081054688,-500.1730041503906,-375.4962463378906,-380.9107360839844,-374.76300048828125
1.7758752988648556e+18,-374.81915283203125,-1248.5738525390625,-374.7554626464844,-74.98302459716797,-499.55780029296875,-374.7577819824219,-370.87591552734375,-374.8552551269531
1.7758752988658557e+18,-374.6653137207031,-1249.2918701171875,-374.5400390625,-74.9522705078125,-499.8448791503906,-374.9423828125,-383.52716064453125,-375.0705261230469
1.775875298866856e+18,-374.9114685058594,-1249.086669921875,-374.7554626464844,-74.99533081054688,-500.2550354003906,-375.5270080566406,-381.7726135253906,-374.76300048828125
1.7758752988678561e+18,-374.6653137207031,-1249.7021484375,-375.15557861328125,-75.07530212402344,-500.5010986328125,-375.0346984863281,-365.76617431640625,-374.5784912109375
1.7758752988688563e+18,-374.7575988769531,-1249.2918701171875,-375.0632629394531,-75.09375,-500.3370361328125,-374.7577819824219,-368.4749450683594,-375.2550354003906
1.7758752988698565e+18,-375.0960998535156,-1251.651123046875,-375.2479248046875,-74.98302459716797,-499.80389404296875,-374.7577819824219,-378.5713195800781,-375.2857971191406
1.7758752988708567e+18,-375.3730163574219,-1250.83056640625,-374.90936279296875,-74.97687530517578,-499.47576904296875,-374.72698974609375,-373.9540710449219,-375.2857971191406
1.775875298871857e+18,-374.9729919433594,-1250.317626953125,-375.1863708496094,-75.07530212402344,-500.5831298828125,-375.2808532714844,-383.52716064453125,-375.50103759765625
1.775875298872857e+18,-375.1576232910156,-1250.5228271484375,-375.4325866699219,-75.07530212402344,-500.2960205078125,-375.61932373046875,-383.52716064453125,-375.2550354003906
1.7758752988738573e+18,-375.21917724609375,-1250.420166015625,-375.001708984375,-75.01378631591797,-499.8448791503906,-374.8500671386719,-368.6596374511719,-374.5784912109375
1.7758752988748575e+18,-374.7575988769531,-1249.3944091796875,-374.7247009277344,-74.97687530517578,-499.47576904296875,-374.8193054199219,-372.35345458984375,-375.16278076171875
1.7758752988758574e+18,-375.24993896484375,-1250.7279052734375,-375.1863708496094,-75.06914520263672,-500.5421142578125,-375.2500915527344,-383.52716064453125,-375.3472900390625
1.7758752988768576e+18,-374.8807067871094,-1249.8046875,-375.2786865234375,-75.04454040527344,-499.68084716796875,-374.4500732421875,-366.72039794921875,-375.13201904296875
1.7758752988778578e+18,-375.0960998535156,-1250.5228271484375,-375.4325866699219,-75.03839111328125,-499.76287841796875,-374.8193054199219,-362.6572265625,-375.1012878417969
1.775875298878858e+18,-374.78839111328125,-1249.3944091796875,-374.8170166015625,-74.94612121582031,-499.43475341796875,-374.66546630859375,-367.1205749511719,-374.6400146484375
1.7758752988798582e+18,-375.0960998535156,-1250.7279052734375,-375.032470703125,-74.9399642944336,-499.76287841796875,-375.0654602050781,-383.52716064453125,-374.7015075683594
1.7758752988808584e+18,-375.3422546386719,-1251.1383056640625,-374.9401550292969,-74.9707260131836,-499.43475341796875,-374.8500671386719,-376.2626953125,-375.4395446777344
1.7758752988818586e+18,-375.0345458984375,-1251.03564453125,-375.15557861328125,-75.07530212402344,-499.8858947753906,-374.69622802734375,-367.7977600097656,-374.8552551269531
1.7758752988828588e+18,-374.9422302246094,-1250.420166015625,-375.1863708496094,-75.04454040527344,-500.2550354003906,-375.65008544921875,-383.52716064453125,-375.2242736816406
1.775875298883859e+18,-374.81915283203125,-1249.9073486328125,-375.15557861328125,-75.07530212402344,-500.5831298828125,-375.2193298339844,-383.52716064453125,-374.9167785644531
1.7758752988848591e+18,-375.0960998535156,-1249.086669921875,-374.57080078125,-74.98918151855469,-500.2140197753906,-375.61932373046875,-382.3574523925781,-374.79376220703125
1.7758752988858593e+18,-375.0653076171875,-1250.5228271484375,-375.1863708496094,-75.01993560791016,-500.3370361328125,-375.09625244140625,-371.06060791015625,-375.1012878417969
1.7758752988868595e+18,-374.9114685058594,-1249.2918701171875,-375.1863708496094,-75.03839111328125,-500.5010986328125,-375.12701416015625,-371.24530029296875,-374.8552551269531
1.7758752988878595e+18,-375.1883850097656,-1250.6253662109375,-375.2171325683594,-75.03839111328125,-500.3370361328125,-375.2808532714844,-379.8333740234375,-375.19354248046875
1.7758752988888596e+18,-375.21917724609375,-1251.3433837890625,-374.8785705566406,-74.97687530517578,-499.9679260253906,-375.5270080566406,-379.9872741699219,-374.8552551269531
1.7758752988898598e+18,-375.21917724609375,-1249.599609375,-374.8478088378906,-74.9707260131836,-500.2550354003906,-375.3116149902344,-383.52716064453125,-374.82452392578125
1.77587529889086e+18,-375.0653076171875,-1251.651123046875,-375.12481689453125,-74.9645767211914,-499.76287841796875,-375.09625244140625,-383.52716064453125,-375.16278076171875
1.7758752988918602e+18,-374.8807067871094,-1249.086669921875,-375.032470703125,-75.06299591064453,-500.5421142578125,-375.09625244140625,-365.4583740234375,-374.5784912109375
1.7758752988928604e+18,-375.0653076171875,-1249.8046875,-374.8170166015625,-74.97687530517578,-499.68084716796875,-374.4193115234375,-366.7511901855469,-374.79376220703125
1.7758752988938606e+18,-375.0037841796875,-1249.7021484375,-374.8478088378906,-75.06299591064453,-500.2550354003906,-374.63470458984375,-360.5640869140625,-375.0705261230469
1.7758752988948608e+18,-375.0653076171875,-1249.1893310546875,-374.9709167480469,-75.04454040527344,-500.1319885253906,-375.18853759765625,-379.6794738769531,-375.3780212402344
1.775875298895861e+18,-375.0653076171875,-1251.651123046875,-375.2171325683594,-74.97687530517578,-499.80389404296875,-374.72698974609375,-377.3400573730469,-375.2550354003906
1.7758752988968612e+18,-375.0960998535156,-1251.4459228515625,-374.90936279296875,-74.95841979980469,-500.0089416503906,-375.3424072265625,-383.52716064453125,-375.16278076171875
1.7758752988978614e+18,-375.0960998535156,-1251.1383056640625,-375.37103271484375,-75.00763702392578,-499.8448791503906,-374.5731506347656,-376.8475646972656,-375.3165283203125
1.7758752988988613e+18,-374.78839111328125,-1250.215087890625,-375.4325866699219,-75.06299591064453,-499.9269104003906,-374.8193054199219,-371.6454772949219,-375.47027587890625
1.7758752988998615e+18,-375.1576232910156,-1250.93310546875,-375.3402404785156,-75.04454040527344,-500.6651611328125,-375.55780029296875,-382.0804138183594,-375.50103759765625
1.7758752989008617e+18,-375.0345458984375,-1251.2408447265625,-375.37103271484375,-75.00763702392578,-499.80389404296875,-374.4500732421875,-369.5830993652344,-375.13201904296875
