time_chanNI9205_2,PT_N2_01,PT_N2_03,PT_N2_04,PT_N2_23,PT_GO2_01,PT_GO2_02,PT_H2_01,PT_H2_02,PT_GO2_04_2,PT_FU_05,PT_FU_06,PT_GO2_03_2
1.7758738895037023e+18,-278.3236999511719,-262.4548034667969,-284.7632751464844,-265.444580078125,-275.79388427734375,-266.8244934082031,-255.78524780273438,-272.3441162109375,108.25556945800781,43.30222702026367,43.30222702026367,-299.22552490234375
1.7758738895047022e+18,-273.0340576171875,-305.23187255859375,-267.74444580078125,-310.7514953613281,-267.74444580078125,-293.962646484375,-267.0544738769531,-289.3629455566406,108.25556945800781,43.30222702026367,43.30222702026367,-298.4400939941406
1.7758738895057021e+18,-272.1141357421875,-291.43280029296875,-294.882568359375,-267.74444580078125,-283.15338134765625,-287.2930908203125,-248.65574645996094,-287.5230712890625,108.25556945800781,43.30222702026367,43.30222702026367,-299.1639099121094
1.7758738895067023e+18,-296.4924621582031,-267.2844543457031,-291.20281982421875,-291.43280029296875,-259.0050354003906,-295.5725402832031,-258.5450744628906,-290.97283935546875,108.25556945800781,43.30222702026367,43.30222702026367,-299.3025207519531
1.7758738895077023e+18,-283.84332275390625,-293.0426940917969,-304.3119201660156,-281.3135070800781,-285.2232360839844,-299.4822692871094,-261.07489013671875,-296.4924621582031,108.25556945800781,43.30222702026367,43.30222702026367,-299.7337341308594
1.7758738895087022e+18,-296.9524230957031,-279.4736328125,-305.69183349609375,-279.4736328125,-299.4822692871094,-272.8040771484375,-294.882568359375,-283.61334228515625,108.25556945800781,43.30222702026367,43.30222702026367,-301.13519287109375
1.7758738895097021e+18,-302.2420654296875,-272.3441162109375,-303.8519592285156,-295.8025207519531,-272.1141357421875,-311.9013977050781,-274.8739318847656,-303.8519592285156,108.25556945800781,43.30222702026367,43.30222702026367,-299.8723449707031
1.775873889510702e+18,-324.550537109375,-296.2624816894531,-315.8111267089844,-302.4720458984375,-299.7122497558594,-296.9524230957031,-276.48382568359375,-305.46185302734375,108.25556945800781,43.30222702026367,43.30222702026367,-300.45758056640625
1.775873889511702e+18,-298.79229736328125,-284.07330322265625,-302.9320373535156,-279.013671875,-296.9524230957031,-284.07330322265625,-286.6031494140625,-302.0120849609375,108.25556945800781,43.30222702026367,43.30222702026367,-300.6269836425781
1.775873889512702e+18,-290.05291748046875,-319.95086669921875,-284.07330322265625,-321.5607604980469,-285.4532165527344,-284.7632751464844,-295.8025207519531,-269.12432861328125,108.25556945800781,43.30222702026367,43.30222702026367,-300.45758056640625
1.775873889513702e+18,-297.41241455078125,-282.46343994140625,-280.8535461425781,-290.97283935546875,-265.214599609375,-291.8927917480469,-262.4548034667969,-307.7616882324219,108.25556945800781,43.30222702026367,43.30222702026367,-299.7645568847656
1.7758738895147018e+18,-256.4751892089844,-298.79229736328125,-297.87237548828125,-279.013671875,-293.2726745605469,-282.69342041015625,-255.32528686523438,-294.652587890625,108.25556945800781,43.30222702026367,43.30222702026367,-301.21221923828125
1.775873889515702e+18,-293.5026550292969,-259.6949768066406,-287.2930908203125,-266.8244934082031,-271.1941833496094,-270.2742614746094,-271.1941833496094,-293.5026550292969,108.25556945800781,43.30222702026367,43.30222702026367,-300.981201171875
1.775873889516702e+18,-266.3645324707031,-287.0631103515625,-254.4053497314453,-290.51287841796875,-246.58587646484375,-281.5434875488281,-240.60629272460938,-286.1431579589844,108.25556945800781,43.30222702026367,43.30222702026367,-299.51812744140625
1.775873889517702e+18,-261.99481201171875,-285.9131774902344,-277.1737976074219,-282.0034484863281,-278.0937194824219,-265.674560546875,-286.6031494140625,-268.66436767578125,108.25556945800781,43.30222702026367,43.30222702026367,-298.8096923828125
1.7758738895187018e+18,-256.4751892089844,-285.2232360839844,-253.94537353515625,-285.6831970214844,-264.984619140625,-274.6439514160156,-270.0442810058594,-275.10394287109375,108.25556945800781,43.30222702026367,43.30222702026367,-298.4400939941406
1.7758738895197018e+18,-260.38494873046875,-296.0325012207031,-268.89434814453125,-273.9540100097656,-290.74285888671875,-263.1447448730469,-259.9249572753906,-284.7632751464844,108.25556945800781,43.30222702026367,43.30222702026367,-296.96160888671875
1.7758738895207017e+18,-253.71539306640625,-290.51287841796875,-254.8653106689453,-291.43280029296875,-248.65574645996094,-282.2334289550781,-244.51602172851562,-284.9932556152344,108.25556945800781,43.30222702026367,43.30222702026367,-298.8866882324219
1.7758738895217016e+18,-258.5450744628906,-268.66436767578125,-299.4822692871094,-280.8535461425781,-270.0442810058594,-296.9524230957031,-266.8244934082031,-255.78524780273438,108.25556945800781,43.30222702026367,43.30222702026367,-299.3949279785156
1.7758738895227016e+18,-259.6949768066406,-292.3527526855469,-263.3747253417969,-301.0921630859375,-264.064697265625,-285.6831970214844,-260.84490966796875,-286.6031494140625,108.25556945800781,43.30222702026367,43.30222702026367,-299.287109375
1.7758738895237015e+18,-284.5332946777344,-300.1722106933594,-288.4430236816406,-299.4822692871094,-290.74285888671875,-275.56390380859375,-286.3731689453125,-267.2844543457031,108.25556945800781,43.30222702026367,43.30222702026367,-298.1166687011719
1.7758738895247017e+18,-297.87237548828125,-279.013671875,-296.2624816894531,-280.16357421875,-296.7224426269531,-275.79388427734375,-292.3527526855469,-288.4430236816406,108.25556945800781,43.30222702026367,43.30222702026367,-301.11981201171875
1.7758738895257016e+18,-279.013671875,-305.00189208984375,-278.3236999511719,-309.1416015625,-276.02386474609375,-304.77191162109375,-268.20440673828125,-303.1620178222656,108.25556945800781,43.30222702026367,43.30222702026367,-300.9195861816406
1.7758738895267016e+18,-291.8927917480469,-316.0411376953125,-287.5230712890625,-278.0937194824219,-306.38177490234375,-298.33233642578125,-278.78369140625,-309.1416015625,108.25556945800781,43.30222702026367,43.30222702026367,-300.54998779296875
1.7758738895277015e+18,-276.25384521484375,-305.69183349609375,-287.9830322265625,-310.29150390625,-291.66278076171875,-305.00189208984375,-310.29150390625,-291.43280029296875,108.25556945800781,43.30222702026367,43.30222702026367,-300.6885986328125
1.7758738895287014e+18,-293.2726745605469,-320.87078857421875,-289.1329650878906,-324.550537109375,-284.30328369140625,-302.9320373535156,-286.1431579589844,-284.07330322265625,108.25556945800781,43.30222702026367,43.30222702026367,-298.67108154296875
1.7758738895297014e+18,-274.6439514160156,-292.1227722167969,-313.97125244140625,-299.9422302246094,-265.444580078125,-278.5536804199219,-298.56231689453125,-309.6015625,108.25556945800781,43.30222702026367,43.30222702026367,-299.6875305175781
1.7758738895307013e+18,-314.2012634277344,-288.2130432128906,-270.2742614746094,-307.7616882324219,-269.8143005371094,-270.0442810058594,-285.2232360839844,-267.2844543457031,108.25556945800781,43.30222702026367,43.30222702026367,-301.6434326171875
1.7758738895317012e+18,-294.422607421875,-286.8331298828125,-275.33392333984375,-305.69183349609375,-272.5740966796875,-299.9422302246094,-271.6541748046875,-295.342529296875,108.25556945800781,43.30222702026367,43.30222702026367,-297.80865478515625
1.7758738895327012e+18,-293.962646484375,-283.84332275390625,-264.524658203125,-279.013671875,-287.7530517578125,-276.02386474609375,-254.4053497314453,-261.99481201171875,108.25556945800781,43.30222702026367,43.30222702026367,-300.18035888671875
1.7758738895337014e+18,-292.3527526855469,-299.7122497558594,-261.53485107421875,-258.0850830078125,-281.3135070800781,-273.9540100097656,-250.72560119628906,-266.5945129394531,108.25556945800781,43.30222702026367,43.30222702026367,-296.9924011230469
1.7758738895347013e+18,-288.4430236816406,-276.9438171386719,-250.03564453125,-290.51287841796875,-268.43438720703125,-260.84490966796875,-283.84332275390625,-269.5843200683594,108.25556945800781,43.30222702026367,43.30222702026367,-296.8537902832031
1.7758738895357012e+18,-269.5843200683594,-268.43438720703125,-288.4430236816406,-266.3645324707031,-247.5058135986328,-283.15338134765625,-259.0050354003906,-269.35430908203125,108.25556945800781,43.30222702026367,43.30222702026367,-299.22552490234375
1.7758738895367012e+18,-246.8158721923828,-285.6831970214844,-296.0325012207031,-271.4241943359375,-258.7750549316406,-282.69342041015625,-258.0850830078125,-244.51602172851562,108.25556945800781,43.30222702026367,43.30222702026367,-297.99346923828125
1.775873889537701e+18,-258.5450744628906,-292.1227722167969,-256.4751892089844,-295.112548828125,-250.72560119628906,-280.8535461425781,-253.48541259765625,-286.6031494140625,108.25556945800781,43.30222702026367,43.30222702026367,-297.8856506347656
1.775873889538701e+18,-287.9830322265625,-267.5144348144531,-281.3135070800781,-287.5230712890625,-264.294677734375,-285.6831970214844,-250.95558166503906,-291.43280029296875,108.25556945800781,43.30222702026367,43.30222702026367,-299.14849853515625
1.775873889539701e+18,-276.48382568359375,-293.5026550292969,-289.1329650878906,-298.10235595703125,-290.51287841796875,-284.07330322265625,-290.74285888671875,-288.6730041503906,108.25556945800781,43.30222702026367,43.30222702026367,-299.22552490234375
1.775873889540701e+18,-290.74285888671875,-269.35430908203125,-295.112548828125,-299.4822692871094,-262.4548034667969,-298.10235595703125,-288.6730041503906,-283.38336181640625,108.25556945800781,43.30222702026367,43.30222702026367,-300.3959655761719
1.7758738895417009e+18,-276.71380615234375,-302.9320373535156,-274.4139709472656,-310.29150390625,-274.1839904785156,-299.9422302246094,-265.214599609375,-304.77191162109375,108.25556945800781,43.30222702026367,43.30222702026367,-300.3805847167969
1.775873889542701e+18,-305.69183349609375,-289.8229064941406,-301.3221435546875,-300.1722106933594,-301.0921630859375,-293.0426940917969,-296.0325012207031,-306.38177490234375,108.25556945800781,43.30222702026367,43.30222702026367,-301.3816223144531
1.775873889543701e+18,-296.0325012207031,-302.7020263671875,-304.5419006347656,-304.77191162109375,-308.681640625,-298.10235595703125,-310.29150390625,-295.342529296875,108.25556945800781,43.30222702026367,43.30222702026367,-300.0109558105469
1.775873889544701e+18,-322.4806823730469,-290.74285888671875,-294.192626953125,-311.9013977050781,-269.5843200683594,-296.2624816894531,-296.7224426269531,-276.02386474609375,108.25556945800781,43.30222702026367,43.30222702026367,-301.8436279296875
1.7758738895457009e+18,-275.33392333984375,-305.92181396484375,-272.1141357421875,-309.83154296875,-277.8637390136719,-298.56231689453125,-279.70361328125,-298.56231689453125,108.25556945800781,43.30222702026367,43.30222702026367,-300.1187744140625
1.7758738895467008e+18,-277.6337585449219,-305.69183349609375,-271.4241943359375,-301.7821044921875,-273.9540100097656,-282.2334289550781,-282.0034484863281,-277.1737976074219,108.25556945800781,43.30222702026367,43.30222702026367,-298.74810791015625
1.7758738895477007e+18,-273.4940490722656,-296.7224426269531,-282.69342041015625,-291.66278076171875,-290.97283935546875,-284.9932556152344,-292.1227722167969,-280.3935546875,108.25556945800781,43.30222702026367,43.30222702026367,-298.71728515625
1.7758738895487007e+18,-278.0937194824219,-291.66278076171875,-279.24365234375,-277.4037780761719,-280.16357421875,-261.53485107421875,-280.8535461425781,-263.6047058105469,108.25556945800781,43.30222702026367,43.30222702026367,-299.2101135253906
1.7758738895497006e+18,-277.6337585449219,-302.9320373535156,-275.33392333984375,-310.7514953613281,-269.12432861328125,-301.0921630859375,-263.3747253417969,-296.2624816894531,108.25556945800781,43.30222702026367,43.30222702026367,-298.9175109863281
1.7758738895507005e+18,-293.5026550292969,-268.89434814453125,-290.97283935546875,-276.02386474609375,-281.3135070800781,-267.97442626953125,-267.74444580078125,-276.71380615234375,108.25556945800781,43.30222702026367,43.30222702026367,-298.76348876953125
1.7758738895517007e+18,-287.0631103515625,-263.6047058105469,-266.5945129394531,-304.0819396972656,-265.9045715332031,-251.64553833007812,-278.78369140625,-264.754638671875,108.25556945800781,43.30222702026367,43.30222702026367,-297.962646484375
1.7758738895527007e+18,-299.02227783203125,-273.0340576171875,-292.5827331542969,-274.8739318847656,-262.6847839355469,-274.4139709472656,-240.1463165283203,-280.6235656738281,108.25556945800781,43.30222702026367,43.30222702026367,-297.25421142578125
1.7758738895537006e+18,-251.64553833007812,-288.9029846191406,-252.3354949951172,-286.1431579589844,-253.48541259765625,-278.78369140625,-244.51602172851562,-285.4532165527344,108.25556945800781,43.30222702026367,43.30222702026367,-299.0099182128906
1.7758738895547005e+18,-283.15338134765625,-290.05291748046875,-260.1549377441406,-274.1839904785156,-292.3527526855469,-268.66436767578125,-261.99481201171875,-299.02227783203125,108.25556945800781,43.30222702026367,43.30222702026367,-299.0252990722656
1.7758738895557005e+18,-276.9438171386719,-306.8417663574219,-281.3135070800781,-259.4649963378906,-280.16357421875,-294.192626953125,-261.53485107421875,-276.48382568359375,108.25556945800781,43.30222702026367,43.30222702026367,-300.07257080078125
1.7758738895567004e+18,-292.3527526855469,-293.0426940917969,-266.1345520019531,-276.71380615234375,-297.41241455078125,-287.2930908203125,-271.1941833496094,-299.4822692871094,108.25556945800781,43.30222702026367,43.30222702026367,-299.98016357421875
1.7758738895577004e+18,-296.9524230957031,-272.8040771484375,-299.9422302246094,-268.43438720703125,-288.2130432128906,-276.02386474609375,-289.3629455566406,-278.3236999511719,108.25556945800781,43.30222702026367,43.30222702026367,-300.2419738769531
1.7758738895587003e+18,-290.05291748046875,-271.1941833496094,-299.2522888183594,-325.240478515625,-281.7734680175781,-277.8637390136719,-301.7821044921875,-290.74285888671875,108.25556945800781,43.30222702026367,43.30222702026367,-299.88775634765625
1.7758738895597002e+18,-324.320556640625,-297.87237548828125,-313.74127197265625,-296.0325012207031,-300.4021911621094,-289.8229064941406,-289.1329650878906,-300.8621520996094,108.25556945800781,43.30222702026367,43.30222702026367,-300.4421691894531
1.7758738895607002e+18,-305.23187255859375,-302.7020263671875,-288.6730041503906,-307.0717468261719,-275.79388427734375,-302.4720458984375,-267.0544738769531,-306.15179443359375,108.25556945800781,43.30222702026367,43.30222702026367,-300.1649475097656
1.7758738895617004e+18,-297.41241455078125,-299.9422302246094,-297.64239501953125,-303.6219787597656,-278.0937194824219,-298.10235595703125,-264.984619140625,-304.77191162109375,108.25556945800781,43.30222702026367,43.30222702026367,-299.3641357421875
1.7758738895627003e+18,-296.4924621582031,-313.51129150390625,-293.0426940917969,-321.5607604980469,-287.0631103515625,-310.9814758300781,-284.7632751464844,-307.0717468261719,108.25556945800781,43.30222702026367,43.30222702026367,-298.8713073730469
1.7758738895637002e+18,-297.41241455078125,-284.30328369140625,-296.4924621582031,-279.24365234375,-291.43280029296875,-263.8346862792969,-285.6831970214844,-266.8244934082031,108.25556945800781,43.30222702026367,43.30222702026367,-298.2398681640625
1.7758738895647002e+18,-291.43280029296875,-285.9131774902344,-310.5215148925781,-285.9131774902344,-276.25384521484375,-295.112548828125,-253.25543212890625,-295.342529296875,108.25556945800781,43.30222702026367,43.30222702026367,-298.6864929199219
1.7758738895657e+18,-295.342529296875,-287.0631103515625,-266.8244934082031,-298.33233642578125,-282.2334289550781,-259.0050354003906,-252.7954559326172,-291.20281982421875,108.25556945800781,43.30222702026367,43.30222702026367,-300.18035888671875
1.7758738895667e+18,-306.38177490234375,-280.16357421875,-298.56231689453125,-274.6439514160156,-294.882568359375,-273.4940490722656,-290.97283935546875,-273.4940490722656,108.25556945800781,43.30222702026367,43.30222702026367,-298.19366455078125
1.7758738895677e+18,-287.9830322265625,-279.24365234375,-277.8637390136719,-283.38336181640625,-256.7052001953125,-279.70361328125,-245.89593505859375,-284.30328369140625,108.25556945800781,43.30222702026367,43.30222702026367,-296.77679443359375
1.7758738895687e+18,-271.1941833496094,-277.6337585449219,-267.2844543457031,-278.5536804199219,-256.9351806640625,-276.02386474609375,-249.34568786621094,-280.6235656738281,108.25556945800781,43.30222702026367,43.30222702026367,-298.65570068359375
1.7758738895696998e+18,-290.05291748046875,-271.4241943359375,-273.7240295410156,-280.6235656738281,-256.7052001953125,-277.1737976074219,-244.05606079101562,-277.8637390136719,108.25556945800781,43.30222702026367,43.30222702026367,-297.34661865234375
1.7758738895707e+18,-280.8535461425781,-263.1447448730469,-286.8331298828125,-261.53485107421875,-282.46343994140625,-260.61492919921875,-274.6439514160156,-282.92340087890625,108.25556945800781,43.30222702026367,43.30222702026367,-300.3035583496094
1.7758738895717e+18,-272.5740966796875,-284.30328369140625,-277.8637390136719,-269.5843200683594,-281.7734680175781,-256.2452087402344,-277.4037780761719,-254.1753692626953,108.25556945800781,43.30222702026367,43.30222702026367,-298.76348876953125
1.7758738895727e+18,-291.43280029296875,-269.8143005371094,-290.97283935546875,-278.5536804199219,-282.46343994140625,-275.56390380859375,-275.33392333984375,-295.112548828125,108.25556945800781,43.30222702026367,43.30222702026367,-301.0581970214844
1.7758738895736998e+18,-312.1313781738281,-288.6730041503906,-299.7122497558594,-294.422607421875,-296.0325012207031,-289.8229064941406,-290.97283935546875,-290.28289794921875,108.25556945800781,43.30222702026367,43.30222702026367,-300.3497619628906
1.7758738895746998e+18,-289.1329650878906,-300.1722106933594,-297.41241455078125,-296.2624816894531,-307.5317077636719,-285.4532165527344,-304.0819396972656,-287.9830322265625,108.25556945800781,43.30222702026367,43.30222702026367,-300.7655944824219
1.7758738895756997e+18,-307.7616882324219,-276.71380615234375,-303.1620178222656,-275.10394287109375,-298.33233642578125,-273.4940490722656,-292.3527526855469,-275.33392333984375,108.25556945800781,43.30222702026367,43.30222702026367,-299.6413269042969
1.7758738895766996e+18,-305.00189208984375,-306.8417663574219,-301.7821044921875,-318.1109924316406,-292.3527526855469,-320.87078857421875,-282.69342041015625,-318.8009338378906,108.25556945800781,43.30222702026367,43.30222702026367,-301.50482177734375
1.7758738895776996e+18,-309.83154296875,-283.61334228515625,-305.69183349609375,-289.3629455566406,-300.1722106933594,-300.4021911621094,-289.8229064941406,-322.2507019042969,108.25556945800781,43.30222702026367,43.30222702026367,-300.611572265625
1.7758738895786995e+18,-275.79388427734375,-307.0717468261719,-278.0937194824219,-309.1416015625,-287.0631103515625,-296.9524230957031,-296.0325012207031,-297.1824035644531,108.25556945800781,43.30222702026367,43.30222702026367,-300.3035583496094
1.7758738895796997e+18,-291.43280029296875,-304.3119201660156,-275.56390380859375,-305.46185302734375,-263.1447448730469,-293.2726745605469,-267.0544738769531,-294.422607421875,108.25556945800781,43.30222702026367,43.30222702026367,-298.4400939941406
1.7758738895806996e+18,-307.0717468261719,-273.9540100097656,-291.66278076171875,-309.6015625,-273.2640686035156,-308.4516296386719,-270.7342224121094,-309.37158203125,108.25556945800781,43.30222702026367,43.30222702026367,-299.6875305175781
1.7758738895816996e+18,-294.422607421875,-319.0309143066406,-278.3236999511719,-297.41241455078125,-287.7530517578125,-253.71539306640625,-277.8637390136719,-281.5434875488281,108.25556945800781,43.30222702026367,43.30222702026367,-298.3014831542969
1.7758738895826995e+18,-306.15179443359375,-277.8637390136719,-279.70361328125,-294.882568359375,-254.4053497314453,-277.1737976074219,-273.4940490722656,-254.4053497314453,108.25556945800781,43.30222702026367,43.30222702026367,-300.3959655761719
1.7758738895836995e+18,-262.2248229980469,-285.9131774902344,-261.53485107421875,-287.7530517578125,-256.4751892089844,-277.6337585449219,-244.51602172851562,-284.30328369140625,108.25556945800781,43.30222702026367,43.30222702026367,-299.0252990722656
1.7758738895846994e+18,-287.5230712890625,-266.1345520019531,-296.9524230957031,-270.7342224121094,-278.78369140625,-276.48382568359375,-247.2758331298828,-287.7530517578125,108.25556945800781,43.30222702026367,43.30222702026367,-297.14642333984375
1.7758738895856998e+18,-261.30487060546875,-293.962646484375,-272.8040771484375,-272.3441162109375,-291.66278076171875,-273.7240295410156,-242.4461669921875,-285.2232360839844,108.25556945800781,43.30222702026367,43.30222702026367,-299.5797424316406
1.7758738895867003e+18,-282.2334289550781,-258.0850830078125,-279.4736328125,-279.93359375,-266.8244934082031,-292.5827331542969,-262.9147644042969,-299.7122497558594,108.25556945800781,43.30222702026367,43.30222702026367,-297.6392517089844
1.7758738895877005e+18,-255.09530639648438,-292.8127136230469,-272.3441162109375,-255.78524780273438,-285.6831970214844,-271.8841552734375,-260.1549377441406,-300.6321716308594,108.25556945800781,43.30222702026367,43.30222702026367,-297.3004150390625
1.775873889588701e+18,-273.7240295410156,-288.9029846191406,-287.2930908203125,-263.8346862792969,-285.4532165527344,-265.9045715332031,-265.444580078125,-290.05291748046875,108.25556945800781,43.30222702026367,43.30222702026367,-298.1474609375
1.775873889589701e+18,-269.5843200683594,-290.74285888671875,-265.674560546875,-301.3221435546875,-259.4649963378906,-294.192626953125,-258.3150634765625,-289.8229064941406,108.25556945800781,43.30222702026367,43.30222702026367,-297.8548583984375
1.7758738895907016e+18,-293.5026550292969,-299.9422302246094,-289.5929260253906,-308.681640625,-284.5332946777344,-305.92181396484375,-279.4736328125,-314.2012634277344,108.25556945800781,43.30222702026367,43.30222702026367,-301.39703369140625
1.7758738895917018e+18,-287.2930908203125,-294.882568359375,-282.46343994140625,-304.0819396972656,-269.8143005371094,-299.7122497558594,-263.3747253417969,-299.7122497558594,108.25556945800781,43.30222702026367,43.30222702026367,-299.3487243652344
1.7758738895927022e+18,-307.7616882324219,-278.0937194824219,-305.92181396484375,-276.9438171386719,-301.5521240234375,-269.12432861328125,-294.882568359375,-273.4940490722656,108.25556945800781,43.30222702026367,43.30222702026367,-298.76348876953125
1.7758738895937027e+18,-298.33233642578125,-310.7514953613281,-281.3135070800781,-315.5811462402344,-274.1839904785156,-307.0717468261719,-267.74444580078125,-304.5419006347656,108.25556945800781,43.30222702026367,43.30222702026367,-299.79534912109375
1.7758738895947028e+18,-296.0325012207031,-311.9013977050781,-275.79388427734375,-315.1211853027344,-280.8535461425781,-285.4532165527344,-295.342529296875,-270.7342224121094,108.25556945800781,43.30222702026367,43.30222702026367,-301.9976501464844
1.7758738895957033e+18,-278.3236999511719,-312.59136962890625,-276.02386474609375,-301.3221435546875,-287.9830322265625,-272.5740966796875,-299.7122497558594,-272.3441162109375,108.25556945800781,43.30222702026367,43.30222702026367,-301.13519287109375
1.7758738895967035e+18,-282.92340087890625,-292.1227722167969,-276.9438171386719,-304.77191162109375,-271.1941833496094,-294.192626953125,-265.214599609375,-301.7821044921875,108.25556945800781,43.30222702026367,43.30222702026367,-299.90313720703125
1.775873889597704e+18,-292.3527526855469,-281.5434875488281,-291.8927917480469,-273.0340576171875,-291.8927917480469,-263.8346862792969,-285.2232360839844,-275.79388427734375,108.25556945800781,43.30222702026367,43.30222702026367,-300.3343811035156
1.7758738895987044e+18,-273.4940490722656,-295.112548828125,-278.3236999511719,-295.342529296875,-276.25384521484375,-286.8331298828125,-269.35430908203125,-286.1431579589844,108.25556945800781,43.30222702026367,43.30222702026367,-299.1947021484375
1.7758738895997046e+18,-270.9642028808594,-292.3527526855469,-261.30487060546875,-293.2726745605469,-251.87551879882812,-283.61334228515625,-249.11570739746094,-289.8229064941406,108.25556945800781,43.30222702026367,43.30222702026367,-298.9637145996094
1.775873889600705e+18,-288.2130432128906,-261.76483154296875,-285.6831970214844,-260.38494873046875,-279.013671875,-261.07489013671875,-272.3441162109375,-265.214599609375,108.25556945800781,43.30222702026367,43.30222702026367,-298.76348876953125
1.7758738896017052e+18,-292.8127136230469,-282.0034484863281,-251.18556213378906,-288.2130432128906,-291.8927917480469,-259.6949768066406,-253.25543212890625,-286.6031494140625,108.25556945800781,43.30222702026367,43.30222702026367,-299.8723449707031
1.7758738896027057e+18,-296.7224426269531,-267.5144348144531,-268.43438720703125,-293.0426940917969,-260.38494873046875,-250.95558166503906,-276.71380615234375,-276.9438171386719,108.25556945800781,43.30222702026367,43.30222702026367,-296.8999938964844
1.7758738896037059e+18,-291.43280029296875,-268.66436767578125,-273.0340576171875,-294.882568359375,-256.4751892089844,-261.76483154296875,-276.71380615234375,-256.7052001953125,108.25556945800781,43.30222702026367,43.30222702026367,-298.332275390625
1.7758738896047063e+18,-263.1447448730469,-289.5929260253906,-253.0254364013672,-288.9029846191406,-267.2844543457031,-269.12432861328125,-275.33392333984375,-264.294677734375,108.25556945800781,43.30222702026367,43.30222702026367,-299.04071044921875
1.7758738896057068e+18,-270.9642028808594,-288.2130432128906,-262.6847839355469,-297.41241455078125,-261.76483154296875,-292.3527526855469,-254.4053497314453,-293.0426940917969,108.25556945800781,43.30222702026367,43.30222702026367,-298.8713073730469
1.775873889606707e+18,-310.0615234375,-288.6730041503906,-307.7616882324219,-283.84332275390625,-307.5317077636719,-282.0034484863281,-296.9524230957031,-286.1431579589844,108.25556945800781,43.30222702026367,43.30222702026367,-299.1793212890625
1.7758738896077074e+18,-294.652587890625,-279.24365234375,-292.1227722167969,-287.0631103515625,-287.5230712890625,-288.4430236816406,-274.6439514160156,-295.342529296875,108.25556945800781,43.30222702026367,43.30222702026367,-300.1495666503906
1.7758738896087076e+18,-318.8009338378906,-288.2130432128906,-310.7514953613281,-297.64239501953125,-282.0034484863281,-305.69183349609375,-268.20440673828125,-302.2420654296875,108.25556945800781,43.30222702026367,43.30222702026367,-299.0715026855469
1.775873889609708e+18,-293.962646484375,-297.64239501953125,-265.444580078125,-309.6015625,-308.91162109375,-286.6031494140625,-307.9916687011719,-301.5521240234375,108.25556945800781,43.30222702026367,43.30222702026367,-298.3630676269531
1.7758738896107082e+18,-279.70361328125,-311.4414367675781,-279.24365234375,-309.37158203125,-277.4037780761719,-303.6219787597656,-281.5434875488281,-307.5317077636719,108.25556945800781,43.30222702026367,43.30222702026367,-299.99554443359375
1.7758738896117087e+18,-300.6321716308594,-296.0325012207031,-300.8621520996094,-279.70361328125,-298.79229736328125,-279.93359375,-283.38336181640625,-301.5521240234375,108.25556945800781,43.30222702026367,43.30222702026367,-300.59619140625
1.775873889612709e+18,-273.7240295410156,-310.0615234375,-274.6439514160156,-301.7821044921875,-276.25384521484375,-282.92340087890625,-285.6831970214844,-274.8739318847656,108.25556945800781,43.30222702026367,43.30222702026367,-299.41033935546875
1.7758738896137093e+18,-299.4822692871094,-285.6831970214844,-290.97283935546875,-283.38336181640625,-289.1329650878906,-271.1941833496094,-286.8331298828125,-271.8841552734375,108.25556945800781,43.30222702026367,43.30222702026367,-298.1628723144531
1.7758738896147098e+18,-267.5144348144531,-304.77191162109375,-265.444580078125,-299.9422302246094,-281.7734680175781,-277.8637390136719,-291.43280029296875,-275.56390380859375,108.25556945800781,43.30222702026367,43.30222702026367,-299.7645568847656
1.77587388961571e+18,-300.6321716308594,-276.02386474609375,-266.5945129394531,-297.87237548828125,-281.3135070800781,-258.5450744628906,-265.9045715332031,-297.64239501953125,108.25556945800781,43.30222702026367,43.30222702026367,-299.98016357421875
1.7758738896167104e+18,-270.5042419433594,-293.2726745605469,-287.9830322265625,-263.3747253417969,-257.8551025390625,-290.97283935546875,-267.74444580078125,-262.6847839355469,108.25556945800781,43.30222702026367,43.30222702026367,-299.22552490234375
1.7758738896177106e+18,-266.3645324707031,-282.92340087890625,-266.1345520019531,-284.5332946777344,-259.2350158691406,-276.48382568359375,-249.57568359375,-283.38336181640625,108.25556945800781,43.30222702026367,43.30222702026367,-299.0099182128906
1.775873889618711e+18,-247.96578979492188,-280.16357421875,-256.2452087402344,-282.0034484863281,-261.30487060546875,-264.984619140625,-263.3747253417969,-259.0050354003906,108.25556945800781,43.30222702026367,43.30222702026367,-297.37744140625
1.7758738896197115e+18,-273.9540100097656,-293.5026550292969,-273.7240295410156,-276.9438171386719,-272.5740966796875,-255.78524780273438,-273.4940490722656,-251.41555786132812,108.25556945800781,43.30222702026367,43.30222702026367,-298.3630676269531
1.7758738896207117e+18,-250.72560119628906,-288.4430236816406,-253.48541259765625,-288.6730041503906,-286.3731689453125,-267.2844543457031,-280.6235656738281,-277.6337585449219,108.25556945800781,43.30222702026367,43.30222702026367,-296.4071960449219
1.7758738896217121e+18,-282.46343994140625,-264.524658203125,-259.4649963378906,-299.9422302246094,-297.64239501953125,-272.1141357421875,-251.18556213378906,-283.84332275390625,108.25556945800781,43.30222702026367,43.30222702026367,-298.57867431640625
1.7758738896227123e+18,-279.4736328125,-297.41241455078125,-277.6337585449219,-285.2232360839844,-283.15338134765625,-277.4037780761719,-282.0034484863281,-263.6047058105469,108.25556945800781,43.30222702026367,43.30222702026367,-298.74810791015625
1.7758738896237128e+18,-266.8244934082031,-304.77191162109375,-287.0631103515625,-268.66436767578125,-287.9830322265625,-314.4312438964844,-272.5740966796875,-277.1737976074219,108.25556945800781,43.30222702026367,43.30222702026367,-300.1187744140625
1.775873889624713e+18,-273.7240295410156,-299.2522888183594,-282.0034484863281,-304.5419006347656,-284.30328369140625,-296.0325012207031,-301.5521240234375,-294.192626953125,108.25556945800781,43.30222702026367,43.30222702026367,-299.6259460449219
1.7758738896257134e+18,-301.7821044921875,-289.8229064941406,-293.962646484375,-296.9524230957031,-284.7632751464844,-290.28289794921875,-275.10394287109375,-294.192626953125,108.25556945800781,43.30222702026367,43.30222702026367,-300.411376953125
1.7758738896267139e+18,-318.1109924316406,-294.882568359375,-315.1211853027344,-294.192626953125,-305.00189208984375,-292.3527526855469,-293.962646484375,-297.87237548828125,108.25556945800781,43.30222702026367,43.30222702026367,-300.5191650390625
1.775873889627714e+18,-284.9932556152344,-303.6219787597656,-281.5434875488281,-310.9814758300781,-276.71380615234375,-304.3119201660156,-276.48382568359375,-301.0921630859375,108.25556945800781,43.30222702026367,43.30222702026367,-300.27276611328125
1.7758738896287145e+18,-281.0835266113281,-307.3017272949219,-279.24365234375,-303.3919982910156,-278.78369140625,-293.5026550292969,-282.69342041015625,-287.2930908203125,108.25556945800781,43.30222702026367,43.30222702026367,-298.8251037597656
1.7758738896297147e+18,-309.83154296875,-277.6337585449219,-301.0921630859375,-280.6235656738281,-298.79229736328125,-280.16357421875,-281.5434875488281,-291.8927917480469,108.25556945800781,43.30222702026367,43.30222702026367,-300.5807800292969
1.7758738896307151e+18,-282.2334289550781,-296.9524230957031,-301.5521240234375,-292.3527526855469,-263.8346862792969,-276.02386474609375,-279.93359375,-307.7616882324219,108.25556945800781,43.30222702026367,43.30222702026367,-299.0869140625
1.7758738896317153e+18,-292.3527526855469,-264.524658203125,-289.5929260253906,-310.29150390625,-273.0340576171875,-299.7122497558594,-275.10394287109375,-271.8841552734375,108.25556945800781,43.30222702026367,43.30222702026367,-298.67108154296875
1.7758738896327158e+18,-261.30487060546875,-291.8927917480469,-259.4649963378906,-291.66278076171875,-259.9249572753906,-270.9642028808594,-254.8653106689453,-270.9642028808594,108.25556945800781,43.30222702026367,43.30222702026367,-297.7470397949219
1.7758738896337162e+18,-257.8551025390625,-285.6831970214844,-300.4021911621094,-279.013671875,-251.87551879882812,-254.1753692626953,-279.4736328125,-299.2522888183594,108.25556945800781,43.30222702026367,43.30222702026367,-299.99554443359375
1.7758738896347164e+18,-267.0544738769531,-273.4940490722656,-286.1431579589844,-258.7750549316406,-268.20440673828125,-278.5536804199219,-240.37631225585938,-269.5843200683594,108.25556945800781,43.30222702026367,43.30222702026367,-299.4411315917969
1.7758738896357169e+18,-285.4532165527344,-263.1447448730469,-293.732666015625,-277.6337585449219,-250.03564453125,-281.0835266113281,-263.8346862792969,-246.12591552734375,108.25556945800781,43.30222702026367,43.30222702026367,-300.4267883300781
1.775873889636717e+18,-274.4139709472656,-277.8637390136719,-274.6439514160156,-279.70361328125,-279.24365234375,-256.4751892089844,-276.02386474609375,-252.5654754638672,108.25556945800781,43.30222702026367,43.30222702026367,-297.1002197265625
1.7758738896377175e+18,-281.3135070800781,-268.66436767578125,-298.33233642578125,-276.9438171386719,-255.55526733398438,-287.9830322265625,-267.74444580078125,-252.5654754638672,108.25556945800781,43.30222702026367,43.30222702026367,-299.6721496582031
1.7758738896387177e+18,-283.15338134765625,-286.3731689453125,-289.3629455566406,-285.2232360839844,-299.02227783203125,-277.6337585449219,-295.8025207519531,-277.4037780761719,108.25556945800781,43.30222702026367,43.30222702026367,-298.65570068359375
1.7758738896397181e+18,-265.9045715332031,-296.7224426269531,-257.3951416015625,-295.5725402832031,-261.76483154296875,-286.8331298828125,-268.66436767578125,-286.1431579589844,108.25556945800781,43.30222702026367,43.30222702026367,-297.947265625
1.7758738896407186e+18,-297.1824035644531,-271.4241943359375,-296.7224426269531,-277.1737976074219,-295.342529296875,-272.8040771484375,-290.74285888671875,-273.7240295410156,108.25556945800781,43.30222702026367,43.30222702026367,-298.08587646484375
1.7758738896417188e+18,-276.71380615234375,-308.91162109375,-273.7240295410156,-307.5317077636719,-267.5144348144531,-301.3221435546875,-265.674560546875,-306.38177490234375,108.25556945800781,43.30222702026367,43.30222702026367,-300.2881774902344
1.7758738896427192e+18,-291.20281982421875,-290.28289794921875,-293.2726745605469,-293.2726745605469,-295.342529296875,-283.84332275390625,-293.962646484375,-281.7734680175781,108.25556945800781,43.30222702026367,43.30222702026367,-298.6864929199219
1.7758738896437194e+18,-282.69342041015625,-301.5521240234375,-283.38336181640625,-304.5419006347656,-276.71380615234375,-299.9422302246094,-270.2742614746094,-305.46185302734375,108.25556945800781,43.30222702026367,43.30222702026367,-300.611572265625
1.7758738896447199e+18,-311.6714172363281,-294.882568359375,-287.7530517578125,-326.8503723144531,-292.5827331542969,-274.6439514160156,-295.5725402832031,-304.3119201660156,108.25556945800781,43.30222702026367,43.30222702026367,-300.5345764160156
1.77587388964572e+18,-286.6031494140625,-309.1416015625,-291.20281982421875,-305.23187255859375,-291.8927917480469,-295.8025207519531,-294.422607421875,-295.342529296875,108.25556945800781,43.30222702026367,43.30222702026367,-299.7337341308594
1.7758738896467205e+18,-296.4924621582031,-282.69342041015625,-296.2624816894531,-276.48382568359375,-295.8025207519531,-277.8637390136719,-286.6031494140625,-303.3919982910156,108.25556945800781,43.30222702026367,43.30222702026367,-300.9042053222656
1.775873889647721e+18,-287.0631103515625,-293.962646484375,-287.9830322265625,-280.8535461425781,-286.1431579589844,-269.12432861328125,-282.0034484863281,-264.984619140625,108.25556945800781,43.30222702026367,43.30222702026367,-298.3630676269531
1.7758738896487212e+18,-264.984619140625,-295.8025207519531,-264.524658203125,-290.74285888671875,-260.84490966796875,-282.69342041015625,-261.53485107421875,-284.5332946777344,108.25556945800781,43.30222702026367,43.30222702026367,-298.51708984375
1.7758738896497216e+18,-289.5929260253906,-279.013671875,-286.6031494140625,-280.8535461425781,-274.6439514160156,-275.79388427734375,-255.09530639648438,-281.5434875488281,108.25556945800781,43.30222702026367,43.30222702026367,-299.51812744140625
1.7758738896507218e+18,-270.0442810058594,-302.9320373535156,-270.2742614746094,-303.1620178222656,-261.30487060546875,-282.92340087890625,-262.9147644042969,-285.4532165527344,108.25556945800781,43.30222702026367,43.30222702026367,-299.1177062988281
1.7758738896517222e+18,-294.192626953125,-269.5843200683594,-254.4053497314453,-292.1227722167969,-261.30487060546875,-244.28604125976562,-272.1141357421875,-284.7632751464844,108.25556945800781,43.30222702026367,43.30222702026367,-297.62384033203125
1.7758738896527227e+18,-272.5740966796875,-296.2624816894531,-264.984619140625,-303.6219787597656,-262.9147644042969,-287.0631103515625,-260.1549377441406,-275.33392333984375,108.25556945800781,43.30222702026367,43.30222702026367,-297.7008361816406
1.775873889653723e+18,-269.5843200683594,-251.64553833007812,-283.61334228515625,-259.9249572753906,-271.6541748046875,-287.9830322265625,-256.4751892089844,-298.10235595703125,108.25556945800781,43.30222702026367,43.30222702026367,-298.67108154296875
1.7758738896547233e+18,-272.3441162109375,-278.0937194824219,-282.0034484863281,-266.8244934082031,-282.46343994140625,-265.674560546875,-272.5740966796875,-290.05291748046875,108.25556945800781,43.30222702026367,43.30222702026367,-299.287109375
1.7758738896557235e+18,-282.92340087890625,-274.4139709472656,-270.7342224121094,-290.51287841796875,-261.53485107421875,-285.9131774902344,-255.78524780273438,-287.2930908203125,108.25556945800781,43.30222702026367,43.30222702026367,-299.3795166015625
1.775873889656724e+18,-283.84332275390625,-277.6337585449219,-290.51287841796875,-270.0442810058594,-295.112548828125,-258.7750549316406,-282.2334289550781,-278.5536804199219,108.25556945800781,43.30222702026367,43.30222702026367,-299.9185485839844
1.7758738896577242e+18,-296.7224426269531,-298.10235595703125,-270.2742614746094,-309.37158203125,-281.7734680175781,-293.5026550292969,-299.2522888183594,-283.15338134765625,108.25556945800781,43.30222702026367,43.30222702026367,-300.18035888671875
1.7758738896587246e+18,-304.77191162109375,-323.400634765625,-293.0426940917969,-279.013671875,-276.48382568359375,-306.15179443359375,-310.5215148925781,-287.0631103515625,108.25556945800781,43.30222702026367,43.30222702026367,-301.68963623046875
1.775873889659725e+18,-309.37158203125,-309.6015625,-285.4532165527344,-303.8519592285156,-307.7616882324219,-279.4736328125,-279.013671875,-315.1211853027344,108.25556945800781,43.30222702026367,43.30222702026367,-299.51812744140625
1.7758738896607252e+18,-290.05291748046875,-311.9013977050781,-275.56390380859375,-312.59136962890625,-288.2130432128906,-287.9830322265625,-296.7224426269531,-273.4940490722656,108.25556945800781,43.30222702026367,43.30222702026367,-301.0736083984375
1.7758738896617257e+18,-306.8417663574219,-294.652587890625,-292.5827331542969,-325.9304504394531,-284.9932556152344,-285.9131774902344,-299.2522888183594,-278.3236999511719,108.25556945800781,43.30222702026367,43.30222702026367,-300.8117980957031
1.775873889662726e+18,-268.66436767578125,-301.3221435546875,-288.2130432128906,-294.652587890625,-305.92181396484375,-282.92340087890625,-309.6015625,-290.51287841796875,108.25556945800781,43.30222702026367,43.30222702026367,-300.5807800292969
1.7758738896637263e+18,-316.9610595703125,-283.84332275390625,-296.4924621582031,-299.4822692871094,-262.6847839355469,-293.962646484375,-267.74444580078125,-275.79388427734375,108.25556945800781,43.30222702026367,43.30222702026367,-301.39703369140625
1.7758738896647265e+18,-299.02227783203125,-268.89434814453125,-290.05291748046875,-273.9540100097656,-280.16357421875,-281.0835266113281,-251.64553833007812,-297.1824035644531,108.25556945800781,43.30222702026367,43.30222702026367,-299.2563171386719
1.775873889665727e+18,-275.10394287109375,-303.1620178222656,-279.93359375,-261.53485107421875,-276.02386474609375,-298.79229736328125,-267.5144348144531,-256.0152282714844,108.25556945800781,43.30222702026367,43.30222702026367,-298.3938903808594
1.7758738896667274e+18,-286.1431579589844,-258.7750549316406,-284.30328369140625,-274.4139709472656,-248.42575073242188,-282.46343994140625,-252.10549926757812,-282.2334289550781,108.25556945800781,43.30222702026367,43.30222702026367,-298.4092712402344
1.7758738896677276e+18,-277.4037780761719,-266.1345520019531,-252.5654754638672,-275.56390380859375,-279.70361328125,-290.97283935546875,-270.9642028808594,-258.0850830078125,108.25556945800781,43.30222702026367,43.30222702026367,-299.7645568847656
1.775873889668728e+18,-269.8143005371094,-269.5843200683594,-287.2930908203125,-275.56390380859375,-240.1463165283203,-266.5945129394531,-292.5827331542969,-273.9540100097656,108.25556945800781,43.30222702026367,43.30222702026367,-296.39178466796875
1.7758738896697283e+18,-285.6831970214844,-254.4053497314453,-284.9932556152344,-272.1141357421875,-270.2742614746094,-278.3236999511719,-252.10549926757812,-298.10235595703125,108.25556945800781,43.30222702026367,43.30222702026367,-297.0232238769531
1.7758738896707287e+18,-269.12432861328125,-276.48382568359375,-293.732666015625,-292.1227722167969,-249.57568359375,-262.6847839355469,-279.70361328125,-270.9642028808594,108.25556945800781,43.30222702026367,43.30222702026367,-296.48419189453125
1.775873889671729e+18,-286.3731689453125,-259.6949768066406,-284.9932556152344,-288.6730041503906,-253.48541259765625,-283.15338134765625,-278.5536804199219,-268.66436767578125,108.25556945800781,43.30222702026367,43.30222702026367,-298.71728515625
1.7758738896727293e+18,-293.5026550292969,-292.5827331542969,-255.32528686523438,-301.3221435546875,-301.5521240234375,-267.97442626953125,-280.8535461425781,-294.882568359375,108.25556945800781,43.30222702026367,43.30222702026367,-298.48626708984375
1.7758738896737298e+18,-280.3935546875,-269.5843200683594,-277.6337585449219,-290.05291748046875,-302.7020263671875,-296.9524230957031,-268.43438720703125,-277.4037780761719,108.25556945800781,43.30222702026367,43.30222702026367,-299.14849853515625
1.77587388967473e+18,-306.38177490234375,-301.0921630859375,-283.84332275390625,-280.8535461425781,-280.3935546875,-303.6219787597656,-294.652587890625,-293.732666015625,108.25556945800781,43.30222702026367,43.30222702026367,-301.0119934082031
1.7758738896757304e+18,-293.962646484375,-290.74285888671875,-303.8519592285156,-274.8739318847656,-300.1722106933594,-282.46343994140625,-281.7734680175781,-304.5419006347656,108.25556945800781,43.30222702026367,43.30222702026367,-300.7039794921875
1.7758738896767306e+18,-287.2930908203125,-287.9830322265625,-310.29150390625,-277.4037780761719,-300.6321716308594,-285.4532165527344,-285.2232360839844,-315.5811462402344,108.25556945800781,43.30222702026367,43.30222702026367,-301.11981201171875
1.775873889677731e+18,-313.28131103515625,-286.3731689453125,-290.28289794921875,-327.54034423828125,-285.6831970214844,-285.4532165527344,-300.8621520996094,-285.2232360839844,108.25556945800781,43.30222702026367,43.30222702026367,-300.47296142578125
1.7758738896787313e+18,-310.29150390625,-280.6235656738281,-303.1620178222656,-302.4720458984375,-285.4532165527344,-316.9610595703125,-277.1737976074219,-318.1109924316406,108.25556945800781,43.30222702026367,43.30222702026367,-299.1793212890625
1.7758738896797317e+18,-292.8127136230469,-326.6203918457031,-286.6031494140625,-322.2507019042969,-279.4736328125,-311.2114562988281,-279.013671875,-316.2711181640625,108.25556945800781,43.30222702026367,43.30222702026367,-299.90313720703125
1.7758738896807322e+18,-269.5843200683594,-298.33233642578125,-302.4720458984375,-294.192626953125,-272.1141357421875,-275.79388427734375,-291.43280029296875,-288.9029846191406,108.25556945800781,43.30222702026367,43.30222702026367,-300.65777587890625
1.7758738896817324e+18,-267.5144348144531,-290.28289794921875,-299.2522888183594,-314.4312438964844,-271.4241943359375,-256.9351806640625,-245.4359588623047,-284.7632751464844,108.25556945800781,43.30222702026367,43.30222702026367,-298.74810791015625
1.7758738896827328e+18,-285.6831970214844,-304.77191162109375,-279.24365234375,-266.8244934082031,-255.55526733398438,-286.6031494140625,-292.8127136230469,-271.1941833496094,108.25556945800781,43.30222702026367,43.30222702026367,-300.5037841796875
1.775873889683733e+18,-291.43280029296875,-263.8346862792969,-256.0152282714844,-287.2930908203125,-284.9932556152344,-278.5536804199219,-250.72560119628906,-254.6353302001953,108.25556945800781,43.30222702026367,43.30222702026367,-297.82403564453125
1.7758738896847334e+18,-295.342529296875,-288.2130432128906,-263.1447448730469,-251.87551879882812,-276.25384521484375,-297.87237548828125,-265.9045715332031,-249.57568359375,108.25556945800781,43.30222702026367,43.30222702026367,-297.762451171875
1.7758738896857334e+18,-273.4940490722656,-299.7122497558594,-282.46343994140625,-258.3150634765625,-246.58587646484375,-279.4736328125,-285.2232360839844,-264.984619140625,108.25556945800781,43.30222702026367,43.30222702026367,-296.8537902832031
1.7758738896867333e+18,-280.6235656738281,-257.3951416015625,-267.74444580078125,-302.0120849609375,-276.25384521484375,-249.57568359375,-251.87551879882812,-291.66278076171875,108.25556945800781,43.30222702026367,43.30222702026367,-299.2563171386719
1.7758738896877335e+18,-271.8841552734375,-290.51287841796875,-257.1651611328125,-267.0544738769531,-288.2130432128906,-268.43438720703125,-257.6251220703125,-299.9422302246094,108.25556945800781,43.30222702026367,43.30222702026367,-298.67108154296875
1.7758738896887334e+18,-263.3747253417969,-276.71380615234375,-287.2930908203125,-298.56231689453125,-276.71380615234375,-267.74444580078125,-264.064697265625,-291.8927917480469,108.25556945800781,43.30222702026367,43.30222702026367,-298.47088623046875
1.7758738896897334e+18,-289.8229064941406,-297.1824035644531,-290.51287841796875,-274.8739318847656,-263.1447448730469,-288.6730041503906,-290.05291748046875,-303.1620178222656,108.25556945800781,43.30222702026367,43.30222702026367,-299.4411315917969
1.7758738896907333e+18,-288.2130432128906,-282.46343994140625,-303.1620178222656,-304.5419006347656,-263.8346862792969,-275.33392333984375,-297.1824035644531,-294.192626953125,108.25556945800781,43.30222702026367,43.30222702026367,-298.9945068359375
1.7758738896917332e+18,-291.20281982421875,-316.7310791015625,-287.7530517578125,-276.02386474609375,-291.20281982421875,-302.7020263671875,-279.013671875,-286.1431579589844,108.25556945800781,43.30222702026367,43.30222702026367,-298.56329345703125
1.7758738896927332e+18,-306.38177490234375,-281.0835266113281,-270.9642028808594,-313.05133056640625,-314.8912048339844,-284.7632751464844,-276.02386474609375,-314.2012634277344,108.25556945800781,43.30222702026367,43.30222702026367,-301.2738037109375
1.775873889693733e+18,-324.320556640625,-292.5827331542969,-270.5042419433594,-301.0921630859375,-306.15179443359375,-292.8127136230469,-279.013671875,-315.5811462402344,108.25556945800781,43.30222702026367,43.30222702026367,-301.2738037109375
1.775873889694733e+18,-275.33392333984375,-315.5811462402344,-308.681640625,-288.6730041503906,-310.9814758300781,-299.4822692871094,-278.0937194824219,-310.9814758300781,108.25556945800781,43.30222702026367,43.30222702026367,-298.9175109863281
1.775873889695733e+18,-291.8927917480469,-279.93359375,-306.38177490234375,-275.10394287109375,-291.43280029296875,-301.7821044921875,-278.5536804199219,-319.72088623046875,108.25556945800781,43.30222702026367,43.30222702026367,-298.94830322265625
1.775873889696733e+18,-313.74127197265625,-291.66278076171875,-269.35430908203125,-305.69183349609375,-303.6219787597656,-279.70361328125,-273.4940490722656,-304.5419006347656,108.25556945800781,43.30222702026367,43.30222702026367,-299.3487243652344
1.775873889697733e+18,-295.112548828125,-276.48382568359375,-279.93359375,-309.6015625,-285.2232360839844,-264.294677734375,-254.1753692626953,-296.9524230957031,108.25556945800781,43.30222702026367,43.30222702026367,-300.27276611328125
1.775873889698733e+18,-283.15338134765625,-316.9610595703125,-279.93359375,-296.0325012207031,-285.2232360839844,-263.8346862792969,-280.8535461425781,-262.6847839355469,108.25556945800781,43.30222702026367,43.30222702026367,-299.90313720703125
1.775873889699733e+18,-264.754638671875,-295.5725402832031,-257.8551025390625,-287.5230712890625,-270.0442810058594,-273.9540100097656,-287.9830322265625,-270.0442810058594,108.25556945800781,43.30222702026367,43.30222702026367,-299.5951232910156
1.775873889700733e+18,-287.5230712890625,-275.56390380859375,-251.18556213378906,-283.38336181640625,-296.4924621582031,-265.674560546875,-242.2161865234375,-281.5434875488281,108.25556945800781,43.30222702026367,43.30222702026367,-300.8117980957031
1.7758738897017329e+18,-286.1431579589844,-285.9131774902344,-263.1447448730469,-287.0631103515625,-243.59608459472656,-279.4736328125,-248.19577026367188,-272.8040771484375,108.25556945800781,43.30222702026367,43.30222702026367,-297.23883056640625
1.7758738897027328e+18,-266.1345520019531,-296.0325012207031,-269.8143005371094,-301.5521240234375,-263.8346862792969,-295.5725402832031,-261.99481201171875,-296.2624816894531,108.25556945800781,43.30222702026367,43.30222702026367,-298.2090759277344
1.7758738897037327e+18,-288.6730041503906,-273.2640686035156,-250.03564453125,-287.9830322265625,-297.1824035644531,-267.0544738769531,-243.59608459472656,-270.0442810058594,108.25556945800781,43.30222702026367,43.30222702026367,-296.9308166503906
1.7758738897047327e+18,-261.53485107421875,-279.24365234375,-303.1620178222656,-273.7240295410156,-283.61334228515625,-289.3629455566406,-249.8056640625,-282.46343994140625,108.25556945800781,43.30222702026367,43.30222702026367,-297.1002197265625
1.7758738897057326e+18,-304.5419006347656,-275.33392333984375,-307.3017272949219,-282.46343994140625,-289.3629455566406,-280.3935546875,-282.2334289550781,-286.6031494140625,108.25556945800781,43.30222702026367,43.30222702026367,-299.61053466796875
1.7758738897067328e+18,-261.76483154296875,-293.0426940917969,-258.5450744628906,-300.4021911621094,-256.0152282714844,-294.652587890625,-258.0850830078125,-297.1824035644531,108.25556945800781,43.30222702026367,43.30222702026367,-300.1033630371094
1.7758738897077327e+18,-302.2420654296875,-271.4241943359375,-300.4021911621094,-278.3236999511719,-287.2930908203125,-283.15338134765625,-265.214599609375,-298.79229736328125,108.25556945800781,43.30222702026367,43.30222702026367,-300.3343811035156
1.7758738897087327e+18,-272.8040771484375,-306.38177490234375,-269.35430908203125,-309.1416015625,-272.5740966796875,-296.4924621582031,-280.16357421875,-279.70361328125,108.25556945800781,43.30222702026367,43.30222702026367,-299.5489196777344
1.7758738897097326e+18,-309.83154296875,-303.1620178222656,-292.8127136230469,-313.05133056640625,-277.1737976074219,-304.3119201660156,-264.064697265625,-302.9320373535156,108.25556945800781,43.30222702026367,43.30222702026367,-299.5489196777344
1.7758738897107325e+18,-296.2624816894531,-280.6235656738281,-304.0819396972656,-276.9438171386719,-304.3119201660156,-273.0340576171875,-299.2522888183594,-280.16357421875,108.25556945800781,43.30222702026367,43.30222702026367,-301.920654296875
1.7758738897117325e+18,-272.8040771484375,-308.4516296386719,-310.5215148925781,-291.66278076171875,-306.38177490234375,-303.6219787597656,-264.524658203125,-306.38177490234375,108.25556945800781,43.30222702026367,43.30222702026367,-298.65570068359375
1.7758738897127324e+18,-314.6612243652344,-296.0325012207031,-306.15179443359375,-299.7122497558594,-293.962646484375,-293.5026550292969,-293.2726745605469,-297.64239501953125,108.25556945800781,43.30222702026367,43.30222702026367,-300.4267883300781
1.7758738897137324e+18,-265.9045715332031,-304.77191162109375,-275.79388427734375,-293.962646484375,-307.9916687011719,-284.07330322265625,-279.4736328125,-302.9320373535156,108.25556945800781,43.30222702026367,43.30222702026367,-297.8856506347656
1.7758738897147323e+18,-293.5026550292969,-269.12432861328125,-296.9524230957031,-266.3645324707031,-287.0631103515625,-261.53485107421875,-284.07330322265625,-273.9540100097656,108.25556945800781,43.30222702026367,43.30222702026367,-301.1044006347656
1.7758738897157322e+18,-270.7342224121094,-297.41241455078125,-282.2334289550781,-260.84490966796875,-282.92340087890625,-276.9438171386719,-244.05606079101562,-294.192626953125,108.25556945800781,43.30222702026367,43.30222702026367,-300.2265625
1.7758738897167324e+18,-274.1839904785156,-302.7020263671875,-272.3441162109375,-286.8331298828125,-274.4139709472656,-253.94537353515625,-275.56390380859375,-254.8653106689453,108.25556945800781,43.30222702026367,43.30222702026367,-299.7645568847656
1.7758738897177324e+18,-281.5434875488281,-256.9351806640625,-282.92340087890625,-253.48541259765625,-266.3645324707031,-278.0937194824219,-239.6863555908203,-286.8331298828125,108.25556945800781,43.30222702026367,43.30222702026367,-298.47088623046875
1.7758738897187323e+18,-259.0050354003906,-279.70361328125,-282.46343994140625,-270.7342224121094,-286.3731689453125,-259.9249572753906,-278.3236999511719,-270.7342224121094,108.25556945800781,43.30222702026367,43.30222702026367,-298.37847900390625
1.7758738897197322e+18,-302.0120849609375,-267.0544738769531,-280.6235656738281,-284.07330322265625,-245.2059783935547,-282.2334289550781,-251.41555786132812,-258.0850830078125,108.25556945800781,43.30222702026367,43.30222702026367,-300.2265625
1.7758738897207322e+18,-299.02227783203125,-270.7342224121094,-283.38336181640625,-284.07330322265625,-262.4548034667969,-279.70361328125,-241.06625366210938,-279.70361328125,108.25556945800781,43.30222702026367,43.30222702026367,-296.9924011230469
1.775873889721732e+18,-286.3731689453125,-258.0850830078125,-285.2232360839844,-277.6337585449219,-268.89434814453125,-298.56231689453125,-263.1447448730469,-298.33233642578125,108.25556945800781,43.30222702026367,43.30222702026367,-297.4698486328125
1.775873889722732e+18,-259.6949768066406,-299.9422302246094,-294.652587890625,-279.70361328125,-285.9131774902344,-289.8229064941406,-250.72560119628906,-274.8739318847656,108.25556945800781,43.30222702026367,43.30222702026367,-300.9657897949219
1.775873889723732e+18,-285.9131774902344,-305.92181396484375,-279.24365234375,-268.20440673828125,-290.05291748046875,-297.1824035644531,-272.3441162109375,-297.87237548828125,108.25556945800781,43.30222702026367,43.30222702026367,-300.54998779296875
1.775873889724732e+18,-288.2130432128906,-271.4241943359375,-305.23187255859375,-298.33233642578125,-258.3150634765625,-293.962646484375,-308.2216491699219,-278.0937194824219,108.25556945800781,43.30222702026367,43.30222702026367,-297.8856506347656
1.775873889725732e+18,-306.38177490234375,-277.4037780761719,-300.1722106933594,-299.02227783203125,-270.5042419433594,-302.4720458984375,-270.9642028808594,-300.4021911621094,108.25556945800781,43.30222702026367,43.30222702026367,-299.6721496582031
1.775873889726732e+18,-301.3221435546875,-279.24365234375,-308.4516296386719,-287.0631103515625,-294.422607421875,-313.51129150390625,-280.3935546875,-306.61175537109375,108.25556945800781,43.30222702026367,43.30222702026367,-299.5643310546875
1.775873889727732e+18,-278.5536804199219,-302.4720458984375,-297.87237548828125,-284.07330322265625,-304.77191162109375,-271.4241943359375,-297.41241455078125,-281.3135070800781,108.25556945800781,43.30222702026367,43.30222702026367,-302.05926513671875
1.775873889728732e+18,-273.7240295410156,-306.38177490234375,-270.9642028808594,-310.5215148925781,-267.0544738769531,-303.3919982910156,-267.0544738769531,-304.5419006347656,108.25556945800781,43.30222702026367,43.30222702026367,-300.6731872558594
1.7758738897297318e+18,-304.0819396972656,-289.5929260253906,-272.3441162109375,-312.59136962890625,-279.70361328125,-282.69342041015625,-308.2216491699219,-286.6031494140625,108.25556945800781,43.30222702026367,43.30222702026367,-299.1177062988281
1.7758738897307318e+18,-302.4720458984375,-314.6612243652344,-275.10394287109375,-283.84332275390625,-301.5521240234375,-278.78369140625,-250.95558166503906,-296.4924621582031,108.25556945800781,43.30222702026367,43.30222702026367,-300.0571594238281
1.7758738897317317e+18,-297.41241455078125,-308.4516296386719,-275.10394287109375,-279.70361328125,-295.5725402832031,-273.4940490722656,-249.57568359375,-291.43280029296875,108.25556945800781,43.30222702026367,43.30222702026367,-300.3189697265625
1.7758738897327316e+18,-290.51287841796875,-289.8229064941406,-260.38494873046875,-290.51287841796875,-251.41555786132812,-284.5332946777344,-264.984619140625,-255.09530639648438,108.25556945800781,43.30222702026367,43.30222702026367,-299.70294189453125
1.7758738897337316e+18,-276.02386474609375,-303.3919982910156,-267.0544738769531,-280.6235656738281,-282.0034484863281,-251.41555786132812,-263.8346862792969,-279.4736328125,108.25556945800781,43.30222702026367,43.30222702026367,-298.4092712402344
1.7758738897347315e+18,-259.0050354003906,-257.1651611328125,-250.95558166503906,-274.8739318847656,-272.1141357421875,-286.6031494140625,-279.93359375,-298.56231689453125,108.25556945800781,43.30222702026367,43.30222702026367,-297.392822265625
1.7758738897357317e+18,-275.10394287109375,-274.8739318847656,-279.4736328125,-275.33392333984375,-273.7240295410156,-276.9438171386719,-267.2844543457031,-279.4736328125,108.25556945800781,43.30222702026367,43.30222702026367,-298.8404846191406
1.7758738897367316e+18,-281.7734680175781,-253.94537353515625,-280.8535461425781,-277.4037780761719,-239.6863555908203,-272.3441162109375,-283.61334228515625,-261.76483154296875,108.25556945800781,43.30222702026367,43.30222702026367,-298.4400939941406
1.7758738897377316e+18,-287.7530517578125,-268.43438720703125,-246.58587646484375,-287.2930908203125,-298.33233642578125,-267.0544738769531,-244.28604125976562,-266.3645324707031,108.25556945800781,43.30222702026367,43.30222702026367,-297.7470397949219
1.7758738897387315e+18,-299.2522888183594,-274.8739318847656,-273.7240295410156,-299.2522888183594,-267.5144348144531,-250.95558166503906,-276.9438171386719,-293.0426940917969,108.25556945800781,43.30222702026367,43.30222702026367,-297.91644287109375
1.7758738897397315e+18,-310.7514953613281,-280.8535461425781,-273.4940490722656,-303.1620178222656,-268.20440673828125,-265.674560546875,-289.5929260253906,-279.4736328125,108.25556945800781,43.30222702026367,43.30222702026367,-298.71728515625
1.7758738897407314e+18,-313.97125244140625,-288.2130432128906,-312.82135009765625,-288.4430236816406,-299.02227783203125,-290.74285888671875,-262.4548034667969,-304.77191162109375,108.25556945800781,43.30222702026367,43.30222702026367,-297.5622253417969
1.7758738897417313e+18,-290.74285888671875,-314.4312438964844,-302.9320373535156,-276.9438171386719,-287.5230712890625,-307.0717468261719,-271.1941833496094,-299.9422302246094,108.25556945800781,43.30222702026367,43.30222702026367,-300.6731872558594
1.7758738897427313e+18,-274.8739318847656,-305.92181396484375,-275.33392333984375,-316.0411376953125,-267.97442626953125,-304.77191162109375,-266.1345520019531,-305.69183349609375,108.25556945800781,43.30222702026367,43.30222702026367,-300.56536865234375
1.7758738897437312e+18,-303.1620178222656,-293.5026550292969,-324.090576171875,-297.1824035644531,-299.9422302246094,-300.4021911621094,-281.3135070800781,-313.05133056640625,108.25556945800781,43.30222702026367,43.30222702026367,-299.1177062988281
1.7758738897447314e+18,-303.8519592285156,-281.5434875488281,-292.1227722167969,-297.64239501953125,-282.69342041015625,-297.64239501953125,-274.1839904785156,-304.5419006347656,108.25556945800781,43.30222702026367,43.30222702026367,-300.8887939453125
1.7758738897457313e+18,-289.8229064941406,-304.77191162109375,-289.5929260253906,-307.3017272949219,-285.9131774902344,-299.7122497558594,-275.79388427734375,-309.83154296875,108.25556945800781,43.30222702026367,43.30222702026367,-300.981201171875
1.7758738897467313e+18,-264.064697265625,-289.1329650878906,-298.33233642578125,-291.8927917480469,-270.7342224121094,-299.2522888183594,-290.51287841796875,-274.1839904785156,108.25556945800781,43.30222702026367,43.30222702026367,-299.22552490234375
1.7758738897477312e+18,-301.3221435546875,-314.4312438964844,-278.78369140625,-272.3441162109375,-286.3731689453125,-288.4430236816406,-266.3645324707031,-281.7734680175781,108.25556945800781,43.30222702026367,43.30222702026367,-297.71624755859375
1.7758738897487311e+18,-267.74444580078125,-290.51287841796875,-292.5827331542969,-275.79388427734375,-265.214599609375,-283.61334228515625,-286.1431579589844,-268.66436767578125,108.25556945800781,43.30222702026367,43.30222702026367,-299.0561218261719
1.775873889749731e+18,-268.89434814453125,-295.8025207519531,-260.84490966796875,-297.1824035644531,-259.6949768066406,-261.76483154296875,-268.20440673828125,-259.4649963378906,108.25556945800781,43.30222702026367,43.30222702026367,-297.43902587890625
1.775873889750731e+18,-305.92181396484375,-275.79388427734375,-302.2420654296875,-273.7240295410156,-297.1824035644531,-262.4548034667969,-288.6730041503906,-266.5945129394531,108.25556945800781,43.30222702026367,43.30222702026367,-298.3014831542969
1.775873889751731e+18,-253.0254364013672,-289.8229064941406,-253.0254364013672,-293.732666015625,-248.42575073242188,-279.4736328125,-240.60629272460938,-279.4736328125,108.25556945800781,43.30222702026367,43.30222702026367,-298.6864929199219
1.775873889752731e+18,-282.92340087890625,-273.9540100097656,-260.61492919921875,-290.74285888671875,-249.34568786621094,-281.0835266113281,-246.58587646484375,-276.02386474609375,108.25556945800781,43.30222702026367,43.30222702026367,-297.4698486328125
1.7758738897537308e+18,-258.7750549316406,-260.38494873046875,-284.30328369140625,-287.7530517578125,-259.0050354003906,-265.214599609375,-281.7734680175781,-282.46343994140625,108.25556945800781,43.30222702026367,43.30222702026367,-300.18035888671875
1.775873889754731e+18,-270.0442810058594,-278.3236999511719,-286.1431579589844,-264.984619140625,-288.4430236816406,-260.61492919921875,-265.444580078125,-277.1737976074219,108.25556945800781,43.30222702026367,43.30222702026367,-299.5335388183594
1.775873889755731e+18,-267.74444580078125,-287.0631103515625,-255.78524780273438,-287.9830322265625,-300.6321716308594,-275.79388427734375,-274.8739318847656,-293.5026550292969,108.25556945800781,43.30222702026367,43.30222702026367,-298.0242614746094
1.775873889756731e+18,-294.882568359375,-267.74444580078125,-298.10235595703125,-269.5843200683594,-289.8229064941406,-270.0442810058594,-280.16357421875,-275.33392333984375,108.25556945800781,43.30222702026367,43.30222702026367,-299.81072998046875
1.7758738897577308e+18,-264.064697265625,-302.4720458984375,-279.013671875,-289.3629455566406,-310.0615234375,-288.6730041503906,-287.9830322265625,-300.8621520996094,108.25556945800781,43.30222702026367,43.30222702026367,-299.33331298828125
1.7758738897587308e+18,-270.9642028808594,-306.15179443359375,-282.0034484863281,-300.4021911621094,-280.8535461425781,-286.1431579589844,-286.1431579589844,-279.4736328125,108.25556945800781,43.30222702026367,43.30222702026367,-298.532470703125
1.7758738897597307e+18,-284.7632751464844,-307.9916687011719,-282.2334289550781,-309.37158203125,-270.7342224121094,-303.3919982910156,-267.74444580078125,-305.92181396484375,108.25556945800781,43.30222702026367,43.30222702026367,-298.76348876953125
1.7758738897607306e+18,-304.77191162109375,-277.1737976074219,-311.4414367675781,-288.4430236816406,-298.10235595703125,-301.5521240234375,-285.4532165527344,-314.8912048339844,108.25556945800781,43.30222702026367,43.30222702026367,-300.9966125488281
1.7758738897617306e+18,-309.1416015625,-323.400634765625,-287.2930908203125,-287.0631103515625,-303.8519592285156,-297.41241455078125,-262.9147644042969,-303.8519592285156,108.25556945800781,43.30222702026367,43.30222702026367,-301.0890197753906
1.7758738897627305e+18,-310.29150390625,-298.56231689453125,-295.5725402832031,-305.46185302734375,-278.3236999511719,-301.0921630859375,-265.674560546875,-302.2420654296875,108.25556945800781,43.30222702026367,43.30222702026367,-300.8271789550781
1.7758738897637307e+18,-302.7020263671875,-296.4924621582031,-276.02386474609375,-296.9524230957031,-297.87237548828125,-283.61334228515625,-259.6949768066406,-287.2930908203125,108.25556945800781,43.30222702026367,43.30222702026367,-298.56329345703125
1.7758738897647306e+18,-288.9029846191406,-293.0426940917969,-263.1447448730469,-299.9422302246094,-257.3951416015625,-292.1227722167969,-277.1737976074219,-281.0835266113281,108.25556945800781,43.30222702026367,43.30222702026367,-299.5027160644531
1.7758738897657306e+18,-285.9131774902344,-310.9814758300781,-271.1941833496094,-296.7224426269531,-284.7632751464844,-252.7954559326172,-282.0034484863281,-278.0937194824219,108.25556945800781,43.30222702026367,43.30222702026367,-298.8866882324219
1.7758738897667305e+18,-287.0631103515625,-273.9540100097656,-257.1651611328125,-292.5827331542969,-255.09530639648438,-281.0835266113281,-284.5332946777344,-268.66436767578125,108.25556945800781,43.30222702026367,43.30222702026367,-299.5489196777344
1.7758738897677304e+18,-278.5536804199219,-291.8927917480469,-271.4241943359375,-263.8346862792969,-271.8841552734375,-283.84332275390625,-270.9642028808594,-262.9147644042969,108.25556945800781,43.30222702026367,43.30222702026367,-298.94830322265625
1.7758738897687304e+18,-286.8331298828125,-268.89434814453125,-270.7342224121094,-301.7821044921875,-258.3150634765625,-280.6235656738281,-271.6541748046875,-267.97442626953125,108.25556945800781,43.30222702026367,43.30222702026367,-298.00885009765625
1.7758738897697303e+18,-282.92340087890625,-260.38494873046875,-282.69342041015625,-255.55526733398438,-277.1737976074219,-246.12591552734375,-269.5843200683594,-258.0850830078125,108.25556945800781,43.30222702026367,43.30222702026367,-298.65570068359375
1.7758738897707302e+18,-266.8244934082031,-294.652587890625,-262.6847839355469,-274.4139709472656,-295.112548828125,-270.7342224121094,-254.8653106689453,-293.732666015625,108.25556945800781,43.30222702026367,43.30222702026367,-298.6094970703125
1.7758738897717302e+18,-283.38336181640625,-258.7750549316406,-292.3527526855469,-271.8841552734375,-261.53485107421875,-282.46343994140625,-241.06625366210938,-289.3629455566406,108.25556945800781,43.30222702026367,43.30222702026367,-298.67108154296875
1.77587388977273e+18,-299.9422302246094,-287.0631103515625,-286.8331298828125,-293.962646484375,-267.97442626953125,-292.3527526855469,-254.8653106689453,-298.56231689453125,108.25556945800781,43.30222702026367,43.30222702026367,-298.3168640136719
1.7758738897737303e+18,-292.3527526855469,-267.97442626953125,-290.97283935546875,-285.2232360839844,-269.35430908203125,-289.5929260253906,-255.55526733398438,-298.33233642578125,108.25556945800781,43.30222702026367,43.30222702026367,-299.271728515625
1.7758738897747302e+18,-272.8040771484375,-301.3221435546875,-292.5827331542969,-292.8127136230469,-308.2216491699219,-286.3731689453125,-285.9131774902344,-304.3119201660156,108.25556945800781,43.30222702026367,43.30222702026367,-297.99346923828125
1.7758738897757302e+18,-271.1941833496094,-298.79229736328125,-321.7907409667969,-305.46185302734375,-268.66436767578125,-275.10394287109375,-294.652587890625,-316.9610595703125,108.25556945800781,43.30222702026367,43.30222702026367,-299.9339599609375
1.77587388977673e+18,-288.2130432128906,-317.6510009765625,-292.1227722167969,-309.6015625,-298.79229736328125,-281.7734680175781,-295.8025207519531,-276.71380615234375,108.25556945800781,43.30222702026367,43.30222702026367,-299.4873352050781
1.77587388977773e+18,-301.7821044921875,-286.1431579589844,-308.681640625,-306.61175537109375,-272.3441162109375,-303.6219787597656,-285.2232360839844,-270.9642028808594,108.25556945800781,43.30222702026367,43.30222702026367,-302.2286682128906
1.77587388977873e+18,-324.320556640625,-290.97283935546875,-306.8417663574219,-301.0921630859375,-281.5434875488281,-301.5521240234375,-264.984619140625,-307.5317077636719,108.25556945800781,43.30222702026367,43.30222702026367,-299.6721496582031
1.77587388977973e+18,-304.77191162109375,-283.84332275390625,-287.7530517578125,-300.6321716308594,-282.46343994140625,-304.0819396972656,-279.70361328125,-315.5811462402344,108.25556945800781,43.30222702026367,43.30222702026367,-301.3354187011719
1.7758738897807299e+18,-300.4021911621094,-285.2232360839844,-275.10394287109375,-319.72088623046875,-277.8637390136719,-265.9045715332031,-287.5230712890625,-282.92340087890625,108.25556945800781,43.30222702026367,43.30222702026367,-299.1947021484375
1.7758738897817298e+18,-303.6219787597656,-293.962646484375,-259.6949768066406,-278.3236999511719,-294.192626953125,-293.732666015625,-262.2248229980469,-262.2248229980469,108.25556945800781,43.30222702026367,43.30222702026367,-298.47088623046875
1.77587388978273e+18,-294.882568359375,-302.7020263671875,-273.7240295410156,-255.78524780273438,-272.5740966796875,-298.10235595703125,-274.1839904785156,-255.55526733398438,108.25556945800781,43.30222702026367,43.30222702026367,-298.1782531738281
1.77587388978373e+18,-254.6353302001953,-292.5827331542969,-289.3629455566406,-273.2640686035156,-287.2930908203125,-264.984619140625,-260.38494873046875,-291.8927917480469,108.25556945800781,43.30222702026367,43.30222702026367,-297.1310119628906
1.7758738897847299e+18,-259.4649963378906,-290.97283935546875,-269.5843200683594,-255.55526733398438,-278.0937194824219,-281.0835266113281,-250.95558166503906,-277.4037780761719,108.25556945800781,43.30222702026367,43.30222702026367,-299.4873352050781
1.7758738897857298e+18,-258.5450744628906,-287.5230712890625,-291.43280029296875,-282.92340087890625,-249.57568359375,-263.6047058105469,-276.71380615234375,-269.12432861328125,108.25556945800781,43.30222702026367,43.30222702026367,-298.85589599609375
1.7758738897867297e+18,-247.0458526611328,-277.1737976074219,-302.0120849609375,-279.013671875,-247.0458526611328,-272.1141357421875,-272.1141357421875,-261.76483154296875,108.25556945800781,43.30222702026367,43.30222702026367,-296.8076171875
1.7758738897877297e+18,-291.20281982421875,-276.48382568359375,-268.66436767578125,-309.1416015625,-273.7240295410156,-254.1753692626953,-276.02386474609375,-261.99481201171875,108.25556945800781,43.30222702026367,43.30222702026367,-298.3938903808594
1.7758738897887299e+18,-293.962646484375,-275.79388427734375,-252.3354949951172,-298.56231689453125,-285.9131774902344,-267.97442626953125,-283.61334228515625,-288.6730041503906,108.25556945800781,43.30222702026367,43.30222702026367,-297.2080078125
1.7758738897897298e+18,-297.41241455078125,-284.07330322265625,-280.3935546875,-317.1910400390625,-276.9438171386719,-278.5536804199219,-281.5434875488281,-264.524658203125,108.25556945800781,43.30222702026367,43.30222702026367,-299.1947021484375
1.7758738897907297e+18,-263.1447448730469,-283.61334228515625,-301.5521240234375,-314.6612243652344,-279.013671875,-267.74444580078125,-279.70361328125,-308.2216491699219,108.25556945800781,43.30222702026367,43.30222702026367,-299.6259460449219
1.7758738897917297e+18,-295.342529296875,-290.05291748046875,-273.0340576171875,-310.5215148925781,-269.5843200683594,-305.00189208984375,-260.84490966796875,-302.2420654296875,108.25556945800781,43.30222702026367,43.30222702026367,-299.3487243652344
1.7758738897927296e+18,-309.83154296875,-318.8009338378906,-284.9932556152344,-277.1737976074219,-271.1941833496094,-302.2420654296875,-313.51129150390625,-306.61175537109375,108.25556945800781,43.30222702026367,43.30222702026367,-300.3959655761719
1.7758738897937295e+18,-311.6714172363281,-289.5929260253906,-272.5740966796875,-319.0309143066406,-305.92181396484375,-284.9932556152344,-299.02227783203125,-309.6015625,108.25556945800781,43.30222702026367,43.30222702026367,-298.1628723144531
1.7758738897947297e+18,-302.4720458984375,-299.4822692871094,-307.3017272949219,-296.4924621582031,-302.7020263671875,-293.0426940917969,-302.0120849609375,-294.882568359375,108.25556945800781,43.30222702026367,43.30222702026367,-299.5335388183594
1.7758738897957297e+18,-296.2624816894531,-301.7821044921875,-280.8535461425781,-308.2216491699219,-270.7342224121094,-305.46185302734375,-262.6847839355469,-306.38177490234375,108.25556945800781,43.30222702026367,43.30222702026367,-299.8723449707031
1.7758738897967296e+18,-273.2640686035156,-299.2522888183594,-289.3629455566406,-278.3236999511719,-298.33233642578125,-263.6047058105469,-291.43280029296875,-282.69342041015625,108.25556945800781,43.30222702026367,43.30222702026367,-301.39703369140625
1.7758738897977295e+18,-282.46343994140625,-262.4548034667969,-293.0426940917969,-311.9013977050781,-272.3441162109375,-272.3441162109375,-291.66278076171875,-292.5827331542969,108.25556945800781,43.30222702026367,43.30222702026367,-299.41033935546875
1.7758738897987295e+18,-292.5827331542969,-289.1329650878906,-256.0152282714844,-298.79229736328125,-267.2844543457031,-273.7240295410156,-293.732666015625,-275.33392333984375,108.25556945800781,43.30222702026367,43.30222702026367,-300.0109558105469
1.7758738897997294e+18,-276.25384521484375,-301.7821044921875,-275.33392333984375,-271.8841552734375,-288.6730041503906,-255.55526733398438,-278.78369140625,-273.0340576171875,108.25556945800781,43.30222702026367,43.30222702026367,-298.9637145996094
1.7758738898007296e+18,-290.51287841796875,-281.3135070800781,-262.2248229980469,-273.7240295410156,-284.7632751464844,-264.524658203125,-236.00660705566406,-285.2232360839844,108.25556945800781,43.30222702026367,43.30222702026367,-299.6721496582031
1.7758738898017295e+18,-277.4037780761719,-256.0152282714844,-272.1141357421875,-299.2522888183594,-266.1345520019531,-252.7954559326172,-270.9642028808594,-279.013671875,108.25556945800781,43.30222702026367,43.30222702026367,-298.4092712402344
1.7758738898027295e+18,-269.8143005371094,-281.7734680175781,-276.71380615234375,-259.0050354003906,-280.6235656738281,-252.7954559326172,-269.12432861328125,-255.78524780273438,108.25556945800781,43.30222702026367,43.30222702026367,-299.3949279785156
1.7758738898037294e+18,-287.7530517578125,-267.2844543457031,-289.1329650878906,-283.15338134765625,-246.35589599609375,-287.5230712890625,-267.0544738769531,-253.25543212890625,108.25556945800781,43.30222702026367,43.30222702026367,-299.88775634765625
1.7758738898047293e+18,-269.8143005371094,-294.422607421875,-275.56390380859375,-284.07330322265625,-281.5434875488281,-260.61492919921875,-279.93359375,-256.4751892089844,108.25556945800781,43.30222702026367,43.30222702026367,-299.6721496582031
1.7758738898057295e+18,-259.2350158691406,-280.16357421875,-293.2726745605469,-272.5740966796875,-269.5843200683594,-303.8519592285156,-275.79388427734375,-267.74444580078125,108.25556945800781,43.30222702026367,43.30222702026367,-299.6875305175781
1.7758738898067295e+18,-291.66278076171875,-261.07489013671875,-291.8927917480469,-267.97442626953125,-289.8229064941406,-264.754638671875,-281.5434875488281,-277.6337585449219,108.25556945800781,43.30222702026367,43.30222702026367,-300.1341552734375
1.7758738898077294e+18,-267.97442626953125,-301.3221435546875,-278.78369140625,-283.61334228515625,-292.8127136230469,-264.524658203125,-290.74285888671875,-291.8927917480469,108.25556945800781,43.30222702026367,43.30222702026367,-301.02740478515625
1.7758738898087293e+18,-276.25384521484375,-282.69342041015625,-308.4516296386719,-293.0426940917969,-279.93359375,-311.2114562988281,-287.5230712890625,-278.78369140625,108.25556945800781,43.30222702026367,43.30222702026367,-300.8271789550781
1.7758738898097293e+18,-287.0631103515625,-281.7734680175781,-306.15179443359375,-279.013671875,-300.8621520996094,-292.5827331542969,-283.61334228515625,-324.090576171875,108.25556945800781,43.30222702026367,43.30222702026367,-299.61053466796875
1.7758738898107292e+18,-315.3511657714844,-273.2640686035156,-304.77191162109375,-290.51287841796875,-291.8927917480469,-307.0717468261719,-280.6235656738281,-324.550537109375,108.25556945800781,43.30222702026367,43.30222702026367,-300.45758056640625
1.7758738898117294e+18,-313.28131103515625,-298.79229736328125,-291.20281982421875,-333.0599670410156,-283.61334228515625,-299.02227783203125,-292.8127136230469,-276.25384521484375,108.25556945800781,43.30222702026367,43.30222702026367,-300.7193908691406
1.7758738898127293e+18,-321.5607604980469,-298.79229736328125,-267.74444580078125,-283.84332275390625,-303.1620178222656,-308.4516296386719,-273.7240295410156,-274.6439514160156,108.25556945800781,43.30222702026367,43.30222702026367,-299.1177062988281
1.7758738898137293e+18,-299.7122497558594,-313.28131103515625,-285.4532165527344,-321.10076904296875,-280.3935546875,-281.3135070800781,-289.5929260253906,-266.1345520019531,108.25556945800781,43.30222702026367,43.30222702026367,-300.4883728027344
1.7758738898147292e+18,-273.0340576171875,-307.7616882324219,-290.28289794921875,-264.064697265625,-275.79388427734375,-302.0120849609375,-279.013671875,-265.214599609375,108.25556945800781,43.30222702026367,43.30222702026367,-298.9790954589844
1.7758738898157292e+18,-287.7530517578125,-309.37158203125,-289.5929260253906,-271.8841552734375,-250.95558166503906,-274.4139709472656,-295.112548828125,-285.4532165527344,108.25556945800781,43.30222702026367,43.30222702026367,-300.8580017089844
1.775873889816729e+18,-252.3354949951172,-288.6730041503906,-299.4822692871094,-276.02386474609375,-271.1941833496094,-279.013671875,-243.59608459472656,-264.754638671875,108.25556945800781,43.30222702026367,43.30222702026367,-300.3959655761719
1.7758738898177293e+18,-268.66436767578125,-296.4924621582031,-271.1941833496094,-305.69183349609375,-266.8244934082031,-286.6031494140625,-262.4548034667969,-280.6235656738281,108.25556945800781,43.30222702026367,43.30222702026367,-298.3014831542969
1.7758738898187292e+18,-265.214599609375,-288.4430236816406,-254.6353302001953,-294.422607421875,-261.76483154296875,-265.9045715332031,-280.8535461425781,-260.61492919921875,108.25556945800781,43.30222702026367,43.30222702026367,-298.3630676269531
1.7758738898197292e+18,-297.1824035644531,-271.8841552734375,-262.9147644042969,-293.962646484375,-258.0850830078125,-257.3951416015625,-278.5536804199219,-252.3354949951172,108.25556945800781,43.30222702026367,43.30222702026367,-297.5468444824219
1.775873889820729e+18,-278.5536804199219,-302.0120849609375,-288.2130432128906,-269.35430908203125,-253.25543212890625,-271.8841552734375,-289.3629455566406,-281.3135070800781,108.25556945800781,43.30222702026367,43.30222702026367,-299.8261413574219
1.775873889821729e+18,-252.3354949951172,-277.8637390136719,-300.1722106933594,-277.8637390136719,-290.28289794921875,-285.2232360839844,-248.19577026367188,-291.66278076171875,108.25556945800781,43.30222702026367,43.30222702026367,-299.81072998046875
1.775873889822729e+18,-288.9029846191406,-259.4649963378906,-280.8535461425781,-316.9610595703125,-271.8841552734375,-283.84332275390625,-284.7632751464844,-261.30487060546875,108.25556945800781,43.30222702026367,43.30222702026367,-299.271728515625
1.7758738898237292e+18,-275.79388427734375,-302.0120849609375,-274.6439514160156,-267.97442626953125,-298.10235595703125,-292.3527526855469,-272.8040771484375,-309.6015625,108.25556945800781,43.30222702026367,43.30222702026367,-299.13311767578125
1.775873889824729e+18,-291.66278076171875,-289.5929260253906,-267.74444580078125,-307.9916687011719,-283.61334228515625,-286.8331298828125,-308.2216491699219,-281.0835266113281,108.25556945800781,43.30222702026367,43.30222702026367,-299.31793212890625
1.775873889825729e+18,-274.1839904785156,-299.7122497558594,-310.7514953613281,-286.1431579589844,-304.77191162109375,-297.1824035644531,-267.97442626953125,-311.4414367675781,108.25556945800781,43.30222702026367,43.30222702026367,-298.4246826171875
1.775873889826729e+18,-290.74285888671875,-307.9916687011719,-299.7122497558594,-282.46343994140625,-304.77191162109375,-281.7734680175781,-279.70361328125,-303.8519592285156,108.25556945800781,43.30222702026367,43.30222702026367,-299.5643310546875
1.775873889827729e+18,-313.97125244140625,-284.5332946777344,-279.93359375,-315.8111267089844,-279.70361328125,-291.8927917480469,-312.36138916015625,-298.10235595703125,108.25556945800781,43.30222702026367,43.30222702026367,-298.2706604003906
1.7758738898287288e+18,-294.652587890625,-325.7004699707031,-289.5929260253906,-290.51287841796875,-307.5317077636719,-282.0034484863281,-273.4940490722656,-311.4414367675781,108.25556945800781,43.30222702026367,43.30222702026367,-300.2881774902344
1.775873889829729e+18,-282.2334289550781,-270.9642028808594,-301.7821044921875,-319.72088623046875,-281.5434875488281,-268.89434814453125,-278.0937194824219,-305.69183349609375,108.25556945800781,43.30222702026367,43.30222702026367,-300.9657897949219
1.775873889830729e+18,-273.0340576171875,-294.882568359375,-294.652587890625,-268.66436767578125,-284.5332946777344,-313.28131103515625,-270.0442810058594,-290.51287841796875,108.25556945800781,43.30222702026367,43.30222702026367,-299.4411315917969
1.775873889831729e+18,-299.02227783203125,-269.5843200683594,-275.10394287109375,-299.7122497558594,-252.7954559326172,-285.2232360839844,-284.9932556152344,-269.35430908203125,108.25556945800781,43.30222702026367,43.30222702026367,-300.3959655761719
1.7758738898327288e+18,-290.97283935546875,-296.4924621582031,-263.8346862792969,-273.0340576171875,-276.25384521484375,-287.2930908203125,-270.5042419433594,-255.78524780273438,108.25556945800781,43.30222702026367,43.30222702026367,-299.7337341308594
1.7758738898337288e+18,-252.10549926757812,-281.3135070800781,-285.2232360839844,-297.41241455078125,-276.25384521484375,-273.2640686035156,-252.10549926757812,-255.78524780273438,108.25556945800781,43.30222702026367,43.30222702026367,-298.2398681640625
1.7758738898347287e+18,-281.7734680175781,-305.46185302734375,-268.89434814453125,-255.55526733398438,-271.8841552734375,-283.84332275390625,-252.3354949951172,-271.6541748046875,108.25556945800781,43.30222702026367,43.30222702026367,-299.1639099121094
1.775873889835729e+18,-249.57568359375,-272.5740966796875,-299.02227783203125,-272.1141357421875,-262.9147644042969,-283.15338134765625,-249.34568786621094,-258.3150634765625,108.25556945800781,43.30222702026367,43.30222702026367,-299.81072998046875
1.7758738898367288e+18,-250.95558166503906,-285.6831970214844,-285.2232360839844,-267.74444580078125,-262.4548034667969,-283.61334228515625,-256.9351806640625,-247.5058135986328,108.25556945800781,43.30222702026367,43.30222702026367,-297.9318542480469
1.7758738898377288e+18,-270.2742614746094,-292.5827331542969,-275.33392333984375,-276.48382568359375,-279.70361328125,-252.3354949951172,-279.24365234375,-260.84490966796875,108.25556945800781,43.30222702026367,43.30222702026367,-298.6248779296875
1.7758738898387287e+18,-283.15338134765625,-290.05291748046875,-265.444580078125,-299.2522888183594,-255.09530639648438,-284.07330322265625,-261.99481201171875,-270.7342224121094,108.25556945800781,43.30222702026367,43.30222702026367,-298.7943115234375
1.7758738898397286e+18,-285.6831970214844,-307.3017272949219,-274.6439514160156,-289.8229064941406,-298.56231689453125,-270.0442810058594,-266.3645324707031,-296.0325012207031,108.25556945800781,43.30222702026367,43.30222702026367,-298.8713073730469
1.7758738898407288e+18,-264.754638671875,-302.9320373535156,-277.8637390136719,-288.9029846191406,-291.43280029296875,-269.5843200683594,-291.66278076171875,-276.9438171386719,108.25556945800781,43.30222702026367,43.30222702026367,-300.8887939453125
1.7758738898417288e+18,-300.8621520996094,-272.1141357421875,-291.20281982421875,-294.422607421875,-264.294677734375,-307.7616882324219,-279.4736328125,-300.6321716308594,108.25556945800781,43.30222702026367,43.30222702026367,-299.7337341308594
1.7758738898427287e+18,-270.5042419433594,-307.7616882324219,-319.4908752441406,-293.962646484375,-273.9540100097656,-300.8621520996094,-299.2522888183594,-288.6730041503906,108.25556945800781,43.30222702026367,43.30222702026367,-298.902099609375
1.7758738898437286e+18,-288.6730041503906,-301.0921630859375,-310.0615234375,-295.112548828125,-267.74444580078125,-287.9830322265625,-305.69183349609375,-316.2711181640625,108.25556945800781,43.30222702026367,43.30222702026367,-301.73583984375
1.7758738898447286e+18,-280.6235656738281,-299.02227783203125,-302.4720458984375,-298.56231689453125,-322.0207214355469,-288.4430236816406,-295.112548828125,-304.5419006347656,108.25556945800781,43.30222702026367,43.30222702026367,-298.85589599609375
1.7758738898457285e+18,-313.97125244140625,-287.9830322265625,-292.3527526855469,-327.54034423828125,-282.46343994140625,-293.732666015625,-293.962646484375,-276.48382568359375,108.25556945800781,43.30222702026367,43.30222702026367,-300.65777587890625
1.7758738898467287e+18,-314.8912048339844,-290.74285888671875,-286.3731689453125,-308.2216491699219,-267.97442626953125,-288.6730041503906,-280.8535461425781,-268.43438720703125,108.25556945800781,43.30222702026367,43.30222702026367,-300.7655944824219
1.7758738898477286e+18,-260.61492919921875,-303.6219787597656,-264.064697265625,-295.342529296875,-288.6730041503906,-275.10394287109375,-300.6321716308594,-278.5536804199219,108.25556945800781,43.30222702026367,43.30222702026367,-300.47296142578125
1.7758738898487286e+18,-298.56231689453125,-295.112548828125,-273.4940490722656,-304.5419006347656,-283.61334228515625,-264.064697265625,-284.5332946777344,-264.984619140625,108.25556945800781,43.30222702026367,43.30222702026367,-299.33331298828125
1.7758738898497285e+18,-273.2640686035156,-259.6949768066406,-287.2930908203125,-294.422607421875,-261.99481201171875,-285.2232360839844,-276.71380615234375,-258.5450744628906,108.25556945800781,43.30222702026367,43.30222702026367,-298.2244567871094
1.7758738898507284e+18,-288.4430236816406,-281.0835266113281,-248.42575073242188,-293.732666015625,-264.294677734375,-265.214599609375,-290.74285888671875,-268.66436767578125,108.25556945800781,43.30222702026367,43.30222702026367,-299.287109375
1.7758738898517284e+18,-255.32528686523438,-293.962646484375,-257.6251220703125,-271.1941833496094,-277.8637390136719,-241.52622985839844,-265.674560546875,-292.1227722167969,108.25556945800781,43.30222702026367,43.30222702026367,-297.2234191894531
1.7758738898527286e+18,-264.754638671875,-253.25543212890625,-281.5434875488281,-304.5419006347656,-267.2844543457031,-252.10549926757812,-258.5450744628906,-289.3629455566406,108.25556945800781,43.30222702026367,43.30222702026367,-299.31793212890625
1.7758738898537285e+18,-252.7954559326172,-272.5740966796875,-286.6031494140625,-260.38494873046875,-272.3441162109375,-299.7122497558594,-254.1753692626953,-269.12432861328125,108.25556945800781,43.30222702026367,43.30222702026367,-299.3487243652344
1.7758738898547284e+18,-259.4649963378906,-287.9830322265625,-255.78524780273438,-293.962646484375,-253.25543212890625,-282.0034484863281,-255.78524780273438,-278.3236999511719,108.25556945800781,43.30222702026367,43.30222702026367,-297.5006408691406
1.7758738898557284e+18,-303.3919982910156,-273.9540100097656,-299.02227783203125,-287.0631103515625,-271.4241943359375,-289.1329650878906,-250.265625,-286.1431579589844,108.25556945800781,43.30222702026367,43.30222702026367,-298.8866882324219
1.7758738898567283e+18,-280.6235656738281,-298.79229736328125,-265.444580078125,-303.1620178222656,-260.84490966796875,-290.28289794921875,-270.7342224121094,-274.6439514160156,108.25556945800781,43.30222702026367,43.30222702026367,-297.90106201171875
1.7758738898577283e+18,-272.8040771484375,-305.23187255859375,-293.0426940917969,-276.02386474609375,-282.46343994140625,-302.0120849609375,-297.87237548828125,-281.3135070800781,108.25556945800781,43.30222702026367,43.30222702026367,-300.4421691894531
1.7758738898587284e+18,-267.2844543457031,-308.2216491699219,-284.07330322265625,-302.2420654296875,-307.9916687011719,-281.7734680175781,-313.05133056640625,-293.5026550292969,108.25556945800781,43.30222702026367,43.30222702026367,-300.73480224609375
1.7758738898597284e+18,-306.15179443359375,-299.7122497558594,-287.0631103515625,-288.6730041503906,-293.2726745605469,-310.0615234375,-290.05291748046875,-283.84332275390625,108.25556945800781,43.30222702026367,43.30222702026367,-300.2881774902344
1.7758738898607283e+18,-287.5230712890625,-323.630615234375,-296.2624816894531,-291.20281982421875,-304.0819396972656,-273.9540100097656,-292.5827331542969,-299.02227783203125,108.25556945800781,43.30222702026367,43.30222702026367,-300.8117980957031
1.7758738898617283e+18,-273.0340576171875,-303.3919982910156,-298.10235595703125,-272.5740966796875,-293.2726745605469,-321.5607604980469,-284.9932556152344,-279.4736328125,108.25556945800781,43.30222702026367,43.30222702026367,-299.7799377441406
1.7758738898627282e+18,-294.882568359375,-308.2216491699219,-278.78369140625,-281.0835266113281,-299.9422302246094,-297.87237548828125,-272.3441162109375,-297.1824035644531,108.25556945800781,43.30222702026367,43.30222702026367,-301.1506042480469
1.775873889863728e+18,-284.30328369140625,-291.20281982421875,-303.1620178222656,-270.0442810058594,-269.5843200683594,-298.79229736328125,-266.1345520019531,-287.5230712890625,108.25556945800781,43.30222702026367,43.30222702026367,-300.84259033203125
1.7758738898647283e+18,-266.8244934082031,-299.2522888183594,-306.38177490234375,-281.0835266113281,-269.12432861328125,-295.5725402832031,-276.9438171386719,-257.8551025390625,108.25556945800781,43.30222702026367,43.30222702026367,-298.71728515625
1.7758738898657283e+18,-294.882568359375,-259.9249572753906,-288.6730041503906,-304.0819396972656,-259.4649963378906,-277.4037780761719,-282.46343994140625,-260.84490966796875,108.25556945800781,43.30222702026367,43.30222702026367,-298.37847900390625
1.7758738898667282e+18,-292.1227722167969,-300.1722106933594,-265.214599609375,-266.3645324707031,-281.3135070800781,-279.013671875,-263.1447448730469,-267.2844543457031,108.25556945800781,43.30222702026367,43.30222702026367,-296.9770202636719
1.7758738898677281e+18,-255.32528686523438,-276.02386474609375,-284.07330322265625,-293.5026550292969,-255.32528686523438,-241.52622985839844,-266.3645324707031,-300.8621520996094,108.25556945800781,43.30222702026367,43.30222702026367,-299.42572021484375
1.775873889868728e+18,-277.8637390136719,-285.2232360839844,-266.1345520019531,-301.7821044921875,-261.99481201171875,-295.342529296875,-256.9351806640625,-293.5026550292969,108.25556945800781,43.30222702026367,43.30222702026367,-297.6084289550781
1.7758738898697283e+18,-253.25543212890625,-293.5026550292969,-256.2452087402344,-287.7530517578125,-269.12432861328125,-265.444580078125,-283.15338134765625,-260.84490966796875,108.25556945800781,43.30222702026367,43.30222702026367,-298.56329345703125
1.7758738898707282e+18,-290.28289794921875,-270.5042419433594,-255.55526733398438,-296.4924621582031,-267.97442626953125,-265.214599609375,-290.97283935546875,-269.12432861328125,108.25556945800781,43.30222702026367,43.30222702026367,-297.5930480957031
1.775873889871728e+18,-250.72560119628906,-289.8229064941406,-304.5419006347656,-276.71380615234375,-270.5042419433594,-291.20281982421875,-262.9147644042969,-253.94537353515625,108.25556945800781,43.30222702026367,43.30222702026367,-298.532470703125
1.775873889872728e+18,-264.294677734375,-288.4430236816406,-272.5740966796875,-279.93359375,-280.8535461425781,-266.3645324707031,-287.7530517578125,-260.84490966796875,108.25556945800781,43.30222702026367,43.30222702026367,-298.902099609375
1.775873889873728e+18,-281.3135070800781,-278.78369140625,-299.4822692871094,-270.9642028808594,-287.7530517578125,-287.5230712890625,-252.7954559326172,-296.2624816894531,108.25556945800781,43.30222702026367,43.30222702026367,-300.1341552734375
1.775873889874728e+18,-287.2930908203125,-269.5843200683594,-281.5434875488281,-311.4414367675781,-298.56231689453125,-279.70361328125,-272.3441162109375,-307.3017272949219,108.25556945800781,43.30222702026367,43.30222702026367,-301.2584228515625
1.7758738898757281e+18,-270.7342224121094,-306.61175537109375,-282.46343994140625,-292.1227722167969,-300.4021911621094,-273.9540100097656,-296.7224426269531,-280.16357421875,108.25556945800781,43.30222702026367,43.30222702026367,-302.0130615234375
1.775873889876728e+18,-302.0120849609375,-289.8229064941406,-320.41082763671875,-294.192626953125,-285.4532165527344,-309.37158203125,-266.8244934082031,-302.7020263671875,108.25556945800781,43.30222702026367,43.30222702026367,-299.9339599609375
1.775873889877728e+18,-284.7632751464844,-311.9013977050781,-299.02227783203125,-290.05291748046875,-305.46185302734375,-305.23187255859375,-268.20440673828125,-303.1620178222656,108.25556945800781,43.30222702026367,43.30222702026367,-302.10546875
1.775873889878728e+18,-302.7020263671875,-276.71380615234375,-300.1722106933594,-299.02227783203125,-260.1549377441406,-304.77191162109375,-283.15338134765625,-294.882568359375,108.25556945800781,43.30222702026367,43.30222702026367,-301.0890197753906
1.7758738898797279e+18,-303.3919982910156,-272.8040771484375,-281.5434875488281,-309.37158203125,-270.9642028808594,-281.3135070800781,-305.92181396484375,-291.8927917480469,108.25556945800781,43.30222702026367,43.30222702026367,-297.9780578613281
1.7758738898807278e+18,-296.9524230957031,-324.780517578125,-282.2334289550781,-312.36138916015625,-289.5929260253906,-271.1941833496094,-290.51287841796875,-274.1839904785156,108.25556945800781,43.30222702026367,43.30222702026367,-299.5335388183594
1.775873889881728e+18,-287.5230712890625,-315.5811462402344,-283.15338134765625,-266.8244934082031,-289.8229064941406,-283.15338134765625,-249.11570739746094,-294.882568359375,108.25556945800781,43.30222702026367,43.30222702026367,-299.5951232910156
1.775873889882728e+18,-270.9642028808594,-294.422607421875,-260.38494873046875,-299.2522888183594,-269.12432861328125,-275.33392333984375,-291.8927917480469,-270.7342224121094,108.25556945800781,43.30222702026367,43.30222702026367,-299.8723449707031
1.775873889883728e+18,-260.1549377441406,-255.09530639648438,-284.30328369140625,-302.9320373535156,-261.07489013671875,-249.57568359375,-267.74444580078125,-287.5230712890625,108.25556945800781,43.30222702026367,43.30222702026367,-299.9493408203125
1.7758738898847278e+18,-266.3645324707031,-271.4241943359375,-297.64239501953125,-277.6337585449219,-254.6353302001953,-286.1431579589844,-256.0152282714844,-247.96578979492188,108.25556945800781,43.30222702026367,43.30222702026367,-299.6413269042969
1.7758738898857277e+18,-271.4241943359375,-265.674560546875,-278.5536804199219,-288.4430236816406,-257.1651611328125,-241.98619079589844,-264.754638671875,-299.7122497558594,108.25556945800781,43.30222702026367,43.30222702026367,-299.24090576171875
1.7758738898867277e+18,-265.444580078125,-260.61492919921875,-279.24365234375,-286.3731689453125,-261.07489013671875,-265.9045715332031,-271.6541748046875,-283.38336181640625,108.25556945800781,43.30222702026367,43.30222702026367,-300.07257080078125
1.7758738898877276e+18,-301.3221435546875,-276.25384521484375,-282.92340087890625,-283.84332275390625,-267.5144348144531,-283.15338134765625,-244.51602172851562,-286.6031494140625,108.25556945800781,43.30222702026367,43.30222702026367,-297.947265625
1.7758738898887276e+18,-264.524658203125,-261.07489013671875,-289.5929260253906,-278.78369140625,-275.79388427734375,-308.2216491699219,-267.74444580078125,-288.2130432128906,108.25556945800781,43.30222702026367,43.30222702026367,-298.0550537109375
1.7758738898897275e+18,-297.87237548828125,-270.7342224121094,-281.7734680175781,-308.681640625,-267.5144348144531,-301.5521240234375,-271.1941833496094,-292.1227722167969,108.25556945800781,43.30222702026367,43.30222702026367,-297.762451171875
1.7758738898907274e+18,-302.0120849609375,-295.342529296875,-263.1447448730469,-295.8025207519531,-312.59136962890625,-286.6031494140625,-260.84490966796875,-294.192626953125,108.25556945800781,43.30222702026367,43.30222702026367,-301.4586181640625
1.7758738898917274e+18,-302.7020263671875,-302.9320373535156,-283.84332275390625,-309.37158203125,-264.294677734375,-295.5725402832031,-269.35430908203125,-283.15338134765625,108.25556945800781,43.30222702026367,43.30222702026367,-298.9637145996094
1.7758738898927273e+18,-288.4430236816406,-326.8503723144531,-289.1329650878906,-304.5419006347656,-302.7020263671875,-274.6439514160156,-300.8621520996094,-278.5536804199219,108.25556945800781,43.30222702026367,43.30222702026367,-300.9504089355469
1.7758738898937272e+18,-277.6337585449219,-288.6730041503906,-293.732666015625,-317.8810119628906,-304.77191162109375,-296.0325012207031,-273.0340576171875,-282.46343994140625,108.25556945800781,43.30222702026367,43.30222702026367,-299.24090576171875
1.7758738898947272e+18,-287.5230712890625,-300.4021911621094,-305.69183349609375,-291.43280029296875,-318.5709533691406,-292.8127136230469,-310.9814758300781,-296.4924621582031,108.25556945800781,43.30222702026367,43.30222702026367,-300.9195861816406
1.775873889895727e+18,-311.6714172363281,-282.2334289550781,-273.7240295410156,-315.1211853027344,-288.4430236816406,-289.5929260253906,-311.2114562988281,-292.5827331542969,108.25556945800781,43.30222702026367,43.30222702026367,-300.4883728027344
1.775873889896727e+18,-281.0835266113281,-300.8621520996094,-294.192626953125,-285.4532165527344,-308.91162109375,-280.16357421875,-303.6219787597656,-289.5929260253906,108.25556945800781,43.30222702026367,43.30222702026367,-300.6885986328125
1.775873889897727e+18,-305.46185302734375,-276.25384521484375,-289.8229064941406,-309.6015625,-271.8841552734375,-302.7020263671875,-273.2640686035156,-268.89434814453125,108.25556945800781,43.30222702026367,43.30222702026367,-300.4883728027344
1.775873889898727e+18,-267.2844543457031,-296.9524230957031,-293.5026550292969,-279.24365234375,-299.2522888183594,-269.35430908203125,-288.2130432128906,-282.92340087890625,108.25556945800781,43.30222702026367,43.30222702026367,-299.9185485839844
1.7758738898997268e+18,-290.28289794921875,-261.76483154296875,-291.66278076171875,-266.3645324707031,-266.3645324707031,-279.24365234375,-240.60629272460938,-288.2130432128906,108.25556945800781,43.30222702026367,43.30222702026367,-298.4554748535156
1.7758738899007268e+18,-263.8346862792969,-294.192626953125,-301.7821044921875,-277.8637390136719,-245.89593505859375,-244.51602172851562,-270.9642028808594,-297.87237548828125,108.25556945800781,43.30222702026367,43.30222702026367,-299.33331298828125
1.7758738899017267e+18,-271.6541748046875,-304.0819396972656,-271.1941833496094,-278.3236999511719,-284.07330322265625,-253.0254364013672,-264.064697265625,-269.12432861328125,108.25556945800781,43.30222702026367,43.30222702026367,-298.3938903808594
1.7758738899027267e+18,-282.46343994140625,-277.6337585449219,-249.11570739746094,-288.6730041503906,-284.9932556152344,-262.4548034667969,-267.2844543457031,-281.5434875488281,108.25556945800781,43.30222702026367,43.30222702026367,-296.6535949707031
1.7758738899037266e+18,-276.25384521484375,-266.1345520019531,-295.8025207519531,-278.3236999511719,-254.8653106689453,-289.3629455566406,-257.8551025390625,-250.95558166503906,108.25556945800781,43.30222702026367,43.30222702026367,-298.9945068359375
1.7758738899047265e+18,-272.3441162109375,-291.66278076171875,-253.71539306640625,-286.8331298828125,-274.4139709472656,-251.64553833007812,-279.013671875,-267.2844543457031,108.25556945800781,43.30222702026367,43.30222702026367,-299.0561218261719
1.7758738899057265e+18,-287.5230712890625,-297.41241455078125,-267.5144348144531,-259.6949768066406,-288.2130432128906,-307.7616882324219,-268.20440673828125,-269.35430908203125,108.25556945800781,43.30222702026367,43.30222702026367,-298.2398681640625
1.7758738899067264e+18,-259.4649963378906,-299.02227783203125,-274.8739318847656,-290.05291748046875,-286.3731689453125,-260.61492919921875,-285.6831970214844,-285.4532165527344,108.25556945800781,43.30222702026367,43.30222702026367,-299.24090576171875
1.7758738899077263e+18,-264.294677734375,-298.56231689453125,-318.5709533691406,-294.882568359375,-267.74444580078125,-266.5945129394531,-289.1329650878906,-322.7106628417969,108.25556945800781,43.30222702026367,43.30222702026367,-300.27276611328125
1.7758738899087263e+18,-303.6219787597656,-298.79229736328125,-271.1941833496094,-296.2624816894531,-305.92181396484375,-281.7734680175781,-278.0937194824219,-317.8810119628906,108.25556945800781,43.30222702026367,43.30222702026367,-299.5027160644531
1.7758738899097262e+18,-313.74127197265625,-287.7530517578125,-279.93359375,-311.2114562988281,-298.56231689453125,-284.30328369140625,-280.8535461425781,-315.8111267089844,108.25556945800781,43.30222702026367,43.30222702026367,-301.350830078125
1.7758738899107261e+18,-305.46185302734375,-291.66278076171875,-273.4940490722656,-314.4312438964844,-274.4139709472656,-306.38177490234375,-297.87237548828125,-285.6831970214844,108.25556945800781,43.30222702026367,43.30222702026367,-300.041748046875
1.775873889911726e+18,-281.0835266113281,-316.5010986328125,-275.56390380859375,-311.9013977050781,-276.02386474609375,-299.4822692871094,-281.3135070800781,-282.2334289550781,108.25556945800781,43.30222702026367,43.30222702026367,-298.47088623046875
1.775873889912726e+18,-301.3221435546875,-282.0034484863281,-305.92181396484375,-277.1737976074219,-295.112548828125,-290.74285888671875,-267.5144348144531,-306.38177490234375,108.25556945800781,43.30222702026367,43.30222702026367,-299.1177062988281
1.775873889913726e+18,-304.5419006347656,-276.48382568359375,-297.1824035644531,-316.0411376953125,-277.1737976074219,-305.46185302734375,-284.07330322265625,-275.10394287109375,108.25556945800781,43.30222702026367,43.30222702026367,-300.07257080078125
1.775873889914726e+18,-298.56231689453125,-277.4037780761719,-264.984619140625,-304.3119201660156,-265.214599609375,-278.3236999511719,-304.3119201660156,-277.1737976074219,108.25556945800781,43.30222702026367,43.30222702026367,-298.6248779296875
1.7758738899157258e+18,-281.7734680175781,-267.74444580078125,-266.1345520019531,-304.5419006347656,-296.9524230957031,-265.444580078125,-254.4053497314453,-294.652587890625,108.25556945800781,43.30222702026367,43.30222702026367,-300.9657897949219
1.775873889916726e+18,-264.524658203125,-257.8551025390625,-269.12432861328125,-294.882568359375,-285.6831970214844,-269.5843200683594,-241.75621032714844,-273.0340576171875,108.25556945800781,43.30222702026367,43.30222702026367,-296.86920166015625
1.775873889917726e+18,-299.7122497558594,-286.8331298828125,-249.8056640625,-258.5450744628906,-284.7632751464844,-292.3527526855469,-255.32528686523438,-257.8551025390625,108.25556945800781,43.30222702026367,43.30222702026367,-298.2706604003906
1.775873889918726e+18,-267.2844543457031,-300.8621520996094,-269.8143005371094,-278.3236999511719,-272.5740966796875,-252.3354949951172,-277.1737976074219,-252.7954559326172,108.25556945800781,43.30222702026367,43.30222702026367,-298.902099609375
1.7758738899197258e+18,-281.0835266113281,-279.70361328125,-260.84490966796875,-286.6031494140625,-246.12591552734375,-278.5536804199219,-252.7954559326172,-258.3150634765625,108.25556945800781,43.30222702026367,43.30222702026367,-300.45758056640625
1.7758738899207258e+18,-285.4532165527344,-258.7750549316406,-276.02386474609375,-271.6541748046875,-248.42575073242188,-281.0835266113281,-244.05606079101562,-281.3135070800781,108.25556945800781,43.30222702026367,43.30222702026367,-298.2090759277344
1.7758738899217257e+18,-269.5843200683594,-299.9422302246094,-282.46343994140625,-261.53485107421875,-267.97442626953125,-288.4430236816406,-255.55526733398438,-273.4940490722656,108.25556945800781,43.30222702026367,43.30222702026367,-299.90313720703125
1.7758738899227256e+18,-287.9830322265625,-264.754638671875,-294.882568359375,-274.4139709472656,-276.25384521484375,-272.3441162109375,-260.1549377441406,-290.97283935546875,108.25556945800781,43.30222702026367,43.30222702026367,-299.5027160644531
1.7758738899237256e+18,-257.6251220703125,-289.8229064941406,-309.1416015625,-293.5026550292969,-259.6949768066406,-278.3236999511719,-292.1227722167969,-285.2232360839844,108.25556945800781,43.30222702026367,43.30222702026367,-298.1166687011719
1.7758738899247255e+18,-284.7632751464844,-284.9932556152344,-311.4414367675781,-304.0819396972656,-268.66436767578125,-294.192626953125,-282.0034484863281,-267.74444580078125,108.25556945800781,43.30222702026367,43.30222702026367,-301.3662109375
1.7758738899257254e+18,-307.3017272949219,-284.07330322265625,-302.2420654296875,-306.38177490234375,-270.7342224121094,-293.5026550292969,-295.5725402832031,-273.2640686035156,108.25556945800781,43.30222702026367,43.30222702026367,-300.79638671875
1.7758738899267254e+18,-276.02386474609375,-312.59136962890625,-277.6337585449219,-309.1416015625,-309.37158203125,-287.2930908203125,-313.74127197265625,-291.20281982421875,108.25556945800781,43.30222702026367,43.30222702026367,-300.9195861816406
1.7758738899277253e+18,-308.91162109375,-280.3935546875,-305.92181396484375,-276.25384521484375,-303.3919982910156,-278.3236999511719,-293.5026550292969,-285.6831970214844,108.25556945800781,43.30222702026367,43.30222702026367,-301.02740478515625
1.7758738899287252e+18,-304.77191162109375,-307.5317077636719,-283.38336181640625,-292.3527526855469,-303.8519592285156,-308.4516296386719,-273.7240295410156,-270.7342224121094,108.25556945800781,43.30222702026367,43.30222702026367,-298.701904296875
1.7758738899297252e+18,-279.4736328125,-312.36138916015625,-277.6337585449219,-298.33233642578125,-303.3919982910156,-281.0835266113281,-293.962646484375,-302.2420654296875,108.25556945800781,43.30222702026367,43.30222702026367,-297.6700439453125
1.775873889930725e+18,-313.51129150390625,-298.33233642578125,-272.5740966796875,-278.78369140625,-297.87237548828125,-308.91162109375,-269.12432861328125,-270.9642028808594,108.25556945800781,43.30222702026367,43.30222702026367,-298.5478820800781
1.775873889931725e+18,-284.5332946777344,-281.7734680175781,-302.4720458984375,-270.9642028808594,-264.984619140625,-291.43280029296875,-254.1753692626953,-292.3527526855469,108.25556945800781,43.30222702026367,43.30222702026367,-299.4873352050781
1.775873889932725e+18,-273.2640686035156,-300.1722106933594,-283.84332275390625,-268.66436767578125,-284.7632751464844,-261.99481201171875,-260.61492919921875,-291.66278076171875,108.25556945800781,43.30222702026367,43.30222702026367,-298.3630676269531
1.775873889933725e+18,-295.8025207519531,-276.25384521484375,-267.97442626953125,-273.0340576171875,-251.87551879882812,-252.7954559326172,-245.4359588623047,-259.2350158691406,108.25556945800781,43.30222702026367,43.30222702026367,-296.8999938964844
1.7758738899347249e+18,-287.0631103515625,-303.6219787597656,-270.0442810058594,-259.6949768066406,-275.79388427734375,-278.5536804199219,-243.82606506347656,-269.5843200683594,108.25556945800781,43.30222702026367,43.30222702026367,-297.05401611328125
1.7758738899357248e+18,-251.41555786132812,-261.07489013671875,-291.66278076171875,-287.2930908203125,-256.7052001953125,-276.02386474609375,-275.56390380859375,-252.5654754638672,108.25556945800781,43.30222702026367,43.30222702026367,-297.2696228027344
1.7758738899367247e+18,-299.2522888183594,-273.7240295410156,-249.11570739746094,-287.0631103515625,-279.013671875,-253.94537353515625,-262.2248229980469,-296.7224426269531,108.25556945800781,43.30222702026367,43.30222702026367,-299.3795166015625
1.7758738899377247e+18,-280.16357421875,-301.3221435546875,-274.8739318847656,-261.30487060546875,-252.7954559326172,-285.4532165527344,-291.8927917480469,-270.9642028808594,108.25556945800781,43.30222702026367,43.30222702026367,-300.5037841796875
1.7758738899387246e+18,-275.10394287109375,-259.6949768066406,-291.20281982421875,-273.0340576171875,-263.6047058105469,-288.2130432128906,-250.265625,-290.28289794921875,108.25556945800781,43.30222702026367,43.30222702026367,-298.6864929199219
1.7758738899397245e+18,-280.6235656738281,-287.7530517578125,-259.4649963378906,-305.23187255859375,-258.7750549316406,-288.9029846191406,-265.214599609375,-284.9932556152344,108.25556945800781,43.30222702026367,43.30222702026367,-299.0099182128906
1.7758738899407245e+18,-298.79229736328125,-272.3441162109375,-301.0921630859375,-277.1737976074219,-292.3527526855469,-288.4430236816406,-279.93359375,-309.6015625,108.25556945800781,43.30222702026367,43.30222702026367,-298.5016784667969
1.7758738899417244e+18,-295.8025207519531,-291.8927917480469,-316.2711181640625,-294.422607421875,-311.6714172363281,-292.8127136230469,-276.48382568359375,-306.38177490234375,108.25556945800781,43.30222702026367,43.30222702026367,-298.5016784667969
1.7758738899427244e+18,-295.342529296875,-294.882568359375,-320.64080810546875,-296.9524230957031,-295.342529296875,-308.4516296386719,-267.0544738769531,-307.3017272949219,108.25556945800781,43.30222702026367,43.30222702026367,-300.1649475097656
1.7758738899437243e+18,-279.013671875,-296.0325012207031,-290.74285888671875,-280.3935546875,-301.0921630859375,-278.78369140625,-294.192626953125,-307.7616882324219,108.25556945800781,43.30222702026367,43.30222702026367,-299.8723449707031
1.7758738899447242e+18,-326.3904113769531,-302.9320373535156,-275.33392333984375,-306.8417663574219,-294.882568359375,-273.2640686035156,-291.66278076171875,-321.7907409667969,108.25556945800781,43.30222702026367,43.30222702026367,-298.3476867675781
1.7758738899457242e+18,-313.51129150390625,-296.4924621582031,-309.6015625,-294.192626953125,-298.33233642578125,-296.0325012207031,-285.6831970214844,-299.4822692871094,108.25556945800781,43.30222702026367,43.30222702026367,-300.2419738769531
1.775873889946724e+18,-274.4139709472656,-303.8519592285156,-279.4736328125,-305.00189208984375,-289.8229064941406,-290.05291748046875,-305.69183349609375,-289.5929260253906,108.25556945800781,43.30222702026367,43.30222702026367,-300.3035583496094
1.775873889947724e+18,-296.0325012207031,-271.6541748046875,-294.652587890625,-268.20440673828125,-284.7632751464844,-271.8841552734375,-277.8637390136719,-284.7632751464844,108.25556945800781,43.30222702026367,43.30222702026367,-300.1495666503906
1.775873889948724e+18,-291.43280029296875,-267.0544738769531,-287.9830322265625,-270.5042419433594,-276.9438171386719,-273.2640686035156,-264.524658203125,-285.2232360839844,108.25556945800781,43.30222702026367,43.30222702026367,-300.18035888671875
1.775873889949724e+18,-284.07330322265625,-288.4430236816406,-265.214599609375,-284.9932556152344,-249.57568359375,-277.4037780761719,-248.42575073242188,-284.30328369140625,108.25556945800781,43.30222702026367,43.30222702026367,-297.80865478515625
1.7758738899507238e+18,-299.7122497558594,-276.9438171386719,-300.8621520996094,-273.2640686035156,-295.5725402832031,-263.8346862792969,-284.07330322265625,-267.74444580078125,108.25556945800781,43.30222702026367,43.30222702026367,-298.9945068359375
1.7758738899517238e+18,-253.71539306640625,-290.97283935546875,-284.9932556152344,-268.43438720703125,-287.2930908203125,-268.66436767578125,-252.10549926757812,-286.3731689453125,108.25556945800781,43.30222702026367,43.30222702026367,-296.7460021972656
1.7758738899527237e+18,-284.9932556152344,-258.7750549316406,-286.8331298828125,-268.43438720703125,-274.6439514160156,-273.4940490722656,-266.5945129394531,-290.28289794921875,108.25556945800781,43.30222702026367,43.30222702026367,-299.90313720703125
1.7758738899537236e+18,-256.4751892089844,-282.0034484863281,-271.6541748046875,-269.12432861328125,-266.5945129394531,-255.78524780273438,-267.97442626953125,-254.1753692626953,108.25556945800781,43.30222702026367,43.30222702026367,-297.23883056640625
1.7758738899547236e+18,-277.6337585449219,-298.79229736328125,-275.79388427734375,-308.681640625,-269.5843200683594,-287.7530517578125,-265.9045715332031,-272.1141357421875,108.25556945800781,43.30222702026367,43.30222702026367,-297.57763671875
1.7758738899557235e+18,-262.2248229980469,-293.5026550292969,-263.8346862792969,-295.5725402832031,-265.214599609375,-277.4037780761719,-272.3441162109375,-264.524658203125,108.25556945800781,43.30222702026367,43.30222702026367,-298.47088623046875
1.7758738899567235e+18,-283.84332275390625,-303.3919982910156,-281.7734680175781,-287.5230712890625,-288.6730041503906,-267.5144348144531,-280.6235656738281,-277.1737976074219,108.25556945800781,43.30222702026367,43.30222702026367,-299.6259460449219
1.7758738899577234e+18,-270.2742614746094,-301.0921630859375,-273.0340576171875,-309.83154296875,-268.66436767578125,-300.6321716308594,-262.6847839355469,-301.3221435546875,108.25556945800781,43.30222702026367,43.30222702026367,-299.99554443359375
1.7758738899587233e+18,-299.2522888183594,-309.37158203125,-284.5332946777344,-316.0411376953125,-295.5725402832031,-276.25384521484375,-298.79229736328125,-280.8535461425781,108.25556945800781,43.30222702026367,43.30222702026367,-300.64239501953125
1.7758738899597233e+18,-298.79229736328125,-298.56231689453125,-300.1722106933594,-302.4720458984375,-296.4924621582031,-299.9422302246094,-281.3135070800781,-305.23187255859375,108.25556945800781,43.30222702026367,43.30222702026367,-300.64239501953125
1.7758738899607232e+18,-307.0717468261719,-282.0034484863281,-301.7821044921875,-303.8519592285156,-295.8025207519531,-317.1910400390625,-289.3629455566406,-321.5607604980469,108.25556945800781,43.30222702026367,43.30222702026367,-298.8713073730469
1.7758738899617231e+18,-276.02386474609375,-302.7020263671875,-288.2130432128906,-290.05291748046875,-301.0921630859375,-276.02386474609375,-298.56231689453125,-284.7632751464844,108.25556945800781,43.30222702026367,43.30222702026367,-300.8271789550781
1.775873889962723e+18,-310.0615234375,-300.6321716308594,-317.1910400390625,-292.8127136230469,-309.37158203125,-287.9830322265625,-297.64239501953125,-296.4924621582031,108.25556945800781,43.30222702026367,43.30222702026367,-300.2573547363281
1.775873889963723e+18,-270.5042419433594,-300.8621520996094,-271.6541748046875,-303.1620178222656,-264.524658203125,-296.2624816894531,-262.9147644042969,-299.4822692871094,108.25556945800781,43.30222702026367,43.30222702026367,-300.2881774902344
1.775873889964723e+18,-298.33233642578125,-273.9540100097656,-295.342529296875,-271.4241943359375,-288.9029846191406,-258.3150634765625,-286.6031494140625,-265.674560546875,108.25556945800781,43.30222702026367,43.30222702026367,-298.48626708984375
1.775873889965723e+18,-294.882568359375,-295.342529296875,-260.38494873046875,-277.4037780761719,-289.8229064941406,-263.8346862792969,-270.5042419433594,-306.8417663574219,108.25556945800781,43.30222702026367,43.30222702026367,-298.1628723144531
1.7758738899667228e+18,-271.4241943359375,-308.681640625,-277.4037780761719,-291.8927917480469,-273.7240295410156,-272.8040771484375,-274.1839904785156,-258.0850830078125,108.25556945800781,43.30222702026367,43.30222702026367,-297.62384033203125
1.7758738899677228e+18,-273.2640686035156,-297.41241455078125,-272.5740966796875,-301.0921630859375,-265.444580078125,-278.78369140625,-271.4241943359375,-257.8551025390625,108.25556945800781,43.30222702026367,43.30222702026367,-297.71624755859375
1.7758738899687227e+18,-260.38494873046875,-280.16357421875,-255.78524780273438,-288.4430236816406,-249.57568359375,-277.6337585449219,-249.8056640625,-279.70361328125,108.25556945800781,43.30222702026367,43.30222702026367,-298.2398681640625
1.7758738899697226e+18,-287.0631103515625,-284.07330322265625,-277.4037780761719,-296.2624816894531,-266.5945129394531,-293.2726745605469,-258.5450744628906,-282.92340087890625,108.25556945800781,43.30222702026367,43.30222702026367,-296.77679443359375
1.7758738899707226e+18,-299.7122497558594,-273.7240295410156,-289.1329650878906,-278.3236999511719,-265.214599609375,-278.3236999511719,-243.36610412597656,-281.3135070800781,108.25556945800781,43.30222702026367,43.30222702026367,-297.3158264160156
1.7758738899717225e+18,-290.28289794921875,-261.53485107421875,-285.6831970214844,-275.33392333984375,-269.12432861328125,-281.0835266113281,-254.4053497314453,-289.8229064941406,108.25556945800781,43.30222702026367,43.30222702026367,-298.7789001464844
1.7758738899727224e+18,-271.8841552734375,-302.0120849609375,-281.5434875488281,-299.9422302246094,-286.3731689453125,-285.6831970214844,-278.0937194824219,-284.5332946777344,108.25556945800781,43.30222702026367,43.30222702026367,-298.1166687011719
1.7758738899737224e+18,-281.7734680175781,-310.0615234375,-289.3629455566406,-279.24365234375,-300.8621520996094,-270.5042419433594,-284.07330322265625,-287.9830322265625,108.25556945800781,43.30222702026367,43.30222702026367,-299.51812744140625
1.7758738899747223e+18,-311.2114562988281,-282.2334289550781,-301.7821044921875,-294.652587890625,-285.2232360839844,-299.2522888183594,-265.9045715332031,-303.1620178222656,108.25556945800781,43.30222702026367,43.30222702026367,-299.24090576171875
1.7758738899757222e+18,-295.112548828125,-282.92340087890625,-298.56231689453125,-284.7632751464844,-295.342529296875,-278.0937194824219,-294.882568359375,-281.0835266113281,108.25556945800781,43.30222702026367,43.30222702026367,-298.9175109863281
1.7758738899767222e+18,-303.1620178222656,-300.1722106933594,-312.82135009765625,-299.2522888183594,-315.5811462402344,-294.422607421875,-312.59136962890625,-296.0325012207031,108.25556945800781,43.30222702026367,43.30222702026367,-300.07257080078125
1.775873889977722e+18,-292.8127136230469,-290.51287841796875,-302.4720458984375,-285.4532165527344,-300.1722106933594,-289.1329650878906,-294.882568359375,-315.5811462402344,108.25556945800781,43.30222702026367,43.30222702026367,-300.0263671875
1.775873889978722e+18,-311.2114562988281,-294.652587890625,-295.5725402832031,-300.8621520996094,-274.8739318847656,-299.9422302246094,-267.0544738769531,-305.23187255859375,108.25556945800781,43.30222702026367,43.30222702026367,-300.8271789550781
1.775873889979722e+18,-286.1431579589844,-287.5230712890625,-292.5827331542969,-288.4430236816406,-289.3629455566406,-276.71380615234375,-285.9131774902344,-278.0937194824219,108.25556945800781,43.30222702026367,43.30222702026367,-298.9945068359375
1.775873889980722e+18,-294.422607421875,-280.8535461425781,-302.2420654296875,-267.74444580078125,-287.2930908203125,-276.02386474609375,-264.064697265625,-298.33233642578125,108.25556945800781,43.30222702026367,43.30222702026367,-300.2265625
1.7758738899817219e+18,-299.7122497558594,-272.3441162109375,-283.15338134765625,-316.0411376953125,-278.3236999511719,-259.9249572753906,-277.6337585449219,-289.3629455566406,108.25556945800781,43.30222702026367,43.30222702026367,-299.51812744140625
1.7758738899827218e+18,-282.92340087890625,-312.59136962890625,-275.33392333984375,-305.23187255859375,-267.74444580078125,-290.05291748046875,-265.9045715332031,-284.5332946777344,108.25556945800781,43.30222702026367,43.30222702026367,-297.3158264160156
1.7758738899837217e+18,-261.30487060546875,-291.43280029296875,-258.3150634765625,-294.422607421875,-253.48541259765625,-282.46343994140625,-244.28604125976562,-284.9932556152344,108.25556945800781,43.30222702026367,43.30222702026367,-298.7326965332031
1.7758738899847217e+18,-276.9438171386719,-273.2640686035156,-284.30328369140625,-260.38494873046875,-280.6235656738281,-248.19577026367188,-271.6541748046875,-256.9351806640625,108.25556945800781,43.30222702026367,43.30222702026367,-298.56329345703125
1.7758738899857216e+18,-278.3236999511719,-249.34568786621094,-270.0442810058594,-282.92340087890625,-244.74600219726562,-279.4736328125,-279.013671875,-265.674560546875,108.25556945800781,43.30222702026367,43.30222702026367,-299.42572021484375
1.7758738899867218e+18,-284.07330322265625,-252.5654754638672,-279.24365234375,-270.5042419433594,-265.674560546875,-289.8229064941406,-255.09530639648438,-290.74285888671875,108.25556945800781,43.30222702026367,43.30222702026367,-297.0386047363281
1.7758738899877217e+18,-287.7530517578125,-284.5332946777344,-274.8739318847656,-303.6219787597656,-268.43438720703125,-293.5026550292969,-263.3747253417969,-285.4532165527344,108.25556945800781,43.30222702026367,43.30222702026367,-297.0848083496094
1.7758738899887217e+18,-287.2930908203125,-269.5843200683594,-288.4430236816406,-265.214599609375,-286.8331298828125,-263.1447448730469,-275.56390380859375,-279.70361328125,108.25556945800781,43.30222702026367,43.30222702026367,-300.47296142578125
1.7758738899897219e+18,-270.9642028808594,-294.192626953125,-287.9830322265625,-290.51287841796875,-297.64239501953125,-282.92340087890625,-300.8621520996094,-281.5434875488281,108.25556945800781,43.30222702026367,43.30222702026367,-299.5951232910156
1.7758738899907218e+18,-290.05291748046875,-272.3441162109375,-295.342529296875,-280.3935546875,-292.5827331542969,-281.3135070800781,-286.6031494140625,-284.07330322265625,108.25556945800781,43.30222702026367,43.30222702026367,-300.1495666503906
1.7758738899917217e+18,-286.1431579589844,-303.8519592285156,-273.7240295410156,-305.00189208984375,-267.5144348144531,-298.79229736328125,-268.89434814453125,-298.33233642578125,108.25556945800781,43.30222702026367,43.30222702026367,-298.3938903808594
1.7758738899927217e+18,-314.4312438964844,-296.0325012207031,-320.64080810546875,-296.4924621582031,-315.5811462402344,-291.20281982421875,-299.4822692871094,-295.342529296875,108.25556945800781,43.30222702026367,43.30222702026367,-300.9657897949219
1.7758738899937219e+18,-296.7224426269531,-279.93359375,-308.2216491699219,-282.69342041015625,-293.732666015625,-310.7514953613281,-279.24365234375,-326.8503723144531,108.25556945800781,43.30222702026367,43.30222702026367,-298.5478820800781
1.7758738899947218e+18,-278.5536804199219,-304.5419006347656,-288.2130432128906,-299.4822692871094,-295.112548828125,-281.0835266113281,-293.0426940917969,-277.6337585449219,108.25556945800781,43.30222702026367,43.30222702026367,-301.68963623046875
1.7758738899957217e+18,-289.3629455566406,-295.5725402832031,-298.79229736328125,-287.7530517578125,-297.1824035644531,-279.70361328125,-292.3527526855469,-296.2624816894531,108.25556945800781,43.30222702026367,43.30222702026367,-301.7050476074219
1.775873889996722e+18,-312.36138916015625,-294.652587890625,-290.74285888671875,-300.4021911621094,-272.3441162109375,-298.56231689453125,-260.61492919921875,-296.4924621582031,108.25556945800781,43.30222702026367,43.30222702026367,-299.51812744140625
1.7758738899977219e+18,-289.1329650878906,-293.2726745605469,-295.112548828125,-275.33392333984375,-293.0426940917969,-261.53485107421875,-285.4532165527344,-268.20440673828125,108.25556945800781,43.30222702026367,43.30222702026367,-300.1495666503906
1.7758738899987218e+18,-290.97283935546875,-273.2640686035156,-288.4430236816406,-265.674560546875,-283.61334228515625,-268.66436767578125,-268.66436767578125,-284.7632751464844,108.25556945800781,43.30222702026367,43.30222702026367,-299.9185485839844
1.7758738899997217e+18,-266.3645324707031,-294.192626953125,-261.30487060546875,-295.112548828125,-255.09530639648438,-283.84332275390625,-247.96578979492188,-285.2232360839844,108.25556945800781,43.30222702026367,43.30222702026367,-297.4544372558594
1.775873890000722e+18,-264.984619140625,-275.10394287109375,-277.1737976074219,-255.32528686523438,-281.3135070800781,-251.41555786132812,-272.8040771484375,-273.2640686035156,108.25556945800781,43.30222702026367,43.30222702026367,-299.2563171386719
1.7758738900017219e+18,-279.013671875,-281.3135070800781,-296.7224426269531,-276.9438171386719,-293.962646484375,-270.7342224121094,-284.5332946777344,-269.35430908203125,108.25556945800781,43.30222702026367,43.30222702026367,-299.0252990722656
1.7758738900027218e+18,-266.1345520019531,-287.2930908203125,-272.3441162109375,-262.9147644042969,-271.6541748046875,-252.3354949951172,-266.8244934082031,-276.02386474609375,108.25556945800781,43.30222702026367,43.30222702026367,-298.8251037597656
1.7758738900037217e+18,-262.2248229980469,-268.89434814453125,-267.97442626953125,-269.35430908203125,-272.3441162109375,-255.32528686523438,-274.8739318847656,-255.09530639648438,108.25556945800781,43.30222702026367,43.30222702026367,-298.2090759277344
1.775873890004722e+18,-287.5230712890625,-259.9249572753906,-284.07330322265625,-274.1839904785156,-267.97442626953125,-293.0426940917969,-258.3150634765625,-300.1722106933594,108.25556945800781,43.30222702026367,43.30222702026367,-297.1002197265625
1.7758738900057219e+18,-273.7240295410156,-305.46185302734375,-279.24365234375,-275.10394287109375,-290.97283935546875,-276.71380615234375,-247.73580932617188,-290.97283935546875,108.25556945800781,43.30222702026367,43.30222702026367,-298.8866882324219
1.7758738900067218e+18,-308.4516296386719,-287.2930908203125,-285.9131774902344,-301.3221435546875,-259.2350158691406,-293.732666015625,-254.4053497314453,-292.1227722167969,108.25556945800781,43.30222702026367,43.30222702026367,-297.82403564453125
1.775873890007722e+18,-302.2420654296875,-289.3629455566406,-287.7530517578125,-311.4414367675781,-282.2334289550781,-313.97125244140625,-278.5536804199219,-308.681640625,108.25556945800781,43.30222702026367,43.30222702026367,-298.08587646484375
1.775873890008722e+18,-291.20281982421875,-318.5709533691406,-290.05291748046875,-328.92022705078125,-286.8331298828125,-313.97125244140625,-281.3135070800781,-305.92181396484375,108.25556945800781,43.30222702026367,43.30222702026367,-298.5940856933594
1.7758738900097219e+18,-292.1227722167969,-316.7310791015625,-292.5827331542969,-313.74127197265625,-296.2624816894531,-286.1431579589844,-297.87237548828125,-276.48382568359375,108.25556945800781,43.30222702026367,43.30222702026367,-299.471923828125
1.7758738900107218e+18,-277.4037780761719,-307.7616882324219,-282.2334289550781,-313.74127197265625,-299.2522888183594,-301.3221435546875,-301.5521240234375,-300.1722106933594,108.25556945800781,43.30222702026367,43.30222702026367,-299.98016357421875
1.775873890011722e+18,-298.10235595703125,-323.1706237792969,-290.51287841796875,-316.0411376953125,-290.97283935546875,-289.3629455566406,-294.422607421875,-280.3935546875,108.25556945800781,43.30222702026367,43.30222702026367,-299.6259460449219
1.775873890012722e+18,-281.0835266113281,-296.2624816894531,-285.9131774902344,-294.192626953125,-291.8927917480469,-278.5536804199219,-291.66278076171875,-282.69342041015625,108.25556945800781,43.30222702026367,43.30222702026367,-301.5664367675781
1.7758738900137219e+18,-303.8519592285156,-286.8331298828125,-313.97125244140625,-292.1227722167969,-286.1431579589844,-299.4822692871094,-258.3150634765625,-302.0120849609375,108.25556945800781,43.30222702026367,43.30222702026367,-299.1947021484375
1.775873890014722e+18,-309.1416015625,-287.2930908203125,-273.7240295410156,-303.8519592285156,-256.4751892089844,-286.6031494140625,-280.6235656738281,-258.3150634765625,108.25556945800781,43.30222702026367,43.30222702026367,-301.5664367675781
1.775873890015722e+18,-298.33233642578125,-273.2640686035156,-287.0631103515625,-279.24365234375,-279.013671875,-273.4940490722656,-273.4940490722656,-284.9932556152344,108.25556945800781,43.30222702026367,43.30222702026367,-298.4554748535156
1.775873890016722e+18,-289.3629455566406,-272.1141357421875,-285.4532165527344,-289.8229064941406,-248.42575073242188,-273.0340576171875,-276.25384521484375,-259.9249572753906,108.25556945800781,43.30222702026367,43.30222702026367,-298.9945068359375
1.7758738900177219e+18,-267.5144348144531,-289.3629455566406,-258.7750549316406,-292.5827331542969,-253.0254364013672,-277.4037780761719,-240.60629272460938,-284.9932556152344,108.25556945800781,43.30222702026367,43.30222702026367,-298.4554748535156
1.775873890018722e+18,-280.8535461425781,-258.0850830078125,-279.93359375,-256.0152282714844,-280.3935546875,-254.6353302001953,-272.3441162109375,-272.1141357421875,108.25556945800781,43.30222702026367,43.30222702026367,-300.27276611328125
1.775873890019722e+18,-267.74444580078125,-284.9932556152344,-289.1329650878906,-279.4736328125,-294.192626953125,-267.0544738769531,-273.9540100097656,-272.1141357421875,108.25556945800781,43.30222702026367,43.30222702026367,-299.22552490234375
1.775873890020722e+18,-268.43438720703125,-301.0921630859375,-260.61492919921875,-268.89434814453125,-282.69342041015625,-265.444580078125,-241.52622985839844,-284.7632751464844,108.25556945800781,43.30222702026367,43.30222702026367,-299.7799377441406
1.7758738900217219e+18,-256.2452087402344,-295.5725402832031,-279.70361328125,-274.4139709472656,-295.8025207519531,-284.07330322265625,-248.88572692871094,-279.24365234375,108.25556945800781,43.30222702026367,43.30222702026367,-300.93499755859375
1.775873890022722e+18,-292.8127136230469,-287.0631103515625,-266.8244934082031,-275.10394287109375,-279.013671875,-296.9524230957031,-272.8040771484375,-258.3150634765625,108.25556945800781,43.30222702026367,43.30222702026367,-297.392822265625
1.775873890023722e+18,-266.8244934082031,-267.74444580078125,-301.7821044921875,-293.0426940917969,-268.66436767578125,-297.64239501953125,-294.422607421875,-275.79388427734375,108.25556945800781,43.30222702026367,43.30222702026367,-298.74810791015625
1.775873890024722e+18,-304.3119201660156,-285.6831970214844,-277.8637390136719,-311.2114562988281,-259.2350158691406,-292.5827331542969,-271.6541748046875,-299.9422302246094,108.25556945800781,43.30222702026367,43.30222702026367,-299.1947021484375
1.775873890025722e+18,-302.9320373535156,-299.2522888183594,-287.7530517578125,-308.2216491699219,-277.4037780761719,-298.79229736328125,-265.9045715332031,-305.46185302734375,108.25556945800781,43.30222702026367,43.30222702026367,-299.3949279785156
1.775873890026722e+18,-303.8519592285156,-302.4720458984375,-295.8025207519531,-307.3017272949219,-275.79388427734375,-298.33233642578125,-264.524658203125,-302.0120849609375,108.25556945800781,43.30222702026367,43.30222702026367,-299.1793212890625
1.775873890027722e+18,-286.6031494140625,-312.82135009765625,-285.9131774902344,-299.02227783203125,-324.090576171875,-290.28289794921875,-275.79388427734375,-313.51129150390625,108.25556945800781,43.30222702026367,43.30222702026367,-299.5027160644531
1.775873890028722e+18,-302.7020263671875,-301.7821044921875,-306.38177490234375,-305.92181396484375,-290.74285888671875,-301.7821044921875,-273.7240295410156,-307.7616882324219,108.25556945800781,43.30222702026367,43.30222702026367,-300.5191650390625
1.775873890029722e+18,-265.674560546875,-305.00189208984375,-270.2742614746094,-308.4516296386719,-269.8143005371094,-299.7122497558594,-269.5843200683594,-302.2420654296875,108.25556945800781,43.30222702026367,43.30222702026367,-299.99554443359375
1.775873890030722e+18,-293.0426940917969,-270.2742614746094,-303.1620178222656,-282.92340087890625,-276.02386474609375,-297.64239501953125,-266.5945129394531,-286.3731689453125,108.25556945800781,43.30222702026367,43.30222702026367,-300.041748046875
1.775873890031722e+18,-315.1211853027344,-280.3935546875,-304.5419006347656,-284.30328369140625,-282.2334289550781,-283.84332275390625,-262.4548034667969,-300.1722106933594,108.25556945800781,43.30222702026367,43.30222702026367,-298.332275390625
1.7758738900327222e+18,-267.0544738769531,-260.38494873046875,-285.6831970214844,-308.2216491699219,-261.76483154296875,-252.5654754638672,-261.07489013671875,-289.8229064941406,108.25556945800781,43.30222702026367,43.30222702026367,-298.5940856933594
1.775873890033722e+18,-275.56390380859375,-257.1651611328125,-282.0034484863281,-302.9320373535156,-258.0850830078125,-263.8346862792969,-278.0937194824219,-269.12432861328125,108.25556945800781,43.30222702026367,43.30222702026367,-298.10125732421875
1.775873890034722e+18,-292.3527526855469,-264.064697265625,-273.4940490722656,-296.7224426269531,-258.3150634765625,-268.20440673828125,-269.5843200683594,-247.0458526611328,108.25556945800781,43.30222702026367,43.30222702026367,-298.71728515625
1.775873890035722e+18,-302.0120849609375,-273.9540100097656,-258.5450744628906,-294.422607421875,-254.8653106689453,-249.57568359375,-276.9438171386719,-267.5144348144531,108.25556945800781,43.30222702026367,43.30222702026367,-296.8846130371094
1.7758738900367222e+18,-286.8331298828125,-259.6949768066406,-282.2334289550781,-261.99481201171875,-282.92340087890625,-252.7954559326172,-269.35430908203125,-257.6251220703125,108.25556945800781,43.30222702026367,43.30222702026367,-297.05401611328125
1.775873890037722e+18,-259.4649963378906,-290.97283935546875,-281.5434875488281,-283.38336181640625,-295.342529296875,-270.9642028808594,-265.674560546875,-283.15338134765625,108.25556945800781,43.30222702026367,43.30222702026367,-298.2398681640625
1.775873890038722e+18,-258.7750549316406,-291.8927917480469,-264.754638671875,-293.0426940917969,-284.07330322265625,-282.92340087890625,-296.9524230957031,-276.25384521484375,108.25556945800781,43.30222702026367,43.30222702026367,-299.1177062988281
1.775873890039722e+18,-266.8244934082031,-284.7632751464844,-280.3935546875,-276.02386474609375,-284.07330322265625,-266.3645324707031,-281.7734680175781,-271.1941833496094,108.25556945800781,43.30222702026367,43.30222702026367,-300.7193908691406
1.7758738900407222e+18,-295.8025207519531,-270.5042419433594,-288.6730041503906,-282.0034484863281,-278.5536804199219,-289.3629455566406,-267.74444580078125,-293.732666015625,108.25556945800781,43.30222702026367,43.30222702026367,-299.90313720703125
1.775873890041722e+18,-283.84332275390625,-287.2930908203125,-295.342529296875,-281.0835266113281,-297.1824035644531,-274.6439514160156,-292.5827331542969,-277.6337585449219,108.25556945800781,43.30222702026367,43.30222702026367,-301.32000732421875
1.775873890042722e+18,-280.3935546875,-306.8417663574219,-279.70361328125,-307.0717468261719,-283.61334228515625,-297.41241455078125,-300.4021911621094,-288.6730041503906,108.25556945800781,43.30222702026367,43.30222702026367,-300.3959655761719
1.7758738900437222e+18,-305.69183349609375,-302.0120849609375,-297.64239501953125,-308.2216491699219,-285.6831970214844,-304.3119201660156,-273.2640686035156,-306.38177490234375,108.25556945800781,43.30222702026367,43.30222702026367,-300.9504089355469
1.7758738900447222e+18,-308.4516296386719,-291.66278076171875,-300.8621520996094,-317.1910400390625,-292.3527526855469,-318.1109924316406,-288.2130432128906,-305.69183349609375,108.25556945800781,43.30222702026367,43.30222702026367,-299.04071044921875
1.775873890045722e+18,-287.7530517578125,-295.112548828125,-296.4924621582031,-286.1431579589844,-300.4021911621094,-275.56390380859375,-295.8025207519531,-282.92340087890625,108.25556945800781,43.30222702026367,43.30222702026367,-301.2892150878906
1.775873890046722e+18,-279.013671875,-306.61175537109375,-294.652587890625,-299.9422302246094,-299.2522888183594,-288.9029846191406,-307.5317077636719,-289.1329650878906,108.25556945800781,43.30222702026367,43.30222702026367,-299.81072998046875
1.7758738900477222e+18,-290.51287841796875,-275.79388427734375,-292.3527526855469,-275.10394287109375,-290.28289794921875,-271.1941833496094,-286.8331298828125,-285.2232360839844,108.25556945800781,43.30222702026367,43.30222702026367,-300.9657897949219
1.7758738900487222e+18,-287.9830322265625,-299.9422302246094,-283.61334228515625,-312.59136962890625,-274.4139709472656,-300.4021911621094,-269.35430908203125,-280.6235656738281,108.25556945800781,43.30222702026367,43.30222702026367,-297.7778625488281
1.775873890049722e+18,-279.24365234375,-267.2844543457031,-280.3935546875,-271.4241943359375,-277.6337585449219,-256.4751892089844,-278.3236999511719,-257.6251220703125,108.25556945800781,43.30222702026367,43.30222702026367,-298.0704650878906
1.7758738900507223e+18,-254.6353302001953,-287.9830322265625,-254.4053497314453,-291.20281982421875,-247.96578979492188,-279.4736328125,-242.2161865234375,-283.61334228515625,108.25556945800781,43.30222702026367,43.30222702026367,-298.57867431640625
1.7758738900517222e+18,-278.5536804199219,-277.8637390136719,-264.524658203125,-281.7734680175781,-248.88572692871094,-274.8739318847656,-240.60629272460938,-284.07330322265625,108.25556945800781,43.30222702026367,43.30222702026367,-297.8702392578125
1.7758738900527222e+18,-272.8040771484375,-276.9438171386719,-278.5536804199219,-259.6949768066406,-279.70361328125,-248.19577026367188,-266.5945129394531,-264.524658203125,108.25556945800781,43.30222702026367,43.30222702026367,-299.24090576171875
1.775873890053722e+18,-270.7342224121094,-279.4736328125,-272.5740966796875,-279.4736328125,-269.8143005371094,-267.0544738769531,-269.12432861328125,-269.35430908203125,108.25556945800781,43.30222702026367,43.30222702026367,-298.0396728515625
1.7758738900547223e+18,-285.6831970214844,-281.5434875488281,-298.33233642578125,-279.93359375,-299.02227783203125,-269.8143005371094,-280.6235656738281,-273.9540100097656,108.25556945800781,43.30222702026367,43.30222702026367,-299.0715026855469
1.7758738900557222e+18,-271.6541748046875,-292.1227722167969,-279.93359375,-282.46343994140625,-279.013671875,-262.9147644042969,-281.3135070800781,-258.5450744628906,108.25556945800781,43.30222702026367,43.30222702026367,-299.3025207519531
1.7758738900567222e+18,-278.78369140625,-270.5042419433594,-288.4430236816406,-269.8143005371094,-292.1227722167969,-266.1345520019531,-286.3731689453125,-263.3747253417969,108.25556945800781,43.30222702026367,43.30222702026367,-297.8856506347656
1.775873890057722e+18,-319.0309143066406,-286.3731689453125,-312.82135009765625,-290.51287841796875,-299.2522888183594,-290.74285888671875,-292.5827331542969,-292.8127136230469,108.25556945800781,43.30222702026367,43.30222702026367,-299.6259460449219
1.7758738900587223e+18,-321.33074951171875,-292.1227722167969,-306.8417663574219,-295.342529296875,-298.56231689453125,-295.112548828125,-282.0034484863281,-299.4822692871094,108.25556945800781,43.30222702026367,43.30222702026367,-300.2881774902344
1.7758738900597222e+18,-274.8739318847656,-310.9814758300781,-276.02386474609375,-310.7514953613281,-269.8143005371094,-299.9422302246094,-276.71380615234375,-294.652587890625,108.25556945800781,43.30222702026367,43.30222702026367,-298.9328918457031
1.7758738900607222e+18,-299.4822692871094,-312.36138916015625,-276.48382568359375,-301.0921630859375,-301.5521240234375,-273.2640686035156,-297.41241455078125,-305.23187255859375,108.25556945800781,43.30222702026367,43.30222702026367,-300.8271789550781
1.7758738900617224e+18,-300.6321716308594,-290.97283935546875,-291.20281982421875,-307.7616882324219,-275.56390380859375,-306.38177490234375,-272.1141357421875,-305.92181396484375,108.25556945800781,43.30222702026367,43.30222702026367,-299.841552734375
1.7758738900627223e+18,-311.4414367675781,-284.9932556152344,-301.7821044921875,-287.2930908203125,-284.07330322265625,-293.5026550292969,-266.8244934082031,-307.3017272949219,108.25556945800781,43.30222702026367,43.30222702026367,-300.041748046875
1.7758738900637222e+18,-278.3236999511719,-301.7821044921875,-276.9438171386719,-305.23187255859375,-273.4940490722656,-293.732666015625,-271.1941833496094,-290.74285888671875,108.25556945800781,43.30222702026367,43.30222702026367,-299.22552490234375
1.7758738900647222e+18,-308.2216491699219,-271.6541748046875,-297.41241455078125,-297.87237548828125,-276.9438171386719,-306.38177490234375,-273.4940490722656,-296.9524230957031,108.25556945800781,43.30222702026367,43.30222702026367,-297.5930480957031
1.7758738900657224e+18,-282.92340087890625,-313.05133056640625,-276.9438171386719,-291.8927917480469,-293.732666015625,-259.0050354003906,-271.4241943359375,-282.2334289550781,108.25556945800781,43.30222702026367,43.30222702026367,-298.1628723144531
1.7758738900667223e+18,-290.74285888671875,-269.8143005371094,-288.4430236816406,-286.6031494140625,-279.93359375,-288.6730041503906,-270.5042419433594,-301.7821044921875,108.25556945800781,43.30222702026367,43.30222702026367,-298.37847900390625
1.7758738900677222e+18,-252.7954559326172,-283.84332275390625,-264.064697265625,-281.7734680175781,-280.8535461425781,-273.4940490722656,-291.8927917480469,-270.2742614746094,108.25556945800781,43.30222702026367,43.30222702026367,-298.85589599609375
1.7758738900687224e+18,-293.0426940917969,-276.02386474609375,-296.7224426269531,-273.2640686035156,-286.1431579589844,-268.43438720703125,-274.1839904785156,-274.4139709472656,108.25556945800781,43.30222702026367,43.30222702026367,-298.8866882324219
1.7758738900697224e+18,-271.1941833496094,-288.9029846191406,-263.6047058105469,-298.79229736328125,-262.4548034667969,-282.2334289550781,-267.74444580078125,-257.6251220703125,108.25556945800781,43.30222702026367,43.30222702026367,-297.5468444824219
1.7758738900707223e+18,-253.0254364013672,-286.1431579589844,-254.8653106689453,-290.28289794921875,-251.41555786132812,-276.9438171386719,-251.41555786132812,-279.24365234375,108.25556945800781,43.30222702026367,43.30222702026367,-298.6248779296875
1.7758738900717222e+18,-256.4751892089844,-288.4430236816406,-253.0254364013672,-291.20281982421875,-252.3354949951172,-284.5332946777344,-250.265625,-290.97283935546875,108.25556945800781,43.30222702026367,43.30222702026367,-299.3949279785156
1.7758738900727224e+18,-282.69342041015625,-307.3017272949219,-278.5536804199219,-310.0615234375,-274.8739318847656,-286.1431579589844,-271.4241943359375,-269.12432861328125,108.25556945800781,43.30222702026367,43.30222702026367,-298.85589599609375
1.7758738900737224e+18,-301.3221435546875,-263.8346862792969,-294.652587890625,-270.7342224121094,-288.6730041503906,-277.6337585449219,-278.3236999511719,-288.4430236816406,108.25556945800781,43.30222702026367,43.30222702026367,-298.6864929199219
1.7758738900747223e+18,-294.652587890625,-284.30328369140625,-295.342529296875,-305.46185302734375,-287.2930908203125,-311.6714172363281,-278.78369140625,-319.0309143066406,108.25556945800781,43.30222702026367,43.30222702026367,-300.3959655761719
1.7758738900757222e+18,-306.8417663574219,-281.7734680175781,-302.9320373535156,-288.2130432128906,-296.7224426269531,-280.8535461425781,-295.112548828125,-282.92340087890625,108.25556945800781,43.30222702026367,43.30222702026367,-299.1177062988281
1.7758738900767224e+18,-294.422607421875,-307.7616882324219,-310.9814758300781,-302.9320373535156,-310.7514953613281,-297.41241455078125,-313.74127197265625,-293.732666015625,108.25556945800781,43.30222702026367,43.30222702026367,-300.1341552734375
1.7758738900777224e+18,-292.5827331542969,-296.9524230957031,-295.5725402832031,-289.5929260253906,-290.28289794921875,-283.61334228515625,-290.97283935546875,-287.0631103515625,108.25556945800781,43.30222702026367,43.30222702026367,-299.90313720703125
1.7758738900787223e+18,-304.5419006347656,-279.93359375,-302.0120849609375,-288.6730041503906,-299.9422302246094,-295.8025207519531,-293.732666015625,-309.37158203125,108.25556945800781,43.30222702026367,43.30222702026367,-302.2132568359375
1.7758738900797225e+18,-317.8810119628906,-294.422607421875,-312.59136962890625,-292.8127136230469,-293.732666015625,-289.1329650878906,-270.0442810058594,-299.02227783203125,108.25556945800781,43.30222702026367,43.30222702026367,-299.8723449707031
1.7758738900807224e+18,-296.9524230957031,-284.30328369140625,-285.4532165527344,-292.3527526855469,-263.1447448730469,-296.4924621582031,-260.61492919921875,-298.33233642578125,108.25556945800781,43.30222702026367,43.30222702026367,-299.3795166015625
1.7758738900817224e+18,-302.4720458984375,-298.33233642578125,-280.16357421875,-315.3511657714844,-279.70361328125,-257.8551025390625,-284.07330322265625,-279.24365234375,108.25556945800781,43.30222702026367,43.30222702026367,-298.9175109863281
1.7758738900827223e+18,-266.5945129394531,-298.79229736328125,-270.9642028808594,-293.2726745605469,-276.9438171386719,-282.2334289550781,-292.8127136230469,-279.70361328125,108.25556945800781,43.30222702026367,43.30222702026367,-298.902099609375
1.7758738900837225e+18,-289.3629455566406,-269.12432861328125,-284.07330322265625,-276.02386474609375,-275.79388427734375,-272.3441162109375,-270.5042419433594,-278.0937194824219,108.25556945800781,43.30222702026367,43.30222702026367,-299.6259460449219
1.7758738900847224e+18,-277.1737976074219,-275.56390380859375,-272.8040771484375,-267.97442626953125,-261.76483154296875,-266.5945129394531,-256.9351806640625,-276.9438171386719,108.25556945800781,43.30222702026367,43.30222702026367,-299.2101135253906
1.7758738900857224e+18,-281.7734680175781,-269.12432861328125,-261.53485107421875,-294.192626953125,-274.6439514160156,-249.11570739746094,-244.9759979248047,-283.84332275390625,108.25556945800781,43.30222702026367,43.30222702026367,-299.7491455078125
1.7758738900867223e+18,-282.0034484863281,-289.8229064941406,-266.8244934082031,-303.8519592285156,-262.6847839355469,-292.5827331542969,-263.3747253417969,-273.4940490722656,108.25556945800781,43.30222702026367,43.30222702026367,-297.6700439453125
1.7758738900877222e+18,-286.3731689453125,-265.214599609375,-284.07330322265625,-269.5843200683594,-266.5945129394531,-276.48382568359375,-246.12591552734375,-278.78369140625,108.25556945800781,43.30222702026367,43.30222702026367,-298.3938903808594
1.7758738900887222e+18,-292.1227722167969,-270.2742614746094,-286.8331298828125,-276.48382568359375,-271.4241943359375,-279.4736328125,-255.09530639648438,-286.3731689453125,108.25556945800781,43.30222702026367,43.30222702026367,-299.24090576171875
1.775873890089722e+18,-299.2522888183594,-287.5230712890625,-309.83154296875,-284.30328369140625,-300.8621520996094,-282.2334289550781,-273.7240295410156,-285.4532165527344,108.25556945800781,43.30222702026367,43.30222702026367,-299.45654296875
1.775873890090722e+18,-284.07330322265625,-299.4822692871094,-292.3527526855469,-313.05133056640625,-284.9932556152344,-309.1416015625,-279.93359375,-312.59136962890625,108.25556945800781,43.30222702026367,43.30222702026367,-300.3805847167969
1.775873890091722e+18,-296.2624816894531,-272.8040771484375,-300.6321716308594,-282.46343994140625,-299.9422302246094,-295.112548828125,-291.66278076171875,-315.3511657714844,108.25556945800781,43.30222702026367,43.30222702026367,-301.59722900390625
1.775873890092722e+18,-300.4021911621094,-315.8111267089844,-286.3731689453125,-294.192626953125,-307.0717468261719,-277.8637390136719,-272.8040771484375,-310.9814758300781,108.25556945800781,43.30222702026367,43.30222702026367,-300.411376953125
1.7758738900937219e+18,-282.0034484863281,-304.0819396972656,-283.61334228515625,-303.1620178222656,-283.84332275390625,-298.56231689453125,-284.5332946777344,-288.2130432128906,108.25556945800781,43.30222702026367,43.30222702026367,-298.8866882324219
1.7758738900947218e+18,-281.3135070800781,-308.681640625,-294.652587890625,-307.5317077636719,-313.74127197265625,-294.422607421875,-303.6219787597656,-299.4822692871094,108.25556945800781,43.30222702026367,43.30222702026367,-300.47296142578125
1.7758738900957217e+18,-277.6337585449219,-306.15179443359375,-276.02386474609375,-307.7616882324219,-287.7530517578125,-297.1824035644531,-310.5215148925781,-296.7224426269531,108.25556945800781,43.30222702026367,43.30222702026367,-300.1649475097656
1.7758738900967217e+18,-286.8331298828125,-308.4516296386719,-288.9029846191406,-292.3527526855469,-288.4430236816406,-269.8143005371094,-287.9830322265625,-271.4241943359375,108.25556945800781,43.30222702026367,43.30222702026367,-300.4421691894531
1.7758738900977216e+18,-310.5215148925781,-291.20281982421875,-284.30328369140625,-296.9524230957031,-260.38494873046875,-292.3527526855469,-255.78524780273438,-293.5026550292969,108.25556945800781,43.30222702026367,43.30222702026367,-298.532470703125
1.7758738900987215e+18,-269.35430908203125,-289.3629455566406,-277.4037780761719,-274.6439514160156,-284.7632751464844,-260.61492919921875,-280.6235656738281,-266.3645324707031,108.25556945800781,43.30222702026367,43.30222702026367,-301.1506042480469
1.7758738900997215e+18,-293.5026550292969,-273.9540100097656,-267.2844543457031,-295.5725402832031,-249.57568359375,-277.8637390136719,-287.5230712890625,-266.3645324707031,108.25556945800781,43.30222702026367,43.30222702026367,-299.287109375
1.7758738901007214e+18,-261.53485107421875,-289.5929260253906,-261.76483154296875,-285.9131774902344,-280.3935546875,-271.1941833496094,-285.2232360839844,-270.2742614746094,108.25556945800781,43.30222702026367,43.30222702026367,-298.7789001464844
1.7758738901017213e+18,-298.33233642578125,-277.6337585449219,-295.5725402832031,-275.10394287109375,-279.93359375,-272.1141357421875,-256.0152282714844,-279.70361328125,108.25556945800781,43.30222702026367,43.30222702026367,-298.9945068359375
1.7758738901027213e+18,-268.20440673828125,-300.4021911621094,-266.8244934082031,-291.8927917480469,-267.97442626953125,-264.754638671875,-270.5042419433594,-247.2758331298828,108.25556945800781,43.30222702026367,43.30222702026367,-298.7326965332031
1.7758738901037212e+18,-281.3135070800781,-259.6949768066406,-285.2232360839844,-269.8143005371094,-278.0937194824219,-272.3441162109375,-266.8244934082031,-285.4532165527344,108.25556945800781,43.30222702026367,43.30222702026367,-299.98016357421875
1.7758738901047212e+18,-265.444580078125,-281.0835266113281,-256.4751892089844,-287.9830322265625,-255.55526733398438,-281.3135070800781,-267.0544738769531,-278.3236999511719,108.25556945800781,43.30222702026367,43.30222702026367,-298.8251037597656
1.775873890105721e+18,-279.93359375,-273.4940490722656,-289.8229064941406,-269.8143005371094,-287.7530517578125,-270.5042419433594,-272.8040771484375,-293.732666015625,108.25556945800781,43.30222702026367,43.30222702026367,-299.9647521972656
1.775873890106721e+18,-298.33233642578125,-283.84332275390625,-275.33392333984375,-312.59136962890625,-278.0937194824219,-265.674560546875,-288.6730041503906,-279.013671875,108.25556945800781,43.30222702026367,43.30222702026367,-298.701904296875
1.775873890107721e+18,-312.1313781738281,-292.5827331542969,-313.74127197265625,-289.8229064941406,-309.37158203125,-286.6031494140625,-288.4430236816406,-291.66278076171875,108.25556945800781,43.30222702026367,43.30222702026367,-300.3189697265625
1.775873890108721e+18,-290.74285888671875,-320.87078857421875,-288.6730041503906,-320.18084716796875,-284.9932556152344,-299.9422302246094,-289.5929260253906,-277.8637390136719,108.25556945800781,43.30222702026367,43.30222702026367,-298.4092712402344
1.7758738901097208e+18,-289.8229064941406,-321.10076904296875,-291.43280029296875,-324.320556640625,-289.8229064941406,-310.7514953613281,-285.4532165527344,-302.7020263671875,108.25556945800781,43.30222702026367,43.30222702026367,-298.37847900390625
1.7758738901107208e+18,-291.8927917480469,-320.41082763671875,-296.0325012207031,-302.4720458984375,-302.0120849609375,-277.1737976074219,-299.2522888183594,-281.3135070800781,108.25556945800781,43.30222702026367,43.30222702026367,-300.59619140625
1.7758738901117207e+18,-296.0325012207031,-292.3527526855469,-300.6321716308594,-278.5536804199219,-297.87237548828125,-290.97283935546875,-278.5536804199219,-305.92181396484375,108.25556945800781,43.30222702026367,43.30222702026367,-300.7193908691406
1.7758738901127206e+18,-303.1620178222656,-281.3135070800781,-292.5827331542969,-297.41241455078125,-274.1839904785156,-298.10235595703125,-269.8143005371094,-304.3119201660156,108.25556945800781,43.30222702026367,43.30222702026367,-299.99554443359375
1.7758738901137206e+18,-323.400634765625,-287.2930908203125,-296.7224426269531,-302.7020263671875,-265.444580078125,-289.8229064941406,-284.5332946777344,-265.674560546875,108.25556945800781,43.30222702026367,43.30222702026367,-301.30462646484375
1.7758738901147205e+18,-302.7020263671875,-282.46343994140625,-269.5843200683594,-305.92181396484375,-264.524658203125,-283.61334228515625,-291.8927917480469,-277.4037780761719,108.25556945800781,43.30222702026367,43.30222702026367,-300.2111511230469
1.7758738901157204e+18,-311.6714172363281,-284.07330322265625,-283.84332275390625,-293.0426940917969,-259.2350158691406,-284.9932556152344,-257.1651611328125,-274.4139709472656,108.25556945800781,43.30222702026367,43.30222702026367,-299.7645568847656
1.7758738901167204e+18,-286.1431579589844,-265.674560546875,-283.15338134765625,-274.8739318847656,-282.0034484863281,-279.70361328125,-271.4241943359375,-293.5026550292969,108.25556945800781,43.30222702026367,43.30222702026367,-299.0099182128906
1.7758738901177203e+18,-287.0631103515625,-279.4736328125,-267.2844543457031,-281.0835266113281,-248.42575073242188,-276.48382568359375,-244.9759979248047,-282.92340087890625,108.25556945800781,43.30222702026367,43.30222702026367,-298.57867431640625
1.7758738901187203e+18,-273.4940490722656,-260.61492919921875,-281.5434875488281,-256.9351806640625,-279.93359375,-258.7750549316406,-267.97442626953125,-282.92340087890625,108.25556945800781,43.30222702026367,43.30222702026367,-300.3497619628906
1.7758738901197202e+18,-294.192626953125,-279.70361328125,-261.76483154296875,-284.30328369140625,-247.73580932617188,-270.0442810058594,-258.7750549316406,-257.6251220703125,108.25556945800781,43.30222702026367,43.30222702026367,-299.0715026855469
1.7758738901207201e+18,-266.5945129394531,-290.05291748046875,-254.4053497314453,-287.7530517578125,-268.66436767578125,-266.8244934082031,-288.4430236816406,-265.674560546875,108.25556945800781,43.30222702026367,43.30222702026367,-299.3487243652344
1.77587389012172e+18,-276.9438171386719,-262.6847839355469,-291.20281982421875,-284.5332946777344,-249.11570739746094,-280.8535461425781,-277.4037780761719,-268.89434814453125,108.25556945800781,43.30222702026367,43.30222702026367,-299.61053466796875
1.77587389012272e+18,-280.8535461425781,-264.524658203125,-291.66278076171875,-265.214599609375,-292.3527526855469,-260.61492919921875,-280.6235656738281,-279.24365234375,108.25556945800781,43.30222702026367,43.30222702026367,-298.74810791015625
1.77587389012372e+18,-273.0340576171875,-298.56231689453125,-277.6337585449219,-303.6219787597656,-277.6337585449219,-293.5026550292969,-276.9438171386719,-295.5725402832031,108.25556945800781,43.30222702026367,43.30222702026367,-299.81072998046875
1.7758738901247199e+18,-287.5230712890625,-295.5725402832031,-276.25384521484375,-304.3119201660156,-266.3645324707031,-300.4021911621094,-261.76483154296875,-299.02227783203125,108.25556945800781,43.30222702026367,43.30222702026367,-298.532470703125
1.7758738901257198e+18,-298.79229736328125,-313.74127197265625,-296.7224426269531,-328.69024658203125,-289.3629455566406,-318.3409729003906,-281.3135070800781,-308.2216491699219,108.25556945800781,43.30222702026367,43.30222702026367,-299.0099182128906
1.7758738901267197e+18,-299.7122497558594,-309.37158203125,-295.8025207519531,-323.400634765625,-290.05291748046875,-319.95086669921875,-284.9932556152344,-320.64080810546875,108.25556945800781,43.30222702026367,43.30222702026367,-299.13311767578125
1.7758738901277197e+18,-286.8331298828125,-287.0631103515625,-304.0819396972656,-278.3236999511719,-308.91162109375,-275.33392333984375,-299.02227783203125,-284.9932556152344,108.25556945800781,43.30222702026367,43.30222702026367,-299.81072998046875
1.7758738901287196e+18,-306.8417663574219,-303.3919982910156,-287.5230712890625,-308.91162109375,-281.0835266113281,-305.00189208984375,-273.2640686035156,-311.6714172363281,108.25556945800781,43.30222702026367,43.30222702026367,-300.5191650390625
1.7758738901297196e+18,-286.3731689453125,-291.8927917480469,-279.24365234375,-305.00189208984375,-267.97442626953125,-303.3919982910156,-261.76483154296875,-308.91162109375,108.25556945800781,43.30222702026367,43.30222702026367,-300.08795166015625
1.7758738901307195e+18,-278.3236999511719,-310.7514953613281,-289.3629455566406,-269.8143005371094,-286.3731689453125,-290.28289794921875,-256.0152282714844,-295.342529296875,108.25556945800781,43.30222702026367,43.30222702026367,-300.6269836425781
1.7758738901317194e+18,-292.1227722167969,-309.37158203125,-278.3236999511719,-273.4940490722656,-293.962646484375,-282.46343994140625,-253.0254364013672,-296.4924621582031,108.25556945800781,43.30222702026367,43.30222702026367,-300.4421691894531
1.7758738901327194e+18,-306.8417663574219,-276.48382568359375,-304.5419006347656,-276.02386474609375,-294.422607421875,-269.12432861328125,-293.0426940917969,-272.3441162109375,108.25556945800781,43.30222702026367,43.30222702026367,-298.6864929199219
1.7758738901337193e+18,-285.6831970214844,-261.99481201171875,-252.5654754638672,-294.652587890625,-287.9830322265625,-264.524658203125,-260.38494873046875,-289.1329650878906,108.25556945800781,43.30222702026367,43.30222702026367,-298.8713073730469
1.7758738901347192e+18,-290.74285888671875,-280.3935546875,-265.674560546875,-302.2420654296875,-263.3747253417969,-262.4548034667969,-270.9642028808594,-249.11570739746094,108.25556945800781,43.30222702026367,43.30222702026367,-299.1947021484375
1.7758738901357192e+18,-254.6353302001953,-265.9045715332031,-286.8331298828125,-287.9830322265625,-256.7052001953125,-262.9147644042969,-280.16357421875,-275.56390380859375,108.25556945800781,43.30222702026367,43.30222702026367,-298.3476867675781
1.775873890136719e+18,-271.8841552734375,-263.6047058105469,-284.9932556152344,-265.214599609375,-250.72560119628906,-280.3935546875,-255.09530639648438,-265.444580078125,108.25556945800781,43.30222702026367,43.30222702026367,-299.2563171386719
1.775873890137719e+18,-292.3527526855469,-282.69342041015625,-263.1447448730469,-282.2334289550781,-284.5332946777344,-270.2742614746094,-245.2059783935547,-277.4037780761719,108.25556945800781,43.30222702026367,43.30222702026367,-298.0550537109375
1.775873890138719e+18,-266.1345520019531,-293.962646484375,-285.4532165527344,-258.7750549316406,-278.3236999511719,-276.48382568359375,-246.12591552734375,-288.6730041503906,108.25556945800781,43.30222702026367,43.30222702026367,-298.56329345703125
1.775873890139719e+18,-273.9540100097656,-294.882568359375,-264.524658203125,-298.79229736328125,-259.6949768066406,-284.7632751464844,-274.8739318847656,-270.5042419433594,108.25556945800781,43.30222702026367,43.30222702026367,-298.8096923828125
1.7758738901407188e+18,-299.9422302246094,-272.8040771484375,-297.87237548828125,-291.8927917480469,-288.4430236816406,-302.2420654296875,-280.3935546875,-311.9013977050781,108.25556945800781,43.30222702026367,43.30222702026367,-299.45654296875
1.7758738901417188e+18,-294.652587890625,-321.33074951171875,-286.3731689453125,-297.87237548828125,-302.9320373535156,-274.8739318847656,-279.4736328125,-307.3017272949219,108.25556945800781,43.30222702026367,43.30222702026367,-299.1947021484375
1.7758738901427187e+18,-271.4241943359375,-307.7616882324219,-288.9029846191406,-277.8637390136719,-306.38177490234375,-283.15338134765625,-290.28289794921875,-306.61175537109375,108.25556945800781,43.30222702026367,43.30222702026367,-300.041748046875
1.7758738901437184e+18,-297.1824035644531,-298.33233642578125,-297.1824035644531,-296.9524230957031,-283.15338134765625,-296.4924621582031,-284.30328369140625,-296.9524230957031,108.25556945800781,43.30222702026367,43.30222702026367,-299.3641357421875
1.7758738901447183e+18,-278.0937194824219,-307.0717468261719,-285.6831970214844,-307.9916687011719,-302.9320373535156,-296.7224426269531,-311.4414367675781,-296.0325012207031,108.25556945800781,43.30222702026367,43.30222702026367,-300.5345764160156
1.7758738901457183e+18,-298.33233642578125,-301.5521240234375,-310.5215148925781,-301.0921630859375,-310.7514953613281,-292.1227722167969,-310.5215148925781,-294.422607421875,108.25556945800781,43.30222702026367,43.30222702026367,-300.47296142578125
1.7758738901467182e+18,-293.0426940917969,-285.6831970214844,-292.1227722167969,-274.1839904785156,-289.1329650878906,-274.8739318847656,-282.46343994140625,-292.8127136230469,108.25556945800781,43.30222702026367,43.30222702026367,-300.47296142578125
1.7758738901477181e+18,-296.9524230957031,-279.93359375,-294.882568359375,-288.6730041503906,-285.4532165527344,-296.2624816894531,-278.78369140625,-311.2114562988281,108.25556945800781,43.30222702026367,43.30222702026367,-300.3189697265625
1.775873890148718e+18,-263.8346862792969,-292.3527526855469,-276.9438171386719,-263.3747253417969,-284.07330322265625,-251.18556213378906,-284.30328369140625,-268.43438720703125,108.25556945800781,43.30222702026367,43.30222702026367,-301.22760009765625
1.775873890149718e+18,-257.3951416015625,-284.30328369140625,-277.8637390136719,-253.94537353515625,-282.69342041015625,-259.6949768066406,-269.35430908203125,-287.9830322265625,108.25556945800781,43.30222702026367,43.30222702026367,-299.99554443359375
1.775873890150718e+18,-289.8229064941406,-270.0442810058594,-285.9131774902344,-255.09530639648438,-270.9642028808594,-256.7052001953125,-259.4649963378906,-276.48382568359375,108.25556945800781,43.30222702026367,43.30222702026367,-299.0561218261719
1.775873890151718e+18,-298.10235595703125,-274.8739318847656,-286.8331298828125,-279.93359375,-261.99481201171875,-274.4139709472656,-245.2059783935547,-280.6235656738281,108.25556945800781,43.30222702026367,43.30222702026367,-298.902099609375
1.7758738901527178e+18,-274.1839904785156,-280.3935546875,-283.38336181640625,-257.6251220703125,-275.79388427734375,-251.18556213378906,-261.30487060546875,-272.8040771484375,108.25556945800781,43.30222702026367,43.30222702026367,-298.94830322265625
1.7758738901537178e+18,-265.9045715332031,-296.2624816894531,-271.4241943359375,-288.9029846191406,-267.97442626953125,-265.214599609375,-269.5843200683594,-254.6353302001953,108.25556945800781,43.30222702026367,43.30222702026367,-297.4698486328125
1.7758738901547177e+18,-288.6730041503906,-283.38336181640625,-299.4822692871094,-282.0034484863281,-296.4924621582031,-270.7342224121094,-287.9830322265625,-274.1839904785156,108.25556945800781,43.30222702026367,43.30222702026367,-298.4246826171875
1.7758738901557176e+18,-252.5654754638672,-292.8127136230469,-264.294677734375,-292.5827331542969,-275.79388427734375,-279.4736328125,-286.8331298828125,-274.1839904785156,108.25556945800781,43.30222702026367,43.30222702026367,-298.47088623046875
1.7758738901567176e+18,-277.4037780761719,-304.0819396972656,-291.43280029296875,-281.3135070800781,-298.33233642578125,-264.064697265625,-282.0034484863281,-277.6337585449219,108.25556945800781,43.30222702026367,43.30222702026367,-299.6875305175781
1.7758738901577175e+18,-296.2624816894531,-286.3731689453125,-286.6031494140625,-294.652587890625,-274.1839904785156,-298.33233642578125,-260.38494873046875,-301.7821044921875,108.25556945800781,43.30222702026367,43.30222702026367,-299.14849853515625
1.7758738901587174e+18,-286.3731689453125,-306.15179443359375,-292.8127136230469,-300.6321716308594,-296.2624816894531,-284.9932556152344,-293.5026550292969,-278.3236999511719,108.25556945800781,43.30222702026367,43.30222702026367,-299.0869140625
1.7758738901597174e+18,-310.5215148925781,-274.8739318847656,-299.9422302246094,-280.3935546875,-294.882568359375,-293.962646484375,-283.15338134765625,-303.1620178222656,108.25556945800781,43.30222702026367,43.30222702026367,-300.4883728027344
1.7758738901607173e+18,-317.1910400390625,-295.8025207519531,-304.3119201660156,-299.4822692871094,-290.51287841796875,-304.0819396972656,-270.2742614746094,-304.0819396972656,108.25556945800781,43.30222702026367,43.30222702026367,-299.2563171386719
1.7758738901617172e+18,-284.5332946777344,-307.3017272949219,-279.93359375,-306.61175537109375,-280.6235656738281,-296.2624816894531,-301.0921630859375,-300.1722106933594,108.25556945800781,43.30222702026367,43.30222702026367,-300.2111511230469
1.7758738901627172e+18,-305.69183349609375,-279.70361328125,-305.00189208984375,-281.7734680175781,-301.0921630859375,-274.1839904785156,-294.192626953125,-280.16357421875,108.25556945800781,43.30222702026367,43.30222702026367,-299.51812744140625
1.775873890163717e+18,-276.02386474609375,-307.0717468261719,-290.97283935546875,-268.43438720703125,-293.962646484375,-298.79229736328125,-270.0442810058594,-300.1722106933594,108.25556945800781,43.30222702026367,43.30222702026367,-299.9339599609375
1.775873890164717e+18,-289.5929260253906,-272.8040771484375,-295.8025207519531,-276.02386474609375,-285.6831970214844,-293.0426940917969,-279.93359375,-309.37158203125,108.25556945800781,43.30222702026367,43.30222702026367,-299.6259460449219
1.775873890165717e+18,-283.84332275390625,-283.84332275390625,-289.3629455566406,-275.10394287109375,-282.69342041015625,-262.9147644042969,-280.16357421875,-275.10394287109375,108.25556945800781,43.30222702026367,43.30222702026367,-299.65673828125
1.775873890166717e+18,-294.422607421875,-302.2420654296875,-269.12432861328125,-270.0442810058594,-286.8331298828125,-270.0442810058594,-244.9759979248047,-286.6031494140625,108.25556945800781,43.30222702026367,43.30222702026367,-299.22552490234375
1.7758738901677169e+18,-303.8519592285156,-276.71380615234375,-295.112548828125,-276.02386474609375,-267.5144348144531,-273.9540100097656,-243.59608459472656,-277.4037780761719,108.25556945800781,43.30222702026367,43.30222702026367,-297.962646484375
1.7758738901687168e+18,-287.2930908203125,-260.1549377441406,-279.24365234375,-266.3645324707031,-261.53485107421875,-268.66436767578125,-246.8158721923828,-278.3236999511719,108.25556945800781,43.30222702026367,43.30222702026367,-299.0715026855469
1.7758738901697167e+18,-264.294677734375,-295.8025207519531,-270.9642028808594,-297.64239501953125,-266.3645324707031,-280.16357421875,-261.76483154296875,-266.5945129394531,108.25556945800781,43.30222702026367,43.30222702026367,-296.8999938964844
1.7758738901707167e+18,-270.2742614746094,-299.4822692871094,-276.25384521484375,-284.30328369140625,-278.5536804199219,-259.0050354003906,-275.79388427734375,-256.7052001953125,108.25556945800781,43.30222702026367,43.30222702026367,-296.8846130371094
1.7758738901717166e+18,-272.1141357421875,-281.3135070800781,-284.7632751464844,-264.064697265625,-285.9131774902344,-261.07489013671875,-272.3441162109375,-276.25384521484375,108.25556945800781,43.30222702026367,43.30222702026367,-299.14849853515625
1.7758738901727165e+18,-287.2930908203125,-267.0544738769531,-289.8229064941406,-267.0544738769531,-284.9932556152344,-269.12432861328125,-276.48382568359375,-285.9131774902344,108.25556945800781,43.30222702026367,43.30222702026367,-299.5027160644531
1.7758738901737165e+18,-288.2130432128906,-267.5144348144531,-290.74285888671875,-274.6439514160156,-292.1227722167969,-278.3236999511719,-287.2930908203125,-291.43280029296875,108.25556945800781,43.30222702026367,43.30222702026367,-301.1506042480469
1.7758738901747164e+18,-286.6031494140625,-295.112548828125,-295.112548828125,-279.93359375,-292.5827331542969,-267.5144348144531,-292.3527526855469,-268.20440673828125,108.25556945800781,43.30222702026367,43.30222702026367,-299.24090576171875
1.7758738901757164e+18,-291.66278076171875,-301.5521240234375,-298.79229736328125,-301.0921630859375,-293.962646484375,-298.10235595703125,-287.7530517578125,-303.6219787597656,108.25556945800781,43.30222702026367,43.30222702026367,-300.7039794921875
1.7758738901767163e+18,-304.77191162109375,-279.013671875,-306.38177490234375,-284.7632751464844,-298.79229736328125,-278.5536804199219,-294.192626953125,-280.6235656738281,108.25556945800781,43.30222702026367,43.30222702026367,-298.76348876953125
1.7758738901777162e+18,-324.090576171875,-299.7122497558594,-314.4312438964844,-300.4021911621094,-305.46185302734375,-297.41241455078125,-300.4021911621094,-300.8621520996094,108.25556945800781,43.30222702026367,43.30222702026367,-300.041748046875
1.7758738901787162e+18,-306.8417663574219,-284.9932556152344,-300.1722106933594,-297.41241455078125,-280.8535461425781,-303.3919982910156,-274.6439514160156,-303.6219787597656,108.25556945800781,43.30222702026367,43.30222702026367,-300.3035583496094
1.775873890179716e+18,-278.3236999511719,-311.9013977050781,-279.93359375,-306.38177490234375,-286.6031494140625,-292.5827331542969,-296.9524230957031,-295.8025207519531,108.25556945800781,43.30222702026367,43.30222702026367,-299.42572021484375
1.775873890180716e+18,-287.7530517578125,-313.28131103515625,-291.43280029296875,-316.7310791015625,-283.84332275390625,-307.9916687011719,-273.7240295410156,-307.7616882324219,108.25556945800781,43.30222702026367,43.30222702026367,-300.3959655761719
1.775873890181716e+18,-289.1329650878906,-276.9438171386719,-301.0921630859375,-270.0442810058594,-280.6235656738281,-303.8519592285156,-267.2844543457031,-285.9131774902344,108.25556945800781,43.30222702026367,43.30222702026367,-298.8251037597656
1.775873890182716e+18,-308.91162109375,-275.79388427734375,-291.8927917480469,-291.8927917480469,-257.3951416015625,-287.2930908203125,-257.6251220703125,-270.5042419433594,108.25556945800781,43.30222702026367,43.30222702026367,-297.90106201171875
1.7758738901837158e+18,-267.74444580078125,-292.8127136230469,-258.7750549316406,-294.652587890625,-256.2452087402344,-273.4940490722656,-267.0544738769531,-275.10394287109375,108.25556945800781,43.30222702026367,43.30222702026367,-298.4400939941406
1.7758738901847158e+18,-264.524658203125,-293.962646484375,-288.6730041503906,-271.4241943359375,-263.6047058105469,-284.9932556152344,-258.7750549316406,-247.73580932617188,108.25556945800781,43.30222702026367,43.30222702026367,-297.7470397949219
1.7758738901857157e+18,-254.1753692626953,-286.3731689453125,-279.013671875,-258.5450744628906,-283.15338134765625,-264.984619140625,-261.07489013671875,-289.8229064941406,108.25556945800781,43.30222702026367,43.30222702026367,-297.7008361816406
1.775873890186716e+18,-284.5332946777344,-278.0937194824219,-278.3236999511719,-304.0819396972656,-266.1345520019531,-283.61334228515625,-270.0442810058594,-257.8551025390625,108.25556945800781,43.30222702026367,43.30222702026367,-298.48626708984375
1.7758738901877158e+18,-282.0034484863281,-256.0152282714844,-284.9932556152344,-267.97442626953125,-273.9540100097656,-273.7240295410156,-251.64553833007812,-283.61334228515625,108.25556945800781,43.30222702026367,43.30222702026367,-298.7943115234375
1.7758738901887158e+18,-269.35430908203125,-297.1824035644531,-276.48382568359375,-278.3236999511719,-279.93359375,-261.76483154296875,-281.3135070800781,-261.30487060546875,108.25556945800781,43.30222702026367,43.30222702026367,-298.8866882324219
1.7758738901897157e+18,-259.2350158691406,-295.8025207519531,-263.3747253417969,-298.10235595703125,-276.71380615234375,-267.0544738769531,-286.6031494140625,-257.8551025390625,108.25556945800781,43.30222702026367,43.30222702026367,-300.75018310546875
1.7758738901907156e+18,-288.9029846191406,-272.1141357421875,-293.732666015625,-267.74444580078125,-288.4430236816406,-266.8244934082031,-284.7632751464844,-283.84332275390625,108.25556945800781,43.30222702026367,43.30222702026367,-299.88775634765625
1.7758738901917156e+18,-276.9438171386719,-299.02227783203125,-265.444580078125,-311.2114562988281,-271.4241943359375,-293.2726745605469,-301.3221435546875,-284.30328369140625,108.25556945800781,43.30222702026367,43.30222702026367,-300.8117980957031
1.7758738901927155e+18,-283.61334228515625,-294.652587890625,-294.422607421875,-285.2232360839844,-297.41241455078125,-272.3441162109375,-296.7224426269531,-285.2232360839844,108.25556945800781,43.30222702026367,43.30222702026367,-301.1968078613281
1.7758738901937155e+18,-289.5929260253906,-322.0207214355469,-290.74285888671875,-317.6510009765625,-289.3629455566406,-304.0819396972656,-291.43280029296875,-282.2334289550781,108.25556945800781,43.30222702026367,43.30222702026367,-299.14849853515625
1.7758738901947154e+18,-310.29150390625,-287.2930908203125,-303.3919982910156,-310.7514953613281,-294.192626953125,-316.5010986328125,-282.69342041015625,-312.82135009765625,108.25556945800781,43.30222702026367,43.30222702026367,-298.532470703125
1.7758738901957153e+18,-298.56231689453125,-323.400634765625,-291.8927917480469,-301.0921630859375,-296.4924621582031,-274.8739318847656,-294.422607421875,-280.16357421875,108.25556945800781,43.30222702026367,43.30222702026367,-300.2881774902344
1.7758738901967153e+18,-271.1941833496094,-304.77191162109375,-273.7240295410156,-304.3119201660156,-280.16357421875,-276.02386474609375,-291.43280029296875,-267.5144348144531,108.25556945800781,43.30222702026367,43.30222702026367,-301.5818176269531
1.7758738901977152e+18,-293.2726745605469,-299.7122497558594,-286.3731689453125,-316.2711181640625,-279.4736328125,-300.8621520996094,-278.5536804199219,-284.7632751464844,108.25556945800781,43.30222702026367,43.30222702026367,-299.1793212890625
1.7758738901987154e+18,-296.0325012207031,-274.8739318847656,-310.0615234375,-286.1431579589844,-280.6235656738281,-289.5929260253906,-249.8056640625,-293.5026550292969,108.25556945800781,43.30222702026367,43.30222702026367,-297.4852294921875
1.7758738901997153e+18,-299.02227783203125,-283.38336181640625,-300.6321716308594,-277.8637390136719,-289.1329650878906,-277.1737976074219,-257.3951416015625,-289.3629455566406,108.25556945800781,43.30222702026367,43.30222702026367,-298.28607177734375
1.7758738902007153e+18,-277.4037780761719,-267.0544738769531,-282.0034484863281,-256.9351806640625,-278.5536804199219,-255.55526733398438,-272.1141357421875,-266.8244934082031,108.25556945800781,43.30222702026367,43.30222702026367,-299.271728515625
1.7758738902017152e+18,-259.6949768066406,-289.8229064941406,-268.89434814453125,-283.15338134765625,-279.24365234375,-265.9045715332031,-290.97283935546875,-269.12432861328125,108.25556945800781,43.30222702026367,43.30222702026367,-298.47088623046875
1.7758738902027151e+18,-248.42575073242188,-282.69342041015625,-259.0050354003906,-271.8841552734375,-271.1941833496094,-253.25543212890625,-271.1941833496094,-264.524658203125,108.25556945800781,43.30222702026367,43.30222702026367,-300.18035888671875
1.775873890203715e+18,-249.34568786621094,-280.6235656738281,-287.5230712890625,-270.2742614746094,-284.30328369140625,-271.4241943359375,-250.49562072753906,-286.3731689453125,108.25556945800781,43.30222702026367,43.30222702026367,-297.34661865234375
1.775873890204715e+18,-260.84490966796875,-284.07330322265625,-253.94537353515625,-289.5929260253906,-254.6353302001953,-273.7240295410156,-270.0442810058594,-261.99481201171875,108.25556945800781,43.30222702026367,43.30222702026367,-298.532470703125
1.775873890205715e+18,-296.9524230957031,-261.99481201171875,-288.4430236816406,-293.0426940917969,-264.294677734375,-300.8621520996094,-267.5144348144531,-284.5332946777344,108.25556945800781,43.30222702026367,43.30222702026367,-297.7316589355469
1.775873890206715e+18,-294.652587890625,-298.79229736328125,-280.8535461425781,-315.1211853027344,-273.4940490722656,-299.4822692871094,-275.10394287109375,-282.0034484863281,108.25556945800781,43.30222702026367,43.30222702026367,-297.82403564453125
1.7758738902077148e+18,-299.7122497558594,-296.9524230957031,-295.342529296875,-315.8111267089844,-286.3731689453125,-308.681640625,-275.10394287109375,-310.29150390625,108.25556945800781,43.30222702026367,43.30222702026367,-298.08587646484375
1.7758738902087148e+18,-279.013671875,-304.3119201660156,-275.79388427734375,-306.15179443359375,-280.8535461425781,-294.882568359375,-293.0426940917969,-298.10235595703125,108.25556945800781,43.30222702026367,43.30222702026367,-299.4873352050781
1.7758738902097147e+18,-316.9610595703125,-299.9422302246094,-323.630615234375,-302.4720458984375,-314.4312438964844,-291.43280029296875,-300.4021911621094,-296.0325012207031,108.25556945800781,43.30222702026367,43.30222702026367,-300.4421691894531
1.775873890210715e+18,-301.7821044921875,-311.6714172363281,-289.8229064941406,-325.010498046875,-284.07330322265625,-317.6510009765625,-289.3629455566406,-305.00189208984375,108.25556945800781,43.30222702026367,43.30222702026367,-298.701904296875
1.7758738902117148e+18,-290.51287841796875,-305.92181396484375,-279.93359375,-314.8912048339844,-295.8025207519531,-298.10235595703125,-311.6714172363281,-294.192626953125,108.25556945800781,43.30222702026367,43.30222702026367,-300.5345764160156
1.7758738902127148e+18,-304.77191162109375,-305.92181396484375,-286.8331298828125,-324.320556640625,-278.0937194824219,-311.2114562988281,-283.15338134765625,-297.64239501953125,108.25556945800781,43.30222702026367,43.30222702026367,-298.5478820800781
1.7758738902137147e+18,-303.1620178222656,-299.02227783203125,-311.6714172363281,-293.962646484375,-310.0615234375,-282.92340087890625,-297.87237548828125,-288.2130432128906,108.25556945800781,43.30222702026367,43.30222702026367,-300.3035583496094
1.7758738902147146e+18,-287.2930908203125,-299.02227783203125,-271.1941833496094,-303.6219787597656,-257.8551025390625,-288.6730041503906,-259.2350158691406,-288.6730041503906,108.25556945800781,43.30222702026367,43.30222702026367,-298.0396728515625
1.7758738902157146e+18,-296.9524230957031,-271.4241943359375,-281.5434875488281,-312.1313781738281,-270.7342224121094,-287.2930908203125,-283.84332275390625,-258.3150634765625,108.25556945800781,43.30222702026367,43.30222702026367,-299.271728515625
1.7758738902167145e+18,-274.1839904785156,-309.1416015625,-274.6439514160156,-294.652587890625,-273.9540100097656,-264.524658203125,-271.1941833496094,-258.0850830078125,108.25556945800781,43.30222702026367,43.30222702026367,-298.2244567871094
1.7758738902177144e+18,-276.71380615234375,-287.0631103515625,-262.4548034667969,-293.5026550292969,-254.4053497314453,-283.15338134765625,-245.2059783935547,-287.0631103515625,108.25556945800781,43.30222702026367,43.30222702026367,-298.902099609375
1.7758738902187144e+18,-277.6337585449219,-259.2350158691406,-282.2334289550781,-259.6949768066406,-274.6439514160156,-264.524658203125,-252.10549926757812,-277.8637390136719,108.25556945800781,43.30222702026367,43.30222702026367,-298.8404846191406
1.7758738902197143e+18,-295.112548828125,-275.79388427734375,-278.5536804199219,-281.3135070800781,-257.3951416015625,-280.6235656738281,-247.96578979492188,-286.3731689453125,108.25556945800781,43.30222702026367,43.30222702026367,-298.4246826171875
1.7758738902207142e+18,-250.265625,-286.3731689453125,-268.89434814453125,-280.8535461425781,-287.9830322265625,-272.5740966796875,-289.8229064941406,-268.66436767578125,108.25556945800781,43.30222702026367,43.30222702026367,-299.04071044921875
1.7758738902217142e+18,-283.15338134765625,-260.1549377441406,-279.93359375,-262.4548034667969,-275.10394287109375,-261.53485107421875,-278.5536804199219,-256.4751892089844,108.25556945800781,43.30222702026367,43.30222702026367,-298.8713073730469
1.7758738902227144e+18,-294.192626953125,-288.2130432128906,-254.1753692626953,-287.7530517578125,-285.4532165527344,-262.2248229980469,-277.1737976074219,-298.10235595703125,108.25556945800781,43.30222702026367,43.30222702026367,-297.7316589355469
1.7758738902237143e+18,-282.0034484863281,-302.4720458984375,-285.4532165527344,-284.07330322265625,-283.38336181640625,-266.5945129394531,-282.46343994140625,-270.5042419433594,108.25556945800781,43.30222702026367,43.30222702026367,-299.5643310546875
1.7758738902247142e+18,-280.6235656738281,-318.5709533691406,-282.92340087890625,-319.95086669921875,-284.5332946777344,-305.92181396484375,-287.9830322265625,-290.05291748046875,108.25556945800781,43.30222702026367,43.30222702026367,-299.1023254394531
1.7758738902257142e+18,-290.51287841796875,-322.2507019042969,-293.5026550292969,-316.9610595703125,-289.3629455566406,-289.5929260253906,-288.9029846191406,-283.61334228515625,108.25556945800781,43.30222702026367,43.30222702026367,-298.28607177734375
1.775873890226714e+18,-283.15338134765625,-312.59136962890625,-279.4736328125,-299.7122497558594,-297.64239501953125,-274.4139709472656,-300.8621520996094,-290.74285888671875,108.25556945800781,43.30222702026367,43.30222702026367,-301.93603515625
1.775873890227714e+18,-301.5521240234375,-314.2012634277344,-296.7224426269531,-328.00030517578125,-287.7530517578125,-302.0120849609375,-288.4430236816406,-283.15338134765625,108.25556945800781,43.30222702026367,43.30222702026367,-300.3959655761719
1.775873890228714e+18,-284.07330322265625,-302.4720458984375,-277.8637390136719,-309.37158203125,-282.2334289550781,-305.23187255859375,-298.79229736328125,-303.3919982910156,108.25556945800781,43.30222702026367,43.30222702026367,-300.4267883300781
1.775873890229714e+18,-294.422607421875,-298.33233642578125,-311.6714172363281,-296.9524230957031,-311.2114562988281,-289.8229064941406,-279.70361328125,-299.9422302246094,108.25556945800781,43.30222702026367,43.30222702026367,-300.4883728027344
1.7758738902307139e+18,-270.7342224121094,-300.8621520996094,-267.0544738769531,-303.1620178222656,-260.84490966796875,-295.5725402832031,-260.38494873046875,-300.8621520996094,108.25556945800781,43.30222702026367,43.30222702026367,-299.2563171386719
1.7758738902317138e+18,-309.83154296875,-283.61334228515625,-262.4548034667969,-301.3221435546875,-284.30328369140625,-263.1447448730469,-270.7342224121094,-304.77191162109375,108.25556945800781,43.30222702026367,43.30222702026367,-300.411376953125
1.7758738902327137e+18,-260.61492919921875,-294.882568359375,-304.0819396972656,-288.2130432128906,-257.1651611328125,-250.49562072753906,-267.5144348144531,-284.9932556152344,108.25556945800781,43.30222702026367,43.30222702026367,-297.947265625
1.7758738902337137e+18,-289.3629455566406,-286.1431579589844,-250.95558166503906,-281.5434875488281,-284.07330322265625,-256.2452087402344,-267.74444580078125,-293.2726745605469,108.25556945800781,43.30222702026367,43.30222702026367,-297.2080078125
1.7758738902347139e+18,-264.294677734375,-293.5026550292969,-282.0034484863281,-256.0152282714844,-280.3935546875,-276.02386474609375,-235.546630859375,-278.3236999511719,108.25556945800781,43.30222702026367,43.30222702026367,-299.0252990722656
1.7758738902357138e+18,-287.7530517578125,-256.2452087402344,-270.9642028808594,-274.8739318847656,-241.75621032714844,-283.84332275390625,-262.4548034667969,-265.674560546875,108.25556945800781,43.30222702026367,43.30222702026367,-299.31793212890625
1.7758738902367137e+18,-302.2420654296875,-273.4940490722656,-297.41241455078125,-275.33392333984375,-293.0426940917969,-264.064697265625,-289.3629455566406,-265.9045715332031,108.25556945800781,43.30222702026367,43.30222702026367,-298.3168640136719
1.7758738902377137e+18,-273.2640686035156,-286.3731689453125,-255.55526733398438,-289.1329650878906,-264.524658203125,-278.78369140625,-284.9932556152344,-273.0340576171875,108.25556945800781,43.30222702026367,43.30222702026367,-298.74810791015625
1.7758738902387136e+18,-302.2420654296875,-274.8739318847656,-297.87237548828125,-287.5230712890625,-261.76483154296875,-290.74285888671875,-247.2758331298828,-281.0835266113281,108.25556945800781,43.30222702026367,43.30222702026367,-297.6700439453125
1.7758738902397135e+18,-293.0426940917969,-272.3441162109375,-281.0835266113281,-284.7632751464844,-264.524658203125,-287.2930908203125,-257.8551025390625,-294.422607421875,108.25556945800781,43.30222702026367,43.30222702026367,-298.94830322265625
1.7758738902407135e+18,-269.8143005371094,-304.3119201660156,-273.2640686035156,-293.0426940917969,-293.0426940917969,-262.6847839355469,-291.8927917480469,-269.8143005371094,108.25556945800781,43.30222702026367,43.30222702026367,-301.2430114746094
1.7758738902417134e+18,-298.10235595703125,-279.24365234375,-290.51287841796875,-297.1824035644531,-273.2640686035156,-297.64239501953125,-266.1345520019531,-305.69183349609375,108.25556945800781,43.30222702026367,43.30222702026367,-299.9185485839844
1.7758738902427133e+18,-284.7632751464844,-293.5026550292969,-299.02227783203125,-288.6730041503906,-300.8621520996094,-277.6337585449219,-295.112548828125,-280.16357421875,108.25556945800781,43.30222702026367,43.30222702026367,-300.84259033203125
1.7758738902437133e+18,-305.69183349609375,-293.732666015625,-304.3119201660156,-308.4516296386719,-296.4924621582031,-315.1211853027344,-287.5230712890625,-322.0207214355469,108.25556945800781,43.30222702026367,43.30222702026367,-301.2430114746094
1.7758738902447132e+18,-312.82135009765625,-296.9524230957031,-295.5725402832031,-307.9916687011719,-276.71380615234375,-302.2420654296875,-277.1737976074219,-290.97283935546875,108.25556945800781,43.30222702026367,43.30222702026367,-299.6413269042969
1.7758738902457132e+18,-324.550537109375,-293.5026550292969,-295.112548828125,-313.51129150390625,-273.2640686035156,-295.112548828125,-283.61334228515625,-281.0835266113281,108.25556945800781,43.30222702026367,43.30222702026367,-300.3189697265625
1.775873890246713e+18,-300.4021911621094,-296.9524230957031,-274.1839904785156,-304.3119201660156,-270.5042419433594,-294.652587890625,-283.38336181640625,-281.0835266113281,108.25556945800781,43.30222702026367,43.30222702026367,-299.70294189453125
1.7758738902477133e+18,-293.732666015625,-299.2522888183594,-264.754638671875,-306.15179443359375,-273.9540100097656,-285.9131774902344,-294.882568359375,-281.5434875488281,108.25556945800781,43.30222702026367,43.30222702026367,-299.41033935546875
1.7758738902487132e+18,-291.43280029296875,-283.15338134765625,-291.20281982421875,-264.064697265625,-289.1329650878906,-263.1447448730469,-271.1941833496094,-292.8127136230469,108.25556945800781,43.30222702026367,43.30222702026367,-299.51812744140625
1.7758738902497132e+18,-272.5740966796875,-299.7122497558594,-278.78369140625,-276.9438171386719,-282.0034484863281,-253.25543212890625,-276.9438171386719,-258.3150634765625,108.25556945800781,43.30222702026367,43.30222702026367,-299.3949279785156
1.775873890250713e+18,-267.5144348144531,-284.7632751464844,-287.2930908203125,-262.6847839355469,-254.1753692626953,-287.9830322265625,-269.8143005371094,-265.444580078125,108.25556945800781,43.30222702026367,43.30222702026367,-296.7460021972656
1.775873890251713e+18,-284.5332946777344,-263.3747253417969,-253.0254364013672,-296.7224426269531,-267.0544738769531,-260.38494873046875,-290.28289794921875,-269.8143005371094,108.25556945800781,43.30222702026367,43.30222702026367,-296.39178466796875
1.775873890252713e+18,-286.6031494140625,-271.4241943359375,-262.2248229980469,-289.8229064941406,-284.5332946777344,-258.3150634765625,-236.46656799316406,-280.3935546875,108.25556945800781,43.30222702026367,43.30222702026367,-298.9328918457031
1.775873890253713e+18,-256.2452087402344,-286.1431579589844,-277.6337585449219,-278.0937194824219,-291.66278076171875,-271.8841552734375,-272.5740966796875,-275.10394287109375,108.25556945800781,43.30222702026367,43.30222702026367,-298.532470703125
1.7758738902547128e+18,-260.84490966796875,-275.56390380859375,-276.25384521484375,-257.6251220703125,-283.15338134765625,-258.7750549316406,-276.48382568359375,-279.013671875,108.25556945800781,43.30222702026367,43.30222702026367,-300.65777587890625
1.7758738902557128e+18,-289.1329650878906,-269.12432861328125,-281.0835266113281,-290.97283935546875,-273.7240295410156,-302.9320373535156,-271.1941833496094,-283.38336181640625,108.25556945800781,43.30222702026367,43.30222702026367,-298.37847900390625
1.7758738902567127e+18,-264.984619140625,-295.5725402832031,-281.5434875488281,-285.9131774902344,-301.7821044921875,-274.8739318847656,-299.2522888183594,-285.6831970214844,108.25556945800781,43.30222702026367,43.30222702026367,-299.98016357421875
1.7758738902577126e+18,-301.5521240234375,-269.12432861328125,-299.02227783203125,-264.064697265625,-292.3527526855469,-268.20440673828125,-285.9131774902344,-277.8637390136719,108.25556945800781,43.30222702026367,43.30222702026367,-298.65570068359375
1.7758738902587126e+18,-283.61334228515625,-302.7020263671875,-276.48382568359375,-309.1416015625,-278.78369140625,-300.8621520996094,-285.6831970214844,-300.8621520996094,108.25556945800781,43.30222702026367,43.30222702026367,-299.8261413574219
1.7758738902597128e+18,-283.15338134765625,-303.1620178222656,-323.1706237792969,-293.732666015625,-292.8127136230469,-304.77191162109375,-262.6847839355469,-310.5215148925781,108.25556945800781,43.30222702026367,43.30222702026367,-298.2244567871094
1.7758738902607127e+18,-282.69342041015625,-308.681640625,-278.78369140625,-311.4414367675781,-287.0631103515625,-291.8927917480469,-292.3527526855469,-282.69342041015625,108.25556945800781,43.30222702026367,43.30222702026367,-299.88775634765625
1.7758738902617126e+18,-286.1431579589844,-310.5215148925781,-287.7530517578125,-306.61175537109375,-296.4924621582031,-294.422607421875,-304.3119201660156,-294.192626953125,108.25556945800781,43.30222702026367,43.30222702026367,-299.4873352050781
1.7758738902627126e+18,-300.8621520996094,-288.9029846191406,-305.92181396484375,-279.70361328125,-301.5521240234375,-282.69342041015625,-285.4532165527344,-301.7821044921875,108.25556945800781,43.30222702026367,43.30222702026367,-300.1495666503906
1.7758738902637125e+18,-294.882568359375,-289.1329650878906,-293.2726745605469,-284.9932556152344,-286.3731689453125,-270.2742614746094,-287.5230712890625,-273.0340576171875,108.25556945800781,43.30222702026367,43.30222702026367,-298.1166687011719
1.7758738902647124e+18,-291.8927917480469,-285.4532165527344,-292.8127136230469,-272.3441162109375,-291.20281982421875,-270.2742614746094,-278.5536804199219,-290.05291748046875,108.25556945800781,43.30222702026367,43.30222702026367,-299.7491455078125
1.7758738902657124e+18,-275.79388427734375,-298.56231689453125,-263.6047058105469,-301.7821044921875,-256.4751892089844,-280.8535461425781,-265.444580078125,-257.8551025390625,108.25556945800781,43.30222702026367,43.30222702026367,-299.7337341308594
1.7758738902667123e+18,-268.20440673828125,-261.53485107421875,-289.5929260253906,-271.4241943359375,-271.6541748046875,-298.79229736328125,-267.2844543457031,-297.41241455078125,108.25556945800781,43.30222702026367,43.30222702026367,-297.762451171875
1.7758738902677123e+18,-281.0835266113281,-263.3747253417969,-282.69342041015625,-263.8346862792969,-279.93359375,-260.1549377441406,-268.43438720703125,-276.48382568359375,108.25556945800781,43.30222702026367,43.30222702026367,-300.2573547363281
1.7758738902687122e+18,-283.15338134765625,-271.1941833496094,-265.214599609375,-280.6235656738281,-249.57568359375,-278.78369140625,-244.28604125976562,-285.2232360839844,108.25556945800781,43.30222702026367,43.30222702026367,-299.1177062988281
1.7758738902697121e+18,-270.7342224121094,-295.8025207519531,-267.0544738769531,-300.1722106933594,-264.984619140625,-256.4751892089844,-268.66436767578125,-247.5058135986328,108.25556945800781,43.30222702026367,43.30222702026367,-299.1639099121094
1.775873890270712e+18,-272.3441162109375,-279.70361328125,-275.56390380859375,-267.0544738769531,-273.9540100097656,-252.5654754638672,-270.2742614746094,-263.3747253417969,108.25556945800781,43.30222702026367,43.30222702026367,-299.271728515625
1.7758738902717123e+18,-272.8040771484375,-299.4822692871094,-271.8841552734375,-284.9932556152344,-276.02386474609375,-256.0152282714844,-272.3441162109375,-260.1549377441406,108.25556945800781,43.30222702026367,43.30222702026367,-299.45654296875
1.7758738902727122e+18,-283.15338134765625,-299.7122497558594,-277.6337585449219,-315.3511657714844,-271.8841552734375,-291.20281982421875,-275.33392333984375,-266.3645324707031,108.25556945800781,43.30222702026367,43.30222702026367,-298.2398681640625
1.775873890273712e+18,-270.9642028808594,-282.0034484863281,-280.3935546875,-275.33392333984375,-289.1329650878906,-267.2844543457031,-286.3731689453125,-262.9147644042969,108.25556945800781,43.30222702026367,43.30222702026367,-298.8713073730469
1.775873890274712e+18,-295.8025207519531,-282.0034484863281,-299.9422302246094,-273.4940490722656,-296.2624816894531,-274.8739318847656,-284.7632751464844,-291.43280029296875,108.25556945800781,43.30222702026367,43.30222702026367,-300.3497619628906
1.775873890275712e+18,-289.8229064941406,-316.9610595703125,-283.84332275390625,-323.400634765625,-282.92340087890625,-316.9610595703125,-285.4532165527344,-320.64080810546875,108.25556945800781,43.30222702026367,43.30222702026367,-301.920654296875
1.775873890276712e+18,-298.56231689453125,-303.1620178222656,-299.4822692871094,-319.72088623046875,-292.1227722167969,-315.3511657714844,-285.6831970214844,-321.5607604980469,108.25556945800781,43.30222702026367,43.30222702026367,-300.4883728027344
1.775873890277712e+18,-321.10076904296875,-292.8127136230469,-307.5317077636719,-295.5725402832031,-277.6337585449219,-297.1824035644531,-267.0544738769531,-302.9320373535156,108.25556945800781,43.30222702026367,43.30222702026367,-299.33331298828125
1.7758738902787118e+18,-286.3731689453125,-310.9814758300781,-279.4736328125,-311.2114562988281,-279.70361328125,-294.192626953125,-279.70361328125,-285.6831970214844,108.25556945800781,43.30222702026367,43.30222702026367,-300.1033630371094
1.7758738902797117e+18,-303.6219787597656,-284.9932556152344,-302.4720458984375,-281.5434875488281,-296.2624816894531,-286.6031494140625,-287.9830322265625,-312.82135009765625,108.25556945800781,43.30222702026367,43.30222702026367,-300.1495666503906
1.7758738902807117e+18,-282.0034484863281,-288.2130432128906,-315.1211853027344,-291.43280029296875,-275.10394287109375,-299.9422302246094,-264.754638671875,-284.9932556152344,108.25556945800781,43.30222702026367,43.30222702026367,-300.6885986328125
1.7758738902817116e+18,-281.3135070800781,-314.2012634277344,-279.24365234375,-283.61334228515625,-285.9131774902344,-257.6251220703125,-286.6031494140625,-276.71380615234375,108.25556945800781,43.30222702026367,43.30222702026367,-298.8096923828125
1.7758738902827116e+18,-272.8040771484375,-288.6730041503906,-265.214599609375,-292.5827331542969,-265.9045715332031,-283.61334228515625,-260.61492919921875,-284.07330322265625,108.25556945800781,43.30222702026367,43.30222702026367,-297.9318542480469
1.7758738902837117e+18,-287.7530517578125,-266.8244934082031,-286.3731689453125,-260.1549377441406,-278.78369140625,-253.48541259765625,-274.6439514160156,-256.4751892089844,108.25556945800781,43.30222702026367,43.30222702026367,-297.4698486328125
1.7758738902847117e+18,-272.1141357421875,-288.4430236816406,-257.1651611328125,-292.5827331542969,-249.34568786621094,-283.61334228515625,-246.8158721923828,-283.84332275390625,108.25556945800781,43.30222702026367,43.30222702026367,-298.6864929199219
1.7758738902857116e+18,-297.41241455078125,-269.12432861328125,-266.8244934082031,-292.8127136230469,-253.25543212890625,-249.57568359375,-276.25384521484375,-268.43438720703125,108.25556945800781,43.30222702026367,43.30222702026367,-297.0078125
1.7758738902867116e+18,-264.294677734375,-287.5230712890625,-251.64553833007812,-283.15338134765625,-268.20440673828125,-257.6251220703125,-272.5740966796875,-261.07489013671875,108.25556945800781,43.30222702026367,43.30222702026367,-299.79534912109375
1.7758738902877115e+18,-265.444580078125,-298.33233642578125,-266.3645324707031,-309.37158203125,-267.97442626953125,-297.64239501953125,-259.4649963378906,-299.2522888183594,108.25556945800781,43.30222702026367,43.30222702026367,-299.99554443359375
1.7758738902887114e+18,-295.8025207519531,-277.1737976074219,-272.1141357421875,-288.9029846191406,-255.55526733398438,-281.5434875488281,-261.53485107421875,-273.9540100097656,108.25556945800781,43.30222702026367,43.30222702026367,-297.8394470214844
1.7758738902897114e+18,-273.7240295410156,-287.2930908203125,-274.8739318847656,-290.74285888671875,-279.70361328125,-280.8535461425781,-269.12432861328125,-287.2930908203125,108.25556945800781,43.30222702026367,43.30222702026367,-299.5951232910156
1.7758738902907113e+18,-296.9524230957031,-298.10235595703125,-291.66278076171875,-313.05133056640625,-282.69342041015625,-305.46185302734375,-278.3236999511719,-291.8927917480469,108.25556945800781,43.30222702026367,43.30222702026367,-298.10125732421875
1.7758738902917112e+18,-273.2640686035156,-298.56231689453125,-276.25384521484375,-304.5419006347656,-287.0631103515625,-293.5026550292969,-294.422607421875,-296.2624816894531,108.25556945800781,43.30222702026367,43.30222702026367,-299.5027160644531
1.7758738902927112e+18,-310.0615234375,-300.8621520996094,-289.8229064941406,-307.5317077636719,-274.1839904785156,-301.0921630859375,-263.8346862792969,-310.29150390625,108.25556945800781,43.30222702026367,43.30222702026367,-299.85693359375
1.775873890293711e+18,-291.43280029296875,-302.0120849609375,-282.46343994140625,-307.3017272949219,-277.4037780761719,-301.5521240234375,-264.984619140625,-309.37158203125,108.25556945800781,43.30222702026367,43.30222702026367,-300.75018310546875
1.775873890294711e+18,-301.0921630859375,-293.732666015625,-306.15179443359375,-294.192626953125,-301.0921630859375,-279.4736328125,-296.2624816894531,-278.3236999511719,108.25556945800781,43.30222702026367,43.30222702026367,-300.07257080078125
1.7758738902957112e+18,-293.5026550292969,-320.87078857421875,-290.05291748046875,-307.7616882324219,-292.5827331542969,-279.24365234375,-293.5026550292969,-282.92340087890625,108.25556945800781,43.30222702026367,43.30222702026367,-300.4883728027344
1.7758738902967112e+18,-287.9830322265625,-299.9422302246094,-295.8025207519531,-305.92181396484375,-293.2726745605469,-295.8025207519531,-298.79229736328125,-292.1227722167969,108.25556945800781,43.30222702026367,43.30222702026367,-299.6875305175781
1.775873890297711e+18,-303.1620178222656,-270.9642028808594,-286.8331298828125,-276.9438171386719,-278.3236999511719,-285.4532165527344,-263.3747253417969,-297.1824035644531,108.25556945800781,43.30222702026367,43.30222702026367,-299.8723449707031
1.775873890298711e+18,-266.3645324707031,-300.8621520996094,-266.1345520019531,-296.0325012207031,-267.97442626953125,-284.07330322265625,-271.4241943359375,-276.9438171386719,108.25556945800781,43.30222702026367,43.30222702026367,-298.10125732421875
1.775873890299711e+18,-295.112548828125,-269.35430908203125,-280.16357421875,-281.0835266113281,-258.3150634765625,-281.0835266113281,-250.95558166503906,-290.28289794921875,108.25556945800781,43.30222702026367,43.30222702026367,-298.9175109863281
1.775873890300711e+18,-296.9524230957031,-277.4037780761719,-296.7224426269531,-279.93359375,-286.1431579589844,-274.8739318847656,-269.35430908203125,-285.6831970214844,108.25556945800781,43.30222702026367,43.30222702026367,-299.24090576171875
1.7758738903017108e+18,-263.8346862792969,-270.0442810058594,-273.4940490722656,-262.6847839355469,-273.0340576171875,-251.41555786132812,-271.4241943359375,-256.7052001953125,108.25556945800781,43.30222702026367,43.30222702026367,-298.4246826171875
1.7758738903027108e+18,-266.5945129394531,-279.4736328125,-253.48541259765625,-288.4430236816406,-250.03564453125,-283.15338134765625,-250.265625,-282.92340087890625,108.25556945800781,43.30222702026367,43.30222702026367,-298.701904296875
1.7758738903037107e+18,-255.78524780273438,-288.9029846191406,-256.9351806640625,-287.0631103515625,-256.2452087402344,-279.24365234375,-246.58587646484375,-281.5434875488281,108.25556945800781,43.30222702026367,43.30222702026367,-298.6402893066406
1.7758738903047107e+18,-272.8040771484375,-284.7632751464844,-258.3150634765625,-293.0426940917969,-262.2248229980469,-282.69342041015625,-272.8040771484375,-280.6235656738281,108.25556945800781,43.30222702026367,43.30222702026367,-298.701904296875
1.7758738903057106e+18,-281.7734680175781,-307.7616882324219,-278.5536804199219,-293.2726745605469,-275.56390380859375,-269.35430908203125,-270.7342224121094,-261.99481201171875,108.25556945800781,43.30222702026367,43.30222702026367,-297.42364501953125
1.7758738903067105e+18,-277.6337585449219,-295.342529296875,-264.294677734375,-301.7821044921875,-264.524658203125,-292.1227722167969,-269.12432861328125,-283.15338134765625,108.25556945800781,43.30222702026367,43.30222702026367,-297.80865478515625
1.7758738903077105e+18,-294.192626953125,-280.6235656738281,-300.8621520996094,-276.71380615234375,-295.342529296875,-277.6337585449219,-273.2640686035156,-290.74285888671875,108.25556945800781,43.30222702026367,43.30222702026367,-299.14849853515625
1.7758738903087104e+18,-293.0426940917969,-299.9422302246094,-301.0921630859375,-305.00189208984375,-306.8417663574219,-299.02227783203125,-310.29150390625,-296.7224426269531,108.25556945800781,43.30222702026367,43.30222702026367,-299.3025207519531
1.7758738903097103e+18,-292.5827331542969,-283.38336181640625,-297.41241455078125,-286.3731689453125,-298.56231689453125,-281.5434875488281,-294.882568359375,-277.4037780761719,108.25556945800781,43.30222702026367,43.30222702026367,-298.532470703125
1.7758738903107103e+18,-290.51287841796875,-311.4414367675781,-297.41241455078125,-309.1416015625,-304.5419006347656,-301.3221435546875,-313.74127197265625,-300.1722106933594,108.25556945800781,43.30222702026367,43.30222702026367,-299.9493408203125
1.7758738903117102e+18,-315.3511657714844,-295.342529296875,-305.69183349609375,-305.46185302734375,-272.8040771484375,-306.38177490234375,-269.12432861328125,-302.2420654296875,108.25556945800781,43.30222702026367,43.30222702026367,-299.3025207519531
1.7758738903127101e+18,-277.4037780761719,-313.05133056640625,-281.5434875488281,-303.6219787597656,-292.5827331542969,-277.6337585449219,-293.732666015625,-293.732666015625,108.25556945800781,43.30222702026367,43.30222702026367,-301.4586181640625
1.77587389031371e+18,-272.3441162109375,-303.1620178222656,-278.0937194824219,-306.61175537109375,-290.97283935546875,-295.342529296875,-300.4021911621094,-289.1329650878906,108.25556945800781,43.30222702026367,43.30222702026367,-299.85693359375
1.7758738903147103e+18,-302.4720458984375,-274.1839904785156,-290.05291748046875,-305.69183349609375,-272.3441162109375,-310.0615234375,-270.2742614746094,-280.8535461425781,108.25556945800781,43.30222702026367,43.30222702026367,-299.7337341308594
1.7758738903157102e+18,-268.66436767578125,-296.7224426269531,-256.2452087402344,-295.8025207519531,-251.18556213378906,-286.3731689453125,-250.265625,-291.66278076171875,108.25556945800781,43.30222702026367,43.30222702026367,-299.61053466796875
1.7758738903167101e+18,-290.51287841796875,-266.8244934082031,-277.1737976074219,-310.0615234375,-264.064697265625,-281.7734680175781,-273.9540100097656,-253.48541259765625,108.25556945800781,43.30222702026367,43.30222702026367,-299.8723449707031
1.77587389031771e+18,-284.5332946777344,-264.294677734375,-271.1941833496094,-273.7240295410156,-255.32528686523438,-270.2742614746094,-246.35589599609375,-284.7632751464844,108.25556945800781,43.30222702026367,43.30222702026367,-298.9945068359375
1.77587389031871e+18,-282.0034484863281,-263.3747253417969,-284.7632751464844,-262.2248229980469,-282.2334289550781,-256.4751892089844,-268.43438720703125,-272.1141357421875,108.25556945800781,43.30222702026367,43.30222702026367,-300.3959655761719
1.77587389031971e+18,-254.1753692626953,-286.8331298828125,-252.7954559326172,-280.6235656738281,-259.6949768066406,-257.6251220703125,-264.754638671875,-255.09530639648438,108.25556945800781,43.30222702026367,43.30222702026367,-300.08795166015625
1.77587389032071e+18,-276.02386474609375,-255.32528686523438,-284.30328369140625,-258.5450744628906,-281.7734680175781,-265.674560546875,-267.5144348144531,-272.5740966796875,108.25556945800781,43.30222702026367,43.30222702026367,-300.3035583496094
1.7758738903217098e+18,-297.41241455078125,-283.38336181640625,-250.72560119628906,-279.013671875,-281.7734680175781,-267.5144348144531,-260.38494873046875,-300.4021911621094,108.25556945800781,43.30222702026367,43.30222702026367,-298.701904296875
1.7758738903227098e+18,-284.9932556152344,-266.3645324707031,-288.4430236816406,-269.35430908203125,-285.4532165527344,-282.92340087890625,-278.0937194824219,-284.7632751464844,108.25556945800781,43.30222702026367,43.30222702026367,-301.0581970214844
1.7758738903237097e+18,-259.0050354003906,-298.56231689453125,-261.99481201171875,-297.1824035644531,-256.2452087402344,-292.3527526855469,-252.10549926757812,-292.5827331542969,108.25556945800781,43.30222702026367,43.30222702026367,-299.7491455078125
1.7758738903247096e+18,-279.013671875,-298.33233642578125,-273.0340576171875,-305.00189208984375,-268.43438720703125,-299.2522888183594,-268.89434814453125,-298.79229736328125,108.25556945800781,43.30222702026367,43.30222702026367,-300.0263671875
1.7758738903257096e+18,-295.342529296875,-285.6831970214844,-298.79229736328125,-281.3135070800781,-299.02227783203125,-273.2640686035156,-292.1227722167969,-286.3731689453125,108.25556945800781,43.30222702026367,43.30222702026367,-301.3816223144531
1.7758738903267095e+18,-312.1313781738281,-287.9830322265625,-306.15179443359375,-290.97283935546875,-301.0921630859375,-301.5521240234375,-291.43280029296875,-319.2608947753906,108.25556945800781,43.30222702026367,43.30222702026367,-300.3343811035156
1.7758738903277094e+18,-279.93359375,-310.5215148925781,-286.1431579589844,-310.29150390625,-297.1824035644531,-297.64239501953125,-312.1313781738281,-288.9029846191406,108.25556945800781,43.30222702026367,43.30222702026367,-300.9042053222656
1.7758738903287094e+18,-284.9932556152344,-312.59136962890625,-273.2640686035156,-310.9814758300781,-296.0325012207031,-292.3527526855469,-314.4312438964844,-291.8927917480469,108.25556945800781,43.30222702026367,43.30222702026367,-300.84259033203125
1.7758738903297093e+18,-288.2130432128906,-318.8009338378906,-289.3629455566406,-317.6510009765625,-283.38336181640625,-307.9916687011719,-277.8637390136719,-313.51129150390625,108.25556945800781,43.30222702026367,43.30222702026367,-302.0130615234375
1.7758738903307092e+18,-273.7240295410156,-279.93359375,-303.8519592285156,-289.1329650878906,-276.02386474609375,-307.5317077636719,-278.78369140625,-279.24365234375,108.25556945800781,43.30222702026367,43.30222702026367,-301.0428161621094
1.7758738903317092e+18,-282.0034484863281,-296.0325012207031,-262.6847839355469,-304.5419006347656,-262.4548034667969,-281.5434875488281,-265.9045715332031,-269.12432861328125,108.25556945800781,43.30222702026367,43.30222702026367,-300.3497619628906
1.775873890332709e+18,-295.112548828125,-308.4516296386719,-278.3236999511719,-264.524658203125,-256.0152282714844,-280.3935546875,-296.0325012207031,-284.07330322265625,108.25556945800781,43.30222702026367,43.30222702026367,-299.5797424316406
1.775873890333709e+18,-263.3747253417969,-258.7750549316406,-288.6730041503906,-302.7020263671875,-261.07489013671875,-255.09530639648438,-274.8739318847656,-284.07330322265625,108.25556945800781,43.30222702026367,43.30222702026367,-299.4873352050781
1.7758738903347092e+18,-301.7821044921875,-270.0442810058594,-280.3935546875,-293.732666015625,-250.72560119628906,-272.8040771484375,-265.444580078125,-247.5058135986328,108.25556945800781,43.30222702026367,43.30222702026367,-298.3630676269531
1.7758738903357092e+18,-302.4720458984375,-275.56390380859375,-246.12591552734375,-287.5230712890625,-279.4736328125,-250.72560119628906,-259.2350158691406,-294.882568359375,108.25556945800781,43.30222702026367,43.30222702026367,-299.271728515625
1.775873890336709e+18,-275.10394287109375,-267.74444580078125,-280.8535461425781,-259.0050354003906,-280.6235656738281,-260.38494873046875,-261.07489013671875,-274.4139709472656,108.25556945800781,43.30222702026367,43.30222702026367,-298.902099609375
1.775873890337709e+18,-285.4532165527344,-278.5536804199219,-279.4736328125,-279.24365234375,-268.66436767578125,-281.0835266113281,-252.10549926757812,-286.8331298828125,108.25556945800781,43.30222702026367,43.30222702026367,-298.48626708984375
1.775873890338709e+18,-292.5827331542969,-276.71380615234375,-281.0835266113281,-286.8331298828125,-264.294677734375,-286.6031494140625,-250.72560119628906,-286.1431579589844,108.25556945800781,43.30222702026367,43.30222702026367,-297.99346923828125
1.775873890339709e+18,-269.5843200683594,-292.5827331542969,-259.4649963378906,-292.3527526855469,-265.9045715332031,-274.4139709472656,-277.6337585449219,-267.2844543457031,108.25556945800781,43.30222702026367,43.30222702026367,-298.3938903808594
1.7758738903407089e+18,-290.28289794921875,-277.1737976074219,-278.3236999511719,-294.652587890625,-269.5843200683594,-294.422607421875,-267.0544738769531,-298.33233642578125,108.25556945800781,43.30222702026367,43.30222702026367,-299.42572021484375
1.7758738903417088e+18,-318.3409729003906,-292.1227722167969,-308.91162109375,-294.192626953125,-283.61334228515625,-293.2726745605469,-266.1345520019531,-302.4720458984375,108.25556945800781,43.30222702026367,43.30222702026367,-299.471923828125
1.7758738903427087e+18,-289.1329650878906,-278.3236999511719,-305.69183349609375,-274.4139709472656,-306.38177490234375,-288.9029846191406,-285.9131774902344,-320.87078857421875,108.25556945800781,43.30222702026367,43.30222702026367,-298.51708984375
1.7758738903437087e+18,-307.0717468261719,-286.6031494140625,-305.92181396484375,-287.0631103515625,-299.2522888183594,-279.24365234375,-296.2624816894531,-278.5536804199219,108.25556945800781,43.30222702026367,43.30222702026367,-299.9185485839844
1.7758738903447086e+18,-285.2232360839844,-308.91162109375,-284.30328369140625,-300.4021911621094,-287.5230712890625,-291.66278076171875,-294.422607421875,-278.5536804199219,108.25556945800781,43.30222702026367,43.30222702026367,-298.67108154296875
1.7758738903457085e+18,-282.0034484863281,-309.1416015625,-291.8927917480469,-294.882568359375,-297.87237548828125,-276.02386474609375,-295.342529296875,-285.4532165527344,108.25556945800781,43.30222702026367,43.30222702026367,-301.551025390625
1.7758738903467085e+18,-294.882568359375,-315.5811462402344,-288.4430236816406,-320.64080810546875,-284.30328369140625,-287.2930908203125,-290.74285888671875,-269.8143005371094,108.25556945800781,43.30222702026367,43.30222702026367,-300.3497619628906
1.7758738903477084e+18,-292.8127136230469,-273.7240295410156,-296.4924621582031,-284.30328369140625,-291.8927917480469,-294.422607421875,-279.4736328125,-309.6015625,108.25556945800781,43.30222702026367,43.30222702026367,-299.1639099121094
1.7758738903487084e+18,-289.8229064941406,-291.43280029296875,-295.342529296875,-286.6031494140625,-298.56231689453125,-277.6337585449219,-302.7020263671875,-280.3935546875,108.25556945800781,43.30222702026367,43.30222702026367,-299.271728515625
1.7758738903497083e+18,-271.1941833496094,-296.0325012207031,-283.61334228515625,-266.8244934082031,-287.7530517578125,-265.674560546875,-268.89434814453125,-279.93359375,108.25556945800781,43.30222702026367,43.30222702026367,-298.56329345703125
1.7758738903507082e+18,-271.4241943359375,-271.6541748046875,-277.6337585449219,-263.3747253417969,-274.4139709472656,-256.4751892089844,-273.7240295410156,-271.4241943359375,108.25556945800781,43.30222702026367,43.30222702026367,-300.1495666503906
1.7758738903517082e+18,-282.2334289550781,-257.1651611328125,-279.013671875,-265.9045715332031,-266.5945129394531,-267.5144348144531,-255.09530639648438,-274.6439514160156,108.25556945800781,43.30222702026367,43.30222702026367,-299.1793212890625
1.775873890352708e+18,-281.0835266113281,-271.4241943359375,-274.6439514160156,-286.1431579589844,-266.3645324707031,-289.5929260253906,-258.7750549316406,-297.87237548828125,108.25556945800781,43.30222702026367,43.30222702026367,-297.4852294921875
1.775873890353708e+18,-278.0937194824219,-263.1447448730469,-278.3236999511719,-255.55526733398438,-273.0340576171875,-269.35430908203125,-252.3354949951172,-279.70361328125,108.25556945800781,43.30222702026367,43.30222702026367,-299.0252990722656
1.7758738903547082e+18,-269.8143005371094,-291.8927917480469,-278.78369140625,-262.9147644042969,-278.0937194824219,-252.7954559326172,-261.53485107421875,-278.3236999511719,108.25556945800781,43.30222702026367,43.30222702026367,-299.1639099121094
1.7758738903557082e+18,-281.0835266113281,-305.00189208984375,-272.5740966796875,-308.2216491699219,-273.0340576171875,-277.4037780761719,-279.70361328125,-258.5450744628906,108.25556945800781,43.30222702026367,43.30222702026367,-298.9328918457031
1.775873890356708e+18,-291.8927917480469,-301.0921630859375,-276.02386474609375,-318.8009338378906,-274.6439514160156,-284.7632751464844,-279.4736328125,-263.8346862792969,108.25556945800781,43.30222702026367,43.30222702026367,-299.88775634765625
1.775873890357708e+18,-298.10235595703125,-271.1941833496094,-290.28289794921875,-287.0631103515625,-277.1737976074219,-292.1227722167969,-264.984619140625,-301.0921630859375,108.25556945800781,43.30222702026367,43.30222702026367,-299.99554443359375
1.775873890358708e+18,-300.8621520996094,-294.652587890625,-293.732666015625,-307.3017272949219,-285.4532165527344,-306.8417663574219,-277.6337585449219,-317.4210205078125,108.25556945800781,43.30222702026367,43.30222702026367,-300.8117980957031
1.775873890359708e+18,-310.5215148925781,-299.02227783203125,-302.7020263671875,-302.9320373535156,-295.8025207519531,-297.87237548828125,-276.02386474609375,-308.2216491699219,108.25556945800781,43.30222702026367,43.30222702026367,-299.4411315917969
1.7758738903607078e+18,-296.4924621582031,-293.5026550292969,-303.8519592285156,-278.78369140625,-302.7020263671875,-280.6235656738281,-284.30328369140625,-299.4822692871094,108.25556945800781,43.30222702026367,43.30222702026367,-300.73480224609375
1.7758738903617078e+18,-297.41241455078125,-299.7122497558594,-282.0034484863281,-310.29150390625,-276.9438171386719,-300.4021911621094,-296.2624816894531,-300.4021911621094,108.25556945800781,43.30222702026367,43.30222702026367,-300.2265625
1.7758738903627077e+18,-293.0426940917969,-302.2420654296875,-308.4516296386719,-301.0921630859375,-314.6612243652344,-289.1329650878906,-302.9320373535156,-295.5725402832031,108.25556945800781,43.30222702026367,43.30222702026367,-300.5037841796875
1.7758738903637076e+18,-302.0120849609375,-290.28289794921875,-284.30328369140625,-323.630615234375,-280.3935546875,-270.5042419433594,-295.112548828125,-285.4532165527344,108.25556945800781,43.30222702026367,43.30222702026367,-299.04071044921875
1.7758738903647076e+18,-294.652587890625,-268.89434814453125,-286.1431579589844,-314.2012634277344,-272.3441162109375,-274.4139709472656,-290.97283935546875,-277.1737976074219,108.25556945800781,43.30222702026367,43.30222702026367,-298.8713073730469
1.7758738903657075e+18,-309.6015625,-289.5929260253906,-257.8551025390625,-285.4532165527344,-284.7632751464844,-255.32528686523438,-271.4241943359375,-311.6714172363281,108.25556945800781,43.30222702026367,43.30222702026367,-299.0715026855469
1.7758738903667075e+18,-261.30487060546875,-263.3747253417969,-287.7530517578125,-295.112548828125,-258.5450744628906,-263.8346862792969,-279.70361328125,-276.71380615234375,108.25556945800781,43.30222702026367,43.30222702026367,-299.6875305175781
1.7758738903677074e+18,-270.5042419433594,-289.5929260253906,-278.3236999511719,-262.4548034667969,-282.0034484863281,-254.4053497314453,-258.0850830078125,-273.4940490722656,108.25556945800781,43.30222702026367,43.30222702026367,-298.9790954589844
1.7758738903687073e+18,-271.6541748046875,-280.6235656738281,-250.49562072753906,-284.9932556152344,-248.65574645996094,-274.6439514160156,-255.78524780273438,-261.99481201171875,108.25556945800781,43.30222702026367,43.30222702026367,-297.9780578613281
1.7758738903697073e+18,-281.3135070800781,-261.76483154296875,-283.61334228515625,-266.1345520019531,-274.6439514160156,-283.61334228515625,-261.30487060546875,-296.9524230957031,108.25556945800781,43.30222702026367,43.30222702026367,-297.6084289550781
1.7758738903707072e+18,-296.9524230957031,-280.16357421875,-273.9540100097656,-286.6031494140625,-253.48541259765625,-279.70361328125,-247.73580932617188,-287.2930908203125,108.25556945800781,43.30222702026367,43.30222702026367,-298.8096923828125
1.7758738903717071e+18,-273.7240295410156,-263.6047058105469,-283.61334228515625,-274.6439514160156,-278.0937194824219,-295.342529296875,-265.9045715332031,-296.4924621582031,108.25556945800781,43.30222702026367,43.30222702026367,-297.53143310546875
1.775873890372707e+18,-290.05291748046875,-271.6541748046875,-286.8331298828125,-265.214599609375,-283.84332275390625,-259.4649963378906,-279.013671875,-273.4940490722656,108.25556945800781,43.30222702026367,43.30222702026367,-299.3487243652344
1.7758738903737073e+18,-268.43438720703125,-295.5725402832031,-261.76483154296875,-297.64239501953125,-261.99481201171875,-289.3629455566406,-265.444580078125,-283.61334228515625,108.25556945800781,43.30222702026367,43.30222702026367,-298.19366455078125
1.7758738903747072e+18,-297.1824035644531,-286.6031494140625,-281.7734680175781,-300.1722106933594,-266.3645324707031,-295.8025207519531,-262.6847839355469,-301.3221435546875,108.25556945800781,43.30222702026367,43.30222702026367,-299.5643310546875
1.7758738903757071e+18,-284.5332946777344,-302.9320373535156,-288.6730041503906,-293.2726745605469,-293.732666015625,-275.79388427734375,-292.5827331542969,-276.71380615234375,108.25556945800781,43.30222702026367,43.30222702026367,-299.98016357421875
1.775873890376707e+18,-299.9422302246094,-320.18084716796875,-299.02227783203125,-331.2200927734375,-290.05291748046875,-317.8810119628906,-282.2334289550781,-295.112548828125,108.25556945800781,43.30222702026367,43.30222702026367,-298.2244567871094
1.775873890377707e+18,-309.6015625,-289.5929260253906,-308.681640625,-298.33233642578125,-305.92181396484375,-294.652587890625,-297.64239501953125,-299.4822692871094,108.25556945800781,43.30222702026367,43.30222702026367,-300.9657897949219
1.775873890378707e+18,-306.61175537109375,-287.2930908203125,-306.8417663574219,-305.69183349609375,-300.6321716308594,-310.7514953613281,-290.97283935546875,-320.87078857421875,108.25556945800781,43.30222702026367,43.30222702026367,-299.22552490234375
1.775873890379707e+18,-275.56390380859375,-305.92181396484375,-272.3441162109375,-307.9916687011719,-267.74444580078125,-300.4021911621094,-272.1141357421875,-305.46185302734375,108.25556945800781,43.30222702026367,43.30222702026367,-299.5027160644531
1.7758738903807068e+18,-311.9013977050781,-285.9131774902344,-304.77191162109375,-293.0426940917969,-289.1329650878906,-290.05291748046875,-266.3645324707031,-296.9524230957031,108.25556945800781,43.30222702026367,43.30222702026367,-299.0252990722656
1.7758738903817068e+18,-296.7224426269531,-275.10394287109375,-293.2726745605469,-273.0340576171875,-286.6031494140625,-266.8244934082031,-281.7734680175781,-276.9438171386719,108.25556945800781,43.30222702026367,43.30222702026367,-299.841552734375
1.7758738903827067e+18,-288.9029846191406,-267.97442626953125,-272.5740966796875,-310.7514953613281,-268.66436767578125,-262.2248229980469,-283.15338134765625,-275.79388427734375,108.25556945800781,43.30222702026367,43.30222702026367,-298.6402893066406
1.7758738903837066e+18,-289.5929260253906,-278.0937194824219,-301.5521240234375,-276.9438171386719,-266.5945129394531,-280.8535461425781,-245.6659393310547,-292.1227722167969,108.25556945800781,43.30222702026367,43.30222702026367,-296.9154052734375
1.7758738903847066e+18,-259.2350158691406,-276.02386474609375,-294.652587890625,-279.24365234375,-246.58587646484375,-278.78369140625,-267.74444580078125,-249.11570739746094,108.25556945800781,43.30222702026367,43.30222702026367,-299.45654296875
1.7758738903857065e+18,-272.1141357421875,-293.2726745605469,-252.5654754638672,-284.9932556152344,-270.9642028808594,-244.51602172851562,-276.48382568359375,-264.524658203125,108.25556945800781,43.30222702026367,43.30222702026367,-298.532470703125
1.7758738903867067e+18,-272.5740966796875,-266.5945129394531,-274.6439514160156,-259.2350158691406,-273.2640686035156,-253.94537353515625,-273.7240295410156,-255.09530639648438,108.25556945800781,43.30222702026367,43.30222702026367,-296.57659912109375
1.7758738903877066e+18,-293.962646484375,-278.0937194824219,-267.0544738769531,-289.1329650878906,-252.3354949951172,-277.4037780761719,-249.34568786621094,-273.0340576171875,108.25556945800781,43.30222702026367,43.30222702026367,-297.5468444824219
1.7758738903887066e+18,-263.3747253417969,-290.74285888671875,-269.35430908203125,-276.25384521484375,-281.3135070800781,-258.5450744628906,-277.6337585449219,-273.4940490722656,108.25556945800781,43.30222702026367,43.30222702026367,-300.1957702636719
1.7758738903897065e+18,-278.5536804199219,-271.6541748046875,-290.97283935546875,-272.3441162109375,-290.74285888671875,-274.8739318847656,-278.3236999511719,-295.342529296875,108.25556945800781,43.30222702026367,43.30222702026367,-300.2881774902344
1.7758738903907064e+18,-277.1737976074219,-299.4822692871094,-265.9045715332031,-302.2420654296875,-259.2350158691406,-293.5026550292969,-261.99481201171875,-275.10394287109375,108.25556945800781,43.30222702026367,43.30222702026367,-299.88775634765625
1.7758738903917064e+18,-270.7342224121094,-307.7616882324219,-279.93359375,-289.5929260253906,-301.7821044921875,-268.89434814453125,-292.1227722167969,-289.5929260253906,108.25556945800781,43.30222702026367,43.30222702026367,-301.5664367675781
1.7758738903927066e+18,-288.6730041503906,-311.2114562988281,-296.7224426269531,-294.652587890625,-295.112548828125,-279.4736328125,-295.342529296875,-274.4139709472656,108.25556945800781,43.30222702026367,43.30222702026367,-300.1957702636719
1.7758738903937065e+18,-292.3527526855469,-282.92340087890625,-302.7020263671875,-279.93359375,-306.38177490234375,-290.51287841796875,-291.20281982421875,-315.8111267089844,108.25556945800781,43.30222702026367,43.30222702026367,-299.90313720703125
1.7758738903947064e+18,-290.74285888671875,-304.77191162109375,-302.0120849609375,-306.15179443359375,-313.51129150390625,-295.8025207519531,-307.0717468261719,-298.79229736328125,108.25556945800781,43.30222702026367,43.30222702026367,-300.47296142578125
1.7758738903957064e+18,-303.6219787597656,-298.79229736328125,-272.5740966796875,-307.9916687011719,-278.0937194824219,-295.8025207519531,-296.2624816894531,-281.7734680175781,108.25556945800781,43.30222702026367,43.30222702026367,-301.2892150878906
1.7758738903967063e+18,-286.3731689453125,-284.07330322265625,-297.1824035644531,-282.2334289550781,-290.97283935546875,-301.3221435546875,-282.2334289550781,-317.1910400390625,108.25556945800781,43.30222702026367,43.30222702026367,-298.6402893066406
1.7758738903977062e+18,-276.02386474609375,-304.3119201660156,-266.1345520019531,-300.6321716308594,-260.38494873046875,-292.5827331542969,-261.53485107421875,-299.9422302246094,108.25556945800781,43.30222702026367,43.30222702026367,-299.5335388183594
1.7758738903987064e+18,-270.5042419433594,-296.2624816894531,-269.35430908203125,-295.112548828125,-264.064697265625,-282.69342041015625,-256.2452087402344,-288.2130432128906,108.25556945800781,43.30222702026367,43.30222702026367,-299.7491455078125
1.7758738903997064e+18,-282.69342041015625,-293.962646484375,-284.07330322265625,-273.9540100097656,-282.2334289550781,-253.25543212890625,-277.8637390136719,-265.9045715332031,108.25556945800781,43.30222702026367,43.30222702026367,-299.287109375
1.7758738904007063e+18,-266.3645324707031,-285.6831970214844,-262.9147644042969,-290.74285888671875,-254.4053497314453,-281.3135070800781,-243.36610412597656,-281.3135070800781,108.25556945800781,43.30222702026367,43.30222702026367,-297.43902587890625
1.7758738904017062e+18,-280.8535461425781,-278.3236999511719,-278.0937194824219,-295.342529296875,-268.89434814453125,-293.962646484375,-262.2248229980469,-282.92340087890625,108.25556945800781,43.30222702026367,43.30222702026367,-297.0386047363281
