time_chanNI9205_2,PT_N2_01,PT_N2_03,PT_N2_04,PT_N2_23,PT_GO2_01,PT_GO2_02,PT_H2_01,PT_H2_02,PT_GO2_04_2,PT_FU_05,PT_FU_06,PT_GO2_03_2
1.7764679560005038e+18,2113.089599609375,253.5647735595703,30.509540557861328,26.99234962463379,2327.685546875,214.92138671875,2316.0302734375,676.365478515625,7.769164562225342,2.9159605503082275,3.383105754852295,4.3736796379089355
1.776467956001504e+18,2115.388427734375,254.4842987060547,32.80836868286133,38.48649597167969,2333.20263671875,210.32373046875,2314.191162109375,681.8826904296875,6.947793006896973,2.883105754852295,2.3974595069885254,5.851498126983643
1.776467956002504e+18,2115.388427734375,248.04757690429688,29.13024139404297,32.50954055786133,2335.041748046875,213.54209899902344,2311.892333984375,681.8826904296875,7.194204330444336,2.9159605503082275,2.9231374263763428,5.35889196395874
1.776467956003504e+18,2119.986083984375,248.9671173095703,27.29117774963379,29.750944137573242,2332.283203125,217.22021484375,2312.352294921875,681.4229125976562,6.372832775115967,1.7331851720809937,2.5945887565612793,4.669243335723877
1.776467956004504e+18,2116.767578125,263.67962646484375,20.394689559936523,27.45211410522461,2329.984375,214.4616241455078,2309.1337890625,684.1815185546875,7.769164562225342,2.39028263092041,2.3974595069885254,5.654455661773682
1.7764679560055043e+18,2123.204345703125,248.04757690429688,33.727901458740234,23.77398681640625,2335.961181640625,205.72607421875,2314.651123046875,678.664306640625,7.851302146911621,2.8502509593963623,2.430314302444458,6.147062301635742
1.7764679560065042e+18,2119.06640625,243.44992065429688,36.48649597167969,23.77398681640625,2345.616455078125,206.64559936523438,2322.467041015625,676.365478515625,6.454969882965088,3.704477548599243,2.2988948822021484,5.30963134765625
1.7764679560075041e+18,2115.84814453125,241.61085510253906,33.727901458740234,24.233753204345703,2339.639404296875,212.1627960205078,2316.949951171875,678.20458984375,7.440616130828857,2.39028263092041,1.9703460931777954,4.619982719421387
1.7764679560085043e+18,2118.14697265625,256.3233642578125,28.67047691345215,38.026729583740234,2333.662353515625,210.7834930419922,2310.972900390625,679.1240844726562,7.112067222595215,2.226008176803589,3.0217020511627197,5.654455661773682
1.7764679560095043e+18,2117.687255859375,249.8866424560547,28.210710525512695,27.45211410522461,2330.444091796875,209.8639678955078,2316.949951171875,681.8826904296875,6.865655899047852,2.784541130065918,2.5617339611053467,5.35889196395874
1.7764679560105044e+18,2114.9287109375,246.6682891845703,24.532583236694336,24.693519592285156,2332.742919921875,215.84092712402344,2314.191162109375,682.80224609375,5.5514607429504395,1.4703460931777954,1.346103549003601,4.5707221031188965
1.7764679560115044e+18,2118.14697265625,249.4268798828125,28.210710525512695,30.210710525512695,2332.283203125,214.4616241455078,2312.352294921875,682.80224609375,7.194204330444336,2.685976505279541,2.233185052871704,4.324419021606445
1.7764679560125046e+18,2111.710205078125,253.10501098632812,28.67047691345215,23.31422233581543,2331.8232421875,213.0823211669922,2310.972900390625,675.4459838867188,5.962146759033203,2.5217020511627197,2.4631693363189697,5.26037073135376
1.7764679560135045e+18,2116.767578125,252.64523315429688,32.348602294921875,30.67047691345215,2334.1220703125,212.62255859375,2312.352294921875,673.60693359375,8.344124794006348,3.5730581283569336,3.0217020511627197,5.014067649841309
1.7764679560145047e+18,2112.169921875,251.2659454345703,31.888837814331055,21.934925079345703,2341.938232421875,208.02490234375,2317.40966796875,678.20458984375,7.440616130828857,2.784541130065918,1.8060717582702637,5.063328266143799
1.7764679560155046e+18,2117.687255859375,247.1280517578125,36.48649597167969,21.015392303466797,2337.340576171875,204.80653381347656,2315.570556640625,677.7448120117188,8.344124794006348,3.080235004425049,3.383105754852295,5.014067649841309
1.7764679560165048e+18,2118.14697265625,239.31202697753906,33.727901458740234,20.095861434936523,2339.1796875,208.94442749023438,2315.570556640625,681.8826904296875,7.276341438293457,2.4231374263763428,2.266040086746216,4.5707221031188965
1.7764679560175048e+18,2118.14697265625,255.40383911132812,21.31422233581543,27.911880493164062,2333.20263671875,211.24327087402344,2315.11083984375,678.20458984375,8.179850578308105,2.1931533813476562,2.3974595069885254,5.063328266143799
1.776467956018505e+18,2113.089599609375,254.4842987060547,36.026729583740234,34.80836868286133,2334.58203125,217.67999267578125,2317.40966796875,681.4229125976562,7.851302146911621,1.9631692171096802,2.2003302574157715,5.35889196395874
1.776467956019505e+18,2115.84814453125,249.8866424560547,22.233753204345703,28.371646881103516,2338.260009765625,210.7834930419922,2314.651123046875,681.4229125976562,6.701381206512451,2.9488155841827393,2.233185052871704,5.605195045471191
1.776467956020505e+18,2110.790771484375,255.40383911132812,26.371646881103516,22.854455947875977,2329.984375,218.13975524902344,2313.271728515625,683.2620239257812,7.440616130828857,2.3574278354644775,2.9231374263763428,5.2111101150512695
1.776467956021505e+18,2110.330810546875,253.5647735595703,28.210710525512695,31.13024139404297,2331.363525390625,215.84092712402344,2315.570556640625,680.50341796875,7.933439254760742,3.441638708114624,2.5945887565612793,5.2111101150512695
1.776467956022505e+18,2121.8251953125,246.6682891845703,40.16462326049805,28.83141326904297,2344.237060546875,208.02490234375,2323.846435546875,674.066650390625,5.305048942565918,3.704477548599243,2.988847255706787,5.703716278076172
1.7764679560235052e+18,2114.46875,243.90968322753906,42.46345138549805,38.94626235961914,2342.39794921875,206.1858367919922,2322.9267578125,679.5838623046875,6.454969882965088,2.324572801589966,2.1017656326293945,5.161849498748779
1.776467956024505e+18,2121.8251953125,249.4268798828125,36.94626235961914,33.88883590698242,2337.80029296875,207.10537719726562,2312.352294921875,679.1240844726562,7.112067222595215,2.5545570850372314,1.9374912977218628,5.26037073135376
1.7764679560255053e+18,2119.986083984375,252.64523315429688,29.590007781982422,27.45211410522461,2334.58203125,210.7834930419922,2311.4326171875,680.50341796875,5.715734958648682,2.39028263092041,1.7403620481491089,5.014067649841309
1.7764679560265052e+18,2121.365234375,253.10501098632812,26.371646881103516,31.13024139404297,2336.880859375,212.62255859375,2311.4326171875,680.9631958007812,5.962146759033203,2.685976505279541,2.167475461959839,4.718503952026367
1.7764679560275054e+18,2117.2275390625,251.7257080078125,28.210710525512695,20.095861434936523,2329.5244140625,210.7834930419922,2311.4326171875,681.4229125976562,7.358479022979736,2.981670379638672,3.087411880493164,4.127376556396484
1.7764679560285053e+18,2117.687255859375,251.2659454345703,27.750944137573242,26.99234962463379,2326.765869140625,217.22021484375,2308.674072265625,681.4229125976562,4.976500511169434,2.0617339611053467,2.988847255706787,4.915546417236328
1.7764679560295055e+18,2112.169921875,256.78314208984375,28.67047691345215,33.429073333740234,2326.765869140625,214.4616241455078,2310.053466796875,682.80224609375,6.537106990814209,1.9303144216537476,2.528878927230835,5.112588882446289
1.7764679560305055e+18,2125.04345703125,248.04757690429688,40.16462326049805,31.590007781982422,2345.156494140625,209.8639678955078,2315.11083984375,679.1240844726562,6.865655899047852,2.39028263092041,1.543232798576355,4.5707221031188965
1.7764679560315057e+18,2120.44580078125,248.04757690429688,32.348602294921875,28.83141326904297,2340.09912109375,206.64559936523438,2323.38671875,685.5608520507812,7.933439254760742,1.5689107179641724,2.134620428085327,4.817025184631348
1.7764679560325056e+18,2117.2275390625,246.20851135253906,27.29117774963379,18.256797790527344,2337.340576171875,206.1858367919922,2319.70849609375,675.4459838867188,6.783518314361572,1.3389266729354858,1.313248634338379,5.506673812866211
1.7764679560335058e+18,2117.687255859375,246.6682891845703,34.64743423461914,24.693519592285156,2339.639404296875,208.94442749023438,2317.869384765625,683.7217407226562,6.947793006896973,3.2773642539978027,1.5103778839111328,4.324419021606445
1.7764679560345057e+18,2114.46875,247.1280517578125,31.888837814331055,23.31422233581543,2329.5244140625,215.3811492919922,2312.352294921875,678.20458984375,6.208558082580566,2.5217020511627197,3.0545570850372314,4.817025184631348
1.7764679560355057e+18,2117.687255859375,248.9671173095703,33.727901458740234,35.727901458740234,2333.662353515625,211.70303344726562,2313.7314453125,679.1240844726562,5.305048942565918,2.0945887565612793,2.3646047115325928,4.521461486816406
1.7764679560365059e+18,2112.629638671875,252.1854705810547,27.750944137573242,25.61305046081543,2329.064697265625,212.62255859375,2312.352294921875,677.2850341796875,5.5514607429504395,2.7516863346099854,2.3646047115325928,5.35889196395874
1.7764679560375058e+18,2114.009033203125,246.20851135253906,30.049774169921875,33.88883590698242,2331.8232421875,217.22021484375,2313.7314453125,681.8826904296875,6.454969882965088,2.4231374263763428,2.89028263092041,5.014067649841309
1.776467956038506e+18,2121.365234375,247.1280517578125,26.371646881103516,25.61305046081543,2330.90380859375,208.94442749023438,2319.248779296875,677.7448120117188,7.276341438293457,2.4559924602508545,2.6602985858917236,5.752976894378662
1.776467956039506e+18,2118.14697265625,247.5878143310547,32.80836868286133,24.233753204345703,2342.857666015625,212.1627960205078,2317.40966796875,676.8252563476562,7.440616130828857,2.7188313007354736,2.134620428085327,5.703716278076172
1.776467956040506e+18,2123.6640625,248.9671173095703,36.48649597167969,30.67047691345215,2341.478515625,212.1627960205078,2316.0302734375,679.5838623046875,9.329771041870117,2.226008176803589,2.726008176803589,5.900758743286133
1.776467956041506e+18,2121.365234375,248.04757690429688,33.26813507080078,21.015392303466797,2333.662353515625,212.62255859375,2322.00732421875,679.1240844726562,7.194204330444336,2.3574278354644775,2.3974595069885254,4.619982719421387
1.7764679560425062e+18,2114.009033203125,250.34640502929688,25.45211410522461,26.072816848754883,2330.90380859375,211.70303344726562,2310.053466796875,685.10107421875,5.5514607429504395,2.0945887565612793,2.03605580329895,3.881073236465454
1.7764679560435062e+18,2110.330810546875,258.1624450683594,36.026729583740234,31.13024139404297,2335.961181640625,221.3581085205078,2321.087646484375,676.365478515625,7.358479022979736,2.0945887565612793,2.331749677658081,4.3736796379089355
1.7764679560445064e+18,2112.169921875,255.40383911132812,26.371646881103516,27.45211410522461,2330.90380859375,214.92138671875,2312.81201171875,677.2850341796875,6.2906951904296875,1.7660399675369263,2.167475461959839,4.176637172698975
1.7764679560455063e+18,2118.14697265625,250.80618286132812,26.83141326904297,27.911880493164062,2326.765869140625,213.54209899902344,2310.972900390625,680.50341796875,7.112067222595215,2.0617339611053467,2.430314302444458,4.472200870513916
1.7764679560465065e+18,2116.307861328125,247.5878143310547,25.45211410522461,29.750944137573242,2328.145263671875,216.30068969726562,2310.972900390625,674.5264282226562,7.112067222595215,2.2588632106781006,1.3789583444595337,5.161849498748779
1.7764679560475064e+18,2119.5263671875,248.50733947753906,36.026729583740234,29.750944137573242,2344.69677734375,200.66864013671875,2317.40966796875,674.5264282226562,7.276341438293457,2.4559924602508545,2.3974595069885254,5.26037073135376
1.7764679560485066e+18,2120.44580078125,250.34640502929688,39.24509048461914,31.590007781982422,2339.1796875,209.40420532226562,2326.145263671875,680.50341796875,8.672674179077148,2.488847255706787,2.3646047115325928,5.2111101150512695
1.7764679560495066e+18,2112.169921875,248.04757690429688,36.48649597167969,29.750944137573242,2341.0185546875,217.22021484375,2317.869384765625,685.10107421875,7.687027454376221,3.0145251750946045,2.627443552017212,4.718503952026367
1.7764679560505065e+18,2109.87109375,249.8866424560547,36.94626235961914,33.429073333740234,2334.1220703125,210.7834930419922,2317.40966796875,674.9862060546875,7.276341438293457,3.4744935035705566,2.3646047115325928,5.654455661773682
1.7764679560515067e+18,2113.089599609375,253.5647735595703,33.727901458740234,38.026729583740234,2334.58203125,214.00186157226562,2316.0302734375,680.9631958007812,7.440616130828857,2.981670379638672,3.4159605503082275,5.654455661773682
1.7764679560525066e+18,2115.84814453125,248.9671173095703,34.18766784667969,42.6243896484375,2336.4208984375,209.8639678955078,2317.869384765625,680.50341796875,6.947793006896973,3.704477548599243,2.824572801589966,5.605195045471191
1.7764679560535068e+18,2114.46875,250.80618286132812,30.049774169921875,41.704856872558594,2326.30615234375,222.27764892578125,2316.949951171875,679.5838623046875,7.851302146911621,2.784541130065918,2.6931533813476562,6.048541069030762
1.7764679560545068e+18,2114.46875,252.64523315429688,27.29117774963379,26.532583236694336,2333.662353515625,214.4616241455078,2313.7314453125,680.50341796875,4.483677387237549,2.127443552017212,2.791718006134033,5.112588882446289
1.776467956055507e+18,2117.687255859375,245.2889862060547,40.6243896484375,16.877498626708984,2341.478515625,204.80653381347656,2322.9267578125,674.066650390625,7.6048903465271,1.2732168436050415,0.7547157406806946,4.669243335723877
1.776467956056507e+18,2119.986083984375,241.61085510253906,41.08415603637695,26.532583236694336,2339.1796875,208.4846649169922,2320.168212890625,675.4459838867188,7.851302146911621,2.6531217098236084,0.9518449902534485,5.063328266143799
1.776467956057507e+18,2119.06640625,248.9671173095703,42.00368881225586,25.15328598022461,2336.880859375,209.40420532226562,2316.0302734375,680.9631958007812,5.962146759033203,3.540203332901001,2.824572801589966,4.669243335723877
1.776467956058507e+18,2115.388427734375,248.9671173095703,36.48649597167969,25.15328598022461,2342.857666015625,211.70303344726562,2316.489990234375,677.7448120117188,7.029930114746094,2.324572801589966,3.2188313007354736,5.35889196395874
1.7764679560595072e+18,2118.14697265625,254.0245361328125,30.96930503845215,34.348602294921875,2335.961181640625,214.4616241455078,2311.4326171875,678.664306640625,7.112067222595215,2.291718006134033,2.4960241317749023,4.275158405303955
1.7764679560605071e+18,2114.009033203125,256.3233642578125,30.509540557861328,34.80836868286133,2330.444091796875,218.13975524902344,2312.352294921875,678.20458984375,6.208558082580566,1.4703460931777954,1.9703460931777954,4.472200870513916
1.7764679560615073e+18,2117.2275390625,249.8866424560547,28.67047691345215,32.049774169921875,2335.041748046875,212.1627960205078,2314.651123046875,677.2850341796875,6.044283866882324,1.0103778839111328,1.3789583444595337,4.078115940093994
1.7764679560625073e+18,2115.84814453125,244.8292236328125,25.911880493164062,22.854455947875977,2327.2255859375,216.7604522705078,2316.0302734375,681.8826904296875,6.865655899047852,2.226008176803589,1.8389266729354858,3.684030771255493
1.7764679560635072e+18,2114.009033203125,240.6913299560547,27.750944137573242,22.854455947875977,2338.260009765625,208.02490234375,2319.70849609375,681.4229125976562,8.344124794006348,1.8974595069885254,1.543232798576355,4.817025184631348
1.7764679560645074e+18,2119.986083984375,238.85226440429688,38.3255615234375,24.233753204345703,2333.662353515625,208.4846649169922,2314.191162109375,679.5838623046875,7.029930114746094,2.488847255706787,2.03605580329895,5.457413196563721
1.7764679560655073e+18,2120.905517578125,231.95578002929688,39.704856872558594,26.532583236694336,2337.80029296875,210.32373046875,2323.38671875,685.10107421875,8.179850578308105,1.6346205472946167,1.4775229692459106,4.669243335723877
1.7764679560665075e+18,2118.606689453125,230.57647705078125,37.406028747558594,28.83141326904297,2335.041748046875,215.3811492919922,2313.271728515625,683.7217407226562,7.687027454376221,2.9488155841827393,1.9703460931777954,5.26037073135376
1.7764679560675075e+18,2121.8251953125,228.27764892578125,34.18766784667969,37.56696319580078,2335.041748046875,212.1627960205078,2322.00732421875,676.8252563476562,8.015576362609863,2.4559924602508545,1.8389266729354858,5.457413196563721
1.7764679560685076e+18,2120.905517578125,232.41554260253906,30.96930503845215,27.45211410522461,2330.444091796875,210.32373046875,2314.651123046875,680.50341796875,6.044283866882324,1.9631692171096802,2.5945887565612793,4.324419021606445
1.7764679560695076e+18,2119.5263671875,231.95578002929688,30.049774169921875,30.67047691345215,2332.742919921875,210.32373046875,2314.651123046875,679.1240844726562,5.715734958648682,1.7660399675369263,1.9703460931777954,4.472200870513916
1.7764679560705078e+18,2118.14697265625,238.85226440429688,26.83141326904297,30.67047691345215,2321.70849609375,217.22021484375,2308.674072265625,685.5608520507812,7.358479022979736,2.3574278354644775,1.7075071334838867,4.619982719421387
1.7764679560715077e+18,2118.606689453125,229.19717407226562,33.26813507080078,23.31422233581543,2338.260009765625,206.64559936523438,2319.70849609375,680.50341796875,6.947793006896973,2.8173959255218506,1.8060717582702637,5.851498126983643
1.776467956072508e+18,2122.284912109375,221.3811492919922,44.76228332519531,30.210710525512695,2345.156494140625,202.9674835205078,2321.547607421875,675.90576171875,6.454969882965088,2.4559924602508545,1.8717814683914185,5.112588882446289
1.7764679560735078e+18,2114.009033203125,225.51904296875,36.48649597167969,29.29117774963379,2338.7197265625,208.4846649169922,2316.489990234375,677.7448120117188,5.797872066497803,2.0945887565612793,2.528878927230835,4.817025184631348
1.776467956074508e+18,2121.8251953125,226.89834594726562,32.348602294921875,32.96930694580078,2335.50146484375,209.8639678955078,2313.271728515625,682.80224609375,7.933439254760742,2.7516863346099854,1.8717814683914185,5.30963134765625
1.776467956075508e+18,2119.06640625,228.73741149902344,34.18766784667969,33.429073333740234,2341.478515625,207.5651397705078,2321.547607421875,680.50341796875,7.029930114746094,2.291718006134033,2.3646047115325928,4.521461486816406
1.7764679560765082e+18,2114.46875,225.97882080078125,34.18766784667969,26.072816848754883,2333.20263671875,215.84092712402344,2310.972900390625,681.8826904296875,6.454969882965088,2.226008176803589,2.6602985858917236,4.767764568328857
1.776467956077508e+18,2114.009033203125,228.27764892578125,28.210710525512695,29.29117774963379,2329.064697265625,212.1627960205078,2310.51318359375,686.0205688476562,7.029930114746094,1.2403620481491089,1.9703460931777954,5.26037073135376
1.776467956078508e+18,2113.089599609375,231.49600219726562,31.4290714263916,27.45211410522461,2333.20263671875,218.13975524902344,2316.0302734375,680.9631958007812,7.194204330444336,2.324572801589966,1.641797423362732,4.422940254211426
1.7764679560795082e+18,2118.606689453125,232.41554260253906,34.18766784667969,28.83141326904297,2326.30615234375,219.0592803955078,2315.570556640625,683.2620239257812,5.469323635101318,1.4374912977218628,1.5760875940322876,3.9795944690704346
1.7764679560805082e+18,2119.986083984375,219.54209899902344,42.46345138549805,28.83141326904297,2336.880859375,210.7834930419922,2320.168212890625,678.20458984375,7.6048903465271,3.0145251750946045,2.167475461959839,4.275158405303955
1.7764679560815084e+18,2118.606689453125,219.0823211669922,43.38298416137695,33.429073333740234,2340.558837890625,209.8639678955078,2318.3291015625,674.5264282226562,7.769164562225342,1.7331851720809937,1.116119384765625,5.2111101150512695
1.7764679560825083e+18,2123.204345703125,214.4846649169922,36.026729583740234,40.3255615234375,2338.7197265625,210.32373046875,2316.489990234375,678.664306640625,7.440616130828857,3.0145251750946045,2.266040086746216,4.275158405303955
1.7764679560835085e+18,2122.284912109375,212.64559936523438,39.704856872558594,26.99234962463379,2338.7197265625,209.8639678955078,2317.40966796875,681.8826904296875,7.6048903465271,2.9159605503082275,1.4775229692459106,4.472200870513916
1.7764679560845084e+18,2115.84814453125,214.94442749023438,31.888837814331055,30.210710525512695,2332.283203125,214.92138671875,2313.271728515625,679.1240844726562,7.276341438293457,1.8646045923233032,2.4960241317749023,5.35889196395874
1.7764679560855086e+18,2113.54931640625,220.92138671875,35.56696319580078,31.13024139404297,2332.742919921875,219.97882080078125,2311.892333984375,683.2620239257812,8.426261901855469,2.5545570850372314,2.89028263092041,4.915546417236328
1.7764679560865085e+18,2113.089599609375,216.32373046875,38.3255615234375,33.88883590698242,2331.363525390625,216.30068969726562,2313.271728515625,679.5838623046875,6.126420974731445,2.9159605503082275,2.9231374263763428,4.5707221031188965
1.7764679560875087e+18,2114.9287109375,214.94442749023438,34.18766784667969,37.10719680786133,2335.961181640625,215.84092712402344,2312.81201171875,679.5838623046875,7.769164562225342,2.8173959255218506,3.087411880493164,5.30963134765625
1.7764679560885087e+18,2115.388427734375,218.1627960205078,37.406028747558594,38.026729583740234,2340.09912109375,207.10537719726562,2320.168212890625,676.365478515625,6.701381206512451,2.5217020511627197,2.791718006134033,5.950019836425781
1.7764679560895089e+18,2118.606689453125,215.8639678955078,32.348602294921875,32.96930694580078,2340.09912109375,201.5881805419922,2322.00732421875,676.365478515625,7.933439254760742,2.3574278354644775,3.284541130065918,5.30963134765625
1.7764679560905088e+18,2114.9287109375,213.10537719726562,37.86579513549805,29.29117774963379,2345.156494140625,207.10537719726562,2322.9267578125,679.1240844726562,8.75481128692627,2.883105754852295,3.4159605503082275,5.851498126983643
1.776467956091509e+18,2121.365234375,216.32373046875,36.48649597167969,38.48649597167969,2345.616455078125,207.10537719726562,2321.547607421875,678.20458984375,7.276341438293457,3.178799629211426,2.3974595069885254,6.344104766845703
1.776467956092509e+18,2120.44580078125,212.1858367919922,37.406028747558594,38.026729583740234,2333.20263671875,219.97882080078125,2310.51318359375,685.10107421875,7.933439254760742,2.685976505279541,3.4488155841827393,5.35889196395874
1.7764679560935089e+18,2115.388427734375,212.1858367919922,34.18766784667969,26.99234962463379,2333.20263671875,215.84092712402344,2318.3291015625,681.8826904296875,7.358479022979736,2.2588632106781006,2.3974595069885254,4.521461486816406
1.776467956094509e+18,2117.687255859375,209.42724609375,28.67047691345215,27.911880493164062,2332.283203125,222.27764892578125,2318.3291015625,682.3424682617188,7.5227532386779785,3.145944833755493,1.8717814683914185,5.555934429168701
1.776467956095509e+18,2111.25048828125,221.84092712402344,32.348602294921875,26.99234962463379,2331.363525390625,219.0592803955078,2315.11083984375,682.3424682617188,8.426261901855469,2.2588632106781006,1.8389266729354858,5.4081525802612305
1.7764679560965092e+18,2116.307861328125,209.8870086669922,29.13024139404297,25.61305046081543,2332.283203125,206.64559936523438,2319.70849609375,673.60693359375,6.2906951904296875,2.685976505279541,1.7403620481491089,4.028855323791504
1.776467956097509e+18,2119.986083984375,206.20887756347656,36.94626235961914,28.371646881103516,2343.3173828125,205.72607421875,2321.087646484375,681.4229125976562,8.179850578308105,2.7188313007354736,2.233185052871704,4.915546417236328
1.7764679560985093e+18,2120.44580078125,203.45028686523438,38.3255615234375,26.532583236694336,2342.857666015625,207.5651397705078,2320.168212890625,682.3424682617188,8.179850578308105,2.324572801589966,2.068910837173462,5.161849498748779
1.7764679560995092e+18,2114.46875,207.5881805419922,38.78532409667969,32.96930694580078,2338.260009765625,205.2663116455078,2320.6279296875,682.3424682617188,8.179850578308105,2.784541130065918,2.0032010078430176,5.752976894378662
1.7764679561005092e+18,2119.06640625,202.07098388671875,37.86579513549805,27.45211410522461,2339.639404296875,211.70303344726562,2326.145263671875,676.8252563476562,6.783518314361572,3.145944833755493,2.988847255706787,5.014067649841309
1.7764679561015094e+18,2116.767578125,210.34677124023438,35.56696319580078,37.10719680786133,2334.58203125,211.24327087402344,2310.51318359375,683.7217407226562,5.222911834716797,2.6531217098236084,2.3646047115325928,4.964807033538818
1.7764679561025093e+18,2117.2275390625,213.10537719726562,27.29117774963379,30.67047691345215,2327.2255859375,215.3811492919922,2310.053466796875,681.8826904296875,7.5227532386779785,2.324572801589966,2.9231374263763428,5.752976894378662
1.7764679561035092e+18,2119.986083984375,208.50770568847656,31.4290714263916,31.590007781982422,2333.662353515625,213.0823211669922,2314.651123046875,677.2850341796875,6.044283866882324,1.6346205472946167,2.134620428085327,4.324419021606445
1.7764679561045094e+18,2113.54931640625,208.9674835205078,31.888837814331055,37.56696319580078,2325.38671875,214.00186157226562,2316.489990234375,684.1815185546875,6.865655899047852,2.1602985858917236,2.791718006134033,3.7825520038604736
1.7764679561055094e+18,2122.284912109375,196.09402465820312,32.80836868286133,29.29117774963379,2342.39794921875,208.02490234375,2324.765869140625,677.2850341796875,5.387186527252197,2.8502509593963623,2.167475461959839,5.900758743286133
1.7764679561065093e+18,2125.962890625,200.23191833496094,39.24509048461914,25.61305046081543,2337.80029296875,204.80653381347656,2319.248779296875,675.4459838867188,6.208558082580566,3.145944833755493,2.2003302574157715,5.851498126983643
1.7764679561075095e+18,2122.284912109375,198.85263061523438,36.48649597167969,32.049774169921875,2338.260009765625,213.0823211669922,2321.087646484375,676.8252563476562,6.947793006896973,3.4744935035705566,2.89028263092041,5.26037073135376
1.7764679561085094e+18,2119.06640625,198.85263061523438,39.24509048461914,40.78532409667969,2341.0185546875,210.7834930419922,2314.651123046875,682.80224609375,7.029930114746094,3.1130897998809814,2.9559924602508545,5.605195045471191
1.7764679561095094e+18,2118.14697265625,203.91004943847656,36.94626235961914,32.96930694580078,2337.340576171875,202.9674835205078,2316.949951171875,675.90576171875,7.687027454376221,3.047380208969116,2.266040086746216,5.2111101150512695
1.7764679561105096e+18,2115.84814453125,203.91004943847656,24.072816848754883,28.83141326904297,2334.1220703125,211.24327087402344,2317.869384765625,682.80224609375,6.783518314361572,2.7188313007354736,2.988847255706787,4.669243335723877
1.7764679561115095e+18,2116.767578125,202.9905242919922,34.64743423461914,29.750944137573242,2335.50146484375,217.22021484375,2315.11083984375,683.7217407226562,6.372832775115967,1.9960241317749023,2.233185052871704,3.9303338527679443
1.7764679561125094e+18,2116.767578125,205.74911499023438,35.10719680786133,40.3255615234375,2329.984375,219.51904296875,2312.81201171875,686.0205688476562,6.783518314361572,3.047380208969116,3.3502509593963623,5.457413196563721
1.7764679561135096e+18,2119.06640625,199.77215576171875,36.48649597167969,33.88883590698242,2336.4208984375,211.24327087402344,2320.168212890625,680.0436401367188,8.590537071228027,2.5545570850372314,2.627443552017212,5.605195045471191
1.7764679561145096e+18,2121.8251953125,192.87567138671875,42.00368881225586,23.77398681640625,2338.7197265625,203.42724609375,2318.3291015625,679.5838623046875,7.6048903465271,2.028878927230835,1.543232798576355,5.014067649841309
1.7764679561155095e+18,2114.46875,195.17449951171875,34.64743423461914,35.26813507080078,2343.3173828125,211.70303344726562,2315.11083984375,678.20458984375,7.029930114746094,0.9775230288505554,0.6232962608337402,4.866285800933838
1.7764679561165094e+18,2114.46875,191.03660583496094,32.80836868286133,26.072816848754883,2339.1796875,205.2663116455078,2322.9267578125,679.1240844726562,6.126420974731445,1.2075071334838867,1.017554759979248,4.817025184631348
1.7764679561175096e+18,2117.687255859375,191.49636840820312,35.56696319580078,24.693519592285156,2335.041748046875,211.70303344726562,2314.651123046875,680.9631958007812,6.372832775115967,1.7660399675369263,1.641797423362732,4.275158405303955
1.7764679561185096e+18,2112.169921875,202.07098388671875,34.64743423461914,34.348602294921875,2336.880859375,215.84092712402344,2317.40966796875,680.50341796875,7.358479022979736,1.6674753427505493,2.167475461959839,4.078115940093994
1.7764679561195095e+18,2118.606689453125,196.55380249023438,33.26813507080078,33.429073333740234,2331.363525390625,216.7604522705078,2316.0302734375,681.8826904296875,8.344124794006348,1.5360559225082397,1.9703460931777954,4.669243335723877
1.7764679561205097e+18,2116.307861328125,202.53074645996094,22.693519592285156,32.50954055786133,2331.8232421875,214.4616241455078,2316.489990234375,681.8826904296875,6.208558082580566,1.6674753427505493,2.2988948822021484,3.881073236465454
1.7764679561215096e+18,2118.14697265625,188.27801513671875,37.406028747558594,30.67047691345215,2336.4208984375,208.02490234375,2317.40966796875,680.50341796875,5.6335978507995605,1.9960241317749023,1.444668173789978,3.9795944690704346
1.7764679561225096e+18,2119.06640625,188.73777770996094,43.38298416137695,26.532583236694336,2339.639404296875,210.7834930419922,2320.6279296875,675.4459838867188,6.126420974731445,2.883105754852295,1.3789583444595337,5.161849498748779
1.7764679561235098e+18,2120.44580078125,178.6229248046875,39.704856872558594,32.049774169921875,2344.69677734375,207.5651397705078,2311.4326171875,682.3424682617188,6.947793006896973,3.9673166275024414,2.726008176803589,5.2111101150512695
1.7764679561245097e+18,2119.06640625,191.49636840820312,35.10719680786133,27.911880493164062,2334.58203125,210.7834930419922,2317.40966796875,681.4229125976562,6.865655899047852,4.394430160522461,3.580235004425049,5.555934429168701
1.7764679561255096e+18,2120.905517578125,185.0596466064453,37.406028747558594,25.15328598022461,2334.1220703125,206.1858367919922,2315.11083984375,684.6412963867188,6.537106990814209,4.361575126647949,3.1531217098236084,5.900758743286133
1.7764679561265098e+18,2116.767578125,190.57684326171875,28.67047691345215,34.348602294921875,2331.363525390625,217.67999267578125,2315.11083984375,680.9631958007812,7.851302146911621,2.6202666759490967,2.4631693363189697,4.817025184631348
1.7764679561275098e+18,2115.388427734375,189.19754028320312,30.049774169921875,28.371646881103516,2328.60498046875,214.00186157226562,2313.271728515625,679.1240844726562,7.194204330444336,1.8646045923233032,2.2988948822021484,4.521461486816406
1.7764679561285097e+18,2109.411376953125,190.57684326171875,22.233753204345703,34.348602294921875,2330.90380859375,219.0592803955078,2315.11083984375,677.7448120117188,7.5227532386779785,3.178799629211426,2.9559924602508545,4.127376556396484
1.77646795612951e+18,2117.2275390625,191.49636840820312,26.83141326904297,34.80836868286133,2324.9267578125,216.30068969726562,2308.674072265625,685.5608520507812,8.097713470458984,2.291718006134033,1.6746522188186646,4.915546417236328
1.7764679561305098e+18,2122.284912109375,182.7608184814453,35.10719680786133,23.31422233581543,2341.0185546875,207.10537719726562,2318.788818359375,679.5838623046875,7.029930114746094,2.5545570850372314,1.7075071334838867,5.703716278076172
1.7764679561315098e+18,2119.06640625,184.59988403320312,38.78532409667969,26.99234962463379,2344.69677734375,208.4846649169922,2318.3291015625,680.50341796875,6.2906951904296875,3.343074083328247,2.1017656326293945,4.619982719421387
1.77646795613251e+18,2114.9287109375,185.0596466064453,35.56696319580078,30.67047691345215,2340.558837890625,205.72607421875,2323.38671875,682.80224609375,8.015576362609863,2.784541130065918,2.134620428085327,4.078115940093994
1.77646795613351e+18,2116.767578125,176.7838592529297,34.64743423461914,26.99234962463379,2334.58203125,215.84092712402344,2312.352294921875,680.0436401367188,7.276341438293457,3.704477548599243,2.824572801589966,4.964807033538818
1.7764679561345098e+18,2116.307861328125,176.3240966796875,33.727901458740234,21.934925079345703,2332.742919921875,212.1627960205078,2321.547607421875,677.2850341796875,8.83694839477539,4.09873628616333,3.087411880493164,5.950019836425781
1.77646795613551e+18,2112.629638671875,184.14012145996094,30.509540557861328,26.072816848754883,2329.984375,212.1627960205078,2314.191162109375,678.664306640625,6.537106990814209,3.2116544246673584,3.3502509593963623,4.964807033538818
1.77646795613651e+18,2118.14697265625,187.8182373046875,29.590007781982422,35.26813507080078,2332.742919921875,217.67999267578125,2314.191162109375,683.2620239257812,7.6048903465271,2.5545570850372314,3.383105754852295,6.097801685333252
1.77646795613751e+18,2114.9287109375,188.27801513671875,30.049774169921875,30.210710525512695,2330.90380859375,219.51904296875,2313.7314453125,679.1240844726562,5.469323635101318,2.587411880493164,3.5145251750946045,5.802237510681152
1.77646795613851e+18,2119.06640625,183.2205810546875,34.64743423461914,20.095861434936523,2336.4208984375,212.1627960205078,2321.087646484375,681.8826904296875,6.783518314361572,1.7331851720809937,1.9374912977218628,5.2111101150512695
1.77646795613951e+18,2115.388427734375,185.0596466064453,35.56696319580078,25.61305046081543,2344.69677734375,208.4846649169922,2322.00732421875,676.8252563476562,8.344124794006348,3.0145251750946045,1.8060717582702637,5.30963134765625
1.77646795614051e+18,2120.905517578125,172.64596557617188,40.16462326049805,33.88883590698242,2341.938232421875,206.64559936523438,2318.3291015625,678.664306640625,6.865655899047852,3.4744935035705566,3.1202666759490967,5.063328266143799
1.77646795614151e+18,2116.307861328125,173.5655059814453,36.026729583740234,26.072816848754883,2335.50146484375,207.10537719726562,2311.4326171875,677.2850341796875,7.276341438293457,2.587411880493164,2.89028263092041,5.851498126983643
1.77646795614251e+18,2116.767578125,179.0826873779297,28.210710525512695,29.29117774963379,2334.1220703125,208.02490234375,2312.352294921875,681.4229125976562,5.469323635101318,2.6531217098236084,2.6931533813476562,4.915546417236328
1.77646795614351e+18,2117.2275390625,180.00222778320312,39.24509048461914,39.86579513549805,2335.50146484375,220.89834594726562,2316.489990234375,684.1815185546875,7.440616130828857,1.7003302574157715,2.3974595069885254,4.817025184631348
1.77646795614451e+18,2116.767578125,182.30105590820312,26.83141326904297,36.64743423461914,2331.363525390625,217.22021484375,2310.972900390625,681.4229125976562,7.769164562225342,1.4703460931777954,1.7075071334838867,4.767764568328857
1.7764679561455101e+18,2115.84814453125,180.9217529296875,24.072816848754883,29.29117774963379,2325.846435546875,218.59951782226562,2310.053466796875,686.0205688476562,6.372832775115967,1.6346205472946167,1.7075071334838867,4.127376556396484
1.77646795614651e+18,2118.606689453125,182.7608184814453,24.99234962463379,26.532583236694336,2336.4208984375,211.70303344726562,2320.6279296875,677.7448120117188,7.6048903465271,3.3102190494537354,1.6746522188186646,5.35889196395874
1.77646795614751e+18,2118.14697265625,167.1287841796875,41.543922424316406,22.854455947875977,2335.041748046875,208.4846649169922,2318.788818359375,682.3424682617188,5.305048942565918,1.9960241317749023,1.7075071334838867,5.014067649841309
1.7764679561485102e+18,2113.089599609375,171.2666778564453,38.3255615234375,28.83141326904297,2336.880859375,207.5651397705078,2318.3291015625,680.9631958007812,7.851302146911621,1.6346205472946167,1.9046363830566406,4.521461486816406
1.7764679561495101e+18,2124.1240234375,169.8873748779297,36.48649597167969,32.049774169921875,2339.1796875,214.00186157226562,2320.168212890625,684.1815185546875,7.440616130828857,2.981670379638672,1.7075071334838867,5.161849498748779
1.77646795615051e+18,2120.44580078125,165.74948120117188,35.56696319580078,33.429073333740234,2336.880859375,212.62255859375,2322.9267578125,681.4229125976562,8.015576362609863,1.3717814683914185,2.167475461959839,4.176637172698975
1.7764679561515103e+18,2115.84814453125,174.94479370117188,30.96930503845215,26.99234962463379,2334.1220703125,216.30068969726562,2309.1337890625,683.7217407226562,7.112067222595215,1.1746522188186646,2.167475461959839,4.127376556396484
1.7764679561525102e+18,2118.606689453125,177.24362182617188,29.590007781982422,29.750944137573242,2337.340576171875,215.84092712402344,2313.7314453125,684.6412963867188,8.672674179077148,2.127443552017212,2.9559924602508545,5.112588882446289
1.7764679561535101e+18,2118.606689453125,174.0252685546875,27.750944137573242,35.727901458740234,2326.30615234375,219.0592803955078,2312.81201171875,677.2850341796875,7.6048903465271,1.4374912977218628,1.2475389242172241,4.521461486816406
1.7764679561545103e+18,2115.388427734375,173.5655059814453,23.15328598022461,26.532583236694336,2324.00732421875,220.89834594726562,2312.81201171875,683.7217407226562,6.783518314361572,0.48469990491867065,2.3974595069885254,4.718503952026367
1.7764679561555103e+18,2120.44580078125,174.0252685546875,36.48649597167969,27.45211410522461,2338.260009765625,208.94442749023438,2324.765869140625,672.6873779296875,6.865655899047852,2.6531217098236084,2.0032010078430176,4.422940254211426
1.7764679561565102e+18,2119.5263671875,161.61158752441406,36.026729583740234,29.29117774963379,2337.340576171875,206.1858367919922,2320.168212890625,674.9862060546875,7.5227532386779785,2.6202666759490967,1.9703460931777954,5.30963134765625
1.7764679561575104e+18,2123.204345703125,167.5885467529297,39.24509048461914,28.371646881103516,2341.478515625,212.62255859375,2312.352294921875,686.0205688476562,8.097713470458984,2.39028263092041,2.824572801589966,5.752976894378662
1.7764679561585103e+18,2115.84814453125,166.66900634765625,35.10719680786133,31.13024139404297,2334.58203125,206.64559936523438,2317.869384765625,682.3424682617188,9.001222610473633,2.3574278354644775,2.068910837173462,5.851498126983643
1.7764679561595103e+18,2115.84814453125,167.1287841796875,36.026729583740234,24.693519592285156,2335.041748046875,204.80653381347656,2318.3291015625,681.4229125976562,5.469323635101318,1.9303144216537476,2.03605580329895,4.619982719421387
1.7764679561605105e+18,2118.14697265625,173.5655059814453,27.750944137573242,27.911880493164062,2332.742919921875,218.59951782226562,2309.1337890625,681.8826904296875,6.537106990814209,1.6346205472946167,1.8717814683914185,3.7825520038604736
1.7764679561615104e+18,2114.9287109375,170.34713745117188,30.509540557861328,28.83141326904297,2328.60498046875,220.89834594726562,2315.570556640625,683.7217407226562,6.865655899047852,2.685976505279541,2.627443552017212,4.521461486816406
1.7764679561625103e+18,2115.388427734375,164.82994079589844,29.590007781982422,20.095861434936523,2324.00732421875,212.62255859375,2313.7314453125,678.664306640625,7.440616130828857,2.1602985858917236,1.6089425086975098,4.422940254211426
1.7764679561635105e+18,2121.8251953125,162.53111267089844,30.96930503845215,21.934925079345703,2336.4208984375,207.5651397705078,2311.892333984375,679.5838623046875,6.126420974731445,2.4559924602508545,1.3789583444595337,4.866285800933838
1.7764679561645105e+18,2123.204345703125,163.45065307617188,43.38298416137695,35.26813507080078,2334.1220703125,211.24327087402344,2322.00732421875,676.8252563476562,7.029930114746094,2.4231374263763428,1.214684009552002,4.915546417236328
1.7764679561655104e+18,2119.986083984375,157.93345642089844,40.6243896484375,30.67047691345215,2339.1796875,212.62255859375,2322.00732421875,682.3424682617188,6.865655899047852,1.5032010078430176,1.4118132591247559,4.718503952026367
1.7764679561665106e+18,2123.204345703125,159.31275939941406,35.10719680786133,30.67047691345215,2341.0185546875,208.4846649169922,2318.788818359375,684.6412963867188,6.454969882965088,1.6674753427505493,0.8861352801322937,4.225897789001465
1.7764679561675105e+18,2122.74462890625,163.45065307617188,34.18766784667969,35.727901458740234,2332.283203125,213.0823211669922,2318.788818359375,683.7217407226562,5.469323635101318,3.080235004425049,1.9374912977218628,4.767764568328857
1.7764679561685105e+18,2119.5263671875,168.04830932617188,32.80836868286133,28.371646881103516,2331.8232421875,212.62255859375,2310.053466796875,674.9862060546875,6.372832775115967,3.080235004425049,2.2003302574157715,5.30963134765625
1.7764679561695104e+18,2115.388427734375,163.91041564941406,37.86579513549805,34.348602294921875,2334.1220703125,211.24327087402344,2315.570556640625,680.0436401367188,6.701381206512451,2.981670379638672,2.8574278354644775,5.4081525802612305
1.7764679561705106e+18,2113.54931640625,165.2897186279297,24.99234962463379,29.29117774963379,2331.8232421875,214.92138671875,2314.651123046875,682.3424682617188,7.933439254760742,2.6202666759490967,2.528878927230835,5.605195045471191
1.7764679561715105e+18,2115.388427734375,161.61158752441406,35.10719680786133,26.072816848754883,2338.7197265625,215.3811492919922,2316.0302734375,687.8596801757812,4.647951602935791,2.2588632106781006,2.068910837173462,5.2111101150512695
1.7764679561725105e+18,2124.1240234375,151.03697204589844,42.9232177734375,34.348602294921875,2339.639404296875,203.8870086669922,2312.352294921875,679.5838623046875,4.812225818634033,2.7188313007354736,2.3646047115325928,5.112588882446289
1.7764679561735107e+18,2119.5263671875,153.33580017089844,36.48649597167969,33.88883590698242,2335.041748046875,208.4846649169922,2322.00732421875,674.9862060546875,8.261987686157227,3.3102190494537354,2.4631693363189697,6.294844150543213
1.7764679561745106e+18,2115.84814453125,158.39321899414062,39.704856872558594,31.13024139404297,2335.961181640625,207.10537719726562,2314.651123046875,686.0205688476562,7.6048903465271,2.587411880493164,2.167475461959839,5.063328266143799
1.7764679561755105e+18,2124.1240234375,155.63462829589844,34.18766784667969,32.049774169921875,2333.662353515625,214.92138671875,2314.191162109375,683.2620239257812,7.5227532386779785,3.540203332901001,2.8574278354644775,5.2111101150512695
1.7764679561765107e+18,2120.905517578125,161.61158752441406,32.80836868286133,26.99234962463379,2329.984375,219.51904296875,2309.1337890625,678.20458984375,6.537106990814209,3.638767957687378,3.383105754852295,4.472200870513916
1.7764679561775107e+18,2116.767578125,159.31275939941406,31.4290714263916,32.50954055786133,2333.662353515625,216.7604522705078,2314.651123046875,686.0205688476562,7.112067222595215,2.1931533813476562,1.9703460931777954,4.078115940093994
1.7764679561785106e+18,2117.687255859375,160.23228454589844,29.590007781982422,34.348602294921875,2332.283203125,217.22021484375,2316.949951171875,682.80224609375,7.276341438293457,1.0760875940322876,1.214684009552002,4.078115940093994
1.7764679561795108e+18,2117.2275390625,156.55416870117188,28.67047691345215,34.348602294921875,2333.20263671875,210.32373046875,2316.489990234375,682.3424682617188,7.276341438293457,2.0617339611053467,2.4960241317749023,4.521461486816406
1.7764679561805107e+18,2117.687255859375,154.71510314941406,38.78532409667969,24.693519592285156,2338.260009765625,206.64559936523438,2322.00732421875,678.20458984375,8.83694839477539,2.127443552017212,1.017554759979248,4.866285800933838
1.7764679561815107e+18,2121.8251953125,152.41627502441406,42.00368881225586,32.049774169921875,2343.77734375,207.10537719726562,2321.547607421875,682.3424682617188,7.276341438293457,1.9960241317749023,0.7547157406806946,3.7332913875579834
1.7764679561825108e+18,2125.962890625,154.71510314941406,40.16462326049805,24.693519592285156,2336.880859375,209.8639678955078,2320.6279296875,681.8826904296875,7.933439254760742,2.9159605503082275,1.1489742994308472,4.718503952026367
1.7764679561835108e+18,2119.986083984375,155.17486572265625,32.80836868286133,22.394689559936523,2341.938232421875,214.92138671875,2316.949951171875,680.9631958007812,7.194204330444336,1.7003302574157715,0.7875706553459167,5.063328266143799
1.7764679561845107e+18,2119.06640625,150.117431640625,32.348602294921875,31.590007781982422,2332.742919921875,214.92138671875,2314.191162109375,683.7217407226562,6.783518314361572,2.4559924602508545,0.9846999049186707,3.831812620162964
1.776467956185511e+18,2117.2275390625,157.47369384765625,27.750944137573242,30.210710525512695,2330.90380859375,219.97882080078125,2313.271728515625,683.7217407226562,7.687027454376221,2.39028263092041,2.7588632106781006,4.3736796379089355
1.7764679561865108e+18,2115.84814453125,158.85299682617188,21.77398681640625,32.50954055786133,2332.742919921875,211.70303344726562,2315.11083984375,684.1815185546875,6.701381206512451,2.981670379638672,2.9231374263763428,5.014067649841309
1.7764679561875108e+18,2122.284912109375,153.79556274414062,23.61305046081543,30.210710525512695,2327.2255859375,212.1627960205078,2312.352294921875,684.1815185546875,6.044283866882324,2.0945887565612793,2.6602985858917236,5.161849498748779
1.776467956188511e+18,2118.14697265625,153.79556274414062,29.13024139404297,27.45211410522461,2341.0185546875,210.32373046875,2318.3291015625,682.3424682617188,6.865655899047852,2.6531217098236084,1.7075071334838867,5.2111101150512695
1.776467956189511e+18,2122.284912109375,146.43931579589844,40.6243896484375,28.83141326904297,2337.80029296875,210.32373046875,2321.087646484375,677.2850341796875,8.179850578308105,3.6716227531433105,2.3646047115325928,6.048541069030762
1.7764679561905108e+18,2124.1240234375,150.117431640625,41.543922424316406,26.072816848754883,2340.558837890625,206.64559936523438,2322.00732421875,686.4803466796875,6.701381206512451,2.981670379638672,2.430314302444458,5.457413196563721
1.776467956191511e+18,2121.8251953125,153.79556274414062,34.64743423461914,37.10719680786133,2341.0185546875,207.10537719726562,2317.40966796875,680.9631958007812,6.947793006896973,2.324572801589966,2.5617339611053467,4.619982719421387
1.776467956192511e+18,2120.905517578125,146.43931579589844,33.727901458740234,37.10719680786133,2332.742919921875,214.92138671875,2314.651123046875,681.8826904296875,7.440616130828857,1.7988948822021484,2.3974595069885254,4.275158405303955
1.776467956193511e+18,2119.986083984375,152.87603759765625,32.348602294921875,28.371646881103516,2337.340576171875,217.67999267578125,2308.674072265625,681.4229125976562,7.112067222595215,2.3574278354644775,2.5617339611053467,4.324419021606445
1.7764679561945108e+18,2115.84814453125,151.03697204589844,24.99234962463379,26.99234962463379,2325.846435546875,215.84092712402344,2316.0302734375,678.20458984375,7.440616130828857,2.5217020511627197,2.988847255706787,5.2111101150512695
1.776467956195511e+18,2115.84814453125,156.09439086914062,21.77398681640625,25.15328598022461,2329.5244140625,215.3811492919922,2310.053466796875,679.1240844726562,4.4015398025512695,2.1931533813476562,1.7732168436050415,5.161849498748779
1.776467956196511e+18,2113.54931640625,156.55416870117188,30.96930503845215,30.67047691345215,2335.961181640625,214.00186157226562,2315.11083984375,679.5838623046875,7.769164562225342,3.0145251750946045,2.89028263092041,5.802237510681152
1.7764679561975112e+18,2118.606689453125,149.19790649414062,36.026729583740234,20.095861434936523,2341.478515625,205.2663116455078,2323.38671875,680.9631958007812,7.358479022979736,2.127443552017212,1.9046363830566406,4.964807033538818
1.776467956198511e+18,2119.986083984375,152.87603759765625,30.96930503845215,26.99234962463379,2337.80029296875,212.62255859375,2317.40966796875,678.664306640625,8.179850578308105,2.7516863346099854,1.8389266729354858,4.127376556396484
1.776467956199511e+18,2117.687255859375,142.7611846923828,36.026729583740234,24.233753204345703,2336.880859375,208.94442749023438,2319.248779296875,681.8826904296875,7.194204330444336,2.981670379638672,2.4960241317749023,5.30963134765625
1.776467956200511e+18,2119.5263671875,141.3818817138672,34.18766784667969,26.99234962463379,2340.558837890625,212.62255859375,2322.00732421875,680.0436401367188,8.097713470458984,3.540203332901001,2.3646047115325928,5.555934429168701
1.776467956201511e+18,2117.2275390625,148.27838134765625,28.210710525512695,29.750944137573242,2334.1220703125,208.4846649169922,2316.0302734375,681.8826904296875,6.454969882965088,2.981670379638672,2.6931533813476562,5.161849498748779
1.7764679562025108e+18,2119.5263671875,149.19790649414062,31.888837814331055,39.406028747558594,2330.444091796875,217.67999267578125,2316.0302734375,679.1240844726562,8.590537071228027,2.685976505279541,2.5617339611053467,5.654455661773682
1.7764679562035108e+18,2113.54931640625,147.818603515625,23.15328598022461,23.77398681640625,2328.145263671875,210.32373046875,2315.11083984375,676.8252563476562,5.715734958648682,1.7988948822021484,2.9231374263763428,4.915546417236328
1.7764679562045107e+18,2121.365234375,148.73814392089844,26.371646881103516,15.957967758178711,2335.041748046875,216.7604522705078,2316.949951171875,681.8826904296875,5.880009651184082,2.2588632106781006,2.4631693363189697,5.35889196395874
1.7764679562055107e+18,2121.365234375,143.220947265625,36.48649597167969,17.337265014648438,2340.09912109375,208.94442749023438,2315.11083984375,686.4803466796875,7.440616130828857,2.981670379638672,1.8060717582702637,4.422940254211426
1.7764679562065106e+18,2121.365234375,138.623291015625,40.16462326049805,27.911880493164062,2339.639404296875,210.7834930419922,2320.168212890625,678.20458984375,7.687027454376221,3.441638708114624,2.430314302444458,5.851498126983643
1.7764679562075105e+18,2124.583740234375,143.220947265625,34.64743423461914,22.394689559936523,2337.80029296875,211.70303344726562,2311.892333984375,684.6412963867188,7.933439254760742,2.9488155841827393,1.8389266729354858,5.30963134765625
1.7764679562085105e+18,2112.629638671875,145.9795379638672,36.026729583740234,29.750944137573242,2339.639404296875,213.54209899902344,2315.11083984375,680.50341796875,7.687027454376221,1.3389266729354858,2.03605580329895,4.422940254211426
1.7764679562095104e+18,2115.388427734375,150.57720947265625,33.26813507080078,29.750944137573242,2335.041748046875,208.02490234375,2316.949951171875,687.39990234375,6.044283866882324,1.1089425086975098,1.5103778839111328,4.472200870513916
1.7764679562105103e+18,2114.46875,144.60025024414062,25.45211410522461,24.693519592285156,2329.5244140625,207.5651397705078,2315.570556640625,683.7217407226562,6.2906951904296875,1.4703460931777954,1.4775229692459106,4.5707221031188965
1.7764679562115103e+18,2119.06640625,145.0600128173828,29.13024139404297,21.934925079345703,2334.1220703125,214.00186157226562,2313.271728515625,680.9631958007812,7.6048903465271,1.043232798576355,0.5575864911079407,4.176637172698975
1.7764679562125102e+18,2108.95166015625,144.14048767089844,24.99234962463379,23.77398681640625,2328.145263671875,220.43858337402344,2310.053466796875,682.80224609375,6.208558082580566,2.4559924602508545,1.5760875940322876,3.043642520904541
1.7764679562135101e+18,2121.365234375,143.220947265625,32.80836868286133,26.532583236694336,2338.260009765625,212.62255859375,2318.3291015625,679.5838623046875,7.6048903465271,2.587411880493164,1.641797423362732,4.078115940093994
1.77646795621451e+18,2121.365234375,134.025634765625,39.704856872558594,17.79703140258789,2341.478515625,205.72607421875,2318.788818359375,676.8252563476562,6.783518314361572,1.4703460931777954,0.5904414057731628,4.275158405303955
1.77646795621551e+18,2118.606689453125,136.7842254638672,40.16462326049805,25.15328598022461,2342.857666015625,209.8639678955078,2315.11083984375,683.2620239257812,6.865655899047852,2.028878927230835,1.5103778839111328,3.9303338527679443
1.77646795621651e+18,2123.6640625,136.7842254638672,36.94626235961914,38.48649597167969,2341.0185546875,218.13975524902344,2314.191162109375,685.5608520507812,7.276341438293457,3.5730581283569336,2.3646047115325928,5.752976894378662
1.77646795621751e+18,2114.46875,143.6807098388672,27.750944137573242,29.750944137573242,2329.984375,209.8639678955078,2319.248779296875,677.7448120117188,7.029930114746094,2.028878927230835,3.0545570850372314,4.767764568328857
1.7764679562185098e+18,2111.710205078125,140.922119140625,28.67047691345215,23.77398681640625,2335.961181640625,213.0823211669922,2314.191162109375,678.664306640625,6.208558082580566,2.5217020511627197,3.2516863346099854,5.851498126983643
1.7764679562195098e+18,2115.84814453125,140.00259399414062,30.509540557861328,25.15328598022461,2331.8232421875,212.62255859375,2317.40966796875,680.0436401367188,6.701381206512451,2.9159605503082275,2.331749677658081,5.950019836425781
1.7764679562205097e+18,2114.46875,139.0830535888672,26.83141326904297,33.88883590698242,2326.30615234375,219.0592803955078,2307.294677734375,684.6412963867188,7.440616130828857,3.3759288787841797,3.843074083328247,6.541147232055664
1.7764679562215096e+18,2109.411376953125,141.3818817138672,30.96930503845215,25.61305046081543,2339.639404296875,217.67999267578125,2316.0302734375,676.8252563476562,7.276341438293457,2.4231374263763428,2.430314302444458,5.112588882446289
1.7764679562225096e+18,2121.8251953125,129.8877410888672,33.727901458740234,26.532583236694336,2340.558837890625,209.8639678955078,2313.7314453125,681.4229125976562,8.83694839477539,3.0145251750946045,2.5617339611053467,5.35889196395874
1.7764679562235095e+18,2119.06640625,132.1865692138672,39.704856872558594,33.429073333740234,2336.4208984375,207.10537719726562,2319.248779296875,673.60693359375,8.50839900970459,2.39028263092041,2.7588632106781006,4.964807033538818
1.7764679562245094e+18,2125.503173828125,133.10609436035156,39.24509048461914,34.80836868286133,2338.260009765625,208.94442749023438,2315.11083984375,683.2620239257812,7.769164562225342,2.4231374263763428,2.988847255706787,5.802237510681152
1.7764679562255094e+18,2119.986083984375,131.26702880859375,29.590007781982422,32.049774169921875,2339.639404296875,209.8639678955078,2316.0302734375,686.9401245117188,7.112067222595215,3.2116544246673584,1.9703460931777954,5.2111101150512695
1.7764679562265093e+18,2118.14697265625,136.324462890625,26.83141326904297,27.911880493164062,2334.1220703125,217.22021484375,2314.651123046875,685.10107421875,6.2906951904296875,2.7516863346099854,2.627443552017212,4.5707221031188965
1.7764679562275092e+18,2116.767578125,141.84165954589844,24.99234962463379,26.072816848754883,2330.444091796875,213.54209899902344,2307.754638671875,680.9631958007812,7.358479022979736,2.9488155841827393,2.8574278354644775,4.619982719421387
1.7764679562285092e+18,2113.089599609375,141.84165954589844,29.590007781982422,28.371646881103516,2329.984375,217.22021484375,2308.674072265625,680.9631958007812,5.797872066497803,2.5217020511627197,2.824572801589966,4.472200870513916
1.776467956229509e+18,2114.9287109375,137.70376586914062,25.911880493164062,25.15328598022461,2329.5244140625,218.13975524902344,2313.7314453125,680.9631958007812,8.015576362609863,2.685976505279541,2.0032010078430176,5.063328266143799
1.776467956230509e+18,2116.307861328125,137.24398803710938,38.78532409667969,29.29117774963379,2336.4208984375,207.10537719726562,2313.271728515625,680.9631958007812,6.865655899047852,2.5545570850372314,1.9703460931777954,5.30963134765625
1.776467956231509e+18,2127.802001953125,129.8877410888672,38.78532409667969,29.750944137573242,2342.39794921875,207.10537719726562,2319.248779296875,686.0205688476562,6.701381206512451,3.2116544246673584,2.03605580329895,5.4081525802612305
1.776467956232509e+18,2114.46875,126.20960998535156,34.18766784667969,22.854455947875977,2344.69677734375,204.80653381347656,2318.3291015625,684.6412963867188,7.029930114746094,2.685976505279541,2.03605580329895,5.35889196395874
1.7764679562335089e+18,2121.8251953125,126.20960998535156,32.348602294921875,20.555625915527344,2337.80029296875,213.0823211669922,2314.191162109375,687.8596801757812,8.83694839477539,2.5217020511627197,0.8532803654670715,5.063328266143799
1.7764679562345088e+18,2113.54931640625,131.726806640625,33.26813507080078,31.13024139404297,2331.8232421875,209.40420532226562,2314.651123046875,681.4229125976562,7.687027454376221,1.8317497968673706,2.331749677658081,5.30963134765625
1.7764679562355087e+18,2117.687255859375,138.623291015625,27.750944137573242,32.96930694580078,2335.041748046875,215.84092712402344,2317.40966796875,686.0205688476562,5.962146759033203,2.981670379638672,2.233185052871704,5.063328266143799
1.7764679562365087e+18,2113.089599609375,141.84165954589844,23.15328598022461,27.45211410522461,2325.38671875,211.24327087402344,2312.352294921875,678.664306640625,6.61924409866333,2.0945887565612793,2.6602985858917236,4.619982719421387
1.7764679562375086e+18,2114.9287109375,133.5658721923828,28.210710525512695,31.13024139404297,2330.444091796875,216.7604522705078,2309.1337890625,686.0205688476562,8.179850578308105,2.8502509593963623,2.5945887565612793,4.964807033538818
1.7764679562385085e+18,2122.284912109375,131.26702880859375,38.78532409667969,23.31422233581543,2336.4208984375,204.80653381347656,2318.3291015625,677.2850341796875,7.933439254760742,3.638767957687378,3.2516863346099854,5.605195045471191
1.7764679562395085e+18,2123.204345703125,124.37054443359375,36.48649597167969,28.371646881103516,2341.0185546875,203.42724609375,2322.00732421875,681.8826904296875,6.2906951904296875,2.4559924602508545,2.233185052871704,4.767764568328857
1.7764679562405084e+18,2116.307861328125,130.34750366210938,38.78532409667969,25.61305046081543,2344.69677734375,207.5651397705078,2311.4326171875,681.8826904296875,5.880009651184082,2.1602985858917236,2.167475461959839,5.950019836425781
1.7764679562415084e+18,2124.583740234375,131.726806640625,36.94626235961914,32.50954055786133,2339.639404296875,207.5651397705078,2316.489990234375,679.5838623046875,7.6048903465271,2.291718006134033,2.726008176803589,5.654455661773682
1.7764679562425083e+18,2123.6640625,129.427978515625,30.049774169921875,27.911880493164062,2330.444091796875,212.1627960205078,2315.11083984375,676.8252563476562,7.358479022979736,3.2116544246673584,2.4631693363189697,5.457413196563721
1.7764679562435082e+18,2114.9287109375,130.34750366210938,31.4290714263916,18.256797790527344,2331.363525390625,208.4846649169922,2312.352294921875,680.0436401367188,7.358479022979736,2.488847255706787,2.89028263092041,5.605195045471191
1.7764679562445082e+18,2111.710205078125,135.8647003173828,24.072816848754883,28.371646881103516,2332.283203125,214.92138671875,2312.81201171875,678.664306640625,7.029930114746094,3.5730581283569336,2.988847255706787,5.26037073135376
1.776467956245508e+18,2115.388427734375,128.96820068359375,23.61305046081543,24.233753204345703,2326.765869140625,211.70303344726562,2314.651123046875,680.9631958007812,5.797872066497803,2.4559924602508545,2.7588632106781006,5.2111101150512695
1.776467956246508e+18,2110.330810546875,130.34750366210938,29.590007781982422,19.63609504699707,2340.558837890625,201.5881805419922,2315.570556640625,678.20458984375,7.029930114746094,2.127443552017212,2.167475461959839,4.176637172698975
1.776467956247508e+18,2119.5263671875,122.99124908447266,35.56696319580078,20.095861434936523,2340.558837890625,206.64559936523438,2315.11083984375,681.4229125976562,6.454969882965088,1.8974595069885254,2.03605580329895,5.30963134765625
1.776467956248508e+18,2120.44580078125,127.12914276123047,37.406028747558594,29.750944137573242,2342.39794921875,206.1858367919922,2321.547607421875,680.0436401367188,7.933439254760742,3.24450945854187,2.233185052871704,5.654455661773682
1.7764679562495078e+18,2127.802001953125,123.45101165771484,28.210710525512695,21.015392303466797,2344.69677734375,208.94442749023438,2318.3291015625,684.1815185546875,5.880009651184082,3.080235004425049,2.1017656326293945,4.915546417236328
1.7764679562505078e+18,2122.284912109375,117.47406005859375,34.64743423461914,22.394689559936523,2338.7197265625,208.94442749023438,2317.40966796875,680.9631958007812,7.769164562225342,2.883105754852295,2.266040086746216,5.457413196563721
1.7764679562515077e+18,2120.905517578125,130.34750366210938,33.727901458740234,22.394689559936523,2334.1220703125,212.1627960205078,2318.788818359375,678.664306640625,8.261987686157227,3.605912923812866,2.6931533813476562,5.2111101150512695
1.7764679562525076e+18,2117.687255859375,128.04867553710938,30.049774169921875,34.348602294921875,2327.2255859375,214.00186157226562,2311.892333984375,681.4229125976562,5.880009651184082,2.6202666759490967,3.284541130065918,4.767764568328857
1.7764679562535076e+18,2119.5263671875,128.50843811035156,28.210710525512695,35.727901458740234,2332.283203125,219.0592803955078,2316.489990234375,683.7217407226562,6.454969882965088,3.0145251750946045,2.9559924602508545,5.703716278076172
1.7764679562545075e+18,2114.009033203125,125.29007720947266,28.210710525512695,28.371646881103516,2330.90380859375,218.59951782226562,2307.754638671875,690.1585083007812,8.426261901855469,2.1931533813476562,2.8574278354644775,5.703716278076172
1.7764679562555075e+18,2123.204345703125,120.23265075683594,36.48649597167969,31.590007781982422,2341.938232421875,206.64559936523438,2322.467041015625,681.8826904296875,6.372832775115967,3.0145251750946045,2.430314302444458,5.851498126983643
1.7764679562565074e+18,2122.74462890625,115.63499450683594,41.08415603637695,31.590007781982422,2345.156494140625,210.7834930419922,2322.467041015625,680.9631958007812,6.537106990814209,3.0145251750946045,2.5945887565612793,5.9992804527282715
1.7764679562575073e+18,2125.503173828125,122.07171630859375,35.56696319580078,38.026729583740234,2339.639404296875,208.94442749023438,2318.788818359375,688.7791748046875,8.097713470458984,2.488847255706787,2.068910837173462,5.2111101150512695
1.7764679562585073e+18,2118.14697265625,120.23265075683594,36.48649597167969,30.67047691345215,2334.58203125,209.8639678955078,2317.40966796875,678.20458984375,7.358479022979736,2.6531217098236084,1.4775229692459106,5.4081525802612305
1.7764679562595072e+18,2120.905517578125,122.07171630859375,37.406028747558594,24.233753204345703,2335.961181640625,208.02490234375,2314.651123046875,681.8826904296875,8.919085502624512,2.587411880493164,1.4775229692459106,5.35889196395874
1.7764679562605071e+18,2109.87109375,122.53148651123047,25.45211410522461,28.371646881103516,2333.20263671875,211.24327087402344,2314.191162109375,682.80224609375,7.687027454376221,2.587411880493164,2.1017656326293945,4.718503952026367
1.776467956261507e+18,2113.54931640625,125.74984741210938,29.590007781982422,30.67047691345215,2335.041748046875,221.3581085205078,2311.4326171875,685.10107421875,7.194204330444336,1.4703460931777954,2.068910837173462,3.684030771255493
1.776467956262507e+18,2118.606689453125,128.96820068359375,25.45211410522461,32.50954055786133,2330.444091796875,215.3811492919922,2310.972900390625,688.7791748046875,6.537106990814209,2.488847255706787,2.430314302444458,4.767764568328857
1.776467956263507e+18,2119.5263671875,121.15218353271484,36.48649597167969,26.99234962463379,2340.09912109375,212.1627960205078,2322.00732421875,681.4229125976562,6.783518314361572,2.0945887565612793,1.7075071334838867,4.225897789001465
1.776467956264507e+18,2121.8251953125,119.31312561035156,33.26813507080078,23.77398681640625,2336.880859375,206.64559936523438,2318.3291015625,691.0780029296875,6.865655899047852,2.1602985858917236,0.8204255104064941,4.718503952026367
1.7764679562655068e+18,2119.5263671875,115.63499450683594,34.18766784667969,25.61305046081543,2338.260009765625,207.5651397705078,2319.248779296875,678.664306640625,7.687027454376221,3.80304217338562,2.1017656326293945,4.964807033538818
1.7764679562665068e+18,2123.204345703125,107.81897735595703,35.10719680786133,23.31422233581543,2341.0185546875,214.00186157226562,2318.788818359375,679.5838623046875,6.208558082580566,4.033026218414307,2.2003302574157715,4.5707221031188965
1.7764679562675067e+18,2121.8251953125,117.93382263183594,35.10719680786133,36.18766784667969,2342.857666015625,212.62255859375,2321.087646484375,681.8826904296875,8.344124794006348,4.591559410095215,2.331749677658081,5.161849498748779
1.7764679562685066e+18,2119.5263671875,124.83031463623047,30.509540557861328,30.210710525512695,2337.340576171875,216.30068969726562,2314.191162109375,684.1815185546875,6.61924409866333,3.0145251750946045,3.74450945854187,4.964807033538818
1.7764679562695068e+18,2115.84814453125,117.47406005859375,27.750944137573242,27.45211410522461,2329.5244140625,214.92138671875,2312.81201171875,678.664306640625,7.769164562225342,3.145944833755493,3.941638708114624,5.26037073135376
1.7764679562705068e+18,2112.169921875,122.07171630859375,26.371646881103516,29.29117774963379,2331.363525390625,212.62255859375,2316.949951171875,680.9631958007812,7.112067222595215,3.4087836742401123,3.481670379638672,4.5707221031188965
1.7764679562715067e+18,2115.388427734375,118.39359283447266,32.348602294921875,22.854455947875977,2338.260009765625,207.5651397705078,2317.40966796875,675.4459838867188,6.454969882965088,1.9303144216537476,1.8389266729354858,5.654455661773682
1.7764679562725066e+18,2121.8251953125,117.01428985595703,35.10719680786133,30.67047691345215,2337.340576171875,206.1858367919922,2315.11083984375,677.7448120117188,5.797872066497803,2.2588632106781006,2.3646047115325928,5.35889196395874
1.7764679562735066e+18,2112.629638671875,118.39359283447266,34.18766784667969,27.911880493164062,2343.3173828125,209.40420532226562,2315.11083984375,673.1471557617188,7.5227532386779785,2.0945887565612793,2.068910837173462,4.817025184631348
1.7764679562745065e+18,2120.905517578125,115.17523193359375,41.08415603637695,29.750944137573242,2339.639404296875,217.22021484375,2313.7314453125,682.80224609375,6.2906951904296875,2.226008176803589,2.233185052871704,5.506673812866211
1.7764679562755064e+18,2125.962890625,113.33616638183594,37.86579513549805,17.337265014648438,2335.50146484375,207.5651397705078,2310.972900390625,678.664306640625,6.947793006896973,3.441638708114624,2.8574278354644775,5.605195045471191
1.7764679562765064e+18,2119.06640625,117.93382263183594,33.727901458740234,33.88883590698242,2335.041748046875,207.5651397705078,2314.651123046875,675.90576171875,6.947793006896973,2.9488155841827393,3.383105754852295,5.605195045471191
1.7764679562775063e+18,2112.169921875,117.93382263183594,26.83141326904297,29.750944137573242,2329.984375,215.3811492919922,2315.570556640625,679.1240844726562,7.851302146911621,3.0145251750946045,2.726008176803589,5.112588882446289
1.7764679562785062e+18,2109.411376953125,122.99124908447266,22.693519592285156,26.532583236694336,2326.765869140625,216.7604522705078,2314.651123046875,684.6412963867188,6.783518314361572,2.5545570850372314,2.89028263092041,4.669243335723877
1.7764679562795062e+18,2117.687255859375,124.37054443359375,23.15328598022461,26.99234962463379,2327.2255859375,217.22021484375,2309.1337890625,685.10107421875,8.261987686157227,2.4231374263763428,2.266040086746216,5.35889196395874
1.776467956280506e+18,2125.04345703125,106.89944458007812,38.78532409667969,15.038435935974121,2344.69677734375,209.40420532226562,2321.087646484375,680.0436401367188,6.044283866882324,3.2116544246673584,2.0032010078430176,5.35889196395874
1.776467956281506e+18,2121.8251953125,113.79592895507812,36.026729583740234,25.15328598022461,2343.3173828125,202.04794311523438,2321.547607421875,682.80224609375,5.469323635101318,2.1602985858917236,0.7218608856201172,4.472200870513916
1.776467956282506e+18,2121.8251953125,114.25569915771484,41.543922424316406,25.15328598022461,2340.09912109375,209.8639678955078,2322.467041015625,681.8826904296875,6.947793006896973,2.9159605503082275,1.8389266729354858,4.718503952026367
1.776467956283506e+18,2124.583740234375,107.35920715332031,35.56696319580078,33.88883590698242,2340.09912109375,217.67999267578125,2310.51318359375,685.10107421875,7.194204330444336,2.9159605503082275,2.068910837173462,5.112588882446289
1.7764679562845059e+18,2118.14697265625,113.33616638183594,31.888837814331055,27.911880493164062,2337.80029296875,207.5651397705078,2316.489990234375,679.5838623046875,7.440616130828857,2.5545570850372314,2.627443552017212,5.4081525802612305
1.7764679562855058e+18,2112.629638671875,118.85335540771484,27.29117774963379,36.18766784667969,2335.50146484375,213.0823211669922,2317.40966796875,678.664306640625,6.126420974731445,2.5545570850372314,2.824572801589966,5.35889196395874
1.7764679562865057e+18,2118.606689453125,114.25569915771484,34.18766784667969,40.78532409667969,2326.30615234375,214.92138671875,2311.892333984375,683.2620239257812,8.097713470458984,2.8173959255218506,2.4960241317749023,5.161849498748779
1.7764679562875057e+18,2121.365234375,120.69242095947266,28.67047691345215,28.371646881103516,2332.742919921875,217.67999267578125,2310.51318359375,679.1240844726562,7.769164562225342,2.7188313007354736,3.1202666759490967,4.767764568328857
1.7764679562885056e+18,2119.06640625,110.57756805419922,32.80836868286133,24.233753204345703,2337.80029296875,211.70303344726562,2317.40966796875,678.664306640625,6.783518314361572,2.6531217098236084,2.167475461959839,5.851498126983643
1.7764679562895055e+18,2117.687255859375,111.95687103271484,40.16462326049805,27.45211410522461,2342.39794921875,210.7834930419922,2318.3291015625,688.3193969726562,7.687027454376221,2.587411880493164,2.528878927230835,6.196322917938232
1.7764679562905055e+18,2120.905517578125,110.11780548095703,34.18766784667969,26.532583236694336,2336.4208984375,203.42724609375,2319.248779296875,673.60693359375,7.358479022979736,2.4559924602508545,2.233185052871704,4.915546417236328
1.7764679562915054e+18,2122.284912109375,110.11780548095703,40.6243896484375,33.88883590698242,2339.1796875,215.3811492919922,2319.248779296875,678.20458984375,8.590537071228027,3.24450945854187,1.6089425086975098,4.964807033538818
1.7764679562925053e+18,2116.307861328125,110.57756805419922,33.26813507080078,28.371646881103516,2334.58203125,203.8870086669922,2318.3291015625,681.8826904296875,6.126420974731445,3.1130897998809814,2.824572801589966,5.654455661773682
1.7764679562935053e+18,2121.8251953125,115.17523193359375,34.18766784667969,30.210710525512695,2339.1796875,209.8639678955078,2310.972900390625,683.7217407226562,7.5227532386779785,2.685976505279541,3.1531217098236084,4.915546417236328
1.7764679562945052e+18,2117.687255859375,115.63499450683594,26.83141326904297,35.26813507080078,2332.283203125,218.13975524902344,2310.972900390625,682.80224609375,7.6048903465271,1.6346205472946167,1.7732168436050415,5.161849498748779
1.7764679562955052e+18,2115.84814453125,119.77288818359375,26.83141326904297,33.429073333740234,2333.662353515625,216.30068969726562,2316.949951171875,689.2389526367188,5.715734958648682,2.291718006134033,2.3646047115325928,4.718503952026367
1.776467956296505e+18,2120.44580078125,115.17523193359375,33.26813507080078,26.072816848754883,2339.1796875,208.02490234375,2315.11083984375,682.80224609375,5.715734958648682,2.5545570850372314,1.7403620481491089,4.225897789001465
1.776467956297505e+18,2122.74462890625,106.89944458007812,41.08415603637695,23.77398681640625,2340.09912109375,209.40420532226562,2318.3291015625,685.10107421875,7.5227532386779785,2.9488155841827393,1.7075071334838867,4.176637172698975
1.776467956298505e+18,2120.44580078125,108.7385025024414,41.543922424316406,23.31422233581543,2343.77734375,206.1858367919922,2320.6279296875,681.4229125976562,6.947793006896973,3.540203332901001,1.8717814683914185,4.225897789001465
1.776467956299505e+18,2126.882568359375,108.27873992919922,41.543922424316406,34.80836868286133,2344.237060546875,214.00186157226562,2314.651123046875,680.50341796875,7.194204330444336,3.4744935035705566,2.528878927230835,5.851498126983643
1.7764679563005048e+18,2117.2275390625,101.8420181274414,35.10719680786133,31.13024139404297,2340.09912109375,206.64559936523438,2316.949951171875,681.4229125976562,5.387186527252197,2.8173959255218506,2.7588632106781006,5.063328266143799
1.7764679563015048e+18,2119.5263671875,103.2213134765625,29.590007781982422,25.15328598022461,2337.80029296875,208.4846649169922,2315.570556640625,682.80224609375,7.6048903465271,2.0945887565612793,2.430314302444458,5.161849498748779
1.776467956302505e+18,2119.5263671875,109.19827270507812,30.96930503845215,33.88883590698242,2331.363525390625,211.70303344726562,2313.271728515625,680.9631958007812,5.387186527252197,1.2732168436050415,2.528878927230835,5.2111101150512695
1.776467956303505e+18,2123.6640625,116.55452728271484,24.532583236694336,34.348602294921875,2331.8232421875,220.89834594726562,2315.11083984375,682.3424682617188,6.2906951904296875,2.6531217098236084,2.528878927230835,5.30963134765625
1.7764679563045048e+18,2119.06640625,111.03733825683594,26.83141326904297,22.394689559936523,2327.685546875,219.97882080078125,2316.0302734375,684.6412963867188,6.537106990814209,1.3060717582702637,2.3974595069885254,4.817025184631348
1.7764679563055048e+18,2124.1240234375,100.46272277832031,40.6243896484375,26.532583236694336,2342.857666015625,216.30068969726562,2319.248779296875,679.5838623046875,6.372832775115967,2.883105754852295,1.3789583444595337,5.555934429168701
1.7764679563065047e+18,2121.8251953125,106.4396743774414,42.9232177734375,28.83141326904297,2344.69677734375,206.64559936523438,2314.191162109375,673.60693359375,6.701381206512451,2.685976505279541,2.03605580329895,5.063328266143799
1.7764679563075046e+18,2123.204345703125,101.8420181274414,40.6243896484375,27.911880493164062,2335.50146484375,211.24327087402344,2315.570556640625,684.1815185546875,6.947793006896973,4.197300910949707,3.1202666759490967,5.950019836425781
1.7764679563085046e+18,2123.204345703125,103.2213134765625,39.704856872558594,36.64743423461914,2343.3173828125,207.10537719726562,2318.3291015625,684.1815185546875,7.276341438293457,3.1130897998809814,3.0217020511627197,5.35889196395874
1.7764679563095048e+18,2125.04345703125,104.1408462524414,38.3255615234375,28.83141326904297,2340.558837890625,200.66864013671875,2318.788818359375,679.5838623046875,7.276341438293457,1.9303144216537476,2.331749677658081,5.802237510681152
1.7764679563105047e+18,2115.84814453125,110.11780548095703,29.13024139404297,34.80836868286133,2328.60498046875,217.22021484375,2318.788818359375,677.2850341796875,7.933439254760742,1.4046363830566406,2.2003302574157715,4.915546417236328
1.7764679563115046e+18,2117.687255859375,113.79592895507812,30.509540557861328,21.015392303466797,2335.041748046875,213.0823211669922,2312.81201171875,681.8826904296875,5.469323635101318,1.7331851720809937,1.7732168436050415,3.881073236465454
1.7764679563125046e+18,2118.14697265625,109.65803527832031,27.750944137573242,32.96930694580078,2325.38671875,221.81788635253906,2316.489990234375,682.80224609375,8.50839900970459,1.5032010078430176,2.0032010078430176,4.324419021606445
1.7764679563135045e+18,2115.84814453125,103.68108367919922,32.348602294921875,18.716562271118164,2335.50146484375,215.3811492919922,2309.1337890625,681.4229125976562,8.179850578308105,3.0145251750946045,2.0032010078430176,5.35889196395874
1.7764679563145044e+18,2122.74462890625,102.76155090332031,37.86579513549805,26.99234962463379,2336.4208984375,204.80653381347656,2316.949951171875,677.2850341796875,6.044283866882324,3.638767957687378,2.528878927230835,4.521461486816406
1.7764679563155044e+18,2122.284912109375,102.3017807006836,34.18766784667969,30.210710525512695,2336.880859375,206.64559936523438,2317.869384765625,677.7448120117188,5.962146759033203,3.3102190494537354,2.266040086746216,4.3736796379089355
1.7764679563165046e+18,2127.802001953125,91.26740264892578,37.406028747558594,32.96930694580078,2341.478515625,205.2663116455078,2313.271728515625,685.10107421875,8.097713470458984,3.704477548599243,2.6931533813476562,6.147062301635742
1.7764679563175045e+18,2117.2275390625,96.3248291015625,35.10719680786133,31.13024139404297,2334.58203125,212.62255859375,2314.651123046875,679.5838623046875,8.261987686157227,3.934461832046509,2.5945887565612793,6.245583534240723
1.7764679563185044e+18,2116.767578125,106.89944458007812,34.18766784667969,32.049774169921875,2339.1796875,214.00186157226562,2319.248779296875,688.7791748046875,9.411908149719238,2.587411880493164,2.8574278354644775,4.964807033538818
1.7764679563195044e+18,2120.44580078125,112.41663360595703,25.45211410522461,39.406028747558594,2335.961181640625,213.54209899902344,2314.651123046875,682.3424682617188,7.276341438293457,2.488847255706787,2.2988948822021484,5.605195045471191
1.7764679563205043e+18,2120.905517578125,105.5201416015625,23.15328598022461,24.693519592285156,2328.145263671875,216.7604522705078,2304.995849609375,682.3424682617188,7.769164562225342,1.6017656326293945,1.9374912977218628,5.35889196395874
1.7764679563215043e+18,2116.307861328125,103.68108367919922,33.727901458740234,31.590007781982422,2337.80029296875,212.62255859375,2312.352294921875,677.7448120117188,7.687027454376221,2.6531217098236084,1.6746522188186646,4.817025184631348
1.7764679563225042e+18,2125.962890625,97.2443618774414,40.16462326049805,24.233753204345703,2347.915283203125,206.1858367919922,2318.3291015625,680.50341796875,7.933439254760742,2.226008176803589,1.8060717582702637,4.619982719421387
1.776467956323504e+18,2122.74462890625,98.16388702392578,40.16462326049805,34.80836868286133,2336.880859375,201.5881805419922,2322.467041015625,678.664306640625,8.83694839477539,1.8646045923233032,1.2475389242172241,4.422940254211426
1.7764679563245043e+18,2123.204345703125,97.7041244506836,41.543922424316406,29.750944137573242,2338.7197265625,209.40420532226562,2314.651123046875,679.1240844726562,6.126420974731445,2.028878927230835,1.8717814683914185,4.619982719421387
1.7764679563255043e+18,2121.365234375,102.76155090332031,39.24509048461914,32.50954055786133,2339.1796875,208.02490234375,2317.869384765625,683.2620239257812,5.962146759033203,1.8317497968673706,1.444668173789978,4.324419021606445
1.7764679563265042e+18,2114.009033203125,106.4396743774414,30.049774169921875,33.88883590698242,2336.880859375,213.0823211669922,2318.3291015625,681.4229125976562,6.865655899047852,1.0103778839111328,1.2803937196731567,4.521461486816406
1.7764679563275041e+18,2127.802001953125,106.4396743774414,29.590007781982422,35.727901458740234,2326.765869140625,215.84092712402344,2317.40966796875,685.5608520507812,8.75481128692627,1.7331851720809937,1.3789583444595337,4.619982719421387
1.776467956328504e+18,2113.089599609375,108.7385025024414,30.509540557861328,27.45211410522461,2332.742919921875,216.30068969726562,2318.788818359375,680.50341796875,7.112067222595215,2.6531217098236084,1.017554759979248,4.028855323791504
1.776467956329504e+18,2115.84814453125,108.27873992919922,29.13024139404297,38.026729583740234,2326.30615234375,213.54209899902344,2312.352294921875,682.80224609375,5.962146759033203,2.3574278354644775,1.4118132591247559,4.324419021606445
1.776467956330504e+18,2128.26171875,95.86505889892578,38.78532409667969,22.854455947875977,2343.3173828125,213.0823211669922,2310.053466796875,679.5838623046875,7.440616130828857,1.9631692171096802,0.7218608856201172,4.817025184631348
1.776467956331504e+18,2118.606689453125,101.8420181274414,40.6243896484375,28.83141326904297,2342.39794921875,207.5651397705078,2315.570556640625,682.80224609375,5.715734958648682,1.7660399675369263,1.1489742994308472,4.225897789001465
1.776467956332504e+18,2123.6640625,98.16388702392578,41.543922424316406,27.911880493164062,2338.260009765625,209.8639678955078,2320.6279296875,685.10107421875,7.194204330444336,1.5360559225082397,1.017554759979248,4.915546417236328
1.776467956333504e+18,2122.74462890625,94.48576354980469,41.543922424316406,32.049774169921875,2344.69677734375,210.7834930419922,2317.40966796875,679.5838623046875,5.5514607429504395,2.5545570850372314,1.2803937196731567,4.866285800933838
1.776467956334504e+18,2122.284912109375,103.2213134765625,34.64743423461914,37.56696319580078,2343.3173828125,205.72607421875,2315.11083984375,683.7217407226562,8.261987686157227,3.5730581283569336,1.6089425086975098,5.605195045471191
1.776467956335504e+18,2118.14697265625,101.8420181274414,32.80836868286133,31.590007781982422,2333.662353515625,213.0823211669922,2310.51318359375,680.0436401367188,6.61924409866333,2.488847255706787,1.5103778839111328,5.014067649841309
1.7764679563365038e+18,2110.790771484375,106.4396743774414,28.210710525512695,27.45211410522461,2332.742919921875,216.7604522705078,2310.51318359375,682.3424682617188,8.261987686157227,3.0145251750946045,2.0032010078430176,4.3736796379089355
1.7764679563375037e+18,2114.009033203125,100.46272277832031,29.590007781982422,28.83141326904297,2325.846435546875,217.22021484375,2314.191162109375,675.90576171875,4.894362926483154,2.9488155841827393,3.1202666759490967,5.457413196563721
1.776467956338504e+18,2120.44580078125,105.97991180419922,29.590007781982422,23.77398681640625,2337.340576171875,214.00186157226562,2320.168212890625,679.5838623046875,7.5227532386779785,3.5073482990264893,2.7588632106781006,5.063328266143799
1.7764679563395039e+18,2121.8251953125,94.02599334716797,39.24509048461914,29.29117774963379,2343.77734375,209.40420532226562,2315.570556640625,681.8826904296875,8.344124794006348,2.4231374263763428,1.7732168436050415,5.2111101150512695
1.7764679563405038e+18,2119.5263671875,95.86505889892578,35.56696319580078,28.83141326904297,2345.616455078125,206.64559936523438,2319.248779296875,681.4229125976562,6.947793006896973,2.3574278354644775,2.1017656326293945,5.26037073135376
1.7764679563415037e+18,2125.962890625,101.38224792480469,37.86579513549805,30.210710525512695,2342.857666015625,213.0823211669922,2310.51318359375,678.20458984375,7.933439254760742,1.5360559225082397,0.7547157406806946,5.35889196395874
1.7764679563425037e+18,2124.583740234375,93.56623077392578,39.704856872558594,30.67047691345215,2339.639404296875,208.4846649169922,2321.087646484375,678.664306640625,6.783518314361572,1.7003302574157715,1.4118132591247559,3.9303338527679443
1.7764679563435036e+18,2120.44580078125,100.46272277832031,34.64743423461914,34.80836868286133,2336.4208984375,217.22021484375,2318.788818359375,677.2850341796875,8.83694839477539,2.4559924602508545,1.017554759979248,4.225897789001465
1.7764679563445036e+18,2119.5263671875,100.0029525756836,30.049774169921875,23.77398681640625,2331.363525390625,213.0823211669922,2315.570556640625,683.2620239257812,7.276341438293457,1.2403620481491089,0.9846999049186707,4.127376556396484
1.7764679563455035e+18,2112.629638671875,102.3017807006836,23.61305046081543,25.15328598022461,2327.2255859375,214.4616241455078,2317.40966796875,681.8826904296875,6.044283866882324,1.4046363830566406,1.8060717582702637,3.2899458408355713
1.7764679563465037e+18,2121.8251953125,95.86505889892578,35.10719680786133,20.095861434936523,2335.50146484375,212.62255859375,2320.168212890625,681.8826904296875,6.865655899047852,2.685976505279541,1.7075071334838867,4.078115940093994
1.7764679563475036e+18,2127.34228515625,91.72716522216797,41.08415603637695,27.911880493164062,2340.09912109375,208.94442749023438,2321.547607421875,674.9862060546875,6.865655899047852,2.784541130065918,1.0832644701004028,5.30963134765625
1.7764679563485036e+18,2121.8251953125,97.7041244506836,36.026729583740234,25.61305046081543,2340.09912109375,210.32373046875,2320.168212890625,679.1240844726562,6.537106990814209,2.883105754852295,2.2988948822021484,4.472200870513916
1.7764679563495035e+18,2118.606689453125,94.02599334716797,35.56696319580078,22.394689559936523,2341.0185546875,211.24327087402344,2316.0302734375,683.2620239257812,6.61924409866333,3.540203332901001,2.266040086746216,5.506673812866211
1.7764679563505034e+18,2123.6640625,95.4052963256836,35.10719680786133,31.590007781982422,2344.69677734375,210.7834930419922,2316.489990234375,683.7217407226562,6.044283866882324,3.9673166275024414,2.0032010078430176,6.097801685333252
1.7764679563515034e+18,2119.5263671875,100.0029525756836,35.10719680786133,28.83141326904297,2339.1796875,212.62255859375,2316.0302734375,681.8826904296875,7.769164562225342,2.685976505279541,3.1202666759490967,5.014067649841309
1.7764679563525033e+18,2123.204345703125,104.60061645507812,26.83141326904297,40.78532409667969,2331.363525390625,218.13975524902344,2316.489990234375,680.50341796875,6.372832775115967,2.2588632106781006,3.4488155841827393,5.506673812866211
1.7764679563535035e+18,2118.14697265625,103.2213134765625,29.13024139404297,36.64743423461914,2331.8232421875,211.24327087402344,2317.40966796875,678.664306640625,5.880009651184082,1.043232798576355,2.528878927230835,5.2111101150512695
1.7764679563545034e+18,2115.84814453125,100.46272277832031,25.911880493164062,29.750944137573242,2330.90380859375,213.54209899902344,2318.3291015625,685.10107421875,7.933439254760742,1.6674753427505493,2.167475461959839,4.5707221031188965
1.7764679563555034e+18,2122.284912109375,95.4052963256836,34.64743423461914,18.716562271118164,2339.1796875,213.54209899902344,2315.11083984375,682.80224609375,9.329771041870117,2.7188313007354736,1.0504096746444702,5.2111101150512695
1.7764679563565033e+18,2122.284912109375,91.72716522216797,36.94626235961914,18.256797790527344,2339.1796875,202.50770568847656,2313.7314453125,681.8826904296875,5.880009651184082,2.685976505279541,1.5103778839111328,4.619982719421387
1.7764679563575032e+18,2122.74462890625,95.4052963256836,37.406028747558594,20.095861434936523,2343.3173828125,208.94442749023438,2310.51318359375,683.7217407226562,5.469323635101318,3.6716227531433105,1.9374912977218628,5.014067649841309
1.7764679563585032e+18,2119.5263671875,87.58927154541016,37.86579513549805,26.072816848754883,2340.09912109375,204.80653381347656,2327.984375,680.9631958007812,8.426261901855469,3.0145251750946045,2.89028263092041,5.851498126983643
1.776467956359503e+18,2116.767578125,94.94552612304688,43.38298416137695,29.29117774963379,2344.237060546875,205.72607421875,2321.087646484375,682.80224609375,8.919085502624512,2.784541130065918,3.481670379638672,5.30963134765625
1.7764679563605033e+18,2116.307861328125,95.4052963256836,27.750944137573242,32.049774169921875,2331.363525390625,211.24327087402344,2314.651123046875,684.6412963867188,5.797872066497803,2.5545570850372314,3.087411880493164,4.078115940093994
1.7764679563615032e+18,2115.84814453125,96.78459167480469,31.4290714263916,41.704856872558594,2326.30615234375,218.13975524902344,2315.11083984375,679.5838623046875,7.440616130828857,2.226008176803589,2.1017656326293945,4.915546417236328
1.7764679563625032e+18,2116.767578125,104.60061645507812,21.77398681640625,27.45211410522461,2325.846435546875,217.67999267578125,2307.754638671875,682.80224609375,9.986868858337402,2.6531217098236084,2.2988948822021484,5.063328266143799
1.776467956363503e+18,2120.44580078125,91.72716522216797,38.3255615234375,16.877498626708984,2336.4208984375,208.4846649169922,2317.40966796875,680.0436401367188,8.50839900970459,2.883105754852295,1.313248634338379,5.014067649841309
1.776467956364503e+18,2119.06640625,89.88810729980469,41.08415603637695,21.934925079345703,2343.3173828125,205.72607421875,2315.11083984375,679.1240844726562,5.6335978507995605,3.080235004425049,1.641797423362732,5.112588882446289
1.776467956365503e+18,2117.2275390625,88.50880432128906,36.48649597167969,24.233753204345703,2338.7197265625,207.5651397705078,2312.81201171875,677.2850341796875,7.440616130828857,2.4559924602508545,2.89028263092041,5.063328266143799
1.776467956366503e+18,2122.284912109375,83.91114807128906,33.26813507080078,18.716562271118164,2339.639404296875,208.4846649169922,2319.248779296875,681.4229125976562,7.276341438293457,2.8502509593963623,2.2988948822021484,5.161849498748779
1.7764679563675028e+18,2119.5263671875,92.18693542480469,34.64743423461914,26.532583236694336,2342.857666015625,207.5651397705078,2322.467041015625,682.80224609375,8.344124794006348,3.047380208969116,2.8574278354644775,5.900758743286133
1.776467956368503e+18,2121.365234375,95.4052963256836,31.888837814331055,33.88883590698242,2335.961181640625,214.92138671875,2316.0302734375,679.5838623046875,7.851302146911621,2.1931533813476562,3.0545570850372314,5.654455661773682
1.776467956369503e+18,2115.388427734375,103.2213134765625,24.072816848754883,29.29117774963379,2329.5244140625,210.7834930419922,2307.754638671875,683.2620239257812,6.701381206512451,2.883105754852295,3.74450945854187,5.9992804527282715
1.776467956370503e+18,2110.330810546875,103.68108367919922,22.693519592285156,23.31422233581543,2329.5244140625,213.54209899902344,2317.40966796875,686.9401245117188,6.701381206512451,3.0145251750946045,2.9231374263763428,5.112588882446289
1.7764679563715028e+18,2118.14697265625,89.88810729980469,35.10719680786133,19.63609504699707,2336.880859375,212.1627960205078,2316.489990234375,678.20458984375,7.769164562225342,3.8687520027160645,3.0545570850372314,6.048541069030762
1.7764679563725028e+18,2121.8251953125,92.18693542480469,44.30251693725586,29.750944137573242,2342.39794921875,203.42724609375,2322.9267578125,680.50341796875,7.029930114746094,3.3102190494537354,3.1531217098236084,6.097801685333252
1.7764679563735027e+18,2122.74462890625,88.96857452392578,36.48649597167969,27.45211410522461,2341.0185546875,201.5881805419922,2318.788818359375,682.3424682617188,6.537106990814209,2.7188313007354736,2.627443552017212,5.26037073135376
1.7764679563745027e+18,2122.284912109375,86.66973876953125,42.46345138549805,26.072816848754883,2341.478515625,209.8639678955078,2321.547607421875,675.90576171875,6.865655899047852,2.1931533813476562,1.8389266729354858,4.669243335723877
1.7764679563755028e+18,2125.962890625,89.42833709716797,43.842750549316406,32.049774169921875,2341.478515625,210.32373046875,2316.489990234375,686.0205688476562,8.261987686157227,2.4231374263763428,1.8717814683914185,5.900758743286133
1.7764679563765028e+18,2118.14697265625,92.64669799804688,36.026729583740234,35.727901458740234,2339.639404296875,209.8639678955078,2316.0302734375,685.5608520507812,6.61924409866333,2.0617339611053467,1.9703460931777954,5.112588882446289
1.7764679563775027e+18,2112.169921875,102.76155090332031,27.29117774963379,27.45211410522461,2334.1220703125,217.67999267578125,2314.191162109375,683.2620239257812,8.75481128692627,2.39028263092041,2.2988948822021484,5.2111101150512695
1.7764679563785027e+18,2117.687255859375,99.5431900024414,27.29117774963379,31.590007781982422,2329.984375,216.30068969726562,2313.7314453125,680.0436401367188,4.4015398025512695,2.7188313007354736,2.2003302574157715,4.472200870513916
1.7764679563795026e+18,2116.307861328125,102.3017807006836,29.590007781982422,27.45211410522461,2332.283203125,217.67999267578125,2317.40966796875,680.0436401367188,6.372832775115967,3.047380208969116,2.824572801589966,4.964807033538818
1.7764679563805025e+18,2123.6640625,94.48576354980469,34.64743423461914,23.31422233581543,2342.857666015625,204.34677124023438,2315.570556640625,681.4229125976562,6.537106990814209,2.9488155841827393,1.5760875940322876,4.5707221031188965
1.7764679563815025e+18,2121.8251953125,92.18693542480469,35.56696319580078,32.049774169921875,2345.156494140625,202.50770568847656,2321.087646484375,675.90576171875,7.276341438293457,1.8646045923233032,1.7403620481491089,4.521461486816406
1.7764679563825027e+18,2118.606689453125,85.75021362304688,35.56696319580078,26.532583236694336,2339.639404296875,209.40420532226562,2321.087646484375,680.0436401367188,6.454969882965088,2.6202666759490967,2.1017656326293945,5.161849498748779
1.7764679563835026e+18,2122.74462890625,90.34786987304688,32.80836868286133,29.750944137573242,2341.0185546875,209.40420532226562,2312.352294921875,686.4803466796875,7.687027454376221,3.4087836742401123,2.2988948822021484,6.147062301635742
1.7764679563845025e+18,2123.204345703125,87.58927154541016,39.24509048461914,30.210710525512695,2341.0185546875,211.70303344726562,2322.467041015625,679.1240844726562,5.797872066497803,4.2301554679870605,3.1531217098236084,5.802237510681152
1.7764679563855025e+18,2120.905517578125,94.48576354980469,29.13024139404297,32.049774169921875,2331.8232421875,214.92138671875,2316.949951171875,678.664306640625,7.851302146911621,3.540203332901001,2.627443552017212,5.506673812866211
1.7764679563865024e+18,2118.14697265625,102.3017807006836,26.371646881103516,31.13024139404297,2333.662353515625,216.7604522705078,2311.892333984375,680.50341796875,7.687027454376221,3.704477548599243,3.645944833755493,5.9992804527282715
1.7764679563875023e+18,2110.790771484375,94.48576354980469,24.072816848754883,20.555625915527344,2326.30615234375,217.67999267578125,2314.651123046875,683.2620239257812,5.387186527252197,3.2116544246673584,3.547380208969116,4.866285800933838
1.7764679563885023e+18,2116.767578125,86.20997619628906,33.727901458740234,23.31422233581543,2336.880859375,214.00186157226562,2316.0302734375,685.5608520507812,8.261987686157227,2.2588632106781006,2.1017656326293945,5.654455661773682
1.7764679563895022e+18,2126.882568359375,82.07208251953125,39.24509048461914,32.049774169921875,2336.880859375,207.10537719726562,2315.570556640625,678.664306640625,5.140774726867676,2.4231374263763428,1.7075071334838867,5.802237510681152
1.7764679563905024e+18,2119.06640625,85.29044342041016,35.10719680786133,21.934925079345703,2342.39794921875,207.10537719726562,2310.972900390625,680.0436401367188,5.6335978507995605,2.0617339611053467,2.5617339611053467,6.344104766845703
1.7764679563915023e+18,2116.307861328125,88.04904174804688,34.64743423461914,30.210710525512695,2340.09912109375,211.70303344726562,2313.271728515625,682.3424682617188,7.112067222595215,2.5545570850372314,2.1017656326293945,5.161849498748779
1.7764679563925023e+18,2115.84814453125,85.75021362304688,35.10719680786133,25.15328598022461,2341.0185546875,206.64559936523438,2319.248779296875,678.664306640625,5.715734958648682,2.587411880493164,1.8717814683914185,4.619982719421387
1.7764679563935022e+18,2120.905517578125,95.86505889892578,30.049774169921875,34.80836868286133,2335.961181640625,214.4616241455078,2318.3291015625,676.365478515625,7.687027454376221,2.8502509593963623,1.9046363830566406,4.767764568328857
1.7764679563945021e+18,2114.46875,89.88810729980469,28.67047691345215,32.50954055786133,2332.742919921875,212.1627960205078,2316.949951171875,679.1240844726562,4.237265586853027,2.028878927230835,2.6931533813476562,4.915546417236328
1.776467956395502e+18,2117.687255859375,99.08341979980469,31.888837814331055,32.96930694580078,2325.846435546875,219.97882080078125,2314.191162109375,684.1815185546875,5.305048942565918,1.2732168436050415,2.1017656326293945,3.7332913875579834
1.776467956396502e+18,2118.606689453125,85.75021362304688,42.9232177734375,34.348602294921875,2334.58203125,208.02490234375,2316.489990234375,682.3424682617188,6.783518314361572,1.2403620481491089,1.4775229692459106,5.30963134765625
1.7764679563975022e+18,2123.204345703125,85.75021362304688,36.026729583740234,26.99234962463379,2340.09912109375,204.34677124023438,2321.087646484375,682.3424682617188,6.865655899047852,1.6674753427505493,0.9189901351928711,4.422940254211426
1.7764679563985021e+18,2123.6640625,84.83068084716797,40.6243896484375,24.693519592285156,2341.478515625,200.66864013671875,2322.9267578125,684.6412963867188,7.276341438293457,1.5360559225082397,0.8532803654670715,3.684030771255493
1.776467956399502e+18,2119.5263671875,80.23301696777344,42.46345138549805,32.96930694580078,2341.0185546875,211.70303344726562,2321.547607421875,680.9631958007812,7.769164562225342,2.9488155841827393,0.6232962608337402,4.718503952026367
1.776467956400502e+18,2115.388427734375,84.83068084716797,32.348602294921875,29.29117774963379,2341.0185546875,215.3811492919922,2321.547607421875,680.50341796875,6.537106990814209,2.3574278354644775,1.346103549003601,4.127376556396484
1.776467956401502e+18,2121.8251953125,89.88810729980469,34.64743423461914,35.26813507080078,2335.041748046875,212.62255859375,2320.6279296875,676.365478515625,7.6048903465271,1.7988948822021484,1.1489742994308472,4.127376556396484
1.776467956402502e+18,2116.767578125,90.80763244628906,32.348602294921875,38.48649597167969,2333.662353515625,214.4616241455078,2317.869384765625,686.0205688476562,7.112067222595215,1.7003302574157715,1.7732168436050415,4.225897789001465
1.7764679564035018e+18,2109.87109375,95.86505889892578,22.693519592285156,31.13024139404297,2328.145263671875,216.7604522705078,2315.570556640625,683.7217407226562,7.276341438293457,2.9159605503082275,2.988847255706787,4.669243335723877
1.7764679564045018e+18,2116.767578125,97.7041244506836,25.45211410522461,37.10719680786133,2333.20263671875,215.84092712402344,2314.651123046875,690.1585083007812,6.454969882965088,2.127443552017212,2.2988948822021484,4.324419021606445
1.7764679564055017e+18,2119.06640625,84.83068084716797,40.16462326049805,26.532583236694336,2341.478515625,207.5651397705078,2315.11083984375,688.3193969726562,7.5227532386779785,2.5217020511627197,1.444668173789978,5.2111101150512695
1.7764679564065016e+18,2127.34228515625,78.85372161865234,41.08415603637695,24.233753204345703,2345.616455078125,204.34677124023438,2321.547607421875,686.4803466796875,9.083359718322754,2.9488155841827393,1.7075071334838867,5.654455661773682
1.7764679564075018e+18,2125.503173828125,88.04904174804688,39.24509048461914,33.88883590698242,2336.880859375,215.3811492919922,2317.869384765625,680.9631958007812,8.50839900970459,2.685976505279541,1.5760875940322876,5.457413196563721
1.7764679564085018e+18,2120.44580078125,88.04904174804688,39.704856872558594,23.77398681640625,2341.478515625,211.70303344726562,2312.81201171875,686.9401245117188,4.647951602935791,2.4559924602508545,1.9374912977218628,4.521461486816406
1.7764679564095017e+18,2117.2275390625,83.91114807128906,39.704856872558594,26.532583236694336,2343.77734375,208.4846649169922,2317.40966796875,686.9401245117188,8.015576362609863,3.0145251750946045,1.9046363830566406,5.752976894378662
1.7764679564105016e+18,2119.06640625,88.50880432128906,31.4290714263916,38.48649597167969,2329.064697265625,216.30068969726562,2316.0302734375,684.1815185546875,7.029930114746094,2.9159605503082275,2.3974595069885254,5.35889196395874
1.7764679564115016e+18,2118.606689453125,93.56623077392578,25.45211410522461,30.210710525512695,2331.363525390625,214.92138671875,2315.11083984375,684.1815185546875,7.6048903465271,2.0617339611053467,2.824572801589966,4.472200870513916
1.7764679564125015e+18,2119.5263671875,91.26740264892578,31.888837814331055,32.50954055786133,2330.444091796875,216.30068969726562,2316.489990234375,686.0205688476562,6.2906951904296875,3.080235004425049,1.9374912977218628,5.161849498748779
1.7764679564135014e+18,2116.767578125,88.04904174804688,36.026729583740234,25.15328598022461,2336.4208984375,211.70303344726562,2322.00732421875,686.0205688476562,7.194204330444336,2.784541130065918,1.8060717582702637,4.964807033538818
1.7764679564145014e+18,2120.905517578125,85.75021362304688,34.64743423461914,23.77398681640625,2341.478515625,210.7834930419922,2318.788818359375,683.7217407226562,7.687027454376221,2.6531217098236084,2.1017656326293945,5.063328266143799
1.7764679564155013e+18,2118.606689453125,88.50880432128906,36.48649597167969,29.29117774963379,2342.39794921875,210.7834930419922,2317.869384765625,684.6412963867188,7.194204330444336,3.540203332901001,2.791718006134033,5.752976894378662
1.7764679564165012e+18,2124.1240234375,75.63536071777344,38.78532409667969,32.96930694580078,2346.076171875,208.4846649169922,2318.3291015625,682.80224609375,6.372832775115967,2.488847255706787,1.444668173789978,4.866285800933838
1.7764679564175012e+18,2118.14697265625,80.23301696777344,36.48649597167969,24.693519592285156,2340.09912109375,204.34677124023438,2316.489990234375,680.9631958007812,8.015576362609863,1.7003302574157715,1.6089425086975098,4.817025184631348
1.776467956418501e+18,2118.606689453125,87.58927154541016,27.750944137573242,31.13024139404297,2332.283203125,209.40420532226562,2316.0302734375,684.6412963867188,5.962146759033203,2.9159605503082275,2.4631693363189697,4.718503952026367
1.7764679564195013e+18,2118.606689453125,88.04904174804688,30.509540557861328,32.049774169921875,2331.8232421875,212.1627960205078,2317.40966796875,675.4459838867188,7.276341438293457,1.141797423362732,1.4775229692459106,4.275158405303955
1.7764679564205012e+18,2113.54931640625,90.34786987304688,19.015392303466797,33.88883590698242,2321.70849609375,217.67999267578125,2314.191162109375,682.80224609375,6.2906951904296875,2.291718006134033,1.641797423362732,3.9795944690704346
1.7764679564215012e+18,2115.84814453125,83.91114807128906,30.509540557861328,26.532583236694336,2340.09912109375,210.7834930419922,2317.40966796875,684.6412963867188,7.276341438293457,3.080235004425049,2.3646047115325928,5.2111101150512695
1.776467956422501e+18,2123.6640625,78.39395904541016,48.44041061401367,31.13024139404297,2341.938232421875,208.94442749023438,2317.869384765625,686.0205688476562,7.933439254760742,2.39028263092041,1.7403620481491089,6.147062301635742
1.776467956423501e+18,2123.6640625,79.77325439453125,41.543922424316406,34.80836868286133,2339.1796875,208.94442749023438,2316.489990234375,682.80224609375,5.305048942565918,3.3759288787841797,2.03605580329895,4.915546417236328
1.776467956424501e+18,2118.606689453125,86.66973876953125,39.704856872558594,30.67047691345215,2340.09912109375,211.70303344726562,2320.168212890625,684.6412963867188,8.50839900970459,3.24450945854187,2.233185052871704,5.950019836425781
1.776467956425501e+18,2125.503173828125,83.91114807128906,39.24509048461914,38.94626235961914,2335.041748046875,206.1858367919922,2314.191162109375,681.4229125976562,7.029930114746094,2.4231374263763428,2.03605580329895,5.063328266143799
1.7764679564265009e+18,2122.74462890625,80.69278717041016,32.348602294921875,33.429073333740234,2335.041748046875,211.70303344726562,2313.7314453125,688.7791748046875,5.6335978507995605,1.043232798576355,2.266040086746216,5.063328266143799
1.7764679564275008e+18,2115.84814453125,90.80763244628906,26.371646881103516,26.072816848754883,2328.60498046875,219.0592803955078,2316.0302734375,687.39990234375,7.358479022979736,0.9446681141853333,1.1818290948867798,3.881073236465454
1.7764679564285007e+18,2116.307861328125,91.72716522216797,24.532583236694336,29.29117774963379,2326.30615234375,216.30068969726562,2316.0302734375,684.6412963867188,8.097713470458984,1.3717814683914185,1.3789583444595337,4.028855323791504
1.7764679564295007e+18,2115.84814453125,86.20997619628906,28.210710525512695,27.45211410522461,2324.00732421875,210.7834930419922,2310.972900390625,685.5608520507812,9.658320426940918,2.8502509593963623,1.641797423362732,4.521461486816406
1.7764679564305006e+18,2119.06640625,81.15254974365234,38.3255615234375,19.176328659057617,2347.915283203125,204.80653381347656,2318.788818359375,679.5838623046875,7.851302146911621,3.1130897998809814,0.5904414057731628,4.422940254211426
1.7764679564315008e+18,2121.8251953125,77.01465606689453,43.38298416137695,20.555625915527344,2343.77734375,208.02490234375,2316.489990234375,683.7217407226562,8.344124794006348,2.1602985858917236,1.444668173789978,4.324419021606445
1.7764679564325007e+18,2124.1240234375,81.15254974365234,36.026729583740234,30.67047691345215,2335.961181640625,213.54209899902344,2315.570556640625,688.3193969726562,7.851302146911621,1.9960241317749023,0.42616701126098633,4.078115940093994
1.7764679564335007e+18,2126.882568359375,79.77325439453125,40.16462326049805,33.429073333740234,2337.340576171875,216.30068969726562,2316.489990234375,687.39990234375,6.947793006896973,1.0760875940322876,0.2618926465511322,4.422940254211426
1.7764679564345006e+18,2115.84814453125,82.07208251953125,34.18766784667969,26.99234962463379,2339.1796875,209.40420532226562,2314.191162109375,679.1240844726562,7.276341438293457,1.3389266729354858,1.0832644701004028,3.881073236465454
1.7764679564355005e+18,2119.06640625,90.34786987304688,29.13024139404297,31.13024139404297,2328.60498046875,216.7604522705078,2307.754638671875,684.6412963867188,8.179850578308105,2.028878927230835,1.4775229692459106,4.225897789001465
1.7764679564365005e+18,2114.9287109375,91.26740264892578,35.10719680786133,27.45211410522461,2335.041748046875,215.3811492919922,2313.7314453125,687.39990234375,7.687027454376221,2.4231374263763428,1.7403620481491089,4.964807033538818
1.7764679564375004e+18,2113.089599609375,89.42833709716797,30.509540557861328,34.348602294921875,2328.60498046875,221.3581085205078,2311.892333984375,685.10107421875,6.701381206512451,2.39028263092041,2.6602985858917236,4.472200870513916
1.7764679564385004e+18,2114.46875,84.37091064453125,38.3255615234375,36.64743423461914,2331.363525390625,209.40420532226562,2313.271728515625,687.39990234375,8.344124794006348,1.6017656326293945,1.9046363830566406,4.127376556396484
1.7764679564395003e+18,2114.9287109375,78.39395904541016,32.80836868286133,33.429073333740234,2340.09912109375,209.40420532226562,2321.087646484375,683.2620239257812,7.029930114746094,2.0945887565612793,1.9703460931777954,4.521461486816406
1.7764679564405002e+18,2121.365234375,77.47442626953125,38.78532409667969,33.429073333740234,2339.639404296875,208.94442749023438,2320.6279296875,679.1240844726562,8.590537071228027,2.4231374263763428,2.2003302574157715,5.2111101150512695
1.7764679564415002e+18,2119.5263671875,82.53185272216797,36.48649597167969,37.10719680786133,2337.340576171875,210.7834930419922,2318.3291015625,679.5838623046875,8.097713470458984,2.7188313007354736,1.7732168436050415,5.703716278076172
1.7764679564425004e+18,2116.767578125,80.69278717041016,30.96930503845215,25.15328598022461,2332.283203125,208.02490234375,2312.352294921875,682.80224609375,6.372832775115967,3.080235004425049,2.430314302444458,4.767764568328857
1.7764679564435003e+18,2118.14697265625,79.31349182128906,31.4290714263916,22.394689559936523,2335.961181640625,205.2663116455078,2312.352294921875,680.0436401367188,7.769164562225342,2.9159605503082275,2.824572801589966,5.654455661773682
1.7764679564445002e+18,2113.089599609375,80.69278717041016,29.590007781982422,31.13024139404297,2323.547607421875,219.0592803955078,2310.972900390625,678.664306640625,6.044283866882324,2.5545570850372314,2.233185052871704,4.176637172698975
1.7764679564455002e+18,2119.5263671875,85.75021362304688,30.049774169921875,37.56696319580078,2331.8232421875,218.59951782226562,2310.053466796875,686.9401245117188,6.454969882965088,2.4559924602508545,2.627443552017212,4.324419021606445
1.7764679564465e+18,2119.5263671875,80.23301696777344,36.48649597167969,30.67047691345215,2336.880859375,209.40420532226562,2312.81201171875,684.1815185546875,7.5227532386779785,1.7003302574157715,1.7732168436050415,4.619982719421387
1.7764679564475e+18,2131.93994140625,69.65840148925781,37.406028747558594,22.854455947875977,2332.742919921875,209.40420532226562,2319.70849609375,684.1815185546875,6.454969882965088,2.981670379638672,1.9374912977218628,5.063328266143799
1.7764679564485e+18,2121.365234375,75.63536071777344,41.08415603637695,24.233753204345703,2337.80029296875,208.4846649169922,2316.0302734375,680.50341796875,6.865655899047852,2.291718006134033,1.4118132591247559,4.718503952026367
1.7764679564495e+18,2118.14697265625,76.55489349365234,36.94626235961914,26.532583236694336,2336.4208984375,212.62255859375,2313.7314453125,684.1815185546875,6.783518314361572,2.9159605503082275,2.233185052871704,5.063328266143799
1.7764679564504998e+18,2119.986083984375,76.55489349365234,31.888837814331055,31.13024139404297,2329.5244140625,211.24327087402344,2316.0302734375,685.5608520507812,9.411908149719238,2.4231374263763428,1.1489742994308472,4.472200870513916
1.7764679564514998e+18,2113.54931640625,78.85372161865234,32.80836868286133,32.50954055786133,2331.363525390625,210.7834930419922,2320.6279296875,682.3424682617188,6.701381206512451,3.638767957687378,2.726008176803589,5.112588882446289
1.7764679564524997e+18,2114.46875,89.42833709716797,23.15328598022461,32.50954055786133,2329.984375,214.92138671875,2316.949951171875,678.20458984375,7.112067222595215,2.9488155841827393,3.547380208969116,5.752976894378662
1.7764679564534996e+18,2116.307861328125,85.75021362304688,26.371646881103516,34.348602294921875,2325.846435546875,216.30068969726562,2316.0302734375,680.9631958007812,6.372832775115967,2.4559924602508545,3.645944833755493,5.35889196395874
1.7764679564544998e+18,2117.2275390625,84.83068084716797,29.590007781982422,32.049774169921875,2324.467041015625,218.13975524902344,2311.892333984375,686.4803466796875,7.276341438293457,2.587411880493164,3.0217020511627197,4.915546417236328
1.7764679564554998e+18,2120.44580078125,80.69278717041016,31.888837814331055,32.049774169921875,2338.260009765625,204.34677124023438,2320.6279296875,683.7217407226562,7.029930114746094,2.028878927230835,2.430314302444458,4.817025184631348
1.7764679564564997e+18,2120.44580078125,82.99161529541016,38.3255615234375,32.50954055786133,2341.0185546875,203.8870086669922,2319.70849609375,681.4229125976562,7.276341438293457,2.5217020511627197,2.5945887565612793,5.506673812866211
1.7764679564574996e+18,2121.365234375,76.55489349365234,38.3255615234375,24.233753204345703,2333.662353515625,205.72607421875,2312.352294921875,680.9631958007812,6.783518314361572,2.488847255706787,1.7403620481491089,4.866285800933838
1.7764679564584996e+18,2119.5263671875,74.25606536865234,36.026729583740234,26.072816848754883,2332.283203125,205.72607421875,2317.40966796875,686.4803466796875,6.2906951904296875,2.1931533813476562,1.8060717582702637,5.161849498748779
1.7764679564594995e+18,2126.882568359375,80.69278717041016,43.842750549316406,34.80836868286133,2336.4208984375,208.02490234375,2318.788818359375,680.50341796875,8.179850578308105,1.4046363830566406,0.9846999049186707,4.472200870513916
1.7764679564604995e+18,2111.25048828125,85.75021362304688,28.210710525512695,30.67047691345215,2328.145263671875,213.54209899902344,2310.51318359375,676.8252563476562,6.208558082580566,2.4559924602508545,2.167475461959839,3.684030771255493
1.7764679564614994e+18,2118.606689453125,81.15254974365234,26.371646881103516,31.590007781982422,2332.283203125,213.0823211669922,2317.40966796875,689.2389526367188,7.358479022979736,2.883105754852295,2.1017656326293945,4.422940254211426
1.7764679564624993e+18,2114.009033203125,92.64669799804688,22.693519592285156,25.61305046081543,2332.742919921875,211.24327087402344,2314.651123046875,681.8826904296875,5.6335978507995605,1.7331851720809937,2.068910837173462,4.176637172698975
1.7764679564634993e+18,2123.204345703125,81.61231994628906,37.86579513549805,31.590007781982422,2335.041748046875,206.1858367919922,2315.11083984375,685.10107421875,6.372832775115967,2.028878927230835,1.8717814683914185,4.669243335723877
1.7764679564644992e+18,2124.1240234375,77.01465606689453,40.16462326049805,32.50954055786133,2340.558837890625,202.50770568847656,2322.00732421875,688.3193969726562,7.358479022979736,2.6531217098236084,1.214684009552002,4.176637172698975
1.7764679564654994e+18,2125.503173828125,72.87676239013672,34.64743423461914,29.29117774963379,2343.77734375,205.72607421875,2319.248779296875,686.0205688476562,5.6335978507995605,1.4374912977218628,0.8861352801322937,4.225897789001465
1.7764679564664993e+18,2119.986083984375,76.09512329101562,42.9232177734375,30.67047691345215,2337.80029296875,215.84092712402344,2310.51318359375,690.1585083007812,8.179850578308105,2.981670379638672,1.641797423362732,4.718503952026367
1.7764679564674993e+18,2116.307861328125,72.41699981689453,36.48649597167969,33.429073333740234,2343.77734375,206.64559936523438,2315.11083984375,688.7791748046875,9.329771041870117,3.4744935035705566,1.0504096746444702,4.3736796379089355
1.7764679564684992e+18,2116.767578125,82.99161529541016,28.210710525512695,28.371646881103516,2326.30615234375,211.70303344726562,2315.570556640625,682.3424682617188,5.6335978507995605,2.1931533813476562,2.134620428085327,4.324419021606445
1.7764679564694991e+18,2115.388427734375,84.83068084716797,26.83141326904297,31.590007781982422,2329.064697265625,213.0823211669922,2316.0302734375,682.3424682617188,8.590537071228027,1.6674753427505493,2.03605580329895,5.063328266143799
1.776467956470499e+18,2118.606689453125,87.12950897216797,22.233753204345703,35.26813507080078,2326.30615234375,218.59951782226562,2314.651123046875,681.8826904296875,5.797872066497803,1.6017656326293945,2.430314302444458,4.521461486816406
1.776467956471499e+18,2120.44580078125,79.77325439453125,35.56696319580078,30.67047691345215,2338.260009765625,204.80653381347656,2312.81201171875,683.7217407226562,6.454969882965088,2.1931533813476562,1.8389266729354858,4.817025184631348
1.776467956472499e+18,2120.905517578125,68.7388687133789,39.24509048461914,33.429073333740234,2335.961181640625,207.5651397705078,2316.489990234375,683.2620239257812,7.276341438293457,3.3102190494537354,1.7403620481491089,6.048541069030762
1.776467956473499e+18,2121.365234375,73.79629516601562,39.704856872558594,33.429073333740234,2332.742919921875,207.10537719726562,2321.087646484375,673.60693359375,8.426261901855469,2.9159605503082275,2.1017656326293945,5.802237510681152
1.7764679564744988e+18,2122.284912109375,71.95723724365234,34.18766784667969,25.61305046081543,2336.880859375,209.8639678955078,2317.869384765625,685.10107421875,8.015576362609863,2.1931533813476562,1.8060717582702637,5.457413196563721
1.7764679564754988e+18,2123.6640625,71.03770446777344,37.406028747558594,27.911880493164062,2332.742919921875,206.1858367919922,2311.4326171875,689.2389526367188,6.454969882965088,2.488847255706787,1.8717814683914185,4.817025184631348
1.7764679564764987e+18,2118.14697265625,78.39395904541016,28.67047691345215,31.13024139404297,2332.742919921875,211.24327087402344,2319.248779296875,682.3424682617188,6.2906951904296875,2.9488155841827393,2.0032010078430176,5.063328266143799
1.776467956477499e+18,2113.54931640625,77.47442626953125,24.99234962463379,28.371646881103516,2333.662353515625,213.0823211669922,2316.0302734375,688.7791748046875,7.276341438293457,1.6674753427505493,2.4960241317749023,4.866285800933838
1.7764679564784988e+18,2115.84814453125,80.23301696777344,26.83141326904297,32.96930694580078,2322.6279296875,214.4616241455078,2311.892333984375,680.0436401367188,7.112067222595215,1.4374912977218628,2.0032010078430176,3.634770154953003
1.7764679564794988e+18,2117.2275390625,77.47442626953125,28.210710525512695,33.429073333740234,2326.30615234375,216.30068969726562,2308.21435546875,683.7217407226562,8.261987686157227,1.8317497968673706,1.1489742994308472,4.718503952026367
1.7764679564804987e+18,2125.962890625,71.03770446777344,39.24509048461914,26.99234962463379,2335.50146484375,206.1858367919922,2319.70849609375,685.10107421875,7.687027454376221,2.6531217098236084,1.1818290948867798,5.2111101150512695
1.7764679564814986e+18,2121.365234375,69.19863891601562,38.3255615234375,23.77398681640625,2336.880859375,211.24327087402344,2318.3291015625,686.4803466796875,6.208558082580566,1.7988948822021484,0.42616701126098633,4.078115940093994
1.7764679564824986e+18,2120.44580078125,70.57793426513672,35.56696319580078,20.095861434936523,2338.260009765625,208.94442749023438,2321.087646484375,685.5608520507812,5.6335978507995605,1.8646045923233032,1.346103549003601,4.915546417236328
1.7764679564834985e+18,2125.962890625,68.7388687133789,36.94626235961914,20.095861434936523,2333.662353515625,214.00186157226562,2313.7314453125,682.80224609375,7.194204330444336,1.6674753427505493,0.5247316360473633,4.718503952026367
1.7764679564844984e+18,2115.388427734375,73.33653259277344,30.509540557861328,25.15328598022461,2328.60498046875,207.5651397705078,2315.570556640625,677.7448120117188,6.701381206512451,1.9631692171096802,1.8389266729354858,4.176637172698975
1.7764679564854984e+18,2119.06640625,78.85372161865234,29.13024139404297,36.64743423461914,2329.5244140625,218.59951782226562,2313.7314453125,684.1815185546875,7.112067222595215,1.9960241317749023,2.627443552017212,4.866285800933838
1.7764679564864983e+18,2115.84814453125,77.01465606689453,27.750944137573242,29.29117774963379,2324.467041015625,216.7604522705078,2315.11083984375,681.8826904296875,6.947793006896973,2.784541130065918,2.7588632106781006,5.112588882446289
1.7764679564874982e+18,2115.84814453125,83.45137786865234,27.29117774963379,33.429073333740234,2332.283203125,215.84092712402344,2314.191162109375,680.0436401367188,7.112067222595215,2.0945887565612793,2.824572801589966,5.605195045471191
1.7764679564884982e+18,2123.204345703125,75.63536071777344,28.67047691345215,24.233753204345703,2339.639404296875,207.5651397705078,2313.7314453125,687.8596801757812,7.358479022979736,2.6202666759490967,1.543232798576355,4.324419021606445
1.7764679564894984e+18,2118.14697265625,72.87676239013672,38.78532409667969,25.15328598022461,2335.041748046875,208.4846649169922,2317.869384765625,680.9631958007812,6.61924409866333,1.8974595069885254,2.167475461959839,5.654455661773682
1.7764679564904983e+18,2119.5263671875,67.35957336425781,41.08415603637695,24.693519592285156,2341.478515625,209.8639678955078,2315.11083984375,677.7448120117188,6.044283866882324,2.4559924602508545,2.430314302444458,4.964807033538818
1.7764679564914982e+18,2125.503173828125,71.95723724365234,41.08415603637695,33.88883590698242,2335.50146484375,212.1627960205078,2316.0302734375,678.20458984375,7.6048903465271,2.5545570850372314,1.7403620481491089,4.718503952026367
1.7764679564924982e+18,2119.986083984375,76.55489349365234,33.727901458740234,25.61305046081543,2326.765869140625,208.4846649169922,2311.4326171875,679.1240844726562,6.947793006896973,2.2588632106781006,2.430314302444458,4.964807033538818
1.776467956493498e+18,2114.009033203125,71.49746704101562,33.26813507080078,24.693519592285156,2336.4208984375,207.5651397705078,2314.651123046875,680.50341796875,6.783518314361572,1.7660399675369263,2.03605580329895,4.472200870513916
1.776467956494498e+18,2117.2275390625,77.01465606689453,31.888837814331055,30.210710525512695,2327.685546875,216.30068969726562,2318.3291015625,682.80224609375,8.672674179077148,1.7331851720809937,2.3646047115325928,5.112588882446289
1.776467956495498e+18,2114.9287109375,83.91114807128906,27.29117774963379,26.072816848754883,2326.765869140625,211.70303344726562,2314.651123046875,678.20458984375,7.194204330444336,2.8502509593963623,2.266040086746216,4.176637172698975
1.776467956496498e+18,2114.009033203125,76.09512329101562,41.08415603637695,26.072816848754883,2338.7197265625,210.32373046875,2314.191162109375,683.7217407226562,7.440616130828857,1.9303144216537476,1.543232798576355,4.817025184631348
1.7764679564974979e+18,2121.8251953125,72.41699981689453,34.18766784667969,23.77398681640625,2336.880859375,209.40420532226562,2313.271728515625,680.0436401367188,9.001222610473633,2.7188313007354736,2.134620428085327,5.555934429168701
1.776467956498498e+18,2119.5263671875,71.49746704101562,36.48649597167969,28.371646881103516,2339.1796875,204.80653381347656,2319.248779296875,678.664306640625,6.947793006896973,3.441638708114624,2.03605580329895,5.161849498748779
1.776467956499498e+18,2116.307861328125,70.11817169189453,34.64743423461914,26.532583236694336,2345.616455078125,208.94442749023438,2318.3291015625,686.0205688476562,7.933439254760742,2.5545570850372314,2.03605580329895,5.30963134765625
1.776467956500498e+18,2119.986083984375,72.41699981689453,30.509540557861328,31.13024139404297,2343.3173828125,209.8639678955078,2311.892333984375,682.80224609375,5.962146759033203,1.4046363830566406,1.543232798576355,4.422940254211426
1.7764679565014979e+18,2118.14697265625,73.33653259277344,30.509540557861328,32.96930694580078,2333.20263671875,210.7834930419922,2320.6279296875,681.4229125976562,9.329771041870117,1.8317497968673706,1.9046363830566406,5.063328266143799
1.7764679565024978e+18,2120.44580078125,81.15254974365234,24.072816848754883,30.67047691345215,2332.742919921875,212.1627960205078,2315.11083984375,680.0436401367188,6.783518314361572,2.028878927230835,1.641797423362732,4.619982719421387
1.7764679565034977e+18,2110.790771484375,84.83068084716797,33.727901458740234,35.26813507080078,2329.064697265625,217.22021484375,2307.754638671875,682.80224609375,6.947793006896973,2.2588632106781006,1.7403620481491089,5.014067649841309
1.7764679565044977e+18,2114.9287109375,79.31349182128906,24.99234962463379,26.532583236694336,2324.9267578125,220.89834594726562,2310.51318359375,688.3193969726562,6.2906951904296875,2.028878927230835,1.7732168436050415,4.176637172698975
1.7764679565054976e+18,2117.2275390625,68.27910614013672,37.86579513549805,19.63609504699707,2338.260009765625,207.5651397705078,2314.651123046875,678.20458984375,6.208558082580566,2.4559924602508545,1.1489742994308472,4.472200870513916
1.7764679565064975e+18,2121.365234375,73.33653259277344,46.141578674316406,37.10719680786133,2340.09912109375,209.40420532226562,2320.168212890625,678.664306640625,8.83694839477539,3.178799629211426,1.214684009552002,5.35889196395874
1.7764679565074975e+18,2120.44580078125,71.03770446777344,35.56696319580078,27.911880493164062,2334.1220703125,209.8639678955078,2311.892333984375,680.0436401367188,6.208558082580566,2.6202666759490967,1.8060717582702637,4.866285800933838
1.7764679565084977e+18,2119.986083984375,74.71582794189453,32.80836868286133,32.049774169921875,2338.7197265625,205.2663116455078,2319.70849609375,683.2620239257812,7.769164562225342,3.9673166275024414,2.528878927230835,5.851498126983643
1.7764679565094976e+18,2115.84814453125,75.63536071777344,30.96930503845215,30.67047691345215,2341.938232421875,208.94442749023438,2314.191162109375,681.8826904296875,7.358479022979736,2.7188313007354736,1.9046363830566406,5.506673812866211
1.7764679565104975e+18,2113.089599609375,77.93418884277344,30.049774169921875,32.049774169921875,2331.8232421875,219.0592803955078,2310.51318359375,680.0436401367188,8.015576362609863,1.8317497968673706,1.8389266729354858,5.063328266143799
1.7764679565114975e+18,2116.767578125,80.69278717041016,30.96930503845215,32.50954055786133,2331.363525390625,224.11671447753906,2311.4326171875,683.2620239257812,7.194204330444336,2.883105754852295,3.4488155841827393,5.26037073135376
1.7764679565124974e+18,2119.06640625,82.07208251953125,27.750944137573242,32.049774169921875,2330.444091796875,216.30068969726562,2315.11083984375,684.6412963867188,7.769164562225342,2.39028263092041,2.430314302444458,4.028855323791504
1.7764679565134973e+18,2118.14697265625,71.03770446777344,30.509540557861328,25.15328598022461,2338.7197265625,205.72607421875,2316.489990234375,682.80224609375,6.783518314361572,2.7188313007354736,1.8060717582702637,4.472200870513916
1.7764679565144973e+18,2117.687255859375,77.01465606689453,38.3255615234375,26.532583236694336,2338.7197265625,211.70303344726562,2319.248779296875,677.2850341796875,7.851302146911621,1.7988948822021484,2.1017656326293945,5.2111101150512695
1.7764679565154972e+18,2115.84814453125,70.11817169189453,40.6243896484375,30.67047691345215,2341.478515625,218.59951782226562,2321.547607421875,680.50341796875,8.344124794006348,2.488847255706787,2.430314302444458,4.225897789001465
1.7764679565164972e+18,2120.44580078125,62.30215072631836,41.08415603637695,34.348602294921875,2344.69677734375,209.8639678955078,2318.788818359375,681.8826904296875,6.537106990814209,1.7003302574157715,1.543232798576355,5.112588882446289
1.7764679565174973e+18,2117.2275390625,69.65840148925781,31.888837814331055,25.61305046081543,2336.880859375,211.70303344726562,2320.168212890625,680.50341796875,8.344124794006348,2.6531217098236084,1.9374912977218628,4.176637172698975
1.7764679565184973e+18,2118.14697265625,69.19863891601562,33.727901458740234,25.15328598022461,2329.984375,214.92138671875,2315.11083984375,677.7448120117188,7.851302146911621,1.8317497968673706,1.641797423362732,4.718503952026367
1.7764679565194972e+18,2117.687255859375,77.01465606689453,30.96930503845215,25.15328598022461,2334.58203125,212.1627960205078,2315.11083984375,685.10107421875,6.865655899047852,2.028878927230835,2.068910837173462,3.831812620162964
1.7764679565204972e+18,2116.307861328125,75.63536071777344,30.049774169921875,31.590007781982422,2329.984375,214.92138671875,2310.972900390625,690.1585083007812,8.179850578308105,2.981670379638672,1.9703460931777954,4.422940254211426
1.776467956521497e+18,2116.767578125,71.03770446777344,38.3255615234375,22.854455947875977,2343.77734375,212.1627960205078,2316.0302734375,682.3424682617188,7.440616130828857,0.9446681141853333,1.8060717582702637,5.30963134765625
1.776467956522497e+18,2120.905517578125,63.2216796875,39.704856872558594,25.15328598022461,2340.09912109375,208.4846649169922,2320.168212890625,678.664306640625,6.701381206512451,3.1130897998809814,2.2003302574157715,5.161849498748779
1.776467956523497e+18,2121.365234375,69.65840148925781,38.78532409667969,32.96930694580078,2341.938232421875,219.0592803955078,2316.489990234375,684.1815185546875,8.672674179077148,3.047380208969116,1.7075071334838867,5.26037073135376
1.776467956524497e+18,2120.44580078125,70.57793426513672,33.26813507080078,29.29117774963379,2336.4208984375,207.10537719726562,2314.191162109375,683.7217407226562,6.2906951904296875,2.6202666759490967,2.1017656326293945,5.30963134765625
1.7764679565254968e+18,2122.74462890625,70.57793426513672,39.704856872558594,33.88883590698242,2335.041748046875,216.7604522705078,2318.3291015625,677.7448120117188,4.56581449508667,2.6202666759490967,1.9374912977218628,4.5707221031188965
1.776467956526497e+18,2117.687255859375,77.01465606689453,30.049774169921875,32.96930694580078,2337.80029296875,210.7834930419922,2316.949951171875,683.7217407226562,7.933439254760742,3.24450945854187,2.430314302444458,5.161849498748779
1.776467956527497e+18,2115.388427734375,78.39395904541016,28.67047691345215,25.15328598022461,2334.58203125,217.22021484375,2311.892333984375,681.8826904296875,5.880009651184082,2.0945887565612793,2.068910837173462,4.275158405303955
1.776467956528497e+18,2114.46875,77.01465606689453,28.67047691345215,29.29117774963379,2324.467041015625,216.30068969726562,2312.352294921875,683.2620239257812,5.797872066497803,2.5217020511627197,2.2988948822021484,4.275158405303955
1.7764679565294968e+18,2111.710205078125,76.55489349365234,31.888837814331055,23.77398681640625,2327.685546875,214.92138671875,2314.651123046875,683.2620239257812,6.454969882965088,3.145944833755493,1.9703460931777954,4.669243335723877
1.7764679565304968e+18,2120.905517578125,68.27910614013672,35.10719680786133,24.693519592285156,2337.80029296875,210.7834930419922,2318.788818359375,685.10107421875,5.305048942565918,3.5073482990264893,2.03605580329895,4.472200870513916
1.7764679565314967e+18,2123.6640625,67.81934356689453,39.704856872558594,31.590007781982422,2340.09912109375,212.62255859375,2313.271728515625,678.20458984375,7.194204330444336,2.4231374263763428,1.3789583444595337,4.767764568328857
1.7764679565324966e+18,2117.2275390625,68.7388687133789,35.56696319580078,25.61305046081543,2339.1796875,208.94442749023438,2322.9267578125,675.4459838867188,6.947793006896973,3.145944833755493,2.5617339611053467,4.866285800933838
1.7764679565334966e+18,2119.5263671875,69.65840148925781,29.590007781982422,28.371646881103516,2340.558837890625,207.10537719726562,2309.593505859375,681.4229125976562,6.372832775115967,2.028878927230835,1.641797423362732,4.5707221031188965
1.7764679565344965e+18,2121.8251953125,72.41699981689453,29.13024139404297,35.26813507080078,2338.260009765625,215.84092712402344,2311.4326171875,683.2620239257812,8.426261901855469,2.488847255706787,2.134620428085327,5.605195045471191
1.7764679565354967e+18,2115.388427734375,76.09512329101562,28.67047691345215,24.693519592285156,2335.50146484375,212.62255859375,2315.11083984375,677.7448120117188,5.797872066497803,3.0145251750946045,2.528878927230835,5.802237510681152
1.7764679565364966e+18,2115.84814453125,76.09512329101562,30.96930503845215,25.15328598022461,2330.444091796875,213.0823211669922,2317.869384765625,686.0205688476562,6.865655899047852,2.981670379638672,3.0217020511627197,4.275158405303955
1.7764679565374966e+18,2108.491943359375,73.79629516601562,25.45211410522461,24.693519592285156,2330.90380859375,224.57647705078125,2315.570556640625,683.2620239257812,6.454969882965088,1.8646045923233032,2.5945887565612793,4.964807033538818
1.7764679565384965e+18,2118.606689453125,70.57793426513672,32.80836868286133,28.83141326904297,2330.444091796875,212.62255859375,2317.869384765625,677.7448120117188,6.701381206512451,2.784541130065918,2.3974595069885254,5.851498126983643
1.7764679565394964e+18,2122.284912109375,69.19863891601562,31.888837814331055,27.45211410522461,2343.3173828125,208.02490234375,2321.547607421875,684.1815185546875,7.6048903465271,3.3759288787841797,2.726008176803589,5.506673812866211
1.7764679565404964e+18,2120.44580078125,69.19863891601562,35.10719680786133,20.555625915527344,2336.880859375,210.7834930419922,2310.053466796875,684.6412963867188,10.80824089050293,3.4087836742401123,2.03605580329895,5.30963134765625
1.7764679565414963e+18,2121.365234375,69.19863891601562,37.406028747558594,26.99234962463379,2332.283203125,206.64559936523438,2314.191162109375,684.1815185546875,6.208558082580566,2.488847255706787,2.3974595069885254,5.112588882446289
1.7764679565424963e+18,2117.687255859375,73.33653259277344,28.210710525512695,30.67047691345215,2335.961181640625,211.70303344726562,2314.191162109375,682.3424682617188,7.276341438293457,2.0945887565612793,3.383105754852295,4.718503952026367
1.7764679565434962e+18,2117.687255859375,71.49746704101562,33.727901458740234,26.532583236694336,2335.961181640625,212.1627960205078,2315.11083984375,687.8596801757812,8.426261901855469,2.7188313007354736,2.6931533813476562,5.161849498748779
1.7764679565444964e+18,2114.009033203125,74.25606536865234,28.210710525512695,28.83141326904297,2330.90380859375,212.1627960205078,2316.0302734375,677.2850341796875,8.015576362609863,3.8687520027160645,2.824572801589966,5.014067649841309
1.7764679565454963e+18,2117.687255859375,75.17559814453125,28.67047691345215,34.348602294921875,2325.846435546875,220.89834594726562,2317.40966796875,683.2620239257812,7.112067222595215,2.4231374263763428,2.134620428085327,4.472200870513916
1.7764679565464963e+18,2116.307861328125,75.17559814453125,33.727901458740234,26.072816848754883,2339.639404296875,205.72607421875,2314.191162109375,682.80224609375,7.933439254760742,2.7188313007354736,2.134620428085327,5.35889196395874
1.7764679565474962e+18,2119.5263671875,67.35957336425781,33.727901458740234,23.77398681640625,2341.0185546875,211.70303344726562,2318.3291015625,682.80224609375,7.112067222595215,2.488847255706787,1.5760875940322876,4.225897789001465
1.7764679565484961e+18,2116.767578125,66.89981079101562,38.78532409667969,28.371646881103516,2338.7197265625,215.3811492919922,2315.570556640625,682.3424682617188,6.372832775115967,1.9960241317749023,1.1818290948867798,4.176637172698975
1.776467956549496e+18,2123.6640625,68.27910614013672,36.026729583740234,30.210710525512695,2340.558837890625,207.10537719726562,2316.949951171875,681.8826904296875,7.358479022979736,3.047380208969116,2.1017656326293945,5.654455661773682
1.776467956550496e+18,2116.767578125,61.842384338378906,33.727901458740234,21.934925079345703,2341.0185546875,216.30068969726562,2308.674072265625,689.2389526367188,7.769164562225342,3.605912923812866,2.167475461959839,4.817025184631348
1.776467956551496e+18,2116.767578125,71.03770446777344,28.210710525512695,32.50954055786133,2336.4208984375,214.00186157226562,2316.489990234375,687.8596801757812,7.194204330444336,2.9488155841827393,2.3974595069885254,4.324419021606445
1.7764679565524959e+18,2115.84814453125,76.09512329101562,29.590007781982422,29.29117774963379,2331.8232421875,216.7604522705078,2313.7314453125,686.0205688476562,8.261987686157227,2.981670379638672,3.6130897998809814,5.35889196395874
1.776467956553496e+18,2118.606689453125,72.87676239013672,26.83141326904297,25.15328598022461,2334.58203125,211.24327087402344,2318.788818359375,685.10107421875,5.880009651184082,2.6531217098236084,2.3646047115325928,4.718503952026367
1.776467956554496e+18,2113.54931640625,73.79629516601562,22.693519592285156,20.095861434936523,2332.742919921875,214.92138671875,2319.70849609375,681.8826904296875,6.61924409866333,2.4231374263763428,2.89028263092041,5.35889196395874
1.776467956555496e+18,2122.284912109375,59.08378982543945,36.026729583740234,19.63609504699707,2340.09912109375,213.0823211669922,2313.271728515625,688.3193969726562,8.50839900970459,2.324572801589966,1.7075071334838867,6.048541069030762
1.776467956556496e+18,2120.44580078125,59.54355239868164,38.3255615234375,21.015392303466797,2342.857666015625,203.8870086669922,2318.788818359375,681.8826904296875,5.305048942565918,2.028878927230835,1.5103778839111328,4.964807033538818
1.7764679565574958e+18,2123.204345703125,59.54355239868164,31.4290714263916,17.337265014648438,2333.662353515625,213.54209899902344,2317.40966796875,691.0780029296875,6.783518314361572,2.981670379638672,1.9703460931777954,4.866285800933838
1.7764679565584957e+18,2120.905517578125,65.06074523925781,36.026729583740234,22.394689559936523,2339.1796875,210.32373046875,2307.754638671875,687.8596801757812,7.769164562225342,2.9159605503082275,2.4631693363189697,5.457413196563721
1.7764679565594957e+18,2112.629638671875,68.7388687133789,32.348602294921875,31.13024139404297,2335.961181640625,208.4846649169922,2320.6279296875,675.4459838867188,9.329771041870117,2.7516863346099854,2.430314302444458,5.752976894378662
1.7764679565604956e+18,2119.986083984375,70.11817169189453,31.4290714263916,29.29117774963379,2333.662353515625,212.62255859375,2311.4326171875,686.0205688476562,5.469323635101318,2.6202666759490967,1.9374912977218628,4.275158405303955
1.7764679565614956e+18,2109.87109375,69.65840148925781,20.854455947875977,26.532583236694336,2326.30615234375,213.54209899902344,2312.352294921875,683.2620239257812,7.276341438293457,2.1602985858917236,2.068910837173462,5.063328266143799
1.7764679565624955e+18,2118.14697265625,71.03770446777344,23.61305046081543,28.83141326904297,2326.30615234375,215.84092712402344,2307.294677734375,685.5608520507812,6.208558082580566,2.1931533813476562,2.331749677658081,4.078115940093994
1.7764679565634957e+18,2118.606689453125,66.4400405883789,33.727901458740234,22.854455947875977,2333.20263671875,205.2663116455078,2315.570556640625,681.8826904296875,7.769164562225342,1.3717814683914185,0.8861352801322937,4.817025184631348
1.7764679565644956e+18,2118.606689453125,64.60098266601562,41.08415603637695,28.371646881103516,2338.7197265625,207.5651397705078,2319.70849609375,682.80224609375,10.233280181884766,2.291718006134033,1.1818290948867798,3.9795944690704346
1.7764679565654956e+18,2119.5263671875,68.7388687133789,33.727901458740234,27.45211410522461,2336.880859375,214.00186157226562,2321.087646484375,687.8596801757812,6.044283866882324,0.7475388646125793,1.2475389242172241,5.014067649841309
1.7764679565664955e+18,2122.74462890625,64.1412124633789,30.049774169921875,29.750944137573242,2336.4208984375,210.7834930419922,2310.972900390625,691.5377807617188,8.83694839477539,2.5545570850372314,0.8204255104064941,4.718503952026367
1.7764679565674954e+18,2118.606689453125,66.89981079101562,33.727901458740234,24.233753204345703,2339.1796875,214.92138671875,2315.570556640625,685.5608520507812,7.194204330444336,2.7516863346099854,2.1017656326293945,5.112588882446289
1.7764679565684954e+18,2119.06640625,71.95723724365234,27.750944137573242,33.88883590698242,2335.50146484375,211.70303344726562,2313.7314453125,687.39990234375,5.797872066497803,2.1931533813476562,2.134620428085327,4.422940254211426
1.7764679565694953e+18,2113.089599609375,72.87676239013672,34.18766784667969,28.83141326904297,2332.742919921875,216.7604522705078,2313.271728515625,685.5608520507812,8.426261901855469,2.3574278354644775,2.331749677658081,5.457413196563721
1.7764679565704952e+18,2113.089599609375,70.57793426513672,30.049774169921875,30.210710525512695,2329.984375,217.67999267578125,2313.271728515625,684.6412963867188,7.769164562225342,2.3574278354644775,1.4775229692459106,4.767764568328857
1.7764679565714952e+18,2119.5263671875,61.842384338378906,35.56696319580078,27.45211410522461,2341.478515625,212.1627960205078,2314.191162109375,682.80224609375,7.194204330444336,2.488847255706787,1.9703460931777954,4.472200870513916
1.7764679565724954e+18,2122.74462890625,59.08378982543945,35.10719680786133,26.072816848754883,2341.0185546875,206.64559936523438,2310.972900390625,682.3424682617188,6.2906951904296875,1.8646045923233032,1.2475389242172241,4.3736796379089355
1.7764679565734953e+18,2117.2275390625,65.5205078125,39.24509048461914,25.61305046081543,2342.39794921875,208.4846649169922,2312.81201171875,685.10107421875,6.044283866882324,2.127443552017212,1.3789583444595337,4.915546417236328
1.7764679565744952e+18,2123.204345703125,63.2216796875,34.64743423461914,25.61305046081543,2332.283203125,208.94442749023438,2310.053466796875,680.0436401367188,4.56581449508667,2.9159605503082275,2.627443552017212,5.30963134765625
1.7764679565754952e+18,2120.44580078125,69.65840148925781,34.18766784667969,32.049774169921875,2337.340576171875,209.40420532226562,2313.7314453125,684.6412963867188,5.6335978507995605,2.587411880493164,2.266040086746216,5.014067649841309
1.776467956576495e+18,2110.330810546875,77.47442626953125,33.26813507080078,33.88883590698242,2334.1220703125,214.4616241455078,2313.271728515625,679.1240844726562,6.2906951904296875,2.39028263092041,3.1202666759490967,5.605195045471191
1.776467956577495e+18,2119.06640625,65.98027801513672,26.371646881103516,26.072816848754883,2327.685546875,215.84092712402344,2310.51318359375,686.9401245117188,7.029930114746094,3.540203332901001,3.74450945854187,4.964807033538818
1.776467956578495e+18,2115.388427734375,73.79629516601562,23.61305046081543,29.750944137573242,2326.765869140625,213.0823211669922,2314.651123046875,682.80224609375,7.358479022979736,2.291718006134033,1.8717814683914185,4.5707221031188965
1.776467956579495e+18,2113.54931640625,73.79629516601562,28.210710525512695,33.88883590698242,2327.2255859375,221.3581085205078,2307.754638671875,686.4803466796875,6.454969882965088,1.4703460931777954,2.1017656326293945,4.521461486816406
1.7764679565804948e+18,2121.365234375,62.76191711425781,37.86579513549805,20.555625915527344,2340.09912109375,208.4846649169922,2316.949951171875,684.1815185546875,6.701381206512451,3.178799629211426,1.4118132591247559,5.555934429168701
1.776467956581495e+18,2119.5263671875,63.2216796875,41.543922424316406,24.693519592285156,2344.69677734375,208.94442749023438,2319.70849609375,683.2620239257812,6.947793006896973,2.5545570850372314,1.7732168436050415,4.028855323791504
1.776467956582495e+18,2114.9287109375,68.27910614013672,37.86579513549805,31.13024139404297,2342.857666015625,208.94442749023438,2317.869384765625,681.8826904296875,8.426261901855469,2.8173959255218506,2.03605580329895,4.275158405303955
1.776467956583495e+18,2115.388427734375,65.06074523925781,38.78532409667969,27.911880493164062,2334.58203125,211.70303344726562,2320.168212890625,686.9401245117188,7.358479022979736,3.343074083328247,2.068910837173462,4.915546417236328
1.7764679565844948e+18,2120.905517578125,64.1412124633789,37.406028747558594,37.10719680786133,2333.662353515625,212.62255859375,2317.40966796875,688.7791748046875,6.783518314361572,2.226008176803589,2.134620428085327,4.472200870513916
1.7764679565854948e+18,2119.5263671875,71.95723724365234,32.80836868286133,32.96930694580078,2329.064697265625,215.84092712402344,2314.651123046875,686.9401245117188,8.672674179077148,2.39028263092041,1.5760875940322876,4.817025184631348
1.7764679565864947e+18,2118.606689453125,77.01465606689453,25.45211410522461,38.48649597167969,2336.4208984375,215.3811492919922,2315.11083984375,682.3424682617188,6.61924409866333,2.488847255706787,2.3646047115325928,5.112588882446289
1.7764679565874947e+18,2113.54931640625,77.93418884277344,30.509540557861328,32.50954055786133,2338.7197265625,218.13975524902344,2307.754638671875,682.80224609375,7.276341438293457,2.0945887565612793,2.4631693363189697,4.669243335723877
1.7764679565884946e+18,2121.365234375,70.11817169189453,35.10719680786133,28.371646881103516,2337.80029296875,208.94442749023438,2313.7314453125,690.1585083007812,7.276341438293457,2.981670379638672,2.4960241317749023,4.619982719421387
1.7764679565894945e+18,2121.365234375,67.35957336425781,42.9232177734375,29.750944137573242,2343.3173828125,215.3811492919922,2313.271728515625,688.7791748046875,8.261987686157227,2.8173959255218506,2.726008176803589,5.555934429168701
1.7764679565904947e+18,2121.365234375,66.4400405883789,50.73923873901367,37.10719680786133,2339.1796875,208.94442749023438,2320.168212890625,682.80224609375,8.590537071228027,3.0145251750946045,2.430314302444458,5.752976894378662
1.7764679565914947e+18,2119.986083984375,62.76191711425781,43.38298416137695,34.80836868286133,2335.961181640625,209.8639678955078,2318.788818359375,682.3424682617188,5.5514607429504395,3.441638708114624,3.185976505279541,5.26037073135376
1.7764679565924946e+18,2121.365234375,70.11817169189453,38.3255615234375,37.56696319580078,2338.260009765625,212.1627960205078,2314.191162109375,687.39990234375,7.5227532386779785,2.5545570850372314,2.8574278354644775,5.161849498748779
1.7764679565934945e+18,2114.009033203125,72.41699981689453,29.590007781982422,39.86579513549805,2336.880859375,214.00186157226562,2312.352294921875,680.50341796875,6.2906951904296875,2.488847255706787,2.266040086746216,4.669243335723877
1.7764679565944945e+18,2111.710205078125,69.65840148925781,26.83141326904297,35.26813507080078,2330.444091796875,216.30068969726562,2318.788818359375,683.2620239257812,8.590537071228027,2.4231374263763428,2.726008176803589,5.35889196395874
1.7764679565954944e+18,2118.606689453125,68.27910614013672,32.80836868286133,33.429073333740234,2328.145263671875,217.67999267578125,2316.0302734375,687.39990234375,8.261987686157227,1.9960241317749023,2.528878927230835,4.669243335723877
1.7764679565964943e+18,2113.089599609375,76.09512329101562,30.509540557861328,30.67047691345215,2337.340576171875,204.80653381347656,2321.087646484375,685.5608520507812,7.6048903465271,3.178799629211426,2.0032010078430176,4.669243335723877
1.7764679565974943e+18,2120.44580078125,60.9228515625,40.16462326049805,28.83141326904297,2344.69677734375,212.62255859375,2306.375244140625,686.4803466796875,7.440616130828857,2.488847255706787,1.313248634338379,5.30963134765625
1.7764679565984945e+18,2117.687255859375,67.35957336425781,37.86579513549805,20.555625915527344,2340.558837890625,207.5651397705078,2322.00732421875,674.5264282226562,6.126420974731445,2.685976505279541,2.430314302444458,5.30963134765625
1.7764679565994944e+18,2123.6640625,54.48612976074219,40.16462326049805,30.67047691345215,2338.7197265625,214.00186157226562,2316.489990234375,683.2620239257812,8.919085502624512,3.2116544246673584,2.6931533813476562,5.605195045471191
1.7764679566004943e+18,2114.009033203125,66.89981079101562,34.64743423461914,32.96930694580078,2341.938232421875,208.94442749023438,2316.489990234375,688.3193969726562,6.044283866882324,2.2588632106781006,2.03605580329895,4.767764568328857
1.7764679566014943e+18,2120.44580078125,58.6240234375,33.727901458740234,34.348602294921875,2335.961181640625,208.94442749023438,2317.40966796875,683.7217407226562,7.687027454376221,1.8317497968673706,2.2988948822021484,5.112588882446289
1.7764679566024945e+18,2117.2275390625,68.27910614013672,35.56696319580078,35.26813507080078,2335.041748046875,217.67999267578125,2310.51318359375,682.80224609375,8.50839900970459,2.488847255706787,2.6931533813476562,4.472200870513916
1.7764679566034944e+18,2114.9287109375,66.89981079101562,29.13024139404297,26.072816848754883,2332.283203125,218.59951782226562,2308.674072265625,682.3424682617188,8.015576362609863,2.1931533813476562,2.6602985858917236,4.127376556396484
1.7764679566044943e+18,2115.388427734375,69.65840148925781,24.99234962463379,28.83141326904297,2330.444091796875,220.89834594726562,2307.294677734375,681.8826904296875,7.687027454376221,1.7331851720809937,1.9046363830566406,4.767764568328857
1.7764679566054945e+18,2122.74462890625,61.842384338378906,39.24509048461914,25.15328598022461,2334.1220703125,211.24327087402344,2312.81201171875,682.3424682617188,8.097713470458984,3.0145251750946045,2.167475461959839,5.900758743286133
1.7764679566064945e+18,2125.503173828125,57.24472427368164,41.543922424316406,27.911880493164062,2342.39794921875,212.1627960205078,2314.191162109375,682.3424682617188,7.194204330444336,2.981670379638672,2.4631693363189697,5.752976894378662
1.7764679566074944e+18,2125.962890625,63.68144607543945,38.78532409667969,30.210710525512695,2333.662353515625,214.4616241455078,2305.455810546875,687.8596801757812,7.358479022979736,3.3102190494537354,2.233185052871704,5.9992804527282715
1.7764679566084943e+18,2119.06640625,64.1412124633789,39.24509048461914,27.45211410522461,2340.09912109375,208.94442749023438,2316.489990234375,680.0436401367188,6.126420974731445,1.7331851720809937,1.8717814683914185,4.619982719421387
1.7764679566094945e+18,2119.5263671875,65.98027801513672,39.24509048461914,36.64743423461914,2335.041748046875,209.8639678955078,2319.70849609375,682.3424682617188,7.276341438293457,1.1746522188186646,0.7547157406806946,4.422940254211426
1.7764679566104945e+18,2116.767578125,62.30215072631836,35.10719680786133,28.83141326904297,2331.363525390625,211.70303344726562,2309.593505859375,684.6412963867188,6.61924409866333,2.1602985858917236,1.641797423362732,4.964807033538818
1.7764679566114944e+18,2119.06640625,66.89981079101562,28.210710525512695,32.50954055786133,2334.1220703125,217.22021484375,2315.11083984375,686.9401245117188,7.358479022979736,3.704477548599243,2.167475461959839,4.669243335723877
1.7764679566124943e+18,2113.54931640625,72.87676239013672,26.371646881103516,32.50954055786133,2331.8232421875,220.43858337402344,2313.271728515625,680.50341796875,7.358479022979736,2.685976505279541,2.2003302574157715,4.127376556396484
1.7764679566134945e+18,2116.767578125,62.30215072631836,36.94626235961914,28.371646881103516,2338.260009765625,212.62255859375,2316.489990234375,681.8826904296875,6.947793006896973,2.883105754852295,2.331749677658081,4.619982719421387
1.7764679566144945e+18,2122.74462890625,60.46308517456055,32.80836868286133,27.45211410522461,2346.99560546875,205.2663116455078,2313.271728515625,679.5838623046875,6.044283866882324,2.7516863346099854,2.528878927230835,6.147062301635742
1.7764679566154944e+18,2123.204345703125,62.30215072631836,35.10719680786133,24.233753204345703,2345.616455078125,205.2663116455078,2317.869384765625,683.7217407226562,6.126420974731445,2.587411880493164,2.1017656326293945,4.619982719421387
1.7764679566164943e+18,2124.1240234375,57.24472427368164,35.10719680786133,28.83141326904297,2342.857666015625,214.92138671875,2318.3291015625,689.69873046875,7.276341438293457,3.047380208969116,1.5760875940322876,4.817025184631348
1.7764679566174945e+18,2116.767578125,62.76191711425781,34.64743423461914,30.210710525512695,2340.558837890625,208.94442749023438,2317.40966796875,683.7217407226562,6.865655899047852,2.6531217098236084,2.134620428085327,5.654455661773682
1.7764679566184945e+18,2123.204345703125,65.06074523925781,36.026729583740234,34.80836868286133,2332.283203125,214.4616241455078,2319.248779296875,681.8826904296875,8.015576362609863,2.2588632106781006,2.6602985858917236,5.4081525802612305
1.7764679566194944e+18,2117.687255859375,63.68144607543945,30.509540557861328,25.15328598022461,2330.90380859375,219.0592803955078,2314.191162109375,684.1815185546875,6.947793006896973,2.0945887565612793,1.9703460931777954,4.767764568328857
1.7764679566204943e+18,2114.9287109375,65.06074523925781,33.26813507080078,34.80836868286133,2332.283203125,213.54209899902344,2314.651123046875,683.2620239257812,6.372832775115967,1.6674753427505493,2.7588632106781006,5.112588882446289
1.7764679566214945e+18,2114.9287109375,58.6240234375,37.406028747558594,31.590007781982422,2344.69677734375,208.4846649169922,2315.11083984375,685.10107421875,7.276341438293457,2.5217020511627197,1.0504096746444702,5.35889196395874
1.7764679566224945e+18,2125.962890625,58.16425704956055,41.543922424316406,22.854455947875977,2338.7197265625,205.72607421875,2318.788818359375,687.39990234375,8.015576362609863,1.8317497968673706,1.444668173789978,5.35889196395874
1.7764679566234944e+18,2126.882568359375,60.46308517456055,40.16462326049805,31.590007781982422,2345.156494140625,207.5651397705078,2318.3291015625,684.1815185546875,7.6048903465271,2.4559924602508545,1.214684009552002,4.964807033538818
1.7764679566244946e+18,2124.583740234375,64.60098266601562,40.6243896484375,34.80836868286133,2340.558837890625,210.7834930419922,2321.087646484375,682.3424682617188,6.208558082580566,2.324572801589966,1.543232798576355,4.275158405303955
1.7764679566254945e+18,2115.84814453125,61.38261795043945,42.9232177734375,28.371646881103516,2337.340576171875,216.30068969726562,2313.7314453125,688.7791748046875,6.61924409866333,2.6531217098236084,1.7075071334838867,4.521461486816406
1.7764679566264945e+18,2114.46875,64.60098266601562,33.727901458740234,27.911880493164062,2332.742919921875,216.30068969726562,2319.248779296875,683.2620239257812,4.812225818634033,2.6202666759490967,2.266040086746216,3.9303338527679443
1.7764679566274944e+18,2111.710205078125,65.5205078125,31.4290714263916,28.371646881103516,2329.5244140625,212.62255859375,2319.70849609375,676.365478515625,8.097713470458984,2.4559924602508545,1.444668173789978,4.619982719421387
1.7764679566284946e+18,2116.767578125,70.11817169189453,23.61305046081543,25.15328598022461,2327.685546875,220.89834594726562,2313.7314453125,686.0205688476562,7.029930114746094,2.1931533813476562,1.6089425086975098,5.112588882446289
1.7764679566294945e+18,2120.905517578125,68.27910614013672,28.67047691345215,33.88883590698242,2332.283203125,214.92138671875,2310.972900390625,678.664306640625,7.5227532386779785,2.8173959255218506,2.4631693363189697,4.521461486816406
1.7764679566304945e+18,2119.5263671875,58.6240234375,39.704856872558594,18.716562271118164,2338.7197265625,210.7834930419922,2320.168212890625,678.664306640625,8.261987686157227,3.5073482990264893,2.4960241317749023,4.669243335723877
1.7764679566314944e+18,2122.74462890625,63.68144607543945,36.026729583740234,32.049774169921875,2342.39794921875,211.70303344726562,2318.788818359375,677.7448120117188,8.590537071228027,3.080235004425049,1.5760875940322876,4.669243335723877
1.7764679566324946e+18,2114.46875,63.2216796875,37.86579513549805,25.15328598022461,2337.80029296875,210.32373046875,2316.489990234375,675.90576171875,6.537106990814209,3.3102190494537354,1.9703460931777954,6.048541069030762
1.7764679566334945e+18,2123.204345703125,52.647064208984375,39.24509048461914,34.348602294921875,2336.880859375,210.7834930419922,2318.788818359375,686.9401245117188,7.276341438293457,2.1931533813476562,2.6931533813476562,5.457413196563721
1.7764679566344945e+18,2120.905517578125,61.842384338378906,36.026729583740234,38.026729583740234,2339.1796875,211.70303344726562,2323.846435546875,680.50341796875,8.672674179077148,2.981670379638672,3.2188313007354736,5.555934429168701
1.7764679566354944e+18,2114.9287109375,71.03770446777344,32.348602294921875,33.429073333740234,2331.363525390625,213.0823211669922,2310.51318359375,683.2620239257812,7.6048903465271,1.0760875940322876,2.233185052871704,4.472200870513916
1.7764679566364946e+18,2117.2275390625,69.65840148925781,31.888837814331055,29.29117774963379,2333.662353515625,207.5651397705078,2317.40966796875,676.8252563476562,7.6048903465271,2.7516863346099854,2.5617339611053467,4.324419021606445
1.7764679566374945e+18,2120.44580078125,68.27910614013672,23.61305046081543,24.233753204345703,2331.363525390625,219.97882080078125,2320.6279296875,679.5838623046875,6.865655899047852,2.3574278354644775,1.9046363830566406,4.472200870513916
1.7764679566384945e+18,2122.74462890625,64.1412124633789,37.86579513549805,27.45211410522461,2341.938232421875,213.0823211669922,2309.593505859375,680.9631958007812,9.001222610473633,1.7660399675369263,0.8861352801322937,5.2111101150512695
1.7764679566394947e+18,2124.583740234375,62.30215072631836,43.842750549316406,26.99234962463379,2343.3173828125,212.62255859375,2312.352294921875,679.1240844726562,6.783518314361572,2.784541130065918,1.2803937196731567,5.851498126983643
1.7764679566404946e+18,2125.962890625,53.56659698486328,43.842750549316406,29.29117774963379,2335.961181640625,208.4846649169922,2316.0302734375,684.6412963867188,7.687027454376221,3.24450945854187,2.5617339611053467,5.457413196563721
1.7764679566414945e+18,2125.04345703125,62.76191711425781,35.56696319580078,35.26813507080078,2338.260009765625,207.10537719726562,2322.467041015625,683.7217407226562,7.769164562225342,2.784541130065918,2.791718006134033,4.669243335723877
1.7764679566424945e+18,2118.606689453125,58.6240234375,27.29117774963379,27.911880493164062,2330.444091796875,213.0823211669922,2315.11083984375,681.8826904296875,6.2906951904296875,2.291718006134033,2.791718006134033,5.703716278076172
1.7764679566434947e+18,2114.009033203125,70.57793426513672,22.233753204345703,31.13024139404297,2346.535888671875,208.4846649169922,2315.570556640625,681.4229125976562,8.261987686157227,3.145944833755493,2.266040086746216,5.506673812866211
1.7764679566444946e+18,2113.089599609375,52.18730163574219,30.049774169921875,22.394689559936523,2330.90380859375,215.3811492919922,2314.191162109375,688.7791748046875,6.61924409866333,1.7003302574157715,1.5103778839111328,3.634770154953003
1.7764679566454945e+18,2114.009033203125,72.87676239013672,24.99234962463379,22.394689559936523,2332.283203125,211.24327087402344,2306.8349609375,687.39990234375,5.222911834716797,2.6531217098236084,1.7732168436050415,3.634770154953003
1.7764679566464945e+18,2109.411376953125,64.60098266601562,30.96930503845215,28.371646881103516,2340.09912109375,210.32373046875,2315.570556640625,681.8826904296875,7.5227532386779785,2.1931533813476562,1.543232798576355,5.161849498748779
1.7764679566474947e+18,2125.962890625,53.10683059692383,42.46345138549805,28.371646881103516,2344.69677734375,206.1858367919922,2314.191162109375,683.2620239257812,8.50839900970459,2.5545570850372314,1.116119384765625,4.669243335723877
1.7764679566484946e+18,2119.5263671875,58.16425704956055,41.543922424316406,36.64743423461914,2345.156494140625,205.2663116455078,2323.38671875,682.80224609375,7.112067222595215,2.4559924602508545,2.2003302574157715,4.964807033538818
1.7764679566494945e+18,2117.2275390625,60.46308517456055,37.86579513549805,29.29117774963379,2340.09912109375,212.1627960205078,2313.7314453125,685.10107421875,7.112067222595215,2.127443552017212,1.641797423362732,4.619982719421387
1.7764679566504945e+18,2122.74462890625,57.24472427368164,27.29117774963379,23.31422233581543,2337.340576171875,213.0823211669922,2313.271728515625,679.1240844726562,7.029930114746094,2.8502509593963623,2.430314302444458,4.767764568328857
1.7764679566514947e+18,2112.629638671875,58.16425704956055,24.072816848754883,24.233753204345703,2333.20263671875,212.1627960205078,2317.40966796875,677.7448120117188,8.590537071228027,3.047380208969116,2.5617339611053467,5.506673812866211
1.7764679566524946e+18,2115.388427734375,64.1412124633789,26.83141326904297,23.31422233581543,2329.064697265625,217.67999267578125,2316.0302734375,681.8826904296875,6.2906951904296875,3.3759288787841797,2.988847255706787,4.669243335723877
1.7764679566534945e+18,2114.9287109375,66.4400405883789,23.15328598022461,28.371646881103516,2329.984375,210.32373046875,2312.352294921875,679.5838623046875,7.112067222595215,2.127443552017212,2.627443552017212,4.669243335723877
1.7764679566544947e+18,2112.629638671875,74.25606536865234,31.4290714263916,23.77398681640625,2330.90380859375,213.54209899902344,2314.191162109375,676.8252563476562,7.687027454376221,3.047380208969116,3.4159605503082275,4.5707221031188965
1.7764679566554947e+18,2120.905517578125,53.10683059692383,43.38298416137695,24.693519592285156,2335.961181640625,211.24327087402344,2319.248779296875,688.3193969726562,7.769164562225342,2.6531217098236084,1.8389266729354858,5.2111101150512695
1.7764679566564946e+18,2124.583740234375,54.94589614868164,44.76228332519531,37.56696319580078,2342.39794921875,209.40420532226562,2318.788818359375,686.4803466796875,7.5227532386779785,2.39028263092041,1.8717814683914185,5.26037073135376
1.7764679566574945e+18,2120.905517578125,54.94589614868164,36.48649597167969,24.693519592285156,2337.80029296875,206.1858367919922,2312.352294921875,679.5838623046875,6.701381206512451,2.5545570850372314,1.313248634338379,5.30963134765625
1.7764679566584947e+18,2125.04345703125,54.48612976074219,38.78532409667969,32.049774169921875,2337.340576171875,212.62255859375,2318.3291015625,680.9631958007812,7.5227532386779785,2.9488155841827393,2.068910837173462,4.817025184631348
1.7764679566594947e+18,2119.5263671875,55.86542892456055,33.26813507080078,27.45211410522461,2337.340576171875,208.02490234375,2315.11083984375,677.2850341796875,7.029930114746094,3.343074083328247,2.266040086746216,5.4081525802612305
1.7764679566604946e+18,2115.388427734375,62.76191711425781,23.15328598022461,26.072816848754883,2331.8232421875,214.4616241455078,2314.191162109375,680.50341796875,6.126420974731445,3.2773642539978027,3.8759288787841797,5.30963134765625
1.7764679566614945e+18,2113.089599609375,61.38261795043945,30.509540557861328,31.13024139404297,2332.742919921875,216.30068969726562,2320.6279296875,681.8826904296875,7.769164562225342,3.047380208969116,3.2516863346099854,4.422940254211426
1.7764679566624947e+18,2116.307861328125,59.54355239868164,25.45211410522461,29.29117774963379,2332.283203125,216.30068969726562,2313.7314453125,682.80224609375,6.537106990814209,2.39028263092041,2.988847255706787,4.915546417236328
1.7764679566634947e+18,2116.767578125,54.48612976074219,30.96930503845215,26.99234962463379,2337.80029296875,208.94442749023438,2318.3291015625,690.1585083007812,6.208558082580566,2.39028263092041,2.03605580329895,4.817025184631348
1.7764679566644946e+18,2119.5263671875,50.80800247192383,34.64743423461914,22.854455947875977,2339.639404296875,202.50770568847656,2317.869384765625,683.2620239257812,5.962146759033203,2.226008176803589,1.641797423362732,5.4081525802612305
1.7764679566654945e+18,2119.5263671875,55.86542892456055,38.3255615234375,27.911880493164062,2338.7197265625,208.02490234375,2316.0302734375,678.20458984375,7.029930114746094,1.5689107179641724,0.7547157406806946,5.2111101150512695
1.7764679566664947e+18,2117.687255859375,52.647064208984375,31.888837814331055,27.45211410522461,2341.478515625,213.0823211669922,2316.489990234375,689.69873046875,7.358479022979736,2.1931533813476562,1.4118132591247559,4.767764568328857
1.7764679566674947e+18,2119.06640625,55.405662536621094,33.727901458740234,32.50954055786133,2335.961181640625,211.70303344726562,2321.087646484375,686.4803466796875,8.590537071228027,2.291718006134033,1.7732168436050415,4.964807033538818
1.7764679566684946e+18,2116.767578125,62.30215072631836,32.80836868286133,32.049774169921875,2334.1220703125,217.22021484375,2316.0302734375,681.4229125976562,7.769164562225342,1.9303144216537476,2.331749677658081,4.028855323791504
1.7764679566694948e+18,2119.06640625,61.842384338378906,30.96930503845215,32.96930694580078,2331.8232421875,212.62255859375,2313.7314453125,680.9631958007812,7.851302146911621,2.324572801589966,2.266040086746216,4.127376556396484
1.7764679566704947e+18,2118.606689453125,65.06074523925781,28.210710525512695,28.371646881103516,2327.685546875,215.3811492919922,2313.7314453125,683.2620239257812,6.208558082580566,2.4231374263763428,2.233185052871704,4.817025184631348
1.7764679566714947e+18,2115.84814453125,57.24472427368164,31.4290714263916,22.854455947875977,2335.041748046875,208.94442749023438,2313.271728515625,680.0436401367188,5.962146759033203,2.0617339611053467,1.017554759979248,5.2111101150512695
1.7764679566724946e+18,2124.583740234375,50.348236083984375,39.24509048461914,29.29117774963379,2338.7197265625,211.70303344726562,2324.30615234375,677.2850341796875,8.097713470458984,2.981670379638672,1.6089425086975098,5.4081525802612305
1.7764679566734948e+18,2124.1240234375,50.348236083984375,36.026729583740234,27.45211410522461,2341.478515625,210.32373046875,2316.949951171875,681.4229125976562,5.962146759033203,2.7188313007354736,1.543232798576355,4.915546417236328
1.7764679566744947e+18,2127.34228515625,58.6240234375,37.86579513549805,31.590007781982422,2335.041748046875,206.1858367919922,2315.570556640625,679.5838623046875,6.947793006896973,3.5730581283569336,2.726008176803589,5.752976894378662
1.7764679566754947e+18,2120.44580078125,55.405662536621094,32.80836868286133,27.45211410522461,2336.4208984375,212.62255859375,2312.81201171875,685.10107421875,8.097713470458984,2.883105754852295,2.6931533813476562,4.718503952026367
1.7764679566764946e+18,2116.767578125,60.9228515625,30.049774169921875,34.80836868286133,2330.444091796875,214.00186157226562,2317.869384765625,680.50341796875,5.140774726867676,2.226008176803589,2.266040086746216,4.176637172698975
1.7764679566774948e+18,2115.388427734375,57.24472427368164,29.13024139404297,35.727901458740234,2331.8232421875,217.67999267578125,2313.271728515625,686.0205688476562,9.82259464263916,1.8317497968673706,2.430314302444458,4.915546417236328
1.7764679566784947e+18,2119.5263671875,61.842384338378906,24.532583236694336,23.77398681640625,2327.685546875,216.30068969726562,2312.81201171875,683.2620239257812,7.5227532386779785,3.080235004425049,2.233185052871704,5.506673812866211
1.7764679566794947e+18,2120.905517578125,64.60098266601562,24.532583236694336,20.095861434936523,2332.283203125,215.3811492919922,2317.40966796875,680.0436401367188,7.112067222595215,3.24450945854187,2.824572801589966,4.915546417236328
1.7764679566804946e+18,2121.8251953125,52.647064208984375,35.56696319580078,26.532583236694336,2341.938232421875,214.92138671875,2312.352294921875,685.5608520507812,7.358479022979736,3.047380208969116,2.1017656326293945,4.422940254211426
1.7764679566814948e+18,2127.34228515625,50.348236083984375,38.3255615234375,21.934925079345703,2341.938232421875,213.0823211669922,2310.51318359375,684.6412963867188,7.194204330444336,2.5217020511627197,2.068910837173462,4.718503952026367
1.7764679566824947e+18,2115.84814453125,60.003318786621094,36.48649597167969,31.13024139404297,2339.639404296875,202.9674835205078,2314.651123046875,682.80224609375,8.261987686157227,1.9960241317749023,1.8717814683914185,5.506673812866211
1.7764679566834947e+18,2125.503173828125,47.12987518310547,33.727901458740234,35.26813507080078,2340.09912109375,212.62255859375,2316.489990234375,683.2620239257812,6.2906951904296875,2.324572801589966,1.6089425086975098,4.964807033538818
1.7764679566844946e+18,2123.204345703125,55.86542892456055,31.888837814331055,35.26813507080078,2336.880859375,219.51904296875,2313.7314453125,678.664306640625,6.537106990814209,2.981670379638672,1.7403620481491089,5.26037073135376
1.7764679566854948e+18,2116.767578125,62.76191711425781,27.750944137573242,24.693519592285156,2327.2255859375,217.67999267578125,2314.191162109375,677.2850341796875,7.112067222595215,2.6202666759490967,1.9703460931777954,5.4081525802612305
1.7764679566864947e+18,2114.46875,62.76191711425781,26.371646881103516,24.233753204345703,2332.283203125,213.0823211669922,2317.40966796875,683.7217407226562,7.687027454376221,3.2773642539978027,3.087411880493164,5.605195045471191
1.7764679566874947e+18,2117.2275390625,58.16425704956055,28.67047691345215,24.693519592285156,2335.50146484375,218.59951782226562,2317.40966796875,679.1240844726562,6.372832775115967,2.6202666759490967,2.791718006134033,4.324419021606445
1.7764679566884948e+18,2124.1240234375,58.6240234375,30.509540557861328,33.88883590698242,2338.7197265625,212.62255859375,2315.11083984375,680.0436401367188,8.015576362609863,2.5217020511627197,2.167475461959839,5.9992804527282715
1.7764679566894948e+18,2121.365234375,53.56659698486328,39.704856872558594,31.590007781982422,2339.639404296875,207.5651397705078,2318.788818359375,677.7448120117188,7.5227532386779785,1.8317497968673706,1.1818290948867798,5.112588882446289
1.7764679566904947e+18,2123.6640625,50.80800247192383,39.704856872558594,32.96930694580078,2337.80029296875,205.72607421875,2317.869384765625,682.3424682617188,8.179850578308105,1.7003302574157715,1.7732168436050415,5.063328266143799
1.7764679566914947e+18,2126.882568359375,57.24472427368164,36.48649597167969,34.348602294921875,2339.1796875,208.02490234375,2316.0302734375,684.6412963867188,6.61924409866333,1.9631692171096802,1.4775229692459106,4.669243335723877
1.7764679566924948e+18,2121.365234375,60.003318786621094,31.4290714263916,28.83141326904297,2337.80029296875,209.40420532226562,2316.949951171875,688.7791748046875,6.2906951904296875,2.226008176803589,1.6746522188186646,4.028855323791504
1.7764679566934948e+18,2117.2275390625,57.704490661621094,38.3255615234375,27.911880493164062,2340.558837890625,214.4616241455078,2317.40966796875,682.3424682617188,8.097713470458984,1.7331851720809937,1.5103778839111328,3.684030771255493
1.7764679566944947e+18,2119.06640625,60.003318786621094,23.61305046081543,32.049774169921875,2331.363525390625,212.1627960205078,2312.81201171875,680.50341796875,6.61924409866333,2.1931533813476562,1.5103778839111328,3.7825520038604736
1.7764679566954947e+18,2117.687255859375,64.60098266601562,23.61305046081543,30.210710525512695,2327.685546875,215.3811492919922,2312.81201171875,680.9631958007812,5.962146759033203,2.028878927230835,2.6602985858917236,4.718503952026367
1.7764679566964948e+18,2110.330810546875,62.30215072631836,34.18766784667969,21.015392303466797,2341.478515625,206.64559936523438,2308.674072265625,686.9401245117188,7.851302146911621,3.4087836742401123,2.791718006134033,5.752976894378662
1.7764679566974948e+18,2124.583740234375,47.58964157104492,41.08415603637695,25.15328598022461,2341.938232421875,209.40420532226562,2315.11083984375,683.7217407226562,7.5227532386779785,2.8173959255218506,2.03605580329895,5.161849498748779
1.7764679566984947e+18,2115.84814453125,57.704490661621094,30.049774169921875,35.26813507080078,2342.39794921875,215.3811492919922,2319.248779296875,680.50341796875,7.358479022979736,2.1931533813476562,1.2803937196731567,5.555934429168701
1.776467956699495e+18,2126.882568359375,47.58964157104492,36.48649597167969,28.83141326904297,2334.58203125,211.70303344726562,2316.489990234375,679.1240844726562,6.208558082580566,3.3759288787841797,1.6089425086975098,5.26037073135376
1.7764679567004948e+18,2119.06640625,53.56659698486328,33.727901458740234,21.015392303466797,2338.260009765625,216.7604522705078,2313.271728515625,681.4229125976562,6.701381206512451,3.6716227531433105,2.988847255706787,5.752976894378662
1.776467956701495e+18,2120.44580078125,59.08378982543945,31.888837814331055,37.10719680786133,2339.639404296875,213.0823211669922,2318.788818359375,684.1815185546875,6.208558082580566,2.685976505279541,2.824572801589966,5.014067649841309
1.776467956702495e+18,2118.14697265625,63.2216796875,29.590007781982422,29.750944137573242,2335.041748046875,221.3581085205078,2318.3291015625,678.20458984375,7.276341438293457,2.4231374263763428,2.068910837173462,5.506673812866211
1.776467956703495e+18,2119.06640625,58.6240234375,29.590007781982422,35.26813507080078,2333.20263671875,217.67999267578125,2314.191162109375,684.1815185546875,9.083359718322754,2.1931533813476562,2.988847255706787,5.26037073135376
1.776467956704495e+18,2117.2275390625,63.2216796875,22.233753204345703,34.348602294921875,2328.60498046875,214.00186157226562,2314.651123046875,686.0205688476562,7.5227532386779785,2.2588632106781006,2.6931533813476562,5.4081525802612305
1.776467956705495e+18,2121.8251953125,50.80800247192383,40.16462326049805,26.532583236694336,2341.938232421875,207.10537719726562,2318.788818359375,678.20458984375,7.769164562225342,3.3102190494537354,2.167475461959839,5.654455661773682
1.776467956706495e+18,2121.365234375,54.026363372802734,39.704856872558594,24.693519592285156,2343.3173828125,210.32373046875,2306.375244140625,684.6412963867188,7.6048903465271,2.7188313007354736,2.7588632106781006,5.950019836425781
1.7764679567074952e+18,2117.687255859375,49.88846969604492,32.80836868286133,23.77398681640625,2337.340576171875,210.32373046875,2313.271728515625,684.1815185546875,6.208558082580566,2.685976505279541,1.9046363830566406,4.817025184631348
1.776467956708495e+18,2123.6640625,54.94589614868164,37.406028747558594,33.429073333740234,2339.1796875,212.62255859375,2315.570556640625,684.1815185546875,7.851302146911621,3.145944833755493,2.6931533813476562,5.506673812866211
1.7764679567094953e+18,2116.767578125,59.54355239868164,38.78532409667969,29.29117774963379,2341.0185546875,212.1627960205078,2313.7314453125,678.664306640625,5.880009651184082,2.7516863346099854,2.5617339611053467,5.950019836425781
1.7764679567104952e+18,2118.14697265625,56.78495788574219,31.4290714263916,39.406028747558594,2329.064697265625,211.24327087402344,2320.168212890625,682.80224609375,6.783518314361572,2.784541130065918,2.8574278354644775,5.457413196563721
1.7764679567114952e+18,2115.388427734375,63.2216796875,24.072816848754883,30.67047691345215,2337.80029296875,212.1627960205078,2320.168212890625,686.0205688476562,5.797872066497803,3.047380208969116,2.988847255706787,5.2111101150512695
1.7764679567124954e+18,2113.54931640625,60.9228515625,28.210710525512695,31.590007781982422,2331.8232421875,211.70303344726562,2316.0302734375,677.7448120117188,5.222911834716797,2.127443552017212,2.3974595069885254,4.127376556396484
1.7764679567134953e+18,2125.962890625,53.56659698486328,33.26813507080078,23.77398681640625,2335.50146484375,217.22021484375,2318.788818359375,679.1240844726562,6.126420974731445,2.6531217098236084,1.4118132591247559,5.063328266143799
1.7764679567144952e+18,2118.606689453125,49.42870330810547,36.026729583740234,17.79703140258789,2336.880859375,208.02490234375,2313.7314453125,679.1240844726562,6.2906951904296875,2.4231374263763428,1.5103778839111328,4.817025184631348
1.7764679567154954e+18,2124.1240234375,48.50917434692383,38.78532409667969,29.29117774963379,2340.09912109375,214.4616241455078,2317.869384765625,684.1815185546875,7.440616130828857,2.7188313007354736,1.543232798576355,4.3736796379089355
1.7764679567164954e+18,2125.04345703125,50.80800247192383,37.86579513549805,26.99234962463379,2342.39794921875,217.22021484375,2313.271728515625,684.1815185546875,7.440616130828857,3.080235004425049,2.430314302444458,5.654455661773682
1.7764679567174956e+18,2119.06640625,50.80800247192383,34.18766784667969,27.45211410522461,2341.0185546875,206.64559936523438,2319.70849609375,685.5608520507812,6.2906951904296875,3.835897207260132,2.7588632106781006,5.703716278076172
1.7764679567184955e+18,2121.365234375,51.727535247802734,33.26813507080078,30.67047691345215,2333.662353515625,216.30068969726562,2316.949951171875,682.3424682617188,8.261987686157227,2.1602985858917236,3.0217020511627197,5.30963134765625
1.7764679567194954e+18,2114.009033203125,56.78495788574219,26.371646881103516,33.429073333740234,2330.90380859375,218.59951782226562,2309.593505859375,680.9631958007812,6.783518314361572,2.291718006134033,2.167475461959839,5.161849498748779
1.7764679567204956e+18,2111.710205078125,59.54355239868164,23.61305046081543,22.394689559936523,2327.685546875,216.30068969726562,2316.0302734375,684.6412963867188,5.880009651184082,3.0145251750946045,2.6602985858917236,5.703716278076172
1.7764679567214956e+18,2118.14697265625,52.647064208984375,34.64743423461914,25.61305046081543,2335.50146484375,212.62255859375,2308.674072265625,684.6412963867188,7.440616130828857,3.0145251750946045,2.167475461959839,5.752976894378662
1.7764679567224955e+18,2122.74462890625,51.26776885986328,31.888837814331055,16.877498626708984,2344.69677734375,209.40420532226562,2314.191162109375,682.80224609375,9.001222610473633,2.1602985858917236,1.4118132591247559,5.605195045471191
1.7764679567234957e+18,2123.6640625,50.80800247192383,40.6243896484375,28.371646881103516,2339.1796875,211.24327087402344,2319.70849609375,679.1240844726562,7.933439254760742,3.835897207260132,2.3974595069885254,6.344104766845703
1.7764679567244956e+18,2125.503173828125,53.56659698486328,34.64743423461914,22.854455947875977,2338.260009765625,205.2663116455078,2310.51318359375,682.80224609375,5.962146759033203,3.6716227531433105,2.3646047115325928,5.703716278076172
1.7764679567254958e+18,2119.06640625,45.75057601928711,35.10719680786133,26.532583236694336,2334.1220703125,212.1627960205078,2311.4326171875,680.0436401367188,8.590537071228027,2.8502509593963623,1.9374912977218628,5.654455661773682
1.7764679567264957e+18,2120.905517578125,54.48612976074219,32.80836868286133,36.64743423461914,2322.6279296875,218.13975524902344,2310.972900390625,680.0436401367188,5.715734958648682,3.0145251750946045,2.7588632106781006,4.817025184631348
1.7764679567274957e+18,2115.84814453125,53.10683059692383,27.29117774963379,21.015392303466797,2329.064697265625,218.59951782226562,2316.0302734375,678.20458984375,7.276341438293457,0.9446681141853333,1.5103778839111328,4.176637172698975
1.7764679567284959e+18,2118.14697265625,55.405662536621094,29.590007781982422,27.911880493164062,2327.2255859375,217.67999267578125,2308.674072265625,686.4803466796875,7.5227532386779785,1.4374912977218628,1.8717814683914185,4.324419021606445
1.7764679567294958e+18,2115.388427734375,53.10683059692383,31.888837814331055,33.429073333740234,2329.984375,216.30068969726562,2311.892333984375,693.3768310546875,8.50839900970459,1.7331851720809937,1.7075071334838867,4.817025184631348
1.7764679567304957e+18,2120.905517578125,48.968936920166016,39.24509048461914,24.693519592285156,2343.3173828125,205.2663116455078,2314.651123046875,679.5838623046875,6.865655899047852,1.7331851720809937,1.2475389242172241,4.669243335723877
1.776467956731496e+18,2125.503173828125,43.45174789428711,42.46345138549805,29.29117774963379,2343.77734375,208.94442749023438,2317.869384765625,683.2620239257812,6.783518314361572,2.488847255706787,1.116119384765625,4.669243335723877
1.776467956732496e+18,2125.04345703125,44.371280670166016,34.18766784667969,22.854455947875977,2340.558837890625,214.4616241455078,2315.11083984375,687.39990234375,8.097713470458984,2.9488155841827393,0.7218608856201172,4.817025184631348
1.776467956733496e+18,2119.5263671875,45.290809631347656,39.704856872558594,21.47515869140625,2339.639404296875,213.54209899902344,2318.3291015625,688.3193969726562,6.372832775115967,2.39028263092041,1.641797423362732,4.324419021606445
1.776467956734496e+18,2114.009033203125,51.727535247802734,35.10719680786133,24.233753204345703,2336.4208984375,215.84092712402344,2312.352294921875,682.3424682617188,8.75481128692627,2.6202666759490967,2.6602985858917236,4.718503952026367
1.776467956735496e+18,2119.5263671875,55.86542892456055,33.26813507080078,29.29117774963379,2331.363525390625,216.7604522705078,2315.11083984375,687.39990234375,6.454969882965088,1.8317497968673706,2.6602985858917236,5.26037073135376
1.776467956736496e+18,2119.06640625,54.94589614868164,29.590007781982422,30.67047691345215,2331.363525390625,209.40420532226562,2310.972900390625,684.1815185546875,6.044283866882324,2.291718006134033,2.167475461959839,4.225897789001465
1.776467956737496e+18,2114.9287109375,56.325191497802734,27.29117774963379,31.590007781982422,2334.58203125,215.3811492919922,2312.352294921875,676.8252563476562,5.5514607429504395,1.1746522188186646,2.068910837173462,4.964807033538818
1.776467956738496e+18,2115.84814453125,52.18730163574219,36.94626235961914,19.176328659057617,2335.961181640625,211.24327087402344,2321.547607421875,678.20458984375,6.61924409866333,3.145944833755493,1.4118132591247559,4.866285800933838
1.7764679567394962e+18,2118.606689453125,54.026363372802734,36.48649597167969,30.67047691345215,2343.77734375,208.02490234375,2312.81201171875,675.4459838867188,9.001222610473633,1.8974595069885254,1.1818290948867798,5.2111101150512695
1.7764679567404961e+18,2119.5263671875,58.6240234375,35.10719680786133,30.67047691345215,2337.80029296875,203.8870086669922,2310.51318359375,680.50341796875,6.701381206512451,2.028878927230835,2.167475461959839,5.752976894378662
1.7764679567414963e+18,2122.284912109375,52.18730163574219,34.64743423461914,26.532583236694336,2338.260009765625,205.2663116455078,2310.972900390625,679.1240844726562,6.947793006896973,2.784541130065918,1.641797423362732,5.605195045471191
1.7764679567424963e+18,2120.905517578125,56.325191497802734,30.509540557861328,36.18766784667969,2339.639404296875,210.32373046875,2319.248779296875,683.2620239257812,5.880009651184082,2.324572801589966,2.134620428085327,4.127376556396484
1.7764679567434962e+18,2119.5263671875,48.50917434692383,31.4290714263916,29.750944137573242,2333.20263671875,206.64559936523438,2314.191162109375,686.0205688476562,7.194204330444336,2.291718006134033,1.9374912977218628,4.866285800933838
1.7764679567444964e+18,2110.790771484375,58.16425704956055,21.77398681640625,26.99234962463379,2330.90380859375,215.3811492919922,2314.651123046875,682.3424682617188,7.687027454376221,2.226008176803589,2.331749677658081,5.112588882446289
1.7764679567454963e+18,2112.629638671875,56.325191497802734,29.590007781982422,23.31422233581543,2330.444091796875,216.7604522705078,2317.40966796875,682.80224609375,5.962146759033203,2.2588632106781006,1.9703460931777954,3.7332913875579834
1.7764679567464963e+18,2117.2275390625,53.10683059692383,37.406028747558594,27.45211410522461,2340.09912109375,219.51904296875,2314.651123046875,681.8826904296875,7.6048903465271,2.39028263092041,1.7075071334838867,4.817025184631348
1.7764679567474964e+18,2126.4228515625,44.83104705810547,38.3255615234375,21.47515869140625,2342.857666015625,206.64559936523438,2319.248779296875,684.6412963867188,7.6048903465271,2.685976505279541,1.5103778839111328,5.506673812866211
1.7764679567484964e+18,2122.74462890625,49.42870330810547,36.94626235961914,30.210710525512695,2335.50146484375,215.3811492919922,2312.81201171875,685.10107421875,7.029930114746094,3.0145251750946045,2.4631693363189697,5.506673812866211
1.7764679567494966e+18,2127.802001953125,45.290809631347656,38.78532409667969,32.96930694580078,2340.09912109375,214.4616241455078,2319.248779296875,685.5608520507812,8.261987686157227,2.7516863346099854,1.7075071334838867,5.457413196563721
1.7764679567504965e+18,2119.5263671875,47.58964157104492,32.348602294921875,30.210710525512695,2332.742919921875,213.54209899902344,2319.70849609375,678.20458984375,8.261987686157227,2.226008176803589,1.8060717582702637,5.457413196563721
1.7764679567514964e+18,2122.284912109375,57.704490661621094,29.590007781982422,25.15328598022461,2338.7197265625,208.94442749023438,2310.51318359375,677.7448120117188,5.469323635101318,2.8502509593963623,1.8060717582702637,5.30963134765625
1.7764679567524966e+18,2117.687255859375,60.9228515625,29.13024139404297,30.210710525512695,2332.283203125,214.4616241455078,2316.489990234375,677.7448120117188,8.097713470458984,3.178799629211426,3.2516863346099854,5.654455661773682
1.7764679567534966e+18,2115.388427734375,57.704490661621094,27.29117774963379,31.13024139404297,2327.685546875,215.3811492919922,2312.352294921875,680.50341796875,5.6335978507995605,2.685976505279541,3.1202666759490967,5.555934429168701
1.7764679567544965e+18,2116.767578125,55.86542892456055,33.727901458740234,37.10719680786133,2334.1220703125,210.32373046875,2313.7314453125,679.5838623046875,6.537106990814209,2.587411880493164,2.233185052871704,5.35889196395874
1.7764679567554967e+18,2123.6640625,45.290809631347656,41.08415603637695,23.31422233581543,2334.58203125,210.32373046875,2318.788818359375,681.4229125976562,6.2906951904296875,3.5073482990264893,1.8389266729354858,5.900758743286133
1.7764679567564966e+18,2115.84814453125,52.18730163574219,37.86579513549805,22.394689559936523,2341.938232421875,206.64559936523438,2316.0302734375,683.7217407226562,6.783518314361572,2.883105754852295,2.791718006134033,6.048541069030762
1.7764679567574968e+18,2126.882568359375,50.80800247192383,33.727901458740234,35.26813507080078,2340.09912109375,207.5651397705078,2313.7314453125,686.0205688476562,5.387186527252197,2.981670379638672,1.6746522188186646,4.866285800933838
1.7764679567584968e+18,2124.583740234375,54.94589614868164,38.78532409667969,25.61305046081543,2340.09912109375,214.4616241455078,2308.21435546875,683.2620239257812,5.469323635101318,2.6202666759490967,2.1017656326293945,4.915546417236328
1.7764679567594967e+18,2119.986083984375,48.049407958984375,40.16462326049805,30.210710525512695,2338.7197265625,205.72607421875,2316.0302734375,685.10107421875,6.208558082580566,3.540203332901001,2.266040086746216,5.752976894378662
1.776467956760497e+18,2117.687255859375,54.94589614868164,32.80836868286133,35.26813507080078,2329.064697265625,215.3811492919922,2314.191162109375,681.8826904296875,6.208558082580566,2.488847255706787,2.4631693363189697,4.619982719421387
1.7764679567614968e+18,2121.365234375,57.24472427368164,32.80836868286133,30.210710525512695,2331.8232421875,218.59951782226562,2309.593505859375,680.9631958007812,5.962146759033203,1.9303144216537476,1.9703460931777954,4.225897789001465
1.7764679567624968e+18,2112.169921875,57.24472427368164,23.15328598022461,26.99234962463379,2327.2255859375,214.4616241455078,2312.81201171875,680.50341796875,5.140774726867676,2.3574278354644775,2.4631693363189697,4.078115940093994
1.776467956763497e+18,2125.503173828125,49.88846969604492,39.704856872558594,28.83141326904297,2342.39794921875,207.10537719726562,2315.570556640625,690.6182250976562,7.851302146911621,2.6202666759490967,1.641797423362732,4.225897789001465
1.776467956764497e+18,2125.503173828125,44.371280670166016,34.64743423461914,26.99234962463379,2342.39794921875,208.4846649169922,2315.11083984375,687.39990234375,6.865655899047852,2.587411880493164,1.5760875940322876,5.112588882446289
1.776467956765497e+18,2122.284912109375,45.75057601928711,39.704856872558594,20.555625915527344,2343.77734375,207.10537719726562,2305.91552734375,682.80224609375,7.851302146911621,2.5217020511627197,1.6089425086975098,5.703716278076172
1.776467956766497e+18,2119.5263671875,51.727535247802734,37.86579513549805,27.911880493164062,2343.3173828125,210.7834930419922,2306.8349609375,680.0436401367188,6.454969882965088,3.0145251750946045,1.6746522188186646,4.521461486816406
1.776467956767497e+18,2117.2275390625,42.5322151184082,39.24509048461914,34.348602294921875,2337.340576171875,212.62255859375,2318.788818359375,683.2620239257812,7.6048903465271,4.000171661376953,2.5617339611053467,4.718503952026367
1.7764679567684972e+18,2119.06640625,56.325191497802734,33.727901458740234,33.429073333740234,2336.880859375,215.84092712402344,2310.51318359375,685.10107421875,8.83694839477539,2.4231374263763428,2.9559924602508545,5.4081525802612305
1.776467956769497e+18,2116.767578125,50.80800247192383,26.371646881103516,25.15328598022461,2328.145263671875,210.32373046875,2312.81201171875,680.0436401367188,7.6048903465271,2.7516863346099854,3.2516863346099854,5.654455661773682
1.776467956770497e+18,2112.629638671875,55.405662536621094,28.67047691345215,24.233753204345703,2326.765869140625,218.13975524902344,2315.570556640625,685.10107421875,8.261987686157227,3.441638708114624,2.824572801589966,5.4081525802612305
1.7764679567714972e+18,2119.06640625,50.348236083984375,30.96930503845215,23.31422233581543,2338.7197265625,211.24327087402344,2315.11083984375,684.6412963867188,8.590537071228027,2.488847255706787,2.233185052871704,6.097801685333252
1.7764679567724972e+18,2127.34228515625,43.91151428222656,38.3255615234375,22.854455947875977,2337.80029296875,210.32373046875,2315.570556640625,682.80224609375,6.865655899047852,4.000171661376953,1.9703460931777954,6.147062301635742
1.7764679567734973e+18,2124.583740234375,50.80800247192383,36.026729583740234,24.693519592285156,2339.1796875,203.42724609375,2315.570556640625,679.1240844726562,6.61924409866333,3.4087836742401123,2.791718006134033,6.048541069030762
1.7764679567744973e+18,2125.04345703125,47.58964157104492,33.727901458740234,25.61305046081543,2341.0185546875,209.40420532226562,2317.869384765625,686.4803466796875,7.194204330444336,3.540203332901001,2.988847255706787,5.30963134765625
1.7764679567754972e+18,2121.8251953125,44.371280670166016,42.00368881225586,31.13024139404297,2337.80029296875,214.92138671875,2314.651123046875,686.9401245117188,7.5227532386779785,3.2116544246673584,2.8574278354644775,5.014067649841309
1.7764679567764974e+18,2121.8251953125,56.78495788574219,29.13024139404297,25.15328598022461,2331.8232421875,208.02490234375,2309.1337890625,680.0436401367188,5.5514607429504395,2.6531217098236084,2.167475461959839,5.457413196563721
1.7764679567774973e+18,2119.06640625,54.94589614868164,30.509540557861328,32.049774169921875,2332.742919921875,219.97882080078125,2313.7314453125,686.0205688476562,5.469323635101318,1.3717814683914185,1.214684009552002,4.817025184631348
1.7764679567784973e+18,2117.687255859375,55.405662536621094,28.67047691345215,31.13024139404297,2329.064697265625,215.3811492919922,2311.892333984375,682.80224609375,6.044283866882324,1.4374912977218628,1.9046363830566406,4.767764568328857
1.7764679567794975e+18,2114.9287109375,54.94589614868164,29.13024139404297,19.176328659057617,2325.846435546875,220.89834594726562,2313.7314453125,682.3424682617188,7.112067222595215,2.8502509593963623,1.8060717582702637,4.964807033538818
1.7764679567804974e+18,2121.8251953125,44.83104705810547,39.24509048461914,22.394689559936523,2335.50146484375,211.70303344726562,2316.489990234375,686.0205688476562,8.75481128692627,2.685976505279541,1.7732168436050415,5.161849498748779
1.7764679567814976e+18,2127.34228515625,43.91151428222656,39.24509048461914,15.957967758178711,2347.455322265625,206.64559936523438,2322.00732421875,683.7217407226562,7.276341438293457,2.9488155841827393,1.2803937196731567,5.506673812866211
1.7764679567824975e+18,2125.962890625,39.77362060546875,37.86579513549805,24.693519592285156,2331.8232421875,214.92138671875,2310.972900390625,681.8826904296875,9.083359718322754,3.5073482990264893,2.5945887565612793,4.718503952026367
1.7764679567834975e+18,2126.4228515625,40.2333869934082,34.18766784667969,29.29117774963379,2334.58203125,209.8639678955078,2315.570556640625,688.3193969726562,6.783518314361572,2.9159605503082275,2.1017656326293945,5.506673812866211
1.7764679567844977e+18,2123.204345703125,44.371280670166016,37.86579513549805,31.590007781982422,2336.4208984375,214.4616241455078,2317.40966796875,683.7217407226562,7.851302146911621,3.4744935035705566,2.3974595069885254,5.35889196395874
1.7764679567854976e+18,2114.009033203125,49.88846969604492,24.532583236694336,29.29117774963379,2326.30615234375,214.92138671875,2310.053466796875,682.80224609375,7.5227532386779785,2.7188313007354736,3.8102190494537354,5.506673812866211
1.7764679567864975e+18,2119.986083984375,55.86542892456055,26.371646881103516,35.727901458740234,2331.363525390625,219.51904296875,2311.4326171875,682.80224609375,6.947793006896973,2.5545570850372314,3.3502509593963623,5.703716278076172
1.7764679567874977e+18,2119.986083984375,51.26776885986328,32.348602294921875,31.13024139404297,2327.2255859375,218.59951782226562,2317.40966796875,680.9631958007812,7.112067222595215,0.9118132591247559,1.7403620481491089,4.422940254211426
1.7764679567884977e+18,2120.905517578125,47.12987518310547,32.348602294921875,19.63609504699707,2339.1796875,210.32373046875,2316.489990234375,680.9631958007812,5.140774726867676,2.3574278354644775,1.5103778839111328,4.422940254211426
1.7764679567894979e+18,2114.46875,54.48612976074219,36.026729583740234,32.50954055786133,2335.041748046875,206.1858367919922,2317.869384765625,679.5838623046875,8.179850578308105,1.9303144216537476,1.8717814683914185,4.718503952026367
1.7764679567904978e+18,2120.905517578125,43.91151428222656,43.38298416137695,30.210710525512695,2339.1796875,209.8639678955078,2320.168212890625,681.4229125976562,7.112067222595215,3.934461832046509,2.9559924602508545,5.605195045471191
1.7764679567914977e+18,2122.74462890625,42.5322151184082,38.3255615234375,28.83141326904297,2336.880859375,208.94442749023438,2316.949951171875,677.2850341796875,7.5227532386779785,1.7660399675369263,1.4118132591247559,4.275158405303955
1.776467956792498e+18,2119.06640625,46.21034240722656,32.348602294921875,26.072816848754883,2332.742919921875,208.94442749023438,2311.4326171875,679.1240844726562,6.044283866882324,1.5032010078430176,1.9046363830566406,4.176637172698975
1.7764679567934979e+18,2117.2275390625,53.10683059692383,33.727901458740234,20.555625915527344,2342.39794921875,211.70303344726562,2313.271728515625,680.50341796875,5.222911834716797,1.1089425086975098,1.5103778839111328,4.078115940093994
1.7764679567944978e+18,2119.986083984375,53.56659698486328,25.911880493164062,29.29117774963379,2335.041748046875,214.00186157226562,2314.651123046875,686.0205688476562,6.2906951904296875,2.291718006134033,1.0504096746444702,4.324419021606445
1.776467956795498e+18,2114.9287109375,54.48612976074219,26.83141326904297,29.29117774963379,2334.1220703125,216.30068969726562,2315.11083984375,682.80224609375,6.701381206512451,2.8502509593963623,1.7403620481491089,4.669243335723877
1.776467956796498e+18,2114.9287109375,51.727535247802734,37.86579513549805,18.716562271118164,2333.20263671875,213.54209899902344,2314.651123046875,679.1240844726562,7.440616130828857,3.1130897998809814,1.4775229692459106,4.3736796379089355
1.776467956797498e+18,2118.606689453125,44.371280670166016,37.86579513549805,23.31422233581543,2339.639404296875,212.1627960205078,2318.3291015625,686.4803466796875,6.865655899047852,3.24450945854187,2.2003302574157715,5.4081525802612305
1.776467956798498e+18,2126.4228515625,39.3138542175293,36.94626235961914,27.911880493164062,2342.857666015625,212.62255859375,2317.40966796875,678.664306640625,6.372832775115967,3.6716227531433105,2.2003302574157715,5.063328266143799
1.776467956799498e+18,2120.905517578125,38.39432144165039,38.3255615234375,35.26813507080078,2336.880859375,213.54209899902344,2317.40966796875,688.7791748046875,6.865655899047852,2.39028263092041,1.7403620481491089,5.161849498748779
1.7764679568004982e+18,2122.284912109375,43.45174789428711,30.96930503845215,29.29117774963379,2334.1220703125,215.3811492919922,2321.087646484375,684.1815185546875,4.730088710784912,1.2403620481491089,1.116119384765625,5.063328266143799
1.776467956801498e+18,2117.687255859375,48.049407958984375,31.4290714263916,33.429073333740234,2335.041748046875,214.92138671875,2316.489990234375,684.6412963867188,8.919085502624512,1.5360559225082397,1.313248634338379,4.127376556396484
1.776467956802498e+18,2117.687255859375,53.56659698486328,30.509540557861328,31.13024139404297,2334.58203125,215.84092712402344,2316.0302734375,688.3193969726562,6.044283866882324,2.6202666759490967,1.6746522188186646,5.014067649841309
1.776467956803498e+18,2114.46875,53.10683059692383,29.13024139404297,21.934925079345703,2336.880859375,216.30068969726562,2316.949951171875,680.0436401367188,6.208558082580566,2.7516863346099854,1.9046363830566406,4.915546417236328
1.7764679568044982e+18,2114.9287109375,54.94589614868164,29.590007781982422,34.80836868286133,2329.984375,217.22021484375,2314.191162109375,678.664306640625,6.454969882965088,3.2116544246673584,2.7588632106781006,4.817025184631348
1.776467956805498e+18,2125.962890625,41.6126823425293,41.08415603637695,27.911880493164062,2341.0185546875,215.84092712402344,2313.7314453125,686.4803466796875,6.783518314361572,2.7516863346099854,2.2003302574157715,5.752976894378662
1.776467956806498e+18,2122.284912109375,48.049407958984375,43.842750549316406,32.96930694580078,2342.857666015625,208.94442749023438,2318.788818359375,685.10107421875,7.687027454376221,2.2588632106781006,2.627443552017212,5.654455661773682
1.7764679568074982e+18,2125.503173828125,47.58964157104492,36.026729583740234,34.348602294921875,2335.961181640625,208.4846649169922,2316.489990234375,685.10107421875,6.044283866882324,2.324572801589966,2.068910837173462,4.718503952026367
1.7764679568084982e+18,2124.1240234375,51.26776885986328,36.48649597167969,25.15328598022461,2338.7197265625,212.62255859375,2310.053466796875,685.5608520507812,6.454969882965088,1.6346205472946167,1.0504096746444702,4.3736796379089355
1.776467956809498e+18,2124.583740234375,47.12987518310547,42.00368881225586,34.348602294921875,2344.237060546875,207.5651397705078,2317.40966796875,689.2389526367188,7.769164562225342,3.047380208969116,1.2803937196731567,5.4081525802612305
1.776467956810498e+18,2115.84814453125,56.78495788574219,30.049774169921875,30.67047691345215,2327.2255859375,215.84092712402344,2310.972900390625,681.8826904296875,9.001222610473633,2.028878927230835,1.8389266729354858,4.866285800933838
1.7764679568114982e+18,2115.84814453125,50.348236083984375,27.750944137573242,25.15328598022461,2327.2255859375,215.3811492919922,2312.81201171875,681.4229125976562,7.5227532386779785,2.39028263092041,2.331749677658081,4.669243335723877
1.7764679568124982e+18,2116.307861328125,52.18730163574219,28.210710525512695,34.348602294921875,2328.60498046875,217.67999267578125,2316.489990234375,684.1815185546875,6.947793006896973,3.24450945854187,2.9231374263763428,4.521461486816406
1.776467956813498e+18,2119.5263671875,43.91151428222656,40.16462326049805,27.45211410522461,2335.041748046875,210.7834930419922,2316.949951171875,683.2620239257812,6.454969882965088,3.047380208969116,1.9374912977218628,5.605195045471191
1.7764679568144983e+18,2122.284912109375,42.991981506347656,45.68181228637695,29.750944137573242,2339.1796875,210.32373046875,2317.40966796875,681.4229125976562,8.344124794006348,3.638767957687378,1.543232798576355,5.457413196563721
1.7764679568154982e+18,2122.284912109375,45.290809631347656,48.900177001953125,33.429073333740234,2342.857666015625,212.62255859375,2313.7314453125,687.39990234375,7.851302146911621,2.9488155841827393,2.331749677658081,5.605195045471191
1.7764679568164982e+18,2122.74462890625,43.45174789428711,41.08415603637695,32.96930694580078,2343.77734375,214.92138671875,2310.053466796875,689.2389526367188,8.590537071228027,2.3574278354644775,1.9046363830566406,5.112588882446289
1.776467956817498e+18,2123.6640625,44.371280670166016,38.78532409667969,32.049774169921875,2335.961181640625,212.62255859375,2312.81201171875,684.6412963867188,7.851302146911621,3.5073482990264893,2.1017656326293945,6.097801685333252
1.7764679568184983e+18,2116.307861328125,48.968936920166016,33.727901458740234,27.45211410522461,2335.50146484375,208.4846649169922,2316.489990234375,681.4229125976562,7.440616130828857,3.3102190494537354,2.5945887565612793,4.422940254211426
1.7764679568194982e+18,2113.089599609375,53.10683059692383,33.727901458740234,31.590007781982422,2330.90380859375,210.7834930419922,2309.593505859375,680.0436401367188,5.962146759033203,1.8317497968673706,2.233185052871704,4.127376556396484
1.7764679568204982e+18,2116.767578125,48.968936920166016,25.911880493164062,28.371646881103516,2327.685546875,217.67999267578125,2318.788818359375,682.80224609375,6.208558082580566,2.324572801589966,2.3974595069885254,5.063328266143799
1.7764679568214984e+18,2118.14697265625,48.049407958984375,35.56696319580078,26.532583236694336,2335.50146484375,214.00186157226562,2316.489990234375,683.2620239257812,5.5514607429504395,3.1130897998809814,2.1017656326293945,5.063328266143799
1.7764679568224983e+18,2123.204345703125,40.2333869934082,38.3255615234375,32.049774169921875,2344.69677734375,213.0823211669922,2313.271728515625,684.1815185546875,5.797872066497803,1.5689107179641724,1.5760875940322876,5.802237510681152
1.7764679568234982e+18,2121.8251953125,41.15291976928711,44.76228332519531,31.590007781982422,2339.639404296875,211.24327087402344,2316.489990234375,685.10107421875,6.783518314361572,2.9159605503082275,1.9046363830566406,4.915546417236328
1.7764679568244982e+18,2126.882568359375,50.348236083984375,35.10719680786133,32.96930694580078,2336.4208984375,205.72607421875,2313.271728515625,681.4229125976562,6.044283866882324,1.9303144216537476,1.346103549003601,4.767764568328857
1.7764679568254984e+18,2122.284912109375,45.290809631347656,41.08415603637695,29.29117774963379,2335.961181640625,208.94442749023438,2312.81201171875,684.6412963867188,6.2906951904296875,2.784541130065918,1.4118132591247559,4.472200870513916
1.7764679568264983e+18,2117.2275390625,50.80800247192383,39.24509048461914,36.64743423461914,2329.5244140625,215.84092712402344,2316.0302734375,680.50341796875,5.797872066497803,2.2588632106781006,1.7403620481491089,3.881073236465454
1.7764679568274982e+18,2119.986083984375,52.647064208984375,34.64743423461914,40.78532409667969,2334.58203125,213.54209899902344,2319.70849609375,686.4803466796875,5.5514607429504395,1.3389266729354858,1.346103549003601,4.176637172698975
1.7764679568284984e+18,2113.54931640625,52.647064208984375,27.750944137573242,31.13024139404297,2328.145263671875,212.1627960205078,2310.972900390625,684.1815185546875,7.440616130828857,2.028878927230835,2.068910837173462,4.866285800933838
1.7764679568294984e+18,2118.606689453125,52.18730163574219,27.29117774963379,31.590007781982422,2328.60498046875,219.97882080078125,2309.593505859375,682.80224609375,7.687027454376221,1.9631692171096802,1.313248634338379,4.669243335723877
1.7764679568304983e+18,2120.905517578125,41.6126823425293,35.56696319580078,31.590007781982422,2343.77734375,211.24327087402344,2312.352294921875,685.5608520507812,7.6048903465271,2.685976505279541,0.8532803654670715,5.35889196395874
1.7764679568314982e+18,2127.34228515625,42.991981506347656,47.520877838134766,29.29117774963379,2344.237060546875,207.10537719726562,2308.674072265625,680.50341796875,7.358479022979736,2.291718006134033,0.6890060305595398,5.35889196395874
1.7764679568324984e+18,2118.14697265625,45.75057601928711,42.9232177734375,26.532583236694336,2341.938232421875,210.32373046875,2316.489990234375,681.4229125976562,7.358479022979736,1.9960241317749023,0.7218608856201172,4.225897789001465
1.7764679568334984e+18,2126.4228515625,38.854087829589844,37.406028747558594,23.31422233581543,2341.478515625,213.54209899902344,2313.7314453125,691.99755859375,8.672674179077148,2.6202666759490967,1.017554759979248,4.472200870513916
1.7764679568344983e+18,2118.606689453125,46.670108795166016,35.56696319580078,33.429073333740234,2339.639404296875,212.62255859375,2317.869384765625,682.80224609375,7.358479022979736,2.7516863346099854,2.2003302574157715,4.225897789001465
1.7764679568354985e+18,2112.629638671875,54.48612976074219,28.67047691345215,33.88883590698242,2331.363525390625,210.7834930419922,2312.81201171875,685.5608520507812,6.044283866882324,2.6531217098236084,2.988847255706787,4.915546417236328
1.7764679568364984e+18,2116.767578125,56.78495788574219,29.590007781982422,23.31422233581543,2333.662353515625,216.30068969726562,2317.40966796875,675.4459838867188,5.469323635101318,2.226008176803589,2.430314302444458,4.028855323791504
1.7764679568374984e+18,2112.629638671875,53.56659698486328,28.67047691345215,31.13024139404297,2326.30615234375,217.67999267578125,2310.053466796875,680.0436401367188,7.440616130828857,2.5545570850372314,2.1017656326293945,5.112588882446289
1.7764679568384983e+18,2126.882568359375,44.83104705810547,39.24509048461914,30.210710525512695,2337.80029296875,213.0823211669922,2321.547607421875,678.664306640625,9.001222610473633,2.883105754852295,2.2988948822021484,6.048541069030762
1.7764679568394985e+18,2122.74462890625,41.6126823425293,36.48649597167969,19.176328659057617,2337.340576171875,204.80653381347656,2319.248779296875,681.8826904296875,5.797872066497803,2.9159605503082275,1.8060717582702637,4.817025184631348
1.7764679568404984e+18,2126.882568359375,37.47479248046875,43.842750549316406,23.31422233581543,2340.09912109375,209.40420532226562,2313.7314453125,687.39990234375,7.029930114746094,3.3102190494537354,1.641797423362732,5.555934429168701
1.7764679568414984e+18,2122.74462890625,46.670108795166016,45.68181228637695,32.96930694580078,2344.237060546875,218.13975524902344,2312.352294921875,686.0205688476562,6.947793006896973,3.047380208969116,2.89028263092041,5.752976894378662
1.7764679568424986e+18,2124.1240234375,49.42870330810547,35.10719680786133,28.83141326904297,2333.662353515625,211.70303344726562,2309.593505859375,678.20458984375,5.715734958648682,2.4231374263763428,2.9231374263763428,5.063328266143799
1.7764679568434985e+18,2119.5263671875,48.049407958984375,37.86579513549805,33.88883590698242,2335.041748046875,211.24327087402344,2317.40966796875,685.5608520507812,7.687027454376221,2.291718006134033,2.03605580329895,4.964807033538818
1.7764679568444984e+18,2118.14697265625,51.26776885986328,32.348602294921875,37.10719680786133,2326.765869140625,219.0592803955078,2317.869384765625,679.5838623046875,8.097713470458984,1.7331851720809937,1.444668173789978,4.767764568328857
1.7764679568454984e+18,2114.46875,45.75057601928711,25.45211410522461,24.233753204345703,2324.9267578125,218.59951782226562,2304.5361328125,679.1240844726562,4.894362926483154,1.7003302574157715,1.7075071334838867,3.9303338527679443
1.7764679568464986e+18,2116.307861328125,51.727535247802734,37.86579513549805,24.693519592285156,2341.938232421875,218.13975524902344,2309.1337890625,683.7217407226562,7.687027454376221,1.8974595069885254,1.0832644701004028,4.028855323791504
1.7764679568474985e+18,2125.962890625,45.75057601928711,49.819705963134766,23.77398681640625,2344.237060546875,209.40420532226562,2315.570556640625,685.10107421875,7.194204330444336,2.5217020511627197,0.16332802176475525,4.915546417236328
1.7764679568484984e+18,2121.365234375,35.63572692871094,41.08415603637695,24.233753204345703,2339.1796875,206.64559936523438,2312.352294921875,681.8826904296875,5.058637619018555,2.226008176803589,1.1489742994308472,3.9303338527679443
1.7764679568494986e+18,2122.74462890625,45.75057601928711,34.64743423461914,30.67047691345215,2345.616455078125,208.02490234375,2313.7314453125,687.39990234375,5.6335978507995605,4.4272847175598145,1.6746522188186646,5.752976894378662
1.7764679568504986e+18,2117.2275390625,42.991981506347656,35.10719680786133,30.67047691345215,2341.0185546875,214.4616241455078,2313.271728515625,681.4229125976562,5.715734958648682,3.2773642539978027,2.89028263092041,5.26037073135376
1.7764679568514985e+18,2120.44580078125,49.42870330810547,31.888837814331055,35.26813507080078,2338.260009765625,209.8639678955078,2310.972900390625,682.3424682617188,6.61924409866333,2.488847255706787,2.2988948822021484,4.718503952026367
1.7764679568524984e+18,2119.5263671875,54.94589614868164,31.4290714263916,35.727901458740234,2334.58203125,215.3811492919922,2308.674072265625,686.0205688476562,7.5227532386779785,3.047380208969116,3.3502509593963623,5.555934429168701
1.7764679568534986e+18,2112.169921875,49.88846969604492,30.049774169921875,24.693519592285156,2329.984375,218.59951782226562,2306.375244140625,683.7217407226562,7.687027454376221,2.3574278354644775,2.6931533813476562,5.4081525802612305
1.7764679568544986e+18,2109.411376953125,47.58964157104492,32.348602294921875,27.45211410522461,2330.444091796875,218.59951782226562,2307.294677734375,682.3424682617188,7.687027454376221,1.2403620481491089,1.9046363830566406,4.324419021606445
1.7764679568554985e+18,2117.687255859375,36.555259704589844,38.78532409667969,28.83141326904297,2341.478515625,213.0823211669922,2315.11083984375,681.8826904296875,7.112067222595215,2.685976505279541,2.1017656326293945,5.752976894378662
1.7764679568564987e+18,2120.905517578125,42.991981506347656,47.520877838134766,37.56696319580078,2336.880859375,210.7834930419922,2317.869384765625,677.7448120117188,7.029930114746094,3.80304217338562,2.3646047115325928,6.147062301635742
1.7764679568574986e+18,2125.503173828125,42.991981506347656,38.3255615234375,32.50954055786133,2335.041748046875,207.5651397705078,2312.81201171875,686.9401245117188,8.179850578308105,2.9488155841827393,2.627443552017212,5.063328266143799
1.7764679568584986e+18,2124.583740234375,42.07244873046875,38.3255615234375,32.50954055786133,2341.478515625,212.1627960205078,2310.053466796875,686.0205688476562,9.329771041870117,1.8646045923233032,2.2003302574157715,5.4081525802612305
1.7764679568594985e+18,2122.284912109375,44.371280670166016,36.48649597167969,25.61305046081543,2334.58203125,207.5651397705078,2313.7314453125,677.2850341796875,8.919085502624512,2.685976505279541,1.8389266729354858,5.950019836425781
1.7764679568604987e+18,2114.46875,46.670108795166016,29.590007781982422,26.532583236694336,2329.984375,216.7604522705078,2309.1337890625,677.7448120117188,7.029930114746094,2.226008176803589,1.543232798576355,4.915546417236328
1.7764679568614986e+18,2115.388427734375,43.45174789428711,36.48649597167969,25.61305046081543,2335.961181640625,217.22021484375,2312.81201171875,676.365478515625,6.2906951904296875,2.0617339611053467,1.641797423362732,3.831812620162964
1.7764679568624986e+18,2119.986083984375,54.48612976074219,28.67047691345215,34.348602294921875,2333.662353515625,217.67999267578125,2312.352294921875,678.20458984375,7.687027454376221,3.24450945854187,2.4631693363189697,5.26037073135376
1.7764679568634988e+18,2124.1240234375,42.5322151184082,43.842750549316406,26.532583236694336,2337.80029296875,212.1627960205078,2310.51318359375,682.3424682617188,8.590537071228027,2.9488155841827393,2.5617339611053467,5.605195045471191
1.7764679568644987e+18,2120.44580078125,44.371280670166016,39.24509048461914,34.348602294921875,2341.938232421875,210.7834930419922,2317.869384765625,685.10107421875,5.797872066497803,2.127443552017212,1.8389266729354858,4.915546417236328
1.7764679568654986e+18,2121.8251953125,37.0150260925293,41.08415603637695,36.64743423461914,2339.639404296875,212.62255859375,2310.053466796875,683.2620239257812,7.358479022979736,2.6531217098236084,1.7732168436050415,5.063328266143799
1.7764679568664986e+18,2118.606689453125,35.175960540771484,40.6243896484375,33.429073333740234,2334.1220703125,210.7834930419922,2311.4326171875,684.1815185546875,8.50839900970459,2.7188313007354736,2.3646047115325928,5.654455661773682
1.7764679568674988e+18,2116.767578125,47.12987518310547,33.727901458740234,30.210710525512695,2341.938232421875,206.64559936523438,2314.651123046875,677.2850341796875,6.2906951904296875,2.4559924602508545,1.7732168436050415,5.30963134765625
1.7764679568684987e+18,2113.089599609375,46.21034240722656,31.4290714263916,29.750944137573242,2332.283203125,211.70303344726562,2308.674072265625,680.0436401367188,7.358479022979736,2.784541130065918,1.8717814683914185,5.4081525802612305
1.7764679568694986e+18,2121.365234375,51.727535247802734,29.590007781982422,37.10719680786133,2330.90380859375,218.59951782226562,2313.271728515625,678.20458984375,7.687027454376221,2.5545570850372314,2.266040086746216,4.817025184631348
1.7764679568704988e+18,2114.9287109375,49.42870330810547,27.750944137573242,33.429073333740234,2329.064697265625,214.00186157226562,2313.271728515625,678.664306640625,5.715734958648682,1.8317497968673706,2.8574278354644775,5.457413196563721
1.7764679568714988e+18,2114.46875,44.83104705810547,31.888837814331055,32.96930694580078,2341.0185546875,208.94442749023438,2316.0302734375,680.50341796875,6.208558082580566,2.3574278354644775,2.266040086746216,5.457413196563721
1.7764679568724987e+18,2123.204345703125,36.09549331665039,46.141578674316406,35.727901458740234,2341.0185546875,206.1858367919922,2316.0302734375,682.80224609375,7.440616130828857,2.1602985858917236,1.7075071334838867,4.767764568328857
1.7764679568734986e+18,2125.503173828125,36.09549331665039,42.00368881225586,34.80836868286133,2335.041748046875,209.40420532226562,2318.788818359375,679.1240844726562,8.097713470458984,2.8502509593963623,2.266040086746216,5.851498126983643
1.7764679568744988e+18,2125.04345703125,43.91151428222656,42.00368881225586,38.48649597167969,2338.7197265625,213.54209899902344,2310.053466796875,686.4803466796875,6.61924409866333,2.39028263092041,2.167475461959839,4.866285800933838
1.7764679568754988e+18,2120.905517578125,37.9345588684082,36.94626235961914,27.911880493164062,2334.1220703125,208.4846649169922,2302.697021484375,683.2620239257812,6.2906951904296875,2.7516863346099854,1.313248634338379,5.014067649841309
1.7764679568764987e+18,2117.687255859375,42.5322151184082,30.509540557861328,32.96930694580078,2334.58203125,211.24327087402344,2313.271728515625,685.10107421875,7.358479022979736,3.178799629211426,2.430314302444458,5.457413196563721
1.776467956877499e+18,2118.606689453125,49.42870330810547,33.26813507080078,34.348602294921875,2330.90380859375,216.30068969726562,2318.3291015625,680.9631958007812,7.851302146911621,3.605912923812866,2.627443552017212,5.26037073135376
1.7764679568784988e+18,2114.9287109375,46.21034240722656,28.67047691345215,28.83141326904297,2330.444091796875,214.00186157226562,2312.352294921875,683.2620239257812,7.5227532386779785,2.226008176803589,2.5945887565612793,5.2111101150512695
1.7764679568794988e+18,2114.009033203125,52.18730163574219,33.26813507080078,38.026729583740234,2323.547607421875,213.54209899902344,2309.593505859375,683.2620239257812,8.015576362609863,1.9631692171096802,2.4631693363189697,5.063328266143799
1.7764679568804987e+18,2121.8251953125,39.3138542175293,44.76228332519531,28.371646881103516,2340.09912109375,208.02490234375,2315.570556640625,679.1240844726562,8.426261901855469,2.9488155841827393,1.3789583444595337,4.817025184631348
1.776467956881499e+18,2120.44580078125,35.63572692871094,42.46345138549805,28.83141326904297,2341.478515625,212.62255859375,2313.271728515625,691.0780029296875,8.097713470458984,2.8173959255218506,1.6746522188186646,5.457413196563721
1.7764679568824988e+18,2121.365234375,39.77362060546875,42.9232177734375,37.56696319580078,2334.1220703125,207.5651397705078,2313.271728515625,687.39990234375,7.276341438293457,2.685976505279541,1.9046363830566406,5.9992804527282715
1.7764679568834988e+18,2122.284912109375,38.39432144165039,38.78532409667969,31.590007781982422,2337.80029296875,214.92138671875,2315.570556640625,684.1815185546875,7.029930114746094,2.39028263092041,2.3646047115325928,5.4081525802612305
1.776467956884499e+18,2115.388427734375,41.6126823425293,31.4290714263916,22.854455947875977,2335.50146484375,208.4846649169922,2311.4326171875,682.3424682617188,8.015576362609863,2.226008176803589,1.2803937196731567,4.422940254211426
1.776467956885499e+18,2120.905517578125,46.670108795166016,30.049774169921875,32.50954055786133,2334.1220703125,217.67999267578125,2309.1337890625,684.6412963867188,7.769164562225342,2.4559924602508545,2.5617339611053467,4.718503952026367
1.7764679568864988e+18,2117.2275390625,54.48612976074219,34.18766784667969,40.3255615234375,2333.20263671875,215.3811492919922,2316.489990234375,680.9631958007812,8.426261901855469,2.883105754852295,3.3502509593963623,5.506673812866211
1.7764679568874988e+18,2112.629638671875,49.42870330810547,30.049774169921875,32.50954055786133,2329.064697265625,214.4616241455078,2315.11083984375,680.50341796875,6.61924409866333,3.080235004425049,2.8574278354644775,5.506673812866211
1.776467956888499e+18,2114.46875,43.45174789428711,39.24509048461914,31.13024139404297,2335.961181640625,209.8639678955078,2309.593505859375,683.7217407226562,7.194204330444336,1.7988948822021484,1.214684009552002,5.457413196563721
1.776467956889499e+18,2121.8251953125,37.9345588684082,40.6243896484375,32.50954055786133,2331.363525390625,212.62255859375,2311.4326171875,682.3424682617188,6.044283866882324,2.5545570850372314,1.313248634338379,4.915546417236328
1.7764679568904988e+18,2119.986083984375,42.5322151184082,42.46345138549805,26.532583236694336,2345.156494140625,206.1858367919922,2314.651123046875,679.5838623046875,5.880009651184082,2.4559924602508545,1.7732168436050415,5.112588882446289
1.776467956891499e+18,2120.905517578125,44.83104705810547,38.3255615234375,28.371646881103516,2337.80029296875,213.0823211669922,2312.352294921875,684.1815185546875,6.865655899047852,2.8502509593963623,2.824572801589966,5.654455661773682
1.776467956892499e+18,2119.5263671875,47.12987518310547,35.56696319580078,32.049774169921875,2339.1796875,209.40420532226562,2312.352294921875,685.5608520507812,7.194204330444336,3.80304217338562,2.791718006134033,5.654455661773682
1.776467956893499e+18,2115.388427734375,44.83104705810547,34.18766784667969,22.854455947875977,2335.041748046875,206.64559936523438,2307.754638671875,680.0436401367188,5.6335978507995605,2.324572801589966,2.4960241317749023,4.5707221031188965
1.7764679568944988e+18,2112.169921875,46.670108795166016,30.509540557861328,30.210710525512695,2326.765869140625,212.1627960205078,2317.40966796875,681.8826904296875,6.537106990814209,2.0617339611053467,2.7588632106781006,5.2111101150512695
1.776467956895499e+18,2112.169921875,47.58964157104492,31.4290714263916,32.049774169921875,2327.685546875,216.7604522705078,2307.294677734375,681.4229125976562,7.440616130828857,1.0103778839111328,1.214684009552002,4.422940254211426
1.776467956896499e+18,2118.606689453125,39.3138542175293,37.86579513549805,22.394689559936523,2334.1220703125,211.70303344726562,2310.51318359375,682.80224609375,7.769164562225342,2.8502509593963623,1.5760875940322876,5.014067649841309
1.776467956897499e+18,2123.6640625,35.63572692871094,43.842750549316406,22.394689559936523,2340.558837890625,207.5651397705078,2316.489990234375,678.664306640625,7.6048903465271,2.981670379638672,1.5760875940322876,5.555934429168701
1.776467956898499e+18,2121.365234375,39.3138542175293,36.94626235961914,24.693519592285156,2345.156494140625,212.62255859375,2313.7314453125,685.10107421875,5.962146759033203,2.8502509593963623,1.641797423362732,4.521461486816406
1.776467956899499e+18,2124.583740234375,34.256431579589844,40.6243896484375,23.77398681640625,2340.558837890625,215.84092712402344,2311.892333984375,689.69873046875,8.83694839477539,3.1130897998809814,1.2803937196731567,5.26037073135376
1.7764679569004992e+18,2120.905517578125,42.5322151184082,31.888837814331055,31.590007781982422,2339.639404296875,209.40420532226562,2311.892333984375,682.3424682617188,8.426261901855469,4.065881252288818,2.4960241317749023,5.752976894378662
1.7764679569014991e+18,2116.307861328125,40.2333869934082,32.80836868286133,27.911880493164062,2337.80029296875,208.4846649169922,2317.40966796875,677.7448120117188,6.044283866882324,2.5545570850372314,2.8574278354644775,5.457413196563721
1.776467956902499e+18,2114.9287109375,51.26776885986328,36.026729583740234,38.026729583740234,2326.30615234375,215.84092712402344,2307.754638671875,679.1240844726562,5.305048942565918,2.6531217098236084,3.383105754852295,4.521461486816406
1.7764679569034993e+18,2121.8251953125,51.26776885986328,27.750944137573242,31.590007781982422,2327.2255859375,213.0823211669922,2309.1337890625,679.1240844726562,5.797872066497803,1.9631692171096802,2.134620428085327,4.422940254211426
1.7764679569044992e+18,2115.388427734375,50.80800247192383,33.26813507080078,30.210710525512695,2331.8232421875,218.13975524902344,2312.81201171875,680.9631958007812,7.769164562225342,2.39028263092041,2.0032010078430176,5.112588882446289
1.7764679569054991e+18,2124.583740234375,39.77362060546875,33.26813507080078,23.31422233581543,2344.69677734375,208.94442749023438,2317.40966796875,686.0205688476562,6.947793006896973,3.047380208969116,1.8060717582702637,5.2111101150512695
1.7764679569064993e+18,2125.962890625,34.71619415283203,39.704856872558594,32.96930694580078,2338.7197265625,210.7834930419922,2310.972900390625,680.50341796875,6.701381206512451,3.638767957687378,2.233185052871704,5.35889196395874
1.7764679569074993e+18,2125.503173828125,40.2333869934082,36.48649597167969,24.693519592285156,2334.58203125,208.02490234375,2310.51318359375,685.10107421875,4.155128479003906,3.4744935035705566,2.7588632106781006,5.457413196563721
1.7764679569084995e+18,2126.4228515625,39.3138542175293,43.38298416137695,33.88883590698242,2334.1220703125,213.54209899902344,2306.8349609375,684.6412963867188,6.126420974731445,3.605912923812866,2.9559924602508545,4.915546417236328
1.7764679569094994e+18,2119.06640625,42.07244873046875,35.10719680786133,24.233753204345703,2337.340576171875,208.94442749023438,2309.593505859375,685.5608520507812,7.112067222595215,3.178799629211426,2.7588632106781006,6.097801685333252
1.7764679569104993e+18,2116.307861328125,49.88846969604492,30.509540557861328,32.96930694580078,2331.363525390625,212.1627960205078,2315.11083984375,684.6412963867188,5.140774726867676,1.6346205472946167,2.068910837173462,4.619982719421387
1.7764679569114995e+18,2115.84814453125,45.290809631347656,30.96930503845215,26.532583236694336,2334.1220703125,217.67999267578125,2319.248779296875,678.664306640625,4.976500511169434,2.324572801589966,2.2988948822021484,4.718503952026367
1.7764679569124995e+18,2118.14697265625,47.12987518310547,28.67047691345215,26.532583236694336,2332.742919921875,216.7604522705078,2311.892333984375,682.3424682617188,6.208558082580566,2.8173959255218506,2.4960241317749023,5.161849498748779
1.7764679569134996e+18,2121.8251953125,40.2333869934082,31.4290714263916,26.99234962463379,2338.7197265625,212.1627960205078,2308.674072265625,681.8826904296875,6.044283866882324,3.343074083328247,1.116119384765625,5.35889196395874
1.7764679569144996e+18,2118.606689453125,42.07244873046875,40.6243896484375,19.176328659057617,2341.0185546875,208.4846649169922,2319.248779296875,680.9631958007812,6.454969882965088,3.3102190494537354,2.1017656326293945,6.442625999450684
1.7764679569154995e+18,2125.04345703125,36.555259704589844,40.6243896484375,30.67047691345215,2341.0185546875,214.00186157226562,2315.570556640625,685.10107421875,7.769164562225342,4.000171661376953,2.6602985858917236,4.964807033538818
1.7764679569164997e+18,2120.905517578125,40.2333869934082,37.86579513549805,26.072816848754883,2333.20263671875,217.22021484375,2312.81201171875,688.3193969726562,5.880009651184082,2.685976505279541,1.8717814683914185,5.2111101150512695
1.7764679569174996e+18,2123.204345703125,36.09549331665039,38.78532409667969,34.348602294921875,2340.558837890625,213.54209899902344,2315.11083984375,679.1240844726562,6.537106990814209,3.737332582473755,2.7588632106781006,5.654455661773682
1.7764679569184996e+18,2115.388427734375,43.91151428222656,29.590007781982422,31.13024139404297,2328.60498046875,211.70303344726562,2309.593505859375,679.5838623046875,6.783518314361572,2.685976505279541,2.5945887565612793,5.703716278076172
1.7764679569194998e+18,2113.54931640625,45.75057601928711,31.4290714263916,25.61305046081543,2324.9267578125,212.1627960205078,2315.11083984375,677.7448120117188,6.61924409866333,2.6202666759490967,2.3646047115325928,5.752976894378662
1.7764679569204997e+18,2116.767578125,53.56659698486328,24.532583236694336,34.80836868286133,2331.363525390625,226.87530517578125,2306.8349609375,683.7217407226562,6.783518314361572,1.7331851720809937,2.03605580329895,5.4081525802612305
1.7764679569215e+18,2125.04345703125,40.2333869934082,38.78532409667969,19.63609504699707,2335.961181640625,210.7834930419922,2313.7314453125,684.6412963867188,6.2906951904296875,2.981670379638672,1.7075071334838867,5.703716278076172
1.7764679569224998e+18,2120.44580078125,41.6126823425293,44.30251693725586,22.854455947875977,2342.39794921875,209.40420532226562,2319.248779296875,683.7217407226562,6.783518314361572,4.525849342346191,2.2003302574157715,5.26037073135376
1.7764679569234998e+18,2117.2275390625,44.371280670166016,38.3255615234375,35.727901458740234,2335.50146484375,207.10537719726562,2315.11083984375,677.2850341796875,5.387186527252197,3.80304217338562,3.1531217098236084,5.605195045471191
1.7764679569245e+18,2128.7216796875,37.0150260925293,44.30251693725586,38.94626235961914,2334.1220703125,215.84092712402344,2314.191162109375,680.50341796875,7.276341438293457,3.704477548599243,2.627443552017212,6.590407848358154
1.7764679569255e+18,2128.26171875,41.15291976928711,40.6243896484375,33.429073333740234,2336.4208984375,208.4846649169922,2307.754638671875,683.7217407226562,6.701381206512451,3.441638708114624,2.2988948822021484,6.196322917938232
1.7764679569264998e+18,2120.905517578125,44.371280670166016,34.64743423461914,37.10719680786133,2330.90380859375,212.1627960205078,2313.7314453125,682.80224609375,6.783518314361572,2.324572801589966,2.791718006134033,5.26037073135376
1.7764679569275e+18,2113.54931640625,48.968936920166016,30.049774169921875,33.429073333740234,2334.58203125,220.43858337402344,2309.593505859375,682.3424682617188,8.344124794006348,1.5360559225082397,1.7075071334838867,4.619982719421387
1.7764679569285e+18,2119.06640625,51.26776885986328,31.4290714263916,35.26813507080078,2326.30615234375,218.13975524902344,2310.51318359375,681.4229125976562,5.6335978507995605,2.127443552017212,1.8060717582702637,3.7825520038604736
1.7764679569295002e+18,2114.46875,43.91151428222656,32.80836868286133,24.233753204345703,2336.4208984375,212.62255859375,2313.7314453125,684.1815185546875,6.454969882965088,1.8646045923233032,1.1489742994308472,3.634770154953003
1.7764679569305e+18,2122.284912109375,40.693153381347656,38.78532409667969,27.45211410522461,2333.20263671875,212.1627960205078,2310.972900390625,685.10107421875,6.783518314361572,1.7003302574157715,0.6232962608337402,4.521461486816406
1.7764679569315e+18,2124.1240234375,37.0150260925293,41.08415603637695,31.13024139404297,2344.69677734375,212.62255859375,2314.651123046875,682.3424682617188,6.61924409866333,1.8317497968673706,0.2618926465511322,4.915546417236328
1.7764679569325002e+18,2122.74462890625,39.77362060546875,42.46345138549805,37.10719680786133,2340.558837890625,207.5651397705078,2322.9267578125,675.90576171875,6.537106990814209,2.488847255706787,0.6890060305595398,4.669243335723877
1.7764679569335002e+18,2121.365234375,37.9345588684082,37.86579513549805,36.64743423461914,2339.639404296875,212.62255859375,2322.00732421875,683.2620239257812,7.112067222595215,3.145944833755493,2.03605580329895,4.5707221031188965
1.7764679569345e+18,2125.503173828125,42.5322151184082,34.18766784667969,30.67047691345215,2335.041748046875,211.70303344726562,2310.51318359375,681.4229125976562,5.469323635101318,2.39028263092041,1.444668173789978,5.161849498748779
1.7764679569355003e+18,2116.767578125,46.670108795166016,30.049774169921875,30.67047691345215,2328.145263671875,213.54209899902344,2315.11083984375,678.20458984375,6.2906951904296875,1.5032010078430176,1.313248634338379,4.225897789001465
1.7764679569365002e+18,2114.009033203125,48.50917434692383,29.590007781982422,25.15328598022461,2332.283203125,216.7604522705078,2315.570556640625,680.0436401367188,7.440616130828857,2.0945887565612793,1.7075071334838867,4.718503952026367
1.7764679569375004e+18,2114.46875,42.5322151184082,28.210710525512695,30.210710525512695,2330.90380859375,215.84092712402344,2313.7314453125,682.80224609375,5.469323635101318,1.8974595069885254,2.068910837173462,4.127376556396484
1.7764679569385004e+18,2120.905517578125,42.991981506347656,38.3255615234375,34.348602294921875,2333.662353515625,214.00186157226562,2317.869384765625,679.5838623046875,6.865655899047852,2.883105754852295,1.214684009552002,5.112588882446289
1.7764679569395003e+18,2121.365234375,41.15291976928711,40.6243896484375,33.88883590698242,2334.58203125,209.8639678955078,2315.11083984375,679.1240844726562,6.126420974731445,2.39028263092041,2.430314302444458,4.5707221031188965
1.7764679569405005e+18,2119.986083984375,37.9345588684082,39.704856872558594,26.072816848754883,2343.3173828125,208.4846649169922,2314.191162109375,682.80224609375,6.865655899047852,3.145944833755493,2.3974595069885254,4.767764568328857
1.7764679569415004e+18,2121.8251953125,38.854087829589844,38.78532409667969,32.50954055786133,2336.4208984375,205.72607421875,2307.754638671875,678.664306640625,7.194204330444336,1.6674753427505493,0.8204255104064941,4.915546417236328
1.7764679569425006e+18,2115.84814453125,36.09549331665039,29.590007781982422,32.50954055786133,2331.363525390625,209.8639678955078,2311.892333984375,684.6412963867188,6.537106990814209,2.5217020511627197,2.233185052871704,5.26037073135376
1.7764679569435005e+18,2118.606689453125,35.63572692871094,30.96930503845215,26.532583236694336,2340.09912109375,209.8639678955078,2312.81201171875,686.0205688476562,8.261987686157227,3.4087836742401123,1.9046363830566406,4.866285800933838
1.7764679569445005e+18,2114.9287109375,49.42870330810547,29.590007781982422,34.80836868286133,2334.58203125,218.59951782226562,2315.570556640625,681.8826904296875,8.015576362609863,3.605912923812866,2.528878927230835,4.669243335723877
1.7764679569455007e+18,2116.307861328125,43.45174789428711,24.532583236694336,30.67047691345215,2340.558837890625,211.70303344726562,2316.489990234375,681.8826904296875,6.372832775115967,3.343074083328247,3.5145251750946045,5.4081525802612305
1.7764679569465006e+18,2113.089599609375,40.2333869934082,41.543922424316406,21.47515869140625,2338.7197265625,210.32373046875,2311.892333984375,683.2620239257812,5.797872066497803,3.2116544246673584,2.627443552017212,4.866285800933838
1.7764679569475005e+18,2126.4228515625,29.199005126953125,43.38298416137695,29.750944137573242,2337.80029296875,208.94442749023438,2313.271728515625,687.39990234375,6.865655899047852,3.638767957687378,2.331749677658081,5.703716278076172
1.7764679569485007e+18,2120.44580078125,41.6126823425293,48.44041061401367,33.429073333740234,2342.39794921875,205.2663116455078,2318.788818359375,679.5838623046875,7.194204330444336,4.65726900100708,3.481670379638672,5.900758743286133
1.7764679569495007e+18,2126.4228515625,39.3138542175293,39.24509048461914,38.94626235961914,2341.938232421875,214.00186157226562,2314.191162109375,687.8596801757812,7.851302146911621,3.934461832046509,3.3173959255218506,6.196322917938232
1.7764679569505009e+18,2123.6640625,37.9345588684082,36.026729583740234,32.049774169921875,2343.3173828125,215.3811492919922,2312.81201171875,685.10107421875,8.015576362609863,3.5073482990264893,3.2188313007354736,5.752976894378662
1.7764679569515008e+18,2120.905517578125,38.854087829589844,34.64743423461914,32.049774169921875,2340.558837890625,211.70303344726562,2318.788818359375,683.7217407226562,6.783518314361572,3.6716227531433105,3.2516863346099854,5.752976894378662
1.7764679569525007e+18,2118.14697265625,47.58964157104492,27.750944137573242,34.80836868286133,2331.363525390625,213.0823211669922,2322.00732421875,677.7448120117188,7.194204330444336,2.6202666759490967,3.4159605503082275,4.915546417236328
1.776467956953501e+18,2114.009033203125,42.07244873046875,31.4290714263916,33.429073333740234,2321.70849609375,218.13975524902344,2318.788818359375,676.8252563476562,6.783518314361572,2.784541130065918,2.726008176803589,5.605195045471191
1.7764679569545009e+18,2111.710205078125,44.371280670166016,27.750944137573242,32.049774169921875,2325.846435546875,218.59951782226562,2313.7314453125,681.4229125976562,7.6048903465271,2.7188313007354736,2.266040086746216,4.669243335723877
1.7764679569555008e+18,2122.284912109375,33.79666519165039,41.543922424316406,35.727901458740234,2343.77734375,213.54209899902344,2304.995849609375,687.39990234375,7.769164562225342,3.2116544246673584,1.9046363830566406,5.752976894378662
1.776467956956501e+18,2127.34228515625,36.09549331665039,42.46345138549805,35.727901458740234,2344.237060546875,210.32373046875,2316.949951171875,684.6412963867188,7.112067222595215,4.09873628616333,2.6602985858917236,6.688929080963135
1.776467956957501e+18,2124.583740234375,39.77362060546875,36.94626235961914,32.049774169921875,2340.558837890625,206.1858367919922,2316.489990234375,686.4803466796875,7.6048903465271,4.197300910949707,3.1202666759490967,5.950019836425781
1.776467956958501e+18,2125.503173828125,35.63572692871094,38.3255615234375,27.45211410522461,2336.4208984375,206.1858367919922,2309.1337890625,685.10107421875,6.454969882965088,2.9488155841827393,2.988847255706787,6.294844150543213
1.776467956959501e+18,2115.84814453125,40.2333869934082,37.86579513549805,30.67047691345215,2340.558837890625,212.62255859375,2312.352294921875,683.7217407226562,7.029930114746094,2.7188313007354736,2.4960241317749023,5.2111101150512695
1.776467956960501e+18,2118.606689453125,39.77362060546875,36.026729583740234,36.18766784667969,2326.765869140625,219.0592803955078,2312.352294921875,681.8826904296875,7.440616130828857,2.6202666759490967,1.8389266729354858,4.915546417236328
1.7764679569615012e+18,2113.54931640625,37.47479248046875,29.590007781982422,27.911880493164062,2330.444091796875,213.54209899902344,2318.3291015625,683.2620239257812,7.358479022979736,1.7660399675369263,2.3974595069885254,4.472200870513916
1.776467956962501e+18,2111.25048828125,45.75057601928711,29.590007781982422,34.348602294921875,2329.984375,219.51904296875,2308.21435546875,682.3424682617188,6.537106990814209,1.7660399675369263,1.7075071334838867,5.2111101150512695
1.776467956963501e+18,2123.204345703125,33.79666519165039,41.543922424316406,21.015392303466797,2335.041748046875,215.84092712402344,2309.593505859375,681.4229125976562,7.194204330444336,1.0103778839111328,0.5575864911079407,4.3736796379089355
1.7764679569645012e+18,2123.6640625,35.175960540771484,44.30251693725586,32.50954055786133,2342.857666015625,209.8639678955078,2324.30615234375,686.4803466796875,6.701381206512451,3.178799629211426,0.9518449902534485,5.161849498748779
1.7764679569655012e+18,2125.503173828125,36.555259704589844,39.24509048461914,33.429073333740234,2341.938232421875,213.54209899902344,2315.570556640625,684.6412963867188,7.194204330444336,2.39028263092041,1.1818290948867798,4.028855323791504
1.7764679569665014e+18,2121.365234375,37.0150260925293,36.026729583740234,31.590007781982422,2339.1796875,213.0823211669922,2310.972900390625,687.8596801757812,6.537106990814209,3.4744935035705566,1.7403620481491089,5.112588882446289
1.7764679569675013e+18,2121.365234375,37.0150260925293,38.78532409667969,28.371646881103516,2334.1220703125,208.94442749023438,2317.869384765625,683.7217407226562,7.6048903465271,2.226008176803589,1.7403620481491089,5.26037073135376
1.7764679569685012e+18,2113.54931640625,44.83104705810547,36.48649597167969,35.26813507080078,2334.58203125,213.0823211669922,2320.6279296875,679.1240844726562,6.208558082580566,2.1602985858917236,1.8389266729354858,4.176637172698975
1.7764679569695014e+18,2119.986083984375,42.991981506347656,30.509540557861328,29.750944137573242,2332.742919921875,217.22021484375,2316.0302734375,677.7448120117188,5.962146759033203,2.028878927230835,2.9559924602508545,4.422940254211426
1.7764679569705014e+18,2110.790771484375,48.968936920166016,25.45211410522461,38.48649597167969,2323.547607421875,219.97882080078125,2310.053466796875,681.8826904296875,5.222911834716797,2.0945887565612793,2.9231374263763428,5.457413196563721
1.7764679569715016e+18,2120.905517578125,36.09549331665039,35.10719680786133,26.532583236694336,2335.041748046875,214.4616241455078,2316.489990234375,684.1815185546875,6.537106990814209,2.9159605503082275,2.068910837173462,4.619982719421387
1.7764679569725015e+18,2120.44580078125,32.877132415771484,40.16462326049805,27.45211410522461,2341.478515625,211.70303344726562,2310.972900390625,683.7217407226562,8.75481128692627,2.028878927230835,1.313248634338379,5.555934429168701
1.7764679569735014e+18,2121.8251953125,34.71619415283203,43.842750549316406,28.371646881103516,2339.639404296875,212.1627960205078,2309.1337890625,683.7217407226562,6.2906951904296875,3.2116544246673584,1.543232798576355,4.817025184631348
1.7764679569745016e+18,2125.04345703125,40.2333869934082,36.026729583740234,33.429073333740234,2337.340576171875,207.5651397705078,2309.593505859375,685.10107421875,6.2906951904296875,2.587411880493164,1.7732168436050415,4.3736796379089355
1.7764679569755016e+18,2122.74462890625,34.256431579589844,41.08415603637695,29.750944137573242,2333.20263671875,215.84092712402344,2307.754638671875,684.6412963867188,8.426261901855469,3.80304217338562,1.9703460931777954,5.4081525802612305
1.7764679569765015e+18,2120.44580078125,45.290809631347656,34.64743423461914,30.67047691345215,2335.041748046875,213.54209899902344,2316.0302734375,676.8252563476562,7.687027454376221,3.6716227531433105,3.4488155841827393,4.521461486816406
1.7764679569775017e+18,2118.14697265625,43.45174789428711,32.348602294921875,38.48649597167969,2325.38671875,214.4616241455078,2313.271728515625,680.0436401367188,4.647951602935791,3.047380208969116,3.0545570850372314,4.275158405303955
1.7764679569785016e+18,2113.54931640625,39.77362060546875,27.750944137573242,30.210710525512695,2326.30615234375,213.0823211669922,2314.191162109375,680.50341796875,7.029930114746094,2.1602985858917236,2.824572801589966,4.5707221031188965
1.7764679569795018e+18,2114.009033203125,43.45174789428711,29.590007781982422,32.049774169921875,2332.283203125,216.7604522705078,2308.21435546875,681.8826904296875,6.126420974731445,1.7660399675369263,2.134620428085327,4.422940254211426
1.7764679569805018e+18,2126.4228515625,35.63572692871094,37.406028747558594,31.13024139404297,2340.09912109375,204.80653381347656,2315.11083984375,680.50341796875,6.044283866882324,2.291718006134033,1.2475389242172241,4.817025184631348
1.7764679569815017e+18,2124.583740234375,37.0150260925293,36.48649597167969,26.99234962463379,2343.3173828125,213.54209899902344,2316.489990234375,685.5608520507812,6.537106990814209,3.7701873779296875,1.1818290948867798,5.35889196395874
1.776467956982502e+18,2126.882568359375,31.497835159301758,34.18766784667969,28.83141326904297,2340.558837890625,214.92138671875,2314.191162109375,680.50341796875,7.276341438293457,2.5545570850372314,1.7075071334838867,4.078115940093994
1.7764679569835018e+18,2122.284912109375,36.555259704589844,36.48649597167969,33.429073333740234,2340.09912109375,209.8639678955078,2312.81201171875,688.7791748046875,8.590537071228027,2.8173959255218506,1.3789583444595337,4.422940254211426
1.7764679569845018e+18,2118.606689453125,36.09549331665039,41.543922424316406,26.532583236694336,2342.39794921875,210.7834930419922,2318.788818359375,683.2620239257812,7.933439254760742,2.685976505279541,1.543232798576355,5.063328266143799
1.776467956985502e+18,2114.009033203125,42.5322151184082,31.4290714263916,29.29117774963379,2333.662353515625,219.51904296875,2311.4326171875,683.2620239257812,6.372832775115967,2.291718006134033,2.9231374263763428,4.915546417236328
1.776467956986502e+18,2116.307861328125,42.5322151184082,30.509540557861328,37.10719680786133,2335.50146484375,214.00186157226562,2317.40966796875,681.8826904296875,5.6335978507995605,1.2075071334838867,1.7732168436050415,4.275158405303955
1.776467956987502e+18,2114.46875,42.5322151184082,27.750944137573242,26.072816848754883,2328.60498046875,211.70303344726562,2311.892333984375,677.7448120117188,6.947793006896973,1.8974595069885254,2.068910837173462,4.866285800933838
1.776467956988502e+18,2114.46875,40.693153381347656,38.3255615234375,25.61305046081543,2339.639404296875,213.54209899902344,2312.81201171875,686.0205688476562,7.769164562225342,3.080235004425049,2.068910837173462,5.112588882446289
1.776467956989502e+18,2114.9287109375,38.854087829589844,39.704856872558594,27.45211410522461,2345.156494140625,203.8870086669922,2319.70849609375,683.7217407226562,7.112067222595215,2.9159605503082275,2.134620428085327,5.30963134765625
1.7764679569905021e+18,2124.583740234375,39.3138542175293,38.78532409667969,33.429073333740234,2341.938232421875,206.1858367919922,2314.651123046875,680.50341796875,6.2906951904296875,3.3102190494537354,2.9231374263763428,6.245583534240723
1.776467956991502e+18,2125.04345703125,37.9345588684082,40.16462326049805,36.18766784667969,2337.340576171875,208.94442749023438,2311.4326171875,683.2620239257812,6.537106990814209,3.6716227531433105,3.185976505279541,6.196322917938232
1.776467956992502e+18,2119.986083984375,39.3138542175293,38.78532409667969,32.96930694580078,2330.444091796875,208.94442749023438,2312.352294921875,680.0436401367188,6.865655899047852,2.488847255706787,2.791718006134033,4.619982719421387
1.7764679569935022e+18,2121.8251953125,40.2333869934082,39.24509048461914,36.18766784667969,2339.639404296875,212.62255859375,2313.7314453125,683.2620239257812,9.083359718322754,2.226008176803589,2.2988948822021484,4.472200870513916
1.7764679569945021e+18,2114.009033203125,42.07244873046875,32.80836868286133,30.210710525512695,2329.064697265625,213.54209899902344,2312.352294921875,678.664306640625,7.029930114746094,2.4231374263763428,2.9559924602508545,4.964807033538818
1.7764679569955023e+18,2113.54931640625,47.58964157104492,30.96930503845215,26.532583236694336,2332.742919921875,216.30068969726562,2310.053466796875,681.4229125976562,7.276341438293457,2.2588632106781006,2.2003302574157715,3.9303338527679443
1.7764679569965023e+18,2115.388427734375,36.09549331665039,39.24509048461914,26.532583236694336,2335.041748046875,208.4846649169922,2312.352294921875,682.80224609375,6.61924409866333,3.0145251750946045,2.134620428085327,4.915546417236328
1.7764679569975025e+18,2121.365234375,32.877132415771484,47.520877838134766,26.99234962463379,2340.09912109375,207.5651397705078,2308.674072265625,686.4803466796875,7.112067222595215,2.0617339611053467,0.7547157406806946,5.112588882446289
1.7764679569985024e+18,2124.583740234375,31.038068771362305,39.704856872558594,34.348602294921875,2337.340576171875,212.62255859375,2315.11083984375,681.8826904296875,7.194204330444336,3.835897207260132,1.9374912977218628,5.26037073135376
1.7764679569995023e+18,2125.04345703125,31.957599639892578,41.543922424316406,36.64743423461914,2341.0185546875,210.32373046875,2310.972900390625,686.0205688476562,6.454969882965088,2.324572801589966,1.5103778839111328,4.619982719421387
1.7764679570005025e+18,2125.04345703125,32.41736602783203,36.48649597167969,35.26813507080078,2339.639404296875,214.4616241455078,2313.7314453125,686.9401245117188,7.933439254760742,2.5217020511627197,1.5103778839111328,5.506673812866211
1.7764679570015025e+18,2118.14697265625,35.63572692871094,35.10719680786133,28.371646881103516,2335.961181640625,210.7834930419922,2311.892333984375,682.3424682617188,8.344124794006348,2.9159605503082275,3.185976505279541,5.605195045471191
1.7764679570025024e+18,2117.2275390625,42.991981506347656,31.888837814331055,31.590007781982422,2327.685546875,213.54209899902344,2316.489990234375,685.5608520507812,8.015576362609863,3.2773642539978027,2.4960241317749023,5.802237510681152
1.7764679570035023e+18,2110.790771484375,44.83104705810547,24.532583236694336,26.99234962463379,2326.30615234375,219.51904296875,2315.570556640625,681.4229125976562,7.6048903465271,3.934461832046509,3.7116544246673584,4.915546417236328
1.7764679570045025e+18,2113.089599609375,47.58964157104492,32.348602294921875,31.13024139404297,2329.5244140625,217.67999267578125,2314.191162109375,678.20458984375,5.880009651184082,3.638767957687378,3.843074083328247,5.752976894378662
1.7764679570055025e+18,2126.882568359375,31.038068771362305,44.30251693725586,34.80836868286133,2343.3173828125,205.72607421875,2316.0302734375,681.4229125976562,7.276341438293457,3.145944833755493,2.4960241317749023,6.147062301635742
1.7764679570065024e+18,2120.44580078125,38.39432144165039,44.30251693725586,29.750944137573242,2342.39794921875,203.8870086669922,2316.0302734375,677.2850341796875,7.029930114746094,2.127443552017212,1.5103778839111328,5.9992804527282715
1.7764679570075026e+18,2125.503173828125,39.77362060546875,42.46345138549805,41.24509048461914,2339.1796875,206.1858367919922,2317.869384765625,685.5608520507812,7.194204330444336,2.8502509593963623,2.726008176803589,5.9992804527282715
1.7764679570085025e+18,2121.365234375,37.9345588684082,44.76228332519531,40.3255615234375,2340.558837890625,211.24327087402344,2314.191162109375,685.10107421875,4.976500511169434,2.3574278354644775,1.6089425086975098,4.669243335723877
1.7764679570095025e+18,2118.14697265625,36.09549331665039,35.10719680786133,32.049774169921875,2339.639404296875,202.9674835205078,2311.892333984375,684.6412963867188,6.865655899047852,2.6202666759490967,2.2003302574157715,4.817025184631348
1.7764679570105024e+18,2114.009033203125,42.5322151184082,34.18766784667969,27.45211410522461,2335.961181640625,218.13975524902344,2311.892333984375,678.664306640625,6.454969882965088,1.9303144216537476,1.7075071334838867,4.078115940093994
1.7764679570115026e+18,2117.687255859375,44.371280670166016,30.049774169921875,34.348602294921875,2331.363525390625,220.89834594726562,2313.7314453125,683.2620239257812,7.440616130828857,2.39028263092041,2.8574278354644775,4.817025184631348
1.7764679570125025e+18,2114.9287109375,40.2333869934082,32.348602294921875,28.371646881103516,2325.38671875,218.13975524902344,2316.0302734375,684.1815185546875,5.880009651184082,3.1130897998809814,2.6602985858917236,4.028855323791504
1.7764679570135025e+18,2119.5263671875,36.09549331665039,39.24509048461914,25.15328598022461,2335.041748046875,211.70303344726562,2306.8349609375,682.80224609375,5.6335978507995605,2.226008176803589,1.6746522188186646,4.521461486816406
1.7764679570145027e+18,2119.06640625,34.256431579589844,33.26813507080078,28.83141326904297,2341.0185546875,204.80653381347656,2316.489990234375,684.1815185546875,6.783518314361572,2.587411880493164,1.7732168436050415,5.30963134765625
1.7764679570155026e+18,2122.74462890625,29.199005126953125,39.24509048461914,29.750944137573242,2338.7197265625,209.8639678955078,2317.40966796875,681.4229125976562,9.001222610473633,2.2588632106781006,1.641797423362732,5.506673812866211
1.7764679570165025e+18,2122.74462890625,30.57830238342285,39.24509048461914,24.233753204345703,2336.880859375,214.4616241455078,2304.076416015625,687.8596801757812,6.537106990814209,3.2116544246673584,2.4960241317749023,5.4081525802612305
1.7764679570175025e+18,2116.767578125,39.3138542175293,41.08415603637695,32.50954055786133,2340.558837890625,214.00186157226562,2318.788818359375,682.3424682617188,8.75481128692627,3.2116544246673584,1.6089425086975098,5.752976894378662
1.7764679570185027e+18,2114.009033203125,42.07244873046875,34.18766784667969,28.83141326904297,2333.20263671875,212.1627960205078,2310.51318359375,678.664306640625,6.372832775115967,2.0617339611053467,1.9046363830566406,4.619982719421387
1.7764679570195026e+18,2114.9287109375,43.45174789428711,29.590007781982422,33.429073333740234,2333.20263671875,210.7834930419922,2315.570556640625,682.3424682617188,7.440616130828857,2.488847255706787,3.087411880493164,5.2111101150512695
1.7764679570205025e+18,2119.06640625,38.39432144165039,27.750944137573242,29.750944137573242,2334.1220703125,214.00186157226562,2316.0302734375,683.2620239257812,6.947793006896973,2.4231374263763428,2.266040086746216,5.457413196563721
1.7764679570215027e+18,2119.5263671875,34.71619415283203,35.10719680786133,35.26813507080078,2339.639404296875,208.02490234375,2313.271728515625,682.3424682617188,6.454969882965088,2.6202666759490967,2.4960241317749023,5.950019836425781
1.7764679570225027e+18,2122.74462890625,35.175960540771484,45.68181228637695,31.590007781982422,2337.340576171875,207.5651397705078,2316.949951171875,684.1815185546875,7.276341438293457,2.0617339611053467,1.3789583444595337,4.5707221031188965
1.7764679570235026e+18,2118.606689453125,37.0150260925293,39.704856872558594,30.67047691345215,2337.340576171875,210.32373046875,2315.11083984375,681.8826904296875,7.029930114746094,2.7516863346099854,2.03605580329895,4.817025184631348
1.7764679570245025e+18,2128.7216796875,37.9345588684082,32.348602294921875,31.13024139404297,2334.1220703125,210.7834930419922,2309.593505859375,687.39990234375,8.097713470458984,3.3102190494537354,1.1489742994308472,4.669243335723877
1.7764679570255027e+18,2123.6640625,26.44040870666504,41.543922424316406,35.26813507080078,2338.260009765625,214.4616241455078,2308.21435546875,686.4803466796875,7.769164562225342,2.1931533813476562,1.5760875940322876,4.472200870513916
1.7764679570265027e+18,2122.74462890625,42.07244873046875,31.888837814331055,29.750944137573242,2334.1220703125,215.84092712402344,2312.81201171875,680.0436401367188,6.947793006896973,2.1602985858917236,2.1017656326293945,4.5707221031188965
1.7764679570275026e+18,2114.009033203125,39.3138542175293,22.693519592285156,27.911880493164062,2332.742919921875,218.59951782226562,2315.11083984375,679.5838623046875,5.6335978507995605,1.8317497968673706,1.5103778839111328,4.521461486816406
1.7764679570285028e+18,2115.388427734375,43.45174789428711,34.18766784667969,32.96930694580078,2330.444091796875,212.62255859375,2317.40966796875,675.90576171875,6.2906951904296875,2.7188313007354736,2.627443552017212,4.078115940093994
1.7764679570295027e+18,2117.687255859375,39.3138542175293,30.049774169921875,26.072816848754883,2332.742919921875,216.7604522705078,2318.788818359375,677.7448120117188,4.812225818634033,2.4231374263763428,2.4631693363189697,4.078115940093994
1.7764679570305027e+18,2130.560546875,30.1185359954834,41.08415603637695,31.590007781982422,2336.4208984375,215.3811492919922,2312.81201171875,685.5608520507812,6.701381206512451,4.164445877075195,2.1017656326293945,5.014067649841309
1.7764679570315026e+18,2119.06640625,31.957599639892578,39.24509048461914,28.371646881103516,2343.77734375,207.5651397705078,2308.21435546875,693.3768310546875,8.590537071228027,2.9488155841827393,1.0832644701004028,4.3736796379089355
1.7764679570325028e+18,2122.284912109375,37.9345588684082,38.78532409667969,31.590007781982422,2337.340576171875,210.7834930419922,2312.352294921875,687.39990234375,8.919085502624512,3.080235004425049,0.9846999049186707,4.964807033538818
1.7764679570335027e+18,2121.365234375,25.98064422607422,41.543922424316406,21.934925079345703,2340.09912109375,218.13975524902344,2304.076416015625,681.4229125976562,7.851302146911621,3.540203332901001,2.2988948822021484,4.521461486816406
1.7764679570345027e+18,2118.14697265625,35.63572692871094,36.48649597167969,32.049774169921875,2333.662353515625,216.30068969726562,2318.788818359375,683.7217407226562,8.426261901855469,2.5217020511627197,1.7732168436050415,5.112588882446289
1.7764679570355028e+18,2119.986083984375,44.83104705810547,33.26813507080078,28.371646881103516,2334.1220703125,216.7604522705078,2310.51318359375,683.7217407226562,7.029930114746094,2.1931533813476562,2.791718006134033,4.422940254211426
1.7764679570365028e+18,2118.606689453125,37.47479248046875,28.67047691345215,30.210710525512695,2330.90380859375,215.84092712402344,2313.271728515625,684.6412963867188,5.305048942565918,2.5217020511627197,3.1202666759490967,5.26037073135376
1.7764679570375027e+18,2118.14697265625,38.39432144165039,30.96930503845215,39.406028747558594,2329.5244140625,212.1627960205078,2315.570556640625,686.4803466796875,6.947793006896973,1.8974595069885254,1.9374912977218628,4.422940254211426
1.7764679570385027e+18,2120.905517578125,31.497835159301758,34.64743423461914,29.29117774963379,2331.8232421875,210.7834930419922,2316.0302734375,684.1815185546875,6.947793006896973,2.226008176803589,1.5103778839111328,5.014067649841309
1.7764679570395028e+18,2118.14697265625,37.9345588684082,38.78532409667969,28.371646881103516,2341.0185546875,203.42724609375,2316.949951171875,679.1240844726562,8.426261901855469,1.3389266729354858,0.8532803654670715,4.176637172698975
1.7764679570405028e+18,2119.5263671875,34.71619415283203,45.68181228637695,32.50954055786133,2336.4208984375,205.72607421875,2322.9267578125,681.4229125976562,7.440616130828857,2.3574278354644775,1.4118132591247559,4.324419021606445
1.7764679570415027e+18,2126.882568359375,33.33689880371094,41.543922424316406,40.3255615234375,2341.0185546875,208.94442749023438,2313.271728515625,686.0205688476562,6.947793006896973,3.0145251750946045,2.068910837173462,4.767764568328857
1.776467957042503e+18,2117.687255859375,32.877132415771484,36.48649597167969,33.429073333740234,2328.145263671875,216.7604522705078,2316.489990234375,684.6412963867188,6.783518314361572,2.587411880493164,2.627443552017212,4.275158405303955
1.7764679570435028e+18,2117.2275390625,35.175960540771484,42.46345138549805,33.88883590698242,2334.58203125,212.62255859375,2318.788818359375,678.20458984375,5.5514607429504395,3.178799629211426,2.4960241317749023,4.078115940093994
1.7764679570445028e+18,2114.009033203125,37.47479248046875,28.210710525512695,32.96930694580078,2324.00732421875,215.84092712402344,2317.869384765625,678.20458984375,8.50839900970459,3.4087836742401123,2.7588632106781006,5.35889196395874
1.7764679570455027e+18,2112.169921875,42.991981506347656,31.888837814331055,41.704856872558594,2331.8232421875,214.00186157226562,2310.972900390625,680.50341796875,7.440616130828857,2.4231374263763428,2.5617339611053467,5.4081525802612305
1.776467957046503e+18,2120.905517578125,35.175960540771484,40.6243896484375,31.590007781982422,2340.558837890625,211.70303344726562,2309.1337890625,687.39990234375,7.6048903465271,2.883105754852295,1.8717814683914185,5.703716278076172
1.7764679570475028e+18,2123.6640625,27.8197078704834,46.141578674316406,26.99234962463379,2340.558837890625,210.32373046875,2316.0302734375,683.2620239257812,9.576183319091797,2.2588632106781006,-0.000946354353800416,18.856304168701172
1.7764679570485028e+18,2116.307861328125,32.41736602783203,43.842750549316406,28.371646881103516,2336.880859375,210.7834930419922,2318.3291015625,676.8252563476562,13.108081817626953,3.24450945854187,1.0832644701004028,10.33421516418457
1.776467957049503e+18,2120.905517578125,32.877132415771484,37.86579513549805,31.13024139404297,2332.742919921875,211.70303344726562,2308.674072265625,684.1815185546875,9.001222610473633,3.1130897998809814,1.2475389242172241,5.9992804527282715
1.776467957050503e+18,2121.8251953125,25.061111450195312,42.9232177734375,26.99234962463379,2337.340576171875,211.24327087402344,2316.0302734375,682.80224609375,9.986868858337402,4.09873628616333,2.6931533813476562,5.802237510681152
1.7764679570515028e+18,2115.84814453125,36.09549331665039,39.704856872558594,29.29117774963379,2331.8232421875,213.54209899902344,2315.11083984375,680.0436401367188,9.411908149719238,3.3102190494537354,2.9231374263763428,5.2111101150512695
1.7764679570525028e+18,2115.84814453125,42.991981506347656,34.18766784667969,43.543922424316406,2329.064697265625,219.0592803955078,2312.352294921875,675.90576171875,11.465337753295898,2.6202666759490967,2.430314302444458,5.30963134765625
1.776467957053503e+18,2111.710205078125,41.6126823425293,23.15328598022461,30.67047691345215,2329.984375,213.0823211669922,2312.352294921875,681.8826904296875,9.904731750488281,4.394430160522461,3.6130897998809814,6.147062301635742
1.776467957054503e+18,2116.767578125,42.07244873046875,30.049774169921875,32.96930694580078,2332.742919921875,215.3811492919922,2315.11083984375,677.7448120117188,9.247633934020996,2.981670379638672,3.8102190494537354,5.161849498748779
1.7764679570555028e+18,2115.84814453125,35.175960540771484,38.3255615234375,30.67047691345215,2341.0185546875,205.2663116455078,2312.352294921875,677.2850341796875,10.643966674804688,3.605912923812866,3.580235004425049,5.654455661773682
1.7764679570565028e+18,2116.307861328125,31.038068771362305,40.6243896484375,26.072816848754883,2340.09912109375,204.34677124023438,2316.0302734375,682.3424682617188,10.80824089050293,4.624413967132568,3.7773642539978027,6.442625999450684
1.776467957057503e+18,2117.687255859375,32.877132415771484,42.9232177734375,32.96930694580078,2339.639404296875,214.4616241455078,2313.271728515625,687.39990234375,10.561829566955566,3.8687520027160645,3.7773642539978027,6.048541069030762
1.776467957058503e+18,2118.606689453125,33.33689880371094,45.222049713134766,39.406028747558594,2335.961181640625,213.54209899902344,2310.053466796875,682.3424682617188,11.136789321899414,4.4272847175598145,4.040203094482422,6.738189697265625
1.7764679570595028e+18,2120.44580078125,31.957599639892578,41.543922424316406,26.99234962463379,2335.961181640625,210.7834930419922,2314.651123046875,682.80224609375,11.136789321899414,3.7701873779296875,3.3502509593963623,5.605195045471191
1.776467957060503e+18,2118.14697265625,42.5322151184082,33.26813507080078,28.371646881103516,2325.846435546875,217.22021484375,2316.489990234375,684.1815185546875,11.958161354064941,2.883105754852295,3.7773642539978027,4.866285800933838
1.776467957061503e+18,2111.710205078125,36.555259704589844,30.509540557861328,25.61305046081543,2327.2255859375,214.4616241455078,2312.81201171875,680.0436401367188,9.82259464263916,2.981670379638672,3.2516863346099854,4.964807033538818
1.776467957062503e+18,2110.790771484375,44.371280670166016,33.26813507080078,21.015392303466797,2329.984375,214.00186157226562,2303.61669921875,679.1240844726562,11.054652214050293,2.5217020511627197,2.266040086746216,4.275158405303955
1.7764679570635028e+18,2118.14697265625,35.63572692871094,40.6243896484375,30.210710525512695,2333.20263671875,214.92138671875,2314.651123046875,680.9631958007812,11.136789321899414,3.6716227531433105,3.0217020511627197,5.161849498748779
1.776467957064503e+18,2116.767578125,28.27947235107422,43.842750549316406,31.13024139404297,2335.50146484375,209.40420532226562,2318.788818359375,680.50341796875,11.465337753295898,4.525849342346191,3.6130897998809814,5.950019836425781
1.776467957065503e+18,2118.606689453125,29.658771514892578,40.16462326049805,25.61305046081543,2341.0185546875,213.54209899902344,2316.489990234375,684.6412963867188,11.301063537597656,4.164445877075195,3.1531217098236084,6.344104766845703
1.776467957066503e+18,2118.14697265625,37.47479248046875,36.94626235961914,35.26813507080078,2339.639404296875,217.22021484375,2314.651123046875,678.20458984375,10.726103782653809,2.4559924602508545,2.2003302574157715,5.851498126983643
1.776467957067503e+18,2119.5263671875,39.77362060546875,38.78532409667969,31.590007781982422,2334.58203125,207.10537719726562,2314.651123046875,680.50341796875,10.89037799835205,4.164445877075195,3.7116544246673584,5.4081525802612305
1.776467957068503e+18,2117.687255859375,39.3138542175293,33.727901458740234,35.26813507080078,2327.685546875,218.59951782226562,2315.11083984375,680.0436401367188,11.136789321899414,4.263010501861572,3.284541130065918,5.851498126983643
1.776467957069503e+18,2110.790771484375,43.45174789428711,34.64743423461914,31.13024139404297,2329.5244140625,215.3811492919922,2306.375244140625,682.80224609375,9.740457534790039,3.605912923812866,3.74450945854187,5.112588882446289
1.776467957070503e+18,2113.089599609375,40.693153381347656,25.45211410522461,21.47515869140625,2326.765869140625,216.7604522705078,2313.7314453125,679.5838623046875,9.904731750488281,3.704477548599243,3.185976505279541,6.147062301635742
1.776467957071503e+18,2121.365234375,37.47479248046875,38.78532409667969,28.83141326904297,2340.09912109375,213.0823211669922,2316.0302734375,688.3193969726562,9.49404525756836,4.295865535736084,3.8102190494537354,6.147062301635742
1.776467957072503e+18,2119.06640625,32.41736602783203,39.704856872558594,21.934925079345703,2337.340576171875,210.32373046875,2316.949951171875,676.8252563476562,9.904731750488281,2.5217020511627197,1.7403620481491089,5.014067649841309
1.776467957073503e+18,2117.687255859375,41.6126823425293,43.38298416137695,35.727901458740234,2341.0185546875,206.1858367919922,2315.570556640625,678.20458984375,7.6048903465271,2.883105754852295,2.1017656326293945,5.802237510681152
1.7764679570745032e+18,2126.882568359375,36.09549331665039,37.406028747558594,32.96930694580078,2332.283203125,209.8639678955078,2308.21435546875,682.3424682617188,9.82259464263916,3.5073482990264893,3.4159605503082275,6.541147232055664
1.776467957075503e+18,2115.84814453125,33.33689880371094,46.60134506225586,35.727901458740234,2334.58203125,212.1627960205078,2308.21435546875,682.80224609375,9.49404525756836,3.8687520027160645,2.89028263092041,5.555934429168701
1.776467957076503e+18,2113.089599609375,37.47479248046875,33.26813507080078,33.88883590698242,2327.2255859375,210.7834930419922,2313.271728515625,673.60693359375,10.726103782653809,2.7516863346099854,2.4960241317749023,4.964807033538818
1.776467957077503e+18,2114.9287109375,37.9345588684082,35.10719680786133,37.56696319580078,2326.30615234375,218.13975524902344,2314.651123046875,674.066650390625,10.151143074035645,2.981670379638672,2.430314302444458,4.718503952026367
1.7764679570785032e+18,2108.031982421875,37.47479248046875,30.049774169921875,32.049774169921875,2330.444091796875,214.92138671875,2316.0302734375,679.5838623046875,11.136789321899414,3.0145251750946045,3.1531217098236084,4.964807033538818
1.776467957079503e+18,2113.54931640625,37.47479248046875,33.26813507080078,28.83141326904297,2328.60498046875,218.59951782226562,2314.651123046875,675.90576171875,8.672674179077148,3.737332582473755,3.6130897998809814,4.669243335723877
1.776467957080503e+18,2123.204345703125,28.27947235107422,42.46345138549805,27.45211410522461,2339.1796875,205.2663116455078,2313.7314453125,686.0205688476562,10.89037799835205,3.6716227531433105,2.726008176803589,5.703716278076172
1.7764679570815032e+18,2116.767578125,32.877132415771484,42.9232177734375,33.429073333740234,2340.09912109375,207.5651397705078,2314.191162109375,680.50341796875,9.165496826171875,4.492994785308838,2.9231374263763428,6.245583534240723
1.7764679570825032e+18,2115.84814453125,32.41736602783203,44.76228332519531,32.96930694580078,2342.39794921875,215.3811492919922,2315.570556640625,680.0436401367188,10.151143074035645,3.540203332901001,2.9231374263763428,5.752976894378662
1.776467957083503e+18,2119.5263671875,31.957599639892578,43.38298416137695,30.67047691345215,2335.961181640625,217.67999267578125,2315.570556640625,679.1240844726562,8.83694839477539,4.591559410095215,3.284541130065918,5.654455661773682
1.776467957084503e+18,2120.44580078125,33.33689880371094,40.6243896484375,37.56696319580078,2335.50146484375,213.54209899902344,2317.40966796875,681.4229125976562,11.547475814819336,5.248656749725342,2.988847255706787,6.541147232055664
1.7764679570855032e+18,2115.388427734375,39.77362060546875,25.45211410522461,27.911880493164062,2324.00732421875,210.32373046875,2311.4326171875,677.2850341796875,10.069005966186523,4.2301554679870605,4.565881252288818,6.196322917938232
1.7764679570865032e+18,2111.25048828125,47.58964157104492,34.64743423461914,36.64743423461914,2327.2255859375,218.13975524902344,2310.053466796875,683.7217407226562,9.904731750488281,3.540203332901001,4.105913162231445,5.950019836425781
1.776467957087503e+18,2112.169921875,38.39432144165039,30.049774169921875,35.26813507080078,2323.547607421875,212.62255859375,2312.352294921875,683.2620239257812,11.054652214050293,3.4744935035705566,3.8759288787841797,5.900758743286133
1.7764679570885033e+18,2114.009033203125,43.91151428222656,29.13024139404297,35.727901458740234,2327.685546875,208.02490234375,2312.81201171875,675.90576171875,11.547475814819336,4.854398250579834,3.8759288787841797,6.787450313568115
1.7764679570895032e+18,2119.06640625,31.497835159301758,34.64743423461914,24.693519592285156,2339.639404296875,208.94442749023438,2314.651123046875,684.1815185546875,12.368846893310547,5.051527500152588,4.237332344055176,7.033753395080566
1.7764679570905032e+18,2122.74462890625,30.1185359954834,41.543922424316406,32.50954055786133,2335.50146484375,206.1858367919922,2311.892333984375,681.8826904296875,9.904731750488281,4.197300910949707,3.2188313007354736,6.196322917938232
1.776467957091503e+18,2117.687255859375,37.47479248046875,36.94626235961914,33.88883590698242,2339.639404296875,211.70303344726562,2313.7314453125,685.5608520507812,11.629612922668457,4.887253284454346,3.383105754852295,6.196322917938232
1.7764679570925033e+18,2114.46875,44.83104705810547,40.16462326049805,31.13024139404297,2327.2255859375,210.7834930419922,2313.7314453125,684.1815185546875,10.726103782653809,4.755833625793457,3.8759288787841797,6.196322917938232
1.7764679570935032e+18,2114.9287109375,41.6126823425293,41.543922424316406,34.348602294921875,2338.260009765625,216.30068969726562,2318.3291015625,680.50341796875,11.383200645446777,4.3287200927734375,3.678799629211426,6.245583534240723
1.7764679570945032e+18,2109.411376953125,40.693153381347656,30.049774169921875,39.86579513549805,2332.283203125,214.00186157226562,2315.570556640625,680.9631958007812,9.247633934020996,3.080235004425049,2.89028263092041,5.4081525802612305
1.7764679570955034e+18,2110.330810546875,44.371280670166016,30.96930503845215,32.96930694580078,2328.145263671875,217.67999267578125,2315.570556640625,679.5838623046875,9.411908149719238,2.9159605503082275,2.791718006134033,4.964807033538818
1.7764679570965033e+18,2116.307861328125,48.968936920166016,36.94626235961914,28.83141326904297,2338.7197265625,209.40420532226562,2311.892333984375,678.664306640625,10.479691505432129,3.4087836742401123,2.4960241317749023,5.161849498748779
1.7764679570975032e+18,2116.767578125,33.79666519165039,35.56696319580078,27.45211410522461,2335.041748046875,211.70303344726562,2316.489990234375,676.365478515625,11.054652214050293,4.033026218414307,2.528878927230835,6.048541069030762
1.7764679570985034e+18,2115.388427734375,30.57830238342285,33.727901458740234,28.83141326904297,2335.041748046875,208.4846649169922,2312.352294921875,675.90576171875,9.82259464263916,2.587411880493164,1.8717814683914185,5.4081525802612305
1.7764679570995034e+18,2120.905517578125,31.957599639892578,34.18766784667969,33.88883590698242,2340.09912109375,213.0823211669922,2317.869384765625,684.1815185546875,10.643966674804688,3.737332582473755,2.726008176803589,5.4081525802612305
1.7764679571005033e+18,2114.46875,36.555259704589844,36.94626235961914,33.429073333740234,2335.041748046875,217.67999267578125,2314.191162109375,683.2620239257812,8.426261901855469,3.047380208969116,2.4631693363189697,4.324419021606445
1.7764679571015032e+18,2118.14697265625,36.555259704589844,36.026729583740234,34.80836868286133,2331.8232421875,214.00186157226562,2313.271728515625,678.20458984375,9.986868858337402,1.9631692171096802,2.266040086746216,5.35889196395874
1.7764679571025032e+18,2116.307861328125,47.58964157104492,30.509540557861328,33.429073333740234,2329.064697265625,212.1627960205078,2309.593505859375,675.90576171875,9.82259464263916,3.4087836742401123,3.383105754852295,5.9992804527282715
1.776467957103503e+18,2114.9287109375,42.991981506347656,30.049774169921875,32.049774169921875,2326.765869140625,214.00186157226562,2308.21435546875,678.664306640625,11.465337753295898,2.4559924602508545,2.528878927230835,4.964807033538818
1.776467957104503e+18,2113.54931640625,43.45174789428711,28.67047691345215,32.50954055786133,2326.30615234375,216.7604522705078,2314.651123046875,675.90576171875,9.411908149719238,4.09873628616333,3.3502509593963623,5.457413196563721
1.776467957105503e+18,2119.06640625,28.739238739013672,42.9232177734375,25.15328598022461,2339.1796875,211.70303344726562,2311.4326171875,685.10107421875,10.726103782653809,4.492994785308838,3.4159605503082275,6.688929080963135
1.776467957106503e+18,2124.1240234375,35.63572692871094,43.842750549316406,38.026729583740234,2342.857666015625,207.10537719726562,2314.191162109375,681.8826904296875,9.658320426940918,4.591559410095215,3.0545570850372314,5.851498126983643
1.7764679571075028e+18,2124.1240234375,38.39432144165039,43.842750549316406,37.56696319580078,2335.50146484375,216.30068969726562,2310.51318359375,686.4803466796875,8.590537071228027,5.150092124938965,4.2701873779296875,6.590407848358154
1.7764679571085028e+18,2122.74462890625,37.47479248046875,41.08415603637695,37.10719680786133,2337.340576171875,213.0823211669922,2310.972900390625,684.1815185546875,10.89037799835205,4.3287200927734375,4.073058128356934,6.048541069030762
1.7764679571095027e+18,2114.9287109375,42.5322151184082,38.78532409667969,40.3255615234375,2337.340576171875,208.94442749023438,2316.489990234375,677.2850341796875,11.218926429748535,4.033026218414307,4.073058128356934,6.738189697265625
1.7764679571105027e+18,2111.710205078125,43.91151428222656,36.94626235961914,37.56696319580078,2328.60498046875,219.0592803955078,2308.674072265625,678.664306640625,11.218926429748535,4.065881252288818,4.59873628616333,6.8367109298706055
1.7764679571115026e+18,2114.46875,47.12987518310547,29.13024139404297,40.78532409667969,2333.662353515625,219.0592803955078,2317.40966796875,677.2850341796875,10.80824089050293,3.5073482990264893,2.988847255706787,5.161849498748779
1.7764679571125025e+18,2114.009033203125,50.348236083984375,30.509540557861328,37.10719680786133,2331.363525390625,212.62255859375,2309.1337890625,674.5264282226562,8.919085502624512,3.704477548599243,3.3502509593963623,6.097801685333252
1.7764679571135025e+18,2116.307861328125,38.39432144165039,38.78532409667969,28.83141326904297,2330.90380859375,213.54209899902344,2322.00732421875,682.3424682617188,11.465337753295898,3.7701873779296875,2.9231374263763428,5.26037073135376
1.7764679571145024e+18,2118.14697265625,35.175960540771484,42.46345138549805,29.750944137573242,2342.39794921875,209.40420532226562,2316.489990234375,683.2620239257812,8.261987686157227,3.5073482990264893,2.068910837173462,4.964807033538818
1.7764679571155023e+18,2116.307861328125,38.854087829589844,42.00368881225586,29.29117774963379,2343.77734375,210.32373046875,2319.70849609375,677.2850341796875,10.397554397583008,3.5073482990264893,2.331749677658081,5.851498126983643
1.7764679571165023e+18,2121.365234375,31.957599639892578,33.727901458740234,29.750944137573242,2333.20263671875,215.3811492919922,2312.352294921875,679.5838623046875,10.80824089050293,3.3102190494537354,2.89028263092041,5.703716278076172
1.7764679571175022e+18,2118.606689453125,37.0150260925293,35.56696319580078,32.96930694580078,2338.260009765625,213.0823211669922,2317.40966796875,682.80224609375,11.87602424621582,3.24450945854187,2.791718006134033,5.654455661773682
1.7764679571185021e+18,2119.5263671875,43.91151428222656,30.96930503845215,39.86579513549805,2334.1220703125,211.24327087402344,2314.191162109375,683.2620239257812,8.344124794006348,2.7188313007354736,2.430314302444458,4.866285800933838
1.776467957119502e+18,2114.9287109375,42.991981506347656,36.026729583740234,40.3255615234375,2332.283203125,216.30068969726562,2313.271728515625,675.90576171875,10.151143074035645,2.883105754852295,2.824572801589966,4.964807033538818
1.776467957120502e+18,2111.25048828125,50.348236083984375,27.29117774963379,34.80836868286133,2329.984375,220.43858337402344,2311.892333984375,681.8826904296875,10.643966674804688,2.6202666759490967,2.988847255706787,5.014067649841309
1.776467957121502e+18,2107.572265625,39.3138542175293,36.94626235961914,19.63609504699707,2338.7197265625,208.94442749023438,2311.4326171875,679.5838623046875,9.82259464263916,2.9159605503082275,1.8389266729354858,5.26037073135376
1.776467957122502e+18,2119.06640625,37.9345588684082,40.6243896484375,30.210710525512695,2341.478515625,208.02490234375,2312.352294921875,680.0436401367188,9.740457534790039,4.4272847175598145,3.1531217098236084,5.851498126983643
1.7764679571235018e+18,2122.284912109375,39.77362060546875,40.16462326049805,32.96930694580078,2343.3173828125,205.72607421875,2315.11083984375,680.50341796875,9.329771041870117,4.131590843200684,3.087411880493164,5.506673812866211
1.7764679571245018e+18,2122.284912109375,31.038068771362305,35.56696319580078,31.590007781982422,2326.30615234375,214.92138671875,2313.7314453125,681.4229125976562,10.89037799835205,4.2301554679870605,2.726008176803589,5.9992804527282715
1.7764679571255017e+18,2117.687255859375,35.175960540771484,33.26813507080078,29.29117774963379,2335.50146484375,210.7834930419922,2314.651123046875,684.1815185546875,11.301063537597656,4.624413967132568,3.087411880493164,5.851498126983643
1.7764679571265016e+18,2120.905517578125,39.3138542175293,33.26813507080078,33.88883590698242,2327.2255859375,215.84092712402344,2314.651123046875,675.4459838867188,7.440616130828857,3.934461832046509,3.8759288787841797,5.4081525802612305
1.7764679571275016e+18,2113.54931640625,42.5322151184082,29.13024139404297,26.99234962463379,2334.58203125,219.0592803955078,2309.1337890625,683.2620239257812,10.561829566955566,3.5073482990264893,3.8102190494537354,5.014067649841309
1.7764679571285015e+18,2116.307861328125,40.693153381347656,28.67047691345215,30.67047691345215,2325.38671875,217.67999267578125,2308.674072265625,682.80224609375,8.179850578308105,4.065881252288818,3.645944833755493,5.063328266143799
1.7764679571295014e+18,2114.46875,48.50917434692383,34.64743423461914,26.532583236694336,2328.145263671875,212.62255859375,2316.0302734375,672.2276000976562,10.89037799835205,4.558704376220703,4.303042411804199,5.457413196563721
1.7764679571305014e+18,2119.06640625,39.77362060546875,42.9232177734375,19.176328659057617,2337.340576171875,205.2663116455078,2312.81201171875,677.7448120117188,10.89037799835205,3.638767957687378,2.6931533813476562,5.605195045471191
1.7764679571315013e+18,2121.8251953125,28.739238739013672,40.16462326049805,34.80836868286133,2334.58203125,212.62255859375,2317.40966796875,679.1240844726562,10.643966674804688,3.737332582473755,3.1202666759490967,6.147062301635742
1.7764679571325012e+18,2112.629638671875,37.9345588684082,38.78532409667969,27.911880493164062,2344.237060546875,212.62255859375,2322.467041015625,678.20458984375,12.615259170532227,3.901606798171997,3.3173959255218506,6.491886615753174
1.7764679571335012e+18,2116.767578125,40.693153381347656,37.406028747558594,34.80836868286133,2329.984375,214.4616241455078,2309.593505859375,680.9631958007812,8.426261901855469,3.9673166275024414,3.383105754852295,5.063328266143799
1.776467957134501e+18,2116.767578125,36.555259704589844,32.348602294921875,29.750944137573242,2327.685546875,211.70303344726562,2310.053466796875,676.8252563476562,11.87602424621582,3.704477548599243,3.3173959255218506,5.851498126983643
1.776467957135501e+18,2117.2275390625,40.2333869934082,31.888837814331055,27.45211410522461,2327.2255859375,213.0823211669922,2310.51318359375,677.2850341796875,11.383200645446777,3.934461832046509,3.5145251750946045,5.9992804527282715
1.776467957136501e+18,2116.767578125,41.6126823425293,31.888837814331055,34.80836868286133,2329.5244140625,211.70303344726562,2310.053466796875,675.90576171875,9.658320426940918,3.24450945854187,4.138767719268799,5.802237510681152
1.776467957137501e+18,2117.2275390625,42.07244873046875,28.210710525512695,27.911880493164062,2330.444091796875,214.00186157226562,2309.1337890625,681.4229125976562,9.411908149719238,3.3759288787841797,4.1716227531433105,5.35889196395874
1.7764679571385009e+18,2118.606689453125,35.63572692871094,33.727901458740234,24.233753204345703,2332.283203125,207.5651397705078,2310.51318359375,680.9631958007812,9.576183319091797,4.164445877075195,3.8102190494537354,5.851498126983643
1.7764679571395008e+18,2120.44580078125,31.038068771362305,42.00368881225586,28.83141326904297,2341.478515625,209.8639678955078,2316.0302734375,683.2620239257812,10.972515106201172,3.934461832046509,3.1531217098236084,6.935232162475586
1.7764679571405007e+18,2123.204345703125,26.44040870666504,44.76228332519531,30.67047691345215,2336.4208984375,208.02490234375,2313.7314453125,684.1815185546875,9.411908149719238,3.1130897998809814,3.2188313007354736,6.196322917938232
1.7764679571415007e+18,2117.687255859375,32.877132415771484,32.348602294921875,27.911880493164062,2336.880859375,208.94442749023438,2313.271728515625,686.4803466796875,10.069005966186523,4.920107841491699,3.1531217098236084,5.950019836425781
1.7764679571425006e+18,2114.009033203125,39.77362060546875,32.348602294921875,32.50954055786133,2327.685546875,211.24327087402344,2311.4326171875,680.0436401367188,10.972515106201172,4.492994785308838,4.664445877075195,5.35889196395874
1.7764679571435005e+18,2113.54931640625,43.45174789428711,35.56696319580078,26.532583236694336,2332.283203125,214.92138671875,2307.754638671875,675.90576171875,10.972515106201172,3.5730581283569336,3.1531217098236084,5.703716278076172
1.7764679571445005e+18,2113.54931640625,35.175960540771484,34.18766784667969,32.50954055786133,2328.145263671875,214.00186157226562,2313.7314453125,678.20458984375,9.001222610473633,4.591559410095215,4.1716227531433105,6.048541069030762
1.7764679571455004e+18,2109.87109375,42.07244873046875,26.83141326904297,37.56696319580078,2329.064697265625,219.97882080078125,2305.455810546875,678.20458984375,11.054652214050293,4.4272847175598145,4.237332344055176,5.752976894378662
1.7764679571465004e+18,2110.330810546875,42.07244873046875,39.24509048461914,26.532583236694336,2337.80029296875,208.94442749023438,2315.570556640625,686.0205688476562,9.329771041870117,2.7516863346099854,3.1531217098236084,6.294844150543213
1.7764679571475003e+18,2123.6640625,27.8197078704834,46.141578674316406,27.45211410522461,2341.478515625,211.24327087402344,2313.271728515625,683.2620239257812,10.151143074035645,2.883105754852295,2.726008176803589,5.2111101150512695
1.7764679571485002e+18,2117.687255859375,34.256431579589844,40.16462326049805,27.911880493164062,2334.58203125,208.94442749023438,2309.593505859375,674.9862060546875,11.136789321899414,3.441638708114624,2.5945887565612793,5.851498126983643
1.7764679571495004e+18,2117.687255859375,25.98064422607422,39.704856872558594,25.15328598022461,2337.340576171875,212.1627960205078,2305.455810546875,685.5608520507812,9.411908149719238,3.2116544246673584,2.4960241317749023,5.014067649841309
1.7764679571505004e+18,2114.009033203125,33.79666519165039,36.94626235961914,28.83141326904297,2333.662353515625,214.92138671875,2310.053466796875,682.3424682617188,10.479691505432129,3.737332582473755,3.941638708114624,6.245583534240723
1.7764679571515003e+18,2118.14697265625,32.41736602783203,35.10719680786133,26.532583236694336,2335.50146484375,215.3811492919922,2308.21435546875,680.9631958007812,10.479691505432129,3.8687520027160645,3.4488155841827393,4.964807033538818
1.7764679571525002e+18,2110.330810546875,38.39432144165039,26.83141326904297,33.88883590698242,2332.283203125,213.54209899902344,2310.51318359375,685.5608520507812,11.465337753295898,3.8687520027160645,3.4159605503082275,4.718503952026367
1.7764679571535002e+18,2114.46875,46.21034240722656,32.80836868286133,29.29117774963379,2330.444091796875,216.30068969726562,2307.294677734375,677.7448120117188,9.658320426940918,2.7516863346099854,3.843074083328247,5.4081525802612305
1.7764679571545e+18,2114.009033203125,38.39432144165039,24.99234962463379,32.96930694580078,2328.60498046875,218.59951782226562,2306.8349609375,683.7217407226562,10.643966674804688,3.441638708114624,4.105913162231445,4.964807033538818
1.7764679571555e+18,2117.2275390625,30.1185359954834,41.543922424316406,21.47515869140625,2345.156494140625,211.70303344726562,2306.8349609375,688.7791748046875,10.89037799835205,4.033026218414307,3.0217020511627197,6.738189697265625
1.7764679571565e+18,2121.365234375,32.877132415771484,41.08415603637695,29.29117774963379,2341.0185546875,218.59951782226562,2306.8349609375,684.1815185546875,8.75481128692627,3.3102190494537354,2.4960241317749023,5.703716278076172
1.7764679571575e+18,2118.606689453125,35.175960540771484,42.9232177734375,38.48649597167969,2333.662353515625,219.51904296875,2312.352294921875,682.80224609375,8.919085502624512,3.9673166275024414,2.4960241317749023,5.26037073135376
1.7764679571584998e+18,2122.284912109375,40.2333869934082,39.704856872558594,27.911880493164062,2334.58203125,214.4616241455078,2307.754638671875,681.8826904296875,8.919085502624512,4.394430160522461,3.678799629211426,6.245583534240723
1.7764679571594998e+18,2118.14697265625,34.256431579589844,30.96930503845215,30.210710525512695,2333.20263671875,214.00186157226562,2308.21435546875,679.5838623046875,10.151143074035645,2.9159605503082275,2.4960241317749023,4.767764568328857
1.7764679571604997e+18,2117.2275390625,40.693153381347656,34.64743423461914,32.50954055786133,2330.444091796875,215.3811492919922,2311.892333984375,681.4229125976562,10.561829566955566,2.6202666759490967,2.8574278354644775,5.014067649841309
1.7764679571614996e+18,2112.169921875,37.0150260925293,27.29117774963379,30.67047691345215,2331.363525390625,216.30068969726562,2315.570556640625,685.10107421875,10.069005966186523,2.784541130065918,3.0545570850372314,5.161849498748779
1.7764679571624996e+18,2113.54931640625,50.348236083984375,24.99234962463379,37.10719680786133,2329.984375,224.11671447753906,2310.972900390625,684.1815185546875,10.397554397583008,2.587411880493164,2.988847255706787,5.35889196395874
1.7764679571634995e+18,2114.46875,34.256431579589844,38.78532409667969,34.348602294921875,2335.50146484375,212.1627960205078,2309.593505859375,687.8596801757812,8.83694839477539,2.8502509593963623,0.9846999049186707,5.2111101150512695
1.7764679571644995e+18,2119.06640625,32.877132415771484,36.94626235961914,27.45211410522461,2339.1796875,215.3811492919922,2313.271728515625,684.6412963867188,11.465337753295898,3.638767957687378,2.5617339611053467,5.161849498748779
1.7764679571654994e+18,2114.46875,31.957599639892578,46.60134506225586,30.67047691345215,2342.857666015625,208.4846649169922,2313.7314453125,683.2620239257812,8.015576362609863,3.835897207260132,2.331749677658081,5.161849498748779
1.7764679571664993e+18,2122.74462890625,25.98064422607422,34.64743423461914,21.47515869140625,2338.260009765625,219.0592803955078,2307.294677734375,682.80224609375,9.986868858337402,5.0843825340271,3.9087836742401123,5.30963134765625
1.7764679571674993e+18,2110.790771484375,35.63572692871094,38.3255615234375,34.80836868286133,2338.260009765625,217.22021484375,2315.570556640625,679.5838623046875,9.986868858337402,3.24450945854187,2.89028263092041,5.605195045471191
1.7764679571684992e+18,2110.790771484375,37.0150260925293,30.049774169921875,35.26813507080078,2330.444091796875,212.62255859375,2311.4326171875,680.50341796875,11.218926429748535,3.0145251750946045,3.9087836742401123,5.506673812866211
1.7764679571694991e+18,2117.687255859375,39.77362060546875,34.18766784667969,40.78532409667969,2324.9267578125,212.1627960205078,2308.21435546875,682.80224609375,8.179850578308105,2.8502509593963623,3.1531217098236084,4.767764568328857
1.776467957170499e+18,2111.710205078125,46.670108795166016,28.67047691345215,33.429073333740234,2332.742919921875,218.59951782226562,2309.1337890625,679.1240844726562,11.7938871383667,3.2773642539978027,3.0217020511627197,4.5707221031188965
1.776467957171499e+18,2112.629638671875,41.6126823425293,37.86579513549805,26.99234962463379,2335.961181640625,213.0823211669922,2310.053466796875,680.50341796875,10.561829566955566,4.821543216705322,3.7116544246673584,6.097801685333252
1.776467957172499e+18,2122.74462890625,31.957599639892578,38.3255615234375,29.750944137573242,2341.0185546875,210.7834930419922,2315.570556640625,685.5608520507812,11.218926429748535,5.117237091064453,3.74450945854187,6.491886615753174
1.776467957173499e+18,2117.2275390625,34.71619415283203,43.842750549316406,37.56696319580078,2339.639404296875,212.1627960205078,2309.593505859375,687.8596801757812,10.315417289733887,4.624413967132568,3.4159605503082275,5.605195045471191
1.7764679571744988e+18,2119.986083984375,39.77362060546875,39.24509048461914,38.94626235961914,2334.1220703125,214.4616241455078,2311.4326171875,684.6412963867188,10.80824089050293,2.883105754852295,3.087411880493164,6.097801685333252
1.7764679571754988e+18,2116.307861328125,37.0150260925293,34.18766784667969,32.96930694580078,2329.064697265625,209.8639678955078,2304.995849609375,685.10107421875,10.397554397583008,2.7188313007354736,2.3646047115325928,5.063328266143799
1.7764679571764987e+18,2111.710205078125,36.555259704589844,31.888837814331055,32.50954055786133,2330.90380859375,217.22021484375,2311.4326171875,683.7217407226562,11.301063537597656,3.24450945854187,3.0545570850372314,4.422940254211426
1.7764679571774986e+18,2107.112548828125,45.290809631347656,25.45211410522461,37.56696319580078,2335.961181640625,218.59951782226562,2312.81201171875,677.2850341796875,9.904731750488281,3.2116544246673584,3.0217020511627197,5.752976894378662
1.7764679571784986e+18,2113.089599609375,36.555259704589844,30.96930503845215,29.750944137573242,2333.20263671875,217.67999267578125,2304.076416015625,682.80224609375,9.001222610473633,3.1130897998809814,3.3173959255218506,4.964807033538818
1.7764679571794985e+18,2108.95166015625,42.991981506347656,27.29117774963379,21.47515869140625,2330.444091796875,220.89834594726562,2310.053466796875,685.10107421875,9.740457534790039,3.901606798171997,3.2516863346099854,4.619982719421387
1.7764679571804984e+18,2121.365234375,33.33689880371094,43.842750549316406,24.693519592285156,2339.639404296875,216.30068969726562,2314.651123046875,686.0205688476562,11.218926429748535,4.854398250579834,3.0217020511627197,6.048541069030762
1.7764679571814984e+18,2116.767578125,29.199005126953125,39.24509048461914,33.429073333740234,2341.478515625,214.4616241455078,2316.0302734375,679.1240844726562,10.479691505432129,3.145944833755493,2.6602985858917236,5.161849498748779
1.7764679571824983e+18,2116.767578125,35.175960540771484,37.86579513549805,33.429073333740234,2335.50146484375,214.92138671875,2320.168212890625,685.10107421875,9.740457534790039,3.540203332901001,2.988847255706787,5.4081525802612305
1.7764679571834982e+18,2118.14697265625,34.71619415283203,43.38298416137695,29.750944137573242,2339.1796875,218.59951782226562,2310.51318359375,679.5838623046875,9.82259464263916,3.901606798171997,2.988847255706787,4.718503952026367
1.7764679571844982e+18,2118.606689453125,37.0150260925293,30.509540557861328,32.50954055786133,2333.20263671875,214.00186157226562,2315.11083984375,687.39990234375,8.919085502624512,3.24450945854187,3.0217020511627197,5.014067649841309
1.776467957185498e+18,2114.9287109375,48.049407958984375,30.049774169921875,38.026729583740234,2329.064697265625,219.97882080078125,2310.972900390625,680.0436401367188,10.80824089050293,3.5730581283569336,3.1531217098236084,5.30963134765625
1.776467957186498e+18,2111.710205078125,42.5322151184082,31.4290714263916,24.693519592285156,2328.145263671875,215.84092712402344,2304.5361328125,684.6412963867188,10.561829566955566,4.361575126647949,4.204477787017822,4.915546417236328
1.776467957187498e+18,2109.411376953125,44.371280670166016,27.750944137573242,28.371646881103516,2322.168212890625,219.0592803955078,2306.8349609375,679.5838623046875,9.576183319091797,3.605912923812866,3.547380208969116,5.654455661773682
1.776467957188498e+18,2113.54931640625,35.175960540771484,36.48649597167969,28.371646881103516,2335.041748046875,208.94442749023438,2312.352294921875,684.6412963867188,11.547475814819336,3.441638708114624,3.4159605503082275,5.851498126983643
1.7764679571894979e+18,2122.74462890625,38.39432144165039,36.94626235961914,27.911880493164062,2338.7197265625,210.7834930419922,2306.375244140625,687.8596801757812,10.80824089050293,4.09873628616333,3.481670379638672,6.590407848358154
1.7764679571904978e+18,2123.6640625,25.98064422607422,41.543922424316406,23.31422233581543,2333.662353515625,215.3811492919922,2312.352294921875,680.9631958007812,9.165496826171875,4.197300910949707,3.2516863346099854,5.4081525802612305
1.7764679571914977e+18,2119.5263671875,34.71619415283203,36.026729583740234,33.88883590698242,2337.340576171875,213.54209899902344,2310.053466796875,689.69873046875,9.576183319091797,4.033026218414307,3.284541130065918,6.442625999450684
1.7764679571924977e+18,2116.307861328125,42.5322151184082,32.348602294921875,36.18766784667969,2330.444091796875,222.27764892578125,2311.4326171875,682.80224609375,9.740457534790039,2.8502509593963623,4.007348537445068,6.294844150543213
1.7764679571934976e+18,2116.767578125,40.2333869934082,28.210710525512695,22.854455947875977,2331.363525390625,225.49600219726562,2309.1337890625,686.4803466796875,9.740457534790039,3.441638708114624,3.0545570850372314,4.866285800933838
1.7764679571944975e+18,2108.95166015625,43.91151428222656,27.750944137573242,29.29117774963379,2327.2255859375,220.89834594726562,2312.81201171875,681.8826904296875,11.054652214050293,3.145944833755493,3.3173959255218506,4.324419021606445
1.7764679571954975e+18,2115.388427734375,47.12987518310547,30.96930503845215,24.693519592285156,2332.283203125,222.73741149902344,2303.61669921875,681.4229125976562,9.740457534790039,3.5073482990264893,4.040203094482422,5.506673812866211
1.7764679571964974e+18,2111.710205078125,43.91151428222656,31.4290714263916,23.77398681640625,2329.984375,213.0823211669922,2312.352294921875,675.4459838867188,10.80824089050293,2.784541130065918,1.9374912977218628,4.767764568328857
1.7764679571974976e+18,2111.710205078125,34.256431579589844,39.24509048461914,32.50954055786133,2333.20263671875,212.1627960205078,2313.7314453125,679.5838623046875,8.75481128692627,3.178799629211426,2.4631693363189697,4.669243335723877
1.7764679571984975e+18,2120.905517578125,34.256431579589844,38.3255615234375,29.750944137573242,2335.961181640625,215.84092712402344,2316.949951171875,679.5838623046875,11.301063537597656,4.460139751434326,3.2516863346099854,5.112588882446289
1.7764679571994975e+18,2121.8251953125,31.957599639892578,34.64743423461914,24.693519592285156,2340.09912109375,209.40420532226562,2311.892333984375,682.3424682617188,9.411908149719238,4.558704376220703,3.185976505279541,6.442625999450684
1.7764679572004974e+18,2116.307861328125,39.3138542175293,39.24509048461914,29.29117774963379,2341.0185546875,219.51904296875,2309.1337890625,682.3424682617188,10.151143074035645,4.295865535736084,3.3173959255218506,5.2111101150512695
1.7764679572014973e+18,2115.388427734375,40.693153381347656,35.56696319580078,27.45211410522461,2339.1796875,220.43858337402344,2304.995849609375,676.8252563476562,10.151143074035645,3.441638708114624,3.6130897998809814,5.506673812866211
1.7764679572024973e+18,2112.629638671875,39.77362060546875,27.750944137573242,27.45211410522461,2330.90380859375,219.0592803955078,2305.91552734375,685.5608520507812,10.233280181884766,3.4087836742401123,3.547380208969116,4.866285800933838
1.7764679572034972e+18,2114.009033203125,48.50917434692383,32.348602294921875,35.727901458740234,2328.145263671875,218.13975524902344,2311.892333984375,676.365478515625,9.904731750488281,3.178799629211426,3.185976505279541,5.703716278076172
1.7764679572044972e+18,2111.710205078125,42.07244873046875,24.072816848754883,28.83141326904297,2325.38671875,217.67999267578125,2307.754638671875,684.1815185546875,11.218926429748535,2.9159605503082275,3.2188313007354736,5.654455661773682
1.776467957205497e+18,2123.6640625,29.658771514892578,41.543922424316406,31.13024139404297,2339.639404296875,214.4616241455078,2303.61669921875,689.69873046875,9.82259464263916,3.4087836742401123,2.824572801589966,6.245583534240723
1.776467957206497e+18,2130.560546875,32.41736602783203,38.78532409667969,23.31422233581543,2337.340576171875,212.1627960205078,2305.455810546875,679.1240844726562,10.069005966186523,4.394430160522461,3.580235004425049,6.738189697265625
1.7764679572074967e+18,2123.204345703125,38.39432144165039,39.24509048461914,28.371646881103516,2332.283203125,214.92138671875,2302.697021484375,688.3193969726562,10.315417289733887,3.540203332901001,3.481670379638672,6.393365383148193
1.7764679572084966e+18,2118.606689453125,42.991981506347656,36.026729583740234,25.15328598022461,2334.58203125,212.62255859375,2309.1337890625,685.10107421875,11.465337753295898,4.164445877075195,3.547380208969116,5.605195045471191
1.7764679572094966e+18,2121.8251953125,41.15291976928711,38.3255615234375,31.13024139404297,2334.1220703125,208.4846649169922,2310.972900390625,679.1240844726562,9.49404525756836,4.295865535736084,4.007348537445068,6.196322917938232
1.7764679572104965e+18,2114.46875,48.50917434692383,32.80836868286133,33.429073333740234,2335.041748046875,214.00186157226562,2311.4326171875,680.50341796875,9.001222610473633,5.018672466278076,4.401607036590576,6.294844150543213
1.7764679572114964e+18,2110.790771484375,41.6126823425293,24.532583236694336,31.590007781982422,2332.742919921875,221.81788635253906,2311.892333984375,681.4229125976562,10.233280181884766,3.704477548599243,3.645944833755493,5.555934429168701
1.7764679572124964e+18,2116.307861328125,49.42870330810547,26.371646881103516,31.13024139404297,2329.5244140625,214.00186157226562,2305.455810546875,682.80224609375,9.165496826171875,2.488847255706787,3.3502509593963623,4.915546417236328
1.7764679572134963e+18,2120.905517578125,39.77362060546875,36.48649597167969,28.83141326904297,2327.685546875,214.00186157226562,2308.21435546875,685.10107421875,9.904731750488281,3.4744935035705566,3.2188313007354736,5.851498126983643
1.7764679572144963e+18,2118.14697265625,35.175960540771484,42.00368881225586,32.50954055786133,2341.0185546875,213.54209899902344,2315.570556640625,686.9401245117188,8.590537071228027,3.704477548599243,2.1017656326293945,6.245583534240723
1.7764679572154962e+18,2114.009033203125,38.39432144165039,35.56696319580078,26.532583236694336,2338.7197265625,216.30068969726562,2313.7314453125,682.3424682617188,11.301063537597656,3.704477548599243,2.8574278354644775,5.2111101150512695
1.776467957216496e+18,2116.307861328125,35.175960540771484,36.94626235961914,29.750944137573242,2333.662353515625,211.24327087402344,2310.053466796875,690.1585083007812,7.933439254760742,3.934461832046509,2.528878927230835,6.245583534240723
1.776467957217496e+18,2115.388427734375,37.47479248046875,33.727901458740234,32.50954055786133,2329.064697265625,217.22021484375,2315.570556640625,682.80224609375,11.465337753295898,3.80304217338562,3.2188313007354736,5.900758743286133
1.776467957218496e+18,2116.767578125,44.83104705810547,30.96930503845215,31.590007781982422,2328.60498046875,214.00186157226562,2309.1337890625,684.6412963867188,11.136789321899414,4.2301554679870605,4.1716227531433105,5.014067649841309
1.776467957219496e+18,2110.330810546875,44.83104705810547,29.13024139404297,30.210710525512695,2327.2255859375,216.7604522705078,2306.8349609375,684.1815185546875,9.740457534790039,3.080235004425049,3.5145251750946045,5.161849498748779
1.776467957220496e+18,2113.54931640625,46.21034240722656,30.509540557861328,39.86579513549805,2328.60498046875,215.3811492919922,2307.754638671875,688.3193969726562,10.233280181884766,3.178799629211426,3.843074083328247,5.802237510681152
1.7764679572214958e+18,2116.767578125,42.07244873046875,24.99234962463379,25.61305046081543,2329.5244140625,217.67999267578125,2317.40966796875,684.6412963867188,10.89037799835205,2.1931533813476562,3.2516863346099854,5.063328266143799
1.7764679572224957e+18,2112.629638671875,41.6126823425293,27.29117774963379,25.61305046081543,2328.60498046875,219.51904296875,2314.191162109375,686.4803466796875,9.49404525756836,3.7701873779296875,3.547380208969116,4.817025184631348
1.7764679572234957e+18,2113.54931640625,41.15291976928711,31.4290714263916,35.727901458740234,2327.685546875,218.59951782226562,2314.651123046875,686.4803466796875,12.615259170532227,3.343074083328247,3.5145251750946045,6.097801685333252
1.7764679572244956e+18,2115.84814453125,42.07244873046875,29.590007781982422,21.934925079345703,2330.90380859375,219.0592803955078,2311.892333984375,681.8826904296875,10.89037799835205,5.0843825340271,4.073058128356934,5.30963134765625
1.7764679572254956e+18,2110.330810546875,47.58964157104492,25.911880493164062,32.96930694580078,2334.58203125,217.67999267578125,2317.869384765625,686.0205688476562,10.643966674804688,4.263010501861572,4.204477787017822,6.147062301635742
1.7764679572264955e+18,2114.9287109375,46.21034240722656,33.26813507080078,36.64743423461914,2333.662353515625,220.43858337402344,2315.570556640625,680.0436401367188,10.397554397583008,4.131590843200684,3.2516863346099854,5.703716278076172
1.7764679572274954e+18,2116.307861328125,42.07244873046875,30.509540557861328,32.049774169921875,2335.041748046875,220.43858337402344,2312.81201171875,684.1815185546875,9.165496826171875,3.047380208969116,3.580235004425049,5.506673812866211
1.7764679572284954e+18,2108.491943359375,46.670108795166016,30.049774169921875,28.371646881103516,2330.444091796875,220.43858337402344,2316.0302734375,684.1815185546875,10.972515106201172,3.178799629211426,2.3974595069885254,5.457413196563721
1.7764679572294953e+18,2118.606689453125,41.15291976928711,29.13024139404297,26.99234962463379,2331.363525390625,217.22021484375,2316.0302734375,685.10107421875,10.069005966186523,2.4559924602508545,3.0545570850372314,5.4081525802612305
1.7764679572304952e+18,2114.9287109375,46.670108795166016,24.99234962463379,26.532583236694336,2325.38671875,216.7604522705078,2306.8349609375,686.9401245117188,9.904731750488281,3.3759288787841797,3.1202666759490967,5.35889196395874
1.7764679572314952e+18,2114.46875,47.12987518310547,24.072816848754883,25.15328598022461,2326.30615234375,215.84092712402344,2313.7314453125,677.7448120117188,9.49404525756836,3.0145251750946045,3.1531217098236084,4.324419021606445
1.776467957232495e+18,2114.009033203125,43.45174789428711,26.83141326904297,24.693519592285156,2343.3173828125,215.3811492919922,2316.489990234375,687.8596801757812,10.069005966186523,3.540203332901001,2.627443552017212,5.161849498748779
1.776467957233495e+18,2115.388427734375,47.58964157104492,30.96930503845215,34.348602294921875,2327.685546875,216.7604522705078,2318.3291015625,680.9631958007812,9.904731750488281,3.605912923812866,3.843074083328247,6.491886615753174
1.776467957234495e+18,2114.9287109375,42.07244873046875,35.56696319580078,37.56696319580078,2329.984375,210.7834930419922,2314.191162109375,681.8826904296875,8.426261901855469,3.4087836742401123,3.7773642539978027,5.457413196563721
1.7764679572354947e+18,2117.687255859375,43.91151428222656,28.67047691345215,31.590007781982422,2325.38671875,215.84092712402344,2309.1337890625,684.6412963867188,9.329771041870117,4.164445877075195,3.843074083328247,6.344104766845703
1.7764679572364946e+18,2114.9287109375,43.91151428222656,27.750944137573242,27.911880493164062,2331.363525390625,213.0823211669922,2308.674072265625,677.2850341796875,9.165496826171875,3.8687520027160645,3.645944833755493,6.245583534240723
1.7764679572374945e+18,2109.87109375,45.75057601928711,24.99234962463379,29.29117774963379,2325.846435546875,217.22021484375,2316.949951171875,684.6412963867188,12.040298461914062,3.24450945854187,4.237332344055176,6.196322917938232
1.7764679572384945e+18,2109.87109375,45.75057601928711,30.509540557861328,28.83141326904297,2325.38671875,214.4616241455078,2311.4326171875,686.0205688476562,10.726103782653809,3.3759288787841797,3.7773642539978027,5.506673812866211
1.7764679572394944e+18,2110.330810546875,40.693153381347656,29.13024139404297,23.31422233581543,2327.685546875,215.3811492919922,2311.4326171875,678.664306640625,9.904731750488281,4.263010501861572,3.481670379638672,5.9992804527282715
1.7764679572404943e+18,2112.629638671875,48.968936920166016,30.509540557861328,32.96930694580078,2331.8232421875,217.22021484375,2313.7314453125,682.3424682617188,10.80824089050293,2.5545570850372314,3.6130897998809814,5.900758743286133
1.7764679572414943e+18,2108.491943359375,46.670108795166016,35.56696319580078,26.99234962463379,2330.90380859375,214.92138671875,2313.271728515625,683.2620239257812,10.069005966186523,2.784541130065918,2.9559924602508545,4.669243335723877
1.7764679572424942e+18,2117.2275390625,48.968936920166016,30.049774169921875,28.83141326904297,2331.363525390625,214.00186157226562,2317.40966796875,681.4229125976562,11.711750030517578,2.4559924602508545,2.9559924602508545,5.30963134765625
1.7764679572434941e+18,2117.2275390625,43.91151428222656,31.4290714263916,30.210710525512695,2330.90380859375,216.30068969726562,2311.4326171875,682.3424682617188,9.247633934020996,2.226008176803589,2.167475461959839,4.275158405303955
1.776467957244494e+18,2110.330810546875,42.5322151184082,24.072816848754883,26.532583236694336,2330.90380859375,210.32373046875,2313.7314453125,680.9631958007812,10.151143074035645,3.901606798171997,2.5617339611053467,5.555934429168701
1.776467957245494e+18,2113.089599609375,48.049407958984375,25.45211410522461,25.61305046081543,2327.685546875,219.97882080078125,2314.651123046875,685.10107421875,11.87602424621582,3.934461832046509,2.8574278354644775,5.30963134765625
1.776467957246494e+18,2109.87109375,43.45174789428711,28.210710525512695,27.911880493164062,2329.5244140625,211.24327087402344,2314.651123046875,686.4803466796875,10.561829566955566,3.1130897998809814,2.791718006134033,4.718503952026367
1.776467957247494e+18,2117.687255859375,42.5322151184082,34.18766784667969,30.67047691345215,2333.662353515625,218.13975524902344,2309.1337890625,680.9631958007812,8.83694839477539,2.488847255706787,2.528878927230835,4.422940254211426
1.7764679572484938e+18,2108.491943359375,38.854087829589844,29.590007781982422,27.911880493164062,2327.685546875,219.0592803955078,2317.40966796875,682.3424682617188,9.576183319091797,1.9303144216537476,2.824572801589966,4.472200870513916
1.7764679572494938e+18,2108.95166015625,41.6126823425293,30.049774169921875,19.176328659057617,2333.20263671875,209.40420532226562,2315.11083984375,678.664306640625,9.329771041870117,2.6531217098236084,2.6602985858917236,4.718503952026367
1.7764679572504937e+18,2106.65283203125,44.371280670166016,33.26813507080078,26.072816848754883,2333.20263671875,214.4616241455078,2310.51318359375,684.6412963867188,9.329771041870117,3.4744935035705566,2.9559924602508545,5.752976894378662
1.7764679572514936e+18,2115.388427734375,49.42870330810547,30.509540557861328,26.532583236694336,2334.1220703125,214.00186157226562,2310.053466796875,679.5838623046875,8.919085502624512,3.24450945854187,3.678799629211426,5.851498126983643
1.7764679572524936e+18,2110.790771484375,45.290809631347656,27.750944137573242,30.210710525512695,2327.2255859375,217.22021484375,2314.191162109375,687.39990234375,11.383200645446777,3.441638708114624,3.4488155841827393,5.30963134765625
1.7764679572534935e+18,2110.330810546875,48.50917434692383,30.509540557861328,32.50954055786133,2329.5244140625,217.22021484375,2314.651123046875,682.80224609375,9.740457534790039,3.7701873779296875,2.89028263092041,5.112588882446289
1.7764679572544934e+18,2114.9287109375,42.07244873046875,29.590007781982422,25.15328598022461,2325.38671875,219.0592803955078,2315.11083984375,684.6412963867188,8.919085502624512,3.6716227531433105,4.237332344055176,4.915546417236328
1.7764679572554934e+18,2114.9287109375,42.991981506347656,28.67047691345215,32.96930694580078,2326.30615234375,217.22021484375,2316.949951171875,675.4459838867188,10.80824089050293,4.4272847175598145,3.678799629211426,6.245583534240723
1.7764679572564933e+18,2114.46875,43.91151428222656,31.888837814331055,26.99234962463379,2333.20263671875,216.30068969726562,2310.51318359375,685.10107421875,8.50839900970459,3.24450945854187,3.580235004425049,5.063328266143799
1.7764679572574932e+18,2112.629638671875,39.77362060546875,29.13024139404297,33.429073333740234,2335.041748046875,216.30068969726562,2313.7314453125,688.3193969726562,9.904731750488281,2.981670379638672,3.6130897998809814,4.915546417236328
1.7764679572584932e+18,2115.84814453125,48.049407958984375,28.210710525512695,27.45211410522461,2329.5244140625,218.59951782226562,2308.674072265625,686.4803466796875,10.151143074035645,4.033026218414307,4.3687520027160645,6.491886615753174
1.776467957259493e+18,2114.009033203125,46.670108795166016,30.049774169921875,20.555625915527344,2325.846435546875,219.51904296875,2313.271728515625,686.0205688476562,8.919085502624512,3.638767957687378,3.5145251750946045,5.605195045471191
1.776467957260493e+18,2115.84814453125,38.39432144165039,32.348602294921875,24.693519592285156,2333.20263671875,219.51904296875,2308.21435546875,686.0205688476562,10.89037799835205,2.5545570850372314,2.1017656326293945,5.112588882446289
1.776467957261493e+18,2110.330810546875,47.12987518310547,30.509540557861328,32.96930694580078,2333.20263671875,218.13975524902344,2316.949951171875,685.10107421875,10.89037799835205,2.3574278354644775,2.824572801589966,4.521461486816406
1.776467957262493e+18,2114.009033203125,42.991981506347656,26.371646881103516,26.532583236694336,2322.168212890625,215.3811492919922,2313.271728515625,686.0205688476562,12.450984001159668,2.7188313007354736,3.0545570850372314,4.028855323791504
1.7764679572634926e+18,2112.169921875,48.968936920166016,29.590007781982422,23.77398681640625,2329.5244140625,215.84092712402344,2310.972900390625,677.2850341796875,9.49404525756836,3.178799629211426,3.2516863346099854,5.30963134765625
1.7764679572644925e+18,2119.5263671875,44.83104705810547,33.727901458740234,31.590007781982422,2331.8232421875,215.84092712402344,2309.1337890625,682.3424682617188,10.561829566955566,2.587411880493164,2.6602985858917236,4.324419021606445
1.7764679572654925e+18,2118.14697265625,38.39432144165039,32.80836868286133,21.934925079345703,2330.444091796875,214.4616241455078,2310.053466796875,681.8826904296875,11.054652214050293,4.492994785308838,4.3687520027160645,5.30963134765625
1.7764679572664924e+18,2114.9287109375,44.371280670166016,29.13024139404297,22.854455947875977,2324.467041015625,218.59951782226562,2317.40966796875,680.0436401367188,11.301063537597656,3.5073482990264893,3.843074083328247,5.26037073135376
1.7764679572674924e+18,2114.009033203125,42.5322151184082,28.67047691345215,26.532583236694336,2332.283203125,213.54209899902344,2316.0302734375,686.9401245117188,10.479691505432129,4.295865535736084,3.941638708114624,5.654455661773682
1.7764679572684923e+18,2115.388427734375,41.6126823425293,35.56696319580078,26.532583236694336,2327.685546875,214.00186157226562,2310.972900390625,676.8252563476562,7.6048903465271,3.638767957687378,3.3173959255218506,4.964807033538818
1.7764679572694922e+18,2114.46875,43.91151428222656,38.3255615234375,31.13024139404297,2329.064697265625,215.3811492919922,2311.4326171875,683.2620239257812,9.411908149719238,2.1602985858917236,2.9231374263763428,5.2111101150512695
1.7764679572704922e+18,2110.330810546875,48.50917434692383,28.210710525512695,36.64743423461914,2329.984375,221.3581085205078,2308.674072265625,686.4803466796875,9.411908149719238,2.784541130065918,3.3502509593963623,4.669243335723877
1.776467957271492e+18,2112.629638671875,47.58964157104492,25.45211410522461,36.18766784667969,2333.662353515625,219.51904296875,2309.593505859375,684.1815185546875,9.986868858337402,2.883105754852295,3.3173959255218506,5.35889196395874
1.776467957272492e+18,2111.25048828125,42.5322151184082,29.590007781982422,22.854455947875977,2330.90380859375,208.4846649169922,2308.21435546875,675.90576171875,8.919085502624512,3.4087836742401123,3.1202666759490967,5.752976894378662
1.776467957273492e+18,2112.169921875,41.15291976928711,28.67047691345215,21.934925079345703,2333.20263671875,204.80653381347656,2317.869384765625,684.1815185546875,10.643966674804688,4.197300910949707,3.5145251750946045,5.950019836425781
1.776467957274492e+18,2114.46875,39.77362060546875,32.80836868286133,30.67047691345215,2334.58203125,215.84092712402344,2317.869384765625,684.1815185546875,11.7938871383667,3.441638708114624,3.8102190494537354,5.950019836425781
1.7764679572754918e+18,2110.330810546875,43.91151428222656,32.80836868286133,26.99234962463379,2330.90380859375,215.3811492919922,2319.248779296875,680.0436401367188,6.947793006896973,3.80304217338562,3.9744935035705566,5.555934429168701
1.7764679572764918e+18,2112.169921875,45.75057601928711,27.29117774963379,24.693519592285156,2326.30615234375,212.62255859375,2316.0302734375,675.4459838867188,10.397554397583008,4.722978591918945,4.43446159362793,5.26037073135376
1.7764679572774917e+18,2108.031982421875,47.58964157104492,30.509540557861328,27.911880493164062,2333.662353515625,216.7604522705078,2309.593505859375,683.2620239257812,8.179850578308105,3.2116544246673584,3.5145251750946045,5.26037073135376
1.7764679572784916e+18,2114.009033203125,48.049407958984375,28.67047691345215,29.29117774963379,2334.58203125,217.22021484375,2312.352294921875,683.7217407226562,12.040298461914062,2.9159605503082275,2.2988948822021484,5.35889196395874
1.7764679572794916e+18,2113.54931640625,42.991981506347656,26.83141326904297,32.50954055786133,2326.765869140625,215.84092712402344,2310.053466796875,679.5838623046875,9.247633934020996,3.2773642539978027,2.791718006134033,4.619982719421387
1.7764679572804915e+18,2117.2275390625,47.58964157104492,30.96930503845215,31.13024139404297,2328.145263671875,218.59951782226562,2311.892333984375,682.3424682617188,9.083359718322754,4.492994785308838,3.1202666759490967,5.506673812866211
1.7764679572814915e+18,2114.009033203125,45.75057601928711,35.56696319580078,25.15328598022461,2333.20263671875,218.59951782226562,2308.674072265625,684.6412963867188,8.590537071228027,3.5073482990264893,3.3173959255218506,4.915546417236328
1.7764679572824914e+18,2108.031982421875,47.12987518310547,30.96930503845215,35.26813507080078,2329.5244140625,210.7834930419922,2312.352294921875,681.8826904296875,10.069005966186523,2.226008176803589,2.7588632106781006,5.4081525802612305
1.7764679572834913e+18,2114.009033203125,48.968936920166016,24.532583236694336,30.67047691345215,2333.662353515625,211.24327087402344,2314.191162109375,680.9631958007812,9.82259464263916,2.0945887565612793,2.726008176803589,4.866285800933838
1.7764679572844913e+18,2115.84814453125,44.371280670166016,32.80836868286133,34.348602294921875,2332.283203125,215.84092712402344,2314.651123046875,686.9401245117188,9.576183319091797,2.6531217098236084,2.4631693363189697,4.225897789001465
1.7764679572854912e+18,2114.009033203125,46.21034240722656,28.210710525512695,32.96930694580078,2330.90380859375,210.7834930419922,2310.053466796875,675.90576171875,8.015576362609863,3.2116544246673584,2.3974595069885254,5.802237510681152
1.7764679572864911e+18,2113.54931640625,43.91151428222656,32.80836868286133,34.348602294921875,2330.444091796875,216.7604522705078,2315.570556640625,684.1815185546875,10.80824089050293,2.8502509593963623,3.4488155841827393,4.915546417236328
1.776467957287491e+18,2112.169921875,45.75057601928711,29.590007781982422,30.210710525512695,2333.20263671875,213.54209899902344,2310.51318359375,684.1815185546875,9.329771041870117,3.737332582473755,3.284541130065918,5.802237510681152
1.776467957288491e+18,2108.95166015625,41.6126823425293,24.99234962463379,26.072816848754883,2331.363525390625,214.4616241455078,2313.7314453125,673.60693359375,8.261987686157227,2.9159605503082275,3.3173959255218506,5.063328266143799
1.776467957289491e+18,2107.572265625,40.693153381347656,26.83141326904297,18.256797790527344,2337.80029296875,208.4846649169922,2322.00732421875,670.8483276367188,7.5227532386779785,3.080235004425049,4.204477787017822,6.097801685333252
1.776467957290491e+18,2114.9287109375,46.670108795166016,31.4290714263916,33.429073333740234,2328.145263671875,208.02490234375,2318.788818359375,683.7217407226562,9.247633934020996,3.4087836742401123,3.580235004425049,5.457413196563721
1.7764679572914908e+18,2107.112548828125,41.6126823425293,27.29117774963379,26.532583236694336,2334.1220703125,207.5651397705078,2314.191162109375,686.4803466796875,9.740457534790039,3.5073482990264893,2.89028263092041,5.26037073135376
1.7764679572924905e+18,2117.2275390625,44.83104705810547,32.80836868286133,37.10719680786133,2326.765869140625,215.84092712402344,2308.674072265625,682.3424682617188,9.658320426940918,3.145944833755493,3.8102190494537354,5.063328266143799
1.7764679572934904e+18,2114.9287109375,40.693153381347656,26.83141326904297,26.99234962463379,2328.145263671875,215.84092712402344,2314.651123046875,680.50341796875,10.80824089050293,2.587411880493164,3.547380208969116,4.472200870513916
1.7764679572944904e+18,2110.330810546875,40.693153381347656,24.99234962463379,21.47515869140625,2335.50146484375,214.00186157226562,2317.869384765625,682.3424682617188,10.069005966186523,2.784541130065918,2.528878927230835,4.866285800933838
1.7764679572954903e+18,2108.031982421875,46.670108795166016,31.4290714263916,30.210710525512695,2333.20263671875,213.0823211669922,2314.651123046875,683.2620239257812,6.126420974731445,3.638767957687378,2.6931533813476562,5.4081525802612305
1.7764679572964902e+18,2115.388427734375,45.75057601928711,29.590007781982422,31.590007781982422,2331.8232421875,210.32373046875,2311.4326171875,681.8826904296875,9.165496826171875,2.7516863346099854,2.988847255706787,4.422940254211426
1.7764679572974904e+18,2115.388427734375,45.290809631347656,31.888837814331055,28.83141326904297,2330.444091796875,214.92138671875,2309.1337890625,680.50341796875,8.83694839477539,1.8974595069885254,1.6089425086975098,5.063328266143799
1.7764679572984904e+18,2117.2275390625,47.58964157104492,25.45211410522461,28.83141326904297,2329.5244140625,212.1627960205078,2311.4326171875,678.664306640625,9.576183319091797,2.3574278354644775,2.627443552017212,4.127376556396484
1.77646795729949e+18,2109.411376953125,42.07244873046875,25.911880493164062,26.072816848754883,2329.5244140625,214.00186157226562,2310.053466796875,680.9631958007812,9.986868858337402,2.0617339611053467,3.2188313007354736,4.964807033538818
1.77646795730049e+18,2108.95166015625,45.75057601928711,34.18766784667969,25.61305046081543,2330.90380859375,212.62255859375,2310.51318359375,682.3424682617188,9.740457534790039,3.2116544246673584,3.547380208969116,5.112588882446289
1.77646795730149e+18,2115.388427734375,45.75057601928711,32.348602294921875,27.911880493164062,2328.145263671875,214.92138671875,2311.892333984375,678.664306640625,10.726103782653809,3.0145251750946045,3.383105754852295,5.555934429168701
1.7764679573024899e+18,2114.9287109375,39.77362060546875,30.509540557861328,20.555625915527344,2329.064697265625,219.0592803955078,2313.271728515625,681.4229125976562,9.247633934020996,4.591559410095215,3.843074083328247,5.506673812866211
1.7764679573034898e+18,2112.629638671875,48.049407958984375,24.072816848754883,23.31422233581543,2323.547607421875,215.84092712402344,2306.8349609375,684.1815185546875,9.001222610473633,3.934461832046509,4.335896968841553,6.6396684646606445
1.7764679573044897e+18,2108.491943359375,42.5322151184082,26.83141326904297,18.716562271118164,2326.765869140625,215.84092712402344,2311.4326171875,679.5838623046875,11.301063537597656,4.624413967132568,4.697300910949707,6.491886615753174
1.7764679573054897e+18,2109.87109375,38.854087829589844,24.99234962463379,24.233753204345703,2330.444091796875,206.64559936523438,2318.788818359375,676.8252563476562,9.247633934020996,4.2301554679870605,4.467316627502441,5.900758743286133
1.7764679573064896e+18,2116.307861328125,47.12987518310547,37.86579513549805,30.210710525512695,2332.283203125,212.62255859375,2312.352294921875,671.767822265625,9.658320426940918,2.4559924602508545,3.8102190494537354,5.802237510681152
1.7764679573074895e+18,2112.169921875,48.50917434692383,28.67047691345215,30.210710525512695,2333.662353515625,214.00186157226562,2313.271728515625,680.9631958007812,10.069005966186523,1.9631692171096802,2.726008176803589,4.964807033538818
1.7764679573084895e+18,2111.710205078125,43.91151428222656,26.83141326904297,21.934925079345703,2329.5244140625,212.62255859375,2316.489990234375,682.80224609375,10.151143074035645,3.8687520027160645,2.9559924602508545,5.112588882446289
1.7764679573094894e+18,2108.491943359375,43.91151428222656,30.049774169921875,25.61305046081543,2332.283203125,216.30068969726562,2315.570556640625,680.9631958007812,10.397554397583008,3.3759288787841797,2.8574278354644775,4.915546417236328
1.7764679573104893e+18,2113.54931640625,40.693153381347656,28.210710525512695,22.394689559936523,2327.685546875,216.30068969726562,2308.21435546875,679.5838623046875,9.82259464263916,3.4744935035705566,3.4488155841827393,5.063328266143799
1.7764679573114893e+18,2112.629638671875,38.854087829589844,30.049774169921875,17.79703140258789,2326.765869140625,213.0823211669922,2310.053466796875,679.5838623046875,9.411908149719238,3.4744935035705566,3.5145251750946045,5.112588882446289
1.7764679573124892e+18,2117.687255859375,39.77362060546875,28.67047691345215,15.038435935974121,2324.9267578125,216.30068969726562,2309.1337890625,682.3424682617188,10.315417289733887,3.835897207260132,4.007348537445068,4.817025184631348
1.7764679573134892e+18,2114.46875,49.42870330810547,28.67047691345215,30.210710525512695,2328.145263671875,218.13975524902344,2314.651123046875,678.20458984375,10.726103782653809,2.0617339611053467,2.2988948822021484,5.752976894378662
1.776467957314489e+18,2118.14697265625,33.33689880371094,33.26813507080078,22.394689559936523,2342.39794921875,210.32373046875,2316.0302734375,681.4229125976562,10.80824089050293,4.263010501861572,1.9374912977218628,5.506673812866211
1.776467957315489e+18,2124.583740234375,34.256431579589844,42.00368881225586,20.095861434936523,2341.478515625,212.1627960205078,2308.21435546875,682.3424682617188,9.329771041870117,3.901606798171997,2.8574278354644775,5.506673812866211
1.776467957316489e+18,2119.06640625,32.41736602783203,35.56696319580078,34.80836868286133,2335.961181640625,218.13975524902344,2307.294677734375,687.8596801757812,9.001222610473633,3.901606798171997,2.5945887565612793,5.35889196395874
1.776467957317489e+18,2121.365234375,41.6126823425293,30.96930503845215,27.45211410522461,2335.50146484375,213.0823211669922,2312.352294921875,687.39990234375,9.576183319091797,4.394430160522461,3.74450945854187,6.541147232055664
1.7764679573184888e+18,2118.14697265625,42.5322151184082,36.48649597167969,31.13024139404297,2329.5244140625,215.3811492919922,2317.869384765625,674.5264282226562,10.397554397583008,5.150092124938965,3.6130897998809814,6.147062301635742
1.7764679573194885e+18,2116.307861328125,45.75057601928711,32.348602294921875,35.727901458740234,2328.145263671875,218.13975524902344,2314.191162109375,675.90576171875,10.561829566955566,3.901606798171997,4.467316627502441,6.442625999450684
1.7764679573204884e+18,2112.629638671875,46.21034240722656,29.13024139404297,35.26813507080078,2330.444091796875,220.89834594726562,2313.7314453125,680.0436401367188,10.315417289733887,4.492994785308838,4.335896968841553,6.787450313568115
1.7764679573214884e+18,2116.767578125,35.175960540771484,38.78532409667969,21.47515869140625,2335.041748046875,214.4616241455078,2315.570556640625,684.6412963867188,9.904731750488281,5.21580171585083,4.43446159362793,6.935232162475586
1.7764679573224883e+18,2120.44580078125,33.33689880371094,40.16462326049805,19.63609504699707,2339.639404296875,215.84092712402344,2311.892333984375,685.5608520507812,10.80824089050293,3.737332582473755,4.237332344055176,6.885971546173096
1.7764679573234883e+18,2126.4228515625,40.2333869934082,35.56696319580078,30.210710525512695,2339.639404296875,204.34677124023438,2319.248779296875,680.50341796875,11.465337753295898,4.033026218414307,3.580235004425049,5.802237510681152
1.7764679573244882e+18,2119.986083984375,42.5322151184082,36.94626235961914,30.210710525512695,2334.58203125,218.13975524902344,2310.51318359375,685.10107421875,9.329771041870117,4.033026218414307,3.74450945854187,6.688929080963135
1.776467957325488e+18,2118.606689453125,35.63572692871094,39.704856872558594,22.854455947875977,2332.742919921875,218.59951782226562,2310.972900390625,686.0205688476562,9.083359718322754,4.197300910949707,3.0217020511627197,5.654455661773682
1.776467957326488e+18,2121.8251953125,43.91151428222656,30.049774169921875,35.727901458740234,2326.30615234375,215.84092712402344,2309.593505859375,679.5838623046875,8.75481128692627,3.2116544246673584,3.1202666759490967,4.521461486816406
1.776467957327488e+18,2118.606689453125,39.3138542175293,35.56696319580078,32.049774169921875,2326.30615234375,213.54209899902344,2313.271728515625,679.5838623046875,9.82259464263916,3.3759288787841797,3.547380208969116,5.555934429168701
1.776467957328488e+18,2114.9287109375,41.15291976928711,29.590007781982422,28.371646881103516,2329.984375,221.81788635253906,2310.053466796875,682.80224609375,10.89037799835205,3.4744935035705566,3.1202666759490967,5.703716278076172
1.776467957329488e+18,2108.031982421875,48.049407958984375,28.210710525512695,33.429073333740234,2325.38671875,212.62255859375,2309.593505859375,677.7448120117188,8.179850578308105,2.7188313007354736,2.7588632106781006,4.028855323791504
1.7764679573304878e+18,2119.986083984375,32.877132415771484,42.9232177734375,24.693519592285156,2342.39794921875,206.64559936523438,2310.053466796875,683.2620239257812,9.576183319091797,3.540203332901001,1.9703460931777954,4.767764568328857
1.7764679573314877e+18,2120.905517578125,37.0150260925293,42.9232177734375,30.67047691345215,2338.260009765625,213.0823211669922,2311.4326171875,683.2620239257812,10.726103782653809,4.3287200927734375,1.9046363830566406,6.196322917938232
1.7764679573324877e+18,2115.388427734375,35.175960540771484,40.6243896484375,36.64743423461914,2337.340576171875,213.54209899902344,2310.51318359375,679.5838623046875,10.315417289733887,4.09873628616333,2.6931533813476562,5.063328266143799
1.7764679573334876e+18,2110.790771484375,38.39432144165039,36.94626235961914,29.750944137573242,2336.4208984375,218.13975524902344,2306.375244140625,687.39990234375,8.261987686157227,3.934461832046509,3.2516863346099854,5.752976894378662
1.7764679573344876e+18,2117.687255859375,42.991981506347656,31.888837814331055,32.50954055786133,2329.984375,210.7834930419922,2309.593505859375,681.4229125976562,8.015576362609863,3.605912923812866,3.4159605503082275,6.147062301635742
1.7764679573354875e+18,2115.388427734375,42.07244873046875,26.83141326904297,38.48649597167969,2325.38671875,216.30068969726562,2315.570556640625,678.664306640625,11.136789321899414,3.24450945854187,3.7116544246673584,5.654455661773682
1.7764679573364874e+18,2116.767578125,43.91151428222656,34.18766784667969,31.13024139404297,2330.444091796875,212.62255859375,2313.7314453125,680.50341796875,8.83694839477539,2.7188313007354736,3.2516863346099854,4.669243335723877
1.7764679573374874e+18,2110.790771484375,42.991981506347656,30.509540557861328,35.26813507080078,2325.38671875,219.51904296875,2316.0302734375,681.4229125976562,11.465337753295898,3.2116544246673584,3.185976505279541,5.703716278076172
1.7764679573384873e+18,2114.009033203125,40.2333869934082,33.727901458740234,25.61305046081543,2334.58203125,211.24327087402344,2310.972900390625,678.664306640625,7.5227532386779785,4.000171661376953,2.4631693363189697,5.851498126983643
1.776467957339487e+18,2122.74462890625,34.71619415283203,35.10719680786133,18.716562271118164,2336.4208984375,212.1627960205078,2309.593505859375,685.5608520507812,10.479691505432129,4.2301554679870605,2.4631693363189697,6.196322917938232
1.776467957340487e+18,2119.06640625,37.9345588684082,42.9232177734375,33.88883590698242,2337.340576171875,207.5651397705078,2313.271728515625,682.80224609375,9.49404525756836,3.2116544246673584,2.89028263092041,5.950019836425781
1.7764679573414868e+18,2126.4228515625,39.3138542175293,44.30251693725586,26.99234962463379,2334.58203125,212.62255859375,2310.51318359375,679.1240844726562,7.851302146911621,2.7516863346099854,2.791718006134033,5.4081525802612305
1.7764679573424868e+18,2118.14697265625,42.07244873046875,30.049774169921875,31.13024139404297,2330.90380859375,213.0823211669922,2307.754638671875,677.2850341796875,9.576183319091797,3.605912923812866,3.4159605503082275,5.35889196395874
1.7764679573434867e+18,2115.388427734375,40.2333869934082,39.704856872558594,35.26813507080078,2334.1220703125,217.67999267578125,2307.754638671875,682.3424682617188,9.658320426940918,2.8502509593963623,3.087411880493164,4.767764568328857
1.7764679573444867e+18,2108.95166015625,42.991981506347656,36.94626235961914,32.96930694580078,2335.961181640625,216.7604522705078,2306.375244140625,689.69873046875,9.740457534790039,2.7516863346099854,3.0217020511627197,4.767764568328857
1.7764679573454866e+18,2110.790771484375,41.6126823425293,25.911880493164062,29.750944137573242,2324.467041015625,212.1627960205078,2312.352294921875,676.8252563476562,9.740457534790039,2.784541130065918,2.5617339611053467,4.817025184631348
1.7764679573464865e+18,2116.307861328125,48.968936920166016,27.750944137573242,30.67047691345215,2336.4208984375,207.10537719726562,2314.651123046875,688.3193969726562,8.097713470458984,3.047380208969116,1.9374912977218628,4.472200870513916
1.7764679573474865e+18,2120.905517578125,32.877132415771484,45.222049713134766,22.394689559936523,2338.7197265625,212.62255859375,2310.972900390625,686.0205688476562,9.329771041870117,3.80304217338562,2.528878927230835,5.457413196563721
1.7764679573484864e+18,2117.2275390625,33.33689880371094,40.16462326049805,29.750944137573242,2339.1796875,205.2663116455078,2316.949951171875,679.5838623046875,9.411908149719238,3.7701873779296875,3.185976505279541,5.26037073135376
1.7764679573494863e+18,2118.606689453125,37.0150260925293,41.543922424316406,26.532583236694336,2334.58203125,214.00186157226562,2308.674072265625,680.50341796875,8.672674179077148,3.5073482990264893,3.0217020511627197,5.35889196395874
1.7764679573504863e+18,2116.307861328125,39.3138542175293,41.543922424316406,34.348602294921875,2339.1796875,214.92138671875,2312.81201171875,681.8826904296875,9.658320426940918,3.638767957687378,3.1202666759490967,5.555934429168701
1.7764679573514862e+18,2116.307861328125,34.256431579589844,38.78532409667969,41.24509048461914,2334.58203125,216.30068969726562,2311.4326171875,681.8826904296875,8.75481128692627,2.6202666759490967,2.988847255706787,5.014067649841309
1.7764679573524861e+18,2116.307861328125,46.21034240722656,33.727901458740234,34.80836868286133,2330.90380859375,215.3811492919922,2309.593505859375,681.4229125976562,9.49404525756836,2.9159605503082275,3.3502509593963623,4.718503952026367
1.776467957353486e+18,2114.9287109375,43.45174789428711,30.96930503845215,26.532583236694336,2327.685546875,215.3811492919922,2307.294677734375,683.7217407226562,10.561829566955566,4.000171661376953,3.9744935035705566,6.491886615753174
1.776467957354486e+18,2108.491943359375,42.07244873046875,27.750944137573242,30.210710525512695,2327.685546875,218.13975524902344,2311.892333984375,683.2620239257812,9.986868858337402,3.3102190494537354,3.284541130065918,5.4081525802612305
1.776467957355486e+18,2119.06640625,33.33689880371094,39.24509048461914,28.83141326904297,2337.340576171875,213.0823211669922,2316.489990234375,680.0436401367188,12.697396278381348,4.164445877075195,3.547380208969116,6.787450313568115
1.776467957356486e+18,2120.44580078125,32.41736602783203,38.78532409667969,21.934925079345703,2336.880859375,210.32373046875,2306.375244140625,685.5608520507812,10.643966674804688,5.708624839782715,4.3687520027160645,6.442625999450684
1.7764679573574858e+18,2117.687255859375,36.09549331665039,39.24509048461914,33.88883590698242,2324.00732421875,217.22021484375,2314.191162109375,681.8826904296875,11.7938871383667,4.460139751434326,3.7116544246673584,6.393365383148193
1.7764679573584855e+18,2125.962890625,38.39432144165039,38.78532409667969,22.854455947875977,2330.444091796875,211.70303344726562,2307.754638671875,683.2620239257812,11.218926429748535,3.80304217338562,3.284541130065918,5.703716278076172
1.7764679573594854e+18,2112.169921875,42.5322151184082,37.406028747558594,29.29117774963379,2339.639404296875,211.70303344726562,2314.651123046875,682.80224609375,9.658320426940918,3.441638708114624,2.8574278354644775,5.30963134765625
1.7764679573604854e+18,2113.089599609375,42.991981506347656,39.24509048461914,42.16462326049805,2333.20263671875,215.3811492919922,2313.271728515625,682.80224609375,8.590537071228027,3.4744935035705566,3.0217020511627197,5.703716278076172
1.7764679573614853e+18,2107.572265625,42.5322151184082,30.509540557861328,32.96930694580078,2328.60498046875,219.0592803955078,2313.7314453125,684.1815185546875,9.986868858337402,3.3102190494537354,3.580235004425049,4.915546417236328
1.7764679573624852e+18,2115.84814453125,49.42870330810547,33.727901458740234,28.371646881103516,2331.363525390625,216.7604522705078,2309.1337890625,674.9862060546875,8.590537071228027,3.2773642539978027,3.2188313007354736,5.4081525802612305
1.7764679573634852e+18,2119.06640625,40.2333869934082,41.543922424316406,29.750944137573242,2331.363525390625,210.32373046875,2310.053466796875,680.50341796875,9.82259464263916,4.2301554679870605,3.284541130065918,5.752976894378662
1.776467957364485e+18,2123.204345703125,36.555259704589844,41.08415603637695,35.26813507080078,2336.4208984375,217.67999267578125,2310.51318359375,682.80224609375,9.49404525756836,3.1130897998809814,1.7075071334838867,5.30963134765625
1.776467957365485e+18,2123.6640625,34.256431579589844,41.08415603637695,29.29117774963379,2339.1796875,208.94442749023438,2309.1337890625,676.8252563476562,8.83694839477539,4.591559410095215,2.3646047115325928,6.196322917938232
1.776467957366485e+18,2123.204345703125,32.41736602783203,40.16462326049805,25.61305046081543,2335.50146484375,218.13975524902344,2309.1337890625,687.39990234375,9.576183319091797,4.000171661376953,3.481670379638672,4.964807033538818
1.776467957367485e+18,2115.388427734375,44.83104705810547,32.348602294921875,31.13024139404297,2331.363525390625,204.80653381347656,2316.949951171875,683.7217407226562,10.233280181884766,3.3102190494537354,3.547380208969116,5.654455661773682
1.7764679573684849e+18,2116.767578125,45.290809631347656,29.13024139404297,38.48649597167969,2318.949951171875,216.30068969726562,2306.375244140625,683.2620239257812,10.726103782653809,3.178799629211426,2.4631693363189697,4.964807033538818
1.7764679573694848e+18,2115.84814453125,42.5322151184082,34.18766784667969,31.590007781982422,2328.60498046875,210.7834930419922,2310.972900390625,680.9631958007812,9.82259464263916,3.441638708114624,3.9087836742401123,5.9992804527282715
1.7764679573704847e+18,2115.84814453125,42.991981506347656,34.18766784667969,35.26813507080078,2328.60498046875,216.30068969726562,2311.4326171875,683.2620239257812,10.233280181884766,4.558704376220703,4.59873628616333,5.35889196395874
1.7764679573714847e+18,2111.710205078125,39.77362060546875,37.406028747558594,22.394689559936523,2341.0185546875,213.0823211669922,2304.076416015625,690.1585083007812,10.561829566955566,4.263010501861572,3.580235004425049,6.590407848358154
1.7764679573724846e+18,2118.606689453125,33.79666519165039,45.222049713134766,35.26813507080078,2337.340576171875,208.02490234375,2309.593505859375,684.1815185546875,11.218926429748535,4.920107841491699,3.7116544246673584,6.8367109298706055
1.7764679573734845e+18,2125.04345703125,32.877132415771484,44.76228332519531,27.911880493164062,2340.09912109375,210.7834930419922,2314.651123046875,676.365478515625,9.49404525756836,4.131590843200684,4.073058128356934,5.555934429168701
1.7764679573744845e+18,2119.5263671875,37.0150260925293,33.26813507080078,37.56696319580078,2331.8232421875,214.00186157226562,2312.81201171875,685.5608520507812,9.658320426940918,3.901606798171997,3.678799629211426,6.097801685333252
1.7764679573754844e+18,2120.44580078125,39.3138542175293,38.3255615234375,30.210710525512695,2328.60498046875,210.7834930419922,2306.8349609375,682.3424682617188,10.89037799835205,4.821543216705322,3.8102190494537354,5.851498126983643
1.7764679573764844e+18,2114.9287109375,41.15291976928711,33.26813507080078,29.750944137573242,2330.444091796875,212.62255859375,2314.651123046875,684.1815185546875,10.89037799835205,3.047380208969116,3.6130897998809814,5.506673812866211
1.7764679573774843e+18,2118.14697265625,44.83104705810547,30.509540557861328,27.911880493164062,2330.444091796875,216.7604522705078,2311.4326171875,678.20458984375,11.136789321899414,3.343074083328247,3.6130897998809814,5.752976894378662
1.776467957378484e+18,2109.87109375,45.75057601928711,28.210710525512695,32.049774169921875,2325.846435546875,217.22021484375,2308.21435546875,683.7217407226562,12.533122062683105,3.145944833755493,2.430314302444458,5.4081525802612305
1.776467957379484e+18,2108.491943359375,49.42870330810547,27.29117774963379,30.67047691345215,2323.087646484375,216.30068969726562,2314.651123046875,681.8826904296875,9.001222610473633,2.5217020511627197,2.5945887565612793,4.422940254211426
1.7764679573804838e+18,2122.74462890625,31.957599639892578,46.60134506225586,21.934925079345703,2339.1796875,213.0823211669922,2314.191162109375,681.8826904296875,9.740457534790039,3.901606798171997,2.1017656326293945,5.014067649841309
1.7764679573814838e+18,2118.606689453125,30.1185359954834,40.16462326049805,25.61305046081543,2336.880859375,215.3811492919922,2311.892333984375,688.7791748046875,8.344124794006348,3.638767957687378,1.8060717582702637,4.817025184631348
1.7764679573824837e+18,2116.307861328125,31.957599639892578,44.76228332519531,41.704856872558594,2340.09912109375,210.7834930419922,2310.51318359375,684.6412963867188,10.397554397583008,4.033026218414307,2.1017656326293945,5.654455661773682
1.7764679573834836e+18,2118.14697265625,39.3138542175293,34.18766784667969,30.67047691345215,2335.041748046875,215.84092712402344,2311.4326171875,680.0436401367188,7.933439254760742,3.6716227531433105,3.3173959255218506,5.26037073135376
1.7764679573844836e+18,2117.2275390625,36.555259704589844,39.704856872558594,25.15328598022461,2338.7197265625,215.84092712402344,2316.949951171875,676.8252563476562,9.740457534790039,4.131590843200684,2.9559924602508545,5.4081525802612305
1.7764679573854835e+18,2113.089599609375,37.47479248046875,33.26813507080078,34.348602294921875,2327.2255859375,215.84092712402344,2313.7314453125,678.664306640625,9.986868858337402,4.065881252288818,3.2516863346099854,5.2111101150512695
1.7764679573864835e+18,2117.2275390625,44.83104705810547,30.96930503845215,29.29117774963379,2328.60498046875,217.22021484375,2310.053466796875,679.5838623046875,10.233280181884766,3.934461832046509,4.335896968841553,5.457413196563721
1.7764679573874834e+18,2109.87109375,47.12987518310547,29.13024139404297,34.348602294921875,2335.50146484375,210.7834930419922,2313.7314453125,680.50341796875,10.151143074035645,2.685976505279541,3.0545570850372314,4.472200870513916
1.7764679573884833e+18,2115.388427734375,36.555259704589844,31.888837814331055,32.50954055786133,2329.5244140625,214.4616241455078,2316.489990234375,676.8252563476562,10.397554397583008,3.0145251750946045,2.726008176803589,5.703716278076172
1.7764679573894833e+18,2121.365234375,37.47479248046875,42.46345138549805,24.693519592285156,2335.041748046875,212.1627960205078,2314.651123046875,685.10107421875,8.672674179077148,4.690124034881592,3.1202666759490967,5.9992804527282715
1.7764679573904832e+18,2118.14697265625,34.71619415283203,42.00368881225586,33.429073333740234,2336.880859375,207.10537719726562,2310.053466796875,679.5838623046875,9.165496826171875,4.361575126647949,3.0217020511627197,5.900758743286133
1.7764679573914831e+18,2121.365234375,39.77362060546875,41.543922424316406,35.727901458740234,2335.50146484375,212.1627960205078,2304.5361328125,682.3424682617188,9.165496826171875,3.737332582473755,3.5145251750946045,6.442625999450684
1.776467957392483e+18,2120.44580078125,37.0150260925293,30.049774169921875,33.429073333740234,2326.765869140625,214.4616241455078,2307.754638671875,681.4229125976562,11.547475814819336,4.131590843200684,4.500171661376953,5.4081525802612305
1.776467957393483e+18,2117.2275390625,42.07244873046875,38.3255615234375,23.77398681640625,2330.90380859375,213.54209899902344,2306.8349609375,681.8826904296875,9.329771041870117,4.09873628616333,4.073058128356934,5.851498126983643
1.776467957394483e+18,2113.54931640625,39.3138542175293,33.26813507080078,22.854455947875977,2332.742919921875,218.13975524902344,2311.892333984375,679.5838623046875,11.465337753295898,4.065881252288818,3.6130897998809814,6.147062301635742
1.776467957395483e+18,2111.25048828125,40.2333869934082,33.727901458740234,37.56696319580078,2330.90380859375,218.59951782226562,2312.352294921875,679.5838623046875,9.740457534790039,3.6716227531433105,3.5145251750946045,4.718503952026367
1.7764679573964828e+18,2114.009033203125,48.968936920166016,32.348602294921875,37.56696319580078,2333.662353515625,208.94442749023438,2316.0302734375,677.2850341796875,9.576183319091797,3.540203332901001,3.8102190494537354,5.752976894378662
1.7764679573974828e+18,2114.009033203125,37.47479248046875,43.842750549316406,28.83141326904297,2338.260009765625,213.0823211669922,2314.651123046875,683.2620239257812,11.136789321899414,5.150092124938965,3.0217020511627197,6.442625999450684
1.7764679573984827e+18,2123.204345703125,31.957599639892578,42.00368881225586,38.94626235961914,2341.938232421875,206.64559936523438,2311.892333984375,684.1815185546875,9.986868858337402,3.934461832046509,3.7773642539978027,6.6396684646606445
1.776467957399483e+18,2123.204345703125,37.0150260925293,39.24509048461914,40.3255615234375,2336.4208984375,216.7604522705078,2311.892333984375,683.2620239257812,10.479691505432129,4.4272847175598145,2.89028263092041,5.851498126983643
1.7764679574004828e+18,2121.365234375,37.9345588684082,41.543922424316406,39.406028747558594,2336.4208984375,216.30068969726562,2310.053466796875,677.2850341796875,10.561829566955566,4.755833625793457,3.645944833755493,6.8367109298706055
1.7764679574014828e+18,2119.986083984375,39.77362060546875,30.96930503845215,22.394689559936523,2324.9267578125,213.54209899902344,2309.593505859375,680.0436401367188,10.479691505432129,4.624413967132568,4.3687520027160645,5.605195045471191
1.776467957402483e+18,2117.687255859375,43.91151428222656,37.406028747558594,32.96930694580078,2333.20263671875,219.51904296875,2308.21435546875,681.4229125976562,9.740457534790039,3.737332582473755,3.9087836742401123,4.817025184631348
1.776467957403483e+18,2113.089599609375,46.21034240722656,36.94626235961914,37.10719680786133,2331.8232421875,211.24327087402344,2310.053466796875,675.90576171875,11.958161354064941,2.6531217098236084,2.791718006134033,5.555934429168701
1.7764679574044828e+18,2111.25048828125,44.83104705810547,24.99234962463379,32.049774169921875,2322.6279296875,215.84092712402344,2311.892333984375,678.664306640625,8.426261901855469,3.343074083328247,3.580235004425049,5.112588882446289
1.776467957405483e+18,2114.9287109375,35.63572692871094,47.06111145019531,31.590007781982422,2343.77734375,211.24327087402344,2317.869384765625,682.3424682617188,10.069005966186523,4.525849342346191,2.3646047115325928,6.442625999450684
1.776467957406483e+18,2119.5263671875,34.71619415283203,46.141578674316406,41.24509048461914,2337.340576171875,209.40420532226562,2318.3291015625,678.664306640625,10.561829566955566,4.09873628616333,2.89028263092041,6.8367109298706055
1.776467957407483e+18,2121.8251953125,38.854087829589844,40.16462326049805,35.727901458740234,2335.041748046875,209.8639678955078,2307.294677734375,685.5608520507812,9.165496826171875,4.2301554679870605,3.2188313007354736,6.6396684646606445
1.776467957408483e+18,2112.169921875,40.2333869934082,41.08415603637695,35.26813507080078,2341.478515625,213.54209899902344,2312.352294921875,684.6412963867188,8.672674179077148,4.4272847175598145,3.087411880493164,6.196322917938232
1.776467957409483e+18,2120.44580078125,39.77362060546875,39.704856872558594,34.348602294921875,2334.58203125,212.1627960205078,2311.4326171875,679.1240844726562,10.972515106201172,4.263010501861572,2.988847255706787,5.605195045471191
1.776467957410483e+18,2118.14697265625,45.290809631347656,32.348602294921875,34.80836868286133,2325.846435546875,213.0823211669922,2308.21435546875,680.0436401367188,8.919085502624512,3.5073482990264893,4.105913162231445,5.851498126983643
1.7764679574114831e+18,2113.089599609375,47.58964157104492,30.96930503845215,33.88883590698242,2325.38671875,218.13975524902344,2308.21435546875,680.9631958007812,10.643966674804688,2.8173959255218506,2.824572801589966,5.4081525802612305
1.776467957412483e+18,2108.491943359375,43.45174789428711,33.727901458740234,39.406028747558594,2331.8232421875,212.1627960205078,2314.191162109375,675.4459838867188,8.50839900970459,2.587411880493164,3.678799629211426,5.4081525802612305
1.776467957413483e+18,2124.1240234375,37.9345588684082,40.6243896484375,38.48649597167969,2335.961181640625,215.3811492919922,2314.651123046875,686.4803466796875,10.151143074035645,3.0145251750946045,2.430314302444458,4.915546417236328
1.7764679574144832e+18,2113.54931640625,35.63572692871094,44.30251693725586,26.99234962463379,2341.938232421875,210.7834930419922,2314.651123046875,686.9401245117188,8.590537071228027,3.540203332901001,1.7403620481491089,5.851498126983643
1.7764679574154831e+18,2122.284912109375,36.09549331665039,38.78532409667969,30.210710525512695,2339.639404296875,210.7834930419922,2307.754638671875,683.7217407226562,8.261987686157227,4.394430160522461,2.3646047115325928,6.245583534240723
1.776467957416483e+18,2119.986083984375,32.41736602783203,38.78532409667969,29.29117774963379,2337.80029296875,221.3581085205078,2309.1337890625,686.0205688476562,9.165496826171875,4.460139751434326,3.4488155841827393,5.605195045471191
1.7764679574174833e+18,2110.330810546875,36.09549331665039,34.18766784667969,27.45211410522461,2336.4208984375,212.1627960205078,2312.352294921875,677.2850341796875,8.50839900970459,3.3102190494537354,3.1531217098236084,5.457413196563721
1.7764679574184832e+18,2114.46875,45.290809631347656,30.049774169921875,33.88883590698242,2329.984375,219.0592803955078,2313.7314453125,681.4229125976562,10.643966674804688,4.065881252288818,3.678799629211426,5.161849498748779
1.7764679574194831e+18,2112.169921875,45.290809631347656,33.26813507080078,29.750944137573242,2326.30615234375,214.92138671875,2313.271728515625,677.2850341796875,9.411908149719238,3.835897207260132,4.303042411804199,5.900758743286133
1.7764679574204833e+18,2109.411376953125,45.290809631347656,32.348602294921875,40.3255615234375,2331.8232421875,213.54209899902344,2313.271728515625,676.365478515625,7.687027454376221,2.6202666759490967,3.9744935035705566,6.097801685333252
1.7764679574214833e+18,2112.169921875,43.91151428222656,40.6243896484375,28.371646881103516,2340.558837890625,205.2663116455078,2314.191162109375,676.8252563476562,10.151143074035645,4.361575126647949,3.645944833755493,6.245583534240723
1.7764679574224832e+18,2126.4228515625,31.957599639892578,38.78532409667969,39.86579513549805,2338.7197265625,208.94442749023438,2313.271728515625,684.1815185546875,11.465337753295898,4.690124034881592,3.3502509593963623,6.688929080963135
1.7764679574234834e+18,2115.388427734375,37.47479248046875,40.16462326049805,32.50954055786133,2336.880859375,203.42724609375,2316.489990234375,680.50341796875,9.986868858337402,4.2301554679870605,3.580235004425049,6.147062301635742
1.7764679574244833e+18,2117.2275390625,41.15291976928711,35.10719680786133,29.750944137573242,2332.742919921875,212.1627960205078,2309.1337890625,679.1240844726562,8.83694839477539,3.737332582473755,3.9744935035705566,6.442625999450684
1.7764679574254833e+18,2122.74462890625,43.91151428222656,36.94626235961914,39.406028747558594,2326.765869140625,219.51904296875,2312.81201171875,678.20458984375,9.740457534790039,3.901606798171997,3.2188313007354736,4.964807033538818
1.7764679574264835e+18,2113.089599609375,42.991981506347656,34.18766784667969,38.94626235961914,2324.9267578125,217.22021484375,2313.271728515625,678.20458984375,10.561829566955566,2.8502509593963623,2.4631693363189697,4.5707221031188965
1.7764679574274834e+18,2115.84814453125,42.07244873046875,36.48649597167969,32.96930694580078,2333.20263671875,217.67999267578125,2310.51318359375,677.2850341796875,7.933439254760742,2.127443552017212,2.9559924602508545,4.817025184631348
1.7764679574284833e+18,2103.894287109375,47.12987518310547,32.348602294921875,38.026729583740234,2324.9267578125,217.22021484375,2316.0302734375,675.4459838867188,8.015576362609863,2.7188313007354736,2.7588632106781006,4.472200870513916
1.7764679574294835e+18,2116.767578125,43.45174789428711,33.26813507080078,40.78532409667969,2328.145263671875,219.51904296875,2308.674072265625,683.2620239257812,9.247633934020996,3.0145251750946045,2.6602985858917236,5.555934429168701
1.7764679574304835e+18,2111.710205078125,45.75057601928711,34.18766784667969,32.50954055786133,2327.685546875,215.3811492919922,2309.1337890625,680.0436401367188,9.083359718322754,2.4559924602508545,2.331749677658081,4.176637172698975
1.7764679574314834e+18,2123.204345703125,35.63572692871094,44.30251693725586,35.727901458740234,2332.742919921875,213.0823211669922,2310.51318359375,680.9631958007812,7.112067222595215,3.9673166275024414,2.791718006134033,4.669243335723877
1.7764679574324836e+18,2118.606689453125,39.77362060546875,43.842750549316406,36.18766784667969,2332.283203125,219.97882080078125,2313.7314453125,684.1815185546875,7.5227532386779785,3.6716227531433105,2.726008176803589,4.866285800933838
1.7764679574334835e+18,2112.629638671875,39.3138542175293,35.10719680786133,30.210710525512695,2334.58203125,214.92138671875,2306.375244140625,682.3424682617188,9.165496826171875,3.1130897998809814,3.3173959255218506,5.4081525802612305
1.7764679574344835e+18,2112.169921875,46.670108795166016,36.026729583740234,34.348602294921875,2323.547607421875,211.70303344726562,2312.352294921875,676.365478515625,7.5227532386779785,2.9159605503082275,3.0217020511627197,5.950019836425781
1.7764679574354836e+18,2114.46875,43.91151428222656,33.727901458740234,41.704856872558594,2326.30615234375,216.30068969726562,2306.8349609375,680.9631958007812,10.315417289733887,2.9159605503082275,2.791718006134033,5.30963134765625
1.7764679574364836e+18,2110.330810546875,42.991981506347656,28.210710525512695,33.88883590698242,2324.00732421875,217.22021484375,2307.754638671875,684.1815185546875,8.50839900970459,2.883105754852295,3.74450945854187,5.752976894378662
1.7764679574374835e+18,2107.112548828125,47.12987518310547,35.10719680786133,44.00368881225586,2327.685546875,214.92138671875,2312.81201171875,683.2620239257812,9.165496826171875,3.343074083328247,2.9231374263763428,5.950019836425781
1.7764679574384837e+18,2110.790771484375,46.670108795166016,29.13024139404297,38.94626235961914,2332.742919921875,214.92138671875,2311.892333984375,677.2850341796875,9.247633934020996,4.000171661376953,4.105913162231445,5.26037073135376
1.7764679574394836e+18,2114.009033203125,36.555259704589844,42.00368881225586,25.61305046081543,2333.20263671875,208.94442749023438,2315.11083984375,682.80224609375,9.904731750488281,4.4272847175598145,3.843074083328247,5.900758743286133
1.7764679574404836e+18,2121.365234375,42.991981506347656,39.704856872558594,36.64743423461914,2335.50146484375,209.8639678955078,2312.352294921875,682.80224609375,10.233280181884766,4.131590843200684,2.8574278354644775,5.26037073135376
1.7764679574414838e+18,2121.8251953125,41.15291976928711,43.38298416137695,33.429073333740234,2329.5244140625,214.92138671875,2307.294677734375,682.3424682617188,10.315417289733887,3.6716227531433105,3.6130897998809814,5.506673812866211
1.7764679574424837e+18,2115.84814453125,43.91151428222656,36.026729583740234,32.96930694580078,2327.2255859375,216.30068969726562,2310.972900390625,676.365478515625,9.083359718322754,3.5730581283569336,3.9087836742401123,5.802237510681152
1.7764679574434836e+18,2116.767578125,43.91151428222656,33.26813507080078,37.56696319580078,2323.547607421875,214.4616241455078,2308.674072265625,681.8826904296875,9.740457534790039,3.178799629211426,3.7116544246673584,4.915546417236328
1.7764679574444838e+18,2113.089599609375,46.21034240722656,27.750944137573242,30.67047691345215,2329.984375,212.1627960205078,2310.972900390625,677.2850341796875,10.972515106201172,3.2773642539978027,3.481670379638672,5.802237510681152
1.7764679574454838e+18,2114.009033203125,46.670108795166016,29.590007781982422,30.67047691345215,2328.60498046875,213.0823211669922,2316.0302734375,679.5838623046875,10.479691505432129,2.4559924602508545,3.1531217098236084,5.703716278076172
1.7764679574464837e+18,2114.46875,44.83104705810547,26.83141326904297,22.854455947875977,2325.846435546875,210.7834930419922,2312.81201171875,676.365478515625,9.329771041870117,3.704477548599243,3.2188313007354736,5.014067649841309
1.776467957447484e+18,2119.5263671875,33.79666519165039,38.78532409667969,25.61305046081543,2332.742919921875,216.30068969726562,2304.5361328125,684.6412963867188,9.576183319091797,3.901606798171997,2.4960241317749023,5.35889196395874
1.7764679574484838e+18,2124.1240234375,34.71619415283203,44.30251693725586,28.83141326904297,2335.50146484375,213.0823211669922,2309.593505859375,680.9631958007812,8.919085502624512,4.591559410095215,3.2516863346099854,6.196322917938232
1.7764679574494838e+18,2112.169921875,38.854087829589844,30.96930503845215,32.96930694580078,2331.363525390625,213.54209899902344,2311.4326171875,682.3424682617188,9.411908149719238,4.624413967132568,3.580235004425049,5.112588882446289
1.7764679574504837e+18,2118.14697265625,42.5322151184082,31.4290714263916,32.049774169921875,2332.742919921875,215.84092712402344,2311.892333984375,682.3424682617188,11.054652214050293,2.7516863346099854,3.1531217098236084,4.718503952026367
1.776467957451484e+18,2118.14697265625,42.5322151184082,29.13024139404297,26.532583236694336,2327.2255859375,215.84092712402344,2309.1337890625,686.0205688476562,11.958161354064941,2.7188313007354736,3.087411880493164,5.555934429168701
1.7764679574524838e+18,2117.2275390625,44.371280670166016,36.48649597167969,35.727901458740234,2329.064697265625,217.22021484375,2310.053466796875,684.6412963867188,10.233280181884766,3.2116544246673584,2.791718006134033,5.112588882446289
1.7764679574534838e+18,2114.009033203125,44.371280670166016,29.590007781982422,29.750944137573242,2324.9267578125,218.13975524902344,2313.271728515625,685.5608520507812,9.658320426940918,3.704477548599243,3.7773642539978027,4.767764568328857
1.776467957454484e+18,2115.388427734375,48.049407958984375,30.049774169921875,31.13024139404297,2330.90380859375,218.13975524902344,2316.0302734375,688.7791748046875,9.001222610473633,3.5073482990264893,3.284541130065918,4.3736796379089355
1.776467957455484e+18,2121.8251953125,31.038068771362305,42.9232177734375,21.47515869140625,2337.340576171875,212.62255859375,2301.31787109375,686.0205688476562,10.233280181884766,4.492994785308838,3.6130897998809814,5.802237510681152
1.7764679574564838e+18,2115.84814453125,36.555259704589844,45.222049713134766,28.83141326904297,2334.1220703125,206.64559936523438,2313.271728515625,679.1240844726562,8.83694839477539,4.033026218414307,3.4159605503082275,6.541147232055664
1.776467957457484e+18,2120.905517578125,34.256431579589844,42.9232177734375,29.750944137573242,2331.363525390625,211.70303344726562,2302.697021484375,688.3193969726562,11.301063537597656,3.605912923812866,3.6130897998809814,6.344104766845703
1.776467957458484e+18,2121.365234375,42.991981506347656,42.00368881225586,32.96930694580078,2334.58203125,217.67999267578125,2304.995849609375,683.7217407226562,8.50839900970459,3.145944833755493,3.7116544246673584,6.442625999450684
1.776467957459484e+18,2116.767578125,45.290809631347656,29.590007781982422,37.56696319580078,2321.248779296875,218.13975524902344,2312.81201171875,680.9631958007812,9.49404525756836,1.6346205472946167,2.6602985858917236,5.555934429168701
1.776467957460484e+18,2113.089599609375,39.77362060546875,26.83141326904297,25.15328598022461,2328.145263671875,216.7604522705078,2302.697021484375,688.7791748046875,10.315417289733887,3.047380208969116,2.9559924602508545,5.555934429168701
1.776467957461484e+18,2111.710205078125,43.91151428222656,34.64743423461914,26.072816848754883,2327.685546875,220.43858337402344,2306.375244140625,686.0205688476562,9.411908149719238,3.080235004425049,2.791718006134033,4.324419021606445
1.776467957462484e+18,2114.46875,48.50917434692383,32.348602294921875,35.26813507080078,2321.70849609375,219.51904296875,2311.892333984375,678.20458984375,9.083359718322754,2.291718006134033,2.7588632106781006,5.4081525802612305
1.7764679574634842e+18,2111.710205078125,46.670108795166016,39.24509048461914,32.50954055786133,2332.283203125,217.22021484375,2317.40966796875,691.0780029296875,9.986868858337402,3.6716227531433105,2.791718006134033,4.3736796379089355
1.776467957464484e+18,2118.14697265625,34.256431579589844,32.80836868286133,25.15328598022461,2333.20263671875,214.4616241455078,2308.674072265625,686.0205688476562,11.136789321899414,4.558704376220703,3.2188313007354736,4.817025184631348
1.776467957465484e+18,2116.307861328125,36.555259704589844,40.16462326049805,32.96930694580078,2326.765869140625,209.40420532226562,2312.81201171875,687.8596801757812,9.82259464263916,4.164445877075195,2.6931533813476562,6.196322917938232
1.7764679574664842e+18,2121.365234375,37.9345588684082,39.704856872558594,34.348602294921875,2331.8232421875,218.13975524902344,2301.31787109375,685.5608520507812,8.344124794006348,2.8173959255218506,3.4159605503082275,5.063328266143799
1.7764679574674842e+18,2117.687255859375,45.75057601928711,35.10719680786133,34.348602294921875,2333.20263671875,214.4616241455078,2307.754638671875,682.80224609375,11.218926429748535,4.164445877075195,3.481670379638672,5.654455661773682
1.776467957468484e+18,2114.009033203125,45.75057601928711,29.13024139404297,38.94626235961914,2328.145263671875,214.4616241455078,2313.271728515625,685.10107421875,8.097713470458984,3.0145251750946045,2.6602985858917236,5.014067649841309
1.7764679574694843e+18,2110.330810546875,47.12987518310547,35.56696319580078,36.64743423461914,2324.9267578125,216.30068969726562,2312.81201171875,685.10107421875,8.261987686157227,3.0145251750946045,2.6602985858917236,5.26037073135376
1.7764679574704842e+18,2108.491943359375,44.83104705810547,26.83141326904297,30.210710525512695,2329.984375,218.13975524902344,2310.053466796875,684.6412963867188,9.49404525756836,4.09873628616333,3.8102190494537354,5.4081525802612305
1.7764679574714842e+18,2114.46875,40.2333869934082,31.888837814331055,28.83141326904297,2321.248779296875,216.7604522705078,2307.294677734375,685.10107421875,9.740457534790039,4.033026218414307,4.204477787017822,5.802237510681152
1.7764679574724844e+18,2124.1240234375,37.0150260925293,45.68181228637695,39.406028747558594,2334.1220703125,212.62255859375,2313.7314453125,688.7791748046875,10.069005966186523,5.544350624084473,4.007348537445068,7.378577709197998
1.7764679574734843e+18,2119.986083984375,31.957599639892578,43.842750549316406,32.50954055786133,2337.340576171875,212.1627960205078,2307.294677734375,681.8826904296875,9.165496826171875,3.9673166275024414,3.9087836742401123,5.851498126983643
1.7764679574744842e+18,2117.687255859375,36.555259704589844,37.86579513549805,36.64743423461914,2335.041748046875,219.51904296875,2304.995849609375,691.99755859375,9.001222610473633,3.704477548599243,3.087411880493164,6.245583534240723
1.7764679574754844e+18,2109.411376953125,37.9345588684082,38.3255615234375,29.750944137573242,2324.00732421875,215.3811492919922,2309.1337890625,685.5608520507812,10.80824089050293,3.4087836742401123,3.2188313007354736,6.048541069030762
1.7764679574764844e+18,2114.9287109375,46.21034240722656,32.80836868286133,26.99234962463379,2325.38671875,213.0823211669922,2308.674072265625,686.4803466796875,9.986868858337402,2.5217020511627197,2.726008176803589,5.063328266143799
1.7764679574774843e+18,2109.411376953125,45.75057601928711,32.80836868286133,27.45211410522461,2324.467041015625,217.22021484375,2311.4326171875,683.7217407226562,9.329771041870117,3.8687520027160645,3.0217020511627197,5.555934429168701
1.7764679574784845e+18,2113.54931640625,45.290809631347656,32.348602294921875,40.3255615234375,2330.444091796875,212.62255859375,2311.4326171875,684.1815185546875,9.49404525756836,3.638767957687378,3.4159605503082275,5.703716278076172
1.7764679574794844e+18,2115.84814453125,44.371280670166016,26.83141326904297,35.727901458740234,2323.087646484375,217.22021484375,2304.5361328125,686.9401245117188,11.218926429748535,4.065881252288818,3.1531217098236084,5.654455661773682
1.7764679574804844e+18,2126.4228515625,33.79666519165039,42.9232177734375,31.590007781982422,2332.283203125,207.10537719726562,2304.076416015625,685.5608520507812,9.658320426940918,4.460139751434326,3.284541130065918,6.294844150543213
1.7764679574814845e+18,2119.5263671875,34.71619415283203,38.3255615234375,34.80836868286133,2337.80029296875,208.02490234375,2312.81201171875,682.80224609375,9.82259464263916,3.8687520027160645,3.284541130065918,6.196322917938232
1.7764679574824845e+18,2117.687255859375,39.3138542175293,35.10719680786133,39.406028747558594,2341.0185546875,214.4616241455078,2311.892333984375,685.5608520507812,9.740457534790039,2.7516863346099854,1.6746522188186646,4.817025184631348
1.7764679574834844e+18,2114.9287109375,37.47479248046875,34.64743423461914,25.61305046081543,2331.8232421875,211.24327087402344,2310.51318359375,685.5608520507812,8.919085502624512,3.2773642539978027,3.0217020511627197,5.457413196563721
1.7764679574844846e+18,2117.2275390625,44.371280670166016,29.590007781982422,32.50954055786133,2327.685546875,217.67999267578125,2310.053466796875,681.8826904296875,9.740457534790039,3.343074083328247,2.3646047115325928,5.4081525802612305
1.7764679574854845e+18,2111.25048828125,42.5322151184082,33.26813507080078,28.83141326904297,2333.20263671875,213.54209899902344,2310.972900390625,679.1240844726562,10.561829566955566,3.638767957687378,2.726008176803589,5.014067649841309
1.7764679574864845e+18,2116.767578125,43.45174789428711,30.049774169921875,28.83141326904297,2325.38671875,220.43858337402344,2306.8349609375,686.9401245117188,10.972515106201172,3.441638708114624,3.2516863346099854,4.669243335723877
1.7764679574874847e+18,2115.84814453125,48.049407958984375,35.10719680786133,32.049774169921875,2325.846435546875,220.43858337402344,2304.076416015625,680.0436401367188,9.49404525756836,3.1130897998809814,3.1531217098236084,5.555934429168701
1.7764679574884846e+18,2120.44580078125,45.290809631347656,23.15328598022461,26.072816848754883,2333.20263671875,220.89834594726562,2310.51318359375,676.365478515625,9.247633934020996,3.3102190494537354,3.3502509593963623,5.457413196563721
1.7764679574894845e+18,2116.307861328125,37.9345588684082,41.08415603637695,25.15328598022461,2332.742919921875,214.00186157226562,2309.593505859375,687.8596801757812,9.083359718322754,2.587411880493164,2.627443552017212,5.9992804527282715
1.7764679574904847e+18,2121.365234375,36.09549331665039,40.16462326049805,21.934925079345703,2335.041748046875,210.7834930419922,2309.1337890625,691.5377807617188,9.740457534790039,4.263010501861572,2.988847255706787,5.457413196563721
1.7764679574914847e+18,2122.74462890625,43.91151428222656,37.406028747558594,26.072816848754883,2331.363525390625,212.62255859375,2303.15673828125,691.99755859375,11.629612922668457,4.2301554679870605,2.9231374263763428,5.851498126983643
1.7764679574924846e+18,2117.2275390625,45.75057601928711,30.509540557861328,24.233753204345703,2325.38671875,214.4616241455078,2305.91552734375,678.20458984375,10.726103782653809,3.3102190494537354,3.4159605503082275,5.35889196395874
1.7764679574934848e+18,2109.411376953125,48.50917434692383,32.80836868286133,36.18766784667969,2327.2255859375,212.62255859375,2313.271728515625,680.0436401367188,9.49404525756836,3.605912923812866,3.9744935035705566,5.30963134765625
1.7764679574944847e+18,2108.95166015625,40.693153381347656,34.18766784667969,34.348602294921875,2333.20263671875,217.67999267578125,2308.21435546875,684.1815185546875,9.740457534790039,3.540203332901001,3.6130897998809814,5.30963134765625
1.7764679574954847e+18,2111.710205078125,42.991981506347656,25.911880493164062,33.429073333740234,2330.90380859375,219.97882080078125,2315.570556640625,682.3424682617188,10.89037799835205,3.0145251750946045,2.89028263092041,5.063328266143799
1.7764679574964849e+18,2111.710205078125,47.12987518310547,31.888837814331055,28.371646881103516,2334.58203125,216.7604522705078,2310.053466796875,685.10107421875,11.301063537597656,2.9488155841827393,2.6602985858917236,5.605195045471191
1.7764679574974848e+18,2124.583740234375,31.497835159301758,39.24509048461914,24.693519592285156,2336.4208984375,210.7834930419922,2305.91552734375,686.0205688476562,8.261987686157227,3.638767957687378,2.233185052871704,4.767764568328857
1.7764679574984847e+18,2112.629638671875,38.39432144165039,38.3255615234375,25.15328598022461,2336.4208984375,213.0823211669922,2304.995849609375,680.50341796875,8.426261901855469,3.4744935035705566,2.9559924602508545,5.605195045471191
1.7764679574994847e+18,2117.687255859375,34.71619415283203,39.24509048461914,37.56696319580078,2342.857666015625,213.0823211669922,2312.352294921875,687.39990234375,9.247633934020996,4.722978591918945,3.087411880493164,6.442625999450684
