time_chanNI9203_1,PT_FU_02,PT_N2_05,PT_GO2_04_1,PT_N2_19,PT_FU_01_1,PT_LO2_05,PT_N2_06,PT_GO2_03_1
1.7764685523311741e+18,-1.666975975036621,-26.07884979248047,-0.0940297469496727,-0.007633312605321407,-0.008944249711930752,0.057610031217336655,-0.10713662207126617,0.05248340591788292
1.7764685523321743e+18,-1.543894648551941,-15.615945816040039,0.09063731133937836,-0.0014818687923252583,-0.0909702479839325,-0.15777844190597534,-0.10713662207126617,-0.07052221894264221
1.7764685523331743e+18,-2.4977753162384033,-23.30925750732422,-0.0940297469496727,-0.013784755952656269,-0.008944249711930752,0.057610031217336655,-0.045565467327833176,-0.16277644038200378
1.7764685523341742e+18,-0.37462154030799866,12.695444107055664,-0.0016962187364697456,-0.0014818687923252583,0.07308174669742584,0.14991937577724457,-0.045565467327833176,0.05248340591788292
1.7764685523351741e+18,-2.5900862216949463,-11.41026782989502,-0.18636327981948853,-0.026087643578648567,-0.17299625277519226,-0.12700866162776947,-0.045565467327833176,-0.07052221894264221
1.7764685523361743e+18,0.1484743058681488,9.412964820861816,0.02908162586390972,0.004669575020670891,0.07308174669742584,0.08837981522083282,-0.045565467327833176,-0.16277644038200378
1.7764685523371743e+18,-0.4053918719291687,-0.22932063043117523,0.1214151531457901,0.010821018368005753,0.1551077514886856,-0.12700866162776947,-0.23027893900871277,-0.13202503323554993
1.7764685523381742e+18,-0.8361766934394836,-0.9473631381988525,0.02908162586390972,-0.019936200231313705,-0.0909702479839325,-0.06546909362077713,-0.10713662207126617,0.02173200063407421
1.7764685523391741e+18,0.4869481027126312,-12.743775367736816,0.1214151531457901,0.016972461715340614,0.032068751752376556,-0.003929531201720238,-0.10713662207126617,-0.16277644038200378
1.7764685523401743e+18,-1.913138747215271,-7.8200554847717285,0.059859469532966614,-0.03223908692598343,-0.008944249711930752,-0.003929531201720238,-0.045565467327833176,0.1447376310825348
1.7764685523411743e+18,-0.9900283813476562,-22.591215133666992,0.02908162586390972,-0.013784755952656269,-0.13198325037956238,-0.06546909362077713,-0.045565467327833176,-0.009019406512379646
1.7764685523421742e+18,-5.174795150756836,-7.512322902679443,-0.03247406333684921,-0.013784755952656269,-0.008944249711930752,-0.003929531201720238,-0.045565467327833176,0.05248340591788292
1.7764685523431741e+18,0.4561777412891388,38.647552490234375,-0.18636327981948853,-0.03223908692598343,-0.0909702479839325,-0.003929531201720238,0.016005687415599823,0.1447376310825348
1.7764685523441743e+18,-1.6362056732177734,-7.102013111114502,0.1214151531457901,-0.0014818687923252583,0.11409474909305573,0.057610031217336655,-0.10713662207126617,-0.13202503323554993
1.7764685523451743e+18,1.5946804285049438,-26.899471282958984,-0.06325190514326096,-0.026087643578648567,-0.0909702479839325,-0.06546909362077713,-0.10713662207126617,0.08323480933904648
1.7764685523461742e+18,-1.482353925704956,-15.513367652893066,0.02908162586390972,-0.019936200231313705,-0.21400925517082214,-0.12700866162776947,-0.10713662207126617,0.11398621648550034
1.7764685523471741e+18,2.025465250015259,22.029996871948242,0.1214151531457901,0.016972461715340614,-0.255022257566452,-0.15777844190597534,-0.10713662207126617,-0.16277644038200378
1.7764685523481743e+18,-4.00552225112915,-0.024165624752640724,0.059859469532966614,-0.026087643578648567,0.11409474909305573,0.1191495954990387,-0.045565467327833176,-0.10127362608909607
1.7764685523491743e+18,-5.174795150756836,1.3093419075012207,-0.06325190514326096,0.010821018368005753,0.11409474909305573,-0.12700866162776947,-0.16870778799057007,-0.2242792546749115
1.7764685523501742e+18,-4.00552225112915,-1.1525181531906128,-0.0940297469496727,-0.019936200231313705,-0.13198325037956238,-0.096238873898983,-0.045565467327833176,-0.009019406512379646
1.7764685523511741e+18,-1.5131242275238037,-4.742730617523193,0.1214151531457901,-0.0014818687923252583,0.07308174669742584,0.1191495954990387,-0.045565467327833176,-0.009019406512379646
1.7764685523521743e+18,-0.8669470548629761,-16.949453353881836,-0.12480759620666504,0.016972461715340614,0.1551077514886856,-0.12700866162776947,-0.10713662207126617,-0.009019406512379646
1.7764685523531743e+18,1.4100583791732788,19.97844696044922,0.059859469532966614,0.029275350272655487,-0.0909702479839325,-0.096238873898983,-0.045565467327833176,-0.039770811796188354
1.7764685523541742e+18,0.21001499891281128,-35.61855697631836,-0.0940297469496727,-0.007633312605321407,-0.04995724931359291,0.08837981522083282,-0.045565467327833176,-0.16277644038200378
1.7764685523551741e+18,-1.5131242275238037,-0.537053108215332,-0.0016962187364697456,0.010821018368005753,-0.255022257566452,-0.12700866162776947,0.016005687415599823,-0.10127362608909607
1.7764685523561743e+18,-3.7285890579223633,24.799589157104492,-0.06325190514326096,0.004669575020670891,0.23713375627994537,0.1191495954990387,-0.10713662207126617,-0.16277644038200378
1.7764685523571743e+18,-1.3900429010391235,1.0016093254089355,0.1214151531457901,-0.026087643578648567,-0.13198325037956238,-0.03469931334257126,-0.045565467327833176,-0.039770811796188354
1.7764685523581742e+18,-3.5131967067718506,-2.3834481239318848,-0.18636327981948853,-0.0014818687923252583,0.07308174669742584,0.026840249076485634,0.016005687415599823,-0.10127362608909607
1.7764685523591741e+18,-3.390115261077881,29.107845306396484,0.1214151531457901,0.010821018368005753,0.1551077514886856,-0.12700866162776947,-0.10713662207126617,-0.039770811796188354
1.7764685523601743e+18,-0.9592580795288086,-15.718523025512695,0.02908162586390972,0.010821018368005753,-0.2960352599620819,-0.15777844190597534,-0.10713662207126617,0.2062404304742813
1.7764685523611743e+18,-2.620856523513794,-9.153563499450684,-0.06325190514326096,-0.03223908692598343,0.1551077514886856,0.3037682771682739,-0.10713662207126617,-0.13202503323554993
1.7764685523621742e+18,3.0716569423675537,20.081024169921875,-0.0016962187364697456,-0.0014818687923252583,0.07308174669742584,0.1191495954990387,-0.10713662207126617,-0.16277644038200378
1.7764685523631741e+18,-2.7439379692077637,-1.4602506160736084,0.09063731133937836,-0.0014818687923252583,-0.255022257566452,-0.1885482221841812,-0.045565467327833176,0.1447376310825348
1.7764685523641743e+18,-1.7900573015213013,18.02947425842285,-0.03247406333684921,0.004669575020670891,0.07308174669742584,-0.06546909362077713,-0.045565467327833176,0.1447376310825348
1.7764685523651743e+18,-3.6978187561035156,24.389280319213867,-0.0940297469496727,0.004669575020670891,0.1551077514886856,-0.003929531201720238,-0.045565467327833176,-0.13202503323554993
1.7764685523661742e+18,-2.9285600185394287,27.876914978027344,-0.03247406333684921,-0.0014818687923252583,-0.008944249711930752,0.18068915605545044,-0.045565467327833176,0.08323480933904648
1.7764685523671741e+18,-0.7130953073501587,-13.564395904541016,-0.15558543801307678,-0.013784755952656269,0.11409474909305573,0.18068915605545044,-0.045565467327833176,-0.19352784752845764
1.7764685523681743e+18,-0.12845878303050995,-21.77059555053711,-0.0016962187364697456,-0.013784755952656269,-0.17299625277519226,-0.12700866162776947,-0.10713662207126617,-0.07052221894264221
1.7764685523691743e+18,-2.713167667388916,30.44135093688965,-0.06325190514326096,0.004669575020670891,0.1551077514886856,0.18068915605545044,-0.045565467327833176,-0.10127362608909607
1.7764685523701742e+18,-4.867091655731201,0.07841187715530396,-0.0940297469496727,0.023123906925320625,-0.21400925517082214,0.057610031217336655,-0.045565467327833176,-0.13202503323554993
1.7764685523711741e+18,-0.6207842826843262,-10.179338455200195,0.059859469532966614,-0.026087643578648567,0.1551077514886856,-0.15777844190597534,-0.045565467327833176,-0.16277644038200378
1.7764685523721743e+18,-2.805478572845459,-10.589648246765137,-0.12480759620666504,-0.007633312605321407,0.1551077514886856,-0.1885482221841812,-0.045565467327833176,0.02173200063407421
1.7764685523731743e+18,-2.7747082710266113,-36.54175567626953,-0.03247406333684921,-0.019936200231313705,-0.13198325037956238,-0.03469931334257126,-0.10713662207126617,-0.009019406512379646
1.7764685523741742e+18,-2.251612424850464,-30.284528732299805,-0.03247406333684921,-0.026087643578648567,-0.0909702479839325,-0.12700866162776947,-0.10713662207126617,0.02173200063407421
1.7764685523751741e+18,-3.8208999633789062,-14.692748069763184,-0.18636327981948853,-0.03223908692598343,-0.21400925517082214,0.24222871661186218,0.016005687415599823,-0.19352784752845764
1.7764685523761743e+18,-3.574737310409546,8.592344284057617,-0.06325190514326096,-0.0014818687923252583,-0.04995724931359291,-0.06546909362077713,-0.045565467327833176,0.05248340591788292
1.7764685523771743e+18,-1.9746793508529663,-11.718000411987305,-0.15558543801307678,-0.019936200231313705,-0.13198325037956238,-0.03469931334257126,-0.045565467327833176,0.11398621648550034
1.7764685523781742e+18,-2.343923568725586,6.951104164123535,-0.0016962187364697456,-0.0014818687923252583,-0.008944249711930752,-0.003929531201720238,-0.10713662207126617,0.08323480933904648
1.7764685523791741e+18,0.17924465239048004,16.18307876586914,0.059859469532966614,-0.026087643578648567,0.27814674377441406,-0.1885482221841812,-0.045565467327833176,-0.16277644038200378
1.7764685523801743e+18,-2.0977606773376465,-27.822668075561523,-0.03247406333684921,-0.013784755952656269,-0.008944249711930752,0.057610031217336655,-0.16870778799057007,-0.13202503323554993
1.7764685523811743e+18,-2.3746938705444336,-4.332420825958252,0.059859469532966614,0.0354267954826355,0.11409474909305573,-0.1885482221841812,-0.16870778799057007,-0.13202503323554993
1.7764685523821742e+18,-2.036220073699951,-7.409745693206787,0.02908162586390972,-0.0014818687923252583,-0.2960352599620819,-0.12700866162776947,0.016005687415599823,-0.19352784752845764
1.7764685523831741e+18,-2.036220073699951,-10.179338455200195,-0.18636327981948853,0.04157823696732521,-0.21400925517082214,0.1191495954990387,-0.045565467327833176,-0.07052221894264221
1.7764685523841743e+18,-3.390115261077881,-22.180906295776367,-0.03247406333684921,-0.019936200231313705,-0.0909702479839325,0.24222871661186218,-0.10713662207126617,-0.16277644038200378
1.7764685523851743e+18,-3.4208855628967285,-3.9221105575561523,-0.12480759620666504,-0.019936200231313705,-0.13198325037956238,-0.12700866162776947,-0.16870778799057007,0.08323480933904648
1.7764685523861742e+18,-0.06691809743642807,-29.874217987060547,-0.0940297469496727,-0.0014818687923252583,-0.04995724931359291,-0.003929531201720238,-0.045565467327833176,0.02173200063407421
1.7764685523871741e+18,1.5946804285049438,4.591821670532227,-0.0016962187364697456,-0.0014818687923252583,0.1551077514886856,0.08837981522083282,-0.10713662207126617,-0.16277644038200378
1.7764685523881743e+18,-1.2361911535263062,-4.947885513305664,0.059859469532966614,-0.013784755952656269,-0.17299625277519226,-0.12700866162776947,-0.045565467327833176,0.2677432596683502
1.7764685523891743e+18,-2.528545618057251,18.234628677368164,-0.03247406333684921,-0.013784755952656269,-0.0909702479839325,-0.06546909362077713,-0.045565467327833176,0.02173200063407421
1.7764685523901742e+18,-2.1285312175750732,-7.307168006896973,0.059859469532966614,0.010821018368005753,-0.255022257566452,-0.12700866162776947,-0.16870778799057007,0.2677432596683502
1.7764685523911741e+18,-0.3130808472633362,-9.563873291015625,0.09063731133937836,-0.007633312605321407,-0.13198325037956238,-0.15777844190597534,-0.045565467327833176,-0.07052221894264221
1.776468552392174e+18,-3.2362635135650635,26.74856185913086,-0.0016962187364697456,-0.007633312605321407,0.07308174669742584,0.14991937577724457,-0.10713662207126617,-0.13202503323554993
1.7764685523931743e+18,-5.759431838989258,17.619163513183594,-0.06325190514326096,-0.007633312605321407,0.07308174669742584,0.14991937577724457,-0.10713662207126617,-0.13202503323554993
1.7764685523941742e+18,-2.220842123031616,-18.38553810119629,0.15219299495220184,0.023123906925320625,-0.17299625277519226,-0.15777844190597534,-0.10713662207126617,0.17548903822898865
1.7764685523951741e+18,-2.159301519393921,31.774858474731445,-0.03247406333684921,-0.0014818687923252583,0.11409474909305573,0.18068915605545044,-0.045565467327833176,-0.10127362608909607
1.776468552396174e+18,1.3792880773544312,-0.6396306157112122,0.059859469532966614,0.010821018368005753,-0.008944249711930752,0.057610031217336655,-0.045565467327833176,-0.039770811796188354
1.7764685523971743e+18,-1.1438801288604736,-5.153040409088135,-0.06325190514326096,0.016972461715340614,0.23713375627994537,-0.15777844190597534,-0.16870778799057007,-0.16277644038200378
1.7764685523981742e+18,-3.759359359741211,-22.283483505249023,-0.0016962187364697456,-0.013784755952656269,0.11409474909305573,-0.21931800246238708,-0.045565467327833176,-0.16277644038200378
1.7764685523991741e+18,-1.3900429010391235,1.3093419075012207,0.09063731133937836,-0.026087643578648567,-0.0909702479839325,-0.096238873898983,-0.10713662207126617,0.11398621648550034
1.776468552400174e+18,-2.1900718212127686,-11.820578575134277,-0.12480759620666504,-0.013784755952656269,0.1961207538843155,-0.003929531201720238,-0.045565467327833176,-0.039770811796188354
1.7764685524011743e+18,-1.2054208517074585,16.901121139526367,0.059859469532966614,0.010821018368005753,0.11409474909305573,-0.1885482221841812,-0.10713662207126617,0.08323480933904648
1.7764685524021742e+18,-0.12845878303050995,28.492380142211914,-0.0016962187364697456,0.010821018368005753,0.07308174669742584,0.08837981522083282,-0.10713662207126617,-0.13202503323554993
1.7764685524031741e+18,-0.6515546441078186,-6.589125633239746,0.1214151531457901,0.004669575020670891,0.032068751752376556,0.08837981522083282,-0.10713662207126617,-0.19352784752845764
1.776468552404174e+18,-4.159373760223389,-9.461296081542969,-0.03247406333684921,-0.026087643578648567,-0.13198325037956238,0.08837981522083282,-0.045565467327833176,-0.07052221894264221
1.7764685524051743e+18,-2.0977606773376465,-19.61646842956543,-0.12480759620666504,-0.03839053213596344,-0.04995724931359291,0.18068915605545044,-0.045565467327833176,-0.039770811796188354
1.7764685524061742e+18,-5.667120456695557,-15.821100234985352,-0.03247406333684921,-0.007633312605321407,-0.0909702479839325,0.026840249076485634,-0.045565467327833176,0.05248340591788292
1.7764685524071741e+18,-4.00552225112915,-28.335556030273438,-0.03247406333684921,-0.0014818687923252583,0.07308174669742584,0.1191495954990387,-0.16870778799057007,0.2062404304742813
1.776468552408174e+18,-4.497847557067871,-4.2298431396484375,0.24452653527259827,-0.019936200231313705,-0.04995724931359291,0.18068915605545044,-0.10713662207126617,-0.16277644038200378
1.7764685524091743e+18,-0.5592436194419861,30.851661682128906,-0.06325190514326096,-0.0014818687923252583,-0.04995724931359291,0.057610031217336655,-0.10713662207126617,0.02173200063407421
1.7764685524101742e+18,1.2869770526885986,22.95319366455078,-0.06325190514326096,-0.0014818687923252583,-0.008944249711930752,0.1191495954990387,-0.045565467327833176,0.02173200063407421
1.7764685524111741e+18,-1.1746504306793213,-12.538620948791504,-0.12480759620666504,-0.026087643578648567,-0.17299625277519226,-0.06546909362077713,-0.045565467327833176,0.08323480933904648
1.776468552412174e+18,0.1484743058681488,13.105753898620605,-0.0016962187364697456,0.010821018368005753,0.032068751752376556,0.08837981522083282,-0.10713662207126617,-0.16277644038200378
1.7764685524131743e+18,1.2254363298416138,7.771724224090576,0.059859469532966614,0.016972461715340614,0.07308174669742584,0.08837981522083282,-0.10713662207126617,-0.13202503323554993
1.7764685524141742e+18,-1.4515835046768188,-12.743775367736816,-0.12480759620666504,-0.019936200231313705,0.11409474909305573,0.08837981522083282,-0.10713662207126617,-0.009019406512379646
1.7764685524151741e+18,-2.3131532669067383,-18.898426055908203,-0.15558543801307678,-0.0014818687923252583,0.23713375627994537,-0.06546909362077713,-0.045565467327833176,-0.07052221894264221
1.776468552416174e+18,-4.559388160705566,-11.102535247802734,-0.06325190514326096,-0.026087643578648567,0.1961207538843155,0.026840249076485634,-0.10713662207126617,-0.19352784752845764
1.7764685524171743e+18,0.4561777412891388,8.592344284057617,-0.03247406333684921,0.016972461715340614,0.032068751752376556,0.08837981522083282,0.016005687415599823,0.08323480933904648
1.7764685524181742e+18,1.3792880773544312,1.411919355392456,0.1829708367586136,0.004669575020670891,-0.0909702479839325,-0.1885482221841812,-0.10713662207126617,-0.039770811796188354
1.7764685524191741e+18,-3.667048215866089,9.720696449279785,-0.15558543801307678,0.004669575020670891,0.032068751752376556,0.18068915605545044,-0.10713662207126617,0.11398621648550034
1.776468552420174e+18,-2.5900862216949463,9.002654075622559,0.1214151531457901,-0.019936200231313705,-0.17299625277519226,-0.21931800246238708,-0.10713662207126617,-0.039770811796188354
1.7764685524211743e+18,-0.43616223335266113,-8.64067554473877,-0.06325190514326096,0.010821018368005753,-0.255022257566452,0.3037682771682739,-0.10713662207126617,0.2062404304742813
1.7764685524221742e+18,-0.9900283813476562,2.540271759033203,-0.0940297469496727,-0.013784755952656269,-0.008944249711930752,0.057610031217336655,-0.16870778799057007,0.23699183762073517
1.7764685524231741e+18,-3.359344959259033,11.874824523925781,0.1214151531457901,-0.03223908692598343,0.1551077514886856,-0.21931800246238708,-0.10713662207126617,-0.10127362608909607
1.776468552424174e+18,-2.2823827266693115,-19.513891220092773,0.21374869346618652,-0.0014818687923252583,-0.17299625277519226,-0.25008776783943176,-0.045565467327833176,0.05248340591788292
1.7764685524251743e+18,-3.020871162414551,-11.512845993041992,-0.0016962187364697456,0.010821018368005753,0.032068751752376556,-0.21931800246238708,-0.10713662207126617,-0.13202503323554993
1.7764685524261742e+18,0.42540740966796875,20.491334915161133,0.1214151531457901,0.010821018368005753,0.1551077514886856,0.1191495954990387,0.016005687415599823,0.02173200063407421
1.7764685524271741e+18,-0.8977173566818237,23.466081619262695,-0.06325190514326096,-0.0014818687923252583,0.032068751752376556,-0.003929531201720238,-0.10713662207126617,0.08323480933904648
1.776468552428174e+18,-0.8669470548629761,-32.54123306274414,-0.0940297469496727,-0.019936200231313705,-0.04995724931359291,0.026840249076485634,-0.045565467327833176,0.05248340591788292
1.7764685524291743e+18,-2.436234474182129,-22.180906295776367,-0.06325190514326096,-0.0014818687923252583,0.032068751752376556,0.057610031217336655,-0.10713662207126617,0.23699183762073517
1.7764685524301742e+18,2.0562355518341064,-28.335556030273438,-0.12480759620666504,-0.0014818687923252583,-0.13198325037956238,0.08837981522083282,0.016005687415599823,-0.16277644038200378
1.7764685524311741e+18,-0.3438511788845062,-8.538098335266113,-0.18636327981948853,-0.013784755952656269,0.11409474909305573,0.14991937577724457,-0.16870778799057007,-0.13202503323554993
1.776468552432174e+18,-4.990172863006592,-34.490203857421875,-0.0940297469496727,-0.007633312605321407,0.07308174669742584,-0.03469931334257126,-0.10713662207126617,0.08323480933904648
1.776468552433174e+18,-1.3900429010391235,-22.283483505249023,-0.0940297469496727,0.004669575020670891,0.032068751752376556,-0.25008776783943176,-0.10713662207126617,-0.039770811796188354
1.776468552434174e+18,-1.482353925704956,32.390323638916016,-0.03247406333684921,0.004669575020670891,-0.008944249711930752,-0.03469931334257126,-0.045565467327833176,0.02173200063407421
1.776468552435174e+18,-2.0977606773376465,-15.103057861328125,-0.0940297469496727,-0.019936200231313705,0.07308174669742584,0.08837981522083282,-0.10713662207126617,-0.19352784752845764
1.7764685524361738e+18,-0.03614775091409683,-31.00257110595703,-0.06325190514326096,-0.013784755952656269,-0.04995724931359291,-0.06546909362077713,-0.16870778799057007,-0.07052221894264221
1.7764685524371738e+18,-1.2361911535263062,-27.61751365661621,0.1214151531457901,-0.03223908692598343,-0.008944249711930752,0.18068915605545044,-0.045565467327833176,-0.16277644038200378
1.7764685524381737e+18,1.6869914531707764,9.720696449279785,0.059859469532966614,0.004669575020670891,0.032068751752376556,0.08837981522083282,0.016005687415599823,-0.19352784752845764
1.7764685524391736e+18,0.056163281202316284,-16.436565399169922,0.059859469532966614,0.04157823696732521,0.23713375627994537,-0.003929531201720238,-0.045565467327833176,-0.19352784752845764
1.7764685524401736e+18,-4.159373760223389,27.9794921875,-0.0016962187364697456,0.010821018368005753,0.1961207538843155,-0.003929531201720238,-0.10713662207126617,-0.13202503323554993
1.7764685524411735e+18,-0.3130808472633362,15.977924346923828,-0.0016962187364697456,0.010821018368005753,0.07308174669742584,0.1191495954990387,-0.045565467327833176,-0.13202503323554993
1.7764685524421734e+18,-5.020943641662598,-1.2550956010818481,-0.0940297469496727,0.004669575020670891,0.1961207538843155,-0.25008776783943176,-0.10713662207126617,-0.009019406512379646
1.7764685524431734e+18,0.9485032558441162,0.6938768625259399,0.1829708367586136,-0.007633312605321407,-0.21400925517082214,-0.03469931334257126,-0.10713662207126617,0.05248340591788292
1.7764685524441733e+18,-0.28231048583984375,-9.358717918395996,0.059859469532966614,0.004669575020670891,-0.17299625277519226,-0.1885482221841812,-0.045565467327833176,-0.039770811796188354
1.7764685524451732e+18,-0.12845878303050995,26.851139068603516,0.09063731133937836,0.023123906925320625,0.1961207538843155,0.057610031217336655,-0.045565467327833176,-0.13202503323554993
1.7764685524461732e+18,-0.4669325649738312,12.798022270202637,-0.06325190514326096,-0.0014818687923252583,-0.04995724931359291,0.026840249076485634,-0.10713662207126617,0.11398621648550034
1.776468552447173e+18,-2.4670050144195557,-3.306645631790161,0.059859469532966614,-0.0014818687923252583,-0.255022257566452,-0.12700866162776947,-0.10713662207126617,0.05248340591788292
1.776468552448173e+18,-4.467077255249023,-6.07623815536499,-0.12480759620666504,-0.026087643578648567,0.1961207538843155,-0.15777844190597534,-0.10713662207126617,-0.039770811796188354
1.776468552449173e+18,-3.0516414642333984,-17.35976219177246,-0.15558543801307678,0.010821018368005753,-0.008944249711930752,0.057610031217336655,-0.10713662207126617,-0.13202503323554993
1.776468552450173e+18,2.1485466957092285,0.4887218773365021,0.15219299495220184,-0.0014818687923252583,-0.0909702479839325,-0.15777844190597534,-0.045565467327833176,-0.07052221894264221
1.7764685524511729e+18,0.6100294589996338,14.439261436462402,-0.0016962187364697456,0.004669575020670891,-0.008944249711930752,0.057610031217336655,-0.10713662207126617,-0.07052221894264221
1.7764685524521728e+18,-1.543894648551941,-53.67219924926758,-0.12480759620666504,-0.013784755952656269,-0.0909702479839325,-0.03469931334257126,-0.045565467327833176,0.05248340591788292
1.7764685524531727e+18,-0.005377406254410744,33.928985595703125,-0.03247406333684921,0.004669575020670891,0.07308174669742584,0.1191495954990387,-0.10713662207126617,-0.13202503323554993
1.7764685524541727e+18,-3.7901296615600586,-1.1525181531906128,-0.06325190514326096,-0.0014818687923252583,-0.04995724931359291,0.18068915605545044,-0.045565467327833176,-0.16277644038200378
1.7764685524551726e+18,-1.9746793508529663,13.823797225952148,-0.06325190514326096,0.004669575020670891,-0.255022257566452,0.36530783772468567,-0.10713662207126617,0.11398621648550034
1.7764685524561725e+18,-1.5746649503707886,-10.589648246765137,0.21374869346618652,-0.013784755952656269,-0.17299625277519226,0.057610031217336655,-0.10713662207126617,0.11398621648550034
1.7764685524571725e+18,-2.7439379692077637,-16.949453353881836,-0.18636327981948853,0.010821018368005753,-0.13198325037956238,-0.03469931334257126,-0.10713662207126617,0.08323480933904648
1.7764685524581724e+18,-2.5593159198760986,-14.282438278198242,0.02908162586390972,-0.03839053213596344,-0.17299625277519226,0.18068915605545044,-0.045565467327833176,-0.19352784752845764
1.7764685524591724e+18,-4.3747663497924805,-15.615945816040039,-0.18636327981948853,-0.03223908692598343,-0.17299625277519226,-0.096238873898983,-0.10713662207126617,0.23699183762073517
1.7764685524601723e+18,1.010043978691101,-18.795848846435547,-0.03247406333684921,-0.026087643578648567,-0.0909702479839325,0.18068915605545044,-0.045565467327833176,-0.13202503323554993
1.7764685524611722e+18,-2.6823973655700684,-24.23245620727539,-0.0940297469496727,-0.013784755952656269,-0.008944249711930752,-0.03469931334257126,0.016005687415599823,-0.009019406512379646
1.7764685524621722e+18,0.4869481027126312,-6.896858215332031,0.15219299495220184,-0.013784755952656269,-0.17299625277519226,-0.06546909362077713,-0.10713662207126617,-0.009019406512379646
1.776468552463172e+18,-0.9900283813476562,-13.154085159301758,0.1214151531457901,-0.007633312605321407,-0.13198325037956238,-0.12700866162776947,-0.10713662207126617,-0.009019406512379646
1.776468552464172e+18,1.5639101266860962,11.054203987121582,0.02908162586390972,-0.0014818687923252583,0.07308174669742584,0.057610031217336655,-0.10713662207126617,-0.16277644038200378
1.776468552465172e+18,-0.37462154030799866,5.515019416809082,0.059859469532966614,-0.03839053213596344,-0.17299625277519226,0.057610031217336655,-0.10713662207126617,0.17548903822898865
1.776468552466172e+18,-5.451728343963623,15.670191764831543,-0.0016962187364697456,-0.013784755952656269,0.032068751752376556,0.026840249076485634,-0.045565467327833176,0.05248340591788292
1.7764685524671718e+18,-4.159373760223389,-14.282438278198242,-0.12480759620666504,0.016972461715340614,-0.0909702479839325,-0.1885482221841812,-0.10713662207126617,0.11398621648550034
1.7764685524681718e+18,-4.774780750274658,15.157304763793945,-0.12480759620666504,-0.013784755952656269,-0.008944249711930752,0.14991937577724457,-0.045565467327833176,0.11398621648550034
1.7764685524691717e+18,-0.8054063320159912,19.56813621520996,-0.0940297469496727,-0.0014818687923252583,-0.04995724931359291,-0.03469931334257126,-0.045565467327833176,0.05248340591788292
1.7764685524701716e+18,-0.37462154030799866,-15.41079044342041,0.1214151531457901,0.004669575020670891,-0.0909702479839325,-0.1885482221841812,-0.10713662207126617,-0.039770811796188354
1.7764685524711716e+18,0.17924465239048004,2.3351168632507324,0.059859469532966614,0.016972461715340614,-0.21400925517082214,0.057610031217336655,-0.045565467327833176,-0.16277644038200378
1.7764685524721715e+18,-4.405536651611328,-4.947885513305664,0.059859469532966614,-0.019936200231313705,-0.17299625277519226,0.18068915605545044,-0.045565467327833176,-0.039770811796188354
1.7764685524731715e+18,-1.9746793508529663,14.644416809082031,0.059859469532966614,0.004669575020670891,-0.13198325037956238,-0.096238873898983,-0.10713662207126617,0.1447376310825348
1.7764685524741714e+18,-4.251684665679932,-10.692225456237793,-0.03247406333684921,-0.013784755952656269,0.07308174669742584,0.057610031217336655,-0.16870778799057007,-0.039770811796188354
1.7764685524751713e+18,-3.8824408054351807,22.850616455078125,-0.06325190514326096,-0.007633312605321407,0.032068751752376556,-0.06546909362077713,-0.16870778799057007,0.08323480933904648
1.7764685524761713e+18,-1.5131242275238037,-12.02573299407959,0.059859469532966614,0.023123906925320625,0.36017274856567383,0.1191495954990387,-0.045565467327833176,-0.16277644038200378
1.7764685524771712e+18,-3.7901296615600586,-11.102535247802734,-0.0940297469496727,-0.013784755952656269,-0.04995724931359291,-0.096238873898983,-0.10713662207126617,-0.009019406512379646
1.7764685524781711e+18,0.9792736172676086,-16.641719818115234,0.059859469532966614,0.0354267954826355,0.23713375627994537,-0.03469931334257126,-0.10713662207126617,-0.19352784752845764
1.776468552479171e+18,-3.082411766052246,24.491857528686523,-0.06325190514326096,-0.0014818687923252583,0.07308174669742584,0.1191495954990387,-0.10713662207126617,-0.19352784752845764
1.776468552480171e+18,-1.2054208517074585,25.72278594970703,0.09063731133937836,-0.007633312605321407,-0.13198325037956238,-0.096238873898983,-0.10713662207126617,-0.009019406512379646
1.776468552481171e+18,1.5331398248672485,14.439261436462402,0.1214151531457901,0.016972461715340614,-0.17299625277519226,0.2114589363336563,-0.045565467327833176,-0.19352784752845764
1.776468552482171e+18,-1.9439090490341187,-3.511800527572632,0.15219299495220184,0.010821018368005753,-0.04995724931359291,-0.15777844190597534,-0.045565467327833176,-0.07052221894264221
1.7764685524831708e+18,-3.451655864715576,33.5186767578125,0.1214151531457901,0.004669575020670891,-0.17299625277519226,-0.003929531201720238,-0.10713662207126617,0.08323480933904648
1.7764685524841708e+18,-3.574737310409546,29.312999725341797,0.059859469532966614,0.0354267954826355,-0.008944249711930752,-0.15777844190597534,-0.045565467327833176,-0.07052221894264221
1.7764685524851707e+18,-0.8054063320159912,-14.897903442382812,0.059859469532966614,-0.013784755952656269,-0.17299625277519226,-0.12700866162776947,-0.10713662207126617,-0.10127362608909607
1.7764685524861706e+18,-2.2823827266693115,-1.5628281831741333,-0.06325190514326096,-0.013784755952656269,0.31915974617004395,0.1191495954990387,-0.045565467327833176,-0.16277644038200378
1.7764685524871706e+18,-4.159373760223389,-6.6917033195495605,-0.06325190514326096,0.0354267954826355,0.1551077514886856,-0.12700866162776947,-0.045565467327833176,-0.19352784752845764
1.7764685524881705e+18,-2.4054641723632812,-3.511800527572632,0.1214151531457901,0.016972461715340614,-0.17299625277519226,0.334538072347641,-0.10713662207126617,-0.009019406512379646
1.7764685524891704e+18,-2.0977606773376465,-12.128310203552246,-0.18636327981948853,-0.026087643578648567,-0.21400925517082214,0.2114589363336563,-0.045565467327833176,-0.13202503323554993
1.7764685524901704e+18,-4.220914363861084,-11.205113410949707,-0.12480759620666504,-0.026087643578648567,-0.13198325037956238,0.14991937577724457,0.016005687415599823,-0.13202503323554993
1.7764685524911703e+18,-0.8669470548629761,10.2335844039917,-0.15558543801307678,-0.026087643578648567,0.032068751752376556,0.24222871661186218,-0.045565467327833176,-0.039770811796188354
1.7764685524921702e+18,-3.636277914047241,-34.182472229003906,-0.06325190514326096,-0.013784755952656269,-0.0909702479839325,-0.06546909362077713,-0.10713662207126617,-0.039770811796188354
1.7764685524931702e+18,0.21001499891281128,-10.384492874145508,-0.0016962187364697456,-0.013784755952656269,-0.13198325037956238,-0.21931800246238708,-0.045565467327833176,-0.07052221894264221
1.77646855249417e+18,-0.03614775091409683,15.567614555358887,-0.0940297469496727,0.004669575020670891,-0.008944249711930752,0.026840249076485634,-0.045565467327833176,0.05248340591788292
1.77646855249517e+18,-1.6054352521896362,15.157304763793945,-0.0016962187364697456,-0.013784755952656269,-0.008944249711930752,-0.03469931334257126,-0.10713662207126617,0.08323480933904648
1.77646855249617e+18,-3.1439523696899414,-36.33660125732422,-0.0940297469496727,-0.013784755952656269,-0.008944249711930752,-0.06546909362077713,-0.045565467327833176,-0.009019406512379646
1.77646855249717e+18,-2.159301519393921,-6.383970737457275,0.15219299495220184,-0.026087643578648567,-0.17299625277519226,0.18068915605545044,-0.045565467327833176,-0.13202503323554993
1.7764685524981699e+18,0.9485032558441162,-12.948930740356445,0.09063731133937836,-0.026087643578648567,-0.21400925517082214,0.14991937577724457,-0.16870778799057007,-0.009019406512379646
1.7764685524991698e+18,1.163895606994629,-22.38606071472168,-0.18636327981948853,0.010821018368005753,-0.04995724931359291,-0.1885482221841812,-0.10713662207126617,0.02173200063407421
1.7764685525001697e+18,-2.220842123031616,24.59443473815918,-0.06325190514326096,-0.0014818687923252583,-0.008944249711930752,0.1191495954990387,-0.10713662207126617,0.11398621648550034
1.7764685525011697e+18,-1.6977462768554688,8.489767074584961,0.1214151531457901,-0.013784755952656269,0.1961207538843155,-0.03469931334257126,-0.045565467327833176,-0.25503066182136536
1.7764685525021696e+18,-2.897789716720581,26.645984649658203,0.1829708367586136,-0.013784755952656269,-0.17299625277519226,-0.06546909362077713,-0.10713662207126617,0.08323480933904648
1.7764685525031695e+18,-0.2515401542186737,-0.8447856307029724,0.21374869346618652,0.016972461715340614,-0.17299625277519226,-0.21931800246238708,-0.045565467327833176,0.02173200063407421
1.7764685525041695e+18,-0.5592436194419861,-9.25614070892334,0.1829708367586136,-0.013784755952656269,-0.21400925517082214,-0.1885482221841812,-0.10713662207126617,0.05248340591788292
1.7764685525051694e+18,1.6562211513519287,-22.38606071472168,-0.15558543801307678,-0.0014818687923252583,0.1961207538843155,-0.12700866162776947,-0.10713662207126617,-0.039770811796188354
1.7764685525061693e+18,-4.343996047973633,-24.745342254638672,-0.0940297469496727,-0.007633312605321407,-0.13198325037956238,-0.03469931334257126,-0.10713662207126617,0.08323480933904648
1.7764685525071693e+18,-5.051713943481445,-18.488115310668945,-0.247918963432312,-0.013784755952656269,-0.13198325037956238,0.3037682771682739,-0.045565467327833176,-0.19352784752845764
1.7764685525081692e+18,-2.220842123031616,6.643372058868408,-0.0016962187364697456,-0.026087643578648567,-0.17299625277519226,-0.096238873898983,-0.045565467327833176,0.05248340591788292
1.7764685525091692e+18,-2.7439379692077637,-6.794280529022217,0.02908162586390972,0.004669575020670891,-0.17299625277519226,-0.096238873898983,-0.045565467327833176,-0.10127362608909607
1.776468552510169e+18,-2.4670050144195557,12.798022270202637,-0.03247406333684921,-0.013784755952656269,0.07308174669742584,0.1191495954990387,0.016005687415599823,-0.039770811796188354
1.776468552511169e+18,-1.543894648551941,31.569704055786133,-0.0016962187364697456,-0.007633312605321407,-0.008944249711930752,0.18068915605545044,-0.045565467327833176,0.11398621648550034
1.776468552512169e+18,-1.543894648551941,11.669669151306152,-0.03247406333684921,-0.0014818687923252583,0.11409474909305573,0.1191495954990387,-0.10713662207126617,-0.10127362608909607
1.776468552513169e+18,-3.1439523696899414,-6.281393051147461,-0.06325190514326096,-0.019936200231313705,0.31915974617004395,-0.06546909362077713,-0.10713662207126617,-0.19352784752845764
1.7764685525141688e+18,-3.6055076122283936,-0.7422081232070923,-0.06325190514326096,-0.013784755952656269,0.27814674377441406,-0.15777844190597534,-0.10713662207126617,-0.10127362608909607
1.7764685525151688e+18,-2.036220073699951,-22.38606071472168,0.1214151531457901,-0.026087643578648567,-0.0909702479839325,0.14991937577724457,0.016005687415599823,-0.13202503323554993
1.7764685525161687e+18,-0.9284877181053162,5.720174312591553,-0.18636327981948853,-0.013784755952656269,0.11409474909305573,0.2114589363336563,-0.10713662207126617,-0.13202503323554993
1.7764685525171686e+18,-1.3900429010391235,-34.900516510009766,-0.03247406333684921,-0.007633312605321407,-0.13198325037956238,-0.06546909362077713,-0.045565467327833176,0.05248340591788292
1.7764685525181686e+18,0.8254218697547913,11.567091941833496,0.059859469532966614,0.010821018368005753,0.07308174669742584,0.1191495954990387,-0.10713662207126617,0.11398621648550034
1.7764685525191685e+18,-1.728516697883606,-14.692748069763184,0.21374869346618652,-0.013784755952656269,-0.13198325037956238,-0.21931800246238708,-0.10713662207126617,-0.039770811796188354
1.7764685525201684e+18,-1.666975975036621,-11.923155784606934,0.059859469532966614,-0.019936200231313705,-0.21400925517082214,-0.15777844190597534,-0.10713662207126617,0.08323480933904648
1.7764685525211684e+18,-2.343923568725586,-6.896858215332031,-0.21714112162590027,-0.026087643578648567,-0.04995724931359291,0.27299851179122925,-0.045565467327833176,-0.16277644038200378
1.7764685525221683e+18,-2.805478572845459,-6.9994354248046875,-0.21714112162590027,-0.026087643578648567,0.27814674377441406,-0.21931800246238708,-0.045565467327833176,0.11398621648550034
1.7764685525231683e+18,-0.4977028965950012,2.4376943111419678,0.24452653527259827,-0.007633312605321407,-0.13198325037956238,-0.06546909362077713,-0.045565467327833176,0.17548903822898865
1.7764685525241682e+18,-4.343996047973633,22.850616455078125,0.1829708367586136,-0.0014818687923252583,-0.13198325037956238,-0.06546909362077713,-0.045565467327833176,0.05248340591788292
1.776468552525168e+18,-2.8362491130828857,-17.257184982299805,-0.0016962187364697456,-0.026087643578648567,-0.17299625277519226,-0.12700866162776947,-0.10713662207126617,-0.10127362608909607
1.776468552526168e+18,-4.00552225112915,-8.127788543701172,-0.12480759620666504,-0.019936200231313705,-0.17299625277519226,0.18068915605545044,0.016005687415599823,0.05248340591788292
1.776468552527168e+18,0.9792736172676086,5.822751998901367,0.15219299495220184,0.023123906925320625,0.11409474909305573,-0.06546909362077713,-0.10713662207126617,-0.16277644038200378
1.776468552528168e+18,-4.067062854766846,-6.9994354248046875,-0.0940297469496727,-0.026087643578648567,0.07308174669742584,0.24222871661186218,0.016005687415599823,-0.13202503323554993
1.7764685525291681e+18,-3.205493211746216,-12.538620948791504,0.24452653527259827,-0.019936200231313705,-0.0909702479839325,0.24222871661186218,-0.10713662207126617,-0.07052221894264221
1.776468552530168e+18,-2.713167667388916,-4.332420825958252,0.1829708367586136,-0.03839053213596344,0.07308174669742584,-0.03469931334257126,-0.10713662207126617,-0.009019406512379646
1.776468552531168e+18,-2.3131532669067383,22.645462036132812,-0.0016962187364697456,0.010821018368005753,-0.17299625277519226,0.27299851179122925,-0.10713662207126617,0.1447376310825348
1.776468552532168e+18,-5.236335754394531,4.181511878967285,-0.06325190514326096,-0.013784755952656269,-0.04995724931359291,-0.06546909362077713,-0.10713662207126617,0.05248340591788292
1.7764685525331679e+18,-4.097833156585693,32.80063247680664,-0.0016962187364697456,0.010821018368005753,0.1551077514886856,0.24222871661186218,0.016005687415599823,0.08323480933904648
1.7764685525341678e+18,-4.590158462524414,3.1557369232177734,-0.06325190514326096,-0.026087643578648567,0.032068751752376556,0.3037682771682739,-0.10713662207126617,-0.10127362608909607
1.776468552535168e+18,-1.8515980243682861,33.00579071044922,0.1214151531457901,-0.026087643578648567,-0.008944249711930752,0.08837981522083282,-0.16870778799057007,0.23699183762073517
1.776468552536168e+18,-3.1439523696899414,21.106800079345703,0.1829708367586136,-0.019936200231313705,-0.04995724931359291,0.057610031217336655,-0.045565467327833176,-0.13202503323554993
1.776468552537168e+18,-1.6054352521896362,6.951104164123535,0.1214151531457901,-0.019936200231313705,-0.17299625277519226,-0.21931800246238708,-0.045565467327833176,0.05248340591788292
1.7764685525381678e+18,-3.020871162414551,15.259881973266602,-0.06325190514326096,0.004669575020670891,0.1551077514886856,-0.21931800246238708,-0.045565467327833176,-0.16277644038200378
1.7764685525391677e+18,-1.1438801288604736,31.36454963684082,0.02908162586390972,0.010821018368005753,0.1551077514886856,0.18068915605545044,-0.045565467327833176,-0.009019406512379646
1.7764685525401677e+18,-2.3746938705444336,-14.077282905578613,0.1214151531457901,0.010821018368005753,-0.17299625277519226,-0.21931800246238708,-0.045565467327833176,-0.10127362608909607
1.7764685525411679e+18,-2.805478572845459,8.694921493530273,-0.18636327981948853,-0.019936200231313705,0.032068751752376556,0.14991937577724457,-0.045565467327833176,-0.039770811796188354
1.7764685525421678e+18,-3.082411766052246,-28.027822494506836,-0.0940297469496727,0.010821018368005753,-0.04995724931359291,0.026840249076485634,0.016005687415599823,0.05248340591788292
1.7764685525431677e+18,-3.297804117202759,-8.0252103805542,-0.0016962187364697456,-0.026087643578648567,-0.21400925517082214,-0.25008776783943176,-0.16870778799057007,-0.13202503323554993
1.7764685525441677e+18,-2.990100860595703,-15.923678398132324,-0.06325190514326096,-0.019936200231313705,-0.04995724931359291,0.14991937577724457,-0.10713662207126617,-0.07052221894264221
1.7764685525451676e+18,-0.5900139212608337,-33.05411911010742,-0.06325190514326096,-0.026087643578648567,-0.13198325037956238,-0.12700866162776947,-0.10713662207126617,-0.009019406512379646
1.7764685525461678e+18,-1.8823683261871338,35.67280578613281,0.059859469532966614,0.023123906925320625,0.032068751752376556,-0.1885482221841812,-0.10713662207126617,-0.07052221894264221
1.7764685525471677e+18,1.8408432006835938,-22.38606071472168,0.24452653527259827,-0.007633312605321407,-0.17299625277519226,-0.25008776783943176,-0.10713662207126617,0.11398621648550034
1.7764685525481677e+18,-1.543894648551941,-6.6917033195495605,-0.15558543801307678,-0.019936200231313705,0.11409474909305573,0.1191495954990387,-0.045565467327833176,-0.13202503323554993
1.7764685525491676e+18,-2.528545618057251,-19.00100326538086,0.059859469532966614,-0.03839053213596344,-0.17299625277519226,0.27299851179122925,-0.10713662207126617,-0.16277644038200378
1.7764685525501676e+18,-1.297731876373291,-41.77320861816406,-0.12480759620666504,-0.013784755952656269,-0.0909702479839325,0.057610031217336655,-0.10713662207126617,-0.16277644038200378
1.7764685525511675e+18,-0.06691809743642807,-6.589125633239746,0.059859469532966614,-0.007633312605321407,0.032068751752376556,0.026840249076485634,-0.10713662207126617,0.2062404304742813
1.7764685525521677e+18,-4.651699542999268,0.07841187715530396,-0.21714112162590027,-0.026087643578648567,-0.13198325037956238,0.18068915605545044,0.016005687415599823,-0.13202503323554993
1.7764685525531676e+18,-0.005377406254410744,-10.076760292053223,-0.03247406333684921,-0.026087643578648567,-0.0909702479839325,0.2114589363336563,0.016005687415599823,-0.16277644038200378
1.7764685525541676e+18,-0.28231048583984375,11.259359359741211,0.059859469532966614,0.004669575020670891,0.11409474909305573,-0.1885482221841812,-0.045565467327833176,-0.10127362608909607
1.7764685525551675e+18,1.5946804285049438,-7.512322902679443,0.09063731133937836,0.016972461715340614,-0.17299625277519226,-0.15777844190597534,-0.045565467327833176,-0.10127362608909607
1.7764685525561674e+18,-6.621001243591309,-29.258752822875977,-0.12480759620666504,-0.007633312605321407,-0.04995724931359291,-0.003929531201720238,-0.045565467327833176,0.05248340591788292
1.7764685525571676e+18,-2.6823973655700684,-14.385015487670898,-0.0940297469496727,-0.03223908692598343,-0.04995724931359291,0.18068915605545044,-0.10713662207126617,-0.16277644038200378
1.7764685525581676e+18,-2.159301519393921,-2.7937581539154053,-0.12480759620666504,-0.03223908692598343,-0.0909702479839325,0.24222871661186218,-0.10713662207126617,-0.13202503323554993
1.7764685525591675e+18,-3.1439523696899414,-6.9994354248046875,0.21374869346618652,0.016972461715340614,-0.0909702479839325,-0.25008776783943176,-0.10713662207126617,-0.039770811796188354
1.7764685525601674e+18,-0.7438656687736511,-10.79480266571045,-0.0940297469496727,-0.019936200231313705,0.07308174669742584,-0.06546909362077713,-0.10713662207126617,-0.009019406512379646
1.7764685525611674e+18,0.33309638500213623,5.104709148406982,0.1214151531457901,0.004669575020670891,0.07308174669742584,-0.06546909362077713,-0.16870778799057007,-0.16277644038200378
1.7764685525621673e+18,0.025392938405275345,6.7459492683410645,0.1214151531457901,-0.0014818687923252583,-0.0909702479839325,-0.1885482221841812,-0.10713662207126617,-0.07052221894264221
1.7764685525631675e+18,0.5177184343338013,-7.307168006896973,-0.21714112162590027,-0.0014818687923252583,0.1551077514886856,0.18068915605545044,-0.045565467327833176,-0.13202503323554993
1.7764685525641674e+18,-3.5439670085906982,-8.0252103805542,-0.21714112162590027,-0.013784755952656269,-0.17299625277519226,0.24222871661186218,-0.045565467327833176,-0.19352784752845764
1.7764685525651674e+18,-4.313225746154785,-15.308213233947754,0.02908162586390972,0.0354267954826355,0.1551077514886856,-0.096238873898983,-0.16870778799057007,-0.13202503323554993
1.7764685525661673e+18,-4.405536651611328,-32.74638748168945,-0.12480759620666504,-0.013784755952656269,-0.13198325037956238,-0.06546909362077713,-0.10713662207126617,-0.009019406512379646
1.7764685525671672e+18,3.502441883087158,-11.718000411987305,-0.12480759620666504,-0.026087643578648567,-0.008944249711930752,0.08837981522083282,-0.045565467327833176,-0.07052221894264221
1.7764685525681674e+18,-2.066990375518799,14.028951644897461,-0.03247406333684921,0.004669575020670891,0.07308174669742584,0.1191495954990387,-0.045565467327833176,-0.10127362608909607
1.7764685525691674e+18,-3.451655864715576,-7.717478275299072,-0.12480759620666504,-0.013784755952656269,-0.13198325037956238,-0.096238873898983,-0.045565467327833176,-0.039770811796188354
1.7764685525701673e+18,-1.666975975036621,-27.104625701904297,0.09063731133937836,0.04157823696732521,0.11409474909305573,-0.15777844190597534,-0.10713662207126617,-0.16277644038200378
1.7764685525711672e+18,-1.113109827041626,34.44187545776367,0.1214151531457901,-0.013784755952656269,-0.17299625277519226,-0.096238873898983,-0.16870778799057007,0.11398621648550034
1.7764685525721672e+18,-0.7438656687736511,24.184123992919922,-0.0016962187364697456,0.004669575020670891,0.07308174669742584,-0.003929531201720238,-0.10713662207126617,-0.13202503323554993
1.776468552573167e+18,-2.0977606773376465,2.8480043411254883,-0.15558543801307678,-0.026087643578648567,-0.04995724931359291,0.1191495954990387,-0.045565467327833176,0.05248340591788292
1.7764685525741673e+18,-1.9746793508529663,-13.25666332244873,-0.12480759620666504,-0.026087643578648567,-0.0909702479839325,0.08837981522083282,-0.10713662207126617,-0.13202503323554993
1.7764685525751672e+18,-3.6055076122283936,-23.411834716796875,-0.06325190514326096,-0.013784755952656269,-0.04995724931359291,0.08837981522083282,0.016005687415599823,-0.13202503323554993
1.7764685525761672e+18,-3.267033815383911,7.66914701461792,0.059859469532966614,0.010821018368005753,0.032068751752376556,0.08837981522083282,-0.10713662207126617,-0.07052221894264221
1.776468552577167e+18,-1.2361911535263062,-8.948408126831055,-0.12480759620666504,-0.03223908692598343,-0.17299625277519226,-0.096238873898983,-0.16870778799057007,0.17548903822898865
1.776468552578167e+18,-4.559388160705566,-21.15513038635254,-0.12480759620666504,-0.019936200231313705,-0.0909702479839325,-0.03469931334257126,-0.10713662207126617,-0.009019406512379646
1.776468552579167e+18,-4.7440104484558105,-14.179861068725586,-0.06325190514326096,0.016972461715340614,-0.2960352599620819,-0.003929531201720238,-0.045565467327833176,-0.009019406512379646
1.7764685525801672e+18,0.17924465239048004,-35.926292419433594,-0.06325190514326096,-0.026087643578648567,-0.0909702479839325,-0.096238873898983,-0.045565467327833176,0.08323480933904648
1.776468552581167e+18,0.7331108450889587,23.56865882873535,-0.18636327981948853,-0.0014818687923252583,0.23713375627994537,0.1191495954990387,-0.10713662207126617,-0.10127362608909607
1.776468552582167e+18,-2.805478572845459,-1.870560646057129,-0.06325190514326096,0.023123906925320625,-0.17299625277519226,0.026840249076485634,-0.045565467327833176,-0.039770811796188354
1.776468552583167e+18,-1.1746504306793213,-10.281915664672852,-0.12480759620666504,-0.026087643578648567,0.07308174669742584,0.14991937577724457,-0.045565467327833176,-0.13202503323554993
1.776468552584167e+18,-0.5284732580184937,-23.104103088378906,-0.12480759620666504,-0.007633312605321407,-0.04995724931359291,0.14991937577724457,-0.045565467327833176,-0.25503066182136536
1.776468552585167e+18,-3.5131967067718506,21.20937728881836,-0.15558543801307678,-0.013784755952656269,-0.008944249711930752,0.1191495954990387,-0.045565467327833176,0.2062404304742813
1.776468552586167e+18,-2.220842123031616,1.6170743703842163,-0.06325190514326096,-0.013784755952656269,-0.04995724931359291,-0.003929531201720238,-0.045565467327833176,0.08323480933904648
1.776468552587167e+18,-2.6823973655700684,-20.949975967407227,-0.0940297469496727,-0.03223908692598343,-0.17299625277519226,-0.06546909362077713,-0.16870778799057007,-0.009019406512379646
1.776468552588167e+18,-2.1285312175750732,-5.8710832595825195,-0.06325190514326096,0.016972461715340614,-0.21400925517082214,-0.1885482221841812,0.016005687415599823,0.11398621648550034
1.7764685525891668e+18,-4.774780750274658,-9.666450500488281,-0.06325190514326096,0.004669575020670891,0.032068751752376556,0.08837981522083282,-0.045565467327833176,-0.13202503323554993
1.7764685525901668e+18,-3.636277914047241,-17.872650146484375,-0.18636327981948853,-0.026087643578648567,-0.0909702479839325,0.27299851179122925,-0.045565467327833176,-0.19352784752845764
1.776468552591167e+18,-4.159373760223389,2.3351168632507324,-0.0940297469496727,0.029275350272655487,-0.04995724931359291,-0.25008776783943176,-0.10713662207126617,-0.009019406512379646
1.776468552592167e+18,-1.9746793508529663,3.6686244010925293,-0.15558543801307678,-0.007633312605321407,0.1961207538843155,0.1191495954990387,-0.045565467327833176,-0.10127362608909607
1.7764685525931668e+18,-3.6055076122283936,17.721742630004883,-0.15558543801307678,-0.026087643578648567,-0.0909702479839325,-0.003929531201720238,-0.045565467327833176,0.11398621648550034
1.7764685525941668e+18,0.4869481027126312,6.540794372558594,0.09063731133937836,0.016972461715340614,0.07308174669742584,0.08837981522083282,-0.045565467327833176,-0.19352784752845764
1.7764685525951667e+18,-1.7900573015213013,-17.052030563354492,-0.06325190514326096,0.010821018368005753,-0.008944249711930752,0.057610031217336655,-0.10713662207126617,-0.13202503323554993
1.776468552596167e+18,-2.5593159198760986,-6.794280529022217,0.02908162586390972,0.004669575020670891,-0.21400925517082214,-0.003929531201720238,-0.045565467327833176,-0.039770811796188354
1.7764685525971668e+18,-0.9900283813476562,26.645984649658203,0.059859469532966614,0.016972461715340614,0.1551077514886856,-0.03469931334257126,-0.045565467327833176,-0.13202503323554993
1.7764685525981668e+18,-1.666975975036621,0.1809893697500229,-0.0016962187364697456,-0.026087643578648567,-0.04995724931359291,0.18068915605545044,0.016005687415599823,-0.16277644038200378
1.7764685525991667e+18,-1.3592724800109863,9.412964820861816,-0.0016962187364697456,0.010821018368005753,0.07308174669742584,-0.06546909362077713,-0.10713662207126617,-0.16277644038200378
1.7764685526001667e+18,-1.3592724800109863,3.873779296875,0.09063731133937836,0.004669575020670891,0.07308174669742584,0.057610031217336655,-0.16870778799057007,-0.19352784752845764
1.7764685526011666e+18,-2.9593303203582764,30.74908447265625,-0.0016962187364697456,-0.03223908692598343,-0.0909702479839325,0.057610031217336655,-0.16870778799057007,0.05248340591788292
1.7764685526021668e+18,-4.590158462524414,12.490289688110352,-0.06325190514326096,0.004669575020670891,0.11409474909305573,0.1191495954990387,-0.10713662207126617,-0.13202503323554993
1.7764685526031667e+18,-4.190144062042236,-18.282960891723633,-0.12480759620666504,-0.0014818687923252583,0.07308174669742584,0.08837981522083282,-0.10713662207126617,-0.10127362608909607
1.7764685526041667e+18,-2.8670194149017334,8.07945728302002,-0.18636327981948853,-0.013784755952656269,0.032068751752376556,0.2114589363336563,-0.045565467327833176,0.05248340591788292
1.7764685526051666e+18,0.7023404836654663,-16.026256561279297,0.15219299495220184,-0.026087643578648567,-0.21400925517082214,0.057610031217336655,-0.16870778799057007,0.05248340591788292
1.7764685526061665e+18,0.21001499891281128,4.694399356842041,0.059859469532966614,0.010821018368005753,0.07308174669742584,-0.003929531201720238,-0.16870778799057007,-0.13202503323554993
1.7764685526071667e+18,-7.1133270263671875,-8.948408126831055,-0.06325190514326096,-0.007633312605321407,0.23713375627994537,-0.12700866162776947,-0.10713662207126617,-0.19352784752845764
1.7764685526081667e+18,-1.8208277225494385,-37.05464172363281,-0.0016962187364697456,-0.03223908692598343,-0.13198325037956238,-0.06546909362077713,-0.10713662207126617,-0.009019406512379646
1.7764685526091666e+18,-3.943981409072876,-7.512322902679443,0.21374869346618652,-0.019936200231313705,-0.17299625277519226,0.14991937577724457,-0.045565467327833176,-0.13202503323554993
1.7764685526101665e+18,-1.9746793508529663,-11.512845993041992,0.09063731133937836,0.010821018368005753,-0.17299625277519226,-0.03469931334257126,-0.045565467327833176,-0.07052221894264221
1.7764685526111665e+18,-0.5284732580184937,8.07945728302002,0.09063731133937836,0.016972461715340614,0.1551077514886856,-0.06546909362077713,-0.045565467327833176,-0.16277644038200378
1.7764685526121664e+18,-2.8362491130828857,-2.69118070602417,-0.0940297469496727,-0.019936200231313705,0.31915974617004395,-0.096238873898983,-0.10713662207126617,-0.07052221894264221
1.7764685526131666e+18,0.6407998204231262,-23.411834716796875,0.09063731133937836,-0.026087643578648567,-0.255022257566452,-0.1885482221841812,-0.10713662207126617,0.05248340591788292
1.7764685526141665e+18,-0.9900283813476562,-8.743252754211426,0.21374869346618652,-0.007633312605321407,-0.0909702479839325,-0.21931800246238708,-0.10713662207126617,0.08323480933904648
1.7764685526151665e+18,-2.9285600185394287,8.592344284057617,-0.15558543801307678,-0.03223908692598343,-0.21400925517082214,-0.003929531201720238,-0.045565467327833176,0.2062404304742813
1.7764685526161664e+18,-1.4515835046768188,-18.693269729614258,-0.03247406333684921,-0.007633312605321407,0.07308174669742584,0.057610031217336655,-0.16870778799057007,-0.13202503323554993
1.7764685526171663e+18,0.7638812065124512,7.156259536743164,0.059859469532966614,0.010821018368005753,-0.13198325037956238,-0.15777844190597534,-0.045565467327833176,-0.10127362608909607
1.7764685526181663e+18,1.6869914531707764,23.260927200317383,-0.03247406333684921,0.004669575020670891,0.11409474909305573,0.057610031217336655,-0.10713662207126617,-0.16277644038200378
1.7764685526191665e+18,-4.3747663497924805,-27.92524528503418,-0.0940297469496727,-0.013784755952656269,-0.0909702479839325,-0.096238873898983,-0.10713662207126617,-0.07052221894264221
1.7764685526201664e+18,-1.728516697883606,26.645984649658203,-0.0940297469496727,0.004669575020670891,0.07308174669742584,0.2114589363336563,-0.045565467327833176,-0.039770811796188354
1.7764685526211663e+18,-2.4054641723632812,36.28826904296875,-0.0940297469496727,0.004669575020670891,0.1961207538843155,0.18068915605545044,-0.045565467327833176,-0.10127362608909607
1.7764685526221663e+18,-0.9592580795288086,-8.743252754211426,-0.12480759620666504,-0.026087643578648567,0.11409474909305573,0.14991937577724457,-0.10713662207126617,-0.13202503323554993
1.7764685526231662e+18,-1.9746793508529663,16.5933895111084,0.059859469532966614,-0.026087643578648567,-0.04995724931359291,-0.21931800246238708,-0.10713662207126617,0.11398621648550034
1.7764685526241664e+18,-1.3592724800109863,3.9763569831848145,0.059859469532966614,-0.026087643578648567,-0.17299625277519226,-0.06546909362077713,-0.045565467327833176,0.11398621648550034
1.7764685526251663e+18,-2.5593159198760986,-0.024165624752640724,0.02908162586390972,-0.0014818687923252583,-0.21400925517082214,-0.21931800246238708,-0.10713662207126617,0.23699183762073517
1.7764685526261663e+18,-3.359344959259033,18.02947425842285,-0.12480759620666504,-0.007633312605321407,-0.0909702479839325,0.08837981522083282,-0.10713662207126617,0.11398621648550034
1.7764685526271662e+18,-3.0516414642333984,22.645462036132812,-0.15558543801307678,-0.013784755952656269,-0.0909702479839325,0.057610031217336655,-0.045565467327833176,0.17548903822898865
1.7764685526281661e+18,1.4100583791732788,10.438739776611328,0.059859469532966614,0.016972461715340614,0.11409474909305573,0.1191495954990387,-0.10713662207126617,0.02173200063407421
1.7764685526291663e+18,-2.0977606773376465,-36.952064514160156,-0.12480759620666504,-0.0014818687923252583,-0.04995724931359291,0.1191495954990387,-0.045565467327833176,-0.16277644038200378
1.7764685526301663e+18,0.6715701818466187,5.002131938934326,0.059859469532966614,-0.013784755952656269,-0.21400925517082214,-0.15777844190597534,-0.10713662207126617,0.1447376310825348
1.7764685526311662e+18,-0.3438511788845062,0.2835668623447418,0.059859469532966614,-0.03223908692598343,0.27814674377441406,-0.21931800246238708,-0.10713662207126617,-0.13202503323554993
1.7764685526321661e+18,-2.220842123031616,-5.665927886962891,-0.15558543801307678,-0.013784755952656269,0.1551077514886856,0.026840249076485634,-0.16870778799057007,-0.10127362608909607
1.776468552633166e+18,-5.35941743850708,-7.8200554847717285,-0.06325190514326096,-0.007633312605321407,-0.0909702479839325,-0.003929531201720238,-0.16870778799057007,-0.009019406512379646
1.776468552634166e+18,-3.636277914047241,35.159915924072266,-0.0016962187364697456,-0.0014818687923252583,0.07308174669742584,0.18068915605545044,-0.045565467327833176,-0.009019406512379646
1.7764685526351662e+18,0.025392938405275345,14.028951644897461,-0.03247406333684921,-0.007633312605321407,0.11409474909305573,0.057610031217336655,-0.045565467327833176,-0.009019406512379646
1.7764685526361661e+18,-5.020943641662598,-26.489160537719727,-0.0940297469496727,-0.007633312605321407,-0.0909702479839325,-0.12700866162776947,-0.10713662207126617,-0.009019406512379646
1.776468552637166e+18,-0.6207842826843262,-27.514936447143555,-0.0016962187364697456,-0.013784755952656269,-0.21400925517082214,-0.096238873898983,-0.10713662207126617,-0.039770811796188354
1.776468552638166e+18,0.6100294589996338,-2.2808706760406494,0.1214151531457901,-0.0014818687923252583,-0.0909702479839325,-0.096238873898983,-0.16870778799057007,0.02173200063407421
1.776468552639166e+18,-3.390115261077881,-1.4602506160736084,-0.0016962187364697456,0.029275350272655487,-0.17299625277519226,-0.15777844190597534,-0.045565467327833176,0.05248340591788292
1.7764685526401661e+18,-5.390187740325928,-18.07780647277832,0.059859469532966614,-0.019936200231313705,-0.21400925517082214,-0.1885482221841812,-0.10713662207126617,0.2677432596683502
1.776468552641166e+18,-4.867091655731201,33.21094512939453,-0.15558543801307678,-0.0014818687923252583,0.1551077514886856,0.2114589363336563,-0.045565467327833176,-0.039770811796188354
1.776468552642166e+18,-1.5746649503707886,-44.337646484375,-0.03247406333684921,-0.019936200231313705,-0.13198325037956238,-0.06546909362077713,-0.045565467327833176,-0.009019406512379646
1.776468552643166e+18,-0.6823249459266663,-12.64119815826416,0.1829708367586136,0.023123906925320625,0.1551077514886856,-0.096238873898983,-0.045565467327833176,-0.2242792546749115
1.776468552644166e+18,-0.6515546441078186,10.438739776611328,-0.06325190514326096,-0.007633312605321407,-0.04995724931359291,-0.003929531201720238,-0.10713662207126617,0.11398621648550034
1.7764685526451658e+18,0.6100294589996338,14.541839599609375,-0.0016962187364697456,0.010821018368005753,0.07308174669742584,-0.21931800246238708,-0.10713662207126617,0.1447376310825348
1.776468552646166e+18,-0.06691809743642807,-13.564395904541016,0.059859469532966614,-0.007633312605321407,-0.17299625277519226,-0.12700866162776947,-0.045565467327833176,-0.07052221894264221
1.776468552647166e+18,0.4561777412891388,7.5665693283081055,-0.0016962187364697456,-0.0014818687923252583,0.11409474909305573,0.08837981522083282,-0.045565467327833176,0.02173200063407421
1.776468552648166e+18,-0.4977028965950012,4.694399356842041,0.059859469532966614,-0.013784755952656269,-0.0909702479839325,-0.06546909362077713,-0.045565467327833176,0.05248340591788292
1.7764685526491658e+18,-1.0823394060134888,-1.2550956010818481,-0.0016962187364697456,0.010821018368005753,-0.13198325037956238,-0.06546909362077713,-0.10713662207126617,-0.19352784752845764
1.7764685526501658e+18,-0.9592580795288086,-8.948408126831055,-0.12480759620666504,0.023123906925320625,-0.17299625277519226,-0.03469931334257126,-0.045565467327833176,0.02173200063407421
1.7764685526511657e+18,0.4869481027126312,-22.38606071472168,-0.0940297469496727,0.010821018368005753,-0.04995724931359291,0.14991937577724457,-0.045565467327833176,-0.13202503323554993
1.776468552652166e+18,-0.28231048583984375,32.28774642944336,0.1214151531457901,-0.03223908692598343,-0.04995724931359291,0.1191495954990387,-0.10713662207126617,0.2984946668148041
1.7764685526531658e+18,-1.5131242275238037,-32.951541900634766,-0.03247406333684921,-0.0014818687923252583,-0.008944249711930752,0.026840249076485634,-0.16870778799057007,0.1447376310825348
1.7764685526541658e+18,-1.6977462768554688,4.386666774749756,0.09063731133937836,0.023123906925320625,0.032068751752376556,-0.1885482221841812,-0.16870778799057007,-0.07052221894264221
1.7764685526551657e+18,0.5792590975761414,-0.7422081232070923,0.15219299495220184,-0.019936200231313705,-0.255022257566452,-0.12700866162776947,-0.10713662207126617,0.11398621648550034
1.7764685526561656e+18,-5.051713943481445,-9.050985336303711,-0.06325190514326096,-0.007633312605321407,-0.008944249711930752,0.08837981522083282,-0.10713662207126617,0.05248340591788292
1.7764685526571656e+18,-1.6054352521896362,-29.77164077758789,-0.18636327981948853,0.004669575020670891,0.1551077514886856,-0.12700866162776947,0.016005687415599823,-0.039770811796188354
1.7764685526581658e+18,-2.4054641723632812,23.876392364501953,0.02908162586390972,0.010821018368005753,0.23713375627994537,-0.06546909362077713,-0.16870778799057007,-0.16277644038200378
1.7764685526591657e+18,-3.297804117202759,10.541316986083984,-0.06325190514326096,-0.013784755952656269,-0.04995724931359291,-0.003929531201720238,-0.045565467327833176,0.02173200063407421
1.7764685526601656e+18,-3.759359359741211,-11.615423202514648,0.02908162586390972,-0.026087643578648567,-0.13198325037956238,0.2114589363336563,-0.10713662207126617,-0.07052221894264221
1.7764685526611656e+18,1.9639246463775635,14.439261436462402,0.059859469532966614,0.016972461715340614,0.07308174669742584,-0.003929531201720238,-0.045565467327833176,-0.10127362608909607
1.7764685526621655e+18,-4.036292552947998,-17.872650146484375,-0.06325190514326096,-0.007633312605321407,-0.13198325037956238,-0.06546909362077713,-0.045565467327833176,0.02173200063407421
1.7764685526631654e+18,-1.7592869997024536,-35.5159797668457,-0.12480759620666504,-0.03223908692598343,-0.13198325037956238,-0.096238873898983,-0.045565467327833176,-0.009019406512379646
1.7764685526641656e+18,-4.405536651611328,5.720174312591553,-0.0940297469496727,0.023123906925320625,0.1551077514886856,-0.25008776783943176,-0.10713662207126617,0.11398621648550034
1.7764685526651656e+18,-2.1285312175750732,-25.15565299987793,0.059859469532966614,0.023123906925320625,-0.255022257566452,-0.1885482221841812,0.016005687415599823,-0.009019406512379646
1.7764685526661655e+18,-0.6515546441078186,-15.718523025512695,0.09063731133937836,-0.007633312605321407,-0.13198325037956238,-0.096238873898983,-0.10713662207126617,-0.07052221894264221
1.7764685526671654e+18,-5.482498645782471,-16.333988189697266,0.24452653527259827,-0.013784755952656269,-0.13198325037956238,0.1191495954990387,-0.10713662207126617,-0.07052221894264221
1.7764685526681654e+18,-4.097833156585693,-14.179861068725586,-0.06325190514326096,-0.013784755952656269,-0.0909702479839325,-0.03469931334257126,-0.10713662207126617,0.05248340591788292
1.7764685526691653e+18,-4.405536651611328,-35.208248138427734,-0.0940297469496727,-0.013784755952656269,-0.17299625277519226,-0.06546909362077713,-0.045565467327833176,0.02173200063407421
1.7764685526701655e+18,0.17924465239048004,6.540794372558594,0.1829708367586136,0.016972461715340614,0.032068751752376556,-0.15777844190597534,-0.16870778799057007,-0.07052221894264221
1.7764685526711654e+18,-1.3592724800109863,21.927419662475586,0.02908162586390972,0.010821018368005753,-0.17299625277519226,-0.03469931334257126,-0.10713662207126617,-0.009019406512379646
1.7764685526721654e+18,-2.8670194149017334,11.156782150268555,-0.06325190514326096,-0.0014818687923252583,0.11409474909305573,0.026840249076485634,-0.045565467327833176,-0.16277644038200378
1.7764685526731653e+18,-0.6207842826843262,26.235673904418945,-0.0016962187364697456,0.010821018368005753,0.032068751752376556,0.057610031217336655,-0.10713662207126617,-0.07052221894264221
1.7764685526741652e+18,-1.9746793508529663,-1.4602506160736084,0.059859469532966614,-0.007633312605321407,-0.13198325037956238,0.3037682771682739,-0.23027893900871277,-0.16277644038200378
1.7764685526751654e+18,-5.7902021408081055,16.901121139526367,-0.03247406333684921,0.010821018368005753,0.11409474909305573,-0.12700866162776947,-0.045565467327833176,-0.07052221894264221
1.7764685526761654e+18,-2.1900718212127686,20.59391212463379,-0.15558543801307678,-0.026087643578648567,-0.17299625277519226,0.057610031217336655,-0.045565467327833176,0.11398621648550034
1.7764685526771653e+18,0.7023404836654663,10.02842903137207,0.1214151531457901,0.023123906925320625,0.11409474909305573,-0.003929531201720238,0.016005687415599823,-0.10127362608909607
1.7764685526781652e+18,-1.9439090490341187,-10.281915664672852,-0.12480759620666504,-0.03223908692598343,-0.13198325037956238,-0.096238873898983,-0.16870778799057007,-0.009019406512379646
1.7764685526791652e+18,-0.06691809743642807,-12.333465576171875,-0.18636327981948853,-0.026087643578648567,0.23713375627994537,-0.1885482221841812,-0.045565467327833176,0.1447376310825348
1.776468552680165e+18,-4.528617858886719,31.159395217895508,0.059859469532966614,0.023123906925320625,-0.13198325037956238,-0.06546909362077713,-0.045565467327833176,0.02173200063407421
1.7764685526811653e+18,-4.282454967498779,-12.538620948791504,-0.0940297469496727,-0.026087643578648567,0.27814674377441406,-0.21931800246238708,-0.10713662207126617,0.08323480933904648
1.7764685526821652e+18,-0.8361766934394836,-10.999958038330078,-0.03247406333684921,-0.019936200231313705,-0.04995724931359291,-0.06546909362077713,-0.045565467327833176,0.08323480933904648
1.7764685526831652e+18,-0.8054063320159912,-36.439178466796875,-0.06325190514326096,-0.013784755952656269,-0.0909702479839325,0.08837981522083282,-0.10713662207126617,0.23699183762073517
1.776468552684165e+18,-2.805478572845459,10.438739776611328,-0.03247406333684921,0.004669575020670891,-0.008944249711930752,0.026840249076485634,-0.10713662207126617,-0.039770811796188354
1.776468552685165e+18,-2.159301519393921,-15.103057861328125,0.059859469532966614,0.010821018368005753,-0.17299625277519226,-0.25008776783943176,-0.045565467327833176,-0.19352784752845764
1.776468552686165e+18,-1.728516697883606,-36.33660125732422,-0.06325190514326096,-0.026087643578648567,-0.13198325037956238,0.026840249076485634,-0.10713662207126617,-0.039770811796188354
1.7764685526871652e+18,-1.3592724800109863,-22.078327178955078,-0.06325190514326096,-0.019936200231313705,-0.13198325037956238,-0.06546909362077713,-0.10713662207126617,0.02173200063407421
1.776468552688165e+18,-3.205493211746216,-10.692225456237793,0.059859469532966614,0.010821018368005753,-0.17299625277519226,-0.1885482221841812,-0.10713662207126617,0.2062404304742813
1.776468552689165e+18,0.1484743058681488,-8.127788543701172,-0.247918963432312,-0.007633312605321407,-0.0909702479839325,-0.096238873898983,-0.045565467327833176,-0.009019406512379646
1.776468552690165e+18,-3.482426166534424,-15.513367652893066,-0.0940297469496727,-0.026087643578648567,0.23713375627994537,-0.003929531201720238,-0.10713662207126617,-0.16277644038200378
1.776468552691165e+18,-3.8208999633789062,35.26249313354492,-0.03247406333684921,0.004669575020670891,0.1551077514886856,0.1191495954990387,-0.10713662207126617,-0.13202503323554993
1.7764685526921649e+18,-2.1285312175750732,-14.590170860290527,-0.0016962187364697456,-0.03839053213596344,-0.0909702479839325,-0.03469931334257126,-0.10713662207126617,0.05248340591788292
1.776468552693165e+18,-2.1900718212127686,9.310386657714844,-0.06325190514326096,-0.007633312605321407,-0.008944249711930752,-0.003929531201720238,-0.045565467327833176,-0.009019406512379646
1.776468552694165e+18,-0.09768843650817871,-14.590170860290527,-0.12480759620666504,-0.026087643578648567,-0.13198325037956238,0.057610031217336655,-0.045565467327833176,0.05248340591788292
1.776468552695165e+18,-0.4053918719291687,-25.668540954589844,0.09063731133937836,-0.03223908692598343,0.11409474909305573,-0.003929531201720238,-0.10713662207126617,-0.009019406512379646
1.7764685526961649e+18,-0.28231048583984375,6.027906894683838,-0.0940297469496727,0.016972461715340614,-0.04995724931359291,-0.12700866162776947,-0.16870778799057007,-0.009019406512379646
1.7764685526971648e+18,-1.9439090490341187,-11.102535247802734,-0.18636327981948853,-0.026087643578648567,-0.21400925517082214,-0.15777844190597534,-0.10713662207126617,0.2677432596683502
1.7764685526981647e+18,-5.113254547119141,29.51815414428711,-0.0016962187364697456,0.023123906925320625,-0.04995724931359291,-0.12700866162776947,-0.045565467327833176,-0.009019406512379646
1.776468552699165e+18,-4.559388160705566,-9.461296081542969,-0.15558543801307678,-0.019936200231313705,-0.008944249711930752,0.18068915605545044,-0.10713662207126617,-0.16277644038200378
1.7764685527001649e+18,-2.220842123031616,-11.307690620422363,-0.0016962187364697456,0.010821018368005753,0.07308174669742584,-0.21931800246238708,-0.10713662207126617,-0.07052221894264221
1.7764685527011648e+18,1.2562066316604614,-3.819533109664917,-0.0016962187364697456,-0.026087643578648567,-0.008944249711930752,0.18068915605545044,-0.10713662207126617,0.17548903822898865
1.7764685527021647e+18,-0.8054063320159912,-23.61699104309082,-0.03247406333684921,-0.013784755952656269,0.07308174669742584,0.08837981522083282,-0.10713662207126617,-0.07052221894264221
1.7764685527031647e+18,-2.159301519393921,-11.820578575134277,0.09063731133937836,-0.0014818687923252583,-0.17299625277519226,0.1191495954990387,-0.10713662207126617,-0.13202503323554993
1.7764685527041649e+18,-3.174722909927368,44.494468688964844,-0.0016962187364697456,0.010821018368005753,0.1551077514886856,-0.003929531201720238,-0.045565467327833176,-0.16277644038200378
1.7764685527051648e+18,-3.020871162414551,-1.049940586090088,-0.03247406333684921,-0.013784755952656269,-0.04995724931359291,0.057610031217336655,-0.045565467327833176,0.08323480933904648
1.7764685527061647e+18,-6.282527446746826,-11.102535247802734,0.059859469532966614,0.016972461715340614,-0.17299625277519226,-0.1885482221841812,-0.045565467327833176,0.11398621648550034
1.7764685527071647e+18,-5.851742744445801,-10.076760292053223,-0.06325190514326096,-0.007633312605321407,-0.008944249711930752,-0.003929531201720238,-0.045565467327833176,0.08323480933904648
1.7764685527081646e+18,-2.5900862216949463,7.66914701461792,-0.06325190514326096,0.010821018368005753,0.1961207538843155,-0.15777844190597534,-0.10713662207126617,-0.07052221894264221
1.7764685527091645e+18,-4.251684665679932,-37.87526321411133,-0.06325190514326096,-0.007633312605321407,-0.04995724931359291,0.026840249076485634,-0.045565467327833176,0.08323480933904648
1.7764685527101647e+18,-2.620856523513794,16.490812301635742,-0.0940297469496727,0.010821018368005753,0.1961207538843155,-0.003929531201720238,-0.10713662207126617,-0.039770811796188354
1.7764685527111647e+18,-0.7746359705924988,-9.87160587310791,0.21374869346618652,-0.013784755952656269,-0.17299625277519226,-0.1885482221841812,-0.045565467327833176,0.08323480933904648
1.7764685527121646e+18,0.8561922311782837,-18.488115310668945,-0.15558543801307678,-0.04454197362065315,-0.17299625277519226,-0.003929531201720238,-0.10713662207126617,0.11398621648550034
1.7764685527131645e+18,-1.728516697883606,-8.230365753173828,0.059859469532966614,0.004669575020670891,0.11409474909305573,-0.06546909362077713,-0.045565467327833176,-0.13202503323554993
1.7764685527141645e+18,-1.2361911535263062,26.543407440185547,-0.06325190514326096,-0.0014818687923252583,0.07308174669742584,0.1191495954990387,-0.045565467327833176,0.05248340591788292
1.7764685527151644e+18,-3.943981409072876,34.13414001464844,0.02908162586390972,0.023123906925320625,-0.04995724931359291,-0.12700866162776947,-0.10713662207126617,-0.009019406512379646
1.7764685527161646e+18,-5.605579853057861,-24.950498580932617,-0.06325190514326096,-0.013784755952656269,-0.04995724931359291,0.026840249076485634,-0.045565467327833176,0.02173200063407421
1.7764685527171645e+18,-0.7438656687736511,15.7727689743042,-0.0016962187364697456,0.010821018368005753,0.1551077514886856,0.026840249076485634,-0.045565467327833176,-0.13202503323554993
1.7764685527181645e+18,-1.1746504306793213,-9.050985336303711,-0.0016962187364697456,0.004669575020670891,-0.255022257566452,-0.12700866162776947,-0.10713662207126617,0.23699183762073517
1.7764685527191644e+18,1.440828800201416,18.95267105102539,0.02908162586390972,-0.007633312605321407,-0.008944249711930752,0.1191495954990387,-0.045565467327833176,0.02173200063407421
1.7764685527201644e+18,-0.7438656687736511,14.746994018554688,-0.06325190514326096,0.004669575020670891,-0.008944249711930752,0.057610031217336655,-0.045565467327833176,0.02173200063407421
1.7764685527211643e+18,-2.0977606773376465,-13.8721284866333,0.02908162586390972,-0.013784755952656269,-0.21400925517082214,-0.12700866162776947,-0.16870778799057007,0.23699183762073517
1.7764685527221645e+18,-2.620856523513794,2.0273842811584473,-0.03247406333684921,-0.0014818687923252583,-0.21400925517082214,0.057610031217336655,-0.045565467327833176,-0.07052221894264221
1.7764685527231644e+18,-3.636277914047241,19.465559005737305,0.059859469532966614,0.023123906925320625,0.1961207538843155,-0.06546909362077713,-0.10713662207126617,-0.13202503323554993
1.7764685527241644e+18,-1.6362056732177734,14.84957218170166,-0.0016962187364697456,-0.007633312605321407,-0.008944249711930752,0.057610031217336655,-0.10713662207126617,0.1447376310825348
1.7764685527251643e+18,-2.713167667388916,-9.769027709960938,-0.0016962187364697456,-0.03223908692598343,-0.0909702479839325,-0.03469931334257126,-0.10713662207126617,0.05248340591788292
1.7764685527261642e+18,0.9177328944206238,23.876392364501953,-0.03247406333684921,-0.007633312605321407,0.07308174669742584,0.08837981522083282,-0.045565467327833176,0.08323480933904648
1.7764685527271642e+18,-1.6977462768554688,-10.179338455200195,-0.0940297469496727,-0.013784755952656269,0.27814674377441406,-0.12700866162776947,-0.10713662207126617,-0.16277644038200378
1.7764685527281644e+18,-2.159301519393921,-21.052553176879883,-0.12480759620666504,-0.013784755952656269,-0.04995724931359291,-0.096238873898983,-0.10713662207126617,-0.009019406512379646
1.7764685527291643e+18,-5.144024848937988,17.721742630004883,-0.0016962187364697456,0.004669575020670891,-0.255022257566452,-0.1885482221841812,-0.045565467327833176,-0.07052221894264221
1.7764685527301642e+18,-0.22076980769634247,-27.822668075561523,-0.0940297469496727,-0.007633312605321407,0.07308174669742584,0.026840249076485634,-0.10713662207126617,0.05248340591788292
1.7764685527311642e+18,-3.8824408054351807,-9.666450500488281,-0.0940297469496727,0.010821018368005753,-0.008944249711930752,-0.1885482221841812,-0.16870778799057007,0.17548903822898865
1.776468552732164e+18,-2.5593159198760986,-36.54175567626953,-0.0940297469496727,-0.007633312605321407,-0.008944249711930752,0.1191495954990387,-0.10713662207126617,-0.13202503323554993
1.7764685527331638e+18,-4.590158462524414,8.182034492492676,-0.06325190514326096,-0.007633312605321407,-0.008944249711930752,-0.003929531201720238,-0.045565467327833176,0.05248340591788292
1.7764685527341637e+18,-3.267033815383911,28.492380142211914,0.09063731133937836,0.016972461715340614,0.1551077514886856,0.14991937577724457,-0.045565467327833176,-0.10127362608909607
1.7764685527351636e+18,-2.2823827266693115,-18.693269729614258,-0.18636327981948853,-0.026087643578648567,-0.17299625277519226,0.1191495954990387,-0.045565467327833176,-0.039770811796188354
1.7764685527361636e+18,-0.4053918719291687,-16.436565399169922,0.09063731133937836,0.010821018368005753,-0.008944249711930752,-0.21931800246238708,-0.10713662207126617,-0.16277644038200378
1.7764685527371635e+18,-3.451655864715576,7.156259536743164,0.1829708367586136,-0.007633312605321407,-0.21400925517082214,0.08837981522083282,-0.045565467327833176,-0.19352784752845764
1.7764685527381635e+18,-4.036292552947998,-5.255618095397949,-0.06325190514326096,-0.007633312605321407,0.27814674377441406,-0.096238873898983,-0.10713662207126617,-0.19352784752845764
1.7764685527391634e+18,-1.3285021781921387,2.8480043411254883,-0.0940297469496727,0.0354267954826355,-0.17299625277519226,-0.12700866162776947,-0.10713662207126617,-0.009019406512379646
1.776468552740163e+18,-1.4515835046768188,-1.357673168182373,0.1214151531457901,-0.0014818687923252583,0.1961207538843155,-0.15777844190597534,-0.10713662207126617,-0.10127362608909607
1.776468552741163e+18,-2.8362491130828857,-14.692748069763184,-0.15558543801307678,-0.03223908692598343,-0.13198325037956238,0.057610031217336655,-0.045565467327833176,0.1447376310825348
1.776468552742163e+18,-1.3592724800109863,-10.384492874145508,-0.03247406333684921,-0.007633312605321407,-0.04995724931359291,0.026840249076485634,-0.10713662207126617,-0.039770811796188354
1.776468552743163e+18,-1.0823394060134888,24.90216636657715,-0.06325190514326096,-0.0014818687923252583,-0.008944249711930752,-0.003929531201720238,-0.045565467327833176,0.02173200063407421
1.7764685527441628e+18,-2.4670050144195557,31.877437591552734,-0.03247406333684921,0.016972461715340614,0.07308174669742584,-0.1885482221841812,-0.045565467327833176,-0.07052221894264221
1.7764685527451628e+18,-5.020943641662598,-5.768505573272705,-0.06325190514326096,-0.026087643578648567,-0.17299625277519226,0.08837981522083282,0.016005687415599823,-0.039770811796188354
1.7764685527461627e+18,-5.020943641662598,23.773815155029297,0.059859469532966614,0.004669575020670891,-0.17299625277519226,-0.06546909362077713,-0.10713662207126617,-0.009019406512379646
1.7764685527471626e+18,-0.005377406254410744,1.514496922492981,0.1829708367586136,0.004669575020670891,-0.13198325037956238,-0.21931800246238708,-0.16870778799057007,-0.009019406512379646
1.7764685527481623e+18,-1.543894648551941,-24.335033416748047,-0.15558543801307678,0.010821018368005753,-0.008944249711930752,-0.06546909362077713,-0.045565467327833176,0.05248340591788292
1.7764685527491622e+18,-3.359344959259033,-10.999958038330078,-0.03247406333684921,-0.013784755952656269,-0.0909702479839325,-0.25008776783943176,-0.10713662207126617,-0.07052221894264221
1.7764685527501622e+18,-1.5746649503707886,29.723308563232422,-0.0016962187364697456,-0.0014818687923252583,0.032068751752376556,0.1191495954990387,-0.10713662207126617,0.08323480933904648
1.776468552751162e+18,-0.5900139212608337,13.105753898620605,0.1214151531457901,0.010821018368005753,0.1551077514886856,0.1191495954990387,-0.10713662207126617,-0.009019406512379646
1.776468552752162e+18,1.7485321760177612,-36.64433288574219,-0.06325190514326096,-0.026087643578648567,-0.17299625277519226,-0.03469931334257126,-0.16870778799057007,-0.009019406512379646
1.776468552753162e+18,-2.343923568725586,1.924806833267212,-0.03247406333684921,-0.0014818687923252583,0.07308174669742584,0.1191495954990387,-0.10713662207126617,0.23699183762073517
1.776468552754162e+18,-1.4208132028579712,-0.1267431229352951,-0.06325190514326096,0.029275350272655487,0.11409474909305573,-0.1885482221841812,-0.10713662207126617,-0.13202503323554993
1.7764685527551619e+18,0.17924465239048004,15.362459182739258,-0.0016962187364697456,-0.0014818687923252583,0.11409474909305573,0.1191495954990387,-0.045565467327833176,-0.2242792546749115
1.7764685527561615e+18,0.42540740966796875,-13.359240531921387,0.1214151531457901,-0.0014818687923252583,-0.0909702479839325,-0.12700866162776947,-0.045565467327833176,-0.07052221894264221
1.7764685527571615e+18,0.11770396679639816,-1.049940586090088,-0.0016962187364697456,-0.026087643578648567,0.032068751752376556,-0.1885482221841812,-0.045565467327833176,-0.10127362608909607
1.7764685527581614e+18,-1.1746504306793213,-13.359240531921387,-0.06325190514326096,-0.026087643578648567,0.07308174669742584,0.18068915605545044,0.016005687415599823,-0.10127362608909607
1.7764685527591613e+18,-5.513268947601318,-4.845308303833008,-0.0940297469496727,-0.007633312605321407,-0.0909702479839325,-0.03469931334257126,-0.10713662207126617,0.08323480933904648
1.7764685527601613e+18,-3.451655864715576,8.592344284057617,-0.06325190514326096,-0.007633312605321407,-0.008944249711930752,0.057610031217336655,-0.045565467327833176,-0.19352784752845764
1.7764685527611612e+18,-3.667048215866089,1.924806833267212,-0.15558543801307678,-0.026087643578648567,-0.008944249711930752,0.3037682771682739,0.016005687415599823,-0.16277644038200378
1.7764685527621612e+18,-0.5284732580184937,14.644416809082031,-0.03247406333684921,0.004669575020670891,-0.008944249711930752,0.08837981522083282,-0.10713662207126617,-0.16277644038200378
1.776468552763161e+18,-0.7746359705924988,-33.15669631958008,-0.06325190514326096,-0.019936200231313705,-0.0909702479839325,-0.06546909362077713,-0.10713662207126617,0.02173200063407421
1.7764685527641608e+18,-0.8054063320159912,1.0016093254089355,0.059859469532966614,-0.019936200231313705,-0.04995724931359291,0.08837981522083282,-0.045565467327833176,-0.10127362608909607
1.7764685527651607e+18,-1.9439090490341187,-8.538098335266113,-0.06325190514326096,-0.0014818687923252583,0.032068751752376556,-0.06546909362077713,-0.045565467327833176,-0.07052221894264221
1.7764685527661606e+18,-3.8824408054351807,-11.102535247802734,-0.06325190514326096,-0.013784755952656269,0.1551077514886856,-0.1885482221841812,-0.045565467327833176,-0.009019406512379646
1.7764685527671606e+18,0.3946370482444763,9.002654075622559,0.09063731133937836,-0.03223908692598343,-0.17299625277519226,-0.06546909362077713,-0.16870778799057007,0.17548903822898865
1.7764685527681605e+18,-0.3130808472633362,-14.79532527923584,-0.21714112162590027,0.016972461715340614,-0.13198325037956238,0.08837981522083282,0.016005687415599823,-0.13202503323554993
1.7764685527691604e+18,-3.759359359741211,1.6170743703842163,-0.12480759620666504,-0.026087643578648567,-0.04995724931359291,0.1191495954990387,-0.045565467327833176,0.2062404304742813
1.7764685527701604e+18,1.625450849533081,4.694399356842041,-0.0016962187364697456,-0.0014818687923252583,0.11409474909305573,0.057610031217336655,-0.10713662207126617,-0.16277644038200378
1.77646855277116e+18,-2.8362491130828857,-13.051507949829102,-0.15558543801307678,0.0354267954826355,-0.13198325037956238,-0.1885482221841812,-0.10713662207126617,0.17548903822898865
1.77646855277216e+18,-1.543894648551941,-9.769027709960938,-0.21714112162590027,0.004669575020670891,-0.21400925517082214,0.08837981522083282,-0.045565467327833176,-0.13202503323554993
1.77646855277316e+18,-0.5592436194419861,8.797499656677246,0.09063731133937836,0.010821018368005753,-0.0909702479839325,0.2114589363336563,-0.045565467327833176,-0.16277644038200378
1.77646855277416e+18,-1.0515691041946411,-4.127265453338623,0.15219299495220184,-0.019936200231313705,-0.17299625277519226,-0.06546909362077713,-0.045565467327833176,-0.009019406512379646
1.7764685527751598e+18,-3.2362635135650635,5.515019416809082,-0.06325190514326096,-0.007633312605321407,0.032068751752376556,0.057610031217336655,-0.045565467327833176,-0.009019406512379646
1.7764685527761597e+18,-3.0516414642333984,-34.490203857421875,-0.06325190514326096,-0.013784755952656269,-0.13198325037956238,-0.096238873898983,-0.10713662207126617,-0.07052221894264221
1.7764685527771597e+18,-2.343923568725586,-16.744298934936523,0.059859469532966614,0.010821018368005753,-0.17299625277519226,-0.25008776783943176,-0.10713662207126617,-0.07052221894264221
1.7764685527781596e+18,-4.682469844818115,-25.15565299987793,-0.12480759620666504,-0.013784755952656269,-0.13198325037956238,-0.06546909362077713,-0.10713662207126617,0.02173200063407421
1.7764685527791593e+18,-2.436234474182129,-12.02573299407959,-0.06325190514326096,-0.019936200231313705,-0.13198325037956238,0.24222871661186218,0.016005687415599823,-0.19352784752845764
1.7764685527801592e+18,-2.528545618057251,-14.897903442382812,-0.15558543801307678,0.016972461715340614,-0.0909702479839325,-0.003929531201720238,-0.10713662207126617,-0.009019406512379646
1.7764685527811592e+18,-0.9284877181053162,-8.948408126831055,-0.0940297469496727,-0.026087643578648567,0.07308174669742584,0.14991937577724457,-0.10713662207126617,-0.19352784752845764
1.776468552782159e+18,-1.2669614553451538,-40.23454666137695,-0.0940297469496727,-0.013784755952656269,-0.008944249711930752,0.026840249076485634,-0.045565467327833176,-0.19352784752845764
1.776468552783159e+18,-1.9439090490341187,-1.6654056310653687,-0.0940297469496727,0.016972461715340614,-0.04995724931359291,-0.12700866162776947,-0.16870778799057007,0.02173200063407421
1.776468552784159e+18,-3.297804117202759,-4.845308303833008,-0.0940297469496727,0.04157823696732521,-0.21400925517082214,-0.03469931334257126,-0.045565467327833176,0.02173200063407421
1.776468552785159e+18,-0.12845878303050995,-14.487592697143555,-0.06325190514326096,-0.03223908692598343,-0.13198325037956238,-0.15777844190597534,-0.16870778799057007,0.08323480933904648
1.7764685527861588e+18,-3.8208999633789062,-15.103057861328125,-0.12480759620666504,-0.03839053213596344,-0.0909702479839325,-0.12700866162776947,0.016005687415599823,0.11398621648550034
1.7764685527871585e+18,0.7023404836654663,-9.974183082580566,-0.15558543801307678,-0.013784755952656269,0.11409474909305573,0.057610031217336655,-0.10713662207126617,-0.07052221894264221
1.7764685527881585e+18,-0.6823249459266663,-14.179861068725586,-0.12480759620666504,-0.026087643578648567,0.032068751752376556,0.1191495954990387,-0.045565467327833176,-0.16277644038200378
1.7764685527891584e+18,-0.8361766934394836,-17.667495727539062,0.059859469532966614,0.004669575020670891,0.032068751752376556,-0.12700866162776947,-0.16870778799057007,-0.13202503323554993
1.7764685527901583e+18,-2.159301519393921,-14.385015487670898,-0.15558543801307678,-0.019936200231313705,0.27814674377441406,0.057610031217336655,-0.10713662207126617,-0.19352784752845764
1.7764685527911583e+18,-4.8363213539123535,-24.23245620727539,-0.06325190514326096,-0.007633312605321407,-0.04995724931359291,-0.003929531201720238,-0.10713662207126617,0.11398621648550034
1.7764685527921582e+18,-2.3746938705444336,3.360891819000244,-0.15558543801307678,-0.026087643578648567,-0.17299625277519226,0.026840249076485634,-0.10713662207126617,-0.10127362608909607
1.7764685527931581e+18,-2.4054641723632812,-13.154085159301758,0.09063731133937836,0.004669575020670891,0.07308174669742584,0.08837981522083282,-0.045565467327833176,-0.16277644038200378
1.776468552794158e+18,-3.6978187561035156,-23.822145462036133,-0.0940297469496727,-0.026087643578648567,-0.17299625277519226,-0.06546909362077713,-0.045565467327833176,-0.039770811796188354
1.7764685527951578e+18,-1.0515691041946411,-4.742730617523193,-0.18636327981948853,-0.019936200231313705,0.032068751752376556,-0.25008776783943176,-0.10713662207126617,0.11398621648550034
1.7764685527961577e+18,-3.205493211746216,-28.951021194458008,-0.12480759620666504,-0.026087643578648567,-0.0909702479839325,-0.096238873898983,-0.16870778799057007,-0.10127362608909607
1.7764685527971576e+18,-4.8363213539123535,-6.07623815536499,-0.03247406333684921,-0.019936200231313705,-0.0909702479839325,-0.096238873898983,-0.10713662207126617,0.05248340591788292
1.7764685527981576e+18,0.4869481027126312,19.56813621520996,0.059859469532966614,0.004669575020670891,-0.21400925517082214,-0.06546909362077713,0.016005687415599823,-0.16277644038200378
1.7764685527991575e+18,-5.451728343963623,17.003700256347656,-0.0016962187364697456,0.004669575020670891,0.032068751752376556,-0.1885482221841812,-0.045565467327833176,-0.039770811796188354
1.7764685528001574e+18,1.3177473545074463,-15.615945816040039,0.059859469532966614,-0.019936200231313705,-0.17299625277519226,-0.06546909362077713,-0.10713662207126617,-0.009019406512379646
1.7764685528011574e+18,-3.759359359741211,-2.69118070602417,0.059859469532966614,0.010821018368005753,0.032068751752376556,-0.06546909362077713,-0.045565467327833176,-0.25503066182136536
1.776468552802157e+18,-2.0054497718811035,1.2067643404006958,0.1214151531457901,-0.019936200231313705,0.1551077514886856,-0.12700866162776947,-0.045565467327833176,-0.009019406512379646
1.776468552803157e+18,0.6100294589996338,-19.206157684326172,0.27530437707901,0.004669575020670891,-0.17299625277519226,-0.15777844190597534,-0.10713662207126617,0.11398621648550034
1.776468552804157e+18,-2.713167667388916,-10.281915664672852,0.1214151531457901,-0.013784755952656269,-0.21400925517082214,-0.15777844190597534,-0.045565467327833176,-0.19352784752845764
1.7764685528051569e+18,-2.4054641723632812,-26.489160537719727,-0.03247406333684921,-0.026087643578648567,-0.17299625277519226,0.1191495954990387,-0.10713662207126617,-0.10127362608909607
1.7764685528061568e+18,-2.897789716720581,-29.874217987060547,-0.06325190514326096,-0.026087643578648567,-0.0909702479839325,-0.06546909362077713,-0.045565467327833176,-0.009019406512379646
1.7764685528071567e+18,-4.559388160705566,-11.307690620422363,0.15219299495220184,0.010821018368005753,-0.17299625277519226,-0.1885482221841812,-0.10713662207126617,0.11398621648550034
1.7764685528081567e+18,-0.1592291295528412,9.310386657714844,0.02908162586390972,0.010821018368005753,0.07308174669742584,0.08837981522083282,-0.10713662207126617,-0.10127362608909607
1.7764685528091566e+18,-0.6515546441078186,-6.9994354248046875,0.059859469532966614,-0.026087643578648567,0.07308174669742584,-0.21931800246238708,-0.10713662207126617,0.11398621648550034
1.7764685528101563e+18,-2.528545618057251,-31.823190689086914,-0.06325190514326096,-0.013784755952656269,-0.17299625277519226,-0.03469931334257126,-0.16870778799057007,-0.039770811796188354
1.7764685528111562e+18,-2.159301519393921,-8.43552017211914,-0.12480759620666504,-0.03223908692598343,-0.21400925517082214,-0.096238873898983,-0.16870778799057007,0.05248340591788292
1.7764685528121562e+18,-2.2823827266693115,34.647029876708984,0.059859469532966614,0.029275350272655487,0.11409474909305573,-0.06546909362077713,-0.045565467327833176,-0.16277644038200378
1.776468552813156e+18,-1.3285021781921387,16.901121139526367,0.02908162586390972,0.016972461715340614,0.1551077514886856,-0.06546909362077713,-0.10713662207126617,-0.16277644038200378
1.776468552814156e+18,-3.6055076122283936,35.05733871459961,-0.03247406333684921,-0.0014818687923252583,0.1961207538843155,0.18068915605545044,-0.045565467327833176,-0.07052221894264221
1.776468552815156e+18,-1.4208132028579712,-48.33816909790039,-0.0940297469496727,-0.026087643578648567,-0.0909702479839325,-0.06546909362077713,-0.10713662207126617,-0.009019406512379646
1.776468552816156e+18,-4.713240146636963,-12.538620948791504,-0.06325190514326096,-0.0014818687923252583,0.07308174669742584,-0.3116273581981659,-0.10713662207126617,-0.13202503323554993
1.7764685528171558e+18,0.42540740966796875,-12.743775367736816,0.15219299495220184,0.010821018368005753,-0.13198325037956238,-0.15777844190597534,-0.10713662207126617,-0.07052221894264221
1.7764685528181555e+18,-5.051713943481445,11.46451473236084,-0.21714112162590027,-0.026087643578648567,-0.13198325037956238,0.057610031217336655,-0.045565467327833176,0.2062404304742813
1.7764685528191555e+18,-1.913138747215271,-10.384492874145508,0.059859469532966614,0.010821018368005753,0.11409474909305573,-0.15777844190597534,-0.10713662207126617,-0.13202503323554993
1.7764685528201554e+18,1.2562066316604614,22.235151290893555,-0.03247406333684921,-0.0014818687923252583,0.07308174669742584,0.08837981522083282,0.016005687415599823,-0.16277644038200378
1.7764685528211553e+18,-1.3285021781921387,-10.999958038330078,0.02908162586390972,0.010821018368005753,-0.0909702479839325,-0.25008776783943176,-0.045565467327833176,-0.16277644038200378
1.7764685528221553e+18,-5.267106056213379,-17.564918518066406,-0.0940297469496727,-0.0014818687923252583,-0.04995724931359291,0.08837981522083282,-0.10713662207126617,0.11398621648550034
1.7764685528231552e+18,-4.8363213539123535,0.1809893697500229,0.27530437707901,-0.026087643578648567,0.07308174669742584,0.057610031217336655,-0.23027893900871277,-0.009019406512379646
1.7764685528241551e+18,-1.1746504306793213,-13.154085159301758,-0.0016962187364697456,-0.03223908692598343,-0.0909702479839325,0.08837981522083282,0.016005687415599823,-0.009019406512379646
1.776468552825155e+18,-2.0977606773376465,-2.8963356018066406,0.1829708367586136,-0.0014818687923252583,-0.008944249711930752,-0.1885482221841812,-0.23027893900871277,-0.039770811796188354
1.7764685528261548e+18,-2.528545618057251,-7.922633171081543,-0.21714112162590027,-0.03223908692598343,-0.13198325037956238,-0.1885482221841812,-0.10713662207126617,0.17548903822898865
1.7764685528271547e+18,0.08693362772464752,22.850616455078125,0.02908162586390972,0.004669575020670891,0.1551077514886856,0.08837981522083282,-0.045565467327833176,-0.07052221894264221
1.7764685528281546e+18,-2.159301519393921,36.698577880859375,0.1214151531457901,-0.0014818687923252583,-0.17299625277519226,-0.12700866162776947,-0.10713662207126617,0.02173200063407421
1.7764685528291546e+18,-0.1592291295528412,-17.46234130859375,-0.12480759620666504,0.023123906925320625,-0.17299625277519226,0.026840249076485634,0.016005687415599823,-0.13202503323554993
1.7764685528301545e+18,1.4100583791732788,-17.667495727539062,-0.15558543801307678,0.0354267954826355,-0.21400925517082214,0.14991937577724457,-0.10713662207126617,-0.039770811796188354
1.7764685528311544e+18,-3.667048215866089,6.643372058868408,-0.06325190514326096,0.004669575020670891,-0.008944249711930752,0.18068915605545044,-0.10713662207126617,0.1447376310825348
1.7764685528321544e+18,-2.4054641723632812,-19.411314010620117,-0.06325190514326096,-0.026087643578648567,-0.0909702479839325,0.026840249076485634,-0.045565467327833176,-0.009019406512379646
1.7764685528331543e+18,-1.728516697883606,-14.487592697143555,0.1214151531457901,0.010821018368005753,0.1551077514886856,-0.03469931334257126,-0.10713662207126617,-0.16277644038200378
1.7764685528341542e+18,-4.067062854766846,-39.208770751953125,-0.12480759620666504,-0.013784755952656269,-0.0909702479839325,-0.096238873898983,-0.16870778799057007,-0.039770811796188354
1.776468552835154e+18,-2.159301519393921,-17.257184982299805,-0.0940297469496727,0.023123906925320625,0.1551077514886856,-0.21931800246238708,-0.10713662207126617,-0.07052221894264221
1.7764685528361539e+18,0.3023260235786438,-10.281915664672852,0.09063731133937836,-0.0014818687923252583,0.11409474909305573,-0.15777844190597534,-0.10713662207126617,-0.16277644038200378
1.7764685528371538e+18,-3.6978187561035156,-11.512845993041992,-0.18636327981948853,-0.026087643578648567,0.36017274856567383,-0.15777844190597534,-0.16870778799057007,0.1447376310825348
1.7764685528381537e+18,-2.805478572845459,20.7990665435791,-0.06325190514326096,0.004669575020670891,0.032068751752376556,0.08837981522083282,-0.10713662207126617,-0.13202503323554993
1.7764685528391537e+18,-1.3900429010391235,-4.434998035430908,-0.06325190514326096,-0.013784755952656269,-0.21400925517082214,-0.21931800246238708,-0.045565467327833176,-0.009019406512379646
1.7764685528401536e+18,-2.8362491130828857,-28.54071044921875,-0.03247406333684921,-0.019936200231313705,-0.0909702479839325,-0.06546909362077713,-0.10713662207126617,-0.039770811796188354
1.7764685528411535e+18,-1.0207988023757935,-8.64067554473877,0.21374869346618652,-0.0014818687923252583,-0.17299625277519226,-0.25008776783943176,-0.10713662207126617,0.05248340591788292
1.7764685528421532e+18,-3.020871162414551,38.955284118652344,0.1214151531457901,0.016972461715340614,0.07308174669742584,-0.12700866162776947,-0.10713662207126617,-0.07052221894264221
1.7764685528431532e+18,-3.8208999633789062,-6.07623815536499,-0.0940297469496727,-0.0014818687923252583,0.11409474909305573,0.3037682771682739,-0.10713662207126617,-0.07052221894264221
1.776468552844153e+18,-4.3747663497924805,-26.69431495666504,-0.0940297469496727,-0.013784755952656269,-0.0909702479839325,-0.06546909362077713,-0.045565467327833176,0.08323480933904648
1.776468552845153e+18,0.27155569195747375,-6.383970737457275,0.1214151531457901,0.004669575020670891,-0.0909702479839325,-0.1885482221841812,-0.10713662207126617,0.11398621648550034
1.776468552846153e+18,-3.020871162414551,20.59391212463379,-0.06325190514326096,-0.013784755952656269,-0.04995724931359291,-0.03469931334257126,-0.045565467327833176,0.02173200063407421
1.776468552847153e+18,-2.5593159198760986,-9.87160587310791,0.059859469532966614,-0.013784755952656269,-0.17299625277519226,-0.03469931334257126,-0.045565467327833176,-0.10127362608909607
1.7764685528481528e+18,-2.066990375518799,20.901643753051758,0.02908162586390972,0.004669575020670891,-0.008944249711930752,-0.12700866162776947,0.016005687415599823,-0.13202503323554993
1.7764685528491525e+18,-1.9746793508529663,-11.307690620422363,0.24452653527259827,-0.026087643578648567,0.1961207538843155,-0.096238873898983,0.016005687415599823,-0.009019406512379646
1.7764685528501524e+18,-0.5592436194419861,21.82484245300293,-0.03247406333684921,0.004669575020670891,-0.008944249711930752,0.1191495954990387,-0.045565467327833176,0.05248340591788292
1.7764685528511524e+18,-1.1438801288604736,14.541839599609375,-0.06325190514326096,0.004669575020670891,-0.008944249711930752,-0.1885482221841812,-0.045565467327833176,-0.13202503323554993
1.7764685528521523e+18,-4.405536651611328,27.774337768554688,0.09063731133937836,-0.03223908692598343,-0.0909702479839325,-0.03469931334257126,-0.10713662207126617,-0.13202503323554993
1.7764685528531523e+18,-2.1900718212127686,-15.615945816040039,-0.0940297469496727,-0.026087643578648567,-0.13198325037956238,0.1191495954990387,-0.045565467327833176,0.11398621648550034
1.7764685528541522e+18,-0.8669470548629761,5.309864521026611,-0.03247406333684921,-0.026087643578648567,0.27814674377441406,-0.1885482221841812,-0.10713662207126617,-0.009019406512379646
1.776468552855152e+18,-2.220842123031616,7.156259536743164,0.1214151531457901,0.023123906925320625,-0.008944249711930752,-0.15777844190597534,-0.10713662207126617,-0.039770811796188354
1.7764685528561518e+18,-6.09790563583374,-15.615945816040039,-0.18636327981948853,-0.026087643578648567,-0.17299625277519226,0.27299851179122925,-0.045565467327833176,-0.19352784752845764
1.7764685528571517e+18,-1.7900573015213013,-13.564395904541016,0.059859469532966614,-0.026087643578648567,-0.17299625277519226,0.1191495954990387,0.016005687415599823,-0.19352784752845764
1.7764685528581517e+18,-0.6207842826843262,38.75012969970703,0.1214151531457901,-0.007633312605321407,-0.0909702479839325,-0.06546909362077713,-0.10713662207126617,-0.039770811796188354
1.7764685528591516e+18,-0.5900139212608337,-0.7422081232070923,-0.06325190514326096,-0.03223908692598343,-0.008944249711930752,-0.03469931334257126,-0.10713662207126617,-0.13202503323554993
1.7764685528601516e+18,-0.43616223335266113,-4.332420825958252,0.1214151531457901,0.004669575020670891,0.11409474909305573,0.026840249076485634,-0.10713662207126617,-0.13202503323554993
1.7764685528611515e+18,-4.405536651611328,7.771724224090576,-0.15558543801307678,-0.026087643578648567,-0.17299625277519226,-0.12700866162776947,-0.10713662207126617,0.08323480933904648
1.7764685528621514e+18,0.7946515083312988,-30.592260360717773,-0.06325190514326096,-0.013784755952656269,-0.0909702479839325,-0.03469931334257126,-0.045565467327833176,0.11398621648550034
1.776468552863151e+18,-3.943981409072876,-14.590170860290527,-0.06325190514326096,-0.007633312605321407,-0.0909702479839325,-0.003929531201720238,-0.10713662207126617,0.05248340591788292
1.776468552864151e+18,-0.12845878303050995,-39.92681121826172,-0.0940297469496727,-0.026087643578648567,-0.17299625277519226,-0.096238873898983,-0.10713662207126617,-0.009019406512379646
1.776468552865151e+18,-4.220914363861084,28.697534561157227,0.02908162586390972,0.010821018368005753,0.11409474909305573,-0.06546909362077713,-0.045565467327833176,-0.16277644038200378
1.776468552866151e+18,-5.851742744445801,-16.128833770751953,-0.0940297469496727,-0.0014818687923252583,-0.255022257566452,0.08837981522083282,-0.10713662207126617,-0.16277644038200378
1.7764685528671508e+18,-1.913138747215271,-6.9994354248046875,0.059859469532966614,0.010821018368005753,-0.255022257566452,-0.12700866162776947,-0.10713662207126617,0.2984946668148041
1.7764685528681508e+18,-1.4515835046768188,-25.873695373535156,-0.12480759620666504,-0.026087643578648567,0.1551077514886856,-0.1885482221841812,-0.10713662207126617,0.05248340591788292
1.7764685528691507e+18,-2.620856523513794,-19.103580474853516,-0.0940297469496727,-0.026087643578648567,-0.255022257566452,-0.003929531201720238,-0.045565467327833176,0.1447376310825348
1.7764685528701504e+18,0.9485032558441162,-24.84792137145996,-0.06325190514326096,-0.026087643578648567,-0.04995724931359291,-0.03469931334257126,-0.10713662207126617,0.11398621648550034
1.7764685528711503e+18,-3.6055076122283936,-9.666450500488281,-0.12480759620666504,-0.0014818687923252583,0.1961207538843155,-0.096238873898983,-0.10713662207126617,-0.009019406512379646
1.7764685528721503e+18,-4.436306953430176,-1.4602506160736084,-0.03247406333684921,-0.0014818687923252583,0.032068751752376556,0.08837981522083282,-0.10713662207126617,-0.19352784752845764
1.7764685528731502e+18,-4.436306953430176,12.079978942871094,-0.03247406333684921,-0.013784755952656269,0.07308174669742584,0.08837981522083282,-0.16870778799057007,-0.19352784752845764
1.7764685528741501e+18,-1.4208132028579712,8.797499656677246,0.059859469532966614,-0.013784755952656269,-0.17299625277519226,0.057610031217336655,-0.16870778799057007,0.11398621648550034
1.77646855287515e+18,-1.4208132028579712,-18.488115310668945,0.02908162586390972,-0.007633312605321407,-0.0909702479839325,-0.12700866162776947,-0.10713662207126617,-0.13202503323554993
1.77646855287615e+18,-0.9592580795288086,9.618119239807129,0.02908162586390972,-0.0014818687923252583,0.032068751752376556,0.057610031217336655,-0.16870778799057007,0.08323480933904648
1.77646855287715e+18,-2.6823973655700684,-5.255618095397949,0.09063731133937836,-0.013784755952656269,-0.21400925517082214,-0.15777844190597534,-0.10713662207126617,-0.13202503323554993
1.7764685528781496e+18,0.3023260235786438,14.84957218170166,-0.06325190514326096,0.010821018368005753,0.11409474909305573,-0.28085756301879883,-0.045565467327833176,0.23699183762073517
1.7764685528791496e+18,-0.5592436194419861,20.18360137939453,-0.0016962187364697456,0.004669575020670891,0.07308174669742584,-0.12700866162776947,-0.10713662207126617,-0.009019406512379646
1.7764685528801495e+18,-1.543894648551941,-15.205636024475098,0.02908162586390972,-0.026087643578648567,0.1551077514886856,-0.15777844190597534,-0.045565467327833176,0.1447376310825348
1.7764685528811494e+18,-0.9284877181053162,-12.230888366699219,-0.06325190514326096,-0.0014818687923252583,0.1551077514886856,-0.1885482221841812,-0.045565467327833176,-0.19352784752845764
1.7764685528821494e+18,-4.036292552947998,-14.590170860290527,-0.12480759620666504,-0.03223908692598343,0.032068751752376556,-0.12700866162776947,-0.10713662207126617,-0.039770811796188354
1.7764685528831493e+18,-4.3747663497924805,14.952149391174316,-0.03247406333684921,0.004669575020670891,-0.0909702479839325,-0.15777844190597534,-0.045565467327833176,-0.16277644038200378
1.7764685528841492e+18,-0.4977028965950012,-40.1319694519043,-0.12480759620666504,-0.013784755952656269,0.032068751752376556,0.1191495954990387,-0.16870778799057007,-0.2242792546749115
1.776468552885149e+18,0.1484743058681488,-14.077282905578613,-0.0016962187364697456,-0.019936200231313705,-0.0909702479839325,-0.06546909362077713,-0.10713662207126617,0.17548903822898865
1.7764685528861489e+18,-0.7746359705924988,-23.822145462036133,-0.247918963432312,0.029275350272655487,-0.21400925517082214,0.2114589363336563,-0.045565467327833176,-0.07052221894264221
1.7764685528871488e+18,-3.4208855628967285,-18.898426055908203,-0.15558543801307678,-0.026087643578648567,-0.0909702479839325,-0.12700866162776947,-0.045565467327833176,-0.009019406512379646
1.7764685528881487e+18,-2.036220073699951,-3.9221105575561523,-0.03247406333684921,-0.013784755952656269,0.11409474909305573,-0.15777844190597534,-0.16870778799057007,-0.009019406512379646
1.7764685528891487e+18,-0.2515401542186737,3.7712018489837646,0.059859469532966614,0.010821018368005753,-0.0909702479839325,-0.25008776783943176,-0.10713662207126617,0.02173200063407421
1.7764685528901486e+18,-1.8515980243682861,-5.255618095397949,0.1214151531457901,0.010821018368005753,-0.13198325037956238,-0.15777844190597534,-0.045565467327833176,-0.07052221894264221
1.7764685528911485e+18,-4.405536651611328,-6.07623815536499,-0.0016962187364697456,-0.03839053213596344,-0.17299625277519226,0.026840249076485634,-0.045565467327833176,-0.13202503323554993
1.7764685528921482e+18,-1.1746504306793213,-24.437610626220703,-0.12480759620666504,-0.026087643578648567,-0.008944249711930752,0.18068915605545044,0.016005687415599823,-0.10127362608909607
1.7764685528931482e+18,0.9177328944206238,30.543930053710938,-0.0016962187364697456,0.023123906925320625,0.1961207538843155,0.18068915605545044,-0.045565467327833176,-0.07052221894264221
1.776468552894148e+18,-0.8977173566818237,-16.026256561279297,0.1214151531457901,0.004669575020670891,0.07308174669742584,-0.06546909362077713,-0.16870778799057007,-0.13202503323554993
1.776468552895148e+18,-0.3438511788845062,-22.69379234313965,-0.12480759620666504,-0.0014818687923252583,-0.0909702479839325,0.08837981522083282,-0.10713662207126617,-0.13202503323554993
1.776468552896148e+18,-3.943981409072876,2.8480043411254883,-0.0940297469496727,-0.0014818687923252583,0.31915974617004395,-0.03469931334257126,-0.16870778799057007,-0.16277644038200378
1.776468552897148e+18,-2.220842123031616,8.592344284057617,-0.15558543801307678,-0.03839053213596344,-0.04995724931359291,0.057610031217336655,-0.045565467327833176,0.17548903822898865
1.7764685528981478e+18,-1.4515835046768188,-40.439701080322266,-0.0940297469496727,-0.019936200231313705,-0.0909702479839325,-0.03469931334257126,-0.16870778799057007,0.08323480933904648
1.7764685528991475e+18,-0.9592580795288086,-2.998913049697876,0.059859469532966614,-0.03839053213596344,-0.17299625277519226,0.18068915605545044,-0.045565467327833176,-0.039770811796188354
1.7764685529001475e+18,-5.082484245300293,-13.769550323486328,-0.15558543801307678,-0.019936200231313705,-0.0909702479839325,-0.096238873898983,-0.045565467327833176,-0.009019406512379646
1.7764685529011474e+18,-1.0515691041946411,-16.436565399169922,-0.0016962187364697456,0.023123906925320625,-0.0909702479839325,-0.1885482221841812,-0.10713662207126617,0.17548903822898865
1.7764685529021473e+18,1.5946804285049438,-22.488637924194336,-0.0940297469496727,-0.0014818687923252583,-0.0909702479839325,0.14991937577724457,-0.045565467327833176,-0.19352784752845764
1.7764685529031473e+18,-0.18999947607517242,-45.465999603271484,-0.06325190514326096,-0.019936200231313705,-0.13198325037956238,-0.06546909362077713,-0.045565467327833176,-0.009019406512379646
1.7764685529041472e+18,0.17924465239048004,17.003700256347656,0.1214151531457901,0.016972461715340614,0.11409474909305573,-0.003929531201720238,-0.045565467327833176,-0.19352784752845764
1.7764685529051471e+18,-2.159301519393921,-39.516502380371094,-0.06325190514326096,-0.013784755952656269,-0.0909702479839325,-0.06546909362077713,-0.045565467327833176,0.05248340591788292
1.7764685529061468e+18,-0.18999947607517242,-8.0252103805542,0.09063731133937836,-0.0014818687923252583,0.07308174669742584,-0.003929531201720238,-0.10713662207126617,-0.13202503323554993
1.7764685529071468e+18,0.7946515083312988,-7.307168006896973,0.24452653527259827,-0.007633312605321407,-0.21400925517082214,-0.12700866162776947,-0.045565467327833176,0.17548903822898865
1.7764685529081467e+18,-1.4515835046768188,19.157827377319336,0.02908162586390972,-0.0014818687923252583,0.07308174669742584,0.08837981522083282,-0.045565467327833176,-0.10127362608909607
1.7764685529091466e+18,0.24078534543514252,16.79854393005371,0.1214151531457901,0.010821018368005753,0.07308174669742584,-0.21931800246238708,-0.045565467327833176,0.23699183762073517
1.7764685529101466e+18,0.025392938405275345,6.130484580993652,-0.0016962187364697456,0.010821018368005753,0.07308174669742584,0.026840249076485634,-0.10713662207126617,-0.13202503323554993
1.7764685529111465e+18,0.21001499891281128,8.592344284057617,0.15219299495220184,0.029275350272655487,0.1961207538843155,0.057610031217336655,-0.045565467327833176,-0.07052221894264221
1.7764685529121464e+18,0.3023260235786438,-38.08041763305664,-0.0940297469496727,-0.026087643578648567,-0.04995724931359291,-0.03469931334257126,-0.045565467327833176,0.08323480933904648
1.776468552913146e+18,-0.18999947607517242,-17.052030563354492,0.02908162586390972,0.0354267954826355,0.07308174669742584,-0.1885482221841812,-0.16870778799057007,-0.13202503323554993
1.776468552914146e+18,0.9485032558441162,2.0273842811584473,0.09063731133937836,0.010821018368005753,0.07308174669742584,0.1191495954990387,-0.16870778799057007,-0.16277644038200378
1.776468552915146e+18,-3.359344959259033,-10.384492874145508,0.059859469532966614,-0.026087643578648567,-0.13198325037956238,0.24222871661186218,-0.045565467327833176,-0.16277644038200378
1.776468552916146e+18,-7.1133270263671875,-8.127788543701172,-0.03247406333684921,-0.007633312605321407,0.07308174669742584,0.1191495954990387,-0.045565467327833176,-0.13202503323554993
1.7764685529171459e+18,-3.9132111072540283,20.081024169921875,0.02908162586390972,0.016972461715340614,-0.04995724931359291,-0.15777844190597534,-0.045565467327833176,-0.07052221894264221
1.7764685529181458e+18,0.9485032558441162,8.592344284057617,0.059859469532966614,0.004669575020670891,0.032068751752376556,0.026840249076485634,0.016005687415599823,-0.16277644038200378
1.7764685529191457e+18,-0.43616223335266113,-6.281393051147461,0.1214151531457901,0.029275350272655487,0.032068751752376556,-0.096238873898983,-0.10713662207126617,-0.13202503323554993
1.7764685529201454e+18,-2.4054641723632812,31.98001480102539,-0.12480759620666504,-0.0014818687923252583,0.032068751752376556,0.14991937577724457,-0.10713662207126617,-0.039770811796188354
1.7764685529211453e+18,-3.8824408054351807,27.774337768554688,-0.12480759620666504,0.004669575020670891,0.1961207538843155,0.18068915605545044,-0.045565467327833176,-0.13202503323554993
1.7764685529221453e+18,-3.636277914047241,-3.511800527572632,0.1214151531457901,-0.0014818687923252583,-0.21400925517082214,-0.12700866162776947,-0.10713662207126617,0.17548903822898865
1.7764685529231452e+18,-4.867091655731201,30.44135093688965,0.1214151531457901,0.029275350272655487,-0.008944249711930752,-0.096238873898983,-0.10713662207126617,-0.10127362608909607
1.7764685529241452e+18,-6.220986843109131,-12.436042785644531,-0.06325190514326096,0.029275350272655487,-0.008944249711930752,-0.21931800246238708,-0.045565467327833176,0.2062404304742813
1.776468552925145e+18,-1.7900573015213013,17.721742630004883,0.059859469532966614,0.004669575020670891,0.07308174669742584,0.08837981522083282,0.016005687415599823,-0.16277644038200378
1.776468552926145e+18,-3.082411766052246,34.23672103881836,-0.15558543801307678,-0.007633312605321407,-0.0909702479839325,0.08837981522083282,-0.16870778799057007,0.1447376310825348
1.7764685529271447e+18,0.5177184343338013,-25.668540954589844,-0.0016962187364697456,-0.007633312605321407,-0.13198325037956238,-0.1885482221841812,-0.045565467327833176,-0.13202503323554993
1.7764685529281446e+18,-3.082411766052246,-11.102535247802734,0.02908162586390972,-0.026087643578648567,-0.255022257566452,-0.12700866162776947,-0.10713662207126617,-0.009019406512379646
1.7764685529291446e+18,-5.636350154876709,-5.563350677490234,-0.0940297469496727,0.016972461715340614,0.032068751752376556,-0.096238873898983,-0.045565467327833176,0.08323480933904648
1.7764685529301448e+18,0.8561922311782837,-18.38553810119629,-0.03247406333684921,-0.007633312605321407,0.07308174669742584,-0.25008776783943176,-0.10713662207126617,-0.13202503323554993
1.7764685529311447e+18,-3.174722909927368,-16.128833770751953,-0.06325190514326096,0.053881123661994934,-0.0909702479839325,-0.15777844190597534,-0.045565467327833176,0.17548903822898865
1.7764685529321446e+18,-0.8054063320159912,12.182557106018066,-0.0016962187364697456,0.010821018368005753,0.032068751752376556,0.1191495954990387,-0.045565467327833176,-0.2242792546749115
1.7764685529331446e+18,-4.128603458404541,-18.488115310668945,0.09063731133937836,-0.013784755952656269,-0.255022257566452,-0.25008776783943176,-0.10713662207126617,-0.009019406512379646
1.7764685529341445e+18,-3.267033815383911,-38.7984619140625,-0.0940297469496727,-0.03223908692598343,-0.17299625277519226,-0.06546909362077713,-0.10713662207126617,-0.07052221894264221
1.7764685529351444e+18,-0.22076980769634247,-9.050985336303711,0.09063731133937836,-0.0014818687923252583,0.032068751752376556,-0.25008776783943176,-0.10713662207126617,-0.16277644038200378
1.7764685529361446e+18,-3.082411766052246,-9.050985336303711,0.059859469532966614,-0.019936200231313705,-0.21400925517082214,0.057610031217336655,-0.045565467327833176,-0.07052221894264221
1.7764685529371446e+18,-3.5439670085906982,-28.54071044921875,-0.12480759620666504,-0.007633312605321407,-0.0909702479839325,-0.06546909362077713,-0.10713662207126617,0.11398621648550034
1.7764685529381445e+18,0.5177184343338013,-17.257184982299805,-0.0016962187364697456,-0.019936200231313705,-0.04995724931359291,-0.06546909362077713,-0.045565467327833176,0.08323480933904648
1.7764685529391444e+18,2.9793460369110107,15.157304763793945,-0.0016962187364697456,-0.0014818687923252583,0.032068751752376556,0.08837981522083282,-0.045565467327833176,0.02173200063407421
1.7764685529401444e+18,-2.159301519393921,9.207809448242188,0.059859469532966614,0.010821018368005753,0.07308174669742584,0.057610031217336655,-0.10713662207126617,-0.16277644038200378
1.7764685529411443e+18,-4.313225746154785,9.720696449279785,-0.03247406333684921,-0.007633312605321407,-0.04995724931359291,-0.003929531201720238,-0.10713662207126617,0.05248340591788292
1.7764685529421445e+18,-0.3438511788845062,-0.33189812302589417,0.1214151531457901,-0.0014818687923252583,0.07308174669742584,-0.06546909362077713,-0.045565467327833176,-0.13202503323554993
1.7764685529431444e+18,-1.4208132028579712,-2.8963356018066406,0.059859469532966614,0.016972461715340614,-0.04995724931359291,-0.1885482221841812,-0.045565467327833176,0.17548903822898865
1.7764685529441444e+18,-3.5131967067718506,13.00317668914795,-0.21714112162590027,-0.013784755952656269,0.032068751752376556,0.1191495954990387,-0.045565467327833176,0.17548903822898865
1.7764685529451443e+18,0.8561922311782837,8.489767074584961,-0.03247406333684921,0.004669575020670891,0.11409474909305573,-0.21931800246238708,-0.16870778799057007,0.1447376310825348
1.7764685529461443e+18,0.27155569195747375,-1.049940586090088,0.09063731133937836,0.010821018368005753,0.11409474909305573,-0.06546909362077713,-0.10713662207126617,-0.16277644038200378
1.7764685529471444e+18,-4.713240146636963,-12.02573299407959,-0.12480759620666504,-0.03223908692598343,-0.17299625277519226,-0.1885482221841812,-0.10713662207126617,0.2677432596683502
1.7764685529481444e+18,-4.990172863006592,-6.896858215332031,-0.03247406333684921,-0.007633312605321407,0.032068751752376556,0.08837981522083282,-0.10713662207126617,-0.16277644038200378
1.7764685529491443e+18,-3.574737310409546,-1.6654056310653687,0.15219299495220184,-0.026087643578648567,0.1551077514886856,-0.15777844190597534,-0.045565467327833176,0.05248340591788292
1.7764685529501443e+18,-1.8823683261871338,-2.998913049697876,-0.18636327981948853,0.004669575020670891,0.1551077514886856,-0.003929531201720238,-0.16870778799057007,-0.07052221894264221
1.7764685529511442e+18,-2.6823973655700684,22.95319366455078,-0.12480759620666504,-0.019936200231313705,0.11409474909305573,0.14991937577724457,-0.10713662207126617,0.05248340591788292
1.7764685529521441e+18,0.17924465239048004,-18.488115310668945,-0.0940297469496727,-0.013784755952656269,-0.008944249711930752,0.08837981522083282,-0.10713662207126617,-0.16277644038200378
1.7764685529531443e+18,0.3638667166233063,-18.282960891723633,-0.18636327981948853,-0.019936200231313705,-0.04995724931359291,-0.12700866162776947,-0.045565467327833176,-0.009019406512379646
1.7764685529541443e+18,-2.8362491130828857,28.697534561157227,-0.06325190514326096,0.004669575020670891,0.1551077514886856,0.14991937577724457,-0.10713662207126617,-0.07052221894264221
1.7764685529551442e+18,-0.6515546441078186,-24.642765045166016,0.059859469532966614,-0.019936200231313705,-0.17299625277519226,-0.03469931334257126,-0.10713662207126617,-0.07052221894264221
1.776468552956144e+18,-5.174795150756836,-18.795848846435547,-0.15558543801307678,-0.026087643578648567,0.36017274856567383,-0.06546909362077713,-0.10713662207126617,-0.13202503323554993
1.776468552957144e+18,-0.8669470548629761,-10.076760292053223,0.02908162586390972,-0.026087643578648567,0.23713375627994537,-0.21931800246238708,-0.10713662207126617,0.08323480933904648
1.7764685529581443e+18,-1.7592869997024536,-17.257184982299805,-0.15558543801307678,-0.026087643578648567,0.1551077514886856,-0.1885482221841812,-0.16870778799057007,0.05248340591788292
1.7764685529591442e+18,-1.2054208517074585,12.387711524963379,0.1214151531457901,-0.0014818687923252583,0.11409474909305573,-0.15777844190597534,-0.10713662207126617,0.23699183762073517
1.7764685529601441e+18,-4.159373760223389,7.976879596710205,-0.0940297469496727,0.010821018368005753,0.31915974617004395,-0.06546909362077713,-0.16870778799057007,-0.13202503323554993
1.776468552961144e+18,-2.8362491130828857,-8.743252754211426,0.059859469532966614,0.004669575020670891,-0.17299625277519226,-0.1885482221841812,-0.045565467327833176,0.1447376310825348
1.776468552962144e+18,-0.5592436194419861,-11.512845993041992,-0.15558543801307678,-0.013784755952656269,0.1551077514886856,0.057610031217336655,-0.16870778799057007,-0.07052221894264221
1.776468552963144e+18,0.3638667166233063,-19.821622848510742,0.24452653527259827,0.010821018368005753,-0.21400925517082214,-0.25008776783943176,-0.10713662207126617,0.08323480933904648
1.776468552964144e+18,0.3946370482444763,-6.589125633239746,0.21374869346618652,0.029275350272655487,-0.17299625277519226,-0.1885482221841812,-0.10713662207126617,0.05248340591788292
1.776468552965144e+18,-1.8515980243682861,-17.46234130859375,0.24452653527259827,-0.0014818687923252583,-0.17299625277519226,-0.1885482221841812,-0.045565467327833176,0.17548903822898865
1.776468552966144e+18,-3.020871162414551,-21.15513038635254,-0.15558543801307678,-0.019936200231313705,0.1551077514886856,0.057610031217336655,-0.045565467327833176,-0.16277644038200378
1.776468552967144e+18,-2.4977753162384033,-19.308734893798828,0.1214151531457901,0.010821018368005753,0.032068751752376556,0.08837981522083282,-0.10713662207126617,-0.19352784752845764
1.776468552968144e+18,-0.2515401542186737,4.078934192657471,0.1214151531457901,-0.0014818687923252583,0.11409474909305573,-0.21931800246238708,-0.10713662207126617,-0.13202503323554993
1.776468552969144e+18,-3.174722909927368,-6.281393051147461,-0.06325190514326096,-0.013784755952656269,0.07308174669742584,-0.003929531201720238,-0.16870778799057007,0.23699183762073517
1.776468552970144e+18,0.42540740966796875,-36.02886962890625,-0.03247406333684921,-0.019936200231313705,-0.17299625277519226,-0.096238873898983,-0.045565467327833176,-0.10127362608909607
1.776468552971144e+18,-3.082411766052246,19.260404586791992,-0.03247406333684921,0.0354267954826355,-0.0909702479839325,-0.1885482221841812,-0.10713662207126617,-0.07052221894264221
1.7764685529721439e+18,-0.8054063320159912,31.36454963684082,0.1214151531457901,-0.007633312605321407,-0.0909702479839325,-0.06546909362077713,-0.10713662207126617,0.02173200063407421
1.7764685529731438e+18,-4.620928764343262,-12.846353530883789,0.24452653527259827,-0.026087643578648567,-0.255022257566452,0.026840249076485634,-0.045565467327833176,0.08323480933904648
1.7764685529741437e+18,-2.5900862216949463,-39.00361633300781,0.02908162586390972,-0.019936200231313705,-0.17299625277519226,-0.096238873898983,-0.16870778799057007,-0.07052221894264221
1.776468552975144e+18,-2.897789716720581,20.59391212463379,0.1829708367586136,-0.0014818687923252583,-0.17299625277519226,-0.06546909362077713,-0.045565467327833176,-0.009019406512379646
1.776468552976144e+18,0.42540740966796875,6.335639476776123,0.059859469532966614,-0.026087643578648567,-0.17299625277519226,-0.15777844190597534,-0.10713662207126617,0.1447376310825348
1.7764685529771438e+18,0.025392938405275345,1.3093419075012207,0.059859469532966614,0.010821018368005753,0.07308174669742584,0.14991937577724457,0.016005687415599823,-0.07052221894264221
1.7764685529781437e+18,-3.8208999633789062,-12.333465576171875,-0.0016962187364697456,-0.026087643578648567,-0.255022257566452,-0.12700866162776947,-0.045565467327833176,-0.13202503323554993
1.7764685529791437e+18,0.8254218697547913,1.1041868925094604,0.02908162586390972,-0.03223908692598343,-0.17299625277519226,0.1191495954990387,-0.045565467327833176,0.02173200063407421
1.7764685529801436e+18,-3.0516414642333984,-1.4602506160736084,0.02908162586390972,0.004669575020670891,-0.21400925517082214,0.2114589363336563,-0.10713662207126617,-0.19352784752845764
1.7764685529811438e+18,-2.713167667388916,2.0273842811584473,-0.06325190514326096,-0.0014818687923252583,0.1551077514886856,0.18068915605545044,-0.16870778799057007,-0.19352784752845764
1.7764685529821437e+18,-1.3285021781921387,7.771724224090576,0.09063731133937836,0.004669575020670891,0.1551077514886856,-0.1885482221841812,-0.10713662207126617,0.2677432596683502
1.7764685529831437e+18,-0.09768843650817871,-26.489160537719727,-0.0940297469496727,-0.013784755952656269,0.1551077514886856,0.057610031217336655,-0.10713662207126617,-0.07052221894264221
1.7764685529841436e+18,0.7023404836654663,-21.36028480529785,-0.06325190514326096,-0.007633312605321407,-0.04995724931359291,0.1191495954990387,-0.045565467327833176,-0.19352784752845764
1.7764685529851436e+18,-0.6823249459266663,-19.719045639038086,-0.03247406333684921,-0.026087643578648567,-0.17299625277519226,0.026840249076485634,-0.10713662207126617,0.17548903822898865
1.7764685529861437e+18,1.8408432006835938,22.029996871948242,-0.0016962187364697456,-0.007633312605321407,0.07308174669742584,0.1191495954990387,-0.10713662207126617,0.08323480933904648
1.7764685529871437e+18,-2.4670050144195557,12.490289688110352,-0.06325190514326096,-0.0014818687923252583,-0.0909702479839325,-0.003929531201720238,-0.10713662207126617,0.08323480933904648
1.7764685529881436e+18,-3.574737310409546,-5.255618095397949,-0.18636327981948853,-0.026087643578648567,-0.17299625277519226,-0.15777844190597534,-0.16870778799057007,-0.07052221894264221
1.7764685529891436e+18,-1.9746793508529663,16.901121139526367,0.09063731133937836,0.023123906925320625,-0.0909702479839325,-0.15777844190597534,-0.10713662207126617,-0.039770811796188354
1.7764685529901435e+18,-1.7592869997024536,-18.07780647277832,0.059859469532966614,-0.03839053213596344,-0.21400925517082214,0.3037682771682739,-0.045565467327833176,-0.19352784752845764
1.7764685529911434e+18,-2.251612424850464,21.106800079345703,0.09063731133937836,0.010821018368005753,-0.13198325037956238,0.24222871661186218,-0.10713662207126617,-0.10127362608909607
1.7764685529921436e+18,-4.990172863006592,3.053159475326538,-0.0940297469496727,-0.019936200231313705,0.27814674377441406,-0.06546909362077713,-0.045565467327833176,-0.13202503323554993
1.7764685529931436e+18,-0.005377406254410744,22.1325740814209,0.09063731133937836,0.023123906925320625,0.1551077514886856,0.18068915605545044,-0.045565467327833176,-0.009019406512379646
1.7764685529941435e+18,-0.18999947607517242,27.158872604370117,-0.0016962187364697456,0.004669575020670891,0.07308174669742584,0.14991937577724457,-0.10713662207126617,0.05248340591788292
1.7764685529951434e+18,-1.9439090490341187,-18.795848846435547,0.24452653527259827,0.023123906925320625,-0.13198325037956238,-0.28085756301879883,-0.10713662207126617,-0.10127362608909607
1.7764685529961434e+18,0.17924465239048004,-14.590170860290527,0.02908162586390972,-0.019936200231313705,-0.17299625277519226,0.057610031217336655,0.016005687415599823,-0.16277644038200378
1.7764685529971436e+18,-4.128603458404541,-11.307690620422363,-0.0016962187364697456,-0.0014818687923252583,-0.008944249711930752,0.057610031217336655,0.016005687415599823,-0.19352784752845764
1.7764685529981435e+18,-2.805478572845459,26.543407440185547,-0.06325190514326096,-0.0014818687923252583,-0.008944249711930752,-0.003929531201720238,-0.10713662207126617,-0.13202503323554993
1.7764685529991434e+18,-1.543894648551941,-6.896858215332031,0.059859469532966614,-0.026087643578648567,0.1961207538843155,-0.1885482221841812,-0.045565467327833176,0.05248340591788292
1.7764685530001434e+18,-1.3900429010391235,-20.23193359375,-0.06325190514326096,-0.013784755952656269,-0.13198325037956238,0.2114589363336563,-0.16870778799057007,-0.039770811796188354
1.7764685530011433e+18,-4.313225746154785,16.285655975341797,-0.12480759620666504,0.004669575020670891,-0.13198325037956238,-0.03469931334257126,-0.10713662207126617,-0.13202503323554993
1.7764685530021432e+18,0.7946515083312988,20.388757705688477,-0.0016962187364697456,-0.007633312605321407,0.1551077514886856,0.057610031217336655,-0.10713662207126617,0.08323480933904648
1.7764685530031434e+18,-4.651699542999268,-7.614900588989258,0.1829708367586136,-0.026087643578648567,-0.008944249711930752,0.2114589363336563,-0.16870778799057007,-0.13202503323554993
1.7764685530041434e+18,0.17924465239048004,5.6175971031188965,0.09063731133937836,0.004669575020670891,-0.008944249711930752,-0.28085756301879883,-0.10713662207126617,-0.07052221894264221
1.7764685530051433e+18,-0.09768843650817871,-16.539142608642578,-0.0016962187364697456,-0.026087643578648567,-0.21400925517082214,-0.15777844190597534,-0.045565467327833176,-0.07052221894264221
1.7764685530061432e+18,-5.72866153717041,-18.693269729614258,-0.0016962187364697456,-0.03223908692598343,0.1551077514886856,-0.06546909362077713,-0.10713662207126617,-0.10127362608909607
1.7764685530071432e+18,-4.805551052093506,21.20937728881836,-0.06325190514326096,-0.013784755952656269,-0.04995724931359291,-0.003929531201720238,-0.10713662207126617,0.08323480933904648
1.7764685530081434e+18,-3.943981409072876,-9.153563499450684,-0.12480759620666504,-0.026087643578648567,-0.17299625277519226,0.24222871661186218,-0.045565467327833176,-0.19352784752845764
1.7764685530091433e+18,-2.6516270637512207,2.745426893234253,0.059859469532966614,0.010821018368005753,0.07308174669742584,-0.21931800246238708,-0.10713662207126617,-0.16277644038200378
1.7764685530101432e+18,-0.3438511788845062,-36.54175567626953,-0.0940297469496727,-0.019936200231313705,-0.04995724931359291,-0.003929531201720238,-0.045565467327833176,0.02173200063407421
1.7764685530111432e+18,-1.2054208517074585,-9.87160587310791,-0.18636327981948853,0.010821018368005753,0.032068751752376556,-0.12700866162776947,-0.045565467327833176,-0.009019406512379646
1.776468553012143e+18,-1.913138747215271,16.18307876586914,-0.12480759620666504,-0.0014818687923252583,0.1551077514886856,0.026840249076485634,-0.10713662207126617,-0.10127362608909607
1.776468553013143e+18,-1.8515980243682861,-41.465476989746094,-0.06325190514326096,-0.007633312605321407,0.032068751752376556,0.08837981522083282,-0.10713662207126617,-0.13202503323554993
1.7764685530141432e+18,-2.8670194149017334,-20.53966522216797,-0.06325190514326096,-0.007633312605321407,-0.0909702479839325,-0.03469931334257126,-0.045565467327833176,0.08323480933904648
1.7764685530151432e+18,-1.543894648551941,-17.35976219177246,0.02908162586390972,-0.019936200231313705,-0.21400925517082214,-0.25008776783943176,-0.23027893900871277,-0.07052221894264221
1.776468553016143e+18,-6.190216541290283,39.6733283996582,-0.15558543801307678,-0.013784755952656269,-0.008944249711930752,0.18068915605545044,-0.10713662207126617,-0.07052221894264221
1.776468553017143e+18,-1.3285021781921387,-28.643287658691406,-0.18636327981948853,-0.013784755952656269,0.11409474909305573,0.18068915605545044,-0.045565467327833176,-0.16277644038200378
1.776468553018143e+18,-4.282454967498779,10.131007194519043,-0.06325190514326096,-0.007633312605321407,-0.008944249711930752,-0.003929531201720238,-0.10713662207126617,0.02173200063407421
1.7764685530191432e+18,0.24078534543514252,-21.052553176879883,-0.06325190514326096,-0.026087643578648567,-0.13198325037956238,-0.12700866162776947,-0.10713662207126617,0.05248340591788292
1.776468553020143e+18,-3.174722909927368,7.976879596710205,-0.03247406333684921,-0.007633312605321407,0.07308174669742584,0.1191495954990387,-0.045565467327833176,0.11398621648550034
1.776468553021143e+18,-0.03614775091409683,-15.615945816040039,-0.15558543801307678,-0.026087643578648567,-0.17299625277519226,0.026840249076485634,-0.045565467327833176,0.1447376310825348
1.776468553022143e+18,-0.18999947607517242,8.694921493530273,0.09063731133937836,0.004669575020670891,0.1551077514886856,-0.12700866162776947,-0.10713662207126617,-0.13202503323554993
1.776468553023143e+18,-0.28231048583984375,7.5665693283081055,0.1214151531457901,0.010821018368005753,-0.17299625277519226,-0.12700866162776947,-0.10713662207126617,0.08323480933904648
1.7764685530241428e+18,-0.9900283813476562,23.97896957397461,0.1214151531457901,0.010821018368005753,-0.17299625277519226,-0.12700866162776947,-0.045565467327833176,-0.16277644038200378
1.776468553025143e+18,-2.897789716720581,11.874824523925781,-0.06325190514326096,-0.007633312605321407,-0.008944249711930752,0.1191495954990387,-0.045565467327833176,0.05248340591788292
1.776468553026143e+18,-2.897789716720581,-17.97522735595703,0.1829708367586136,0.010821018368005753,0.07308174669742584,-0.1885482221841812,-0.045565467327833176,-0.16277644038200378
1.776468553027143e+18,1.0408142805099487,-1.9731380939483643,0.059859469532966614,0.010821018368005753,-0.17299625277519226,0.08837981522083282,0.016005687415599823,-0.16277644038200378
1.7764685530281428e+18,-4.436306953430176,-10.076760292053223,-0.06325190514326096,-0.026087643578648567,0.07308174669742584,0.24222871661186218,-0.16870778799057007,-0.19352784752845764
1.7764685530291428e+18,0.7946515083312988,-1.049940586090088,0.1214151531457901,-0.013784755952656269,-0.13198325037956238,-0.06546909362077713,-0.10713662207126617,0.08323480933904648
1.776468553030143e+18,0.3638667166233063,6.335639476776123,-0.12480759620666504,0.010821018368005753,-0.008944249711930752,-0.096238873898983,-0.10713662207126617,-0.009019406512379646
1.776468553031143e+18,-1.728516697883606,-13.461817741394043,-0.15558543801307678,-0.03223908692598343,0.1551077514886856,-0.096238873898983,-0.045565467327833176,-0.13202503323554993
1.776468553032143e+18,-5.851742744445801,8.387188911437988,-0.03247406333684921,-0.007633312605321407,0.07308174669742584,0.057610031217336655,-0.045565467327833176,-0.13202503323554993
1.776468553033143e+18,-2.713167667388916,22.74803924560547,-0.06325190514326096,-0.013784755952656269,-0.008944249711930752,0.026840249076485634,-0.045565467327833176,0.08323480933904648
1.776468553034143e+18,-4.067062854766846,17.721742630004883,0.059859469532966614,0.0354267954826355,0.07308174669742584,-0.096238873898983,-0.10713662207126617,-0.07052221894264221
1.7764685530351432e+18,-1.3285021781921387,9.310386657714844,0.059859469532966614,0.010821018368005753,-0.008944249711930752,-0.25008776783943176,-0.16870778799057007,0.17548903822898865
1.776468553036143e+18,1.3177473545074463,23.876392364501953,-0.0016962187364697456,0.004669575020670891,0.032068751752376556,0.1191495954990387,-0.10713662207126617,0.11398621648550034
1.7764685530371433e+18,-4.067062854766846,9.618119239807129,-0.03247406333684921,-0.007633312605321407,-0.04995724931359291,0.026840249076485634,-0.10713662207126617,0.05248340591788292
1.7764685530381432e+18,-4.590158462524414,16.18307876586914,-0.06325190514326096,-0.0014818687923252583,0.07308174669742584,0.08837981522083282,-0.16870778799057007,-0.2242792546749115
1.7764685530391434e+18,-2.6516270637512207,-31.310302734375,-0.0940297469496727,-0.013784755952656269,-0.0909702479839325,-0.12700866162776947,-0.10713662207126617,-0.009019406512379646
1.7764685530401434e+18,-1.543894648551941,20.901643753051758,-0.0016962187364697456,-0.0014818687923252583,0.07308174669742584,0.057610031217336655,-0.045565467327833176,-0.009019406512379646
1.7764685530411433e+18,-3.8824408054351807,-43.31187057495117,-0.0940297469496727,-0.026087643578648567,-0.04995724931359291,0.026840249076485634,-0.10713662207126617,0.02173200063407421
1.7764685530421435e+18,-2.805478572845459,-35.721134185791016,-0.06325190514326096,-0.007633312605321407,-0.0909702479839325,0.057610031217336655,-0.045565467327833176,0.08323480933904648
1.7764685530431434e+18,0.21001499891281128,21.517108917236328,0.02908162586390972,0.010821018368005753,0.11409474909305573,0.2114589363336563,0.016005687415599823,0.05248340591788292
1.7764685530441436e+18,-4.559388160705566,-6.9994354248046875,-0.0940297469496727,-0.013784755952656269,-0.0909702479839325,-0.06546909362077713,-0.10713662207126617,-0.009019406512379646
1.7764685530451436e+18,-5.236335754394531,-5.768505573272705,-0.03247406333684921,-0.007633312605321407,0.07308174669742584,0.1191495954990387,-0.16870778799057007,-0.13202503323554993
1.7764685530461435e+18,-2.3131532669067383,2.0273842811584473,-0.0940297469496727,-0.03223908692598343,0.032068751752376556,0.3037682771682739,0.016005687415599823,-0.13202503323554993
1.7764685530471437e+18,0.9485032558441162,-16.641719818115234,0.15219299495220184,0.016972461715340614,-0.0909702479839325,-0.15777844190597534,-0.045565467327833176,-0.07052221894264221
1.7764685530481436e+18,-4.805551052093506,16.18307876586914,-0.18636327981948853,-0.007633312605321407,0.07308174669742584,0.2114589363336563,-0.045565467327833176,-0.13202503323554993
1.7764685530491438e+18,-6.1594462394714355,-16.744298934936523,-0.06325190514326096,-0.013784755952656269,0.1961207538843155,-0.1885482221841812,-0.10713662207126617,-0.039770811796188354
1.7764685530501437e+18,-1.0823394060134888,0.38614436984062195,-0.15558543801307678,-0.0014818687923252583,0.11409474909305573,0.057610031217336655,-0.16870778799057007,-0.19352784752845764
1.776468553051144e+18,-2.5900862216949463,-39.10619354248047,-0.06325190514326096,-0.013784755952656269,0.1551077514886856,-0.1885482221841812,-0.045565467327833176,-0.10127362608909607
1.7764685530521439e+18,-4.190144062042236,3.1557369232177734,-0.06325190514326096,0.010821018368005753,-0.17299625277519226,-0.003929531201720238,-0.045565467327833176,-0.009019406512379646
1.7764685530531438e+18,-1.482353925704956,2.4376943111419678,-0.0016962187364697456,0.010821018368005753,-0.008944249711930752,-0.25008776783943176,-0.045565467327833176,-0.16277644038200378
1.776468553054144e+18,-0.43616223335266113,-19.61646842956543,-0.21714112162590027,-0.0014818687923252583,0.07308174669742584,-0.1885482221841812,-0.045565467327833176,-0.009019406512379646
1.776468553055144e+18,-1.482353925704956,22.95319366455078,-0.03247406333684921,-0.0014818687923252583,0.07308174669742584,0.1191495954990387,-0.10713662207126617,-0.16277644038200378
1.7764685530561441e+18,-5.113254547119141,-16.436565399169922,-0.18636327981948853,-0.03223908692598343,0.27814674377441406,-0.15777844190597534,-0.10713662207126617,0.17548903822898865
1.776468553057144e+18,-5.851742744445801,-1.4602506160736084,-0.0940297469496727,-0.0014818687923252583,0.07308174669742584,-0.25008776783943176,-0.10713662207126617,0.02173200063407421
1.7764685530581443e+18,-1.3900429010391235,-12.846353530883789,-0.12480759620666504,-0.026087643578648567,-0.0909702479839325,0.1191495954990387,-0.045565467327833176,0.02173200063407421
1.7764685530591442e+18,-2.343923568725586,-18.693269729614258,-0.21714112162590027,-0.019936200231313705,0.07308174669742584,-0.06546909362077713,-0.10713662207126617,-0.039770811796188354
1.776468553060144e+18,1.0715845823287964,10.02842903137207,-0.03247406333684921,-0.007633312605321407,0.032068751752376556,0.057610031217336655,-0.045565467327833176,-0.009019406512379646
1.7764685530611443e+18,-1.4515835046768188,34.03156280517578,0.1214151531457901,-0.019936200231313705,-0.0909702479839325,-0.003929531201720238,0.016005687415599823,0.02173200063407421
1.7764685530621443e+18,-2.0054497718811035,3.6686244010925293,0.09063731133937836,0.010821018368005753,-0.17299625277519226,-0.1885482221841812,-0.045565467327833176,0.2677432596683502
1.7764685530631444e+18,-2.528545618057251,-9.769027709960938,0.059859469532966614,-0.026087643578648567,-0.21400925517082214,-0.15777844190597534,-0.045565467327833176,0.02173200063407421
1.7764685530641444e+18,1.7793024778366089,-13.051507949829102,0.02908162586390972,-0.026087643578648567,-0.04995724931359291,-0.096238873898983,-0.10713662207126617,0.05248340591788292
1.7764685530651443e+18,-1.8515980243682861,-6.794280529022217,-0.15558543801307678,-0.03223908692598343,-0.17299625277519226,0.057610031217336655,-0.045565467327833176,0.17548903822898865
1.7764685530661445e+18,-1.543894648551941,10.131007194519043,0.059859469532966614,0.010821018368005753,0.032068751752376556,0.1191495954990387,0.016005687415599823,-0.13202503323554993
1.7764685530671444e+18,-0.8977173566818237,-7.717478275299072,0.1214151531457901,0.016972461715340614,-0.04995724931359291,-0.15777844190597534,-0.045565467327833176,-0.07052221894264221
1.7764685530681446e+18,-3.3285744190216064,-12.538620948791504,-0.18636327981948853,0.010821018368005753,-0.008944249711930752,-0.15777844190597534,-0.10713662207126617,-0.039770811796188354
1.7764685530691446e+18,-3.1131820678710938,-33.669586181640625,-0.06325190514326096,-0.019936200231313705,-0.17299625277519226,-0.03469931334257126,-0.10713662207126617,-0.039770811796188354
1.7764685530701448e+18,-0.06691809743642807,-22.898948669433594,-0.18636327981948853,-0.013784755952656269,0.07308174669742584,0.18068915605545044,-0.10713662207126617,-0.13202503323554993
1.7764685530711447e+18,-2.9593303203582764,-11.41026782989502,-0.0016962187364697456,-0.007633312605321407,0.07308174669742584,-0.21931800246238708,-0.16870778799057007,-0.009019406512379646
1.7764685530721446e+18,-2.436234474182129,-31.412879943847656,-0.06325190514326096,-0.026087643578648567,-0.0909702479839325,-0.096238873898983,-0.045565467327833176,-0.039770811796188354
1.7764685530731448e+18,-1.4208132028579712,28.082069396972656,-0.06325190514326096,-0.0014818687923252583,-0.008944249711930752,0.1191495954990387,-0.045565467327833176,0.08323480933904648
1.7764685530741448e+18,-1.3900429010391235,26.3382511138916,-0.0016962187364697456,0.010821018368005753,0.11409474909305573,0.1191495954990387,-0.045565467327833176,-0.19352784752845764
1.776468553075145e+18,-5.051713943481445,-5.665927886962891,-0.06325190514326096,-0.007633312605321407,0.11409474909305573,0.08837981522083282,-0.10713662207126617,0.2062404304742813
1.776468553076145e+18,-0.7746359705924988,20.286178588867188,0.09063731133937836,0.010821018368005753,-0.04995724931359291,-0.12700866162776947,-0.045565467327833176,-0.009019406512379646
1.7764685530771448e+18,-2.528545618057251,-16.026256561279297,0.059859469532966614,-0.013784755952656269,-0.21400925517082214,-0.21931800246238708,-0.10713662207126617,-0.16277644038200378
1.776468553078145e+18,1.2869770526885986,-15.718523025512695,0.21374869346618652,0.016972461715340614,-0.008944249711930752,-0.06546909362077713,-0.045565467327833176,-0.16277644038200378
1.776468553079145e+18,-2.528545618057251,14.336684226989746,-0.06325190514326096,-0.007633312605321407,-0.008944249711930752,0.08837981522083282,-0.045565467327833176,0.23699183762073517
1.7764685530801452e+18,-0.9284877181053162,-11.512845993041992,0.02908162586390972,-0.007633312605321407,-0.255022257566452,-0.1885482221841812,-0.045565467327833176,-0.10127362608909607
1.776468553081145e+18,-3.020871162414551,10.64389419555664,-0.06325190514326096,-0.013784755952656269,-0.04995724931359291,-0.096238873898983,0.016005687415599823,-0.039770811796188354
1.7764685530821453e+18,-0.8669470548629761,17.106277465820312,0.059859469532966614,0.016972461715340614,-0.17299625277519226,-0.12700866162776947,-0.045565467327833176,-0.16277644038200378
1.7764685530831452e+18,0.7946515083312988,-16.641719818115234,-0.12480759620666504,-0.013784755952656269,-0.21400925517082214,-0.003929531201720238,-0.10713662207126617,-0.07052221894264221
1.7764685530841452e+18,-1.913138747215271,-36.54175567626953,-0.12480759620666504,-0.007633312605321407,-0.008944249711930752,0.026840249076485634,-0.10713662207126617,0.11398621648550034
1.7764685530851453e+18,0.8561922311782837,-14.385015487670898,0.1829708367586136,0.0354267954826355,-0.17299625277519226,-0.25008776783943176,-0.10713662207126617,0.05248340591788292
1.7764685530861453e+18,-0.5592436194419861,22.1325740814209,-0.06325190514326096,-0.007633312605321407,-0.04995724931359291,0.1191495954990387,-0.045565467327833176,0.05248340591788292
1.7764685530871455e+18,-4.036292552947998,-22.283483505249023,-0.12480759620666504,-0.013784755952656269,-0.0909702479839325,-0.06546909362077713,-0.045565467327833176,-0.009019406512379646
1.7764685530881454e+18,-2.7439379692077637,-9.666450500488281,-0.15558543801307678,-0.019936200231313705,0.23713375627994537,0.18068915605545044,-0.10713662207126617,-0.19352784752845764
1.7764685530891453e+18,-1.6054352521896362,10.02842903137207,0.059859469532966614,0.010821018368005753,-0.0909702479839325,-0.1885482221841812,-0.10713662207126617,-0.039770811796188354
1.7764685530901455e+18,-1.3285021781921387,-8.332942962646484,-0.12480759620666504,0.023123906925320625,-0.0909702479839325,-0.12700866162776947,-0.16870778799057007,0.05248340591788292
1.7764685530911455e+18,-1.4208132028579712,14.439261436462402,0.059859469532966614,0.010821018368005753,0.11409474909305573,-0.003929531201720238,-0.045565467327833176,-0.13202503323554993
1.7764685530921457e+18,-0.18999947607517242,3.360891819000244,0.09063731133937836,0.010821018368005753,0.1551077514886856,-0.1885482221841812,-0.10713662207126617,-0.10127362608909607
1.7764685530931456e+18,1.2869770526885986,19.157827377319336,0.15219299495220184,0.010821018368005753,0.1551077514886856,-0.06546909362077713,-0.045565467327833176,-0.13202503323554993
1.7764685530941458e+18,-2.2823827266693115,29.312999725341797,-0.0016962187364697456,0.004669575020670891,0.1551077514886856,0.1191495954990387,-0.045565467327833176,-0.13202503323554993
1.7764685530951457e+18,-1.913138747215271,-8.230365753173828,0.1214151531457901,0.004669575020670891,-0.008944249711930752,0.1191495954990387,-0.045565467327833176,-0.2242792546749115
1.7764685530961457e+18,-2.620856523513794,34.339298248291016,0.1214151531457901,0.010821018368005753,-0.17299625277519226,-0.003929531201720238,-0.045565467327833176,0.05248340591788292
1.7764685530971459e+18,1.010043978691101,28.492380142211914,0.02908162586390972,0.010821018368005753,-0.13198325037956238,-0.15777844190597534,-0.045565467327833176,-0.19352784752845764
1.7764685530981458e+18,-1.5746649503707886,8.694921493530273,0.1214151531457901,0.010821018368005753,-0.21400925517082214,-0.15777844190597534,-0.045565467327833176,-0.16277644038200378
1.776468553099146e+18,-4.805551052093506,-20.334510803222656,-0.06325190514326096,-0.007633312605321407,-0.04995724931359291,0.1191495954990387,-0.045565467327833176,-0.009019406512379646
1.776468553100146e+18,-4.990172863006592,-29.874217987060547,-0.0940297469496727,-0.019936200231313705,-0.13198325037956238,-0.06546909362077713,-0.16870778799057007,-0.039770811796188354
1.7764685531011459e+18,-4.251684665679932,-13.461817741394043,0.02908162586390972,0.004669575020670891,-0.21400925517082214,-0.15777844190597534,-0.045565467327833176,-0.009019406512379646
1.776468553102146e+18,-0.9592580795288086,-35.82371139526367,-0.12480759620666504,-0.026087643578648567,-0.13198325037956238,-0.096238873898983,-0.10713662207126617,-0.009019406512379646
1.776468553103146e+18,-3.574737310409546,-15.308213233947754,-0.0940297469496727,0.04157823696732521,-0.21400925517082214,-0.06546909362077713,0.016005687415599823,-0.13202503323554993
1.7764685531041462e+18,-0.1592291295528412,-0.537053108215332,0.059859469532966614,-0.0014818687923252583,-0.0909702479839325,0.27299851179122925,-0.10713662207126617,-0.13202503323554993
1.776468553105146e+18,-0.9900283813476562,11.259359359741211,0.15219299495220184,0.004669575020670891,-0.13198325037956238,-0.06546909362077713,0.016005687415599823,0.05248340591788292
1.7764685531061463e+18,-4.067062854766846,2.0273842811584473,-0.0016962187364697456,0.0354267954826355,-0.008944249711930752,-0.1885482221841812,0.016005687415599823,-0.07052221894264221
1.7764685531071462e+18,-2.897789716720581,-20.129356384277344,0.02908162586390972,-0.026087643578648567,-0.21400925517082214,-0.06546909362077713,-0.10713662207126617,0.11398621648550034
1.7764685531081462e+18,-3.451655864715576,2.4376943111419678,0.02908162586390972,0.004669575020670891,-0.255022257566452,-0.15777844190597534,-0.10713662207126617,0.08323480933904648
1.7764685531091464e+18,-2.159301519393921,-13.051507949829102,-0.18636327981948853,-0.026087643578648567,-0.17299625277519226,-0.06546909362077713,-0.10713662207126617,0.17548903822898865
1.7764685531101463e+18,-0.7130953073501587,2.0273842811584473,0.09063731133937836,0.016972461715340614,-0.21400925517082214,-0.1885482221841812,0.016005687415599823,-0.19352784752845764
1.7764685531111465e+18,-2.528545618057251,-4.024688243865967,-0.0016962187364697456,-0.03223908692598343,-0.17299625277519226,-0.003929531201720238,0.016005687415599823,-0.13202503323554993
1.7764685531121464e+18,-3.2362635135650635,27.466604232788086,0.02908162586390972,0.016972461715340614,-0.17299625277519226,-0.21931800246238708,-0.045565467327833176,-0.13202503323554993
1.7764685531131464e+18,1.6562211513519287,-33.669586181640625,-0.06325190514326096,-0.007633312605321407,0.07308174669742584,-0.25008776783943176,-0.045565467327833176,-0.19352784752845764
1.7764685531141466e+18,-4.467077255249023,-1.049940586090088,0.27530437707901,-0.026087643578648567,0.07308174669742584,-0.096238873898983,-0.10713662207126617,-0.009019406512379646
1.7764685531151465e+18,-4.651699542999268,-31.515459060668945,-0.12480759620666504,-0.026087643578648567,-0.0909702479839325,-0.06546909362077713,-0.16870778799057007,-0.07052221894264221
1.7764685531161467e+18,-0.8054063320159912,-18.282960891723633,0.059859469532966614,-0.026087643578648567,-0.21400925517082214,-0.06546909362077713,-0.10713662207126617,0.2062404304742813
1.7764685531171466e+18,-5.882513046264648,-20.744821548461914,-0.03247406333684921,-0.026087643578648567,0.1551077514886856,-0.12700866162776947,-0.045565467327833176,-0.07052221894264221
1.7764685531181468e+18,-4.343996047973633,-15.923678398132324,-0.15558543801307678,-0.026087643578648567,0.27814674377441406,-0.15777844190597534,-0.045565467327833176,-0.039770811796188354
1.7764685531191468e+18,-0.3130808472633362,-27.822668075561523,-0.0940297469496727,-0.019936200231313705,-0.008944249711930752,-0.003929531201720238,0.016005687415599823,0.05248340591788292
1.7764685531201467e+18,0.42540740966796875,0.5912993550300598,0.15219299495220184,0.016972461715340614,0.07308174669742584,0.1191495954990387,-0.045565467327833176,-0.16277644038200378
1.776468553121147e+18,0.3023260235786438,23.158349990844727,-0.0016962187364697456,-0.0014818687923252583,-0.008944249711930752,0.1191495954990387,-0.045565467327833176,0.08323480933904648
1.7764685531221468e+18,0.6407998204231262,12.490289688110352,0.15219299495220184,0.010821018368005753,-0.04995724931359291,-0.15777844190597534,-0.045565467327833176,-0.07052221894264221
1.776468553123147e+18,-0.12845878303050995,-9.050985336303711,0.09063731133937836,0.004669575020670891,0.1551077514886856,-0.1885482221841812,-0.10713662207126617,-0.16277644038200378
1.776468553124147e+18,-2.3131532669067383,-27.92524528503418,-0.15558543801307678,-0.013784755952656269,-0.008944249711930752,0.1191495954990387,-0.045565467327833176,-0.13202503323554993
1.7764685531251471e+18,-2.0054497718811035,-14.385015487670898,-0.03247406333684921,-0.013784755952656269,-0.21400925517082214,-0.096238873898983,-0.045565467327833176,-0.039770811796188354
1.776468553126147e+18,-0.5284732580184937,-2.7937581539154053,0.02908162586390972,-0.026087643578648567,-0.17299625277519226,-0.12700866162776947,-0.10713662207126617,-0.009019406512379646
1.776468553127147e+18,-0.9900283813476562,-7.512322902679443,0.15219299495220184,0.023123906925320625,0.07308174669742584,-0.06546909362077713,-0.045565467327833176,-0.13202503323554993
1.7764685531281472e+18,0.5792590975761414,11.669669151306152,-0.0016962187364697456,-0.007633312605321407,0.032068751752376556,0.14991937577724457,-0.16870778799057007,0.1447376310825348
1.7764685531291471e+18,-2.343923568725586,1.924806833267212,0.15219299495220184,-0.026087643578648567,-0.04995724931359291,0.1191495954990387,-0.045565467327833176,-0.009019406512379646
1.7764685531301473e+18,-0.5592436194419861,-24.027299880981445,-0.18636327981948853,0.023123906925320625,-0.13198325037956238,-0.03469931334257126,-0.10713662207126617,0.08323480933904648
1.7764685531311473e+18,-0.7130953073501587,-6.486547946929932,-0.0940297469496727,0.004669575020670891,-0.17299625277519226,0.24222871661186218,-0.045565467327833176,-0.039770811796188354
1.7764685531321475e+18,-1.2054208517074585,8.489767074584961,0.02908162586390972,0.010821018368005753,0.07308174669742584,-0.28085756301879883,-0.10713662207126617,0.05248340591788292
1.7764685531331476e+18,-0.22076980769634247,8.900076866149902,0.059859469532966614,0.010821018368005753,-0.255022257566452,-0.1885482221841812,-0.045565467327833176,-0.19352784752845764
1.7764685531341476e+18,-1.6054352521896362,28.697534561157227,-0.0016962187364697456,0.023123906925320625,0.1551077514886856,0.18068915605545044,-0.045565467327833176,0.05248340591788292
1.7764685531351478e+18,-3.851670265197754,-34.182472229003906,-0.06325190514326096,-0.019936200231313705,-0.0909702479839325,-0.06546909362077713,-0.10713662207126617,-0.009019406512379646
1.7764685531361477e+18,1.0408142805099487,18.02947425842285,0.059859469532966614,0.016972461715340614,-0.13198325037956238,-0.03469931334257126,-0.045565467327833176,0.02173200063407421
1.776468553137148e+18,-2.251612424850464,-14.897903442382812,-0.12480759620666504,0.010821018368005753,-0.008944249711930752,-0.12700866162776947,-0.045565467327833176,0.02173200063407421
1.7764685531381478e+18,0.24078534543514252,15.46503734588623,0.1214151531457901,0.023123906925320625,-0.17299625277519226,0.27299851179122925,-0.10713662207126617,-0.07052221894264221
1.776468553139148e+18,-0.6823249459266663,-21.975749969482422,-0.0016962187364697456,-0.026087643578648567,-0.0909702479839325,-0.06546909362077713,-0.10713662207126617,0.08323480933904648
1.776468553140148e+18,-1.8823683261871338,6.951104164123535,0.059859469532966614,-0.03223908692598343,0.1551077514886856,-0.21931800246238708,-0.045565467327833176,0.05248340591788292
1.7764685531411482e+18,-2.9593303203582764,33.21094512939453,0.1214151531457901,0.004669575020670891,-0.17299625277519226,-0.06546909362077713,-0.10713662207126617,-0.009019406512379646
1.776468553142148e+18,-4.590158462524414,-10.79480266571045,-0.06325190514326096,0.04772968217730522,-0.0909702479839325,-0.12700866162776947,-0.045565467327833176,0.1447376310825348
1.7764685531431483e+18,-2.3746938705444336,22.95319366455078,-0.0016962187364697456,0.023123906925320625,0.11409474909305573,-0.12700866162776947,-0.16870778799057007,-0.039770811796188354
1.7764685531441482e+18,1.3792880773544312,-2.998913049697876,-0.0016962187364697456,-0.007633312605321407,-0.17299625277519226,0.08837981522083282,-0.045565467327833176,-0.13202503323554993
1.7764685531451484e+18,0.6715701818466187,4.694399356842041,-0.15558543801307678,0.010821018368005753,0.1961207538843155,-0.096238873898983,-0.10713662207126617,-0.009019406512379646
1.7764685531461484e+18,-2.436234474182129,4.591821670532227,-0.0940297469496727,0.0354267954826355,-0.13198325037956238,-0.1885482221841812,0.016005687415599823,0.17548903822898865
1.7764685531471485e+18,-0.3438511788845062,15.362459182739258,0.09063731133937836,-0.026087643578648567,-0.008944249711930752,-0.1885482221841812,-0.10713662207126617,0.1447376310825348
1.7764685531481487e+18,-2.4054641723632812,-12.948930740356445,-0.0940297469496727,-0.013784755952656269,0.1551077514886856,-0.15777844190597534,-0.16870778799057007,0.08323480933904648
1.7764685531491487e+18,-0.03614775091409683,-19.103580474853516,-0.12480759620666504,0.023123906925320625,-0.04995724931359291,-0.096238873898983,-0.16870778799057007,0.05248340591788292
1.7764685531501489e+18,-3.1131820678710938,18.02947425842285,0.1214151531457901,-0.03839053213596344,0.07308174669742584,-0.06546909362077713,-0.045565467327833176,-0.039770811796188354
1.7764685531511488e+18,-5.051713943481445,-29.15617561340332,-0.03247406333684921,-0.026087643578648567,-0.13198325037956238,-0.096238873898983,-0.16870778799057007,0.1447376310825348
1.776468553152149e+18,-0.6207842826843262,-10.79480266571045,-0.03247406333684921,-0.019936200231313705,-0.0909702479839325,-0.003929531201720238,-0.045565467327833176,-0.19352784752845764
1.776468553153149e+18,-2.9285600185394287,4.181511878967285,-0.0940297469496727,-0.013784755952656269,-0.04995724931359291,-0.003929531201720238,-0.10713662207126617,0.02173200063407421
1.776468553154149e+18,-3.267033815383911,2.232539415359497,0.1829708367586136,-0.026087643578648567,0.11409474909305573,-0.12700866162776947,-0.16870778799057007,0.02173200063407421
1.776468553155149e+18,-2.0977606773376465,-18.38553810119629,-0.06325190514326096,0.04157823696732521,-0.17299625277519226,0.14991937577724457,-0.10713662207126617,-0.13202503323554993
1.7764685531561492e+18,-4.7440104484558105,1.411919355392456,-0.06325190514326096,-0.007633312605321407,-0.008944249711930752,0.057610031217336655,0.016005687415599823,-0.16277644038200378
1.7764685531571492e+18,-1.0515691041946411,-16.84687614440918,-0.06325190514326096,-0.019936200231313705,-0.0909702479839325,-0.03469931334257126,-0.10713662207126617,0.1447376310825348
1.7764685531581494e+18,-5.35941743850708,10.64389419555664,-0.06325190514326096,0.010821018368005753,0.07308174669742584,-0.1885482221841812,0.016005687415599823,-0.13202503323554993
1.7764685531591493e+18,-2.036220073699951,-0.8447856307029724,0.21374869346618652,-0.019936200231313705,-0.21400925517082214,0.08837981522083282,-0.045565467327833176,-0.07052221894264221
1.7764685531601495e+18,0.42540740966796875,0.1809893697500229,0.1214151531457901,-0.026087643578648567,-0.0909702479839325,0.057610031217336655,-0.045565467327833176,-0.13202503323554993
1.7764685531611497e+18,-2.1285312175750732,-9.25614070892334,-0.06325190514326096,-0.026087643578648567,0.07308174669742584,0.057610031217336655,-0.045565467327833176,-0.039770811796188354
1.7764685531621496e+18,-2.3746938705444336,14.439261436462402,0.15219299495220184,-0.013784755952656269,-0.13198325037956238,-0.06546909362077713,-0.045565467327833176,0.11398621648550034
1.7764685531631498e+18,-0.6207842826843262,-18.180383682250977,-0.18636327981948853,0.010821018368005753,-0.008944249711930752,-0.12700866162776947,-0.10713662207126617,0.02173200063407421
1.7764685531641498e+18,0.056163281202316284,-4.845308303833008,0.059859469532966614,-0.026087643578648567,-0.255022257566452,0.18068915605545044,-0.045565467327833176,-0.2242792546749115
1.77646855316515e+18,-0.4053918719291687,15.157304763793945,0.1214151531457901,-0.007633312605321407,-0.21400925517082214,-0.03469931334257126,0.016005687415599823,0.17548903822898865
1.77646855316615e+18,-1.1438801288604736,-26.489160537719727,-0.12480759620666504,-0.019936200231313705,-0.008944249711930752,-0.003929531201720238,-0.045565467327833176,0.02173200063407421
1.77646855316715e+18,-1.3900429010391235,25.312477111816406,0.1214151531457901,0.023123906925320625,-0.04995724931359291,-0.12700866162776947,-0.045565467327833176,-0.039770811796188354
1.77646855316815e+18,0.8561922311782837,-14.385015487670898,-0.18636327981948853,0.016972461715340614,0.11409474909305573,-0.1885482221841812,-0.10713662207126617,-0.009019406512379646
1.7764685531691502e+18,-4.343996047973633,-11.307690620422363,-0.0940297469496727,-0.013784755952656269,0.032068751752376556,0.057610031217336655,-0.045565467327833176,-0.19352784752845764
1.7764685531701501e+18,-3.6978187561035156,-9.666450500488281,-0.0940297469496727,-0.013784755952656269,0.1551077514886856,-0.1885482221841812,-0.10713662207126617,-0.009019406512379646
1.7764685531711503e+18,-4.251684665679932,-7.512322902679443,-0.18636327981948853,0.016972461715340614,-0.13198325037956238,-0.003929531201720238,-0.10713662207126617,0.1447376310825348
1.7764685531721503e+18,-0.5592436194419861,-35.82371139526367,-0.0016962187364697456,-0.007633312605321407,0.07308174669742584,-0.12700866162776947,0.016005687415599823,-0.19352784752845764
1.7764685531731505e+18,-5.35941743850708,-2.2808706760406494,-0.03247406333684921,0.0354267954826355,-0.17299625277519226,-0.21931800246238708,-0.045565467327833176,0.17548903822898865
1.7764685531741504e+18,-2.528545618057251,20.081024169921875,0.15219299495220184,-0.013784755952656269,-0.17299625277519226,-0.06546909362077713,-0.16870778799057007,0.05248340591788292
1.7764685531751506e+18,-1.3592724800109863,-31.720613479614258,-0.06325190514326096,-0.013784755952656269,0.07308174669742584,-0.21931800246238708,-0.10713662207126617,-0.19352784752845764
1.7764685531761508e+18,-2.5900862216949463,-44.337646484375,-0.06325190514326096,-0.013784755952656269,-0.04995724931359291,-0.12700866162776947,-0.10713662207126617,0.02173200063407421
1.7764685531771507e+18,-4.067062854766846,-13.974705696105957,-0.21714112162590027,-0.026087643578648567,0.1961207538843155,-0.096238873898983,-0.10713662207126617,-0.07052221894264221
1.776468553178151e+18,-4.467077255249023,15.977924346923828,-0.06325190514326096,-0.0014818687923252583,-0.008944249711930752,0.08837981522083282,-0.045565467327833176,-0.16277644038200378
1.7764685531791508e+18,-2.7747082710266113,-16.641719818115234,0.02908162586390972,-0.026087643578648567,0.07308174669742584,-0.12700866162776947,-0.10713662207126617,0.02173200063407421
1.776468553180151e+18,-2.436234474182129,37.00631332397461,0.1214151531457901,-0.013784755952656269,-0.0909702479839325,-0.06546909362077713,-0.10713662207126617,0.11398621648550034
1.776468553181151e+18,-2.528545618057251,-20.437088012695312,-0.03247406333684921,-0.007633312605321407,-0.008944249711930752,0.14991937577724457,-0.045565467327833176,0.05248340591788292
1.7764685531821512e+18,-3.359344959259033,-4.024688243865967,-0.12480759620666504,-0.0014818687923252583,-0.17299625277519226,0.14991937577724457,-0.10713662207126617,-0.07052221894264221
1.776468553183151e+18,0.5484887957572937,-0.024165624752640724,0.059859469532966614,-0.026087643578648567,0.11409474909305573,-0.1885482221841812,-0.10713662207126617,-0.13202503323554993
1.7764685531841513e+18,-1.7900573015213013,-22.488637924194336,-0.06325190514326096,-0.013784755952656269,0.032068751752376556,0.1191495954990387,-0.10713662207126617,0.02173200063407421
1.7764685531851512e+18,-2.0977606773376465,29.21042251586914,0.09063731133937836,0.010821018368005753,-0.0909702479839325,-0.12700866162776947,-0.045565467327833176,0.05248340591788292
1.7764685531861514e+18,-3.943981409072876,1.6170743703842163,0.24452653527259827,-0.03223908692598343,0.032068751752376556,0.057610031217336655,-0.045565467327833176,-0.07052221894264221
1.7764685531871514e+18,-2.1900718212127686,-0.024165624752640724,0.15219299495220184,-0.026087643578648567,-0.21400925517082214,0.1191495954990387,-0.10713662207126617,-0.16277644038200378
1.7764685531881516e+18,-3.5439670085906982,10.84904956817627,-0.06325190514326096,-0.007633312605321407,0.07308174669742584,0.08837981522083282,-0.045565467327833176,-0.07052221894264221
1.7764685531891517e+18,-0.4669325649738312,-19.9242000579834,-0.03247406333684921,-0.026087643578648567,-0.0909702479839325,-0.03469931334257126,-0.10713662207126617,-0.009019406512379646
1.7764685531901517e+18,-5.020943641662598,29.928464889526367,0.02908162586390972,0.010821018368005753,0.07308174669742584,-0.1885482221841812,-0.10713662207126617,-0.10127362608909607
1.7764685531911519e+18,-4.559388160705566,-12.230888366699219,-0.06325190514326096,0.0354267954826355,-0.0909702479839325,-0.12700866162776947,-0.10713662207126617,-0.039770811796188354
1.7764685531921518e+18,-6.497920036315918,17.106277465820312,0.02908162586390972,0.010821018368005753,0.07308174669742584,-0.25008776783943176,-0.045565467327833176,0.05248340591788292
1.776468553193152e+18,-4.559388160705566,-10.281915664672852,0.24452653527259827,-0.03839053213596344,-0.0909702479839325,0.14991937577724457,-0.10713662207126617,-0.16277644038200378
1.776468553194152e+18,-0.7746359705924988,-3.9221105575561523,-0.0940297469496727,-0.013784755952656269,-0.0909702479839325,-0.06546909362077713,-0.10713662207126617,-0.13202503323554993
1.7764685531951521e+18,-1.8208277225494385,-27.104625701904297,-0.12480759620666504,-0.019936200231313705,-0.0909702479839325,-0.03469931334257126,-0.045565467327833176,0.08323480933904648
1.776468553196152e+18,-3.359344959259033,10.438739776611328,-0.06325190514326096,-0.013784755952656269,-0.008944249711930752,0.057610031217336655,-0.10713662207126617,0.11398621648550034
1.7764685531971523e+18,-1.4208132028579712,21.619686126708984,0.02908162586390972,0.010821018368005753,-0.008944249711930752,-0.1885482221841812,-0.045565467327833176,-0.13202503323554993
1.7764685531981522e+18,-3.267033815383911,17.516586303710938,0.09063731133937836,-0.03839053213596344,0.36017274856567383,-0.21931800246238708,-0.045565467327833176,-0.16277644038200378
1.7764685531991524e+18,-4.990172863006592,8.489767074584961,-0.0016962187364697456,0.004669575020670891,-0.17299625277519226,0.27299851179122925,-0.16870778799057007,0.1447376310825348
1.7764685532001523e+18,-2.0977606773376465,-20.744821548461914,-0.03247406333684921,-0.007633312605321407,0.07308174669742584,0.08837981522083282,-0.16870778799057007,-0.07052221894264221
1.7764685532011525e+18,0.6100294589996338,-9.153563499450684,-0.12480759620666504,-0.0014818687923252583,0.07308174669742584,-0.06546909362077713,-0.045565467327833176,0.11398621648550034
1.7764685532021524e+18,-2.343923568725586,23.97896957397461,0.059859469532966614,0.004669575020670891,-0.04995724931359291,-0.21931800246238708,-0.045565467327833176,-0.039770811796188354
1.7764685532031526e+18,-1.8208277225494385,-27.412357330322266,-0.06325190514326096,-0.019936200231313705,-0.13198325037956238,0.08837981522083282,-0.10713662207126617,-0.07052221894264221
1.7764685532041528e+18,-0.4669325649738312,21.106800079345703,0.059859469532966614,0.004669575020670891,-0.13198325037956238,0.24222871661186218,-0.045565467327833176,0.17548903822898865
1.7764685532051528e+18,-1.6977462768554688,5.207286834716797,-0.06325190514326096,0.0354267954826355,-0.13198325037956238,0.026840249076485634,-0.045565467327833176,-0.039770811796188354
1.776468553206153e+18,-1.666975975036621,14.028951644897461,-0.03247406333684921,0.010821018368005753,0.07308174669742584,-0.12700866162776947,-0.10713662207126617,-0.039770811796188354
1.776468553207153e+18,-2.6823973655700684,15.362459182739258,-0.06325190514326096,-0.0014818687923252583,0.07308174669742584,0.08837981522083282,-0.10713662207126617,-0.13202503323554993
1.776468553208153e+18,-1.7592869997024536,-7.307168006896973,-0.06325190514326096,-0.0014818687923252583,-0.008944249711930752,0.14991937577724457,-0.045565467327833176,-0.19352784752845764
1.776468553209153e+18,-0.5900139212608337,7.874301910400391,0.09063731133937836,-0.026087643578648567,-0.13198325037956238,0.18068915605545044,-0.045565467327833176,-0.07052221894264221
1.7764685532101532e+18,-4.3747663497924805,-11.102535247802734,0.1829708367586136,-0.013784755952656269,0.032068751752376556,-0.03469931334257126,-0.10713662207126617,-0.009019406512379646
1.7764685532111532e+18,0.3023260235786438,-10.897380828857422,-0.247918963432312,0.0354267954826355,-0.17299625277519226,0.14991937577724457,-0.10713662207126617,-0.009019406512379646
1.7764685532121533e+18,-0.09768843650817871,6.335639476776123,0.02908162586390972,-0.03223908692598343,-0.17299625277519226,0.1191495954990387,-0.10713662207126617,-0.13202503323554993
1.7764685532131533e+18,-0.5592436194419861,-37.56753158569336,-0.0016962187364697456,0.004669575020670891,0.1551077514886856,-0.03469931334257126,-0.10713662207126617,0.17548903822898865
1.7764685532141535e+18,1.5023694038391113,-9.87160587310791,-0.0016962187364697456,-0.0014818687923252583,-0.0909702479839325,-0.03469931334257126,-0.10713662207126617,-0.16277644038200378
1.7764685532151534e+18,-5.205565452575684,0.1809893697500229,0.24452653527259827,-0.03223908692598343,0.1551077514886856,-0.12700866162776947,-0.045565467327833176,0.02173200063407421
1.7764685532161536e+18,-2.620856523513794,1.411919355392456,-0.03247406333684921,-0.007633312605321407,-0.255022257566452,0.334538072347641,-0.045565467327833176,0.17548903822898865
1.7764685532171535e+18,-3.574737310409546,14.439261436462402,0.059859469532966614,-0.026087643578648567,0.1961207538843155,-0.25008776783943176,-0.10713662207126617,-0.009019406512379646
1.7764685532181537e+18,-1.2361911535263062,-24.23245620727539,-0.0016962187364697456,-0.0014818687923252583,0.07308174669742584,-0.25008776783943176,-0.10713662207126617,-0.13202503323554993
1.776468553219154e+18,-2.8362491130828857,10.02842903137207,0.09063731133937836,-0.026087643578648567,0.1551077514886856,-0.21931800246238708,-0.045565467327833176,-0.13202503323554993
1.7764685532201539e+18,0.9792736172676086,-2.8963356018066406,0.09063731133937836,-0.019936200231313705,-0.008944249711930752,-0.1885482221841812,-0.10713662207126617,0.1447376310825348
1.776468553221154e+18,0.056163281202316284,-12.436042785644531,-0.12480759620666504,0.010821018368005753,0.23713375627994537,-0.06546909362077713,-0.10713662207126617,-0.039770811796188354
1.776468553222154e+18,-3.574737310409546,-8.64067554473877,-0.15558543801307678,0.010821018368005753,-0.0909702479839325,-0.003929531201720238,-0.045565467327833176,0.05248340591788292
1.7764685532231542e+18,-4.559388160705566,6.130484580993652,-0.0016962187364697456,-0.013784755952656269,-0.008944249711930752,0.057610031217336655,-0.045565467327833176,-0.009019406512379646
1.776468553224154e+18,-3.667048215866089,8.797499656677246,0.059859469532966614,-0.0014818687923252583,-0.0909702479839325,-0.003929531201720238,-0.10713662207126617,0.1447376310825348
1.7764685532251543e+18,-5.944053649902344,5.104709148406982,-0.0016962187364697456,0.004669575020670891,-0.21400925517082214,0.3037682771682739,-0.16870778799057007,0.08323480933904648
1.7764685532261542e+18,-0.5284732580184937,10.64389419555664,0.02908162586390972,-0.03223908692598343,0.11409474909305573,-0.25008776783943176,-0.10713662207126617,0.05248340591788292
1.7764685532271544e+18,-0.8361766934394836,-5.0504631996154785,-0.06325190514326096,-0.007633312605321407,0.07308174669742584,-0.21931800246238708,-0.10713662207126617,-0.19352784752845764
1.7764685532281544e+18,-3.5439670085906982,-7.512322902679443,0.1214151531457901,-0.026087643578648567,0.032068751752376556,-0.03469931334257126,-0.10713662207126617,0.05248340591788292
1.7764685532291546e+18,-2.9285600185394287,4.48924446105957,-0.03247406333684921,0.004669575020670891,-0.21400925517082214,0.36530783772468567,-0.10713662207126617,0.2062404304742813
1.7764685532301545e+18,-3.0516414642333984,-4.845308303833008,-0.12480759620666504,-0.0014818687923252583,0.07308174669742584,-0.25008776783943176,-0.045565467327833176,-0.07052221894264221
1.7764685532311544e+18,0.08693362772464752,-15.41079044342041,-0.15558543801307678,0.0354267954826355,-0.13198325037956238,0.057610031217336655,-0.045565467327833176,-0.07052221894264221
1.7764685532321544e+18,-4.097833156585693,-13.051507949829102,0.27530437707901,-0.026087643578648567,0.1551077514886856,-0.12700866162776947,-0.10713662207126617,0.05248340591788292
1.7764685532331543e+18,-1.6362056732177734,34.54445266723633,0.02908162586390972,-0.013784755952656269,-0.0909702479839325,0.026840249076485634,-0.10713662207126617,-0.13202503323554993
1.7764685532341542e+18,-1.0823394060134888,-30.797414779663086,-0.0016962187364697456,-0.007633312605321407,0.032068751752376556,-0.25008776783943176,0.016005687415599823,-0.19352784752845764
1.7764685532351542e+18,-3.174722909927368,32.80063247680664,0.1214151531457901,-0.019936200231313705,-0.04995724931359291,-0.03469931334257126,-0.10713662207126617,-0.2242792546749115
1.776468553236154e+18,-0.43616223335266113,-14.385015487670898,-0.03247406333684921,-0.0014818687923252583,-0.13198325037956238,-0.06546909362077713,-0.045565467327833176,-0.19352784752845764
1.776468553237154e+18,0.6100294589996338,-26.796894073486328,-0.03247406333684921,0.004669575020670891,-0.17299625277519226,-0.25008776783943176,-0.10713662207126617,-0.13202503323554993
1.776468553238154e+18,-0.6207842826843262,4.694399356842041,-0.03247406333684921,0.010821018368005753,-0.2960352599620819,0.334538072347641,-0.10713662207126617,0.11398621648550034
1.776468553239154e+18,-2.343923568725586,-11.205113410949707,-0.0940297469496727,-0.007633312605321407,0.032068751752376556,-0.003929531201720238,-0.10713662207126617,-0.19352784752845764
1.776468553240154e+18,-5.051713943481445,18.43978500366211,0.02908162586390972,-0.0014818687923252583,-0.04995724931359291,-0.21931800246238708,-0.045565467327833176,-0.16277644038200378
1.776468553241154e+18,0.056163281202316284,13.105753898620605,0.1214151531457901,-0.019936200231313705,-0.0909702479839325,-0.21931800246238708,-0.045565467327833176,0.08323480933904648
1.776468553242154e+18,-5.944053649902344,-11.102535247802734,-0.0940297469496727,0.004669575020670891,-0.0909702479839325,-0.03469931334257126,0.016005687415599823,-0.19352784752845764
1.776468553243154e+18,-3.390115261077881,-16.949453353881836,-0.15558543801307678,0.010821018368005753,-0.0909702479839325,0.026840249076485634,-0.045565467327833176,0.08323480933904648
1.7764685532441539e+18,0.3638667166233063,0.7964543700218201,-0.0016962187364697456,0.010821018368005753,-0.17299625277519226,-0.03469931334257126,-0.045565467327833176,0.05248340591788292
1.7764685532451538e+18,-3.3285744190216064,5.925329208374023,-0.06325190514326096,-0.007633312605321407,0.1551077514886856,-0.12700866162776947,-0.10713662207126617,0.05248340591788292
1.7764685532461537e+18,-2.036220073699951,-14.077282905578613,-0.06325190514326096,-0.026087643578648567,-0.008944249711930752,0.057610031217336655,-0.10713662207126617,-0.009019406512379646
1.7764685532471537e+18,-4.559388160705566,11.874824523925781,0.09063731133937836,-0.013784755952656269,-0.17299625277519226,-0.1885482221841812,-0.045565467327833176,-0.10127362608909607
1.7764685532481536e+18,-2.3131532669067383,23.56865882873535,-0.0940297469496727,-0.0014818687923252583,0.032068751752376556,-0.06546909362077713,-0.045565467327833176,-0.13202503323554993
1.7764685532491535e+18,-2.159301519393921,2.0273842811584473,-0.06325190514326096,0.004669575020670891,-0.21400925517082214,-0.21931800246238708,-0.10713662207126617,-0.10127362608909607
1.7764685532501535e+18,-1.4208132028579712,4.694399356842041,0.059859469532966614,-0.026087643578648567,-0.13198325037956238,-0.21931800246238708,-0.10713662207126617,-0.2242792546749115
1.7764685532511534e+18,-0.4669325649738312,-13.359240531921387,-0.0940297469496727,0.010821018368005753,-0.255022257566452,0.18068915605545044,-0.10713662207126617,0.11398621648550034
1.7764685532521533e+18,-2.713167667388916,1.514496922492981,-0.12480759620666504,-0.0014818687923252583,-0.04995724931359291,0.14991937577724457,-0.10713662207126617,-0.16277644038200378
1.7764685532531533e+18,-0.37462154030799866,-8.538098335266113,-0.21714112162590027,0.0354267954826355,-0.17299625277519226,0.2114589363336563,-0.10713662207126617,-0.039770811796188354
1.7764685532541532e+18,-0.18999947607517242,-23.92472267150879,-0.03247406333684921,-0.0014818687923252583,-0.008944249711930752,0.18068915605545044,-0.10713662207126617,0.11398621648550034
1.7764685532551532e+18,-0.6515546441078186,29.107845306396484,-0.06325190514326096,-0.0014818687923252583,0.032068751752376556,-0.1885482221841812,-0.10713662207126617,0.11398621648550034
1.776468553256153e+18,-3.451655864715576,-16.539142608642578,-0.03247406333684921,-0.0014818687923252583,-0.0909702479839325,-0.003929531201720238,0.016005687415599823,-0.19352784752845764
1.776468553257153e+18,-3.5131967067718506,4.7969770431518555,-0.12480759620666504,0.016972461715340614,-0.0909702479839325,-0.03469931334257126,-0.10713662207126617,-0.2242792546749115
1.776468553258153e+18,-3.6978187561035156,-2.0757155418395996,0.27530437707901,-0.026087643578648567,0.1961207538843155,-0.096238873898983,-0.10713662207126617,0.11398621648550034
1.776468553259153e+18,-5.144024848937988,-6.794280529022217,-0.03247406333684921,0.004669575020670891,-0.255022257566452,0.36530783772468567,-0.16870778799057007,0.1447376310825348
1.7764685532601528e+18,0.27155569195747375,25.415054321289062,0.1214151531457901,-0.019936200231313705,-0.0909702479839325,-0.03469931334257126,-0.10713662207126617,-0.16277644038200378
1.7764685532611528e+18,0.08693362772464752,-9.461296081542969,-0.12480759620666504,-0.007633312605321407,-0.008944249711930752,-0.15777844190597534,-0.10713662207126617,0.05248340591788292
1.7764685532621527e+18,-0.5592436194419861,-26.284006118774414,-0.06325190514326096,-0.007633312605321407,0.11409474909305573,0.08837981522083282,-0.10713662207126617,0.2062404304742813
1.7764685532631526e+18,-1.7592869997024536,10.746471405029297,-0.06325190514326096,-0.007633312605321407,-0.008944249711930752,0.1191495954990387,-0.045565467327833176,-0.2242792546749115
1.7764685532641526e+18,0.7331108450889587,-20.53966522216797,-0.18636327981948853,-0.0014818687923252583,-0.21400925517082214,0.026840249076485634,-0.045565467327833176,-0.16277644038200378
1.7764685532651525e+18,-4.590158462524414,-10.076760292053223,-0.03247406333684921,-0.013784755952656269,-0.21400925517082214,0.08837981522083282,-0.10713662207126617,-0.07052221894264221
1.7764685532661524e+18,-1.5746649503707886,16.695966720581055,0.09063731133937836,0.010821018368005753,-0.2960352599620819,-0.15777844190597534,-0.045565467327833176,-0.16277644038200378
1.7764685532671524e+18,0.3946370482444763,2.6428494453430176,0.09063731133937836,0.004669575020670891,-0.255022257566452,-0.15777844190597534,-0.045565467327833176,-0.13202503323554993
1.7764685532681523e+18,1.010043978691101,-18.07780647277832,-0.0940297469496727,-0.013784755952656269,-0.008944249711930752,-0.003929531201720238,-0.045565467327833176,-0.009019406512379646
1.7764685532691523e+18,0.056163281202316284,10.131007194519043,-0.03247406333684921,0.016972461715340614,-0.0909702479839325,-0.12700866162776947,-0.10713662207126617,0.02173200063407421
1.7764685532701522e+18,1.2562066316604614,-21.77059555053711,-0.06325190514326096,-0.019936200231313705,-0.04995724931359291,-0.06546909362077713,-0.045565467327833176,0.05248340591788292
1.776468553271152e+18,-0.18999947607517242,-32.33607864379883,-0.0016962187364697456,-0.007633312605321407,0.032068751752376556,-0.21931800246238708,0.016005687415599823,-0.13202503323554993
1.7764685532721523e+18,-4.467077255249023,25.82536506652832,-0.0016962187364697456,0.016972461715340614,-0.21400925517082214,-0.15777844190597534,-0.10713662207126617,0.05248340591788292
1.7764685532731523e+18,-1.297731876373291,-34.69536209106445,-0.0940297469496727,-0.007633312605321407,-0.008944249711930752,0.1191495954990387,-0.045565467327833176,-0.13202503323554993
1.7764685532741522e+18,-1.6362056732177734,6.848526954650879,0.1214151531457901,-0.03223908692598343,0.07308174669742584,-0.1885482221841812,-0.10713662207126617,0.1447376310825348
1.7764685532751521e+18,-6.713312149047852,38.955284118652344,0.1214151531457901,-0.026087643578648567,-0.0909702479839325,0.057610031217336655,-0.10713662207126617,0.2677432596683502
1.776468553276152e+18,-2.4054641723632812,-37.4649543762207,-0.12480759620666504,-0.007633312605321407,-0.0909702479839325,0.026840249076485634,-0.10713662207126617,-0.19352784752845764
1.776468553277152e+18,0.3023260235786438,-5.153040409088135,0.059859469532966614,-0.019936200231313705,-0.17299625277519226,0.18068915605545044,-0.16870778799057007,0.11398621648550034
1.776468553278152e+18,-1.482353925704956,27.466604232788086,-0.0016962187364697456,0.016972461715340614,0.032068751752376556,-0.21931800246238708,-0.10713662207126617,-0.13202503323554993
1.7764685532791519e+18,-0.2515401542186737,-17.667495727539062,0.02908162586390972,-0.0014818687923252583,-0.0909702479839325,0.057610031217336655,-0.045565467327833176,-0.19352784752845764
1.7764685532801518e+18,-4.436306953430176,-8.43552017211914,0.21374869346618652,-0.03223908692598343,-0.008944249711930752,0.14991937577724457,-0.10713662207126617,-0.07052221894264221
1.7764685532811517e+18,-2.897789716720581,19.05525016784668,-0.0016962187364697456,0.010821018368005753,-0.21400925517082214,0.3037682771682739,-0.10713662207126617,0.08323480933904648
1.7764685532821517e+18,-0.3438511788845062,-25.46338653564453,-0.18636327981948853,0.016972461715340614,-0.008944249711930752,-0.12700866162776947,0.016005687415599823,0.08323480933904648
1.7764685532831516e+18,-0.8054063320159912,24.389280319213867,0.059859469532966614,0.016972461715340614,-0.3370482623577118,0.334538072347641,-0.045565467327833176,-0.10127362608909607
1.7764685532841516e+18,-3.759359359741211,-2.5886030197143555,-0.0940297469496727,0.016972461715340614,-0.21400925517082214,-0.003929531201720238,0.016005687415599823,0.05248340591788292
1.7764685532851515e+18,-1.666975975036621,-12.846353530883789,-0.0016962187364697456,-0.026087643578648567,0.27814674377441406,-0.21931800246238708,-0.10713662207126617,-0.07052221894264221
1.7764685532861514e+18,0.056163281202316284,15.157304763793945,0.02908162586390972,0.004669575020670891,0.11409474909305573,-0.15777844190597534,0.016005687415599823,-0.19352784752845764
1.7764685532871514e+18,-2.0977606773376465,-12.230888366699219,-0.0940297469496727,-0.007633312605321407,0.07308174669742584,-0.15777844190597534,-0.10713662207126617,-0.039770811796188354
1.7764685532881513e+18,-3.574737310409546,-17.35976219177246,0.21374869346618652,-0.019936200231313705,-0.04995724931359291,0.18068915605545044,-0.16870778799057007,-0.10127362608909607
1.7764685532891512e+18,-3.9132111072540283,2.4376943111419678,-0.0940297469496727,-0.0014818687923252583,0.07308174669742584,-0.25008776783943176,-0.045565467327833176,-0.19352784752845764
1.7764685532901512e+18,-5.020943641662598,-0.22932063043117523,-0.03247406333684921,0.004669575020670891,-0.21400925517082214,-0.096238873898983,-0.045565467327833176,0.08323480933904648
1.776468553291151e+18,-3.205493211746216,-1.049940586090088,0.09063731133937836,-0.03223908692598343,0.1961207538843155,-0.25008776783943176,-0.10713662207126617,0.08323480933904648
1.776468553292151e+18,-0.22076980769634247,1.2067643404006958,-0.21714112162590027,0.016972461715340614,-0.13198325037956238,0.14991937577724457,-0.045565467327833176,-0.07052221894264221
1.776468553293151e+18,-2.713167667388916,17.311431884765625,-0.0016962187364697456,0.004669575020670891,0.07308174669742584,0.057610031217336655,-0.10713662207126617,-0.039770811796188354
1.776468553294151e+18,-2.1285312175750732,0.1809893697500229,-0.06325190514326096,-0.019936200231313705,-0.17299625277519226,0.18068915605545044,-0.045565467327833176,-0.039770811796188354
1.7764685532951508e+18,-2.897789716720581,-14.282438278198242,-0.18636327981948853,-0.026087643578648567,0.1961207538843155,-0.21931800246238708,-0.10713662207126617,0.08323480933904648
1.7764685532961508e+18,0.4561777412891388,13.208332061767578,-0.15558543801307678,0.016972461715340614,0.11409474909305573,-0.15777844190597534,-0.10713662207126617,-0.009019406512379646
1.7764685532971507e+18,1.625450849533081,19.875869750976562,0.09063731133937836,0.004669575020670891,-0.17299625277519226,-0.06546909362077713,-0.10713662207126617,0.08323480933904648
1.7764685532981507e+18,-4.867091655731201,19.157827377319336,-0.0016962187364697456,0.023123906925320625,-0.21400925517082214,-0.21931800246238708,-0.045565467327833176,-0.10127362608909607
1.7764685532991506e+18,-4.159373760223389,-4.127265453338623,0.15219299495220184,-0.03223908692598343,0.032068751752376556,0.08837981522083282,-0.10713662207126617,-0.07052221894264221
1.7764685533001505e+18,-0.7746359705924988,-13.154085159301758,-0.0016962187364697456,-0.026087643578648567,-0.008944249711930752,-0.003929531201720238,-0.16870778799057007,0.05248340591788292
1.7764685533011505e+18,0.6407998204231262,-15.923678398132324,-0.12480759620666504,-0.026087643578648567,-0.0909702479839325,-0.06546909362077713,-0.10713662207126617,-0.16277644038200378
1.7764685533021504e+18,-1.113109827041626,-28.335556030273438,-0.15558543801307678,0.0354267954826355,-0.17299625277519226,-0.003929531201720238,0.016005687415599823,-0.10127362608909607
1.7764685533031503e+18,-0.4977028965950012,-4.127265453338623,-0.18636327981948853,-0.007633312605321407,0.11409474909305573,-0.03469931334257126,-0.045565467327833176,-0.07052221894264221
1.7764685533041505e+18,-1.297731876373291,-3.306645631790161,0.059859469532966614,-0.019936200231313705,-0.17299625277519226,-0.06546909362077713,-0.045565467327833176,0.11398621648550034
1.7764685533051505e+18,-0.8669470548629761,6.951104164123535,-0.06325190514326096,0.010821018368005753,-0.0909702479839325,-0.03469931334257126,-0.10713662207126617,0.11398621648550034
1.7764685533061504e+18,-4.343996047973633,-8.230365753173828,-0.06325190514326096,-0.019936200231313705,0.1551077514886856,-0.12700866162776947,-0.16870778799057007,-0.009019406512379646
1.7764685533071503e+18,-4.190144062042236,15.670191764831543,-0.03247406333684921,0.004669575020670891,0.07308174669742584,-0.12700866162776947,-0.10713662207126617,0.2677432596683502
1.7764685533081503e+18,-2.0054497718811035,-3.511800527572632,-0.03247406333684921,-0.026087643578648567,-0.0909702479839325,-0.003929531201720238,-0.045565467327833176,0.08323480933904648
1.7764685533091502e+18,-0.8054063320159912,-11.102535247802734,-0.18636327981948853,-0.026087643578648567,0.032068751752376556,0.1191495954990387,-0.10713662207126617,-0.16277644038200378
1.7764685533101501e+18,-3.1439523696899414,35.159915924072266,0.09063731133937836,0.016972461715340614,-0.13198325037956238,-0.06546909362077713,-0.10713662207126617,0.02173200063407421
1.77646855331115e+18,1.3792880773544312,28.28722381591797,0.1214151531457901,-0.0014818687923252583,-0.0909702479839325,-0.06546909362077713,-0.045565467327833176,0.1447376310825348
1.77646855331215e+18,0.17924465239048004,-28.745864868164062,-0.18636327981948853,-0.0014818687923252583,0.11409474909305573,-0.15777844190597534,-0.16870778799057007,-0.07052221894264221
1.77646855331315e+18,-3.451655864715576,25.107322692871094,-0.0016962187364697456,0.016972461715340614,0.07308174669742584,-0.1885482221841812,-0.045565467327833176,-0.009019406512379646
1.77646855331415e+18,-1.1746504306793213,10.2335844039917,0.059859469532966614,-0.03223908692598343,0.1551077514886856,-0.21931800246238708,0.016005687415599823,-0.07052221894264221
1.7764685533151498e+18,-5.974823951721191,20.59391212463379,-0.03247406333684921,0.004669575020670891,0.07308174669742584,0.026840249076485634,-0.10713662207126617,0.05248340591788292
1.7764685533161498e+18,0.08693362772464752,-14.179861068725586,0.059859469532966614,-0.026087643578648567,-0.17299625277519226,0.24222871661186218,0.016005687415599823,-0.039770811796188354
1.7764685533171497e+18,-0.06691809743642807,-5.8710832595825195,-0.18636327981948853,0.004669575020670891,0.11409474909305573,-0.06546909362077713,-0.045565467327833176,-0.07052221894264221
1.7764685533181496e+18,-2.990100860595703,-2.5886030197143555,-0.03247406333684921,-0.013784755952656269,-0.0909702479839325,0.14991937577724457,-0.10713662207126617,-0.10127362608909607
1.7764685533191496e+18,-1.666975975036621,-36.33660125732422,-0.12480759620666504,-0.013784755952656269,-0.0909702479839325,0.057610031217336655,-0.10713662207126617,0.02173200063407421
1.7764685533201495e+18,-4.3747663497924805,-6.07623815536499,-0.06325190514326096,-0.0014818687923252583,-0.21400925517082214,0.14991937577724457,-0.10713662207126617,-0.19352784752845764
1.7764685533211494e+18,1.2869770526885986,5.6175971031188965,0.09063731133937836,-0.026087643578648567,0.23713375627994537,-0.21931800246238708,-0.045565467327833176,-0.07052221894264221
1.7764685533221494e+18,-4.036292552947998,-16.744298934936523,-0.0940297469496727,-0.013784755952656269,0.11409474909305573,0.026840249076485634,-0.10713662207126617,0.02173200063407421
1.7764685533231493e+18,-6.497920036315918,-2.69118070602417,-0.12480759620666504,0.029275350272655487,-0.13198325037956238,-0.21931800246238708,-0.045565467327833176,-0.009019406512379646
1.7764685533241492e+18,-2.8362491130828857,-10.48707103729248,0.09063731133937836,-0.03839053213596344,-0.17299625277519226,0.24222871661186218,-0.10713662207126617,-0.07052221894264221
1.7764685533251492e+18,-3.482426166534424,31.261972427368164,0.02908162586390972,-0.013784755952656269,-0.04995724931359291,0.1191495954990387,-0.10713662207126617,-0.039770811796188354
1.776468553326149e+18,-0.7130953073501587,-16.23141098022461,-0.15558543801307678,-0.019936200231313705,0.032068751752376556,0.14991937577724457,-0.10713662207126617,-0.13202503323554993
1.776468553327149e+18,-1.6054352521896362,14.028951644897461,0.1214151531457901,-0.007633312605321407,-0.17299625277519226,-0.03469931334257126,-0.10713662207126617,0.08323480933904648
1.776468553328149e+18,0.3023260235786438,3.053159475326538,0.059859469532966614,-0.026087643578648567,0.07308174669742584,-0.1885482221841812,-0.045565467327833176,0.1447376310825348
1.776468553329149e+18,-3.482426166534424,0.4887218773365021,0.24452653527259827,-0.03839053213596344,-0.008944249711930752,0.1191495954990387,-0.10713662207126617,-0.039770811796188354
1.7764685533301496e+18,0.27155569195747375,32.08259201049805,0.059859469532966614,0.004669575020670891,-0.17299625277519226,-0.03469931334257126,-0.10713662207126617,0.11398621648550034
