time_chanNI9203_1,PT_FU_02,PT_N2_05,PT_GO2_04_1,PT_N2_19,PT_FU_01_1,PT_LO2_05,PT_N2_06,PT_GO2_03_1
1.7764678594781394e+18,0.025392938405275345,-31.720613479614258,-0.06325190514326096,-0.013784755952656269,-0.0909702479839325,-0.03469931334257126,-0.045565467327833176,0.08323480933904648
1.7764678594791393e+18,-2.5593159198760986,-15.308213233947754,-0.06325190514326096,-0.019936200231313705,-0.21400925517082214,0.3037682771682739,-0.16870778799057007,-0.10127362608909607
1.7764678594801393e+18,-1.482353925704956,-17.77007293701172,0.09063731133937836,-0.026087643578648567,-0.17299625277519226,0.24222871661186218,-0.045565467327833176,-0.13202503323554993
1.7764678594811392e+18,-3.5131967067718506,-31.92576789855957,-0.03247406333684921,-0.0014818687923252583,0.07308174669742584,0.08837981522083282,-0.16870778799057007,-0.13202503323554993
1.776467859482139e+18,-1.6362056732177734,12.490289688110352,0.059859469532966614,-0.0014818687923252583,-0.21400925517082214,0.14991937577724457,-0.10713662207126617,0.11398621648550034
1.7764678594831388e+18,0.4561777412891388,11.46451473236084,0.15219299495220184,-0.013784755952656269,-0.04995724931359291,0.14991937577724457,-0.10713662207126617,-0.19352784752845764
1.7764678594841388e+18,-2.1900718212127686,-19.61646842956543,-0.06325190514326096,-0.03223908692598343,0.1961207538843155,-0.25008776783943176,-0.10713662207126617,0.1447376310825348
1.7764678594851387e+18,-3.943981409072876,16.695966720581055,-0.06325190514326096,-0.0014818687923252583,-0.04995724931359291,0.026840249076485634,-0.10713662207126617,0.05248340591788292
1.7764678594861386e+18,-1.6977462768554688,-10.692225456237793,0.059859469532966614,-0.013784755952656269,-0.0909702479839325,-0.096238873898983,-0.10713662207126617,-0.009019406512379646
1.7764678594871386e+18,-3.020871162414551,-14.282438278198242,-0.06325190514326096,-0.03839053213596344,-0.17299625277519226,0.24222871661186218,-0.045565467327833176,-0.19352784752845764
1.7764678594881385e+18,-2.8362491130828857,-13.461817741394043,-0.18636327981948853,0.004669575020670891,0.07308174669742584,-0.12700866162776947,-0.10713662207126617,-0.009019406512379646
1.7764678594891384e+18,-0.6207842826843262,-46.18404006958008,-0.0940297469496727,-0.019936200231313705,-0.04995724931359291,-0.096238873898983,0.016005687415599823,-0.009019406512379646
1.7764678594901384e+18,-8.43645191192627,-17.667495727539062,-0.18636327981948853,-0.026087643578648567,0.11409474909305573,0.026840249076485634,-0.10713662207126617,-0.16277644038200378
1.7764678594911383e+18,-3.0516414642333984,-6.589125633239746,-0.15558543801307678,-0.026087643578648567,0.23713375627994537,-0.1885482221841812,-0.10713662207126617,0.2062404304742813
1.7764678594921382e+18,-2.528545618057251,11.567091941833496,-0.06325190514326096,-0.007633312605321407,-0.008944249711930752,0.057610031217336655,-0.10713662207126617,-0.07052221894264221
1.7764678594931382e+18,-2.897789716720581,-32.951541900634766,-0.06325190514326096,-0.019936200231313705,-0.0909702479839325,-0.06546909362077713,-0.10713662207126617,-0.009019406512379646
1.776467859494138e+18,-3.267033815383911,-5.46077299118042,-0.12480759620666504,-0.026087643578648567,-0.21400925517082214,0.27299851179122925,-0.10713662207126617,-0.10127362608909607
1.776467859495138e+18,1.1946660280227661,16.388235092163086,0.02908162586390972,-0.007633312605321407,0.07308174669742584,0.057610031217336655,0.016005687415599823,-0.07052221894264221
1.776467859496138e+18,-1.728516697883606,-0.22932063043117523,-0.18636327981948853,-0.03223908692598343,0.23713375627994537,-0.25008776783943176,-0.045565467327833176,0.17548903822898865
1.7764678594971377e+18,-2.897789716720581,-13.359240531921387,-0.12480759620666504,-0.026087643578648567,-0.008944249711930752,0.36530783772468567,0.016005687415599823,-0.13202503323554993
1.7764678594981376e+18,-3.1439523696899414,30.543930053710938,0.1214151531457901,0.010821018368005753,-0.17299625277519226,-0.06546909362077713,-0.045565467327833176,0.08323480933904648
1.7764678594991375e+18,-2.4670050144195557,-23.719568252563477,-0.12480759620666504,0.023123906925320625,-0.0909702479839325,-0.06546909362077713,-0.10713662207126617,0.05248340591788292
1.7764678595001375e+18,-3.6978187561035156,10.746471405029297,-0.0940297469496727,-0.007633312605321407,-0.0909702479839325,-0.003929531201720238,-0.10713662207126617,-0.039770811796188354
1.7764678595011374e+18,-1.297731876373291,-23.30925750732422,-0.12480759620666504,0.010821018368005753,-0.04995724931359291,0.057610031217336655,-0.10713662207126617,0.08323480933904648
1.7764678595021373e+18,0.17924465239048004,-12.02573299407959,-0.03247406333684921,-0.026087643578648567,0.1551077514886856,-0.25008776783943176,-0.10713662207126617,0.17548903822898865
1.7764678595031373e+18,-0.06691809743642807,-24.335033416748047,-0.03247406333684921,-0.019936200231313705,-0.0909702479839325,-0.003929531201720238,-0.045565467327833176,-0.13202503323554993
1.7764678595041372e+18,-4.128603458404541,-0.1267431229352951,-0.03247406333684921,-0.007633312605321407,-0.0909702479839325,-0.03469931334257126,-0.10713662207126617,0.11398621648550034
1.7764678595051372e+18,-6.46714973449707,5.822751998901367,-0.0940297469496727,-0.007633312605321407,-0.13198325037956238,-0.03469931334257126,-0.10713662207126617,-0.07052221894264221
1.776467859506137e+18,-7.267178535461426,13.721219062805176,-0.0940297469496727,-0.0014818687923252583,-0.008944249711930752,-0.003929531201720238,-0.10713662207126617,0.05248340591788292
1.776467859507137e+18,-6.559460639953613,26.3382511138916,-0.12480759620666504,0.004669575020670891,0.1551077514886856,0.18068915605545044,-0.10713662207126617,-0.13202503323554993
1.776467859508137e+18,-3.205493211746216,8.694921493530273,-0.03247406333684921,-0.0014818687923252583,0.07308174669742584,0.057610031217336655,-0.10713662207126617,0.05248340591788292
1.776467859509137e+18,-0.8361766934394836,26.74856185913086,-0.0016962187364697456,0.023123906925320625,0.1551077514886856,0.18068915605545044,-0.10713662207126617,0.1447376310825348
1.7764678595101368e+18,-5.7902021408081055,7.25883674621582,-0.06325190514326096,-0.007633312605321407,-0.008944249711930752,0.1191495954990387,0.016005687415599823,0.08323480933904648
1.7764678595111368e+18,-1.913138747215271,-22.283483505249023,0.1214151531457901,-0.007633312605321407,-0.13198325037956238,-0.12700866162776947,-0.045565467327833176,-0.07052221894264221
1.7764678595121364e+18,-2.7747082710266113,21.311954498291016,-0.15558543801307678,-0.013784755952656269,-0.008944249711930752,0.18068915605545044,-0.045565467327833176,-0.009019406512379646
1.7764678595131364e+18,-2.990100860595703,-12.230888366699219,-0.247918963432312,-0.03223908692598343,-0.21400925517082214,-0.1885482221841812,-0.10713662207126617,-0.13202503323554993
1.7764678595141363e+18,-1.0823394060134888,5.925329208374023,0.09063731133937836,0.004669575020670891,0.11409474909305573,-0.25008776783943176,-0.10713662207126617,-0.19352784752845764
1.7764678595151363e+18,-1.1746504306793213,-29.053598403930664,-0.06325190514326096,-0.013784755952656269,-0.04995724931359291,0.1191495954990387,-0.16870778799057007,-0.07052221894264221
1.7764678595161362e+18,-1.4208132028579712,-11.512845993041992,-0.18636327981948853,-0.03223908692598343,-0.17299625277519226,-0.03469931334257126,-0.045565467327833176,0.17548903822898865
1.7764678595171361e+18,1.5331398248672485,17.106277465820312,-0.0016962187364697456,0.010821018368005753,0.07308174669742584,0.057610031217336655,0.016005687415599823,-0.16277644038200378
1.776467859518136e+18,-4.620928764343262,20.081024169921875,0.059859469532966614,-0.03223908692598343,0.07308174669742584,0.057610031217336655,-0.10713662207126617,-0.009019406512379646
1.776467859519136e+18,-4.436306953430176,16.388235092163086,-0.06325190514326096,0.023123906925320625,-0.21400925517082214,-0.12700866162776947,-0.045565467327833176,0.08323480933904648
1.776467859520136e+18,-3.9747517108917236,14.028951644897461,0.1214151531457901,-0.03223908692598343,0.1551077514886856,-0.25008776783943176,-0.045565467327833176,-0.10127362608909607
1.7764678595211359e+18,-4.436306953430176,15.157304763793945,-0.06325190514326096,0.004669575020670891,0.032068751752376556,0.026840249076485634,-0.10713662207126617,-0.13202503323554993
1.7764678595221358e+18,-0.37462154030799866,-10.589648246765137,0.059859469532966614,-0.026087643578648567,0.31915974617004395,-0.1885482221841812,-0.10713662207126617,0.02173200063407421
1.7764678595231357e+18,-4.097833156585693,-15.308213233947754,-0.06325190514326096,-0.013784755952656269,-0.008944249711930752,0.057610031217336655,-0.10713662207126617,0.08323480933904648
1.7764678595241357e+18,-4.3747663497924805,22.33772850036621,-0.06325190514326096,-0.0014818687923252583,0.032068751752376556,0.14991937577724457,0.016005687415599823,-0.039770811796188354
1.7764678595251356e+18,-2.066990375518799,-2.8963356018066406,-0.0016962187364697456,-0.007633312605321407,-0.255022257566452,0.1191495954990387,-0.10713662207126617,-0.07052221894264221
1.7764678595261356e+18,-4.959402561187744,-1.357673168182373,-0.0940297469496727,-0.026087643578648567,0.07308174669742584,0.24222871661186218,0.016005687415599823,-0.16277644038200378
1.7764678595271352e+18,-4.559388160705566,-23.30925750732422,-0.06325190514326096,-0.007633312605321407,-0.0909702479839325,-0.03469931334257126,-0.045565467327833176,0.05248340591788292
1.7764678595281352e+18,-3.5131967067718506,25.51763153076172,0.1214151531457901,0.016972461715340614,-0.04995724931359291,-0.15777844190597534,-0.045565467327833176,-0.039770811796188354
1.7764678595291354e+18,-0.3130808472633362,-9.666450500488281,0.02908162586390972,-0.03223908692598343,-0.21400925517082214,-0.1885482221841812,-0.10713662207126617,0.17548903822898865
1.7764678595301353e+18,0.9177328944206238,7.156259536743164,0.09063731133937836,-0.019936200231313705,0.1551077514886856,-0.12700866162776947,-0.10713662207126617,-0.16277644038200378
1.7764678595311352e+18,-5.297876358032227,19.875869750976562,-0.0940297469496727,-0.0014818687923252583,0.032068751752376556,0.14991937577724457,-0.045565467327833176,0.11398621648550034
1.7764678595321354e+18,-3.7285890579223633,8.07945728302002,-0.06325190514326096,0.004669575020670891,-0.13198325037956238,0.18068915605545044,-0.045565467327833176,-0.039770811796188354
1.7764678595331354e+18,-3.267033815383911,29.415576934814453,0.059859469532966614,0.010821018368005753,0.1961207538843155,0.14991937577724457,-0.10713662207126617,-0.10127362608909607
1.7764678595341356e+18,-2.2823827266693115,30.646507263183594,-0.0016962187364697456,0.004669575020670891,0.07308174669742584,0.057610031217336655,-0.10713662207126617,-0.10127362608909607
1.7764678595351355e+18,-5.390187740325928,-5.255618095397949,-0.03247406333684921,-0.013784755952656269,-0.0909702479839325,-0.12700866162776947,-0.045565467327833176,0.05248340591788292
1.7764678595361354e+18,-4.3747663497924805,-19.00100326538086,-0.06325190514326096,-0.013784755952656269,-0.04995724931359291,-0.03469931334257126,-0.10713662207126617,0.05248340591788292
1.7764678595371356e+18,-0.03614775091409683,-14.385015487670898,0.059859469532966614,-0.019936200231313705,-0.17299625277519226,0.27299851179122925,-0.16870778799057007,-0.13202503323554993
1.7764678595381356e+18,-0.3130808472633362,-7.8200554847717285,-0.0016962187364697456,-0.026087643578648567,-0.0909702479839325,-0.06546909362077713,-0.10713662207126617,-0.009019406512379646
1.7764678595391355e+18,-0.6207842826843262,15.46503734588623,0.09063731133937836,0.010821018368005753,0.032068751752376556,-0.12700866162776947,-0.045565467327833176,-0.2242792546749115
1.7764678595401357e+18,-3.359344959259033,34.8521842956543,0.059859469532966614,0.023123906925320625,0.07308174669742584,-0.096238873898983,-0.10713662207126617,-0.13202503323554993
1.7764678595411356e+18,-1.4208132028579712,-1.870560646057129,0.1214151531457901,0.010821018368005753,0.07308174669742584,0.026840249076485634,-0.16870778799057007,-0.16277644038200378
1.7764678595421358e+18,0.17924465239048004,9.823274612426758,-0.03247406333684921,-0.0014818687923252583,0.11409474909305573,0.057610031217336655,-0.045565467327833176,-0.16277644038200378
1.7764678595431357e+18,-3.297804117202759,-10.384492874145508,-0.06325190514326096,-0.0014818687923252583,0.31915974617004395,-0.003929531201720238,-0.10713662207126617,-0.16277644038200378
1.7764678595441357e+18,-4.190144062042236,-19.411314010620117,-0.06325190514326096,-0.013784755952656269,-0.008944249711930752,0.14991937577724457,-0.10713662207126617,-0.19352784752845764
1.7764678595451359e+18,-3.9132111072540283,16.388235092163086,-0.12480759620666504,-0.013784755952656269,-0.04995724931359291,0.18068915605545044,-0.045565467327833176,-0.039770811796188354
1.7764678595461358e+18,0.056163281202316284,-7.8200554847717285,-0.18636327981948853,-0.007633312605321407,0.11409474909305573,0.1191495954990387,-0.10713662207126617,-0.13202503323554993
1.7764678595471357e+18,0.4561777412891388,23.05577278137207,-0.0016962187364697456,-0.0014818687923252583,-0.008944249711930752,0.08837981522083282,-0.045565467327833176,0.11398621648550034
1.776467859548136e+18,-0.3438511788845062,20.59391212463379,-0.0016962187364697456,-0.013784755952656269,-0.0909702479839325,0.1191495954990387,-0.045565467327833176,0.11398621648550034
1.776467859549136e+18,-1.8823683261871338,21.20937728881836,-0.03247406333684921,-0.0014818687923252583,0.07308174669742584,0.08837981522083282,-0.10713662207126617,0.17548903822898865
1.776467859550136e+18,0.21001499891281128,16.695966720581055,-0.0016962187364697456,0.010821018368005753,0.11409474909305573,0.08837981522083282,-0.10713662207126617,-0.039770811796188354
1.776467859551136e+18,1.1946660280227661,-11.820578575134277,-0.06325190514326096,-0.026087643578648567,0.31915974617004395,-0.25008776783943176,-0.10713662207126617,0.08323480933904648
1.776467859552136e+18,-1.2669614553451538,-7.614900588989258,-0.18636327981948853,-0.019936200231313705,0.032068751752376556,0.14991937577724457,-0.045565467327833176,0.02173200063407421
1.776467859553136e+18,0.08693362772464752,4.078934192657471,0.02908162586390972,-0.026087643578648567,-0.13198325037956238,0.18068915605545044,-0.045565467327833176,-0.009019406512379646
1.776467859554136e+18,-3.6978187561035156,1.2067643404006958,-0.18636327981948853,-0.013784755952656269,-0.008944249711930752,-0.003929531201720238,-0.045565467327833176,0.2062404304742813
1.776467859555136e+18,-1.728516697883606,-34.490203857421875,0.09063731133937836,-0.0014818687923252583,-0.0909702479839325,-0.096238873898983,-0.10713662207126617,-0.13202503323554993
1.7764678595561362e+18,-3.020871162414551,28.184646606445312,-0.0016962187364697456,-0.007633312605321407,0.11409474909305573,0.057610031217336655,-0.045565467327833176,-0.16277644038200378
1.7764678595571361e+18,-2.7747082710266113,35.570228576660156,0.09063731133937836,0.016972461715340614,-0.008944249711930752,-0.12700866162776947,-0.16870778799057007,-0.10127362608909607
1.7764678595581363e+18,-0.4977028965950012,-17.35976219177246,-0.18636327981948853,-0.0014818687923252583,0.1551077514886856,-0.15777844190597534,-0.10713662207126617,-0.07052221894264221
1.7764678595591363e+18,-4.00552225112915,4.078934192657471,-0.15558543801307678,-0.013784755952656269,-0.13198325037956238,0.1191495954990387,-0.045565467327833176,0.08323480933904648
1.7764678595601362e+18,-6.036364555358887,-11.820578575134277,0.21374869346618652,-0.019936200231313705,-0.17299625277519226,0.057610031217336655,-0.10713662207126617,0.02173200063407421
1.7764678595611364e+18,-1.6054352521896362,21.004220962524414,-0.0940297469496727,-0.007633312605321407,-0.008944249711930752,-0.06546909362077713,-0.10713662207126617,0.08323480933904648
1.7764678595621363e+18,-2.8670194149017334,-8.948408126831055,-0.12480759620666504,-0.026087643578648567,0.07308174669742584,0.27299851179122925,-0.16870778799057007,-0.19352784752845764
1.7764678595631363e+18,-1.6054352521896362,5.6175971031188965,-0.12480759620666504,-0.026087643578648567,-0.17299625277519226,0.08837981522083282,-0.10713662207126617,0.2062404304742813
1.7764678595641364e+18,-3.851670265197754,-9.461296081542969,-0.12480759620666504,-0.026087643578648567,0.07308174669742584,0.18068915605545044,-0.10713662207126617,-0.16277644038200378
1.7764678595651364e+18,-3.9132111072540283,20.18360137939453,-0.03247406333684921,0.016972461715340614,0.11409474909305573,-0.12700866162776947,-0.10713662207126617,-0.07052221894264221
1.7764678595661366e+18,0.5177184343338013,-7.717478275299072,0.059859469532966614,0.004669575020670891,-0.17299625277519226,-0.15777844190597534,-0.10713662207126617,0.2062404304742813
1.7764678595671365e+18,-0.8054063320159912,-16.539142608642578,-0.15558543801307678,-0.026087643578648567,0.11409474909305573,0.14991937577724457,-0.10713662207126617,-0.16277644038200378
1.7764678595681364e+18,0.24078534543514252,8.592344284057617,0.09063731133937836,0.004669575020670891,0.032068751752376556,0.057610031217336655,-0.10713662207126617,-0.19352784752845764
1.7764678595691366e+18,-0.3438511788845062,-17.872650146484375,-0.12480759620666504,-0.007633312605321407,-0.04995724931359291,0.026840249076485634,-0.10713662207126617,-0.19352784752845764
1.7764678595701366e+18,-4.313225746154785,17.311431884765625,0.02908162586390972,0.016972461715340614,0.07308174669742584,-0.25008776783943176,-0.16870778799057007,0.02173200063407421
1.7764678595711365e+18,-1.666975975036621,13.310909271240234,-0.0016962187364697456,-0.026087643578648567,-0.04995724931359291,-0.003929531201720238,-0.045565467327833176,-0.16277644038200378
1.7764678595721367e+18,-4.436306953430176,-12.333465576171875,-0.18636327981948853,0.04157823696732521,-0.21400925517082214,0.1191495954990387,-0.045565467327833176,-0.10127362608909607
1.7764678595731366e+18,-2.343923568725586,-13.461817741394043,0.09063731133937836,-0.019936200231313705,-0.21400925517082214,0.1191495954990387,-0.10713662207126617,-0.16277644038200378
1.7764678595741368e+18,-2.7747082710266113,4.386666774749756,0.1214151531457901,0.016972461715340614,-0.04995724931359291,-0.1885482221841812,-0.10713662207126617,-0.13202503323554993
1.7764678595751368e+18,-1.8208277225494385,14.952149391174316,0.1214151531457901,0.004669575020670891,0.032068751752376556,0.1191495954990387,-0.045565467327833176,-0.19352784752845764
1.7764678595761367e+18,-2.5900862216949463,31.36454963684082,-0.12480759620666504,-0.007633312605321407,0.032068751752376556,0.2114589363336563,-0.10713662207126617,-0.009019406512379646
1.776467859577137e+18,-4.282454967498779,1.8222293853759766,-0.18636327981948853,-0.019936200231313705,-0.17299625277519226,0.1191495954990387,-0.045565467327833176,0.05248340591788292
1.7764678595781368e+18,-0.4977028965950012,27.6717586517334,0.059859469532966614,-0.0014818687923252583,0.032068751752376556,0.08837981522083282,-0.10713662207126617,0.08323480933904648
1.7764678595791368e+18,-0.3130808472633362,-4.2298431396484375,0.02908162586390972,0.004669575020670891,0.07308174669742584,0.026840249076485634,-0.10713662207126617,0.08323480933904648
1.776467859580137e+18,-2.3746938705444336,-8.43552017211914,-0.18636327981948853,0.023123906925320625,-0.0909702479839325,-0.003929531201720238,-0.045565467327833176,0.05248340591788292
1.776467859581137e+18,0.056163281202316284,-12.333465576171875,0.059859469532966614,-0.026087643578648567,-0.0909702479839325,-0.12700866162776947,-0.10713662207126617,0.02173200063407421
1.776467859582137e+18,-2.7747082710266113,9.515542030334473,0.1214151531457901,-0.019936200231313705,-0.0909702479839325,-0.06546909362077713,-0.16870778799057007,0.11398621648550034
1.776467859583137e+18,-1.9746793508529663,-23.822145462036133,-0.15558543801307678,0.0354267954826355,-0.21400925517082214,0.24222871661186218,-0.045565467327833176,-0.13202503323554993
1.776467859584137e+18,-3.8208999633789062,21.311954498291016,0.1214151531457901,-0.007633312605321407,0.11409474909305573,-0.15777844190597534,-0.16870778799057007,0.08323480933904648
1.7764678595851372e+18,0.3023260235786438,8.182034492492676,-0.0016962187364697456,-0.0014818687923252583,0.11409474909305573,-0.1885482221841812,-0.045565467327833176,0.17548903822898865
1.776467859586137e+18,0.21001499891281128,0.1809893697500229,0.1214151531457901,0.010821018368005753,0.032068751752376556,0.08837981522083282,-0.10713662207126617,-0.13202503323554993
1.776467859587137e+18,0.9485032558441162,-11.102535247802734,-0.15558543801307678,-0.007633312605321407,0.1551077514886856,-0.12700866162776947,-0.10713662207126617,-0.07052221894264221
1.7764678595881372e+18,0.9485032558441162,-17.564918518066406,0.059859469532966614,-0.019936200231313705,0.27814674377441406,-0.1885482221841812,-0.10713662207126617,0.11398621648550034
1.7764678595891372e+18,-5.7902021408081055,-14.79532527923584,0.09063731133937836,-0.007633312605321407,-0.21400925517082214,0.057610031217336655,-0.10713662207126617,0.08323480933904648
1.7764678595901373e+18,-4.897861957550049,5.515019416809082,-0.0016962187364697456,-0.0014818687923252583,0.1551077514886856,0.08837981522083282,-0.10713662207126617,-0.19352784752845764
1.7764678595911373e+18,-0.43616223335266113,4.48924446105957,0.1214151531457901,0.016972461715340614,-0.008944249711930752,-0.1885482221841812,-0.10713662207126617,-0.13202503323554993
1.7764678595921372e+18,-4.3747663497924805,21.106800079345703,-0.03247406333684921,-0.0014818687923252583,-0.0909702479839325,0.18068915605545044,-0.10713662207126617,0.08323480933904648
1.7764678595931374e+18,-5.482498645782471,5.720174312591553,-0.06325190514326096,0.004669575020670891,-0.04995724931359291,0.1191495954990387,-0.16870778799057007,0.08323480933904648
1.7764678595941373e+18,-4.682469844818115,20.18360137939453,-0.06325190514326096,-0.007633312605321407,-0.008944249711930752,0.026840249076485634,-0.10713662207126617,0.05248340591788292
1.7764678595951373e+18,-2.9593303203582764,-17.257184982299805,0.059859469532966614,-0.019936200231313705,-0.17299625277519226,-0.12700866162776947,-0.10713662207126617,0.23699183762073517
1.7764678595961375e+18,-1.8515980243682861,-19.411314010620117,-0.18636327981948853,-0.026087643578648567,0.032068751752376556,-0.1885482221841812,-0.045565467327833176,-0.009019406512379646
1.7764678595971374e+18,-0.28231048583984375,-17.35976219177246,0.09063731133937836,-0.007633312605321407,-0.0909702479839325,-0.06546909362077713,-0.045565467327833176,-0.039770811796188354
1.7764678595981376e+18,-2.5593159198760986,-5.768505573272705,-0.0940297469496727,-0.013784755952656269,0.032068751752376556,0.057610031217336655,-0.10713662207126617,-0.009019406512379646
1.7764678595991375e+18,-4.190144062042236,-17.052030563354492,-0.0016962187364697456,-0.0014818687923252583,0.11409474909305573,-0.25008776783943176,-0.045565467327833176,-0.10127362608909607
1.7764678596001375e+18,-5.020943641662598,-14.282438278198242,0.24452653527259827,-0.03223908692598343,-0.0909702479839325,0.057610031217336655,-0.045565467327833176,-0.13202503323554993
1.7764678596011377e+18,-5.390187740325928,6.438216686248779,-0.03247406333684921,-0.0014818687923252583,-0.04995724931359291,0.057610031217336655,0.016005687415599823,0.08323480933904648
1.7764678596021376e+18,-5.205565452575684,-9.563873291015625,-0.0016962187364697456,-0.007633312605321407,-0.04995724931359291,0.057610031217336655,-0.10713662207126617,0.08323480933904648
1.7764678596031375e+18,-4.805551052093506,-3.6143782138824463,-0.03247406333684921,-0.007633312605321407,-0.04995724931359291,-0.003929531201720238,-0.045565467327833176,0.05248340591788292
1.7764678596041377e+18,-1.913138747215271,4.48924446105957,0.059859469532966614,0.016972461715340614,-0.0909702479839325,-0.096238873898983,-0.10713662207126617,0.02173200063407421
1.7764678596051377e+18,-0.6207842826843262,-25.053075790405273,-0.03247406333684921,-0.019936200231313705,-0.0909702479839325,-0.06546909362077713,-0.045565467327833176,-0.07052221894264221
1.7764678596061379e+18,-0.9900283813476562,-3.511800527572632,-0.15558543801307678,-0.013784755952656269,-0.008944249711930752,0.1191495954990387,-0.045565467327833176,0.11398621648550034
1.7764678596071378e+18,-3.8208999633789062,25.312477111816406,-0.0016962187364697456,0.023123906925320625,-0.008944249711930752,-0.15777844190597534,-0.045565467327833176,-0.07052221894264221
1.7764678596081377e+18,-3.1131820678710938,0.7964543700218201,-0.0016962187364697456,0.029275350272655487,0.23713375627994537,-0.1885482221841812,-0.10713662207126617,-0.16277644038200378
1.776467859609138e+18,-2.897789716720581,-14.385015487670898,-0.06325190514326096,-0.013784755952656269,-0.0909702479839325,-0.06546909362077713,-0.10713662207126617,-0.009019406512379646
1.7764678596101379e+18,-3.636277914047241,-12.948930740356445,-0.0940297469496727,-0.03223908692598343,-0.13198325037956238,-0.12700866162776947,-0.16870778799057007,0.17548903822898865
1.7764678596111378e+18,-2.7439379692077637,8.182034492492676,-0.06325190514326096,-0.007633312605321407,-0.04995724931359291,0.026840249076485634,-0.045565467327833176,0.11398621648550034
1.776467859612138e+18,-3.174722909927368,-4.332420825958252,0.059859469532966614,-0.019936200231313705,-0.21400925517082214,0.026840249076485634,-0.10713662207126617,0.11398621648550034
1.776467859613138e+18,-4.3747663497924805,-5.0504631996154785,-0.12480759620666504,-0.026087643578648567,-0.0909702479839325,-0.06546909362077713,-0.045565467327833176,0.02173200063407421
1.776467859614138e+18,-0.09768843650817871,-16.744298934936523,0.09063731133937836,-0.013784755952656269,-0.17299625277519226,-0.06546909362077713,-0.045565467327833176,-0.039770811796188354
1.776467859615138e+18,0.24078534543514252,21.311954498291016,-0.0016962187364697456,0.010821018368005753,0.11409474909305573,0.08837981522083282,-0.045565467327833176,-0.10127362608909607
1.776467859616138e+18,-3.5439670085906982,-7.204590797424316,0.02908162586390972,0.004669575020670891,0.07308174669742584,0.08837981522083282,-0.10713662207126617,-0.25503066182136536
1.7764678596171382e+18,-5.236335754394531,15.567614555358887,-0.0940297469496727,-0.019936200231313705,-0.0909702479839325,-0.003929531201720238,-0.10713662207126617,0.05248340591788292
1.776467859618138e+18,-3.6978187561035156,-33.361854553222656,-0.03247406333684921,-0.013784755952656269,-0.21400925517082214,-0.096238873898983,-0.10713662207126617,-0.10127362608909607
1.776467859619138e+18,-2.6516270637512207,25.004743576049805,0.1214151531457901,-0.0014818687923252583,-0.21400925517082214,-0.096238873898983,-0.10713662207126617,-0.009019406512379646
1.7764678596201382e+18,-0.5900139212608337,-22.591215133666992,-0.0016962187364697456,-0.013784755952656269,-0.13198325037956238,-0.06546909362077713,-0.045565467327833176,-0.07052221894264221
1.7764678596211382e+18,-1.3285021781921387,-0.8447856307029724,-0.12480759620666504,0.016972461715340614,-0.13198325037956238,0.18068915605545044,-0.10713662207126617,-0.009019406512379646
1.7764678596221384e+18,-1.2361911535263062,-26.69431495666504,-0.12480759620666504,-0.019936200231313705,-0.008944249711930752,0.1191495954990387,-0.16870778799057007,0.17548903822898865
1.7764678596231383e+18,-5.7902021408081055,14.541839599609375,0.1214151531457901,-0.026087643578648567,0.032068751752376556,-0.03469931334257126,-0.045565467327833176,-0.19352784752845764
1.7764678596241382e+18,-4.590158462524414,37.108890533447266,0.1214151531457901,0.004669575020670891,-0.13198325037956238,-0.03469931334257126,-0.045565467327833176,0.05248340591788292
1.7764678596251384e+18,0.1484743058681488,20.081024169921875,0.1214151531457901,-0.03223908692598343,-0.21400925517082214,-0.21931800246238708,-0.10713662207126617,0.17548903822898865
1.7764678596261384e+18,-1.728516697883606,10.2335844039917,0.09063731133937836,-0.03223908692598343,-0.0909702479839325,-0.12700866162776947,-0.10713662207126617,0.2062404304742813
1.7764678596271383e+18,-4.220914363861084,22.235151290893555,-0.0016962187364697456,0.010821018368005753,-0.0909702479839325,-0.15777844190597534,-0.10713662207126617,-0.13202503323554993
1.7764678596281385e+18,-2.1900718212127686,-32.438655853271484,-0.0940297469496727,-0.0014818687923252583,0.11409474909305573,-0.28085756301879883,0.016005687415599823,-0.10127362608909607
1.7764678596291387e+18,-3.943981409072876,-11.102535247802734,0.1214151531457901,-0.019936200231313705,0.1551077514886856,-0.12700866162776947,-0.10713662207126617,0.11398621648550034
1.7764678596301386e+18,-0.5284732580184937,-7.307168006896973,-0.18636327981948853,0.023123906925320625,-0.13198325037956238,0.1191495954990387,-0.10713662207126617,-0.07052221894264221
1.7764678596311388e+18,-1.0207988023757935,-40.747432708740234,-0.03247406333684921,-0.013784755952656269,0.1551077514886856,-0.12700866162776947,0.016005687415599823,0.1447376310825348
1.7764678596321388e+18,-3.451655864715576,12.695444107055664,0.059859469532966614,-0.0014818687923252583,-0.17299625277519226,-0.1885482221841812,-0.10713662207126617,0.11398621648550034
1.776467859633139e+18,-6.744082450866699,24.90216636657715,-0.06325190514326096,0.004669575020670891,0.11409474909305573,-0.1885482221841812,-0.10713662207126617,-0.16277644038200378
1.776467859634139e+18,-0.6207842826843262,-29.874217987060547,-0.03247406333684921,-0.007633312605321407,0.1551077514886856,-0.12700866162776947,-0.10713662207126617,0.11398621648550034
1.776467859635139e+18,-0.8054063320159912,4.2840895652771,-0.03247406333684921,0.004669575020670891,0.1551077514886856,-0.21931800246238708,0.016005687415599823,-0.009019406512379646
1.776467859636139e+18,-4.405536651611328,5.104709148406982,-0.03247406333684921,0.010821018368005753,-0.13198325037956238,-0.1885482221841812,-0.045565467327833176,-0.07052221894264221
1.7764678596371392e+18,-1.5131242275238037,2.745426893234253,-0.0016962187364697456,-0.026087643578648567,0.07308174669742584,-0.003929531201720238,-0.10713662207126617,-0.07052221894264221
1.7764678596381391e+18,0.5792590975761414,0.2835668623447418,-0.06325190514326096,0.029275350272655487,-0.17299625277519226,-0.06546909362077713,-0.10713662207126617,0.11398621648550034
1.7764678596391393e+18,-4.713240146636963,-13.359240531921387,-0.03247406333684921,-0.013784755952656269,0.1551077514886856,-0.03469931334257126,-0.16870778799057007,-0.009019406512379646
1.7764678596401393e+18,-2.436234474182129,-3.819533109664917,-0.06325190514326096,0.016972461715340614,-0.0909702479839325,-0.03469931334257126,-0.10713662207126617,0.05248340591788292
1.7764678596411392e+18,-4.559388160705566,-27.00204849243164,-0.03247406333684921,-0.013784755952656269,-0.008944249711930752,0.08837981522083282,-0.16870778799057007,0.11398621648550034
1.7764678596421394e+18,-3.4208855628967285,-11.615423202514648,-0.12480759620666504,-0.026087643578648567,-0.008944249711930752,-0.096238873898983,-0.10713662207126617,-0.039770811796188354
1.7764678596431393e+18,-4.774780750274658,24.184123992919922,0.059859469532966614,-0.026087643578648567,0.11409474909305573,-0.21931800246238708,-0.10713662207126617,-0.07052221894264221
1.7764678596441395e+18,-0.6207842826843262,-25.258230209350586,-0.0016962187364697456,-0.007633312605321407,-0.008944249711930752,0.08837981522083282,-0.10713662207126617,-0.07052221894264221
1.7764678596451395e+18,-1.3285021781921387,-14.282438278198242,0.059859469532966614,-0.03223908692598343,-0.21400925517082214,0.3037682771682739,-0.10713662207126617,-0.13202503323554993
1.7764678596461396e+18,-2.2823827266693115,-13.8721284866333,0.09063731133937836,-0.0014818687923252583,-0.17299625277519226,-0.15777844190597534,-0.045565467327833176,0.1447376310825348
1.7764678596471396e+18,0.7331108450889587,-31.412879943847656,-0.0016962187364697456,0.004669575020670891,0.11409474909305573,-0.12700866162776947,-0.045565467327833176,0.17548903822898865
1.7764678596481398e+18,-4.00552225112915,23.671236038208008,-0.0940297469496727,-0.0014818687923252583,-0.04995724931359291,-0.12700866162776947,-0.045565467327833176,-0.13202503323554993
1.7764678596491397e+18,-2.0977606773376465,0.6938768625259399,0.059859469532966614,0.004669575020670891,-0.13198325037956238,-0.06546909362077713,-0.045565467327833176,-0.16277644038200378
1.77646785965014e+18,-0.43616223335266113,-19.513891220092773,-0.06325190514326096,-0.013784755952656269,-0.04995724931359291,-0.06546909362077713,-0.10713662207126617,-0.009019406512379646
1.7764678596511398e+18,-0.2515401542186737,-24.54018783569336,-0.0016962187364697456,0.004669575020670891,0.032068751752376556,-0.06546909362077713,-0.16870778799057007,0.17548903822898865
1.77646785965214e+18,-4.559388160705566,27.6717586517334,-0.0016962187364697456,-0.013784755952656269,-0.04995724931359291,0.1191495954990387,-0.16870778799057007,0.2677432596683502
1.77646785965314e+18,-4.559388160705566,0.6938768625259399,-0.03247406333684921,0.010821018368005753,-0.21400925517082214,0.334538072347641,-0.10713662207126617,0.1447376310825348
1.7764678596541402e+18,0.42540740966796875,-2.3834481239318848,-0.0940297469496727,0.04157823696732521,-0.21400925517082214,0.18068915605545044,-0.10713662207126617,-0.07052221894264221
1.77646785965514e+18,-3.667048215866089,20.286178588867188,-0.0016962187364697456,0.004669575020670891,-0.255022257566452,0.14991937577724457,-0.10713662207126617,-0.07052221894264221
1.7764678596561403e+18,-3.5131967067718506,-14.077282905578613,0.1214151531457901,-0.026087643578648567,-0.0909702479839325,0.18068915605545044,-0.10713662207126617,-0.13202503323554993
1.7764678596571402e+18,-5.297876358032227,16.080501556396484,-0.0016962187364697456,0.010821018368005753,-0.17299625277519226,0.3037682771682739,-0.10713662207126617,0.11398621648550034
1.7764678596581404e+18,-0.03614775091409683,-12.436042785644531,0.02908162586390972,-0.013784755952656269,-0.13198325037956238,0.2114589363336563,-0.10713662207126617,-0.07052221894264221
1.7764678596591404e+18,-2.436234474182129,32.80063247680664,0.1214151531457901,-0.013784755952656269,-0.17299625277519226,-0.06546909362077713,-0.10713662207126617,0.05248340591788292
1.7764678596601405e+18,-2.1285312175750732,-6.178815841674805,-0.18636327981948853,0.004669575020670891,0.1551077514886856,-0.12700866162776947,-0.16870778799057007,-0.07052221894264221
1.7764678596611405e+18,-1.6977462768554688,11.567091941833496,0.1214151531457901,0.004669575020670891,-0.17299625277519226,0.27299851179122925,-0.045565467327833176,-0.16277644038200378
1.7764678596621407e+18,-6.436379432678223,-1.870560646057129,0.1829708367586136,-0.019936200231313705,0.1551077514886856,-0.096238873898983,-0.16870778799057007,-0.039770811796188354
1.7764678596631406e+18,-3.667048215866089,35.77538299560547,0.15219299495220184,-0.019936200231313705,-0.04995724931359291,-0.003929531201720238,-0.045565467327833176,-0.13202503323554993
1.7764678596641408e+18,-3.7285890579223633,-13.359240531921387,-0.06325190514326096,-0.019936200231313705,0.032068751752376556,-0.03469931334257126,-0.045565467327833176,-0.039770811796188354
1.7764678596651407e+18,-6.774853229522705,-5.358195781707764,-0.18636327981948853,0.016972461715340614,-0.21400925517082214,-0.06546909362077713,-0.10713662207126617,-0.07052221894264221
1.776467859666141e+18,-3.5439670085906982,-1.2550956010818481,-0.03247406333684921,0.004669575020670891,0.07308174669742584,-0.12700866162776947,-0.10713662207126617,0.11398621648550034
1.7764678596671409e+18,-1.5131242275238037,-23.514413833618164,-0.12480759620666504,-0.013784755952656269,0.1961207538843155,-0.003929531201720238,-0.045565467327833176,-0.10127362608909607
1.776467859668141e+18,0.11770396679639816,-13.461817741394043,0.02908162586390972,-0.019936200231313705,0.07308174669742584,-0.21931800246238708,0.016005687415599823,0.2062404304742813
1.776467859669141e+18,-1.0823394060134888,22.74803924560547,0.1214151531457901,-0.026087643578648567,-0.008944249711930752,-0.06546909362077713,-0.045565467327833176,-0.009019406512379646
1.7764678596701412e+18,-2.251612424850464,-22.38606071472168,-0.06325190514326096,-0.0014818687923252583,-0.04995724931359291,0.057610031217336655,0.016005687415599823,-0.19352784752845764
1.776467859671141e+18,-0.37462154030799866,24.184123992919922,0.02908162586390972,0.004669575020670891,-0.13198325037956238,-0.03469931334257126,-0.045565467327833176,0.11398621648550034
1.7764678596721413e+18,-4.959402561187744,-4.2298431396484375,-0.0940297469496727,-0.019936200231313705,-0.008944249711930752,-0.003929531201720238,-0.10713662207126617,-0.039770811796188354
1.7764678596731412e+18,-0.8054063320159912,12.490289688110352,-0.0940297469496727,-0.007633312605321407,-0.008944249711930752,0.14991937577724457,-0.10713662207126617,0.17548903822898865
1.7764678596741414e+18,-2.1285312175750732,23.773815155029297,0.15219299495220184,-0.013784755952656269,-0.13198325037956238,-0.12700866162776947,-0.10713662207126617,0.08323480933904648
1.7764678596751414e+18,-3.759359359741211,-6.9994354248046875,-0.0940297469496727,0.010821018368005753,-0.21400925517082214,0.1191495954990387,0.016005687415599823,-0.16277644038200378
1.7764678596761416e+18,-3.636277914047241,18.644939422607422,-0.0940297469496727,-0.007633312605321407,0.11409474909305573,-0.03469931334257126,-0.045565467327833176,0.2677432596683502
1.7764678596771415e+18,-1.2054208517074585,-14.897903442382812,-0.06325190514326096,-0.026087643578648567,-0.0909702479839325,-0.03469931334257126,0.016005687415599823,0.08323480933904648
1.7764678596781417e+18,-2.066990375518799,-1.9731380939483643,-0.06325190514326096,-0.026087643578648567,0.11409474909305573,0.18068915605545044,-0.10713662207126617,-0.10127362608909607
1.7764678596791416e+18,-1.1746504306793213,-1.5628281831741333,-0.03247406333684921,-0.026087643578648567,-0.008944249711930752,0.1191495954990387,-0.045565467327833176,-0.039770811796188354
1.7764678596801418e+18,0.21001499891281128,7.771724224090576,0.059859469532966614,-0.026087643578648567,0.27814674377441406,-0.25008776783943176,-0.16870778799057007,-0.13202503323554993
1.7764678596811418e+18,-5.113254547119141,22.74803924560547,0.09063731133937836,-0.026087643578648567,-0.0909702479839325,-0.06546909362077713,-0.10713662207126617,-0.19352784752845764
1.776467859682142e+18,0.08693362772464752,17.003700256347656,0.02908162586390972,-0.013784755952656269,-0.17299625277519226,-0.003929531201720238,-0.10713662207126617,0.17548903822898865
1.776467859683142e+18,0.6715701818466187,-8.127788543701172,-0.12480759620666504,0.023123906925320625,-0.13198325037956238,-0.06546909362077713,-0.10713662207126617,0.05248340591788292
1.776467859684142e+18,-2.343923568725586,-10.179338455200195,-0.0940297469496727,-0.026087643578648567,0.11409474909305573,-0.1885482221841812,-0.10713662207126617,0.05248340591788292
1.776467859685142e+18,-1.2054208517074585,-21.975749969482422,-0.03247406333684921,-0.007633312605321407,0.07308174669742584,-0.15777844190597534,0.016005687415599823,-0.13202503323554993
1.7764678596861422e+18,-0.3438511788845062,-12.128310203552246,-0.06325190514326096,0.016972461715340614,-0.13198325037956238,-0.096238873898983,-0.10713662207126617,0.11398621648550034
1.7764678596871421e+18,0.42540740966796875,-8.64067554473877,-0.0016962187364697456,-0.019936200231313705,-0.04995724931359291,0.057610031217336655,-0.16870778799057007,-0.13202503323554993
1.7764678596881423e+18,-1.6362056732177734,-7.8200554847717285,0.059859469532966614,-0.03839053213596344,0.1551077514886856,-0.12700866162776947,-0.045565467327833176,-0.009019406512379646
1.7764678596891423e+18,-0.7130953073501587,-14.897903442382812,-0.12480759620666504,-0.007633312605321407,-0.17299625277519226,0.057610031217336655,-0.045565467327833176,-0.13202503323554993
1.7764678596901425e+18,-3.1131820678710938,-7.717478275299072,-0.15558543801307678,0.04772968217730522,-0.17299625277519226,0.057610031217336655,-0.045565467327833176,-0.13202503323554993
1.7764678596911424e+18,-0.43616223335266113,10.951626777648926,0.09063731133937836,-0.013784755952656269,-0.13198325037956238,0.24222871661186218,-0.10713662207126617,0.08323480933904648
1.7764678596921426e+18,0.4561777412891388,28.492380142211914,0.059859469532966614,-0.0014818687923252583,0.11409474909305573,-0.1885482221841812,-0.045565467327833176,0.11398621648550034
1.7764678596931425e+18,-1.0515691041946411,-15.513367652893066,0.059859469532966614,-0.026087643578648567,0.27814674377441406,-0.1885482221841812,-0.045565467327833176,0.1447376310825348
1.7764678596941427e+18,-5.513268947601318,1.1041868925094604,-0.03247406333684921,-0.007633312605321407,-0.008944249711930752,0.14991937577724457,-0.10713662207126617,-0.16277644038200378
1.7764678596951427e+18,0.3023260235786438,-25.668540954589844,0.02908162586390972,-0.019936200231313705,-0.0909702479839325,-0.096238873898983,-0.10713662207126617,0.08323480933904648
1.7764678596961428e+18,-4.159373760223389,24.90216636657715,-0.0016962187364697456,0.023123906925320625,0.07308174669742584,-0.12700866162776947,-0.10713662207126617,-0.07052221894264221
1.7764678596971428e+18,-0.005377406254410744,-14.077282905578613,-0.12480759620666504,0.004669575020670891,0.1551077514886856,-0.1885482221841812,-0.10713662207126617,-0.039770811796188354
1.776467859698143e+18,-0.9900283813476562,-40.64485549926758,-0.03247406333684921,-0.013784755952656269,0.1551077514886856,-0.15777844190597534,-0.045565467327833176,0.1447376310825348
1.776467859699143e+18,-1.1746504306793213,3.053159475326538,-0.15558543801307678,0.04772968217730522,-0.21400925517082214,0.14991937577724457,-0.10713662207126617,0.02173200063407421
1.776467859700143e+18,-1.4208132028579712,-11.615423202514648,-0.21714112162590027,-0.03223908692598343,0.27814674377441406,-0.21931800246238708,-0.10713662207126617,0.05248340591788292
1.776467859701143e+18,-1.6362056732177734,7.361414432525635,0.02908162586390972,0.010821018368005753,0.11409474909305573,-0.1885482221841812,-0.10713662207126617,-0.07052221894264221
1.7764678597021432e+18,-4.00552225112915,17.311431884765625,-0.0016962187364697456,-0.0014818687923252583,-0.008944249711930752,0.1191495954990387,-0.16870778799057007,-0.07052221894264221
1.7764678597031432e+18,-3.574737310409546,19.670713424682617,-0.03247406333684921,0.010821018368005753,0.032068751752376556,-0.15777844190597534,-0.10713662207126617,0.2062404304742813
1.7764678597041434e+18,-4.897861957550049,21.106800079345703,-0.0016962187364697456,0.010821018368005753,0.11409474909305573,-0.096238873898983,-0.10713662207126617,0.1447376310825348
1.7764678597051433e+18,-2.990100860595703,16.79854393005371,0.1214151531457901,-0.026087643578648567,0.1961207538843155,-0.1885482221841812,-0.10713662207126617,-0.009019406512379646
1.7764678597061435e+18,-5.236335754394531,-9.050985336303711,-0.03247406333684921,0.004669575020670891,0.07308174669742584,-0.15777844190597534,-0.045565467327833176,-0.19352784752845764
1.7764678597071434e+18,-0.9284877181053162,-1.1525181531906128,0.09063731133937836,0.010821018368005753,-0.13198325037956238,-0.15777844190597534,-0.10713662207126617,-0.07052221894264221
1.7764678597081436e+18,-3.7285890579223633,-1.9731380939483643,-0.06325190514326096,-0.007633312605321407,-0.008944249711930752,0.08837981522083282,-0.045565467327833176,-0.19352784752845764
1.7764678597091436e+18,-3.174722909927368,1.6170743703842163,-0.12480759620666504,0.0354267954826355,0.11409474909305573,-0.25008776783943176,-0.10713662207126617,0.1447376310825348
1.7764678597101437e+18,-0.7438656687736511,-25.565963745117188,-0.06325190514326096,-0.013784755952656269,-0.04995724931359291,-0.096238873898983,-0.045565467327833176,0.05248340591788292
1.7764678597111437e+18,-5.420958042144775,-18.488115310668945,-0.0940297469496727,-0.013784755952656269,-0.04995724931359291,0.026840249076485634,-0.10713662207126617,0.05248340591788292
1.776467859712144e+18,0.3023260235786438,-31.00257110595703,-0.12480759620666504,-0.007633312605321407,-0.008944249711930752,0.057610031217336655,-0.16870778799057007,-0.16277644038200378
1.7764678597131438e+18,-2.1900718212127686,23.260927200317383,-0.0016962187364697456,0.016972461715340614,-0.21400925517082214,0.24222871661186218,-0.045565467327833176,0.1447376310825348
1.776467859714144e+18,-1.8515980243682861,3.7712018489837646,0.1214151531457901,-0.007633312605321407,-0.21400925517082214,-0.12700866162776947,-0.10713662207126617,0.02173200063407421
1.776467859715144e+18,-3.6055076122283936,-8.64067554473877,-0.0016962187364697456,0.016972461715340614,-0.21400925517082214,0.057610031217336655,0.016005687415599823,-0.009019406512379646
1.776467859716144e+18,-0.1592291295528412,-30.284528732299805,-0.12480759620666504,-0.0014818687923252583,0.11409474909305573,-0.12700866162776947,-0.10713662207126617,-0.07052221894264221
1.776467859717144e+18,-1.1746504306793213,17.721742630004883,0.1214151531457901,-0.013784755952656269,-0.0909702479839325,-0.06546909362077713,-0.045565467327833176,0.05248340591788292
1.7764678597181443e+18,-2.897789716720581,-22.796371459960938,-0.03247406333684921,-0.0014818687923252583,0.07308174669742584,-0.003929531201720238,-0.10713662207126617,0.08323480933904648
1.7764678597191442e+18,-2.0977606773376465,31.261972427368164,-0.0016962187364697456,0.010821018368005753,-0.0909702479839325,-0.1885482221841812,-0.10713662207126617,-0.13202503323554993
1.7764678597201444e+18,-3.082411766052246,-15.103057861328125,-0.06325190514326096,-0.007633312605321407,0.11409474909305573,-0.1885482221841812,0.016005687415599823,-0.13202503323554993
1.7764678597211443e+18,-1.8515980243682861,23.773815155029297,0.059859469532966614,0.004669575020670891,-0.13198325037956238,-0.21931800246238708,-0.045565467327833176,-0.039770811796188354
1.7764678597221445e+18,-5.174795150756836,-0.22932063043117523,-0.0016962187364697456,-0.0014818687923252583,0.11409474909305573,-0.15777844190597534,-0.045565467327833176,-0.19352784752845764
1.7764678597231444e+18,-3.390115261077881,15.567614555358887,0.1214151531457901,-0.026087643578648567,-0.04995724931359291,-0.096238873898983,-0.10713662207126617,0.05248340591788292
1.7764678597241446e+18,-1.8515980243682861,-13.666973114013672,-0.0016962187364697456,-0.013784755952656269,-0.008944249711930752,0.08837981522083282,-0.045565467327833176,-0.039770811796188354
1.7764678597251446e+18,-5.820972442626953,-10.999958038330078,-0.06325190514326096,-0.0014818687923252583,0.032068751752376556,0.1191495954990387,-0.045565467327833176,-0.16277644038200378
1.7764678597261448e+18,-3.3285744190216064,-15.615945816040039,-0.18636327981948853,-0.026087643578648567,0.27814674377441406,-0.25008776783943176,-0.10713662207126617,0.17548903822898865
1.7764678597271447e+18,-2.066990375518799,10.131007194519043,0.15219299495220184,-0.013784755952656269,-0.04995724931359291,-0.03469931334257126,-0.045565467327833176,0.11398621648550034
1.776467859728145e+18,-1.6977462768554688,-25.15565299987793,-0.0940297469496727,-0.019936200231313705,-0.008944249711930752,-0.003929531201720238,-0.10713662207126617,-0.039770811796188354
1.7764678597291448e+18,-0.6823249459266663,3.566046953201294,0.059859469532966614,0.010821018368005753,-0.17299625277519226,-0.003929531201720238,-0.10713662207126617,0.17548903822898865
1.7764678597301448e+18,-3.6978187561035156,7.5665693283081055,-0.0016962187364697456,-0.0014818687923252583,0.1551077514886856,-0.1885482221841812,-0.10713662207126617,-0.10127362608909607
1.776467859731145e+18,-1.113109827041626,-25.873695373535156,-0.06325190514326096,-0.0014818687923252583,0.07308174669742584,-0.21931800246238708,-0.10713662207126617,-0.19352784752845764
1.776467859732145e+18,-2.159301519393921,14.336684226989746,-0.0016962187364697456,0.004669575020670891,-0.17299625277519226,-0.003929531201720238,-0.10713662207126617,0.02173200063407421
1.7764678597331448e+18,-2.2823827266693115,-12.743775367736816,0.02908162586390972,-0.026087643578648567,-0.13198325037956238,0.18068915605545044,0.07757684588432312,-0.13202503323554993
1.7764678597341448e+18,-3.359344959259033,-16.333988189697266,-0.06325190514326096,-0.0014818687923252583,0.11409474909305573,0.1191495954990387,-0.10713662207126617,0.08323480933904648
1.7764678597351447e+18,-0.7438656687736511,-31.412879943847656,-0.15558543801307678,0.023123906925320625,-0.13198325037956238,-0.003929531201720238,-0.045565467327833176,0.11398621648550034
1.776467859736145e+18,-3.482426166534424,-11.615423202514648,-0.03247406333684921,-0.007633312605321407,0.11409474909305573,-0.15777844190597534,-0.10713662207126617,0.11398621648550034
1.7764678597371448e+18,-0.9284877181053162,-5.973660469055176,-0.06325190514326096,-0.013784755952656269,-0.008944249711930752,0.057610031217336655,-0.10713662207126617,0.02173200063407421
1.7764678597381448e+18,-2.3131532669067383,24.286701202392578,0.02908162586390972,0.004669575020670891,-0.21400925517082214,0.3037682771682739,-0.10713662207126617,0.05248340591788292
1.7764678597391447e+18,-1.0823394060134888,-37.87526321411133,-0.06325190514326096,-0.013784755952656269,-0.0909702479839325,-0.003929531201720238,-0.045565467327833176,0.02173200063407421
1.776467859740145e+18,-5.913283348083496,10.131007194519043,-0.03247406333684921,-0.0014818687923252583,0.032068751752376556,-0.1885482221841812,0.016005687415599823,-0.19352784752845764
1.7764678597411448e+18,0.08693362772464752,-9.050985336303711,0.059859469532966614,-0.026087643578648567,-0.0909702479839325,-0.096238873898983,-0.10713662207126617,-0.039770811796188354
1.7764678597421448e+18,-3.6055076122283936,20.18360137939453,0.15219299495220184,-0.019936200231313705,0.032068751752376556,-0.003929531201720238,-0.045565467327833176,-0.19352784752845764
1.7764678597431447e+18,-5.174795150756836,-4.127265453338623,-0.0940297469496727,-0.007633312605321407,-0.21400925517082214,0.18068915605545044,-0.045565467327833176,-0.10127362608909607
1.7764678597441446e+18,1.2562066316604614,-29.566486358642578,-0.06325190514326096,-0.0014818687923252583,-0.008944249711930752,0.1191495954990387,-0.16870778799057007,-0.16277644038200378
1.7764678597451448e+18,-0.8361766934394836,-30.07937240600586,-0.06325190514326096,-0.007633312605321407,-0.0909702479839325,0.026840249076485634,-0.045565467327833176,-0.07052221894264221
1.7764678597461448e+18,-0.8669470548629761,21.004220962524414,-0.03247406333684921,0.010821018368005753,0.07308174669742584,-0.21931800246238708,-0.045565467327833176,0.23699183762073517
1.7764678597471447e+18,-3.482426166534424,-26.796894073486328,-0.0940297469496727,0.010821018368005753,-0.008944249711930752,-0.25008776783943176,-0.10713662207126617,0.11398621648550034
1.7764678597481446e+18,-6.3440680503845215,8.694921493530273,-0.03247406333684921,0.004669575020670891,0.032068751752376556,-0.096238873898983,-0.16870778799057007,0.23699183762073517
1.7764678597491446e+18,-0.3130808472633362,-23.411834716796875,-0.06325190514326096,-0.007633312605321407,-0.04995724931359291,0.026840249076485634,-0.045565467327833176,-0.13202503323554993
1.7764678597501448e+18,-5.851742744445801,2.0273842811584473,-0.18636327981948853,0.023123906925320625,-0.0909702479839325,0.026840249076485634,-0.10713662207126617,0.05248340591788292
1.7764678597511447e+18,-1.8515980243682861,-16.744298934936523,-0.18636327981948853,0.0354267954826355,-0.17299625277519226,-0.03469931334257126,-0.045565467327833176,-0.009019406512379646
1.7764678597521446e+18,-4.682469844818115,-10.48707103729248,-0.18636327981948853,0.023123906925320625,-0.13198325037956238,-0.06546909362077713,-0.10713662207126617,-0.19352784752845764
1.7764678597531446e+18,-0.9284877181053162,0.5912993550300598,-0.12480759620666504,0.029275350272655487,-0.21400925517082214,0.18068915605545044,-0.045565467327833176,-0.039770811796188354
1.7764678597541448e+18,-1.2669614553451538,-21.052553176879883,-0.03247406333684921,0.010821018368005753,-0.255022257566452,0.2114589363336563,-0.10713662207126617,0.11398621648550034
1.7764678597551447e+18,-1.5131242275238037,6.438216686248779,0.09063731133937836,-0.0014818687923252583,-0.17299625277519226,0.14991937577724457,-0.23027893900871277,0.11398621648550034
1.7764678597561446e+18,-4.467077255249023,25.72278594970703,0.1829708367586136,0.004669575020670891,-0.0909702479839325,-0.06546909362077713,-0.045565467327833176,0.08323480933904648
1.7764678597571446e+18,-1.9746793508529663,7.361414432525635,0.1214151531457901,-0.013784755952656269,-0.17299625277519226,-0.06546909362077713,-0.10713662207126617,0.05248340591788292
1.7764678597581445e+18,-3.759359359741211,3.9763569831848145,0.21374869346618652,-0.026087643578648567,0.23713375627994537,-0.1885482221841812,-0.16870778799057007,0.05248340591788292
1.7764678597591447e+18,0.4869481027126312,-12.333465576171875,0.059859469532966614,-0.026087643578648567,-0.008944249711930752,-0.096238873898983,-0.045565467327833176,0.05248340591788292
1.7764678597601446e+18,0.8254218697547913,30.338773727416992,0.1214151531457901,-0.007633312605321407,-0.0909702479839325,-0.06546909362077713,-0.045565467327833176,-0.10127362608909607
1.7764678597611446e+18,-6.190216541290283,5.720174312591553,0.24452653527259827,-0.019936200231313705,-0.255022257566452,0.08837981522083282,-0.10713662207126617,-0.039770811796188354
1.7764678597621445e+18,-3.9747517108917236,-7.512322902679443,0.21374869346618652,-0.019936200231313705,-0.0909702479839325,0.18068915605545044,-0.10713662207126617,-0.10127362608909607
1.7764678597631444e+18,-2.220842123031616,-9.461296081542969,-0.0016962187364697456,-0.026087643578648567,-0.0909702479839325,0.24222871661186218,-0.16870778799057007,-0.16277644038200378
1.7764678597641446e+18,-2.4670050144195557,-22.898948669433594,-0.06325190514326096,-0.007633312605321407,-0.04995724931359291,0.08837981522083282,-0.045565467327833176,-0.16277644038200378
1.7764678597651446e+18,1.3485177755355835,-26.591737747192383,-0.06325190514326096,-0.013784755952656269,0.1551077514886856,-0.12700866162776947,-0.045565467327833176,0.08323480933904648
1.7764678597661445e+18,-0.2515401542186737,-26.591737747192383,-0.0940297469496727,-0.026087643578648567,0.23713375627994537,-0.1885482221841812,-0.045565467327833176,0.1447376310825348
1.7764678597671444e+18,-0.03614775091409683,11.874824523925781,0.059859469532966614,0.010821018368005753,-0.13198325037956238,-0.12700866162776947,-0.045565467327833176,-0.19352784752845764
1.7764678597681446e+18,-1.2054208517074585,-8.538098335266113,-0.21714112162590027,0.016972461715340614,-0.17299625277519226,0.1191495954990387,-0.10713662207126617,-0.16277644038200378
1.7764678597691446e+18,-4.467077255249023,1.6170743703842163,-0.06325190514326096,-0.013784755952656269,0.1551077514886856,-0.12700866162776947,-0.10713662207126617,-0.07052221894264221
1.7764678597701445e+18,-5.174795150756836,0.1809893697500229,-0.06325190514326096,0.004669575020670891,-0.008944249711930752,-0.12700866162776947,-0.10713662207126617,-0.009019406512379646
1.7764678597711444e+18,0.8869625329971313,-24.335033416748047,-0.12480759620666504,0.023123906925320625,-0.0909702479839325,-0.06546909362077713,-0.045565467327833176,-0.13202503323554993
1.7764678597721444e+18,-4.590158462524414,-1.9731380939483643,-0.15558543801307678,0.023123906925320625,-0.13198325037956238,-0.03469931334257126,-0.10713662207126617,0.23699183762073517
1.7764678597731446e+18,1.010043978691101,-2.178293228149414,0.09063731133937836,-0.026087643578648567,0.31915974617004395,-0.25008776783943176,-0.045565467327833176,-0.009019406512379646
1.7764678597741445e+18,-6.374838352203369,-21.052553176879883,-0.0016962187364697456,-0.013784755952656269,0.07308174669742584,0.08837981522083282,-0.10713662207126617,0.08323480933904648
1.7764678597751444e+18,-2.159301519393921,15.157304763793945,0.1829708367586136,-0.019936200231313705,-0.04995724931359291,0.057610031217336655,-0.045565467327833176,-0.16277644038200378
1.7764678597761444e+18,-1.8515980243682861,-5.46077299118042,-0.0016962187364697456,-0.026087643578648567,0.11409474909305573,-0.15777844190597534,-0.045565467327833176,-0.07052221894264221
1.7764678597771443e+18,-4.990172863006592,-13.769550323486328,-0.12480759620666504,0.010821018368005753,-0.0909702479839325,-0.06546909362077713,-0.045565467327833176,-0.19352784752845764
1.7764678597781445e+18,-3.1131820678710938,-10.179338455200195,-0.12480759620666504,-0.0014818687923252583,-0.04995724931359291,0.08837981522083282,-0.10713662207126617,0.23699183762073517
1.7764678597791444e+18,-0.03614775091409683,34.647029876708984,0.09063731133937836,-0.0014818687923252583,-0.008944249711930752,-0.03469931334257126,-0.045565467327833176,0.11398621648550034
1.7764678597801444e+18,-3.6978187561035156,-6.6917033195495605,-0.15558543801307678,0.029275350272655487,-0.0909702479839325,-0.003929531201720238,-0.045565467327833176,-0.19352784752845764
1.7764678597811443e+18,-5.605579853057861,38.75012969970703,0.02908162586390972,-0.013784755952656269,-0.008944249711930752,0.1191495954990387,-0.10713662207126617,0.11398621648550034
1.7764678597821445e+18,0.1484743058681488,6.335639476776123,0.059859469532966614,-0.013784755952656269,-0.0909702479839325,0.1191495954990387,-0.10713662207126617,0.2984946668148041
1.7764678597831444e+18,-0.28231048583984375,-30.38710594177246,-0.06325190514326096,0.004669575020670891,0.11409474909305573,0.026840249076485634,-0.10713662207126617,0.1447376310825348
1.7764678597841444e+18,0.3638667166233063,-19.206157684326172,-0.06325190514326096,0.004669575020670891,-0.255022257566452,0.026840249076485634,-0.16870778799057007,-0.039770811796188354
1.7764678597851443e+18,-2.9285600185394287,-17.052030563354492,0.09063731133937836,-0.026087643578648567,-0.0909702479839325,-0.21931800246238708,-0.10713662207126617,0.17548903822898865
1.7764678597861443e+18,-3.851670265197754,-21.565441131591797,-0.0940297469496727,-0.013784755952656269,0.1551077514886856,-0.03469931334257126,-0.10713662207126617,-0.039770811796188354
1.7764678597871444e+18,-2.9285600185394287,21.106800079345703,0.059859469532966614,-0.03223908692598343,-0.21400925517082214,0.18068915605545044,-0.045565467327833176,-0.039770811796188354
1.7764678597881444e+18,-1.0515691041946411,-15.41079044342041,-0.03247406333684921,-0.03839053213596344,0.1551077514886856,-0.03469931334257126,-0.10713662207126617,-0.039770811796188354
1.7764678597891443e+18,-7.174867630004883,-17.667495727539062,-0.0940297469496727,0.004669575020670891,-0.008944249711930752,-0.06546909362077713,-0.16870778799057007,0.11398621648550034
1.7764678597901443e+18,-2.436234474182129,-1.2550956010818481,0.059859469532966614,-0.026087643578648567,-0.13198325037956238,-0.06546909362077713,-0.10713662207126617,0.17548903822898865
1.7764678597911442e+18,-0.06691809743642807,-38.1829948425293,-0.18636327981948853,0.023123906925320625,0.07308174669742584,-0.12700866162776947,-0.045565467327833176,-0.009019406512379646
1.7764678597921444e+18,-4.067062854766846,-1.767983078956604,0.24452653527259827,-0.019936200231313705,0.27814674377441406,-0.15777844190597534,-0.16870778799057007,0.08323480933904648
1.7764678597931443e+18,0.056163281202316284,-3.6143782138824463,0.09063731133937836,-0.03223908692598343,0.23713375627994537,-0.003929531201720238,-0.10713662207126617,-0.16277644038200378
1.7764678597941443e+18,-1.913138747215271,19.465559005737305,0.09063731133937836,-0.03223908692598343,0.23713375627994537,-0.1885482221841812,-0.10713662207126617,-0.13202503323554993
1.7764678597951442e+18,-2.620856523513794,-12.333465576171875,-0.15558543801307678,0.016972461715340614,-0.13198325037956238,-0.096238873898983,-0.045565467327833176,-0.039770811796188354
1.7764678597961444e+18,-1.482353925704956,10.746471405029297,0.059859469532966614,0.010821018368005753,-0.255022257566452,0.18068915605545044,-0.045565467327833176,-0.009019406512379646
1.7764678597971443e+18,-1.482353925704956,4.2840895652771,-0.03247406333684921,0.010821018368005753,-0.13198325037956238,-0.096238873898983,-0.045565467327833176,-0.009019406512379646
1.7764678597981443e+18,-1.2361911535263062,1.8222293853759766,0.09063731133937836,-0.019936200231313705,-0.04995724931359291,-0.003929531201720238,-0.045565467327833176,-0.16277644038200378
1.7764678597991442e+18,-1.1438801288604736,-0.22932063043117523,0.059859469532966614,-0.013784755952656269,-0.21400925517082214,0.14991937577724457,-0.16870778799057007,-0.009019406512379646
1.7764678598001441e+18,-1.4208132028579712,-11.307690620422363,-0.15558543801307678,0.010821018368005753,-0.17299625277519226,-0.12700866162776947,-0.045565467327833176,-0.009019406512379646
1.7764678598011443e+18,-2.9593303203582764,-2.0757155418395996,-0.0940297469496727,-0.013784755952656269,-0.13198325037956238,0.2114589363336563,-0.10713662207126617,-0.07052221894264221
1.7764678598021443e+18,-5.082484245300293,-4.434998035430908,-0.18636327981948853,0.023123906925320625,-0.17299625277519226,-0.06546909362077713,-0.045565467327833176,-0.13202503323554993
1.7764678598031442e+18,-0.7438656687736511,-1.767983078956604,-0.18636327981948853,0.04157823696732521,-0.21400925517082214,0.18068915605545044,-0.10713662207126617,-0.009019406512379646
1.776467859804144e+18,-3.943981409072876,-10.897380828857422,-0.15558543801307678,0.023123906925320625,-0.17299625277519226,-0.06546909362077713,-0.10713662207126617,0.11398621648550034
1.7764678598051443e+18,0.42540740966796875,10.951626777648926,0.1214151531457901,0.010821018368005753,-0.17299625277519226,0.18068915605545044,-0.045565467327833176,-0.10127362608909607
1.7764678598061443e+18,-2.436234474182129,25.72278594970703,-0.0016962187364697456,0.004669575020670891,0.032068751752376556,-0.12700866162776947,-0.045565467327833176,-0.13202503323554993
1.7764678598071442e+18,-5.390187740325928,10.2335844039917,-0.0016962187364697456,0.023123906925320625,-0.17299625277519226,-0.21931800246238708,-0.10713662207126617,-0.13202503323554993
1.7764678598081441e+18,-1.4208132028579712,-17.35976219177246,-0.03247406333684921,0.010821018368005753,-0.21400925517082214,0.3037682771682739,-0.10713662207126617,0.17548903822898865
1.776467859809144e+18,-1.1746504306793213,-21.668018341064453,-0.06325190514326096,-0.0014818687923252583,0.07308174669742584,-0.1885482221841812,0.016005687415599823,-0.10127362608909607
1.7764678598101443e+18,-1.913138747215271,-17.052030563354492,-0.12480759620666504,-0.026087643578648567,0.23713375627994537,-0.21931800246238708,-0.10713662207126617,0.17548903822898865
1.7764678598111442e+18,-2.3746938705444336,-33.669586181640625,-0.06325190514326096,-0.007633312605321407,0.07308174669742584,0.057610031217336655,-0.10713662207126617,0.08323480933904648
1.776467859812144e+18,-1.0515691041946411,6.643372058868408,0.1214151531457901,-0.019936200231313705,0.07308174669742584,0.026840249076485634,-0.10713662207126617,-0.039770811796188354
1.776467859813144e+18,0.025392938405275345,-11.205113410949707,-0.12480759620666504,-0.007633312605321407,0.11409474909305573,-0.096238873898983,-0.10713662207126617,-0.07052221894264221
1.776467859814144e+18,-0.8669470548629761,6.438216686248779,0.02908162586390972,0.023123906925320625,-0.17299625277519226,-0.06546909362077713,-0.045565467327833176,0.05248340591788292
1.7764678598151442e+18,-0.4053918719291687,-29.669063568115234,-0.15558543801307678,-0.0014818687923252583,0.1551077514886856,-0.096238873898983,-0.16870778799057007,-0.039770811796188354
1.7764678598161441e+18,-1.1438801288604736,30.954238891601562,0.1214151531457901,-0.0014818687923252583,-0.0909702479839325,0.026840249076485634,-0.10713662207126617,-0.16277644038200378
1.776467859817144e+18,-3.7901296615600586,-3.1014907360076904,0.24452653527259827,-0.03223908692598343,0.1551077514886856,-0.12700866162776947,-0.045565467327833176,-0.039770811796188354
1.776467859818144e+18,-2.436234474182129,19.465559005737305,0.059859469532966614,-0.026087643578648567,-0.0909702479839325,-0.096238873898983,-0.045565467327833176,0.17548903822898865
1.7764678598191442e+18,-1.3592724800109863,2.1299619674682617,-0.0940297469496727,0.029275350272655487,-0.04995724931359291,-0.096238873898983,-0.16870778799057007,0.05248340591788292
1.776467859820144e+18,-3.4208855628967285,14.439261436462402,-0.03247406333684921,0.016972461715340614,0.11409474909305573,-0.096238873898983,-0.10713662207126617,-0.009019406512379646
1.776467859821144e+18,-1.3592724800109863,1.0016093254089355,0.1214151531457901,-0.007633312605321407,-0.008944249711930752,-0.003929531201720238,-0.10713662207126617,0.08323480933904648
1.776467859822144e+18,-4.128603458404541,-3.819533109664917,-0.0940297469496727,0.010821018368005753,-0.04995724931359291,-0.003929531201720238,-0.10713662207126617,0.02173200063407421
1.776467859823144e+18,-3.205493211746216,-22.38606071472168,-0.06325190514326096,-0.0014818687923252583,0.032068751752376556,-0.12700866162776947,-0.045565467327833176,-0.009019406512379646
1.7764678598241441e+18,-4.00552225112915,-4.2298431396484375,0.1829708367586136,-0.026087643578648567,-0.04995724931359291,0.1191495954990387,-0.10713662207126617,-0.07052221894264221
1.776467859825144e+18,-1.2669614553451538,-14.692748069763184,-0.06325190514326096,0.016972461715340614,-0.17299625277519226,-0.06546909362077713,-0.045565467327833176,-0.07052221894264221
1.776467859826144e+18,-0.4977028965950012,-36.439178466796875,-0.0940297469496727,-0.0014818687923252583,-0.008944249711930752,-0.003929531201720238,-0.10713662207126617,-0.16277644038200378
1.776467859827144e+18,-0.4669325649738312,4.078934192657471,0.09063731133937836,-0.026087643578648567,-0.21400925517082214,-0.03469931334257126,-0.10713662207126617,0.17548903822898865
1.7764678598281439e+18,-4.620928764343262,-5.0504631996154785,-0.03247406333684921,-0.0014818687923252583,0.11409474909305573,-0.1885482221841812,-0.045565467327833176,0.05248340591788292
1.776467859829144e+18,1.3485177755355835,-13.154085159301758,0.1214151531457901,-0.026087643578648567,-0.008944249711930752,0.057610031217336655,-0.16870778799057007,-0.009019406512379646
1.776467859830144e+18,-3.6055076122283936,1.2067643404006958,0.09063731133937836,-0.007633312605321407,0.11409474909305573,-0.12700866162776947,-0.045565467327833176,0.05248340591788292
1.776467859831144e+18,-2.4670050144195557,-18.488115310668945,-0.15558543801307678,0.04157823696732521,-0.17299625277519226,0.18068915605545044,0.016005687415599823,-0.10127362608909607
1.776467859832144e+18,-4.9286322593688965,14.746994018554688,0.059859469532966614,-0.026087643578648567,-0.04995724931359291,0.057610031217336655,-0.045565467327833176,-0.07052221894264221
1.7764678598331438e+18,-1.4208132028579712,-17.667495727539062,-0.21714112162590027,-0.013784755952656269,0.07308174669742584,-0.1885482221841812,-0.045565467327833176,0.17548903822898865
1.7764678598341437e+18,-4.251684665679932,26.645984649658203,-0.03247406333684921,0.010821018368005753,-0.17299625277519226,-0.003929531201720238,-0.045565467327833176,-0.10127362608909607
1.7764678598351437e+18,-5.35941743850708,14.336684226989746,0.059859469532966614,-0.007633312605321407,0.11409474909305573,-0.1885482221841812,-0.10713662207126617,-0.07052221894264221
1.7764678598361436e+18,-2.251612424850464,22.74803924560547,-0.03247406333684921,0.010821018368005753,0.07308174669742584,-0.21931800246238708,-0.10713662207126617,0.1447376310825348
1.7764678598371436e+18,-3.9747517108917236,12.798022270202637,-0.03247406333684921,0.010821018368005753,-0.0909702479839325,-0.15777844190597534,-0.10713662207126617,-0.13202503323554993
1.7764678598381432e+18,-5.451728343963623,14.131529808044434,-0.0940297469496727,-0.013784755952656269,-0.008944249711930752,0.057610031217336655,-0.10713662207126617,-0.10127362608909607
1.7764678598391432e+18,-3.851670265197754,-13.051507949829102,-0.15558543801307678,0.023123906925320625,-0.04995724931359291,-0.003929531201720238,-0.23027893900871277,0.05248340591788292
1.776467859840143e+18,-3.943981409072876,11.259359359741211,0.09063731133937836,-0.026087643578648567,-0.04995724931359291,-0.096238873898983,-0.045565467327833176,0.08323480933904648
1.776467859841143e+18,-0.7746359705924988,3.4634692668914795,-0.06325190514326096,0.023123906925320625,-0.008944249711930752,-0.06546909362077713,-0.10713662207126617,0.11398621648550034
1.776467859842143e+18,-1.0515691041946411,-12.538620948791504,-0.06325190514326096,0.016972461715340614,-0.17299625277519226,-0.15777844190597534,-0.045565467327833176,-0.07052221894264221
1.776467859843143e+18,-1.4208132028579712,-11.923155784606934,-0.18636327981948853,-0.007633312605321407,0.11409474909305573,-0.1885482221841812,-0.10713662207126617,-0.009019406512379646
1.7764678598441428e+18,-1.1438801288604736,21.927419662475586,-0.0016962187364697456,0.016972461715340614,0.07308174669742584,-0.25008776783943176,-0.10713662207126617,0.2062404304742813
1.7764678598451428e+18,0.4869481027126312,-7.409745693206787,-0.12480759620666504,-0.019936200231313705,-0.04995724931359291,-0.096238873898983,0.016005687415599823,-0.19352784752845764
1.7764678598461427e+18,-1.482353925704956,-19.61646842956543,-0.03247406333684921,-0.007633312605321407,0.07308174669742584,-0.003929531201720238,-0.045565467327833176,-0.10127362608909607
1.7764678598471427e+18,-0.8669470548629761,-28.54071044921875,-0.0940297469496727,-0.0014818687923252583,-0.0909702479839325,0.026840249076485634,-0.10713662207126617,-0.19352784752845764
1.7764678598481426e+18,-5.513268947601318,-12.333465576171875,0.24452653527259827,-0.026087643578648567,0.032068751752376556,0.1191495954990387,-0.10713662207126617,-0.009019406512379646
1.7764678598491425e+18,-3.482426166534424,1.7196518182754517,-0.03247406333684921,0.010821018368005753,-0.13198325037956238,-0.1885482221841812,-0.045565467327833176,-0.13202503323554993
1.7764678598501425e+18,-2.1900718212127686,2.540271759033203,0.09063731133937836,-0.013784755952656269,-0.0909702479839325,-0.12700866162776947,-0.045565467327833176,0.11398621648550034
1.7764678598511424e+18,-1.4515835046768188,-4.947885513305664,-0.15558543801307678,-0.013784755952656269,0.1551077514886856,-0.06546909362077713,-0.10713662207126617,-0.039770811796188354
1.7764678598521423e+18,-5.297876358032227,33.5186767578125,0.1214151531457901,-0.019936200231313705,-0.04995724931359291,-0.03469931334257126,-0.10713662207126617,-0.16277644038200378
1.7764678598531423e+18,0.9177328944206238,-5.563350677490234,-0.0940297469496727,0.016972461715340614,-0.17299625277519226,-0.03469931334257126,-0.10713662207126617,0.08323480933904648
1.7764678598541422e+18,-0.9900283813476562,-27.92524528503418,-0.0016962187364697456,-0.0014818687923252583,0.07308174669742584,0.1191495954990387,-0.10713662207126617,0.17548903822898865
1.7764678598551421e+18,-3.6055076122283936,26.235673904418945,0.1214151531457901,-0.0014818687923252583,-0.17299625277519226,-0.003929531201720238,-0.045565467327833176,0.02173200063407421
1.776467859856142e+18,-2.713167667388916,-20.744821548461914,-0.06325190514326096,-0.03223908692598343,0.1551077514886856,-0.12700866162776947,-0.10713662207126617,0.08323480933904648
1.776467859857142e+18,-5.7902021408081055,-1.357673168182373,-0.06325190514326096,0.004669575020670891,0.032068751752376556,-0.21931800246238708,-0.045565467327833176,-0.19352784752845764
1.776467859858142e+18,1.7793024778366089,-15.615945816040039,-0.0940297469496727,0.004669575020670891,-0.04995724931359291,0.14991937577724457,-0.10713662207126617,-0.13202503323554993
1.7764678598591416e+18,-3.020871162414551,-8.332942962646484,0.09063731133937836,-0.026087643578648567,-0.04995724931359291,0.1191495954990387,-0.10713662207126617,-0.10127362608909607
1.7764678598601416e+18,-3.1439523696899414,-1.4602506160736084,-0.12480759620666504,0.010821018368005753,0.11409474909305573,-0.12700866162776947,-0.10713662207126617,-0.039770811796188354
1.7764678598611415e+18,-4.713240146636963,-11.205113410949707,0.09063731133937836,-0.026087643578648567,0.11409474909305573,0.1191495954990387,-0.16870778799057007,-0.13202503323554993
1.7764678598621414e+18,0.3023260235786438,-36.131446838378906,-0.0016962187364697456,-0.0014818687923252583,-0.008944249711930752,-0.15777844190597534,-0.10713662207126617,-0.10127362608909607
1.7764678598631414e+18,0.8869625329971313,-13.359240531921387,0.02908162586390972,-0.019936200231313705,-0.008944249711930752,-0.003929531201720238,-0.045565467327833176,-0.13202503323554993
1.7764678598641413e+18,-4.282454967498779,-16.539142608642578,-0.03247406333684921,-0.007633312605321407,0.07308174669742584,-0.25008776783943176,-0.16870778799057007,-0.10127362608909607
1.7764678598651412e+18,-5.420958042144775,-1.6654056310653687,0.24452653527259827,-0.03223908692598343,-0.04995724931359291,0.14991937577724457,-0.16870778799057007,-0.07052221894264221
1.7764678598661412e+18,-4.8363213539123535,-10.999958038330078,-0.21714112162590027,0.023123906925320625,-0.17299625277519226,-0.03469931334257126,-0.10713662207126617,-0.16277644038200378
1.776467859867141e+18,-2.220842123031616,-0.22932063043117523,0.02908162586390972,0.010821018368005753,-0.17299625277519226,-0.06546909362077713,-0.16870778799057007,-0.13202503323554993
1.776467859868141e+18,-1.1438801288604736,-15.513367652893066,-0.03247406333684921,-0.03839053213596344,0.1961207538843155,-0.12700866162776947,-0.045565467327833176,0.02173200063407421
1.776467859869141e+18,-1.2054208517074585,35.877960205078125,0.1214151531457901,-0.013784755952656269,-0.008944249711930752,0.1191495954990387,-0.16870778799057007,0.2062404304742813
1.776467859870141e+18,-3.451655864715576,7.25883674621582,0.09063731133937836,-0.03223908692598343,-0.008944249711930752,0.057610031217336655,-0.045565467327833176,-0.07052221894264221
1.7764678598711409e+18,-1.666975975036621,-1.2550956010818481,-0.18636327981948853,-0.013784755952656269,-0.13198325037956238,-0.096238873898983,-0.045565467327833176,-0.10127362608909607
1.7764678598721408e+18,-3.5439670085906982,14.541839599609375,0.09063731133937836,-0.026087643578648567,0.11409474909305573,-0.25008776783943176,-0.045565467327833176,-0.13202503323554993
1.7764678598731407e+18,-5.082484245300293,28.184646606445312,0.09063731133937836,-0.026087643578648567,-0.0909702479839325,0.08837981522083282,-0.045565467327833176,-0.16277644038200378
1.7764678598741407e+18,-5.944053649902344,17.20885467529297,0.059859469532966614,0.023123906925320625,-0.21400925517082214,0.18068915605545044,-0.10713662207126617,-0.10127362608909607
1.7764678598751406e+18,0.7331108450889587,-35.208248138427734,-0.06325190514326096,-0.0014818687923252583,-0.0909702479839325,0.3037682771682739,-0.045565467327833176,-0.009019406512379646
1.7764678598761405e+18,-2.9285600185394287,28.082069396972656,0.09063731133937836,0.010821018368005753,-0.255022257566452,0.18068915605545044,-0.10713662207126617,-0.07052221894264221
1.7764678598771405e+18,-3.5439670085906982,9.412964820861816,0.059859469532966614,-0.03223908692598343,-0.13198325037956238,0.18068915605545044,-0.045565467327833176,-0.039770811796188354
1.7764678598781404e+18,-4.343996047973633,7.66914701461792,0.02908162586390972,0.016972461715340614,-0.17299625277519226,0.18068915605545044,-0.16870778799057007,0.11398621648550034
1.7764678598791404e+18,-0.8669470548629761,-13.769550323486328,-0.06325190514326096,-0.007633312605321407,0.27814674377441406,-0.25008776783943176,-0.10713662207126617,-0.009019406512379646
1.77646785988014e+18,-1.297731876373291,-22.180906295776367,-0.18636327981948853,0.010821018368005753,-0.008944249711930752,-0.06546909362077713,-0.045565467327833176,0.02173200063407421
1.77646785988114e+18,-2.990100860595703,-22.078327178955078,-0.03247406333684921,0.010821018368005753,-0.255022257566452,0.18068915605545044,-0.10713662207126617,0.05248340591788292
1.77646785988214e+18,-4.313225746154785,21.517108917236328,-0.06325190514326096,-0.0014818687923252583,-0.04995724931359291,-0.3116273581981659,0.016005687415599823,-0.039770811796188354
1.7764678598831398e+18,-2.620856523513794,-11.205113410949707,0.27530437707901,-0.007633312605321407,-0.008944249711930752,-0.06546909362077713,-0.045565467327833176,0.11398621648550034
1.7764678598841398e+18,-2.2823827266693115,-13.8721284866333,-0.15558543801307678,-0.026087643578648567,-0.13198325037956238,-0.25008776783943176,-0.10713662207126617,-0.07052221894264221
1.7764678598851397e+18,-6.744082450866699,-4.127265453338623,-0.15558543801307678,0.010821018368005753,-0.17299625277519226,-0.03469931334257126,-0.045565467327833176,-0.16277644038200378
1.7764678598861396e+18,-1.6977462768554688,-13.359240531921387,-0.12480759620666504,-0.0014818687923252583,-0.008944249711930752,0.057610031217336655,-0.10713662207126617,-0.07052221894264221
1.7764678598871396e+18,-5.482498645782471,8.182034492492676,-0.03247406333684921,-0.0014818687923252583,0.07308174669742584,-0.096238873898983,-0.10713662207126617,0.23699183762073517
1.7764678598881395e+18,-3.759359359741211,31.467126846313477,0.059859469532966614,-0.026087643578648567,0.31915974617004395,-0.1885482221841812,-0.10713662207126617,-0.07052221894264221
1.7764678598891395e+18,-3.8824408054351807,16.080501556396484,0.09063731133937836,-0.013784755952656269,-0.04995724931359291,0.057610031217336655,0.07757684588432312,-0.16277644038200378
1.7764678598901394e+18,-4.00552225112915,-15.718523025512695,-0.0940297469496727,-0.007633312605321407,0.032068751752376556,-0.3116273581981659,-0.045565467327833176,-0.19352784752845764
1.7764678598911393e+18,-0.8669470548629761,4.7969770431518555,0.02908162586390972,-0.026087643578648567,-0.04995724931359291,-0.003929531201720238,-0.10713662207126617,0.1447376310825348
1.7764678598921393e+18,-1.297731876373291,6.027906894683838,0.02908162586390972,0.016972461715340614,-0.04995724931359291,-0.096238873898983,-0.045565467327833176,-0.19352784752845764
1.7764678598931392e+18,-2.620856523513794,-8.743252754211426,-0.12480759620666504,-0.0014818687923252583,-0.17299625277519226,0.18068915605545044,-0.045565467327833176,-0.039770811796188354
1.7764678598941391e+18,-2.528545618057251,29.51815414428711,0.059859469532966614,-0.0014818687923252583,-0.0909702479839325,-0.06546909362077713,-0.045565467327833176,0.02173200063407421
1.776467859895139e+18,-3.390115261077881,9.823274612426758,-0.0016962187364697456,-0.0014818687923252583,0.032068751752376556,-0.096238873898983,-0.10713662207126617,0.05248340591788292
1.776467859896139e+18,-0.6823249459266663,15.977924346923828,-0.0016962187364697456,0.010821018368005753,0.07308174669742584,-0.1885482221841812,-0.10713662207126617,0.05248340591788292
1.776467859897139e+18,-1.9746793508529663,-26.284006118774414,-0.21714112162590027,0.010821018368005753,-0.13198325037956238,-0.1885482221841812,-0.10713662207126617,0.11398621648550034
1.776467859898139e+18,-2.9285600185394287,8.387188911437988,-0.0016962187364697456,-0.0014818687923252583,-0.0909702479839325,0.08837981522083282,-0.10713662207126617,-0.039770811796188354
1.7764678598991388e+18,-4.159373760223389,16.080501556396484,0.02908162586390972,-0.013784755952656269,0.23713375627994537,-0.1885482221841812,-0.045565467327833176,-0.13202503323554993
1.7764678599001388e+18,-2.3131532669067383,-19.9242000579834,-0.12480759620666504,0.016972461715340614,-0.04995724931359291,-0.06546909362077713,-0.045565467327833176,0.05248340591788292
1.7764678599011387e+18,-4.7440104484558105,-2.69118070602417,0.21374869346618652,-0.026087643578648567,-0.008944249711930752,0.2114589363336563,-0.045565467327833176,-0.039770811796188354
1.7764678599021384e+18,-1.0207988023757935,-9.666450500488281,-0.0940297469496727,-0.013784755952656269,0.11409474909305573,-0.21931800246238708,-0.10713662207126617,-0.19352784752845764
1.7764678599031383e+18,-2.0054497718811035,21.106800079345703,0.1214151531457901,-0.026087643578648567,-0.008944249711930752,0.057610031217336655,-0.10713662207126617,-0.16277644038200378
1.7764678599041382e+18,0.27155569195747375,-4.640152931213379,0.02908162586390972,-0.026087643578648567,0.27814674377441406,-0.21931800246238708,-0.16870778799057007,0.11398621648550034
1.7764678599051382e+18,-3.943981409072876,4.694399356842041,0.02908162586390972,-0.019936200231313705,-0.17299625277519226,0.08837981522083282,-0.10713662207126617,-0.07052221894264221
1.776467859906138e+18,-1.543894648551941,19.260404586791992,0.09063731133937836,0.023123906925320625,-0.2960352599620819,-0.003929531201720238,-0.10713662207126617,-0.10127362608909607
1.776467859907138e+18,-1.6977462768554688,6.643372058868408,0.059859469532966614,0.016972461715340614,-0.255022257566452,0.18068915605545044,-0.16870778799057007,-0.009019406512379646
1.776467859908138e+18,-4.036292552947998,31.261972427368164,0.15219299495220184,-0.026087643578648567,-0.0909702479839325,-0.003929531201720238,-0.045565467327833176,0.08323480933904648
1.776467859909138e+18,0.11770396679639816,-18.898426055908203,-0.12480759620666504,-0.0014818687923252583,0.032068751752376556,0.026840249076485634,-0.10713662207126617,0.2677432596683502
1.7764678599101379e+18,-2.713167667388916,23.773815155029297,0.1214151531457901,-0.019936200231313705,-0.04995724931359291,-0.03469931334257126,-0.10713662207126617,0.08323480933904648
1.7764678599111378e+18,-0.6823249459266663,-36.131446838378906,-0.0940297469496727,-0.0014818687923252583,0.032068751752376556,0.057610031217336655,-0.16870778799057007,0.11398621648550034
1.7764678599121377e+18,0.8561922311782837,-6.07623815536499,0.02908162586390972,-0.026087643578648567,0.31915974617004395,-0.25008776783943176,-0.045565467327833176,0.1447376310825348
1.7764678599131377e+18,-4.097833156585693,-4.742730617523193,-0.12480759620666504,0.0354267954826355,-0.13198325037956238,-0.21931800246238708,-0.045565467327833176,0.08323480933904648
1.7764678599141376e+18,-0.12845878303050995,-18.38553810119629,-0.12480759620666504,-0.019936200231313705,-0.008944249711930752,-0.12700866162776947,-0.10713662207126617,-0.13202503323554993
1.7764678599151375e+18,-4.00552225112915,3.566046953201294,-0.12480759620666504,0.0354267954826355,-0.13198325037956238,-0.06546909362077713,-0.045565467327833176,-0.039770811796188354
1.7764678599161375e+18,-2.8362491130828857,-14.282438278198242,-0.15558543801307678,0.010821018368005753,-0.21400925517082214,0.1191495954990387,-0.10713662207126617,0.02173200063407421
1.7764678599171374e+18,-3.1131820678710938,-17.667495727539062,-0.0940297469496727,0.010821018368005753,-0.04995724931359291,-0.28085756301879883,-0.16870778799057007,0.1447376310825348
1.7764678599181373e+18,-1.5746649503707886,18.542362213134766,0.059859469532966614,0.004669575020670891,0.07308174669742584,0.14991937577724457,-0.045565467327833176,0.08323480933904648
1.7764678599191373e+18,-2.713167667388916,35.36507034301758,-0.03247406333684921,0.023123906925320625,0.1961207538843155,0.08837981522083282,-0.10713662207126617,-0.10127362608909607
1.7764678599201372e+18,-0.06691809743642807,-35.208248138427734,-0.0016962187364697456,-0.013784755952656269,-0.17299625277519226,-0.06546909362077713,-0.10713662207126617,-0.009019406512379646
1.7764678599211372e+18,-0.12845878303050995,-17.052030563354492,0.059859469532966614,-0.007633312605321407,-0.21400925517082214,-0.15777844190597534,-0.10713662207126617,0.23699183762073517
1.776467859922137e+18,-2.9285600185394287,-8.127788543701172,-0.12480759620666504,-0.007633312605321407,-0.008944249711930752,0.057610031217336655,0.016005687415599823,-0.13202503323554993
1.7764678599231368e+18,-4.067062854766846,21.517108917236328,0.1829708367586136,-0.007633312605321407,-0.0909702479839325,-0.03469931334257126,0.016005687415599823,0.08323480933904648
1.7764678599241367e+18,-2.5900862216949463,1.411919355392456,0.27530437707901,-0.013784755952656269,-0.17299625277519226,0.2114589363336563,0.016005687415599823,-0.10127362608909607
1.7764678599251366e+18,-2.3746938705444336,27.6717586517334,-0.12480759620666504,-0.0014818687923252583,-0.04995724931359291,0.08837981522083282,0.016005687415599823,0.02173200063407421
1.7764678599261366e+18,-4.128603458404541,18.644939422607422,-0.12480759620666504,-0.007633312605321407,-0.0909702479839325,-0.096238873898983,-0.10713662207126617,0.02173200063407421
1.7764678599271365e+18,-3.174722909927368,-2.3834481239318848,-0.12480759620666504,-0.026087643578648567,0.032068751752376556,0.27299851179122925,-0.045565467327833176,-0.10127362608909607
1.7764678599281364e+18,-1.0515691041946411,17.926897048950195,-0.0016962187364697456,0.010821018368005753,0.07308174669742584,0.08837981522083282,-0.10713662207126617,-0.07052221894264221
1.7764678599291364e+18,0.025392938405275345,-15.205636024475098,0.1214151531457901,0.010821018368005753,-0.13198325037956238,-0.003929531201720238,-0.045565467327833176,0.05248340591788292
1.7764678599301366e+18,-4.620928764343262,-15.821100234985352,0.15219299495220184,-0.03839053213596344,0.1961207538843155,-0.1885482221841812,-0.045565467327833176,-0.009019406512379646
1.7764678599311365e+18,-1.6054352521896362,-7.204590797424316,-0.03247406333684921,0.004669575020670891,-0.0909702479839325,-0.06546909362077713,-0.045565467327833176,-0.16277644038200378
1.7764678599321364e+18,-1.0515691041946411,-2.998913049697876,0.02908162586390972,-0.013784755952656269,-0.17299625277519226,-0.096238873898983,-0.10713662207126617,-0.10127362608909607
1.7764678599331364e+18,-3.574737310409546,-9.461296081542969,-0.15558543801307678,-0.026087643578648567,-0.21400925517082214,0.24222871661186218,0.016005687415599823,-0.009019406512379646
1.7764678599341363e+18,-0.7438656687736511,-4.2298431396484375,0.15219299495220184,0.004669575020670891,-0.0909702479839325,-0.1885482221841812,-0.10713662207126617,-0.07052221894264221
1.7764678599351365e+18,-1.4208132028579712,-1.357673168182373,0.15219299495220184,0.010821018368005753,-0.008944249711930752,-0.1885482221841812,-0.10713662207126617,-0.039770811796188354
1.7764678599361364e+18,1.1331253051757812,12.798022270202637,0.1214151531457901,0.010821018368005753,-0.0909702479839325,-0.15777844190597534,-0.10713662207126617,-0.13202503323554993
1.7764678599371364e+18,-0.43616223335266113,-29.566486358642578,-0.06325190514326096,-0.013784755952656269,-0.13198325037956238,-0.06546909362077713,-0.10713662207126617,0.02173200063407421
1.7764678599381363e+18,-4.590158462524414,-8.332942962646484,-0.18636327981948853,0.023123906925320625,-0.0909702479839325,-0.06546909362077713,-0.045565467327833176,0.08323480933904648
1.7764678599391365e+18,0.17924465239048004,-5.153040409088135,0.059859469532966614,-0.0014818687923252583,-0.13198325037956238,-0.15777844190597534,-0.10713662207126617,-0.07052221894264221
1.7764678599401364e+18,-1.6362056732177734,18.542362213134766,-0.03247406333684921,0.004669575020670891,0.07308174669742584,0.1191495954990387,-0.045565467327833176,-0.16277644038200378
1.7764678599411364e+18,-1.482353925704956,-4.2298431396484375,-0.18636327981948853,-0.026087643578648567,-0.04995724931359291,0.026840249076485634,-0.10713662207126617,-0.13202503323554993
1.7764678599421363e+18,-2.4054641723632812,-15.923678398132324,0.059859469532966614,-0.013784755952656269,-0.17299625277519226,-0.15777844190597534,-0.045565467327833176,0.2062404304742813
1.7764678599431363e+18,-3.267033815383911,-25.7711181640625,-0.0940297469496727,-0.026087643578648567,-0.0909702479839325,-0.096238873898983,-0.10713662207126617,-0.009019406512379646
1.7764678599441364e+18,-1.7592869997024536,-11.718000411987305,0.27530437707901,-0.0014818687923252583,-0.17299625277519226,-0.25008776783943176,-0.045565467327833176,-0.10127362608909607
1.7764678599451364e+18,-1.6977462768554688,28.28722381591797,0.1214151531457901,-0.013784755952656269,-0.0909702479839325,-0.03469931334257126,-0.10713662207126617,0.11398621648550034
1.7764678599461363e+18,-4.528617858886719,-14.79532527923584,-0.12480759620666504,-0.019936200231313705,-0.0909702479839325,-0.03469931334257126,-0.10713662207126617,-0.07052221894264221
1.7764678599471363e+18,-4.990172863006592,-3.511800527572632,-0.12480759620666504,-0.019936200231313705,-0.17299625277519226,0.24222871661186218,-0.045565467327833176,0.05248340591788292
1.7764678599481362e+18,-2.713167667388916,0.5912993550300598,0.1214151531457901,-0.0014818687923252583,0.07308174669742584,-0.003929531201720238,-0.16870778799057007,-0.16277644038200378
1.7764678599491364e+18,-4.897861957550049,-10.589648246765137,-0.03247406333684921,-0.03223908692598343,-0.13198325037956238,-0.03469931334257126,0.016005687415599823,0.05248340591788292
1.7764678599501363e+18,-0.37462154030799866,6.951104164123535,-0.03247406333684921,0.016972461715340614,0.36017274856567383,-0.06546909362077713,-0.10713662207126617,-0.16277644038200378
1.7764678599511363e+18,-3.851670265197754,-24.642765045166016,-0.0940297469496727,-0.019936200231313705,-0.13198325037956238,-0.06546909362077713,-0.10713662207126617,0.05248340591788292
1.7764678599521362e+18,-3.082411766052246,-9.666450500488281,-0.18636327981948853,0.023123906925320625,-0.17299625277519226,-0.06546909362077713,-0.10713662207126617,0.11398621648550034
1.776467859953136e+18,-3.482426166534424,11.669669151306152,-0.06325190514326096,0.010821018368005753,0.07308174669742584,-0.003929531201720238,-0.045565467327833176,-0.19352784752845764
1.7764678599541363e+18,0.9792736172676086,9.105232238769531,0.1214151531457901,0.004669575020670891,-0.04995724931359291,-0.06546909362077713,-0.10713662207126617,-0.19352784752845764
1.7764678599551363e+18,-3.7901296615600586,-24.23245620727539,0.02908162586390972,-0.007633312605321407,-0.13198325037956238,-0.096238873898983,-0.10713662207126617,-0.13202503323554993
1.7764678599561362e+18,-0.2515401542186737,13.310909271240234,0.059859469532966614,0.010821018368005753,0.11409474909305573,0.1191495954990387,-0.045565467327833176,-0.19352784752845764
1.7764678599571361e+18,-3.4208855628967285,31.467126846313477,0.02908162586390972,0.023123906925320625,0.032068751752376556,-0.06546909362077713,-0.16870778799057007,-0.07052221894264221
1.7764678599581363e+18,1.4715991020202637,26.851139068603516,0.02908162586390972,0.004669575020670891,0.11409474909305573,0.057610031217336655,-0.045565467327833176,-0.10127362608909607
1.7764678599591363e+18,-1.666975975036621,31.159395217895508,-0.03247406333684921,0.004669575020670891,0.07308174669742584,-0.003929531201720238,-0.10713662207126617,0.23699183762073517
1.7764678599601362e+18,-1.9746793508529663,29.005266189575195,0.059859469532966614,0.029275350272655487,0.1551077514886856,-0.12700866162776947,-0.10713662207126617,-0.16277644038200378
1.776467859961136e+18,-1.8515980243682861,-4.127265453338623,-0.18636327981948853,-0.019936200231313705,-0.13198325037956238,0.14991937577724457,-0.10713662207126617,0.17548903822898865
1.776467859962136e+18,-2.5900862216949463,28.28722381591797,0.09063731133937836,0.023123906925320625,-0.008944249711930752,-0.15777844190597534,-0.10713662207126617,-0.07052221894264221
1.7764678599631363e+18,1.2254363298416138,20.286178588867188,-0.0016962187364697456,-0.0014818687923252583,-0.04995724931359291,0.057610031217336655,-0.10713662207126617,0.05248340591788292
1.7764678599641362e+18,-1.1438801288604736,11.772247314453125,-0.03247406333684921,-0.007633312605321407,-0.008944249711930752,0.1191495954990387,-0.045565467327833176,0.05248340591788292
1.7764678599651361e+18,0.025392938405275345,14.439261436462402,0.059859469532966614,-0.0014818687923252583,0.07308174669742584,-0.15777844190597534,-0.16870778799057007,-0.16277644038200378
1.776467859966136e+18,-1.4208132028579712,-25.360807418823242,-0.06325190514326096,-0.007633312605321407,-0.04995724931359291,0.14991937577724457,-0.10713662207126617,0.05248340591788292
1.776467859967136e+18,-0.18999947607517242,19.465559005737305,0.059859469532966614,-0.0014818687923252583,0.11409474909305573,-0.1885482221841812,-0.10713662207126617,0.17548903822898865
1.7764678599681362e+18,-2.220842123031616,13.926374435424805,0.02908162586390972,0.016972461715340614,0.07308174669742584,0.08837981522083282,-0.045565467327833176,0.08323480933904648
1.776467859969136e+18,-2.713167667388916,44.90477752685547,0.059859469532966614,0.023123906925320625,0.1551077514886856,-0.03469931334257126,-0.10713662207126617,-0.16277644038200378
1.776467859970136e+18,0.17924465239048004,-23.104103088378906,-0.0016962187364697456,-0.026087643578648567,-0.17299625277519226,-0.096238873898983,-0.16870778799057007,-0.039770811796188354
1.776467859971136e+18,0.17924465239048004,-21.46286392211914,-0.06325190514326096,-0.007633312605321407,0.032068751752376556,0.026840249076485634,-0.10713662207126617,-0.009019406512379646
1.776467859972136e+18,-3.390115261077881,-13.666973114013672,-0.15558543801307678,0.016972461715340614,0.07308174669742584,-0.1885482221841812,-0.10713662207126617,-0.009019406512379646
1.7764678599731361e+18,-1.3900429010391235,4.2840895652771,0.059859469532966614,0.004669575020670891,-0.255022257566452,0.057610031217336655,-0.10713662207126617,-0.039770811796188354
1.776467859974136e+18,-3.5439670085906982,-3.4092230796813965,0.24452653527259827,0.023123906925320625,-0.13198325037956238,-0.1885482221841812,-0.10713662207126617,0.1447376310825348
1.776467859975136e+18,-1.0823394060134888,-17.872650146484375,0.24452653527259827,-0.013784755952656269,-0.0909702479839325,-0.28085756301879883,-0.045565467327833176,-0.10127362608909607
1.776467859976136e+18,-2.1285312175750732,37.108890533447266,-0.03247406333684921,0.010821018368005753,0.1551077514886856,0.18068915605545044,-0.045565467327833176,-0.07052221894264221
1.776467859977136e+18,-2.9593303203582764,4.591821670532227,-0.18636327981948853,-0.019936200231313705,-0.008944249711930752,0.18068915605545044,-0.10713662207126617,0.11398621648550034
1.776467859978136e+18,-4.190144062042236,-9.358717918395996,-0.15558543801307678,-0.019936200231313705,-0.13198325037956238,0.026840249076485634,-0.10713662207126617,-0.009019406512379646
1.776467859979136e+18,-4.590158462524414,-11.615423202514648,-0.18636327981948853,-0.019936200231313705,0.31915974617004395,-0.21931800246238708,-0.10713662207126617,0.11398621648550034
1.776467859980136e+18,-4.343996047973633,22.1325740814209,0.09063731133937836,-0.026087643578648567,-0.008944249711930752,0.026840249076485634,-0.10713662207126617,0.05248340591788292
1.776467859981136e+18,-3.020871162414551,-6.281393051147461,-0.247918963432312,0.010821018368005753,-0.255022257566452,0.057610031217336655,-0.10713662207126617,-0.10127362608909607
1.776467859982136e+18,-3.1439523696899414,0.7964543700218201,-0.03247406333684921,0.010821018368005753,-0.13198325037956238,-0.21931800246238708,-0.10713662207126617,-0.13202503323554993
1.776467859983136e+18,-1.8208277225494385,1.0016093254089355,-0.18636327981948853,-0.013784755952656269,-0.04995724931359291,-0.1885482221841812,-0.10713662207126617,0.17548903822898865
1.776467859984136e+18,-2.3746938705444336,-23.61699104309082,-0.06325190514326096,-0.0014818687923252583,-0.04995724931359291,0.08837981522083282,-0.10713662207126617,-0.16277644038200378
1.7764678599851359e+18,-1.3900429010391235,5.309864521026611,0.059859469532966614,-0.026087643578648567,0.1551077514886856,-0.12700866162776947,-0.045565467327833176,-0.13202503323554993
1.7764678599861358e+18,-1.0823394060134888,-22.283483505249023,-0.15558543801307678,0.004669575020670891,-0.008944249711930752,-0.003929531201720238,-0.045565467327833176,0.05248340591788292
1.776467859987136e+18,1.010043978691101,-0.8447856307029724,-0.12480759620666504,0.016972461715340614,-0.0909702479839325,-0.06546909362077713,-0.10713662207126617,0.05248340591788292
1.776467859988136e+18,-1.297731876373291,-23.822145462036133,-0.18636327981948853,0.023123906925320625,0.1961207538843155,-0.12700866162776947,-0.10713662207126617,-0.07052221894264221
1.776467859989136e+18,-3.297804117202759,-21.668018341064453,-0.03247406333684921,-0.019936200231313705,-0.17299625277519226,-0.15777844190597534,-0.045565467327833176,0.08323480933904648
1.7764678599901358e+18,-3.451655864715576,29.312999725341797,-0.0016962187364697456,0.016972461715340614,0.1551077514886856,-0.06546909362077713,-0.10713662207126617,-0.10127362608909607
1.7764678599911357e+18,-3.174722909927368,34.74960708618164,0.059859469532966614,0.016972461715340614,-0.008944249711930752,-0.15777844190597534,-0.10713662207126617,-0.07052221894264221
1.776467859992136e+18,-1.3592724800109863,-8.538098335266113,-0.0940297469496727,-0.019936200231313705,0.1961207538843155,-0.21931800246238708,-0.10713662207126617,0.11398621648550034
1.7764678599931359e+18,-2.3746938705444336,-39.82423400878906,-0.06325190514326096,-0.026087643578648567,-0.04995724931359291,-0.06546909362077713,-0.045565467327833176,0.1447376310825348
1.7764678599941358e+18,-0.3438511788845062,17.721742630004883,0.059859469532966614,0.010821018368005753,0.07308174669742584,0.08837981522083282,-0.045565467327833176,-0.19352784752845764
1.7764678599951357e+18,-1.3592724800109863,1.7196518182754517,0.1829708367586136,0.010821018368005753,-0.04995724931359291,-0.12700866162776947,-0.10713662207126617,-0.16277644038200378
1.776467859996136e+18,-3.7285890579223633,-25.053075790405273,-0.0940297469496727,-0.0014818687923252583,-0.04995724931359291,0.1191495954990387,-0.10713662207126617,-0.16277644038200378
1.776467859997136e+18,-4.805551052093506,1.7196518182754517,-0.06325190514326096,0.029275350272655487,0.1961207538843155,-0.1885482221841812,-0.10713662207126617,-0.07052221894264221
1.7764678599981358e+18,1.6562211513519287,-2.48602557182312,0.059859469532966614,-0.03223908692598343,-0.21400925517082214,0.24222871661186218,-0.10713662207126617,-0.009019406512379646
1.7764678599991357e+18,-0.18999947607517242,19.773292541503906,0.1214151531457901,-0.03223908692598343,-0.04995724931359291,0.08837981522083282,-0.10713662207126617,0.2677432596683502
1.7764678600001357e+18,-0.43616223335266113,-25.873695373535156,-0.15558543801307678,-0.007633312605321407,0.1551077514886856,-0.12700866162776947,-0.10713662207126617,-0.07052221894264221
1.7764678600011359e+18,-3.020871162414551,-6.794280529022217,0.059859469532966614,-0.0014818687923252583,0.07308174669742584,-0.28085756301879883,-0.10713662207126617,-0.13202503323554993
1.7764678600021358e+18,-1.0207988023757935,24.389280319213867,0.15219299495220184,-0.013784755952656269,-0.17299625277519226,-0.096238873898983,-0.10713662207126617,-0.039770811796188354
1.7764678600031357e+18,-2.9285600185394287,-4.434998035430908,-0.15558543801307678,-0.019936200231313705,-0.008944249711930752,0.2114589363336563,-0.045565467327833176,-0.039770811796188354
1.7764678600041357e+18,0.056163281202316284,-5.153040409088135,0.1214151531457901,-0.026087643578648567,-0.255022257566452,-0.1885482221841812,-0.045565467327833176,0.1447376310825348
1.7764678600051356e+18,-1.3592724800109863,-17.257184982299805,-0.12480759620666504,-0.007633312605321407,-0.04995724931359291,0.057610031217336655,-0.045565467327833176,0.11398621648550034
1.7764678600061358e+18,-4.805551052093506,-10.897380828857422,-0.03247406333684921,-0.007633312605321407,0.07308174669742584,-0.03469931334257126,-0.10713662207126617,0.1447376310825348
1.7764678600071357e+18,-2.3131532669067383,12.490289688110352,0.059859469532966614,0.010821018368005753,-0.0909702479839325,-0.12700866162776947,-0.045565467327833176,-0.13202503323554993
1.7764678600081357e+18,-1.2361911535263062,7.874301910400391,0.1214151531457901,0.016972461715340614,0.11409474909305573,-0.096238873898983,-0.045565467327833176,-0.13202503323554993
1.7764678600091356e+18,-3.7285890579223633,-8.43552017211914,-0.12480759620666504,-0.0014818687923252583,-0.0909702479839325,-0.15777844190597534,-0.10713662207126617,-0.07052221894264221
1.7764678600101356e+18,-1.2361911535263062,3.6686244010925293,0.1214151531457901,0.029275350272655487,0.032068751752376556,-0.15777844190597534,-0.10713662207126617,-0.07052221894264221
1.7764678600111357e+18,-5.051713943481445,-14.487592697143555,0.059859469532966614,-0.0014818687923252583,-0.21400925517082214,-0.21931800246238708,-0.10713662207126617,-0.13202503323554993
1.7764678600121357e+18,-3.267033815383911,22.645462036132812,-0.06325190514326096,-0.013784755952656269,-0.008944249711930752,0.026840249076485634,-0.10713662207126617,0.05248340591788292
1.7764678600131356e+18,0.1484743058681488,0.38614436984062195,-0.15558543801307678,-0.026087643578648567,0.032068751752376556,0.18068915605545044,-0.10713662207126617,-0.07052221894264221
1.7764678600141356e+18,-2.159301519393921,-3.7169556617736816,0.02908162586390972,-0.03839053213596344,0.11409474909305573,0.1191495954990387,-0.10713662207126617,-0.07052221894264221
1.7764678600151357e+18,-1.5131242275238037,11.669669151306152,-0.03247406333684921,0.004669575020670891,0.032068751752376556,0.1191495954990387,-0.045565467327833176,0.08323480933904648
1.7764678600161357e+18,-5.944053649902344,-33.77216339111328,0.02908162586390972,-0.013784755952656269,-0.13198325037956238,-0.12700866162776947,-0.10713662207126617,-0.13202503323554993
1.7764678600171356e+18,-2.9593303203582764,37.929508209228516,0.02908162586390972,0.023123906925320625,0.1551077514886856,0.057610031217336655,-0.045565467327833176,-0.039770811796188354
1.7764678600181356e+18,-3.174722909927368,-29.15617561340332,-0.12480759620666504,-0.026087643578648567,-0.17299625277519226,0.2114589363336563,-0.10713662207126617,-0.10127362608909607
1.7764678600191355e+18,-2.6516270637512207,-17.667495727539062,0.02908162586390972,-0.026087643578648567,-0.17299625277519226,-0.15777844190597534,-0.10713662207126617,0.1447376310825348
1.7764678600201357e+18,-4.867091655731201,22.235151290893555,-0.06325190514326096,0.010821018368005753,0.11409474909305573,0.08837981522083282,-0.10713662207126617,-0.13202503323554993
1.7764678600211356e+18,0.5484887957572937,18.02947425842285,0.1214151531457901,0.010821018368005753,-0.255022257566452,0.057610031217336655,-0.045565467327833176,-0.13202503323554993
1.7764678600221356e+18,-4.282454967498779,25.004743576049805,-0.03247406333684921,0.004669575020670891,0.1551077514886856,-0.25008776783943176,-0.10713662207126617,0.17548903822898865
1.7764678600231355e+18,-0.1592291295528412,12.695444107055664,0.02908162586390972,0.010821018368005753,0.07308174669742584,0.08837981522083282,-0.10713662207126617,-0.19352784752845764
1.7764678600241354e+18,-4.590158462524414,-7.922633171081543,-0.0940297469496727,0.0354267954826355,0.032068751752376556,-0.21931800246238708,-0.10713662207126617,-0.07052221894264221
1.7764678600251356e+18,-3.020871162414551,21.619686126708984,0.1214151531457901,-0.026087643578648567,-0.0909702479839325,-0.03469931334257126,-0.10713662207126617,-0.2242792546749115
1.7764678600261356e+18,-5.605579853057861,1.411919355392456,-0.03247406333684921,-0.013784755952656269,-0.008944249711930752,-0.003929531201720238,-0.045565467327833176,0.05248340591788292
1.7764678600271355e+18,-3.3285744190216064,39.878482818603516,0.1214151531457901,-0.0014818687923252583,-0.0909702479839325,-0.06546909362077713,-0.045565467327833176,-0.009019406512379646
1.7764678600281354e+18,0.4869481027126312,-0.33189812302589417,0.059859469532966614,-0.03839053213596344,0.11409474909305573,-0.21931800246238708,-0.10713662207126617,0.1447376310825348
1.7764678600291356e+18,-2.805478572845459,-24.54018783569336,-0.12480759620666504,-0.026087643578648567,-0.008944249711930752,-0.03469931334257126,-0.045565467327833176,0.11398621648550034
1.7764678600301356e+18,-1.2361911535263062,4.181511878967285,0.02908162586390972,-0.0014818687923252583,-0.17299625277519226,-0.03469931334257126,-0.16870778799057007,0.11398621648550034
1.7764678600311355e+18,-4.559388160705566,-1.5628281831741333,0.21374869346618652,-0.026087643578648567,-0.17299625277519226,0.18068915605545044,-0.045565467327833176,-0.19352784752845764
1.7764678600321357e+18,-2.2823827266693115,-32.74638748168945,-0.03247406333684921,-0.013784755952656269,-0.13198325037956238,-0.096238873898983,-0.10713662207126617,-0.009019406512379646
1.7764678600331356e+18,-1.1746504306793213,-10.48707103729248,0.1829708367586136,0.010821018368005753,0.032068751752376556,-0.096238873898983,-0.10713662207126617,-0.10127362608909607
1.7764678600341356e+18,-2.8362491130828857,6.335639476776123,-0.06325190514326096,-0.013784755952656269,-0.008944249711930752,0.057610031217336655,-0.045565467327833176,-0.19352784752845764
1.7764678600351357e+18,-1.7900573015213013,-41.0551643371582,-0.12480759620666504,-0.007633312605321407,-0.0909702479839325,0.057610031217336655,-0.045565467327833176,-0.039770811796188354
1.7764678600361357e+18,0.3946370482444763,14.23410701751709,0.059859469532966614,0.010821018368005753,0.032068751752376556,0.057610031217336655,-0.045565467327833176,-0.13202503323554993
1.7764678600371356e+18,-4.3747663497924805,19.260404586791992,-0.06325190514326096,0.004669575020670891,0.032068751752376556,0.057610031217336655,0.016005687415599823,0.05248340591788292
1.7764678600381358e+18,0.11770396679639816,-1.870560646057129,-0.12480759620666504,0.010821018368005753,0.1551077514886856,-0.096238873898983,-0.10713662207126617,-0.07052221894264221
1.7764678600391357e+18,-3.5131967067718506,-25.360807418823242,-0.0940297469496727,-0.019936200231313705,-0.0909702479839325,-0.096238873898983,-0.045565467327833176,0.05248340591788292
1.7764678600401357e+18,-3.667048215866089,13.61864185333252,0.02908162586390972,0.010821018368005753,-0.17299625277519226,-0.21931800246238708,0.016005687415599823,0.1447376310825348
1.7764678600411359e+18,-0.7438656687736511,-35.00309371948242,-0.15558543801307678,-0.0014818687923252583,0.1551077514886856,-0.12700866162776947,-0.10713662207126617,-0.10127362608909607
1.7764678600421358e+18,-2.4670050144195557,18.43978500366211,0.1214151531457901,-0.019936200231313705,-0.13198325037956238,-0.003929531201720238,-0.10713662207126617,0.05248340591788292
1.776467860043136e+18,-2.8362491130828857,38.44239807128906,0.02908162586390972,0.023123906925320625,0.1551077514886856,0.14991937577724457,-0.045565467327833176,-0.039770811796188354
1.776467860044136e+18,-3.636277914047241,21.106800079345703,-0.06325190514326096,-0.013784755952656269,-0.0909702479839325,-0.03469931334257126,-0.045565467327833176,0.02173200063407421
1.776467860045136e+18,-1.8515980243682861,-7.8200554847717285,0.02908162586390972,0.010821018368005753,0.07308174669742584,-0.25008776783943176,-0.045565467327833176,-0.13202503323554993
1.776467860046136e+18,-4.128603458404541,-19.206157684326172,-0.06325190514326096,-0.019936200231313705,-0.0909702479839325,-0.06546909362077713,-0.045565467327833176,0.02173200063407421
1.776467860047136e+18,-7.390259742736816,-3.511800527572632,-0.12480759620666504,-0.007633312605321407,-0.0909702479839325,-0.003929531201720238,-0.10713662207126617,0.05248340591788292
1.776467860048136e+18,-4.897861957550049,24.286701202392578,-0.0016962187364697456,0.016972461715340614,0.07308174669742584,-0.15777844190597534,-0.045565467327833176,-0.039770811796188354
1.776467860049136e+18,-3.574737310409546,-40.64485549926758,-0.06325190514326096,-0.007633312605321407,0.032068751752376556,0.1191495954990387,-0.16870778799057007,-0.07052221894264221
1.776467860050136e+18,-1.6977462768554688,-20.129356384277344,0.02908162586390972,-0.0014818687923252583,-0.255022257566452,-0.21931800246238708,-0.10713662207126617,-0.07052221894264221
1.776467860051136e+18,-5.35941743850708,10.02842903137207,-0.0940297469496727,-0.013784755952656269,0.032068751752376556,0.2114589363336563,-0.10713662207126617,-0.16277644038200378
1.7764678600521362e+18,-4.897861957550049,8.182034492492676,-0.0940297469496727,-0.007633312605321407,0.27814674377441406,-0.12700866162776947,-0.16870778799057007,-0.13202503323554993
1.7764678600531361e+18,-1.3592724800109863,46.648597717285156,0.059859469532966614,0.016972461715340614,0.1551077514886856,0.1191495954990387,-0.045565467327833176,-0.10127362608909607
1.776467860054136e+18,0.5484887957572937,5.309864521026611,-0.15558543801307678,-0.013784755952656269,-0.008944249711930752,0.1191495954990387,-0.045565467327833176,-0.009019406512379646
1.7764678600551363e+18,-2.8362491130828857,39.57075119018555,0.15219299495220184,0.004669575020670891,-0.0909702479839325,-0.15777844190597534,-0.045565467327833176,-0.10127362608909607
1.7764678600561362e+18,-3.7285890579223633,-19.719045639038086,-0.03247406333684921,-0.0014818687923252583,-0.008944249711930752,0.057610031217336655,-0.16870778799057007,0.11398621648550034
1.7764678600571364e+18,-2.528545618057251,-11.512845993041992,-0.12480759620666504,-0.026087643578648567,-0.21400925517082214,0.27299851179122925,-0.10713662207126617,-0.19352784752845764
1.7764678600581363e+18,2.087005853652954,11.361936569213867,0.21374869346618652,0.010821018368005753,-0.04995724931359291,-0.12700866162776947,-0.10713662207126617,-0.13202503323554993
1.7764678600591363e+18,0.3638667166233063,12.285134315490723,0.09063731133937836,0.010821018368005753,0.07308174669742584,0.026840249076485634,-0.045565467327833176,0.02173200063407421
1.7764678600601364e+18,-4.067062854766846,-3.1014907360076904,-0.12480759620666504,-0.03839053213596344,-0.0909702479839325,0.026840249076485634,-0.045565467327833176,0.17548903822898865
1.7764678600611364e+18,-4.159373760223389,-4.537575721740723,0.02908162586390972,-0.007633312605321407,-0.255022257566452,-0.1885482221841812,-0.045565467327833176,0.1447376310825348
1.7764678600621363e+18,-2.066990375518799,18.43978500366211,-0.03247406333684921,0.023123906925320625,-0.13198325037956238,-0.06546909362077713,-0.10713662207126617,0.08323480933904648
1.7764678600631365e+18,0.6100294589996338,-20.642242431640625,-0.12480759620666504,-0.026087643578648567,0.032068751752376556,0.2114589363336563,-0.045565467327833176,-0.16277644038200378
1.7764678600641364e+18,-2.9593303203582764,-5.973660469055176,0.24452653527259827,-0.013784755952656269,-0.17299625277519226,-0.1885482221841812,-0.10713662207126617,0.05248340591788292
1.7764678600651364e+18,0.6715701818466187,10.438739776611328,0.1214151531457901,0.010821018368005753,0.11409474909305573,-0.003929531201720238,-0.10713662207126617,-0.19352784752845764
1.7764678600661366e+18,-0.5592436194419861,12.490289688110352,0.02908162586390972,0.016972461715340614,0.1551077514886856,0.057610031217336655,-0.045565467327833176,-0.009019406512379646
1.7764678600671365e+18,-3.0516414642333984,29.21042251586914,-0.06325190514326096,-0.013784755952656269,0.032068751752376556,-0.003929531201720238,-0.045565467327833176,0.05248340591788292
1.7764678600681364e+18,-1.0207988023757935,-6.794280529022217,0.21374869346618652,-0.013784755952656269,-0.17299625277519226,-0.21931800246238708,-0.10713662207126617,0.08323480933904648
1.7764678600691366e+18,-4.959402561187744,12.387711524963379,-0.03247406333684921,-0.0014818687923252583,0.032068751752376556,-0.06546909362077713,-0.045565467327833176,0.23699183762073517
1.7764678600701366e+18,-4.436306953430176,-10.589648246765137,-0.06325190514326096,-0.0014818687923252583,-0.008944249711930752,0.08837981522083282,-0.10713662207126617,0.05248340591788292
1.7764678600711365e+18,-0.7746359705924988,13.516064643859863,0.1214151531457901,-0.013784755952656269,-0.13198325037956238,-0.06546909362077713,-0.10713662207126617,0.08323480933904648
1.7764678600721367e+18,-2.1900718212127686,-24.129878997802734,-0.0940297469496727,-0.007633312605321407,-0.04995724931359291,0.057610031217336655,-0.16870778799057007,0.2677432596683502
1.7764678600731366e+18,0.5792590975761414,3.6686244010925293,-0.0016962187364697456,0.010821018368005753,0.032068751752376556,0.057610031217336655,-0.045565467327833176,-0.07052221894264221
1.7764678600741368e+18,-4.559388160705566,-3.4092230796813965,-0.15558543801307678,-0.013784755952656269,-0.21400925517082214,0.18068915605545044,-0.045565467327833176,0.17548903822898865
1.7764678600751368e+18,0.42540740966796875,-16.026256561279297,0.24452653527259827,-0.019936200231313705,-0.255022257566452,-0.003929531201720238,-0.10713662207126617,0.1447376310825348
1.7764678600761367e+18,-5.482498645782471,-18.488115310668945,-0.06325190514326096,0.0354267954826355,-0.17299625277519226,-0.12700866162776947,-0.045565467327833176,-0.009019406512379646
1.776467860077137e+18,-1.7900573015213013,-38.59330749511719,-0.12480759620666504,-0.013784755952656269,-0.0909702479839325,-0.003929531201720238,-0.045565467327833176,0.1447376310825348
1.7764678600781368e+18,-0.8977173566818237,13.00317668914795,0.1829708367586136,-0.007633312605321407,-0.13198325037956238,-0.06546909362077713,-0.10713662207126617,0.05248340591788292
1.7764678600791368e+18,-3.451655864715576,-0.22932063043117523,-0.12480759620666504,0.029275350272655487,-0.17299625277519226,0.1191495954990387,-0.045565467327833176,-0.16277644038200378
1.776467860080137e+18,-5.267106056213379,32.1851692199707,-0.0016962187364697456,0.010821018368005753,0.1551077514886856,0.057610031217336655,-0.16870778799057007,-0.13202503323554993
1.776467860081137e+18,-4.7440104484558105,10.336161613464355,-0.12480759620666504,0.010821018368005753,0.1551077514886856,-0.06546909362077713,0.016005687415599823,-0.13202503323554993
1.7764678600821368e+18,-1.5131242275238037,-14.79532527923584,-0.15558543801307678,0.010821018368005753,0.1961207538843155,-0.1885482221841812,-0.045565467327833176,-0.039770811796188354
1.776467860083137e+18,0.6715701818466187,-14.79532527923584,-0.21714112162590027,-0.013784755952656269,0.07308174669742584,-0.1885482221841812,-0.10713662207126617,0.08323480933904648
1.776467860084137e+18,-4.7440104484558105,-5.973660469055176,0.24452653527259827,-0.026087643578648567,0.032068751752376556,0.057610031217336655,-0.045565467327833176,-0.039770811796188354
1.776467860085137e+18,-5.236335754394531,15.7727689743042,-0.03247406333684921,-0.013784755952656269,-0.13198325037956238,-0.03469931334257126,-0.045565467327833176,0.02173200063407421
1.776467860086137e+18,-6.005594253540039,4.899554252624512,-0.06325190514326096,-0.007633312605321407,-0.04995724931359291,0.1191495954990387,-0.045565467327833176,-0.16277644038200378
1.776467860087137e+18,1.7485321760177612,17.41400909423828,-0.0016962187364697456,0.016972461715340614,0.07308174669742584,0.057610031217336655,-0.16870778799057007,-0.13202503323554993
1.7764678600881372e+18,-4.251684665679932,4.078934192657471,0.24452653527259827,-0.026087643578648567,0.07308174669742584,0.18068915605545044,-0.10713662207126617,-0.16277644038200378
1.7764678600891372e+18,-3.636277914047241,31.774858474731445,0.059859469532966614,0.029275350272655487,0.11409474909305573,-0.06546909362077713,-0.10713662207126617,-0.07052221894264221
1.776467860090137e+18,-2.4670050144195557,-25.873695373535156,-0.0016962187364697456,-0.026087643578648567,-0.04995724931359291,0.18068915605545044,-0.10713662207126617,-0.13202503323554993
1.7764678600911373e+18,-0.6515546441078186,-26.489160537719727,-0.12480759620666504,0.016972461715340614,0.032068751752376556,-0.12700866162776947,-0.10713662207126617,-0.009019406512379646
1.7764678600921372e+18,-0.2515401542186737,-4.742730617523193,0.15219299495220184,-0.013784755952656269,-0.255022257566452,-0.06546909362077713,-0.045565467327833176,-0.009019406512379646
1.7764678600931372e+18,-5.574809551239014,24.286701202392578,0.1214151531457901,0.004669575020670891,-0.0909702479839325,-0.096238873898983,-0.16870778799057007,0.02173200063407421
1.7764678600941373e+18,-4.805551052093506,24.59443473815918,-0.18636327981948853,-0.007633312605321407,0.1551077514886856,0.18068915605545044,-0.10713662207126617,-0.009019406512379646
1.7764678600951373e+18,-1.0823394060134888,-3.306645631790161,0.09063731133937836,-0.0014818687923252583,0.07308174669742584,0.026840249076485634,-0.045565467327833176,-0.19352784752845764
1.7764678600961372e+18,0.17924465239048004,12.695444107055664,0.09063731133937836,-0.0014818687923252583,-0.04995724931359291,-0.1885482221841812,-0.045565467327833176,0.17548903822898865
1.7764678600971374e+18,0.8869625329971313,8.284611701965332,0.09063731133937836,0.010821018368005753,-0.008944249711930752,-0.25008776783943176,-0.10713662207126617,-0.039770811796188354
1.7764678600981373e+18,-0.8669470548629761,-35.208248138427734,-0.21714112162590027,-0.0014818687923252583,0.1961207538843155,-0.12700866162776947,-0.045565467327833176,0.05248340591788292
1.7764678600991373e+18,0.3638667166233063,-20.53966522216797,-0.0940297469496727,-0.013784755952656269,0.07308174669742584,-0.12700866162776947,-0.045565467327833176,0.08323480933904648
1.7764678601001375e+18,0.6715701818466187,-32.23350143432617,-0.06325190514326096,-0.0014818687923252583,0.07308174669742584,-0.21931800246238708,0.016005687415599823,-0.19352784752845764
1.7764678601011374e+18,-1.0207988023757935,-12.436042785644531,-0.06325190514326096,-0.0014818687923252583,-0.13198325037956238,0.08837981522083282,-0.10713662207126617,-0.10127362608909607
1.7764678601021373e+18,0.24078534543514252,-37.56753158569336,-0.0016962187364697456,-0.007633312605321407,0.07308174669742584,-0.25008776783943176,-0.045565467327833176,-0.19352784752845764
1.7764678601031375e+18,-1.7900573015213013,36.49342346191406,0.09063731133937836,0.023123906925320625,-0.0909702479839325,-0.06546909362077713,-0.10713662207126617,0.08323480933904648
1.7764678601041375e+18,-0.43616223335266113,-16.026256561279297,0.02908162586390972,-0.03223908692598343,-0.17299625277519226,-0.12700866162776947,-0.045565467327833176,-0.039770811796188354
1.7764678601051377e+18,-5.6978912353515625,-12.128310203552246,0.059859469532966614,0.010821018368005753,-0.008944249711930752,-0.1885482221841812,-0.10713662207126617,-0.13202503323554993
1.7764678601061376e+18,-2.220842123031616,-21.257707595825195,0.24452653527259827,0.004669575020670891,-0.17299625277519226,-0.1885482221841812,-0.10713662207126617,0.08323480933904648
1.7764678601071375e+18,-1.1746504306793213,15.567614555358887,-0.0016962187364697456,0.004669575020670891,0.11409474909305573,0.057610031217336655,-0.045565467327833176,-0.16277644038200378
1.7764678601081377e+18,-5.082484245300293,0.38614436984062195,-0.06325190514326096,-0.007633312605321407,0.07308174669742584,0.08837981522083282,-0.10713662207126617,-0.13202503323554993
1.7764678601091377e+18,-3.6055076122283936,-0.8447856307029724,-0.12480759620666504,0.0354267954826355,0.31915974617004395,0.3037682771682739,-0.16870778799057007,-0.16277644038200378
1.7764678601101376e+18,-0.5592436194419861,19.157827377319336,0.02908162586390972,0.004669575020670891,0.032068751752376556,0.08837981522083282,-0.10713662207126617,-0.13202503323554993
1.7764678601111378e+18,-1.543894648551941,-11.923155784606934,-0.12480759620666504,-0.013784755952656269,0.07308174669742584,0.2114589363336563,-0.045565467327833176,-0.10127362608909607
1.7764678601121377e+18,-2.8362491130828857,-11.205113410949707,-0.12480759620666504,-0.013784755952656269,0.23713375627994537,-0.1885482221841812,-0.10713662207126617,-0.009019406512379646
1.7764678601131377e+18,-4.220914363861084,-25.053075790405273,-0.12480759620666504,-0.013784755952656269,-0.13198325037956238,-0.06546909362077713,-0.10713662207126617,-0.10127362608909607
1.7764678601141379e+18,-3.1131820678710938,-42.491249084472656,-0.06325190514326096,-0.026087643578648567,-0.13198325037956238,-0.096238873898983,-0.10713662207126617,-0.039770811796188354
1.7764678601151378e+18,-0.9592580795288086,11.156782150268555,0.059859469532966614,0.010821018368005753,0.1551077514886856,-0.1885482221841812,-0.10713662207126617,0.2677432596683502
1.7764678601161377e+18,0.056163281202316284,-36.952064514160156,-0.12480759620666504,-0.026087643578648567,-0.04995724931359291,-0.06546909362077713,-0.10713662207126617,0.11398621648550034
1.776467860117138e+18,-1.4208132028579712,-8.0252103805542,0.059859469532966614,-0.03223908692598343,-0.17299625277519226,0.24222871661186218,-0.10713662207126617,-0.16277644038200378
1.7764678601181379e+18,-3.205493211746216,38.23724365234375,0.02908162586390972,0.023123906925320625,0.11409474909305573,-0.096238873898983,-0.045565467327833176,-0.10127362608909607
1.776467860119138e+18,0.5792590975761414,-19.308734893798828,0.15219299495220184,-0.0014818687923252583,-0.0909702479839325,-0.096238873898983,-0.045565467327833176,-0.13202503323554993
1.776467860120138e+18,-3.7285890579223633,27.466604232788086,-0.06325190514326096,0.010821018368005753,0.1551077514886856,0.2114589363336563,-0.10713662207126617,-0.10127362608909607
1.776467860121138e+18,-3.5131967067718506,-36.23402404785156,-0.0940297469496727,-0.013784755952656269,-0.0909702479839325,-0.06546909362077713,-0.045565467327833176,-0.009019406512379646
1.776467860122138e+18,-5.574809551239014,45.2125129699707,0.059859469532966614,0.029275350272655487,-0.008944249711930752,-0.06546909362077713,-0.045565467327833176,-0.039770811796188354
1.776467860123138e+18,-0.28231048583984375,17.721742630004883,0.09063731133937836,0.010821018368005753,-0.0909702479839325,-0.12700866162776947,-0.045565467327833176,0.02173200063407421
1.776467860124138e+18,-3.267033815383911,-18.795848846435547,0.24452653527259827,-0.026087643578648567,-0.17299625277519226,0.18068915605545044,-0.045565467327833176,-0.10127362608909607
1.7764678601251382e+18,-0.8361766934394836,-16.744298934936523,-0.12480759620666504,-0.013784755952656269,-0.0909702479839325,0.18068915605545044,0.016005687415599823,0.1447376310825348
1.776467860126138e+18,-5.297876358032227,-23.30925750732422,-0.0940297469496727,-0.026087643578648567,-0.13198325037956238,-0.06546909362077713,-0.10713662207126617,-0.07052221894264221
1.776467860127138e+18,-1.5131242275238037,-6.178815841674805,0.059859469532966614,0.016972461715340614,-0.0909702479839325,-0.1885482221841812,-0.045565467327833176,-0.13202503323554993
1.7764678601281382e+18,-1.2054208517074585,5.309864521026611,0.02908162586390972,0.016972461715340614,0.07308174669742584,0.08837981522083282,-0.045565467327833176,-0.19352784752845764
1.7764678601291382e+18,-3.5439670085906982,-27.104625701904297,-0.0940297469496727,-0.019936200231313705,-0.0909702479839325,0.026840249076485634,-0.045565467327833176,-0.19352784752845764
1.776467860130138e+18,-2.0977606773376465,2.4376943111419678,-0.12480759620666504,-0.007633312605321407,-0.008944249711930752,-0.06546909362077713,0.016005687415599823,0.11398621648550034
1.776467860131138e+18,-0.8361766934394836,-47.517547607421875,-0.03247406333684921,-0.0014818687923252583,0.11409474909305573,-0.15777844190597534,-0.045565467327833176,-0.13202503323554993
1.776467860132138e+18,-1.2669614553451538,-19.513891220092773,-0.12480759620666504,0.010821018368005753,-0.13198325037956238,-0.03469931334257126,-0.045565467327833176,0.08323480933904648
1.776467860133138e+18,-0.8977173566818237,-27.514936447143555,-0.06325190514326096,-0.026087643578648567,-0.13198325037956238,-0.06546909362077713,-0.10713662207126617,-0.009019406512379646
1.7764678601341379e+18,-2.713167667388916,-23.206680297851562,-0.12480759620666504,-0.019936200231313705,-0.17299625277519226,-0.096238873898983,-0.10713662207126617,-0.039770811796188354
1.7764678601351378e+18,-0.03614775091409683,-11.718000411987305,0.24452653527259827,0.016972461715340614,-0.13198325037956238,-0.1885482221841812,-0.10713662207126617,-0.10127362608909607
1.7764678601361377e+18,-0.7438656687736511,-4.2298431396484375,0.059859469532966614,0.023123906925320625,-0.008944249711930752,-0.25008776783943176,-0.10713662207126617,-0.07052221894264221
1.7764678601371377e+18,1.3177473545074463,-4.127265453338623,-0.03247406333684921,-0.026087643578648567,-0.04995724931359291,-0.003929531201720238,-0.045565467327833176,0.05248340591788292
1.7764678601381376e+18,-1.666975975036621,-9.358717918395996,-0.12480759620666504,0.023123906925320625,-0.255022257566452,0.18068915605545044,-0.10713662207126617,-0.16277644038200378
1.7764678601391375e+18,-1.543894648551941,-9.461296081542969,0.059859469532966614,0.010821018368005753,0.11409474909305573,-0.1885482221841812,-0.045565467327833176,-0.16277644038200378
1.7764678601401375e+18,-3.759359359741211,-9.461296081542969,-0.21714112162590027,-0.019936200231313705,-0.0909702479839325,0.24222871661186218,0.016005687415599823,-0.16277644038200378
1.7764678601411374e+18,-1.913138747215271,21.619686126708984,0.059859469532966614,0.0354267954826355,0.1551077514886856,-0.12700866162776947,-0.10713662207126617,-0.07052221894264221
1.7764678601421373e+18,-1.7900573015213013,30.236196517944336,0.09063731133937836,0.016972461715340614,0.1551077514886856,-0.06546909362077713,-0.045565467327833176,-0.19352784752845764
1.7764678601431373e+18,-3.8824408054351807,-0.33189812302589417,-0.12480759620666504,-0.026087643578648567,-0.13198325037956238,0.08837981522083282,0.016005687415599823,-0.039770811796188354
1.7764678601441372e+18,-4.590158462524414,-36.64433288574219,-0.12480759620666504,-0.0014818687923252583,-0.008944249711930752,0.1191495954990387,-0.10713662207126617,-0.13202503323554993
1.7764678601451372e+18,-0.2515401542186737,-12.948930740356445,0.059859469532966614,-0.007633312605321407,-0.13198325037956238,0.057610031217336655,0.07757684588432312,-0.13202503323554993
1.776467860146137e+18,1.9639246463775635,1.8222293853759766,0.09063731133937836,0.004669575020670891,0.07308174669742584,0.057610031217336655,-0.10713662207126617,-0.2242792546749115
1.776467860147137e+18,-0.7130953073501587,-5.0504631996154785,0.1214151531457901,0.004669575020670891,-0.0909702479839325,-0.15777844190597534,-0.10713662207126617,-0.07052221894264221
1.776467860148137e+18,-3.6055076122283936,-42.90156173706055,-0.06325190514326096,-0.019936200231313705,-0.13198325037956238,-0.03469931334257126,-0.045565467327833176,-0.009019406512379646
1.776467860149137e+18,-0.7130953073501587,23.36350440979004,-0.06325190514326096,-0.0014818687923252583,0.07308174669742584,0.18068915605545044,-0.045565467327833176,0.08323480933904648
1.7764678601501368e+18,-1.9746793508529663,10.336161613464355,-0.03247406333684921,-0.013784755952656269,0.07308174669742584,0.08837981522083282,-0.045565467327833176,0.05248340591788292
1.7764678601511368e+18,-0.9900283813476562,-34.07989501953125,-0.03247406333684921,-0.026087643578648567,-0.0909702479839325,-0.06546909362077713,0.016005687415599823,0.05248340591788292
1.7764678601521367e+18,-4.405536651611328,5.822751998901367,0.059859469532966614,-0.013784755952656269,-0.0909702479839325,0.2114589363336563,-0.045565467327833176,-0.10127362608909607
1.7764678601531366e+18,-2.220842123031616,34.647029876708984,-0.0016962187364697456,-0.0014818687923252583,0.032068751752376556,0.14991937577724457,-0.045565467327833176,-0.07052221894264221
1.7764678601541366e+18,-0.8977173566818237,-7.8200554847717285,0.059859469532966614,-0.03223908692598343,-0.21400925517082214,-0.1885482221841812,-0.10713662207126617,0.23699183762073517
1.7764678601551365e+18,-2.251612424850464,-37.87526321411133,0.059859469532966614,-0.0014818687923252583,-0.0909702479839325,-0.12700866162776947,-0.10713662207126617,-0.19352784752845764
1.7764678601561364e+18,-3.205493211746216,16.285655975341797,-0.03247406333684921,-0.007633312605321407,-0.04995724931359291,0.1191495954990387,-0.045565467327833176,0.05248340591788292
1.7764678601571364e+18,-1.6054352521896362,9.515542030334473,0.1829708367586136,0.004669575020670891,-0.0909702479839325,-0.15777844190597534,-0.16870778799057007,-0.07052221894264221
1.7764678601581363e+18,-6.036364555358887,-5.665927886962891,0.1829708367586136,-0.026087643578648567,-0.008944249711930752,0.14991937577724457,-0.045565467327833176,-0.039770811796188354
1.7764678601591363e+18,-4.9286322593688965,2.232539415359497,-0.06325190514326096,-0.007633312605321407,-0.008944249711930752,0.057610031217336655,0.016005687415599823,-0.19352784752845764
1.776467860160136e+18,-3.3285744190216064,-41.260318756103516,-0.0940297469496727,-0.026087643578648567,-0.13198325037956238,-0.06546909362077713,-0.10713662207126617,-0.07052221894264221
1.7764678601611359e+18,0.3023260235786438,2.745426893234253,0.1214151531457901,0.010821018368005753,0.032068751752376556,0.08837981522083282,-0.16870778799057007,-0.19352784752845764
1.7764678601621358e+18,-2.4977753162384033,35.67280578613281,0.02908162586390972,0.016972461715340614,0.11409474909305573,0.057610031217336655,-0.045565467327833176,-0.19352784752845764
1.7764678601631357e+18,-2.8362491130828857,23.97896957397461,-0.15558543801307678,-0.026087643578648567,-0.13198325037956238,-0.06546909362077713,-0.10713662207126617,0.1447376310825348
1.7764678601641357e+18,-0.9592580795288086,-17.667495727539062,0.059859469532966614,-0.013784755952656269,-0.13198325037956238,-0.12700866162776947,-0.10713662207126617,-0.07052221894264221
1.7764678601651356e+18,-1.6362056732177734,-25.976272583007812,-0.06325190514326096,-0.007633312605321407,0.032068751752376556,0.1191495954990387,-0.045565467327833176,-0.19352784752845764
1.7764678601661356e+18,-5.390187740325928,32.08259201049805,0.059859469532966614,0.016972461715340614,0.11409474909305573,-0.06546909362077713,-0.16870778799057007,-0.10127362608909607
1.7764678601671355e+18,0.7946515083312988,2.1299619674682617,0.15219299495220184,0.016972461715340614,-0.0909702479839325,-0.096238873898983,-0.10713662207126617,-0.10127362608909607
1.7764678601681354e+18,-0.8054063320159912,-7.204590797424316,0.1214151531457901,0.004669575020670891,-0.04995724931359291,-0.15777844190597534,-0.10713662207126617,-0.10127362608909607
1.7764678601691354e+18,0.17924465239048004,2.1299619674682617,0.09063731133937836,0.010821018368005753,-0.008944249711930752,-0.12700866162776947,-0.045565467327833176,-0.13202503323554993
1.7764678601701353e+18,1.1331253051757812,-23.61699104309082,0.02908162586390972,-0.013784755952656269,-0.13198325037956238,-0.06546909362077713,-0.10713662207126617,0.05248340591788292
1.7764678601711352e+18,-2.2823827266693115,-18.693269729614258,0.02908162586390972,-0.03223908692598343,-0.17299625277519226,0.3037682771682739,-0.10713662207126617,-0.13202503323554993
1.7764678601721352e+18,-2.436234474182129,-10.79480266571045,-0.0016962187364697456,0.010821018368005753,-0.17299625277519226,0.2114589363336563,-0.10713662207126617,0.17548903822898865
1.776467860173135e+18,-4.220914363861084,-5.665927886962891,0.15219299495220184,-0.03223908692598343,-0.008944249711930752,0.18068915605545044,-0.10713662207126617,-0.009019406512379646
1.776467860174135e+18,-0.9900283813476562,18.95267105102539,-0.03247406333684921,-0.0014818687923252583,-0.008944249711930752,0.08837981522083282,-0.10713662207126617,0.11398621648550034
1.776467860175135e+18,0.11770396679639816,-42.59382629394531,0.059859469532966614,-0.013784755952656269,-0.17299625277519226,-0.15777844190597534,-0.045565467327833176,-0.13202503323554993
1.776467860176135e+18,-4.436306953430176,-11.615423202514648,-0.06325190514326096,-0.007633312605321407,-0.04995724931359291,-0.06546909362077713,0.016005687415599823,0.02173200063407421
1.7764678601771348e+18,-4.959402561187744,13.310909271240234,-0.12480759620666504,-0.019936200231313705,0.07308174669742584,0.1191495954990387,-0.045565467327833176,0.02173200063407421
1.7764678601781348e+18,-1.8208277225494385,-1.049940586090088,-0.0016962187364697456,0.023123906925320625,0.032068751752376556,-0.1885482221841812,-0.10713662207126617,-0.13202503323554993
1.7764678601791347e+18,0.21001499891281128,-1.767983078956604,0.15219299495220184,-0.013784755952656269,-0.008944249711930752,-0.003929531201720238,-0.045565467327833176,-0.2242792546749115
1.7764678601801347e+18,0.17924465239048004,-7.614900588989258,-0.15558543801307678,0.0354267954826355,-0.21400925517082214,0.18068915605545044,-0.10713662207126617,-0.039770811796188354
1.7764678601811346e+18,-4.405536651611328,-9.974183082580566,-0.06325190514326096,0.0354267954826355,-0.17299625277519226,-0.1885482221841812,-0.045565467327833176,0.17548903822898865
1.7764678601821345e+18,-0.6515546441078186,-22.591215133666992,-0.06325190514326096,-0.019936200231313705,-0.0909702479839325,-0.06546909362077713,-0.10713662207126617,0.11398621648550034
1.7764678601831345e+18,-0.5592436194419861,-3.9221105575561523,-0.0016962187364697456,-0.019936200231313705,-0.0909702479839325,0.057610031217336655,-0.045565467327833176,-0.16277644038200378
1.7764678601841344e+18,-2.8362491130828857,-7.102013111114502,-0.15558543801307678,-0.007633312605321407,0.07308174669742584,-0.1885482221841812,-0.045565467327833176,0.11398621648550034
1.7764678601851343e+18,-4.497847557067871,1.0016093254089355,-0.18636327981948853,-0.019936200231313705,-0.17299625277519226,-0.03469931334257126,-0.10713662207126617,0.17548903822898865
1.7764678601861343e+18,-6.497920036315918,29.312999725341797,0.1214151531457901,-0.007633312605321407,-0.21400925517082214,-0.12700866162776947,-0.16870778799057007,0.05248340591788292
1.7764678601871342e+18,-4.067062854766846,17.721742630004883,-0.0940297469496727,0.010821018368005753,0.07308174669742584,-0.03469931334257126,-0.23027893900871277,0.17548903822898865
1.7764678601881341e+18,-4.067062854766846,0.8990318775177002,-0.12480759620666504,-0.007633312605321407,0.1551077514886856,-0.12700866162776947,-0.10713662207126617,-0.039770811796188354
1.776467860189134e+18,-2.805478572845459,14.028951644897461,-0.0940297469496727,-0.0014818687923252583,0.07308174669742584,0.14991937577724457,-0.10713662207126617,0.05248340591788292
1.776467860190134e+18,-4.3747663497924805,-28.951021194458008,-0.06325190514326096,-0.007633312605321407,-0.04995724931359291,0.026840249076485634,-0.10713662207126617,0.08323480933904648
1.776467860191134e+18,-1.4515835046768188,10.951626777648926,-0.0016962187364697456,0.010821018368005753,-0.13198325037956238,0.3037682771682739,-0.045565467327833176,-0.07052221894264221
1.776467860192134e+18,-4.067062854766846,-28.027822494506836,-0.0940297469496727,-0.007633312605321407,-0.04995724931359291,-0.06546909362077713,-0.045565467327833176,-0.009019406512379646
1.7764678601931338e+18,-3.482426166534424,3.873779296875,0.09063731133937836,-0.019936200231313705,-0.17299625277519226,0.24222871661186218,-0.16870778799057007,0.11398621648550034
1.7764678601941338e+18,-3.636277914047241,-22.796371459960938,-0.15558543801307678,-0.013784755952656269,-0.0909702479839325,-0.06546909362077713,-0.10713662207126617,-0.009019406512379646
1.7764678601951337e+18,-3.482426166534424,6.233061790466309,-0.12480759620666504,-0.026087643578648567,0.032068751752376556,0.14991937577724457,-0.10713662207126617,0.11398621648550034
1.7764678601961334e+18,-2.7439379692077637,13.61864185333252,0.02908162586390972,0.010821018368005753,-0.17299625277519226,0.057610031217336655,0.016005687415599823,-0.16277644038200378
1.7764678601971333e+18,0.9792736172676086,7.976879596710205,0.09063731133937836,-0.0014818687923252583,0.11409474909305573,-0.003929531201720238,-0.10713662207126617,-0.19352784752845764
1.7764678601981332e+18,-5.236335754394531,34.03156280517578,0.15219299495220184,-0.007633312605321407,-0.17299625277519226,-0.06546909362077713,-0.045565467327833176,0.11398621648550034
1.7764678601991332e+18,-1.9439090490341187,-28.23297882080078,0.059859469532966614,-0.007633312605321407,0.032068751752376556,-0.21931800246238708,-0.10713662207126617,-0.19352784752845764
1.776467860200133e+18,-4.067062854766846,-6.9994354248046875,-0.06325190514326096,-0.013784755952656269,-0.0909702479839325,-0.003929531201720238,-0.10713662207126617,0.08323480933904648
1.776467860201133e+18,-2.3746938705444336,-8.332942962646484,0.1214151531457901,0.016972461715340614,-0.0909702479839325,-0.21931800246238708,-0.10713662207126617,-0.16277644038200378
1.776467860202133e+18,-0.4977028965950012,-11.718000411987305,0.059859469532966614,0.004669575020670891,-0.21400925517082214,-0.15777844190597534,-0.10713662207126617,0.17548903822898865
1.776467860203133e+18,-2.4977753162384033,-3.7169556617736816,0.24452653527259827,-0.026087643578648567,-0.04995724931359291,0.14991937577724457,-0.045565467327833176,-0.07052221894264221
1.7764678602041329e+18,-3.1131820678710938,-3.4092230796813965,0.24452653527259827,-0.03223908692598343,0.07308174669742584,0.14991937577724457,-0.10713662207126617,-0.009019406512379646
1.7764678602051328e+18,-0.06691809743642807,-11.923155784606934,-0.12480759620666504,-0.019936200231313705,0.1551077514886856,-0.096238873898983,-0.045565467327833176,-0.10127362608909607
1.7764678602061327e+18,-4.620928764343262,-4.947885513305664,-0.0016962187364697456,-0.03839053213596344,-0.17299625277519226,0.026840249076485634,-0.045565467327833176,-0.07052221894264221
1.7764678602071327e+18,-1.482353925704956,-10.999958038330078,0.15219299495220184,0.010821018368005753,-0.13198325037956238,-0.25008776783943176,-0.10713662207126617,0.02173200063407421
1.7764678602081326e+18,-2.5900862216949463,36.08311462402344,-0.03247406333684921,0.016972461715340614,0.11409474909305573,0.08837981522083282,-0.045565467327833176,-0.07052221894264221
1.7764678602091325e+18,2.0562355518341064,10.746471405029297,0.02908162586390972,0.010821018368005753,0.11409474909305573,0.08837981522083282,-0.10713662207126617,0.05248340591788292
1.7764678602101325e+18,-0.7746359705924988,27.9794921875,-0.06325190514326096,0.023123906925320625,0.032068751752376556,-0.1885482221841812,-0.10713662207126617,-0.039770811796188354
1.7764678602111324e+18,-5.205565452575684,-14.385015487670898,-0.18636327981948853,-0.026087643578648567,-0.17299625277519226,0.2114589363336563,-0.10713662207126617,-0.13202503323554993
1.7764678602121324e+18,1.010043978691101,12.798022270202637,0.1214151531457901,0.010821018368005753,-0.255022257566452,-0.15777844190597534,0.016005687415599823,-0.19352784752845764
1.7764678602131323e+18,-4.805551052093506,-6.07623815536499,-0.12480759620666504,-0.03223908692598343,-0.0909702479839325,0.1191495954990387,-0.045565467327833176,-0.07052221894264221
1.7764678602141322e+18,-2.7747082710266113,26.235673904418945,0.15219299495220184,0.010821018368005753,-0.17299625277519226,-0.003929531201720238,-0.045565467327833176,0.08323480933904648
1.7764678602151322e+18,-4.405536651611328,7.156259536743164,-0.03247406333684921,-0.007633312605321407,-0.04995724931359291,0.1191495954990387,-0.10713662207126617,0.23699183762073517
1.776467860216132e+18,-1.2669614553451538,-37.56753158569336,-0.21714112162590027,-0.007633312605321407,-0.0909702479839325,0.1191495954990387,-0.23027893900871277,0.11398621648550034
1.776467860217132e+18,-4.805551052093506,23.466081619262695,-0.03247406333684921,-0.0014818687923252583,0.032068751752376556,-0.12700866162776947,-0.10713662207126617,0.2677432596683502
1.776467860218132e+18,-4.959402561187744,15.670191764831543,-0.12480759620666504,-0.013784755952656269,-0.0909702479839325,-0.003929531201720238,-0.10713662207126617,0.11398621648550034
1.776467860219132e+18,-2.7747082710266113,20.7990665435791,-0.06325190514326096,-0.0014818687923252583,0.11409474909305573,-0.03469931334257126,-0.10713662207126617,0.05248340591788292
1.7764678602201318e+18,-3.4208855628967285,22.33772850036621,-0.12480759620666504,0.004669575020670891,0.07308174669742584,0.057610031217336655,-0.045565467327833176,-0.16277644038200378
1.7764678602211318e+18,-0.43616223335266113,16.388235092163086,-0.03247406333684921,-0.0014818687923252583,-0.008944249711930752,0.026840249076485634,-0.045565467327833176,0.05248340591788292
1.7764678602221317e+18,-3.082411766052246,-19.411314010620117,-0.12480759620666504,-0.019936200231313705,0.11409474909305573,-0.003929531201720238,-0.10713662207126617,-0.07052221894264221
1.7764678602231316e+18,-4.067062854766846,-9.461296081542969,-0.0940297469496727,-0.013784755952656269,0.23713375627994537,-0.003929531201720238,-0.045565467327833176,-0.19352784752845764
1.7764678602241316e+18,-5.605579853057861,-12.436042785644531,0.09063731133937836,-0.03223908692598343,-0.008944249711930752,0.18068915605545044,-0.10713662207126617,-0.13202503323554993
1.7764678602251315e+18,-2.4977753162384033,-4.332420825958252,-0.06325190514326096,0.016972461715340614,-0.13198325037956238,-0.06546909362077713,-0.10713662207126617,0.05248340591788292
1.7764678602261315e+18,-0.8669470548629761,21.82484245300293,0.1214151531457901,-0.0014818687923252583,-0.21400925517082214,-0.06546909362077713,-0.045565467327833176,-0.009019406512379646
1.7764678602271314e+18,-3.1439523696899414,40.904258728027344,-0.0016962187364697456,0.010821018368005753,0.1961207538843155,0.14991937577724457,-0.10713662207126617,-0.13202503323554993
1.7764678602281313e+18,0.5177184343338013,11.156782150268555,-0.0016962187364697456,0.004669575020670891,0.07308174669742584,0.057610031217336655,0.016005687415599823,-0.19352784752845764
1.7764678602291313e+18,-1.297731876373291,-5.0504631996154785,0.09063731133937836,-0.03223908692598343,0.27814674377441406,-0.25008776783943176,-0.045565467327833176,-0.07052221894264221
1.7764678602301315e+18,-1.7592869997024536,-14.590170860290527,-0.0016962187364697456,-0.019936200231313705,0.23713375627994537,-0.096238873898983,-0.10713662207126617,0.05248340591788292
1.7764678602311316e+18,-2.620856523513794,13.41348648071289,-0.0016962187364697456,0.010821018368005753,0.07308174669742584,0.057610031217336655,-0.10713662207126617,0.08323480933904648
1.7764678602321318e+18,-5.451728343963623,-23.104103088378906,-0.03247406333684921,-0.0014818687923252583,-0.008944249711930752,0.08837981522083282,-0.045565467327833176,-0.25503066182136536
1.776467860233132e+18,-2.3131532669067383,34.647029876708984,0.059859469532966614,0.029275350272655487,0.07308174669742584,-0.1885482221841812,-0.045565467327833176,-0.039770811796188354
1.7764678602341322e+18,0.11770396679639816,18.644939422607422,0.02908162586390972,0.004669575020670891,0.11409474909305573,-0.21931800246238708,-0.16870778799057007,-0.13202503323554993
1.7764678602351324e+18,-4.774780750274658,-12.230888366699219,-0.0940297469496727,-0.03223908692598343,-0.17299625277519226,-0.12700866162776947,-0.10713662207126617,0.23699183762073517
1.7764678602361326e+18,0.056163281202316284,13.926374435424805,0.059859469532966614,0.023123906925320625,0.07308174669742584,0.08837981522083282,-0.10713662207126617,-0.13202503323554993
1.7764678602371328e+18,-0.6207842826843262,-9.153563499450684,0.02908162586390972,-0.013784755952656269,-0.21400925517082214,-0.15777844190597534,-0.045565467327833176,0.2062404304742813
1.7764678602381327e+18,-2.5900862216949463,-10.999958038330078,-0.12480759620666504,0.010821018368005753,-0.13198325037956238,0.1191495954990387,-0.10713662207126617,-0.19352784752845764
1.776467860239133e+18,-3.5131967067718506,-38.38814926147461,-0.06325190514326096,-0.007633312605321407,-0.0909702479839325,-0.03469931334257126,-0.045565467327833176,0.1447376310825348
1.776467860240133e+18,-1.482353925704956,-11.718000411987305,-0.06325190514326096,-0.03223908692598343,-0.008944249711930752,0.18068915605545044,-0.045565467327833176,-0.10127362608909607
1.7764678602411333e+18,-2.436234474182129,-9.461296081542969,-0.0940297469496727,-0.0014818687923252583,-0.04995724931359291,0.1191495954990387,-0.045565467327833176,0.08323480933904648
1.7764678602421335e+18,-4.959402561187744,-13.8721284866333,-0.12480759620666504,-0.007633312605321407,-0.0909702479839325,-0.03469931334257126,-0.10713662207126617,-0.009019406512379646
1.7764678602431337e+18,-3.205493211746216,-7.204590797424316,-0.18636327981948853,-0.026087643578648567,-0.17299625277519226,0.08837981522083282,-0.045565467327833176,0.02173200063407421
1.776467860244134e+18,-3.574737310409546,-41.0551643371582,-0.03247406333684921,-0.013784755952656269,-0.17299625277519226,-0.12700866162776947,-0.16870778799057007,-0.13202503323554993
1.776467860245134e+18,-2.713167667388916,25.927942276000977,0.1829708367586136,-0.0014818687923252583,-0.21400925517082214,-0.096238873898983,-0.10713662207126617,0.02173200063407421
1.7764678602461343e+18,-1.3900429010391235,-4.2298431396484375,-0.15558543801307678,-0.0014818687923252583,0.1551077514886856,0.14991937577724457,0.016005687415599823,-0.13202503323554993
1.7764678602471345e+18,-1.6054352521896362,-12.538620948791504,0.24452653527259827,-0.013784755952656269,-0.255022257566452,-0.003929531201720238,-0.10713662207126617,0.02173200063407421
1.7764678602481347e+18,-3.3285744190216064,-16.641719818115234,0.059859469532966614,-0.013784755952656269,-0.17299625277519226,0.08837981522083282,0.016005687415599823,-0.13202503323554993
1.7764678602491348e+18,-2.897789716720581,-10.281915664672852,0.059859469532966614,-0.013784755952656269,-0.21400925517082214,-0.1885482221841812,-0.10713662207126617,0.1447376310825348
1.776467860250135e+18,-0.9900283813476562,13.823797225952148,-0.06325190514326096,-0.0014818687923252583,0.07308174669742584,0.057610031217336655,-0.10713662207126617,-0.16277644038200378
1.7764678602511352e+18,0.025392938405275345,0.38614436984062195,0.059859469532966614,0.016972461715340614,-0.255022257566452,-0.12700866162776947,-0.045565467327833176,0.08323480933904648
1.7764678602521354e+18,-2.8362491130828857,-14.179861068725586,-0.06325190514326096,-0.007633312605321407,0.032068751752376556,-0.25008776783943176,-0.045565467327833176,-0.07052221894264221
1.7764678602531356e+18,-2.7439379692077637,24.081546783447266,0.09063731133937836,-0.026087643578648567,-0.04995724931359291,-0.03469931334257126,0.016005687415599823,-0.19352784752845764
1.7764678602541358e+18,0.7331108450889587,-5.255618095397949,-0.15558543801307678,-0.0014818687923252583,0.1551077514886856,0.1191495954990387,-0.16870778799057007,-0.039770811796188354
1.776467860255136e+18,-4.3747663497924805,28.082069396972656,0.1214151531457901,0.023123906925320625,-0.0909702479839325,-0.12700866162776947,-0.045565467327833176,-0.039770811796188354
1.7764678602561362e+18,-1.913138747215271,-1.1525181531906128,-0.06325190514326096,-0.007633312605321407,0.1961207538843155,0.18068915605545044,-0.045565467327833176,-0.13202503323554993
1.7764678602571364e+18,-2.897789716720581,10.541316986083984,-0.0016962187364697456,0.004669575020670891,-0.17299625277519226,0.057610031217336655,-0.045565467327833176,-0.039770811796188354
1.7764678602581366e+18,-0.28231048583984375,-10.692225456237793,0.059859469532966614,0.010821018368005753,0.032068751752376556,-0.1885482221841812,-0.045565467327833176,-0.10127362608909607
1.7764678602591368e+18,-1.4515835046768188,-17.052030563354492,0.059859469532966614,-0.026087643578648567,-0.13198325037956238,-0.25008776783943176,-0.16870778799057007,-0.13202503323554993
1.776467860260137e+18,0.4561777412891388,-17.15460777282715,-0.0016962187364697456,-0.019936200231313705,-0.04995724931359291,-0.06546909362077713,-0.10713662207126617,0.11398621648550034
1.7764678602611372e+18,-1.4515835046768188,-4.332420825958252,0.1214151531457901,-0.019936200231313705,-0.13198325037956238,-0.06546909362077713,-0.045565467327833176,0.05248340591788292
1.7764678602621373e+18,-0.7746359705924988,-4.947885513305664,-0.18636327981948853,-0.013784755952656269,-0.008944249711930752,0.1191495954990387,-0.10713662207126617,-0.039770811796188354
1.7764678602631375e+18,-2.3746938705444336,2.6428494453430176,0.02908162586390972,-0.0014818687923252583,-0.0909702479839325,-0.15777844190597534,-0.16870778799057007,-0.10127362608909607
1.7764678602641377e+18,-1.297731876373291,33.82640838623047,-0.06325190514326096,-0.0014818687923252583,-0.008944249711930752,0.08837981522083282,-0.10713662207126617,0.11398621648550034
1.776467860265138e+18,-3.359344959259033,11.772247314453125,-0.0940297469496727,-0.0014818687923252583,-0.008944249711930752,-0.003929531201720238,-0.045565467327833176,0.08323480933904648
1.776467860266138e+18,-1.6977462768554688,15.259881973266602,-0.06325190514326096,0.010821018368005753,0.07308174669742584,0.1191495954990387,-0.10713662207126617,-0.10127362608909607
1.776467860267138e+18,-3.482426166534424,32.80063247680664,0.059859469532966614,0.029275350272655487,0.07308174669742584,-0.12700866162776947,-0.10713662207126617,0.02173200063407421
1.7764678602681382e+18,-3.6055076122283936,25.415054321289062,-0.06325190514326096,0.016972461715340614,0.07308174669742584,-0.15777844190597534,-0.10713662207126617,-0.039770811796188354
1.7764678602691384e+18,-5.144024848937988,20.7990665435791,-0.12480759620666504,0.010821018368005753,0.032068751752376556,0.18068915605545044,-0.045565467327833176,-0.039770811796188354
1.7764678602701386e+18,-4.159373760223389,-13.564395904541016,-0.03247406333684921,-0.0014818687923252583,-0.04995724931359291,0.1191495954990387,-0.045565467327833176,-0.13202503323554993
1.7764678602711388e+18,-2.066990375518799,-23.514413833618164,-0.06325190514326096,-0.007633312605321407,-0.04995724931359291,0.14991937577724457,-0.10713662207126617,-0.039770811796188354
1.776467860272139e+18,-1.4515835046768188,-3.306645631790161,0.21374869346618652,-0.026087643578648567,-0.008944249711930752,0.2114589363336563,-0.10713662207126617,-0.039770811796188354
1.7764678602731392e+18,-6.374838352203369,-8.332942962646484,-0.12480759620666504,-0.013784755952656269,-0.008944249711930752,-0.003929531201720238,-0.10713662207126617,0.08323480933904648
1.7764678602741394e+18,-1.5131242275238037,-27.00204849243164,-0.06325190514326096,-0.013784755952656269,-0.008944249711930752,-0.003929531201720238,-0.045565467327833176,0.02173200063407421
1.7764678602751396e+18,-2.3131532669067383,28.389801025390625,-0.06325190514326096,0.016972461715340614,0.032068751752376556,-0.12700866162776947,-0.045565467327833176,-0.009019406512379646
1.7764678602761398e+18,-0.9900283813476562,-14.692748069763184,0.15219299495220184,-0.007633312605321407,-0.0909702479839325,-0.15777844190597534,-0.10713662207126617,-0.13202503323554993
1.77646786027714e+18,-3.4208855628967285,-10.179338455200195,0.059859469532966614,0.010821018368005753,0.032068751752376556,0.057610031217336655,-0.045565467327833176,-0.19352784752845764
1.7764678602781402e+18,-3.451655864715576,33.928985595703125,-0.18636327981948853,-0.026087643578648567,-0.04995724931359291,0.08837981522083282,0.016005687415599823,0.23699183762073517
1.7764678602791404e+18,0.24078534543514252,-1.9731380939483643,0.1214151531457901,0.023123906925320625,-0.0909702479839325,-0.12700866162776947,-0.10713662207126617,-0.039770811796188354
1.7764678602801405e+18,-4.313225746154785,38.75012969970703,0.1829708367586136,-0.013784755952656269,-0.0909702479839325,-0.03469931334257126,-0.10713662207126617,0.08323480933904648
1.7764678602811407e+18,-5.297876358032227,10.951626777648926,-0.0016962187364697456,-0.0014818687923252583,0.11409474909305573,-0.1885482221841812,-0.045565467327833176,-0.16277644038200378
1.776467860282141e+18,-2.066990375518799,-23.206680297851562,-0.0940297469496727,-0.0014818687923252583,0.07308174669742584,-0.06546909362077713,-0.10713662207126617,-0.13202503323554993
1.776467860283141e+18,-3.943981409072876,17.516586303710938,-0.21714112162590027,-0.013784755952656269,0.032068751752376556,-0.03469931334257126,-0.10713662207126617,0.2984946668148041
1.7764678602841413e+18,-2.528545618057251,-14.179861068725586,-0.12480759620666504,0.029275350272655487,-0.255022257566452,0.1191495954990387,-0.10713662207126617,-0.10127362608909607
1.7764678602851415e+18,-2.990100860595703,-14.077282905578613,-0.0016962187364697456,0.010821018368005753,0.07308174669742584,-0.15777844190597534,-0.10713662207126617,-0.13202503323554993
1.7764678602861417e+18,-4.067062854766846,-42.491249084472656,-0.0940297469496727,-0.013784755952656269,-0.0909702479839325,-0.06546909362077713,-0.045565467327833176,-0.009019406512379646
1.776467860287142e+18,0.3638667166233063,-5.665927886962891,-0.03247406333684921,-0.013784755952656269,-0.04995724931359291,-0.003929531201720238,-0.045565467327833176,-0.16277644038200378
1.776467860288142e+18,-4.251684665679932,2.3351168632507324,0.24452653527259827,-0.03223908692598343,0.11409474909305573,-0.06546909362077713,-0.16870778799057007,-0.039770811796188354
1.7764678602891423e+18,-1.7900573015213013,-33.669586181640625,-0.12480759620666504,-0.019936200231313705,0.07308174669742584,0.14991937577724457,-0.045565467327833176,-0.13202503323554993
1.7764678602901425e+18,0.17924465239048004,-9.25614070892334,0.1214151531457901,-0.007633312605321407,-0.17299625277519226,-0.12700866162776947,-0.10713662207126617,-0.07052221894264221
1.7764678602911427e+18,-3.6978187561035156,-8.64067554473877,-0.06325190514326096,0.016972461715340614,0.27814674377441406,-0.15777844190597534,-0.16870778799057007,-0.13202503323554993
1.7764678602921428e+18,-4.559388160705566,10.438739776611328,-0.0016962187364697456,0.010821018368005753,0.11409474909305573,-0.25008776783943176,-0.045565467327833176,0.2062404304742813
1.776467860293143e+18,-4.559388160705566,0.07841187715530396,-0.06325190514326096,-0.007633312605321407,-0.008944249711930752,-0.03469931334257126,-0.045565467327833176,0.05248340591788292
1.7764678602941432e+18,-1.666975975036621,20.18360137939453,-0.03247406333684921,0.010821018368005753,0.07308174669742584,0.057610031217336655,-0.045565467327833176,-0.10127362608909607
1.7764678602951432e+18,-1.3900429010391235,-36.54175567626953,0.02908162586390972,-0.019936200231313705,-0.17299625277519226,-0.12700866162776947,-0.10713662207126617,-0.07052221894264221
1.7764678602961434e+18,-0.7746359705924988,7.05368185043335,0.09063731133937836,0.016972461715340614,-0.04995724931359291,-0.096238873898983,-0.10713662207126617,-0.07052221894264221
1.7764678602971436e+18,-3.3285744190216064,-5.973660469055176,-0.03247406333684921,-0.026087643578648567,-0.17299625277519226,0.18068915605545044,0.016005687415599823,-0.16277644038200378
1.7764678602981437e+18,-1.9439090490341187,-16.23141098022461,-0.12480759620666504,-0.026087643578648567,0.032068751752376556,0.18068915605545044,0.016005687415599823,-0.13202503323554993
1.776467860299144e+18,-2.343923568725586,-22.898948669433594,-0.03247406333684921,-0.007633312605321407,0.11409474909305573,-0.1885482221841812,-0.045565467327833176,-0.10127362608909607
1.776467860300144e+18,-4.774780750274658,-11.718000411987305,-0.06325190514326096,-0.0014818687923252583,0.27814674377441406,-0.06546909362077713,-0.10713662207126617,-0.16277644038200378
1.7764678603011443e+18,0.33309638500213623,-21.77059555053711,-0.12480759620666504,-0.026087643578648567,0.032068751752376556,0.14991937577724457,-0.10713662207126617,-0.10127362608909607
1.7764678603021445e+18,-0.3130808472633362,0.8990318775177002,0.15219299495220184,0.010821018368005753,0.07308174669742584,-0.21931800246238708,-0.10713662207126617,-0.13202503323554993
1.7764678603031447e+18,-1.8515980243682861,-0.7422081232070923,0.09063731133937836,-0.0014818687923252583,-0.255022257566452,-0.15777844190597534,-0.045565467327833176,0.2062404304742813
1.776467860304145e+18,-0.6515546441078186,-15.205636024475098,-0.0016962187364697456,-0.026087643578648567,-0.255022257566452,-0.12700866162776947,0.016005687415599823,0.11398621648550034
1.776467860305145e+18,-5.482498645782471,8.387188911437988,-0.0940297469496727,-0.013784755952656269,-0.0909702479839325,-0.06546909362077713,-0.045565467327833176,0.02173200063407421
1.7764678603061453e+18,-1.2669614553451538,-31.92576789855957,-0.15558543801307678,-0.019936200231313705,0.07308174669742584,0.1191495954990387,-0.16870778799057007,-0.13202503323554993
1.7764678603071455e+18,-0.8669470548629761,-5.153040409088135,-0.15558543801307678,-0.007633312605321407,0.1961207538843155,0.026840249076485634,-0.16870778799057007,-0.07052221894264221
1.7764678603081457e+18,0.08693362772464752,-19.00100326538086,-0.03247406333684921,-0.019936200231313705,-0.0909702479839325,0.18068915605545044,-0.045565467327833176,-0.10127362608909607
1.7764678603091459e+18,-3.205493211746216,2.0273842811584473,-0.0940297469496727,-0.007633312605321407,-0.13198325037956238,-0.06546909362077713,-0.10713662207126617,-0.009019406512379646
1.776467860310146e+18,-0.4053918719291687,-5.563350677490234,0.1214151531457901,0.010821018368005753,0.032068751752376556,0.057610031217336655,-0.045565467327833176,-0.19352784752845764
1.7764678603111462e+18,-2.4977753162384033,44.186737060546875,-0.12480759620666504,-0.013784755952656269,0.032068751752376556,0.18068915605545044,-0.045565467327833176,0.05248340591788292
1.7764678603121464e+18,-1.3285021781921387,-14.79532527923584,0.02908162586390972,0.004669575020670891,-0.17299625277519226,-0.1885482221841812,-0.10713662207126617,0.05248340591788292
1.7764678603131466e+18,-0.18999947607517242,5.822751998901367,0.09063731133937836,0.004669575020670891,-0.008944249711930752,0.057610031217336655,-0.10713662207126617,-0.16277644038200378
1.7764678603141468e+18,-1.543894648551941,-18.693269729614258,0.059859469532966614,-0.03223908692598343,-0.17299625277519226,0.08837981522083282,-0.045565467327833176,-0.16277644038200378
1.776467860315147e+18,-2.2823827266693115,-25.258230209350586,0.059859469532966614,-0.026087643578648567,-0.0909702479839325,-0.003929531201720238,-0.045565467327833176,-0.039770811796188354
1.7764678603161472e+18,-2.0977606773376465,-9.563873291015625,0.15219299495220184,0.004669575020670891,0.11409474909305573,0.057610031217336655,-0.10713662207126617,-0.16277644038200378
1.7764678603171474e+18,-5.113254547119141,-16.436565399169922,-0.06325190514326096,-0.007633312605321407,-0.0909702479839325,-0.06546909362077713,-0.10713662207126617,-0.009019406512379646
1.7764678603181476e+18,-3.636277914047241,-13.974705696105957,0.059859469532966614,0.004669575020670891,0.032068751752376556,-0.21931800246238708,-0.10713662207126617,-0.16277644038200378
1.7764678603191478e+18,-0.18999947607517242,3.9763569831848145,0.09063731133937836,0.004669575020670891,0.11409474909305573,0.08837981522083282,-0.045565467327833176,-0.19352784752845764
1.776467860320148e+18,-1.4515835046768188,-18.180383682250977,0.059859469532966614,0.004669575020670891,-0.255022257566452,-0.12700866162776947,-0.10713662207126617,0.2062404304742813
1.7764678603211482e+18,0.4869481027126312,7.5665693283081055,-0.15558543801307678,-0.019936200231313705,0.11409474909305573,0.18068915605545044,-0.10713662207126617,-0.13202503323554993
1.7764678603221484e+18,-2.4977753162384033,-2.0757155418395996,0.02908162586390972,-0.019936200231313705,0.1961207538843155,-0.096238873898983,-0.10713662207126617,0.02173200063407421
1.7764678603231485e+18,-3.359344959259033,-9.358717918395996,-0.0940297469496727,-0.019936200231313705,0.23713375627994537,0.026840249076485634,-0.10713662207126617,-0.13202503323554993
1.7764678603241485e+18,-2.528545618057251,-28.335556030273438,-0.0016962187364697456,-0.013784755952656269,-0.13198325037956238,-0.096238873898983,-0.10713662207126617,-0.039770811796188354
1.7764678603251487e+18,-0.3438511788845062,-12.846353530883789,0.1214151531457901,0.004669575020670891,-0.008944249711930752,-0.15777844190597534,-0.045565467327833176,-0.07052221894264221
1.7764678603261489e+18,-0.18999947607517242,-4.537575721740723,0.09063731133937836,0.010821018368005753,0.07308174669742584,-0.096238873898983,-0.10713662207126617,-0.19352784752845764
1.776467860327149e+18,-3.5439670085906982,5.720174312591553,-0.03247406333684921,-0.0014818687923252583,-0.008944249711930752,0.14991937577724457,-0.10713662207126617,0.08323480933904648
1.7764678603281492e+18,-4.313225746154785,19.36298179626465,-0.03247406333684921,-0.013784755952656269,-0.008944249711930752,0.1191495954990387,0.016005687415599823,-0.16277644038200378
1.7764678603291494e+18,-4.590158462524414,31.261972427368164,0.1214151531457901,-0.019936200231313705,-0.008944249711930752,0.057610031217336655,-0.045565467327833176,-0.10127362608909607
1.7764678603301496e+18,-3.9747517108917236,19.56813621520996,0.059859469532966614,-0.03223908692598343,0.31915974617004395,-0.21931800246238708,0.016005687415599823,-0.13202503323554993
1.7764678603311496e+18,1.0408142805099487,1.7196518182754517,0.09063731133937836,-0.026087643578648567,-0.008944249711930752,0.08837981522083282,-0.10713662207126617,0.17548903822898865
1.7764678603321495e+18,-4.497847557067871,-2.998913049697876,0.24452653527259827,-0.026087643578648567,0.032068751752376556,0.026840249076485634,-0.16870778799057007,-0.039770811796188354
1.7764678603331494e+18,-1.3592724800109863,13.516064643859863,0.059859469532966614,-0.03839053213596344,0.11409474909305573,-0.12700866162776947,-0.045565467327833176,-0.16277644038200378
1.7764678603341496e+18,-5.7902021408081055,18.43978500366211,-0.06325190514326096,-0.0014818687923252583,0.07308174669742584,0.1191495954990387,-0.10713662207126617,-0.13202503323554993
1.7764678603351496e+18,-0.3438511788845062,26.953716278076172,-0.03247406333684921,0.010821018368005753,0.07308174669742584,0.026840249076485634,-0.045565467327833176,-0.13202503323554993
1.7764678603361495e+18,0.42540740966796875,24.90216636657715,-0.03247406333684921,-0.0014818687923252583,-0.008944249711930752,0.14991937577724457,-0.10713662207126617,0.05248340591788292
1.7764678603371494e+18,-3.943981409072876,-28.438133239746094,-0.12480759620666504,-0.026087643578648567,-0.13198325037956238,-0.096238873898983,-0.10713662207126617,0.02173200063407421
1.7764678603381496e+18,-2.897789716720581,11.669669151306152,0.059859469532966614,-0.013784755952656269,-0.0909702479839325,0.18068915605545044,-0.10713662207126617,-0.13202503323554993
1.7764678603391496e+18,-1.7592869997024536,-1.767983078956604,0.02908162586390972,0.016972461715340614,0.032068751752376556,-0.25008776783943176,-0.10713662207126617,-0.19352784752845764
1.7764678603401495e+18,-3.5439670085906982,-17.15460777282715,-0.12480759620666504,-0.013784755952656269,0.1961207538843155,0.057610031217336655,-0.16870778799057007,-0.16277644038200378
1.7764678603411494e+18,-0.4053918719291687,7.5665693283081055,0.1214151531457901,0.010821018368005753,0.07308174669742584,-0.15777844190597534,-0.10713662207126617,-0.07052221894264221
1.7764678603421496e+18,-4.405536651611328,-3.511800527572632,-0.06325190514326096,-0.0014818687923252583,-0.008944249711930752,-0.003929531201720238,-0.10713662207126617,-0.16277644038200378
1.7764678603431496e+18,-4.220914363861084,39.77590560913086,-0.18636327981948853,-0.026087643578648567,-0.008944249711930752,0.18068915605545044,-0.10713662207126617,0.17548903822898865
1.7764678603441495e+18,-3.451655864715576,-46.696929931640625,0.02908162586390972,-0.007633312605321407,-0.13198325037956238,-0.12700866162776947,-0.10713662207126617,-0.07052221894264221
1.7764678603451497e+18,1.0408142805099487,15.7727689743042,0.02908162586390972,0.016972461715340614,0.07308174669742584,-0.1885482221841812,-0.10713662207126617,0.17548903822898865
1.7764678603461496e+18,-4.097833156585693,2.745426893234253,-0.03247406333684921,-0.019936200231313705,-0.21400925517082214,-0.1885482221841812,-0.10713662207126617,0.11398621648550034
1.7764678603471496e+18,-3.020871162414551,-28.438133239746094,-0.0940297469496727,-0.03223908692598343,-0.17299625277519226,-0.12700866162776947,-0.10713662207126617,-0.07052221894264221
1.7764678603481495e+18,-0.6207842826843262,-13.769550323486328,0.1829708367586136,-0.007633312605321407,-0.17299625277519226,-0.096238873898983,-0.10713662207126617,-0.009019406512379646
1.7764678603491497e+18,-6.005594253540039,-4.434998035430908,-0.06325190514326096,0.010821018368005753,-0.17299625277519226,-0.1885482221841812,-0.045565467327833176,0.1447376310825348
1.7764678603501496e+18,-1.4208132028579712,12.079978942871094,0.02908162586390972,0.016972461715340614,0.1551077514886856,0.1191495954990387,-0.045565467327833176,-0.07052221894264221
1.7764678603511496e+18,-3.851670265197754,-19.206157684326172,-0.0016962187364697456,-0.0014818687923252583,0.07308174669742584,-0.25008776783943176,-0.10713662207126617,-0.13202503323554993
1.7764678603521495e+18,-5.390187740325928,-10.48707103729248,-0.06325190514326096,-0.013784755952656269,0.07308174669742584,0.08837981522083282,-0.10713662207126617,-0.13202503323554993
1.7764678603531497e+18,-4.097833156585693,19.260404586791992,-0.12480759620666504,-0.013784755952656269,-0.008944249711930752,0.026840249076485634,-0.16870778799057007,0.05248340591788292
1.7764678603541496e+18,-2.4977753162384033,-21.257707595825195,0.059859469532966614,-0.0014818687923252583,-0.17299625277519226,-0.06546909362077713,-0.16870778799057007,-0.07052221894264221
1.7764678603551496e+18,-1.0515691041946411,-15.000480651855469,0.24452653527259827,-0.013784755952656269,-0.17299625277519226,-0.1885482221841812,-0.10713662207126617,0.08323480933904648
1.7764678603561495e+18,-2.7747082710266113,-2.2808706760406494,-0.0940297469496727,0.0354267954826355,-0.17299625277519226,-0.12700866162776947,-0.045565467327833176,0.05248340591788292
1.7764678603571497e+18,-3.174722909927368,-18.07780647277832,0.24452653527259827,-0.013784755952656269,-0.17299625277519226,0.026840249076485634,-0.10713662207126617,0.08323480933904648
1.7764678603581496e+18,0.4869481027126312,-0.4344756305217743,0.09063731133937836,0.004669575020670891,-0.04995724931359291,-0.21931800246238708,-0.10713662207126617,-0.19352784752845764
1.7764678603591496e+18,-1.4515835046768188,-36.952064514160156,-0.06325190514326096,-0.007633312605321407,-0.04995724931359291,-0.03469931334257126,-0.045565467327833176,0.08323480933904648
1.7764678603601495e+18,-4.497847557067871,17.41400909423828,-0.12480759620666504,-0.019936200231313705,-0.008944249711930752,0.026840249076485634,-0.045565467327833176,0.17548903822898865
1.7764678603611497e+18,-2.990100860595703,-32.951541900634766,-0.0940297469496727,-0.026087643578648567,-0.0909702479839325,-0.096238873898983,-0.10713662207126617,-0.039770811796188354
1.7764678603621496e+18,-3.759359359741211,-8.743252754211426,-0.21714112162590027,-0.026087643578648567,0.11409474909305573,-0.15777844190597534,-0.10713662207126617,0.11398621648550034
1.7764678603631496e+18,-0.03614775091409683,5.309864521026611,-0.18636327981948853,-0.013784755952656269,0.11409474909305573,0.1191495954990387,-0.10713662207126617,-0.13202503323554993
1.7764678603641495e+18,-4.8363213539123535,-9.25614070892334,-0.06325190514326096,-0.019936200231313705,-0.04995724931359291,0.3037682771682739,-0.10713662207126617,-0.2242792546749115
1.7764678603651497e+18,-4.8363213539123535,-2.69118070602417,0.059859469532966614,-0.013784755952656269,-0.255022257566452,-0.15777844190597534,-0.10713662207126617,0.2062404304742813
1.7764678603661496e+18,-2.1900718212127686,-6.794280529022217,-0.12480759620666504,-0.013784755952656269,0.1961207538843155,-0.096238873898983,-0.045565467327833176,-0.07052221894264221
1.7764678603671496e+18,-5.051713943481445,11.567091941833496,-0.0016962187364697456,0.004669575020670891,0.11409474909305573,-0.1885482221841812,-0.10713662207126617,0.2984946668148041
1.7764678603681495e+18,-2.6516270637512207,-8.230365753173828,0.1214151531457901,0.016972461715340614,0.07308174669742584,-0.06546909362077713,-0.045565467327833176,-0.16277644038200378
1.7764678603691497e+18,-2.159301519393921,-17.15460777282715,0.02908162586390972,-0.007633312605321407,-0.21400925517082214,-0.15777844190597534,-0.10713662207126617,-0.10127362608909607
1.7764678603701496e+18,-2.9593303203582764,34.13414001464844,0.09063731133937836,0.010821018368005753,-0.0909702479839325,-0.003929531201720238,-0.16870778799057007,0.02173200063407421
1.7764678603711496e+18,-3.5131967067718506,19.56813621520996,-0.06325190514326096,-0.0014818687923252583,-0.008944249711930752,-0.1885482221841812,-0.045565467327833176,-0.19352784752845764
1.7764678603721495e+18,-4.467077255249023,-15.205636024475098,-0.06325190514326096,0.016972461715340614,-0.21400925517082214,0.1191495954990387,-0.045565467327833176,-0.16277644038200378
1.7764678603731497e+18,-5.913283348083496,25.312477111816406,0.1214151531457901,0.010821018368005753,-0.0909702479839325,-0.06546909362077713,-0.10713662207126617,0.11398621648550034
1.7764678603741496e+18,-3.267033815383911,-20.744821548461914,-0.15558543801307678,-0.013784755952656269,-0.21400925517082214,0.18068915605545044,0.016005687415599823,-0.009019406512379646
1.7764678603751496e+18,-0.12845878303050995,-2.7937581539154053,0.1214151531457901,0.010821018368005753,0.1551077514886856,-0.03469931334257126,-0.045565467327833176,-0.07052221894264221
1.7764678603761498e+18,-3.1131820678710938,-3.7169556617736816,-0.15558543801307678,-0.03223908692598343,-0.21400925517082214,-0.15777844190597534,-0.10713662207126617,0.2062404304742813
1.7764678603771497e+18,-2.8670194149017334,-5.768505573272705,0.059859469532966614,-0.03223908692598343,-0.13198325037956238,0.24222871661186218,-0.045565467327833176,-0.13202503323554993
1.7764678603781496e+18,-6.09790563583374,10.131007194519043,-0.03247406333684921,-0.0014818687923252583,-0.008944249711930752,0.057610031217336655,-0.10713662207126617,-0.19352784752845764
1.7764678603791496e+18,-0.5592436194419861,-9.769027709960938,0.059859469532966614,-0.007633312605321407,-0.17299625277519226,0.057610031217336655,-0.10713662207126617,0.17548903822898865
1.7764678603801498e+18,0.6715701818466187,-10.384492874145508,0.059859469532966614,-0.026087643578648567,0.07308174669742584,-0.003929531201720238,-0.10713662207126617,0.08323480933904648
1.7764678603811497e+18,-6.128675937652588,6.335639476776123,-0.06325190514326096,-0.0014818687923252583,0.07308174669742584,0.1191495954990387,-0.16870778799057007,-0.13202503323554993
1.7764678603821496e+18,-5.082484245300293,3.258314371109009,-0.0016962187364697456,0.010821018368005753,-0.21400925517082214,0.1191495954990387,-0.10713662207126617,0.08323480933904648
1.7764678603831496e+18,-5.544039249420166,-38.7984619140625,0.02908162586390972,-0.03223908692598343,-0.0909702479839325,0.14991937577724457,-0.10713662207126617,-0.19352784752845764
1.7764678603841498e+18,0.056163281202316284,-24.950498580932617,-0.06325190514326096,-0.007633312605321407,0.07308174669742584,-0.25008776783943176,-0.10713662207126617,-0.13202503323554993
1.7764678603851497e+18,-0.2515401542186737,14.952149391174316,0.09063731133937836,0.023123906925320625,0.032068751752376556,-0.096238873898983,-0.045565467327833176,-0.10127362608909607
1.7764678603861496e+18,-2.220842123031616,-14.692748069763184,0.059859469532966614,0.004669575020670891,0.11409474909305573,0.057610031217336655,-0.045565467327833176,-0.19352784752845764
1.7764678603871496e+18,-2.436234474182129,-10.79480266571045,-0.06325190514326096,-0.026087643578648567,-0.13198325037956238,0.1191495954990387,-0.10713662207126617,-0.13202503323554993
1.7764678603881498e+18,-6.036364555358887,-17.052030563354492,0.059859469532966614,-0.019936200231313705,0.11409474909305573,-0.003929531201720238,-0.10713662207126617,-0.039770811796188354
1.7764678603891497e+18,-4.128603458404541,24.59443473815918,-0.15558543801307678,-0.007633312605321407,0.032068751752376556,0.14991937577724457,-0.10713662207126617,0.05248340591788292
1.7764678603901496e+18,-0.28231048583984375,-31.207725524902344,0.02908162586390972,-0.013784755952656269,-0.17299625277519226,-0.096238873898983,-0.16870778799057007,-0.009019406512379646
1.7764678603911496e+18,-3.6978187561035156,-2.48602557182312,0.21374869346618652,-0.026087643578648567,-0.13198325037956238,-0.12700866162776947,-0.045565467327833176,0.17548903822898865
1.7764678603921498e+18,0.08693362772464752,-16.949453353881836,-0.0016962187364697456,-0.026087643578648567,-0.0909702479839325,-0.096238873898983,-0.045565467327833176,0.02173200063407421
1.7764678603931497e+18,-0.28231048583984375,-10.281915664672852,-0.12480759620666504,-0.013784755952656269,0.1551077514886856,0.026840249076485634,-0.045565467327833176,-0.13202503323554993
1.7764678603941496e+18,-1.2361911535263062,-5.973660469055176,-0.0940297469496727,-0.026087643578648567,0.032068751752376556,0.026840249076485634,-0.10713662207126617,-0.039770811796188354
1.7764678603951496e+18,-0.2515401542186737,-31.412879943847656,-0.06325190514326096,-0.03223908692598343,-0.0909702479839325,0.057610031217336655,-0.045565467327833176,-0.10127362608909607
1.7764678603961498e+18,-3.943981409072876,-2.2808706760406494,-0.06325190514326096,0.004669575020670891,0.1551077514886856,-0.1885482221841812,-0.045565467327833176,-0.19352784752845764
1.7764678603971497e+18,-4.00552225112915,4.386666774749756,-0.03247406333684921,-0.013784755952656269,-0.0909702479839325,-0.06546909362077713,-0.10713662207126617,0.02173200063407421
1.7764678603981496e+18,-0.43616223335266113,-18.07780647277832,-0.06325190514326096,-0.013784755952656269,0.032068751752376556,0.057610031217336655,-0.045565467327833176,-0.16277644038200378
1.7764678603991496e+18,-3.451655864715576,-9.666450500488281,-0.12480759620666504,-0.026087643578648567,-0.008944249711930752,0.27299851179122925,-0.10713662207126617,-0.19352784752845764
1.7764678604001498e+18,-2.8362491130828857,-5.973660469055176,0.1214151531457901,-0.0014818687923252583,0.07308174669742584,0.026840249076485634,-0.16870778799057007,-0.16277644038200378
1.7764678604011497e+18,-0.005377406254410744,-15.513367652893066,0.09063731133937836,-0.007633312605321407,-0.17299625277519226,-0.003929531201720238,-0.10713662207126617,-0.039770811796188354
1.7764678604021496e+18,-1.3285021781921387,22.33772850036621,0.059859469532966614,0.016972461715340614,0.07308174669742584,-0.003929531201720238,-0.10713662207126617,-0.13202503323554993
1.7764678604031496e+18,-3.174722909927368,-2.8963356018066406,-0.0016962187364697456,-0.03223908692598343,0.07308174669742584,-0.096238873898983,-0.10713662207126617,-0.07052221894264221
1.7764678604041498e+18,0.24078534543514252,12.695444107055664,0.1214151531457901,-0.013784755952656269,-0.0909702479839325,-0.1885482221841812,-0.10713662207126617,-0.07052221894264221
1.7764678604051497e+18,-1.4208132028579712,9.925851821899414,-0.03247406333684921,-0.0014818687923252583,-0.008944249711930752,-0.003929531201720238,-0.10713662207126617,0.05248340591788292
1.7764678604061496e+18,-3.205493211746216,-2.998913049697876,-0.0940297469496727,-0.019936200231313705,0.1551077514886856,0.08837981522083282,0.016005687415599823,-0.13202503323554993
1.7764678604071498e+18,-4.805551052093506,-6.07623815536499,-0.06325190514326096,-0.0014818687923252583,-0.04995724931359291,0.057610031217336655,0.016005687415599823,0.05248340591788292
1.7764678604081498e+18,-0.8669470548629761,-4.947885513305664,0.1214151531457901,-0.019936200231313705,-0.21400925517082214,-0.003929531201720238,0.016005687415599823,0.17548903822898865
1.7764678604091497e+18,-2.7747082710266113,4.7969770431518555,0.059859469532966614,-0.019936200231313705,-0.008944249711930752,-0.25008776783943176,-0.10713662207126617,-0.16277644038200378
1.7764678604101496e+18,1.3177473545074463,-11.923155784606934,0.09063731133937836,-0.026087643578648567,-0.17299625277519226,0.1191495954990387,-0.16870778799057007,-0.009019406512379646
1.7764678604111498e+18,-2.4670050144195557,-36.64433288574219,-0.03247406333684921,-0.026087643578648567,-0.0909702479839325,-0.12700866162776947,-0.10713662207126617,0.02173200063407421
1.7764678604121498e+18,-0.6515546441078186,-2.48602557182312,0.1214151531457901,0.0354267954826355,-0.008944249711930752,-0.1885482221841812,-0.10713662207126617,-0.13202503323554993
1.7764678604131497e+18,-2.6516270637512207,-22.283483505249023,-0.0940297469496727,-0.03223908692598343,-0.255022257566452,-0.25008776783943176,-0.16870778799057007,-0.13202503323554993
1.7764678604141496e+18,0.056163281202316284,-15.308213233947754,0.1214151531457901,0.010821018368005753,-0.17299625277519226,-0.21931800246238708,-0.10713662207126617,0.05248340591788292
1.7764678604151498e+18,-4.559388160705566,20.286178588867188,-0.06325190514326096,0.016972461715340614,0.1551077514886856,0.057610031217336655,-0.10713662207126617,-0.13202503323554993
1.7764678604161498e+18,-2.4054641723632812,31.261972427368164,0.1829708367586136,0.016972461715340614,0.1551077514886856,-0.003929531201720238,-0.045565467327833176,-0.16277644038200378
1.7764678604171497e+18,-1.297731876373291,-27.207202911376953,-0.0940297469496727,-0.013784755952656269,-0.008944249711930752,0.1191495954990387,-0.045565467327833176,-0.19352784752845764
1.7764678604181496e+18,-1.9439090490341187,-4.742730617523193,-0.03247406333684921,-0.03223908692598343,-0.17299625277519226,-0.06546909362077713,-0.045565467327833176,-0.039770811796188354
1.7764678604191498e+18,-0.9592580795288086,-15.821100234985352,0.21374869346618652,0.029275350272655487,0.032068751752376556,-0.1885482221841812,-0.10713662207126617,-0.16277644038200378
1.7764678604201498e+18,0.9792736172676086,-0.9473631381988525,0.1214151531457901,-0.0014818687923252583,0.11409474909305573,-0.003929531201720238,-0.10713662207126617,-0.16277644038200378
1.7764678604211497e+18,-1.728516697883606,-22.180906295776367,0.15219299495220184,-0.019936200231313705,-0.21400925517082214,-0.12700866162776947,-0.045565467327833176,0.08323480933904648
1.7764678604221496e+18,-5.544039249420166,25.312477111816406,-0.0016962187364697456,-0.0014818687923252583,-0.008944249711930752,0.026840249076485634,-0.10713662207126617,-0.13202503323554993
1.7764678604231498e+18,-1.2669614553451538,-44.337646484375,-0.0940297469496727,-0.019936200231313705,-0.0909702479839325,-0.096238873898983,-0.045565467327833176,-0.039770811796188354
1.7764678604241498e+18,-2.9285600185394287,-7.717478275299072,-0.15558543801307678,-0.026087643578648567,0.032068751752376556,0.18068915605545044,0.016005687415599823,-0.10127362608909607
1.7764678604251497e+18,-4.9286322593688965,-0.8447856307029724,-0.06325190514326096,0.0354267954826355,-0.008944249711930752,-0.15777844190597534,-0.045565467327833176,0.17548903822898865
1.7764678604261496e+18,-2.9285600185394287,-15.41079044342041,0.059859469532966614,-0.019936200231313705,-0.21400925517082214,-0.1885482221841812,-0.10713662207126617,-0.10127362608909607
1.7764678604271498e+18,-2.713167667388916,38.75012969970703,-0.12480759620666504,0.010821018368005753,0.032068751752376556,0.14991937577724457,0.016005687415599823,0.1447376310825348
1.7764678604281498e+18,-1.8823683261871338,2.3351168632507324,0.02908162586390972,0.023123906925320625,-0.008944249711930752,-0.21931800246238708,-0.045565467327833176,-0.16277644038200378
1.7764678604291497e+18,-3.451655864715576,-17.872650146484375,-0.06325190514326096,-0.007633312605321407,0.032068751752376556,0.08837981522083282,-0.045565467327833176,0.2984946668148041
1.77646786043015e+18,0.3638667166233063,-34.900516510009766,-0.06325190514326096,-0.013784755952656269,0.032068751752376556,0.057610031217336655,-0.10713662207126617,0.17548903822898865
1.7764678604311498e+18,-3.7285890579223633,-13.359240531921387,-0.12480759620666504,-0.007633312605321407,-0.17299625277519226,-0.06546909362077713,0.016005687415599823,-0.039770811796188354
1.7764678604321498e+18,-0.005377406254410744,-0.22932063043117523,0.1214151531457901,-0.03223908692598343,0.23713375627994537,-0.1885482221841812,0.016005687415599823,0.08323480933904648
1.7764678604331497e+18,-0.005377406254410744,13.41348648071289,-0.03247406333684921,-0.0014818687923252583,0.07308174669742584,0.026840249076485634,-0.10713662207126617,-0.07052221894264221
1.7764678604341496e+18,-2.0054497718811035,9.002654075622559,0.1214151531457901,-0.013784755952656269,-0.17299625277519226,-0.12700866162776947,-0.10713662207126617,-0.009019406512379646
1.7764678604351496e+18,-2.8670194149017334,-33.87474060058594,-0.06325190514326096,-0.026087643578648567,-0.13198325037956238,-0.06546909362077713,-0.10713662207126617,-0.009019406512379646
1.7764678604361498e+18,-0.43616223335266113,-21.873172760009766,-0.0016962187364697456,-0.013784755952656269,-0.17299625277519226,-0.06546909362077713,-0.045565467327833176,-0.07052221894264221
1.7764678604371497e+18,-0.9900283813476562,-34.69536209106445,-0.06325190514326096,-0.019936200231313705,-0.0909702479839325,-0.12700866162776947,-0.10713662207126617,-0.009019406512379646
1.7764678604381496e+18,-3.8824408054351807,-17.35976219177246,-0.12480759620666504,0.0354267954826355,-0.17299625277519226,-0.1885482221841812,-0.10713662207126617,0.08323480933904648
1.7764678604391496e+18,-3.9747517108917236,2.0273842811584473,0.15219299495220184,-0.03223908692598343,0.07308174669742584,0.057610031217336655,-0.10713662207126617,-0.039770811796188354
1.7764678604401495e+18,-1.6977462768554688,-14.79532527923584,-0.0016962187364697456,-0.026087643578648567,-0.17299625277519226,0.3037682771682739,-0.045565467327833176,-0.19352784752845764
1.7764678604411494e+18,-0.8361766934394836,-7.922633171081543,-0.12480759620666504,-0.026087643578648567,-0.0909702479839325,0.1191495954990387,-0.045565467327833176,0.17548903822898865
1.7764678604421494e+18,-3.5439670085906982,-22.69379234313965,0.09063731133937836,-0.026087643578648567,-0.17299625277519226,-0.096238873898983,-0.045565467327833176,0.23699183762073517
1.7764678604431496e+18,-3.7285890579223633,-26.181428909301758,-0.12480759620666504,-0.03223908692598343,-0.04995724931359291,-0.12700866162776947,-0.10713662207126617,0.02173200063407421
1.7764678604441495e+18,-0.22076980769634247,25.004743576049805,0.15219299495220184,0.004669575020670891,-0.21400925517082214,-0.03469931334257126,-0.045565467327833176,0.02173200063407421
1.7764678604451494e+18,-0.7746359705924988,8.900076866149902,0.059859469532966614,-0.019936200231313705,0.1551077514886856,-0.21931800246238708,0.016005687415599823,-0.13202503323554993
1.7764678604461494e+18,-0.9900283813476562,-20.437088012695312,0.02908162586390972,-0.013784755952656269,-0.008944249711930752,0.057610031217336655,-0.045565467327833176,0.05248340591788292
1.7764678604471493e+18,-4.559388160705566,26.851139068603516,0.09063731133937836,-0.0014818687923252583,-0.17299625277519226,-0.06546909362077713,-0.045565467327833176,0.17548903822898865
1.7764678604481492e+18,-3.636277914047241,-0.6396306157112122,-0.06325190514326096,-0.007633312605321407,0.07308174669742584,0.08837981522083282,-0.045565467327833176,-0.13202503323554993
1.7764678604491494e+18,-3.943981409072876,-14.692748069763184,0.09063731133937836,-0.0014818687923252583,-0.0909702479839325,-0.25008776783943176,-0.10713662207126617,-0.13202503323554993
1.7764678604501494e+18,-3.020871162414551,4.386666774749756,-0.15558543801307678,-0.04454197362065315,-0.17299625277519226,-0.003929531201720238,-0.045565467327833176,0.1447376310825348
1.7764678604511493e+18,-2.7747082710266113,18.542362213134766,-0.06325190514326096,-0.0014818687923252583,-0.008944249711930752,0.1191495954990387,-0.045565467327833176,0.05248340591788292
1.7764678604521492e+18,-0.4669325649738312,16.285655975341797,-0.0016962187364697456,0.010821018368005753,0.11409474909305573,-0.25008776783943176,-0.045565467327833176,0.11398621648550034
1.7764678604531492e+18,-3.390115261077881,-7.717478275299072,-0.0016962187364697456,-0.019936200231313705,-0.008944249711930752,0.08837981522083282,0.016005687415599823,-0.13202503323554993
1.776467860454149e+18,0.24078534543514252,-15.205636024475098,0.1214151531457901,-0.03223908692598343,-0.17299625277519226,-0.1885482221841812,-0.10713662207126617,0.11398621648550034
1.7764678604551493e+18,-2.8362491130828857,-12.743775367736816,-0.12480759620666504,-0.026087643578648567,-0.0909702479839325,0.18068915605545044,-0.10713662207126617,0.17548903822898865
1.7764678604561492e+18,-2.897789716720581,31.159395217895508,0.059859469532966614,0.023123906925320625,-0.008944249711930752,-0.1885482221841812,0.016005687415599823,-0.039770811796188354
1.7764678604571492e+18,-5.113254547119141,-8.230365753173828,-0.0940297469496727,-0.0014818687923252583,0.27814674377441406,-0.06546909362077713,-0.16870778799057007,-0.13202503323554993
1.776467860458149e+18,-4.620928764343262,-13.359240531921387,-0.12480759620666504,-0.007633312605321407,-0.13198325037956238,-0.06546909362077713,-0.045565467327833176,0.05248340591788292
1.776467860459149e+18,-0.6207842826843262,-12.743775367736816,0.15219299495220184,-0.007633312605321407,-0.008944249711930752,-0.21931800246238708,-0.10713662207126617,-0.19352784752845764
1.776467860460149e+18,-4.713240146636963,34.03156280517578,0.1214151531457901,-0.007633312605321407,-0.17299625277519226,-0.096238873898983,-0.10713662207126617,0.08323480933904648
1.7764678604611492e+18,-4.190144062042236,-22.283483505249023,-0.06325190514326096,0.016972461715340614,-0.0909702479839325,-0.03469931334257126,-0.045565467327833176,-0.19352784752845764
1.776467860462149e+18,-2.1285312175750732,37.108890533447266,0.1214151531457901,-0.019936200231313705,-0.008944249711930752,-0.03469931334257126,0.016005687415599823,-0.25503066182136536
1.776467860463149e+18,-4.805551052093506,-21.975749969482422,-0.12480759620666504,-0.019936200231313705,-0.21400925517082214,-0.03469931334257126,-0.045565467327833176,-0.009019406512379646
1.776467860464149e+18,-2.9285600185394287,1.0016093254089355,0.1214151531457901,0.010821018368005753,0.07308174669742584,-0.21931800246238708,-0.16870778799057007,-0.13202503323554993
1.776467860465149e+18,-1.297731876373291,16.285655975341797,0.09063731133937836,0.023123906925320625,0.07308174669742584,0.1191495954990387,-0.045565467327833176,-0.19352784752845764
1.7764678604661489e+18,-2.6516270637512207,-7.8200554847717285,0.059859469532966614,0.010821018368005753,0.07308174669742584,0.026840249076485634,-0.045565467327833176,-0.16277644038200378
1.7764678604671488e+18,-2.3746938705444336,30.236196517944336,0.09063731133937836,-0.0014818687923252583,-0.13198325037956238,-0.12700866162776947,-0.045565467327833176,-0.009019406512379646
1.776467860468149e+18,-0.8054063320159912,-1.357673168182373,0.1214151531457901,-0.013784755952656269,-0.13198325037956238,-0.06546909362077713,0.016005687415599823,-0.009019406512379646
1.776467860469149e+18,-3.574737310409546,-11.923155784606934,-0.12480759620666504,-0.04454197362065315,-0.17299625277519226,-0.12700866162776947,-0.10713662207126617,0.2062404304742813
1.7764678604701489e+18,-1.9746793508529663,-2.8963356018066406,0.059859469532966614,0.010821018368005753,0.11409474909305573,-0.25008776783943176,-0.10713662207126617,-0.16277644038200378
1.7764678604711488e+18,-0.7130953073501587,-39.10619354248047,-0.15558543801307678,-0.013784755952656269,-0.0909702479839325,0.026840249076485634,-0.045565467327833176,-0.16277644038200378
1.7764678604721487e+18,-3.943981409072876,8.182034492492676,-0.03247406333684921,-0.0014818687923252583,0.032068751752376556,-0.28085756301879883,-0.10713662207126617,-0.039770811796188354
1.7764678604731487e+18,-3.1131820678710938,21.619686126708984,-0.03247406333684921,-0.007633312605321407,0.07308174669742584,0.08837981522083282,-0.10713662207126617,-0.13202503323554993
1.7764678604741489e+18,1.0408142805099487,-10.897380828857422,0.059859469532966614,-0.026087643578648567,-0.008944249711930752,-0.003929531201720238,-0.16870778799057007,-0.039770811796188354
1.7764678604751488e+18,1.7177618741989136,-1.2550956010818481,0.059859469532966614,-0.013784755952656269,-0.3370482623577118,0.3037682771682739,-0.10713662207126617,-0.19352784752845764
1.7764678604761487e+18,-1.113109827041626,-8.230365753173828,0.09063731133937836,0.010821018368005753,0.07308174669742584,0.1191495954990387,0.016005687415599823,-0.10127362608909607
1.7764678604771487e+18,-1.5746649503707886,-6.383970737457275,-0.0940297469496727,-0.03223908692598343,-0.21400925517082214,-0.003929531201720238,-0.045565467327833176,0.17548903822898865
1.7764678604781486e+18,-4.497847557067871,1.8222293853759766,-0.03247406333684921,-0.0014818687923252583,-0.008944249711930752,0.057610031217336655,-0.16870778799057007,-0.19352784752845764
