time_chanNI9203_1,PT_FU_02,PT_N2_05,PT_GO2_04_1,PT_N2_19,PT_FU_01_1,PT_LO2_05,PT_N2_06,PT_GO2_03_1
1.775875849710076e+18,-375.3422546386719,-1251.1383056640625,-375.001708984375,-74.95841979980469,-499.72186279296875,-374.69622802734375,-366.41259765625,-374.5784912109375
1.7758758497110758e+18,-374.8807067871094,-1248.6763916015625,-374.7554626464844,-74.9399642944336,-499.80389404296875,-374.8193054199219,-368.321044921875,-374.947509765625
1.7758758497120758e+18,-375.3422546386719,-1250.420166015625,-374.7862548828125,-75.01993560791016,-500.6241455078125,-374.9423828125,-366.5664978027344,-375.0397644042969
1.7758758497130757e+18,-374.9114685058594,-1248.5738525390625,-375.032470703125,-75.05068969726562,-499.76287841796875,-374.4808349609375,-375.862548828125,-375.2550354003906
1.7758758497140756e+18,-374.9114685058594,-1250.7279052734375,-375.40179443359375,-75.00763702392578,-499.8448791503906,-375.09625244140625,-383.52716064453125,-375.13201904296875
1.7758758497150758e+18,-374.8807067871094,-1248.984130859375,-374.8170166015625,-75.01378631591797,-500.4190673828125,-375.55780029296875,-377.5555419921875,-374.76300048828125
1.7758758497160758e+18,-375.0345458984375,-1250.5228271484375,-375.0632629394531,-75.00763702392578,-500.2140197753906,-375.0039367675781,-372.3226623535156,-375.2550354003906
1.7758758497170757e+18,-375.1883850097656,-1250.420166015625,-374.69390869140625,-74.92766571044922,-500.0499572753906,-375.2808532714844,-381.187744140625,-374.6092529296875
1.7758758497180756e+18,-374.7575988769531,-1249.4969482421875,-374.8170166015625,-74.9707260131836,-499.47576904296875,-374.7885437011719,-372.9998474121094,-375.3165283203125
1.7758758497190756e+18,-375.3730163574219,-1251.1383056640625,-375.001708984375,-74.97687530517578,-499.43475341796875,-375.0039367675781,-378.140380859375,-375.50103759765625
1.7758758497200758e+18,-375.1268615722656,-1249.3944091796875,-374.6323547363281,-75.03839111328125,-500.1730041503906,-374.7885437011719,-373.98486328125,-375.50103759765625
1.7758758497210757e+18,-374.8807067871094,-1248.7789306640625,-375.12481689453125,-75.03839111328125,-500.2550354003906,-374.7577819824219,-366.9358825683594,-374.947509765625
1.7758758497220756e+18,-374.8807067871094,-1250.0098876953125,-375.032470703125,-75.03224182128906,-500.2550354003906,-375.61932373046875,-383.52716064453125,-375.2242736816406
1.7758758497230756e+18,-375.3730163574219,-1251.03564453125,-374.8478088378906,-74.98302459716797,-499.8858947753906,-375.4346923828125,-381.187744140625,-374.7322692871094
1.7758758497240758e+18,-374.9114685058594,-1250.0098876953125,-375.4325866699219,-75.00148010253906,-499.8448791503906,-375.15777587890625,-383.52716064453125,-374.978271484375
1.7758758497250757e+18,-374.81915283203125,-1249.7021484375,-374.8785705566406,-75.00148010253906,-500.2550354003906,-375.3731689453125,-383.1885681152344,-375.2242736816406
1.7758758497260756e+18,-374.8807067871094,-1248.47119140625,-374.8170166015625,-75.00763702392578,-499.8858947753906,-375.12701416015625,-379.77178955078125,-375.5625305175781
1.7758758497270756e+18,-375.0653076171875,-1250.6253662109375,-374.6323547363281,-75.00148010253906,-500.2960205078125,-374.69622802734375,-360.8103332519531,-375.2857971191406
1.7758758497280758e+18,-375.0960998535156,-1251.548583984375,-374.8785705566406,-74.9707260131836,-500.1730041503906,-374.91162109375,-362.74957275390625,-375.0397644042969
1.7758758497290757e+18,-374.6960754394531,-1250.0098876953125,-375.2479248046875,-74.9707260131836,-499.47576904296875,-375.2808532714844,-380.8491516113281,-374.8860168457031
1.7758758497300756e+18,-375.1576232910156,-1250.6253662109375,-375.37103271484375,-75.00763702392578,-499.76287841796875,-374.7577819824219,-362.1339416503906,-375.1012878417969
1.7758758497310756e+18,-374.6960754394531,-1249.599609375,-375.0940246582031,-75.01378631591797,-500.2960205078125,-375.2808532714844,-383.52716064453125,-375.19354248046875
1.7758758497320755e+18,-375.28070068359375,-1250.317626953125,-374.69390869140625,-74.95841979980469,-499.76287841796875,-374.7577819824219,-361.518310546875,-375.0397644042969
1.7758758497330757e+18,-374.81915283203125,-1250.317626953125,-375.15557861328125,-75.08145141601562,-500.5831298828125,-375.18853759765625,-383.52716064453125,-375.50103759765625
1.7758758497340756e+18,-374.9422302246094,-1251.2408447265625,-375.12481689453125,-74.95841979980469,-499.55780029296875,-375.2808532714844,-381.09539794921875,-374.79376220703125
1.7758758497350756e+18,-375.0653076171875,-1251.3433837890625,-374.9401550292969,-74.97687530517578,-500.2960205078125,-375.5270080566406,-372.2918701171875,-374.9167785644531
1.7758758497360755e+18,-374.81915283203125,-1249.599609375,-375.2786865234375,-74.9707260131836,-499.55780029296875,-375.3116149902344,-380.2643127441406,-374.947509765625
1.7758758497370755e+18,-374.81915283203125,-1250.215087890625,-375.46337890625,-74.97687530517578,-499.76287841796875,-375.12701416015625,-383.52716064453125,-374.6400146484375
1.7758758497380756e+18,-374.84991455078125,-1248.6763916015625,-375.3094787597656,-75.01378631591797,-499.80389404296875,-375.18853759765625,-383.52716064453125,-374.978271484375
1.7758758497390756e+18,-375.0037841796875,-1249.599609375,-374.6015930175781,-74.97687530517578,-499.63983154296875,-375.12701416015625,-379.77178955078125,-375.47027587890625
1.7758758497400755e+18,-375.31146240234375,-1251.03564453125,-375.2171325683594,-75.06299591064453,-500.3370361328125,-375.2808532714844,-375.4931640625,-375.16278076171875
1.7758758497410755e+18,-375.1268615722656,-1250.6253662109375,-375.0940246582031,-75.00763702392578,-499.51678466796875,-374.66546630859375,-362.6880187988281,-374.82452392578125
1.7758758497420754e+18,-375.31146240234375,-1250.215087890625,-374.8785705566406,-74.9645767211914,-500.2960205078125,-375.2808532714844,-369.0906066894531,-374.5169982910156
1.7758758497430756e+18,-375.0345458984375,-1251.548583984375,-374.90936279296875,-74.95841979980469,-500.0909729003906,-375.4654846191406,-365.6122741699219,-374.947509765625
1.7758758497440755e+18,-374.81915283203125,-1250.1124267578125,-375.46337890625,-74.98918151855469,-499.76287841796875,-375.0654602050781,-383.52716064453125,-374.6707458496094
1.7758758497450755e+18,-374.9729919433594,-1251.1383056640625,-375.0940246582031,-74.95841979980469,-500.1319885253906,-375.58856201171875,-374.63128662109375,-374.79376220703125
1.7758758497460754e+18,-375.0960998535156,-1250.6253662109375,-375.3094787597656,-75.05684661865234,-500.2550354003906,-375.5270080566406,-381.156982421875,-375.2550354003906
1.7758758497470753e+18,-374.8807067871094,-1250.7279052734375,-375.3402404785156,-74.98302459716797,-499.9269104003906,-375.4654846191406,-383.52716064453125,-374.76300048828125
1.7758758497480755e+18,-374.9114685058594,-1250.420166015625,-375.40179443359375,-75.06914520263672,-500.2550354003906,-375.2808532714844,-379.8025817871094,-374.82452392578125
1.7758758497490755e+18,-375.31146240234375,-1250.0098876953125,-374.8478088378906,-74.99533081054688,-500.5421142578125,-375.0654602050781,-368.6904296875,-374.8552551269531
1.7758758497500754e+18,-374.7575988769531,-1249.4969482421875,-375.0632629394531,-75.08760070800781,-500.0499572753906,-374.69622802734375,-372.56890869140625,-375.50103759765625
1.7758758497510753e+18,-375.0960998535156,-1249.599609375,-374.8478088378906,-75.06914520263672,-500.1319885253906,-374.8500671386719,-368.59808349609375,-375.4395446777344
1.7758758497520753e+18,-375.24993896484375,-1250.420166015625,-374.90936279296875,-74.95841979980469,-500.4600830078125,-375.0346984863281,-368.9059143066406,-375.19354248046875
1.7758758497530755e+18,-375.24993896484375,-1250.1124267578125,-374.6323547363281,-74.9399642944336,-499.72186279296875,-374.7577819824219,-361.2720642089844,-374.978271484375
1.7758758497540754e+18,-375.31146240234375,-1249.8046875,-374.7862548828125,-75.03839111328125,-500.5831298828125,-374.9423828125,-368.22869873046875,-375.2242736816406
1.7758758497550753e+18,-374.6960754394531,-1249.2918701171875,-374.9709167480469,-74.97687530517578,-500.1730041503906,-375.2808532714844,-383.52716064453125,-375.47027587890625
1.7758758497560753e+18,-375.31146240234375,-1250.0098876953125,-374.8478088378906,-75.03839111328125,-500.5831298828125,-374.8500671386719,-368.41339111328125,-375.3472900390625
1.7758758497570752e+18,-374.81915283203125,-1249.2918701171875,-374.6015930175781,-74.95841979980469,-499.8448791503906,-374.4808349609375,-367.9208984375,-375.1012878417969
1.7758758497580754e+18,-375.31146240234375,-1250.6253662109375,-375.001708984375,-74.9707260131836,-499.68084716796875,-374.8193054199219,-363.88848876953125,-375.0705261230469
1.7758758497590753e+18,-374.9114685058594,-1248.7789306640625,-374.9401550292969,-75.04454040527344,-500.4190673828125,-375.5270080566406,-381.0338439941406,-375.53179931640625
1.7758758497600753e+18,-375.0960998535156,-1250.1124267578125,-374.90936279296875,-74.92766571044922,-499.59881591796875,-374.66546630859375,-366.1663513183594,-374.5784912109375
1.7758758497610752e+18,-374.9114685058594,-1249.9073486328125,-374.9401550292969,-75.00148010253906,-500.2550354003906,-375.4654846191406,-382.8807373046875,-375.2550354003906
1.7758758497620751e+18,-375.31146240234375,-1250.7279052734375,-375.3402404785156,-75.06299591064453,-500.0909729003906,-374.880859375,-376.53973388671875,-374.8552551269531
1.7758758497630753e+18,-375.0345458984375,-1250.7279052734375,-375.2171325683594,-75.02608489990234,-500.2550354003906,-375.4346923828125,-382.4805908203125,-375.2857971191406
1.7758758497640753e+18,-375.21917724609375,-1250.7279052734375,-374.8478088378906,-74.97687530517578,-499.8448791503906,-374.5731506347656,-372.01483154296875,-375.16278076171875
1.7758758497650752e+18,-375.0653076171875,-1250.83056640625,-375.1863708496094,-75.01993560791016,-500.3370361328125,-375.3116149902344,-378.23272705078125,-375.2242736816406
1.7758758497660751e+18,-375.31146240234375,-1251.4459228515625,-375.12481689453125,-75.00763702392578,-499.8858947753906,-374.8193054199219,-364.6888122558594,-374.5477600097656
1.775875849767075e+18,-374.9422302246094,-1248.984130859375,-374.6015930175781,-74.9645767211914,-500.0089416503906,-375.0039367675781,-376.72442626953125,-375.19354248046875
1.7758758497680753e+18,-375.31146240234375,-1251.1383056640625,-375.1863708496094,-75.04454040527344,-500.0089416503906,-374.97314453125,-361.3028564453125,-374.76300048828125
1.7758758497690752e+18,-375.0960998535156,-1250.83056640625,-375.3094787597656,-75.04454040527344,-499.63983154296875,-374.69622802734375,-366.72039794921875,-375.009033203125
1.7758758497700751e+18,-375.1576232910156,-1251.03564453125,-375.40179443359375,-75.04454040527344,-500.6241455078125,-375.4654846191406,-375.5239562988281,-374.6400146484375
1.775875849771075e+18,-374.7575988769531,-1248.7789306640625,-374.7862548828125,-74.99533081054688,-500.0089416503906,-375.2500915527344,-380.1719665527344,-375.50103759765625
1.775875849772075e+18,-375.0037841796875,-1249.1893310546875,-374.57080078125,-74.98918151855469,-500.1730041503906,-375.55780029296875,-383.52716064453125,-375.16278076171875
1.7758758497730752e+18,-374.9422302246094,-1250.5228271484375,-375.3094787597656,-75.06914520263672,-500.2960205078125,-375.4962463378906,-382.4805908203125,-374.8860168457031
1.7758758497740751e+18,-375.3422546386719,-1250.215087890625,-374.69390869140625,-74.9522705078125,-499.63983154296875,-374.7577819824219,-362.1955261230469,-375.0705261230469
1.775875849775075e+18,-374.84991455078125,-1248.5738525390625,-374.7554626464844,-74.9645767211914,-499.55780029296875,-374.69622802734375,-364.5041198730469,-374.5784912109375
1.775875849776075e+18,-375.3422546386719,-1251.03564453125,-374.9709167480469,-74.9399642944336,-499.51678466796875,-374.63470458984375,-369.2752685546875,-374.9167785644531
1.775875849777075e+18,-374.81915283203125,-1249.599609375,-374.9401550292969,-75.00763702392578,-500.2550354003906,-375.55780029296875,-383.52716064453125,-375.2550354003906
1.7758758497780751e+18,-375.3422546386719,-1251.1383056640625,-375.032470703125,-74.9522705078125,-499.76287841796875,-374.72698974609375,-366.4741516113281,-374.6092529296875
1.775875849779075e+18,-374.81915283203125,-1249.2918701171875,-375.12481689453125,-75.07530212402344,-500.1730041503906,-374.8193054199219,-362.4725341796875,-375.2550354003906
1.775875849780075e+18,-374.9422302246094,-1250.1124267578125,-374.8170166015625,-74.97687530517578,-500.0909729003906,-374.69622802734375,-369.70623779296875,-374.978271484375
1.775875849781075e+18,-374.9114685058594,-1249.1893310546875,-374.6323547363281,-74.97687530517578,-499.76287841796875,-375.12701416015625,-376.9706726074219,-375.3472900390625
1.775875849782075e+18,-375.0037841796875,-1249.7021484375,-374.66314697265625,-74.98918151855469,-500.4600830078125,-375.4346923828125,-381.156982421875,-374.76300048828125
1.775875849783075e+18,-374.9729919433594,-1251.3433837890625,-375.37103271484375,-75.05068969726562,-500.0909729003906,-374.880859375,-368.4441833496094,-374.6092529296875
1.775875849784075e+18,-374.8807067871094,-1250.83056640625,-375.12481689453125,-75.07530212402344,-500.3370361328125,-375.3424072265625,-367.45916748046875,-374.9167785644531
1.775875849785075e+18,-374.8807067871094,-1250.317626953125,-375.2786865234375,-75.03839111328125,-500.4190673828125,-375.0346984863281,-369.829345703125,-374.5784912109375
1.775875849786075e+18,-375.31146240234375,-1250.6253662109375,-375.2171325683594,-75.04454040527344,-500.0499572753906,-374.5423889160156,-373.52313232421875,-374.9167785644531
1.7758758497870748e+18,-374.6653137207031,-1249.1893310546875,-374.8478088378906,-74.92766571044922,-499.68084716796875,-374.7577819824219,-363.2420959472656,-374.76300048828125
1.775875849788075e+18,-375.0345458984375,-1250.420166015625,-375.1863708496094,-75.01378631591797,-500.3780517578125,-375.4346923828125,-381.06463623046875,-375.47027587890625
1.775875849789075e+18,-374.8807067871094,-1248.881591796875,-374.8478088378906,-74.94612121582031,-500.1730041503906,-375.0039367675781,-383.52716064453125,-375.4395446777344
1.775875849790075e+18,-375.0653076171875,-1248.881591796875,-374.8170166015625,-74.9522705078125,-499.72186279296875,-374.91162109375,-383.52716064453125,-375.4395446777344
1.7758758497910748e+18,-375.1268615722656,-1250.6253662109375,-375.001708984375,-74.98918151855469,-499.55780029296875,-374.8500671386719,-383.52716064453125,-375.4395446777344
1.775875849792075e+18,-374.84991455078125,-1248.984130859375,-374.6015930175781,-74.95841979980469,-499.47576904296875,-374.63470458984375,-370.4449768066406,-374.6092529296875
1.775875849793075e+18,-375.1576232910156,-1250.215087890625,-375.2786865234375,-75.02608489990234,-500.1730041503906,-375.2500915527344,-373.5539245605469,-375.19354248046875
1.775875849794075e+18,-375.31146240234375,-1250.93310546875,-375.1863708496094,-75.08760070800781,-500.5010986328125,-375.2500915527344,-383.52716064453125,-375.4087829589844
1.7758758497950748e+18,-375.1268615722656,-1250.7279052734375,-375.40179443359375,-75.07530212402344,-500.2550354003906,-375.65008544921875,-383.52716064453125,-375.2550354003906
1.7758758497960748e+18,-374.6960754394531,-1249.1893310546875,-374.8785705566406,-74.9338150024414,-499.8448791503906,-375.0346984863281,-366.90509033203125,-375.0397644042969
1.775875849797075e+18,-375.0960998535156,-1251.2408447265625,-375.4325866699219,-75.01993560791016,-499.72186279296875,-374.69622802734375,-367.08978271484375,-374.8552551269531
1.775875849798075e+18,-375.0653076171875,-1250.7279052734375,-375.0940246582031,-75.01378631591797,-500.2550354003906,-375.18853759765625,-377.0630187988281,-375.2550354003906
1.7758758497990748e+18,-375.1576232910156,-1250.83056640625,-375.37103271484375,-75.03224182128906,-500.4600830078125,-375.2193298339844,-373.9540710449219,-374.82452392578125
1.7758758498000748e+18,-375.31146240234375,-1251.4459228515625,-375.1863708496094,-75.01993560791016,-499.8448791503906,-374.69622802734375,-366.5972900390625,-374.6400146484375
1.7758758498010747e+18,-374.6960754394531,-1249.8046875,-375.1863708496094,-75.08145141601562,-500.5831298828125,-375.12701416015625,-367.27447509765625,-374.5477600097656
1.775875849802075e+18,-375.31146240234375,-1250.6253662109375,-374.7862548828125,-74.95841979980469,-499.72186279296875,-374.8193054199219,-368.4441833496094,-375.3165283203125
1.7758758498030748e+18,-375.0960998535156,-1250.7279052734375,-375.3094787597656,-74.95841979980469,-499.76287841796875,-375.18853759765625,-380.7568054199219,-375.50103759765625
1.7758758498040748e+18,-374.84991455078125,-1250.1124267578125,-375.12481689453125,-75.08760070800781,-500.4190673828125,-375.0346984863281,-367.8901062011719,-374.5784912109375
1.7758758498050747e+18,-374.8807067871094,-1248.7789306640625,-374.8170166015625,-75.00148010253906,-499.9269104003906,-375.2808532714844,-379.8333740234375,-375.53179931640625
1.7758758498060746e+18,-374.81915283203125,-1248.984130859375,-374.7554626464844,-75.01993560791016,-500.1730041503906,-375.3116149902344,-379.6794738769531,-375.5625305175781
1.7758758498070748e+18,-374.81915283203125,-1249.7021484375,-375.15557861328125,-75.07530212402344,-500.2960205078125,-375.4346923828125,-381.8957214355469,-374.8552551269531
1.7758758498080748e+18,-374.8807067871094,-1248.984130859375,-374.90936279296875,-75.00763702392578,-500.6241455078125,-375.2500915527344,-377.401611328125,-374.7015075683594
1.7758758498090747e+18,-374.9729919433594,-1250.83056640625,-375.0940246582031,-75.08760070800781,-500.5831298828125,-375.2808532714844,-381.09539794921875,-375.19354248046875
1.7758758498100746e+18,-374.7575988769531,-1249.3944091796875,-374.57080078125,-74.94612121582031,-499.76287841796875,-374.72698974609375,-360.9950256347656,-374.82452392578125
1.7758758498110746e+18,-374.7268371582031,-1249.2918701171875,-374.5400390625,-75.01378631591797,-500.0909729003906,-375.58856201171875,-383.52716064453125,-375.3165283203125
1.7758758498120748e+18,-374.84991455078125,-1248.47119140625,-374.9401550292969,-75.00148010253906,-500.3370361328125,-375.4962463378906,-380.9722900390625,-375.53179931640625
1.7758758498130747e+18,-374.6960754394531,-1249.9073486328125,-375.1863708496094,-75.05068969726562,-499.63983154296875,-374.63470458984375,-372.35345458984375,-375.4395446777344
1.7758758498140746e+18,-374.9729919433594,-1250.5228271484375,-375.37103271484375,-75.07530212402344,-500.2550354003906,-375.5270080566406,-383.52716064453125,-374.9167785644531
1.7758758498150746e+18,-375.1576232910156,-1250.7279052734375,-375.37103271484375,-75.05068969726562,-499.9269104003906,-374.63470458984375,-360.9026794433594,-374.8552551269531
1.7758758498160745e+18,-375.31146240234375,-1251.2408447265625,-375.001708984375,-74.9399642944336,-499.47576904296875,-374.72698974609375,-375.7394104003906,-375.4395446777344
1.7758758498170747e+18,-375.0037841796875,-1250.6253662109375,-375.3094787597656,-75.07530212402344,-500.2550354003906,-375.61932373046875,-383.52716064453125,-375.1012878417969
1.7758758498180746e+18,-375.28070068359375,-1250.7279052734375,-375.37103271484375,-75.04454040527344,-499.9269104003906,-374.63470458984375,-361.5491027832031,-374.8860168457031
1.7758758498190746e+18,-374.81915283203125,-1248.984130859375,-374.6015930175781,-74.9645767211914,-499.59881591796875,-374.5116271972656,-368.6596374511719,-374.6707458496094
1.7758758498200745e+18,-375.24993896484375,-1250.6253662109375,-375.40179443359375,-75.05068969726562,-500.3370361328125,-375.2193298339844,-373.3692321777344,-375.13201904296875
1.7758758498210744e+18,-375.1268615722656,-1250.83056640625,-375.032470703125,-74.99533081054688,-500.1730041503906,-374.7577819824219,-367.95166015625,-374.947509765625
1.7758758498220746e+18,-375.21917724609375,-1250.5228271484375,-375.46337890625,-75.08760070800781,-500.2550354003906,-375.65008544921875,-383.52716064453125,-375.13201904296875
1.7758758498230746e+18,-374.7268371582031,-1249.1893310546875,-374.8478088378906,-74.9399642944336,-499.9269104003906,-375.2193298339844,-377.401611328125,-375.4395446777344
1.7758758498240745e+18,-374.9114685058594,-1249.3944091796875,-375.032470703125,-75.06914520263672,-500.2140197753906,-374.63470458984375,-363.8269348144531,-374.8552551269531
1.7758758498250744e+18,-375.0653076171875,-1251.2408447265625,-375.1863708496094,-74.9522705078125,-499.47576904296875,-374.69622802734375,-374.26190185546875,-375.3780212402344
1.7758758498260744e+18,-374.9422302246094,-1250.215087890625,-374.9401550292969,-75.00148010253906,-500.2550354003906,-375.0654602050781,-383.52716064453125,-375.4395446777344
1.7758758498270746e+18,-375.31146240234375,-1250.7279052734375,-374.7554626464844,-74.9338150024414,-499.68084716796875,-375.0039367675781,-375.0929870605469,-375.47027587890625
1.7758758498280745e+18,-374.9729919433594,-1248.881591796875,-374.8478088378906,-74.98918151855469,-499.51678466796875,-374.69622802734375,-371.1221618652344,-374.6092529296875
1.7758758498290744e+18,-374.9729919433594,-1249.2918701171875,-374.9709167480469,-75.06299591064453,-500.2550354003906,-374.66546630859375,-360.748779296875,-375.0397644042969
1.7758758498300744e+18,-374.8807067871094,-1250.420166015625,-375.46337890625,-75.06914520263672,-500.0499572753906,-374.63470458984375,-361.3336181640625,-374.82452392578125
1.7758758498310743e+18,-375.31146240234375,-1250.215087890625,-374.90936279296875,-74.98302459716797,-499.68084716796875,-374.72698974609375,-362.3802185058594,-374.947509765625
1.7758758498320742e+18,-374.84991455078125,-1249.2918701171875,-374.7554626464844,-74.98302459716797,-499.51678466796875,-374.8193054199219,-374.6004943847656,-375.1012878417969
1.7758758498330744e+18,-375.28070068359375,-1250.6253662109375,-375.4325866699219,-75.06299591064453,-500.2550354003906,-375.2500915527344,-373.30767822265625,-375.13201904296875
1.7758758498340744e+18,-374.6960754394531,-1249.1893310546875,-374.8785705566406,-74.97687530517578,-500.2550354003906,-375.2193298339844,-383.52716064453125,-375.3165283203125
1.7758758498350743e+18,-374.7575988769531,-1250.215087890625,-374.9401550292969,-75.03839111328125,-500.4190673828125,-375.18853759765625,-383.52716064453125,-375.4395446777344
1.7758758498360742e+18,-374.9114685058594,-1249.4969482421875,-375.4325866699219,-75.01993560791016,-499.80389404296875,-374.5116271972656,-373.89251708984375,-375.2550354003906
1.7758758498370742e+18,-374.9114685058594,-1249.086669921875,-375.2479248046875,-75.04454040527344,-499.72186279296875,-374.4500732421875,-368.5365295410156,-375.13201904296875
1.775875849838074e+18,-375.0653076171875,-1248.7789306640625,-374.8785705566406,-75.01378631591797,-500.5831298828125,-374.5731506347656,-366.812744140625,-375.13201904296875
1.7758758498390743e+18,-375.31146240234375,-1251.1383056640625,-374.9401550292969,-74.97687530517578,-499.8448791503906,-375.4039306640625,-381.28009033203125,-374.76300048828125
1.7758758498400742e+18,-375.3422546386719,-1250.83056640625,-374.9709167480469,-74.9522705078125,-499.55780029296875,-374.6039123535156,-367.7977600097656,-374.6400146484375
1.7758758498410742e+18,-374.7268371582031,-1248.6763916015625,-374.7554626464844,-75.00148010253906,-500.3370361328125,-375.55780029296875,-381.46478271484375,-374.76300048828125
1.775875849842074e+18,-375.0960998535156,-1250.0098876953125,-374.8785705566406,-75.01378631591797,-499.9269104003906,-374.5423889160156,-372.35345458984375,-374.82452392578125
1.775875849843074e+18,-375.0037841796875,-1249.2918701171875,-374.7247009277344,-75.01993560791016,-500.2960205078125,-375.18853759765625,-369.8601379394531,-374.76300048828125
1.7758758498440742e+18,-374.8807067871094,-1248.7789306640625,-375.0632629394531,-75.03839111328125,-500.1730041503906,-374.6039123535156,-366.5664978027344,-375.13201904296875
1.7758758498450742e+18,-375.0960998535156,-1251.1383056640625,-374.8170166015625,-74.94612121582031,-500.0909729003906,-375.4346923828125,-383.52716064453125,-374.947509765625
1.775875849846074e+18,-374.9422302246094,-1249.3944091796875,-375.0940246582031,-75.07530212402344,-500.1319885253906,-374.7885437011719,-361.9492492675781,-375.3165283203125
1.775875849847074e+18,-374.6960754394531,-1249.1893310546875,-374.8478088378906,-74.9338150024414,-499.76287841796875,-374.880859375,-361.9184875488281,-374.947509765625
1.775875849848074e+18,-374.9114685058594,-1250.5228271484375,-375.46337890625,-75.06914520263672,-500.0089416503906,-374.7885437011719,-360.5025329589844,-375.0705261230469
1.775875849849074e+18,-375.1268615722656,-1249.8046875,-375.001708984375,-75.02608489990234,-499.9269104003906,-374.9423828125,-373.8309631347656,-374.9167785644531
1.775875849850074e+18,-374.9114685058594,-1248.7789306640625,-374.57080078125,-74.95841979980469,-499.8448791503906,-374.3885192871094,-366.7511901855469,-374.9167785644531
1.775875849851074e+18,-375.0345458984375,-1250.83056640625,-375.2171325683594,-75.07530212402344,-500.4190673828125,-375.0346984863281,-378.509765625,-374.8860168457031
1.775875849852074e+18,-375.28070068359375,-1250.6253662109375,-375.494140625,-75.06914520263672,-500.2550354003906,-375.58856201171875,-383.52716064453125,-375.2242736816406
1.775875849853074e+18,-375.0960998535156,-1251.2408447265625,-375.2171325683594,-75.00148010253906,-499.9269104003906,-374.91162109375,-372.01483154296875,-374.6707458496094
1.7758758498540739e+18,-375.28070068359375,-1250.7279052734375,-375.15557861328125,-75.06914520263672,-500.4600830078125,-375.3116149902344,-378.3250732421875,-375.2242736816406
1.7758758498550738e+18,-374.9114685058594,-1249.4969482421875,-374.6015930175781,-74.9522705078125,-499.68084716796875,-374.5731506347656,-369.7985534667969,-374.6400146484375
1.775875849856074e+18,-375.0037841796875,-1250.420166015625,-375.032470703125,-74.99533081054688,-500.1730041503906,-374.6039123535156,-367.4283752441406,-374.947509765625
1.775875849857074e+18,-375.1883850097656,-1250.420166015625,-375.0940246582031,-75.02608489990234,-499.76287841796875,-374.91162109375,-370.29107666015625,-374.6707458496094
1.7758758498580739e+18,-374.9422302246094,-1248.984130859375,-374.57080078125,-74.9645767211914,-500.0499572753906,-375.18853759765625,-380.7260437011719,-375.2857971191406
1.7758758498590738e+18,-374.9422302246094,-1250.420166015625,-375.4325866699219,-75.07530212402344,-500.0909729003906,-374.63470458984375,-361.2720642089844,-374.82452392578125
1.7758758498600737e+18,-374.81915283203125,-1249.086669921875,-375.0632629394531,-75.06299591064453,-500.5831298828125,-375.15777587890625,-370.47576904296875,-374.5169982910156
1.775875849861074e+18,-374.9729919433594,-1250.7279052734375,-375.4325866699219,-75.01993560791016,-499.8448791503906,-374.5731506347656,-376.0472412109375,-375.19354248046875
1.7758758498620739e+18,-374.8807067871094,-1249.2918701171875,-375.2479248046875,-75.03839111328125,-500.1730041503906,-374.7885437011719,-366.9358825683594,-375.0705261230469
1.7758758498630738e+18,-375.1268615722656,-1251.2408447265625,-375.40179443359375,-75.03839111328125,-499.72186279296875,-374.4808349609375,-366.87432861328125,-375.13201904296875
1.7758758498640737e+18,-375.28070068359375,-1250.6253662109375,-375.37103271484375,-75.03224182128906,-500.2550354003906,-375.2193298339844,-372.7228088378906,-375.19354248046875
1.7758758498650737e+18,-374.8807067871094,-1249.599609375,-374.7554626464844,-74.99533081054688,-500.2550354003906,-375.12701416015625,-374.6928405761719,-375.2550354003906
1.7758758498660736e+18,-374.84991455078125,-1250.215087890625,-375.2479248046875,-75.06299591064453,-500.4600830078125,-375.2500915527344,-383.52716064453125,-375.47027587890625
1.7758758498670738e+18,-375.0960998535156,-1251.651123046875,-375.3402404785156,-75.01378631591797,-499.63983154296875,-374.4500732421875,-367.0282287597656,-375.13201904296875
1.7758758498680737e+18,-375.0037841796875,-1249.1893310546875,-374.57080078125,-74.98302459716797,-500.1730041503906,-375.61932373046875,-383.52716064453125,-375.13201904296875
1.7758758498690737e+18,-375.1268615722656,-1250.6253662109375,-374.7554626464844,-74.9338150024414,-499.76287841796875,-375.15777587890625,-383.52716064453125,-375.3165283203125
1.7758758498700736e+18,-374.81915283203125,-1248.5738525390625,-374.8478088378906,-75.03839111328125,-500.5010986328125,-375.55780029296875,-378.1095886230469,-374.6707458496094
1.7758758498710735e+18,-374.9422302246094,-1248.7789306640625,-374.8478088378906,-74.97687530517578,-499.63983154296875,-374.8193054199219,-369.6446533203125,-374.7015075683594
1.7758758498720735e+18,-375.1883850097656,-1249.599609375,-374.6015930175781,-74.9707260131836,-500.1319885253906,-375.55780029296875,-383.52716064453125,-374.978271484375
1.7758758498730737e+18,-374.84991455078125,-1250.215087890625,-375.46337890625,-75.07530212402344,-500.0499572753906,-374.66546630859375,-360.37939453125,-374.947509765625
1.7758758498740736e+18,-375.0653076171875,-1250.420166015625,-375.3402404785156,-75.03224182128906,-500.2550354003906,-374.91162109375,-369.52154541015625,-374.82452392578125
1.7758758498750735e+18,-374.6960754394531,-1249.599609375,-375.0632629394531,-75.08760070800781,-500.5010986328125,-374.9423828125,-367.3668212890625,-374.6400146484375
1.7758758498760735e+18,-375.24993896484375,-1250.7279052734375,-374.9401550292969,-74.9522705078125,-499.63983154296875,-375.0039367675781,-373.584716796875,-375.47027587890625
1.7758758498770734e+18,-374.84991455078125,-1248.881591796875,-374.7862548828125,-75.01378631591797,-500.3370361328125,-375.5270080566406,-381.7726135253906,-374.9167785644531
1.7758758498780736e+18,-375.1883850097656,-1251.651123046875,-375.40179443359375,-75.03839111328125,-500.5010986328125,-375.4962463378906,-381.2185363769531,-375.47027587890625
1.7758758498790735e+18,-374.84991455078125,-1250.215087890625,-375.15557861328125,-75.06299591064453,-500.2550354003906,-375.18853759765625,-375.6470642089844,-374.82452392578125
1.7758758498800735e+18,-375.0037841796875,-1249.4969482421875,-374.7862548828125,-75.06299591064453,-500.2960205078125,-374.66546630859375,-361.24127197265625,-375.009033203125
1.7758758498810734e+18,-374.78839111328125,-1249.086669921875,-374.8170166015625,-74.98918151855469,-500.1730041503906,-375.2193298339844,-383.52716064453125,-375.3165283203125
1.7758758498820733e+18,-375.28070068359375,-1250.6253662109375,-375.15557861328125,-75.02608489990234,-499.8448791503906,-374.69622802734375,-361.9492492675781,-374.76300048828125
1.7758758498830733e+18,-375.31146240234375,-1251.2408447265625,-375.15557861328125,-75.08145141601562,-500.5010986328125,-375.18853759765625,-383.52716064453125,-375.4395446777344
1.7758758498840735e+18,-375.0345458984375,-1248.984130859375,-374.57080078125,-74.9522705078125,-499.8448791503906,-374.4500732421875,-368.2594909667969,-375.0705261230469
1.7758758498850734e+18,-375.31146240234375,-1250.6253662109375,-374.7247009277344,-74.95841979980469,-499.68084716796875,-374.880859375,-367.3360290527344,-375.2242736816406
1.7758758498860733e+18,-375.0653076171875,-1248.7789306640625,-374.57080078125,-74.9645767211914,-499.9679260253906,-375.0039367675781,-377.1553649902344,-375.2550354003906
1.7758758498870733e+18,-374.84991455078125,-1248.881591796875,-374.9401550292969,-75.03224182128906,-500.4190673828125,-375.4654846191406,-379.8025817871094,-375.5625305175781
1.7758758498880732e+18,-375.31146240234375,-1250.7279052734375,-375.032470703125,-74.9645767211914,-499.63983154296875,-374.880859375,-371.5223388671875,-375.3780212402344
1.7758758498890732e+18,-375.0960998535156,-1251.03564453125,-375.2171325683594,-74.9707260131836,-499.47576904296875,-374.72698974609375,-375.123779296875,-375.4395446777344
1.7758758498900733e+18,-375.24993896484375,-1251.4459228515625,-375.0940246582031,-74.95841979980469,-499.43475341796875,-374.91162109375,-376.8475646972656,-375.53179931640625
1.7758758498910733e+18,-375.3422546386719,-1251.1383056640625,-374.9709167480469,-74.9707260131836,-499.55780029296875,-375.12701416015625,-378.5713195800781,-375.47027587890625
1.7758758498920732e+18,-374.9422302246094,-1250.6253662109375,-375.2171325683594,-75.05684661865234,-499.9269104003906,-374.63470458984375,-368.5057373046875,-375.009033203125
1.7758758498930732e+18,-375.1268615722656,-1250.0098876953125,-374.7554626464844,-74.9522705078125,-499.80389404296875,-374.7885437011719,-374.5697021484375,-375.19354248046875
1.775875849894073e+18,-375.1883850097656,-1249.8046875,-374.9401550292969,-74.99533081054688,-499.51678466796875,-374.66546630859375,-366.9974365234375,-374.5477600097656
1.7758758498950733e+18,-375.3730163574219,-1251.2408447265625,-374.90936279296875,-74.98302459716797,-499.9679260253906,-375.4039306640625,-381.7726135253906,-374.82452392578125
1.7758758498960732e+18,-375.0960998535156,-1249.3944091796875,-374.9401550292969,-75.03839111328125,-500.5010986328125,-375.09625244140625,-368.7212219238281,-374.7015075683594
1.7758758498970732e+18,-375.0653076171875,-1251.548583984375,-375.12481689453125,-74.9707260131836,-499.76287841796875,-375.0654602050781,-380.4490051269531,-375.2550354003906
1.775875849898073e+18,-374.84991455078125,-1250.0098876953125,-375.3402404785156,-75.08760070800781,-500.0909729003906,-374.66546630859375,-360.4101867675781,-374.978271484375
1.775875849899073e+18,-375.0345458984375,-1250.420166015625,-375.40179443359375,-74.98302459716797,-499.68084716796875,-374.880859375,-373.6462707519531,-375.50103759765625
1.775875849900073e+18,-375.0037841796875,-1248.7789306640625,-374.6015930175781,-74.95841979980469,-499.8858947753906,-374.72698974609375,-373.21533203125,-375.19354248046875
1.7758758499010732e+18,-375.1883850097656,-1250.6253662109375,-375.15557861328125,-75.08760070800781,-500.5831298828125,-375.2808532714844,-383.52716064453125,-375.2857971191406
1.775875849902073e+18,-375.0037841796875,-1249.086669921875,-374.7247009277344,-74.9645767211914,-499.80389404296875,-374.5116271972656,-368.1671447753906,-375.16278076171875
1.775875849903073e+18,-375.1268615722656,-1249.086669921875,-374.57080078125,-74.97687530517578,-500.1319885253906,-375.61932373046875,-381.7726135253906,-374.7322692871094
1.775875849904073e+18,-375.31146240234375,-1250.420166015625,-374.6323547363281,-74.92766571044922,-499.8448791503906,-375.12701416015625,-383.52716064453125,-375.3165283203125
1.775875849905073e+18,-375.0653076171875,-1251.2408447265625,-375.0632629394531,-74.9522705078125,-499.47576904296875,-374.8193054199219,-376.7859802246094,-375.5625305175781
1.7758758499060728e+18,-375.0960998535156,-1250.6253662109375,-375.494140625,-75.07530212402344,-500.2960205078125,-375.58856201171875,-383.52716064453125,-375.0705261230469
1.775875849907073e+18,-374.81915283203125,-1249.599609375,-375.032470703125,-75.05068969726562,-500.2550354003906,-375.4962463378906,-382.3574523925781,-374.82452392578125
1.775875849908073e+18,-374.8807067871094,-1249.2918701171875,-375.0632629394531,-75.00763702392578,-500.3780517578125,-375.4962463378906,-380.5721130371094,-375.53179931640625
1.775875849909073e+18,-375.1576232910156,-1250.6253662109375,-375.032470703125,-75.01993560791016,-499.59881591796875,-374.7577819824219,-367.6746520996094,-374.5477600097656
1.7758758499100728e+18,-374.9422302246094,-1249.1893310546875,-374.9709167480469,-74.99533081054688,-500.5010986328125,-375.5270080566406,-381.5263671875,-375.50103759765625
1.7758758499110728e+18,-375.0653076171875,-1249.9073486328125,-374.6323547363281,-74.98918151855469,-499.9269104003906,-374.9423828125,-383.52716064453125,-375.0397644042969
1.7758758499120727e+18,-375.1883850097656,-1250.5228271484375,-375.1863708496094,-75.08145141601562,-500.5421142578125,-375.3116149902344,-383.52716064453125,-375.4395446777344
1.775875849913073e+18,-374.81915283203125,-1249.4969482421875,-375.0632629394531,-75.06299591064453,-500.3370361328125,-375.0346984863281,-373.52313232421875,-374.76300048828125
1.7758758499140728e+18,-374.9422302246094,-1249.9073486328125,-375.2479248046875,-75.04454040527344,-500.0909729003906,-374.66546630859375,-366.3510437011719,-375.0705261230469
1.7758758499150728e+18,-374.81915283203125,-1248.5738525390625,-374.7862548828125,-74.97687530517578,-499.59881591796875,-374.8500671386719,-373.8309631347656,-374.9167785644531
1.7758758499160727e+18,-374.7575988769531,-1248.881591796875,-374.7862548828125,-74.92766571044922,-499.8448791503906,-374.97314453125,-376.13958740234375,-375.009033203125
1.7758758499170726e+18,-375.21917724609375,-1250.215087890625,-374.8170166015625,-74.9645767211914,-499.43475341796875,-374.69622802734375,-370.1371765136719,-375.19354248046875
1.7758758499180728e+18,-374.7575988769531,-1249.1893310546875,-374.8785705566406,-74.92766571044922,-499.8448791503906,-375.0039367675781,-366.6280517578125,-375.13201904296875
1.7758758499190728e+18,-374.6960754394531,-1248.984130859375,-374.8785705566406,-74.97687530517578,-500.2960205078125,-375.3424072265625,-383.52716064453125,-374.79376220703125
1.7758758499200727e+18,-374.8807067871094,-1249.9073486328125,-375.3094787597656,-75.08145141601562,-500.0909729003906,-374.66546630859375,-360.9642639160156,-374.8860168457031
1.7758758499210726e+18,-374.81915283203125,-1248.36865234375,-374.8478088378906,-75.02608489990234,-500.5010986328125,-375.55780029296875,-380.2643127441406,-374.76300048828125
1.7758758499220726e+18,-375.21917724609375,-1250.420166015625,-375.0632629394531,-75.00763702392578,-499.8448791503906,-374.8500671386719,-368.290283203125,-374.5784912109375
1.7758758499230728e+18,-375.1268615722656,-1249.086669921875,-374.8170166015625,-74.99533081054688,-499.51678466796875,-374.66546630859375,-363.7345886230469,-374.6400146484375
1.7758758499240727e+18,-375.21917724609375,-1250.7279052734375,-375.3402404785156,-75.01378631591797,-499.76287841796875,-374.7577819824219,-362.3186340332031,-375.19354248046875
1.7758758499250726e+18,-375.1268615722656,-1251.4459228515625,-375.3402404785156,-75.02608489990234,-500.3370361328125,-375.4346923828125,-379.6178894042969,-375.3472900390625
1.7758758499260726e+18,-374.6960754394531,-1249.3944091796875,-375.12481689453125,-75.08145141601562,-500.5831298828125,-375.12701416015625,-369.5830993652344,-374.6092529296875
1.7758758499270725e+18,-375.1268615722656,-1250.7279052734375,-374.8170166015625,-74.9399642944336,-499.76287841796875,-375.12701416015625,-383.52716064453125,-375.3165283203125
1.7758758499280724e+18,-375.0345458984375,-1249.599609375,-374.8785705566406,-75.05068969726562,-500.2550354003906,-374.66546630859375,-364.4733581542969,-374.8552551269531
1.7758758499290724e+18,-374.9114685058594,-1250.93310546875,-375.1863708496094,-74.98302459716797,-499.63983154296875,-374.63470458984375,-376.4166259765625,-375.50103759765625
1.7758758499300723e+18,-374.84991455078125,-1249.599609375,-374.6323547363281,-74.95841979980469,-499.8448791503906,-374.4193115234375,-365.9200744628906,-374.8552551269531
1.7758758499310723e+18,-374.81915283203125,-1249.2918701171875,-374.5400390625,-74.95841979980469,-499.8858947753906,-374.4500732421875,-368.5672912597656,-374.6707458496094
1.7758758499320722e+18,-375.0960998535156,-1250.317626953125,-375.2479248046875,-75.03839111328125,-500.1730041503906,-375.2808532714844,-374.0464172363281,-375.2242736816406
1.7758758499330721e+18,-375.1268615722656,-1251.548583984375,-375.4325866699219,-75.03839111328125,-500.4190673828125,-375.3116149902344,-374.7236328125,-374.6400146484375
1.775875849934072e+18,-375.1268615722656,-1251.4459228515625,-375.37103271484375,-75.00148010253906,-499.80389404296875,-374.4808349609375,-370.0140380859375,-375.13201904296875
1.775875849935072e+18,-375.0037841796875,-1250.420166015625,-375.3402404785156,-75.03839111328125,-499.72186279296875,-374.4500732421875,-367.05902099609375,-375.19354248046875
1.775875849936072e+18,-374.6960754394531,-1249.4969482421875,-375.12481689453125,-75.08145141601562,-499.9679260253906,-374.63470458984375,-373.4307861328125,-375.50103759765625
1.7758758499370719e+18,-374.9114685058594,-1249.1893310546875,-374.57080078125,-75.00148010253906,-500.1319885253906,-375.65008544921875,-383.52716064453125,-374.947509765625
1.775875849938072e+18,-374.9422302246094,-1248.7789306640625,-374.8478088378906,-75.02608489990234,-500.2140197753906,-375.18853759765625,-379.4639892578125,-375.50103759765625
1.775875849939072e+18,-374.81915283203125,-1248.5738525390625,-374.6323547363281,-74.95841979980469,-499.76287841796875,-374.4500732421875,-366.53570556640625,-374.8552551269531
1.775875849940072e+18,-375.0345458984375,-1249.3944091796875,-374.9709167480469,-75.02608489990234,-500.0089416503906,-375.09625244140625,-379.3408508300781,-375.4087829589844
1.775875849941072e+18,-375.1268615722656,-1249.2918701171875,-374.6323547363281,-74.9645767211914,-499.8448791503906,-374.880859375,-375.98565673828125,-375.19354248046875
1.7758758499420718e+18,-375.0037841796875,-1250.6253662109375,-375.1863708496094,-75.08145141601562,-500.2960205078125,-374.97314453125,-365.64306640625,-374.5169982910156
1.7758758499430717e+18,-375.0345458984375,-1250.1124267578125,-375.1863708496094,-75.03224182128906,-500.5010986328125,-375.4962463378906,-380.8491516113281,-375.50103759765625
1.7758758499440717e+18,-375.1268615722656,-1251.651123046875,-375.12481689453125,-74.9707260131836,-499.80389404296875,-374.4808349609375,-371.8917236328125,-375.2242736816406
1.7758758499450716e+18,-375.1268615722656,-1250.420166015625,-374.90936279296875,-74.95841979980469,-499.43475341796875,-374.72698974609375,-368.1671447753906,-374.76300048828125
1.7758758499460716e+18,-375.1576232910156,-1251.1383056640625,-375.2786865234375,-75.04454040527344,-500.2550354003906,-375.12701416015625,-377.49395751953125,-374.8860168457031
1.7758758499470715e+18,-375.1576232910156,-1251.548583984375,-375.37103271484375,-75.03839111328125,-500.5831298828125,-375.3424072265625,-380.6644592285156,-375.3165283203125
1.7758758499480714e+18,-374.84991455078125,-1250.420166015625,-375.2479248046875,-75.07530212402344,-499.9679260253906,-374.69622802734375,-367.82855224609375,-374.978271484375
1.7758758499490714e+18,-374.9422302246094,-1250.5228271484375,-375.0940246582031,-75.01993560791016,-500.2550354003906,-375.4654846191406,-381.64947509765625,-375.19354248046875
1.7758758499500713e+18,-375.0960998535156,-1251.4459228515625,-375.40179443359375,-75.03839111328125,-500.7061767578125,-375.55780029296875,-381.46478271484375,-375.53179931640625
1.7758758499510712e+18,-375.3730163574219,-1251.2408447265625,-375.001708984375,-74.94612121582031,-499.55780029296875,-374.63470458984375,-369.7985534667969,-375.16278076171875
1.7758758499520712e+18,-374.78839111328125,-1250.1124267578125,-375.3094787597656,-75.08760070800781,-500.0909729003906,-374.6039123535156,-361.9492492675781,-374.8552551269531
1.775875849953071e+18,-374.7268371582031,-1249.1893310546875,-375.0632629394531,-75.01993560791016,-500.4190673828125,-375.2808532714844,-383.52716064453125,-375.0705261230469
1.775875849954071e+18,-375.0345458984375,-1250.6253662109375,-375.15557861328125,-75.08760070800781,-500.4600830078125,-375.15777587890625,-377.00146484375,-374.7322692871094
1.7758758499550712e+18,-374.9422302246094,-1250.6253662109375,-375.40179443359375,-75.03839111328125,-499.68084716796875,-374.4500732421875,-368.2594909667969,-375.2242736816406
1.7758758499560712e+18,-375.31146240234375,-1250.7279052734375,-375.4325866699219,-75.03224182128906,-500.2960205078125,-374.8193054199219,-368.5365295410156,-374.947509765625
1.775875849957071e+18,-375.1268615722656,-1251.753662109375,-375.3402404785156,-75.00763702392578,-499.8448791503906,-375.0654602050781,-372.107177734375,-374.7015075683594
1.775875849958071e+18,-375.0345458984375,-1250.6253662109375,-375.4325866699219,-75.03839111328125,-500.0909729003906,-374.6039123535156,-366.3818054199219,-374.978271484375
1.775875849959071e+18,-375.3422546386719,-1250.420166015625,-374.9709167480469,-74.99533081054688,-499.8858947753906,-374.6039123535156,-362.8419189453125,-374.7015075683594
1.775875849960071e+18,-374.8807067871094,-1250.0098876953125,-374.90936279296875,-74.9522705078125,-499.51678466796875,-374.66546630859375,-366.9358825683594,-374.6707458496094
1.7758758499610708e+18,-375.0653076171875,-1250.420166015625,-375.3094787597656,-74.95841979980469,-499.68084716796875,-375.0346984863281,-381.2185363769531,-375.47027587890625
1.7758758499620708e+18,-374.9729919433594,-1249.3944091796875,-374.6323547363281,-75.00763702392578,-500.2140197753906,-375.58856201171875,-383.52716064453125,-374.9167785644531
1.7758758499630707e+18,-375.1883850097656,-1250.5228271484375,-375.494140625,-75.07530212402344,-500.2140197753906,-375.4654846191406,-383.52716064453125,-375.0397644042969
1.7758758499640707e+18,-375.24993896484375,-1250.6253662109375,-375.4325866699219,-75.07530212402344,-500.2550354003906,-375.55780029296875,-380.4797668457031,-375.2550354003906
1.7758758499650706e+18,-375.3422546386719,-1251.4459228515625,-375.0632629394531,-75.02608489990234,-500.2140197753906,-375.0039367675781,-380.11041259765625,-375.009033203125
1.7758758499660705e+18,-375.1883850097656,-1250.0098876953125,-375.001708984375,-74.92151641845703,-499.76287841796875,-374.4500732421875,-377.5863037109375,-375.0397644042969
1.7758758499670705e+18,-375.1576232910156,-1251.1383056640625,-375.2479248046875,-75.01993560791016,-500.2960205078125,-375.3424072265625,-377.5863037109375,-375.0705261230469
1.7758758499680704e+18,-375.0960998535156,-1250.83056640625,-375.40179443359375,-75.03224182128906,-499.72186279296875,-374.4808349609375,-366.443359375,-375.13201904296875
1.7758758499690703e+18,-375.24993896484375,-1250.7279052734375,-375.494140625,-75.07530212402344,-500.2960205078125,-375.58856201171875,-383.52716064453125,-375.2857971191406
1.7758758499700705e+18,-375.0345458984375,-1250.215087890625,-375.2479248046875,-75.06299591064453,-500.5010986328125,-375.3116149902344,-383.52716064453125,-375.47027587890625
1.7758758499710705e+18,-375.1268615722656,-1250.93310546875,-375.15557861328125,-75.05068969726562,-500.0499572753906,-374.97314453125,-371.5838928222656,-374.6707458496094
1.7758758499720704e+18,-375.1883850097656,-1250.5228271484375,-375.4325866699219,-75.05684661865234,-500.3370361328125,-375.0654602050781,-370.69122314453125,-374.947509765625
1.7758758499730703e+18,-374.9114685058594,-1249.599609375,-375.3402404785156,-75.04454040527344,-499.8448791503906,-374.4500732421875,-367.4899597167969,-375.1012878417969
1.7758758499740703e+18,-374.78839111328125,-1248.881591796875,-374.8170166015625,-74.9338150024414,-499.68084716796875,-374.8193054199219,-366.13555908203125,-374.7015075683594
1.7758758499750702e+18,-374.81915283203125,-1248.6763916015625,-374.7862548828125,-75.02608489990234,-500.4600830078125,-375.5270080566406,-381.8957214355469,-374.947509765625
1.7758758499760701e+18,-375.1883850097656,-1250.420166015625,-375.2171325683594,-75.03839111328125,-500.5831298828125,-375.55780029296875,-381.24932861328125,-375.50103759765625
1.77587584997707e+18,-375.1268615722656,-1249.599609375,-374.7247009277344,-75.01378631591797,-500.2550354003906,-375.55780029296875,-380.29510498046875,-374.7322692871094
1.77587584997807e+18,-374.8807067871094,-1248.984130859375,-374.69390869140625,-74.97687530517578,-499.9679260253906,-375.2193298339844,-379.4639892578125,-375.53179931640625
1.77587584997907e+18,-374.9114685058594,-1249.9073486328125,-375.2786865234375,-75.03224182128906,-500.5831298828125,-375.2808532714844,-374.44659423828125,-374.7015075683594
1.77587584998007e+18,-374.81915283203125,-1249.3944091796875,-374.69390869140625,-75.00148010253906,-500.2140197753906,-375.61932373046875,-383.52716064453125,-375.1012878417969
1.7758758499810698e+18,-375.0960998535156,-1250.317626953125,-375.12481689453125,-75.03224182128906,-500.5421142578125,-375.4962463378906,-380.51055908203125,-375.5625305175781
1.7758758499820698e+18,-375.0960998535156,-1250.0098876953125,-374.8785705566406,-75.00148010253906,-499.9679260253906,-375.2193298339844,-383.52716064453125,-375.19354248046875
1.7758758499830697e+18,-374.9422302246094,-1249.8046875,-374.69390869140625,-74.97687530517578,-499.8858947753906,-374.4500732421875,-366.2894592285156,-374.8860168457031
1.7758758499840696e+18,-375.0345458984375,-1249.3944091796875,-374.6015930175781,-75.00148010253906,-500.1730041503906,-375.61932373046875,-383.52716064453125,-375.0705261230469
1.7758758499850696e+18,-375.3422546386719,-1250.420166015625,-374.9709167480469,-74.97687530517578,-499.68084716796875,-374.8193054199219,-362.0723876953125,-375.1012878417969
1.7758758499860695e+18,-374.6960754394531,-1249.599609375,-374.90936279296875,-74.9338150024414,-499.80389404296875,-374.880859375,-374.8775329589844,-375.1012878417969
1.7758758499870697e+18,-374.7575988769531,-1248.984130859375,-374.90936279296875,-74.98302459716797,-500.2550354003906,-375.2500915527344,-383.52716064453125,-375.2242736816406
1.7758758499880696e+18,-374.6653137207031,-1249.8046875,-375.15557861328125,-75.07530212402344,-499.9679260253906,-374.69622802734375,-367.7977600097656,-375.0705261230469
1.7758758499890696e+18,-374.9729919433594,-1248.6763916015625,-374.8170166015625,-74.9399642944336,-500.1319885253906,-375.0654602050781,-383.52716064453125,-375.4395446777344
1.7758758499900695e+18,-375.1576232910156,-1251.4459228515625,-375.40179443359375,-75.03839111328125,-500.4190673828125,-375.12701416015625,-372.8767395019531,-374.82452392578125
1.7758758499910694e+18,-375.3422546386719,-1251.03564453125,-374.90936279296875,-74.97687530517578,-499.51678466796875,-374.9423828125,-377.0322570800781,-375.53179931640625
1.7758758499920694e+18,-375.21917724609375,-1250.6253662109375,-374.9401550292969,-74.9399642944336,-499.68084716796875,-374.66546630859375,-364.134765625,-374.5477600097656
1.7758758499930693e+18,-375.3422546386719,-1251.4459228515625,-375.001708984375,-74.9522705078125,-499.68084716796875,-374.66546630859375,-368.5672912597656,-374.978271484375
1.7758758499940692e+18,-374.6960754394531,-1248.984130859375,-374.7247009277344,-74.97687530517578,-499.43475341796875,-374.8193054199219,-372.9075012207031,-375.1012878417969
1.7758758499950692e+18,-375.1268615722656,-1250.7279052734375,-375.12481689453125,-75.01378631591797,-500.2140197753906,-374.7885437011719,-368.9059143066406,-374.9167785644531
1.775875849996069e+18,-374.9114685058594,-1249.086669921875,-375.15557861328125,-75.01378631591797,-500.5010986328125,-375.4962463378906,-381.3724365234375,-375.4395446777344
1.775875849997069e+18,-374.81915283203125,-1248.7789306640625,-374.7554626464844,-75.01993560791016,-500.5010986328125,-375.58856201171875,-376.0780029296875,-374.82452392578125
1.775875849998069e+18,-375.0653076171875,-1250.93310546875,-375.37103271484375,-75.01993560791016,-499.68084716796875,-374.5116271972656,-366.1663513183594,-375.009033203125
1.775875849999069e+18,-374.9422302246094,-1250.420166015625,-375.0940246582031,-75.03224182128906,-500.2960205078125,-375.2500915527344,-378.97149658203125,-375.2857971191406
1.7758758500000689e+18,-375.1268615722656,-1251.548583984375,-375.2171325683594,-74.99533081054688,-499.68084716796875,-374.4193115234375,-367.3360290527344,-375.13201904296875
1.7758758500010688e+18,-375.0037841796875,-1248.881591796875,-374.57080078125,-74.98918151855469,-500.2140197753906,-375.55780029296875,-383.52716064453125,-375.16278076171875
1.775875850002069e+18,-375.1883850097656,-1251.651123046875,-375.3402404785156,-75.05068969726562,-500.0909729003906,-374.9423828125,-369.42919921875,-374.6092529296875
1.775875850003069e+18,-374.9729919433594,-1250.7279052734375,-375.3402404785156,-75.08145141601562,-500.2960205078125,-375.3731689453125,-379.0638427734375,-374.79376220703125
1.7758758500040689e+18,-375.1268615722656,-1251.548583984375,-375.3094787597656,-75.03839111328125,-500.4190673828125,-375.15777587890625,-379.0330505371094,-375.16278076171875
1.7758758500050688e+18,-374.9114685058594,-1250.5228271484375,-375.2786865234375,-75.07530212402344,-500.2550354003906,-375.15777587890625,-376.8475646972656,-374.79376220703125
1.7758758500060687e+18,-375.3730163574219,-1251.4459228515625,-375.12481689453125,-74.97687530517578,-499.72186279296875,-374.69622802734375,-367.6746520996094,-374.947509765625
1.7758758500070687e+18,-375.1576232910156,-1250.215087890625,-375.15557861328125,-75.03839111328125,-500.5421142578125,-375.55780029296875,-381.09539794921875,-375.50103759765625
1.7758758500080686e+18,-374.9422302246094,-1249.7021484375,-374.6015930175781,-74.9645767211914,-499.63983154296875,-375.2500915527344,-380.6029052734375,-375.47027587890625
1.7758758500090685e+18,-374.84991455078125,-1249.4969482421875,-374.8170166015625,-74.9338150024414,-499.76287841796875,-374.4500732421875,-377.49395751953125,-375.009033203125
1.7758758500100685e+18,-375.0037841796875,-1250.83056640625,-375.12481689453125,-75.08760070800781,-500.5421142578125,-375.2808532714844,-380.87994384765625,-375.19354248046875
1.7758758500110684e+18,-375.21917724609375,-1250.5228271484375,-374.90936279296875,-74.9645767211914,-499.47576904296875,-374.63470458984375,-368.22869873046875,-374.7015075683594
1.7758758500120684e+18,-374.6960754394531,-1249.2918701171875,-374.8785705566406,-74.92766571044922,-499.68084716796875,-374.8193054199219,-360.4409484863281,-374.8552551269531
1.7758758500130683e+18,-375.0037841796875,-1250.83056640625,-375.2479248046875,-75.03839111328125,-500.0089416503906,-374.9423828125,-365.4583740234375,-374.5784912109375
1.7758758500140682e+18,-375.0345458984375,-1249.9073486328125,-375.15557861328125,-75.01378631591797,-500.2140197753906,-375.2808532714844,-377.9556884765625,-375.009033203125
1.7758758500150682e+18,-374.7575988769531,-1249.4969482421875,-374.6323547363281,-74.97687530517578,-500.1730041503906,-375.15777587890625,-377.5247497558594,-375.2550354003906
1.775875850016068e+18,-375.21917724609375,-1250.420166015625,-375.2479248046875,-74.9645767211914,-499.80389404296875,-374.69622802734375,-372.19952392578125,-374.947509765625
1.775875850017068e+18,-374.9114685058594,-1248.7789306640625,-374.8785705566406,-75.04454040527344,-500.2550354003906,-375.3116149902344,-380.2643127441406,-375.53179931640625
1.775875850018068e+18,-375.1268615722656,-1250.6253662109375,-375.37103271484375,-75.01993560791016,-499.80389404296875,-374.7885437011719,-363.4575500488281,-375.13201904296875
1.7758758500190682e+18,-374.84991455078125,-1248.5738525390625,-374.8170166015625,-74.98918151855469,-499.76287841796875,-374.97314453125,-376.4781799316406,-375.2857971191406
1.775875850020068e+18,-375.28070068359375,-1250.1124267578125,-374.8478088378906,-74.92766571044922,-499.9269104003906,-375.18853759765625,-383.52716064453125,-375.4395446777344
1.775875850021068e+18,-374.9729919433594,-1250.83056640625,-375.0632629394531,-75.06914520263672,-500.4600830078125,-375.2193298339844,-380.6029052734375,-375.13201904296875
1.775875850022068e+18,-374.9729919433594,-1249.3944091796875,-375.032470703125,-75.00148010253906,-499.9269104003906,-375.18853759765625,-378.140380859375,-375.2857971191406
1.775875850023068e+18,-374.84991455078125,-1249.8046875,-375.032470703125,-75.03839111328125,-500.2550354003906,-375.61932373046875,-383.52716064453125,-375.16278076171875
1.7758758500240678e+18,-375.1268615722656,-1250.93310546875,-375.15557861328125,-75.05068969726562,-500.0499572753906,-374.97314453125,-373.30767822265625,-374.947509765625
1.7758758500250678e+18,-374.6960754394531,-1249.2918701171875,-375.0940246582031,-75.05068969726562,-500.4600830078125,-375.2808532714844,-383.52716064453125,-374.978271484375
1.7758758500260677e+18,-374.9114685058594,-1248.984130859375,-375.001708984375,-75.03224182128906,-500.6241455078125,-375.5270080566406,-379.92572021484375,-374.7015075683594
1.7758758500270676e+18,-374.8807067871094,-1250.215087890625,-375.12481689453125,-75.04454040527344,-500.2550354003906,-375.6808776855469,-383.52716064453125,-375.13201904296875
1.7758758500280678e+18,-375.1268615722656,-1251.2408447265625,-375.37103271484375,-75.03839111328125,-500.6651611328125,-375.55780029296875,-381.09539794921875,-375.5932922363281
1.7758758500290678e+18,-375.3422546386719,-1251.4459228515625,-375.1863708496094,-75.03839111328125,-500.0909729003906,-374.9423828125,-365.7969665527344,-374.6092529296875
1.7758758500300677e+18,-375.31146240234375,-1251.4459228515625,-375.032470703125,-74.9522705078125,-499.43475341796875,-374.72698974609375,-374.75439453125,-375.4395446777344
1.7758758500310676e+18,-375.28070068359375,-1250.83056640625,-374.9401550292969,-74.9399642944336,-499.55780029296875,-374.69622802734375,-365.76617431640625,-374.5477600097656
1.7758758500320676e+18,-374.9422302246094,-1248.6763916015625,-374.7554626464844,-74.9645767211914,-499.55780029296875,-374.72698974609375,-365.36602783203125,-375.009033203125
1.7758758500330675e+18,-374.6960754394531,-1249.599609375,-375.0632629394531,-74.98918151855469,-500.1730041503906,-375.18853759765625,-382.94232177734375,-375.50103759765625
1.7758758500340675e+18,-374.6960754394531,-1249.2918701171875,-374.9401550292969,-74.99533081054688,-500.2960205078125,-375.2808532714844,-383.52716064453125,-375.3165283203125
1.7758758500350674e+18,-374.8807067871094,-1249.7021484375,-374.66314697265625,-74.9707260131836,-499.8858947753906,-374.4193115234375,-366.0124206542969,-374.8860168457031
1.7758758500360676e+18,-374.6960754394531,-1249.3944091796875,-375.1863708496094,-75.04454040527344,-500.5421142578125,-375.2808532714844,-383.52716064453125,-375.0705261230469
1.7758758500370675e+18,-375.24993896484375,-1249.4969482421875,-374.7247009277344,-74.97687530517578,-499.9269104003906,-375.4039306640625,-381.0338439941406,-375.16278076171875
1.7758758500380675e+18,-375.21917724609375,-1251.3433837890625,-375.12481689453125,-74.9522705078125,-499.47576904296875,-374.8193054199219,-377.0322570800781,-375.53179931640625
1.7758758500390674e+18,-375.0037841796875,-1249.7021484375,-374.9401550292969,-74.94612121582031,-499.76287841796875,-374.72698974609375,-366.043212890625,-374.9167785644531
1.7758758500400673e+18,-374.8807067871094,-1249.9073486328125,-375.2171325683594,-75.07530212402344,-500.5421142578125,-375.2500915527344,-382.75762939453125,-374.9167785644531
1.7758758500410673e+18,-374.9729919433594,-1250.5228271484375,-375.4325866699219,-75.08760070800781,-500.0909729003906,-374.5423889160156,-364.04241943359375,-374.76300048828125
1.7758758500420672e+18,-374.78839111328125,-1249.4969482421875,-374.8170166015625,-75.00763702392578,-500.2140197753906,-375.4962463378906,-381.7110595703125,-375.19354248046875
1.7758758500430671e+18,-374.81915283203125,-1248.47119140625,-374.9709167480469,-75.00148010253906,-500.2550354003906,-375.4962463378906,-381.7110595703125,-375.5625305175781
1.775875850044067e+18,-375.31146240234375,-1250.1124267578125,-374.69390869140625,-74.92766571044922,-499.76287841796875,-375.0039367675781,-374.9390869140625,-375.4395446777344
1.7758758500450673e+18,-375.0960998535156,-1250.6253662109375,-375.2171325683594,-74.9645767211914,-499.68084716796875,-374.9423828125,-371.3068542480469,-375.4395446777344
1.7758758500460672e+18,-374.81915283203125,-1248.5738525390625,-374.8478088378906,-74.99533081054688,-499.76287841796875,-374.97314453125,-377.9556884765625,-375.3472900390625
1.7758758500470671e+18,-375.1576232910156,-1250.1124267578125,-375.0940246582031,-75.04454040527344,-500.3370361328125,-375.4346923828125,-379.4947814941406,-375.53179931640625
1.775875850048067e+18,-374.9729919433594,-1249.2918701171875,-374.57080078125,-74.98302459716797,-500.1730041503906,-375.65008544921875,-383.52716064453125,-375.009033203125
1.775875850049067e+18,-375.31146240234375,-1251.1383056640625,-374.9401550292969,-74.9399642944336,-499.47576904296875,-374.69622802734375,-370.3834228515625,-375.0705261230469
1.775875850050067e+18,-375.1268615722656,-1251.548583984375,-375.3402404785156,-75.03839111328125,-500.2140197753906,-374.97314453125,-369.92169189453125,-374.6092529296875
1.775875850051067e+18,-375.0653076171875,-1249.2918701171875,-374.8170166015625,-74.92151641845703,-499.76287841796875,-375.0346984863281,-369.3060607910156,-375.19354248046875
1.7758758500520668e+18,-375.1268615722656,-1251.753662109375,-375.1863708496094,-74.98302459716797,-499.8448791503906,-374.6039123535156,-377.09381103515625,-375.3165283203125
1.7758758500530668e+18,-374.9114685058594,-1248.881591796875,-375.0632629394531,-75.03839111328125,-500.5421142578125,-375.0346984863281,-368.6288757324219,-374.82452392578125
1.775875850054067e+18,-375.0345458984375,-1250.420166015625,-375.2479248046875,-75.03224182128906,-500.5010986328125,-375.5270080566406,-381.61871337890625,-375.47027587890625
1.775875850055067e+18,-374.7575988769531,-1249.2918701171875,-375.0940246582031,-75.03224182128906,-500.5421142578125,-375.2500915527344,-383.52716064453125,-375.13201904296875
1.7758758500560668e+18,-374.9422302246094,-1249.2918701171875,-375.40179443359375,-75.01378631591797,-499.8448791503906,-375.2500915527344,-383.52716064453125,-374.76300048828125
1.7758758500570668e+18,-375.31146240234375,-1250.7279052734375,-375.40179443359375,-75.07530212402344,-500.2140197753906,-375.4962463378906,-383.52716064453125,-375.1012878417969
1.7758758500580667e+18,-375.21917724609375,-1251.548583984375,-374.8170166015625,-75.00148010253906,-500.5831298828125,-375.0039367675781,-367.6130676269531,-375.16278076171875
1.7758758500590666e+18,-375.0037841796875,-1250.7279052734375,-374.7247009277344,-74.92766571044922,-500.0909729003906,-375.2500915527344,-369.059814453125,-374.6092529296875
1.7758758500600666e+18,-374.81915283203125,-1250.83056640625,-375.12481689453125,-74.98918151855469,-499.80389404296875,-375.4654846191406,-378.6944580078125,-374.8552551269531
1.7758758500610665e+18,-375.1883850097656,-1250.1124267578125,-374.66314697265625,-74.95841979980469,-500.0089416503906,-375.4654846191406,-383.52716064453125,-375.2242736816406
1.7758758500620664e+18,-375.1576232910156,-1248.984130859375,-374.6323547363281,-75.01378631591797,-500.2550354003906,-374.7885437011719,-361.487548828125,-375.2242736816406
1.7758758500630666e+18,-374.8807067871094,-1250.215087890625,-375.4325866699219,-74.95841979980469,-499.9269104003906,-375.2808532714844,-371.1837463378906,-374.6400146484375
1.7758758500640666e+18,-374.6960754394531,-1249.1893310546875,-374.8478088378906,-74.9338150024414,-499.76287841796875,-374.9423828125,-365.4891357421875,-375.16278076171875
1.7758758500650665e+18,-375.24993896484375,-1249.3944091796875,-374.8785705566406,-75.03839111328125,-500.5010986328125,-375.09625244140625,-367.85931396484375,-374.6707458496094
1.7758758500660664e+18,-374.7268371582031,-1249.8046875,-375.12481689453125,-75.07530212402344,-500.5831298828125,-375.18853759765625,-383.52716064453125,-375.16278076171875
1.7758758500670664e+18,-374.9114685058594,-1249.2918701171875,-375.2171325683594,-75.04454040527344,-499.76287841796875,-374.4500732421875,-371.42999267578125,-375.2857971191406
1.7758758500680663e+18,-375.1576232910156,-1251.548583984375,-375.032470703125,-74.9707260131836,-499.8448791503906,-374.5731506347656,-372.076416015625,-375.2242736816406
1.7758758500690662e+18,-375.0037841796875,-1251.548583984375,-374.7247009277344,-74.97687530517578,-500.2140197753906,-374.7885437011719,-361.61065673828125,-375.3780212402344
1.7758758500700662e+18,-375.21917724609375,-1250.420166015625,-374.8170166015625,-75.05068969726562,-500.4190673828125,-374.69622802734375,-374.0156555175781,-375.53179931640625
1.775875850071066e+18,-375.1268615722656,-1250.6253662109375,-375.2171325683594,-75.06299591064453,-500.4600830078125,-375.2808532714844,-383.52716064453125,-375.50103759765625
1.7758758500720663e+18,-374.8807067871094,-1248.5738525390625,-374.90936279296875,-75.02608489990234,-500.5831298828125,-375.5270080566406,-377.401611328125,-374.82452392578125
1.7758758500730662e+18,-374.81915283203125,-1250.420166015625,-375.4325866699219,-74.9707260131836,-499.72186279296875,-375.0654602050781,-383.52716064453125,-374.7015075683594
1.7758758500740662e+18,-375.3422546386719,-1250.7279052734375,-375.1863708496094,-75.01993560791016,-499.8448791503906,-374.7885437011719,-360.6256408691406,-374.8860168457031
1.775875850075066e+18,-375.28070068359375,-1248.7789306640625,-375.001708984375,-75.03839111328125,-499.76287841796875,-374.5731506347656,-380.2027587890625,-375.16278076171875
1.775875850076066e+18,-374.9422302246094,-1250.6253662109375,-375.2171325683594,-75.02608489990234,-499.8448791503906,-374.69622802734375,-369.52154541015625,-375.2550354003906
1.775875850077066e+18,-374.81915283203125,-1251.2408447265625,-375.032470703125,-74.9707260131836,-500.4190673828125,-375.3424072265625,-367.3976135253906,-375.1012878417969
1.775875850078066e+18,-375.24993896484375,-1250.83056640625,-375.2786865234375,-75.02608489990234,-499.76287841796875,-374.7577819824219,-365.6122741699219,-375.3472900390625
1.7758758500790659e+18,-375.31146240234375,-1250.317626953125,-374.69390869140625,-74.92151641845703,-499.80389404296875,-375.12701416015625,-376.13958740234375,-375.4395446777344
1.7758758500800658e+18,-374.8807067871094,-1250.1124267578125,-375.3402404785156,-74.9707260131836,-500.0089416503906,-375.5270080566406,-365.7046203613281,-375.009033203125
1.775875850081066e+18,-375.0345458984375,-1250.6253662109375,-375.0632629394531,-74.9399642944336,-499.76287841796875,-375.09625244140625,-383.52716064453125,-374.7322692871094
1.775875850082066e+18,-374.7268371582031,-1249.3944091796875,-374.9709167480469,-74.9522705078125,-499.8858947753906,-375.18853759765625,-368.96746826171875,-375.13201904296875
1.7758758500830659e+18,-375.0037841796875,-1249.086669921875,-374.9709167480469,-75.03839111328125,-500.5010986328125,-375.0346984863281,-369.3060607910156,-374.978271484375
1.7758758500840658e+18,-374.81915283203125,-1251.03564453125,-375.12481689453125,-74.97687530517578,-499.63983154296875,-375.3424072265625,-380.7260437011719,-374.8552551269531
1.7758758500850657e+18,-374.78839111328125,-1249.1893310546875,-374.57080078125,-74.9707260131836,-499.55780029296875,-374.5423889160156,-368.7519836425781,-374.6092529296875
1.7758758500860657e+18,-375.0960998535156,-1251.1383056640625,-375.37103271484375,-75.02608489990234,-500.5010986328125,-375.5270080566406,-381.156982421875,-375.47027587890625
1.7758758500870656e+18,-374.6960754394531,-1249.4969482421875,-375.0940246582031,-74.98302459716797,-499.9679260253906,-375.2193298339844,-374.9390869140625,-375.2242736816406
1.7758758500880655e+18,-374.8807067871094,-1250.1124267578125,-375.0632629394531,-75.02608489990234,-500.2550354003906,-375.65008544921875,-383.52716064453125,-375.1012878417969
1.7758758500890657e+18,-374.78839111328125,-1250.1124267578125,-375.2786865234375,-74.94612121582031,-499.9679260253906,-375.3116149902344,-373.9540710449219,-374.5477600097656
1.7758758500900657e+18,-374.9114685058594,-1248.881591796875,-375.12481689453125,-75.02608489990234,-500.5831298828125,-375.3116149902344,-373.0306396484375,-374.8552551269531
1.7758758500910656e+18,-375.0653076171875,-1251.4459228515625,-374.7247009277344,-74.97687530517578,-500.0909729003906,-375.3424072265625,-366.41259765625,-374.8860168457031
1.7758758500920655e+18,-375.31146240234375,-1250.6253662109375,-375.4325866699219,-75.06299591064453,-500.0499572753906,-374.91162109375,-377.1553649902344,-374.8552551269531
1.7758758500930655e+18,-374.9114685058594,-1250.0098876953125,-375.4325866699219,-74.97687530517578,-499.72186279296875,-375.0654602050781,-383.52716064453125,-374.6707458496094
1.7758758500940654e+18,-375.0653076171875,-1250.6253662109375,-374.69390869140625,-74.92766571044922,-500.1730041503906,-375.3424072265625,-370.4142150878906,-374.5784912109375
1.7758758500950653e+18,-374.84991455078125,-1250.0098876953125,-375.4325866699219,-74.97687530517578,-499.76287841796875,-375.09625244140625,-383.52716064453125,-374.5784912109375
1.7758758500960653e+18,-375.0960998535156,-1250.6253662109375,-374.90936279296875,-74.98918151855469,-500.5421142578125,-374.9423828125,-368.6596374511719,-375.4087829589844
1.7758758500970652e+18,-374.84991455078125,-1249.8046875,-375.2786865234375,-75.08760070800781,-500.0909729003906,-374.7577819824219,-360.9642639160156,-375.13201904296875
1.7758758500980654e+18,-374.9729919433594,-1248.6763916015625,-375.15557861328125,-75.03839111328125,-499.8858947753906,-375.0039367675781,-383.52716064453125,-375.0397644042969
1.7758758500990653e+18,-374.9114685058594,-1248.984130859375,-375.001708984375,-75.03224182128906,-500.5010986328125,-375.55780029296875,-381.8649597167969,-375.2242736816406
1.7758758501000653e+18,-375.0345458984375,-1251.548583984375,-375.15557861328125,-74.95841979980469,-500.0909729003906,-375.61932373046875,-381.09539794921875,-374.76300048828125
1.7758758501010652e+18,-375.1883850097656,-1249.1893310546875,-375.0632629394531,-75.08145141601562,-500.2140197753906,-374.66546630859375,-374.2003479003906,-375.50103759765625
1.7758758501020652e+18,-374.9422302246094,-1249.4969482421875,-375.37103271484375,-75.03839111328125,-499.72186279296875,-375.12701416015625,-383.52716064453125,-374.7322692871094
1.775875850103065e+18,-374.9114685058594,-1250.6253662109375,-374.7554626464844,-74.9338150024414,-500.3780517578125,-375.15777587890625,-369.6138916015625,-375.2242736816406
1.775875850104065e+18,-374.81915283203125,-1248.6763916015625,-374.8478088378906,-75.01993560791016,-500.5831298828125,-375.4962463378906,-374.47735595703125,-374.8860168457031
1.775875850105065e+18,-374.84991455078125,-1250.1124267578125,-375.4325866699219,-74.9707260131836,-499.76287841796875,-375.0654602050781,-383.52716064453125,-374.978271484375
1.775875850106065e+18,-374.81915283203125,-1249.3944091796875,-374.6015930175781,-74.9645767211914,-499.51678466796875,-374.880859375,-374.7236328125,-375.2550354003906
1.775875850107065e+18,-374.6960754394531,-1249.599609375,-375.032470703125,-75.06914520263672,-500.2550354003906,-375.4346923828125,-374.2926940917969,-375.0705261230469
1.775875850108065e+18,-375.3422546386719,-1251.4459228515625,-375.1863708496094,-75.06914520263672,-500.2960205078125,-375.0039367675781,-377.8941345214844,-374.8860168457031
1.775875850109065e+18,-374.8807067871094,-1249.7021484375,-374.66314697265625,-74.98302459716797,-499.8858947753906,-374.4808349609375,-366.8435363769531,-374.8860168457031
1.775875850110065e+18,-375.0653076171875,-1248.881591796875,-374.8478088378906,-74.98918151855469,-499.47576904296875,-374.69622802734375,-366.4741516113281,-374.5169982910156
1.7758758501110648e+18,-375.0653076171875,-1251.4459228515625,-374.9401550292969,-74.9645767211914,-500.0499572753906,-375.4039306640625,-383.52716064453125,-374.978271484375
1.7758758501120648e+18,-374.9422302246094,-1249.3944091796875,-374.8478088378906,-74.9399642944336,-500.0909729003906,-375.2193298339844,-383.52716064453125,-375.4087829589844
1.7758758501130647e+18,-375.0037841796875,-1249.2918701171875,-374.7554626464844,-74.98918151855469,-500.2550354003906,-375.55780029296875,-381.55712890625,-374.76300048828125
1.7758758501140646e+18,-374.9114685058594,-1249.8046875,-375.40179443359375,-75.00148010253906,-499.8448791503906,-375.3116149902344,-383.52716064453125,-374.8860168457031
1.7758758501150646e+18,-374.9114685058594,-1250.317626953125,-375.46337890625,-75.00148010253906,-499.68084716796875,-374.91162109375,-373.49237060546875,-375.4087829589844
1.7758758501160648e+18,-375.1268615722656,-1250.0098876953125,-374.7554626464844,-74.95841979980469,-499.9679260253906,-375.2193298339844,-383.52716064453125,-375.19354248046875
1.7758758501170647e+18,-374.9114685058594,-1249.3944091796875,-375.37103271484375,-75.00763702392578,-499.80389404296875,-375.0654602050781,-383.52716064453125,-374.947509765625
1.7758758501180646e+18,-374.78839111328125,-1249.599609375,-374.7862548828125,-75.01378631591797,-500.2140197753906,-375.65008544921875,-383.0654296875,-374.79376220703125
1.7758758501190646e+18,-375.1268615722656,-1250.317626953125,-374.8478088378906,-75.05684661865234,-500.1730041503906,-374.69622802734375,-375.1545715332031,-375.009033203125
1.7758758501200645e+18,-374.8807067871094,-1249.086669921875,-374.8785705566406,-74.97687530517578,-500.1730041503906,-375.2193298339844,-383.52716064453125,-375.13201904296875
1.7758758501210644e+18,-375.31146240234375,-1250.1124267578125,-374.8785705566406,-74.92766571044922,-499.80389404296875,-375.18853759765625,-377.9864807128906,-375.50103759765625
1.7758758501220646e+18,-374.78839111328125,-1249.1893310546875,-374.8785705566406,-74.9338150024414,-499.8858947753906,-375.0346984863281,-370.84515380859375,-375.16278076171875
1.7758758501230646e+18,-375.0037841796875,-1249.2918701171875,-375.0632629394531,-75.08145141601562,-499.80389404296875,-374.7577819824219,-376.53973388671875,-375.13201904296875
1.7758758501240645e+18,-375.0037841796875,-1249.599609375,-375.2171325683594,-75.08145141601562,-499.8858947753906,-374.9423828125,-382.696044921875,-375.2242736816406
1.7758758501250644e+18,-375.1576232910156,-1250.6253662109375,-375.15557861328125,-75.08760070800781,-500.5831298828125,-375.2500915527344,-383.52716064453125,-375.2550354003906
1.7758758501260646e+18,-375.1576232910156,-1251.2408447265625,-374.8478088378906,-75.00148010253906,-500.4600830078125,-375.3116149902344,-368.19793701171875,-375.13201904296875
1.7758758501270646e+18,-375.1268615722656,-1250.5228271484375,-375.4325866699219,-75.01378631591797,-499.80389404296875,-374.7885437011719,-362.0415954589844,-375.16278076171875
1.7758758501280645e+18,-375.28070068359375,-1250.5228271484375,-374.7554626464844,-75.01378631591797,-499.9679260253906,-374.4500732421875,-372.6920471191406,-375.2550354003906
1.7758758501290644e+18,-375.0653076171875,-1251.4459228515625,-374.8170166015625,-74.98302459716797,-500.2140197753906,-374.69622802734375,-362.257080078125,-375.3472900390625
1.7758758501300644e+18,-374.8807067871094,-1250.317626953125,-375.4325866699219,-75.01993560791016,-499.72186279296875,-374.91162109375,-375.7394104003906,-375.50103759765625
1.7758758501310646e+18,-375.3422546386719,-1251.4459228515625,-375.15557861328125,-75.02608489990234,-500.0089416503906,-374.8193054199219,-365.4891357421875,-374.5477600097656
1.7758758501320645e+18,-374.81915283203125,-1249.599609375,-374.7554626464844,-74.98918151855469,-500.2550354003906,-375.3731689453125,-383.52716064453125,-375.2550354003906
1.7758758501330644e+18,-374.9114685058594,-1250.1124267578125,-375.4325866699219,-75.03839111328125,-499.76287841796875,-375.0654602050781,-383.52716064453125,-375.0397644042969
1.7758758501340644e+18,-374.84991455078125,-1248.47119140625,-374.7862548828125,-74.98302459716797,-499.59881591796875,-374.91162109375,-377.09381103515625,-375.3780212402344
1.7758758501350646e+18,-374.84991455078125,-1250.215087890625,-374.9709167480469,-74.92766571044922,-500.0909729003906,-375.2500915527344,-371.2145080566406,-375.0397644042969
1.7758758501360645e+18,-374.6653137207031,-1250.0098876953125,-375.1863708496094,-74.98302459716797,-499.76287841796875,-375.4962463378906,-376.2626953125,-374.8552551269531
1.7758758501370644e+18,-375.3422546386719,-1249.1893310546875,-374.8785705566406,-75.04454040527344,-499.76287841796875,-374.5116271972656,-378.909912109375,-375.1012878417969
1.7758758501380644e+18,-375.3422546386719,-1250.0098876953125,-374.7862548828125,-75.01378631591797,-500.5010986328125,-374.5116271972656,-369.3984069824219,-375.2857971191406
1.7758758501390643e+18,-374.84991455078125,-1249.3944091796875,-374.8478088378906,-74.92766571044922,-499.8858947753906,-375.12701416015625,-372.8151550292969,-375.3165283203125
1.7758758501400645e+18,-375.0653076171875,-1249.1893310546875,-374.7247009277344,-75.06299591064453,-500.1730041503906,-374.7577819824219,-374.63128662109375,-375.3780212402344
1.7758758501410644e+18,-375.0345458984375,-1249.8046875,-375.12481689453125,-75.03224182128906,-500.5421142578125,-375.55780029296875,-380.6029052734375,-374.7322692871094
1.7758758501420644e+18,-375.1576232910156,-1249.1893310546875,-374.69390869140625,-75.05068969726562,-500.2140197753906,-374.8193054199219,-364.44256591796875,-375.4395446777344
1.7758758501430643e+18,-375.31146240234375,-1250.215087890625,-374.7554626464844,-75.01378631591797,-500.5010986328125,-374.8500671386719,-367.3360290527344,-375.13201904296875
1.7758758501440645e+18,-375.31146240234375,-1250.1124267578125,-374.8170166015625,-75.05068969726562,-500.5421142578125,-374.7577819824219,-372.2303161621094,-375.53179931640625
1.7758758501450644e+18,-374.81915283203125,-1249.3944091796875,-375.1863708496094,-74.97687530517578,-499.51678466796875,-375.0346984863281,-380.69525146484375,-374.947509765625
1.7758758501460644e+18,-374.84991455078125,-1249.3944091796875,-374.7247009277344,-75.00763702392578,-500.2140197753906,-375.55780029296875,-383.52716064453125,-375.13201904296875
1.7758758501470643e+18,-374.9422302246094,-1249.4969482421875,-375.4325866699219,-75.00763702392578,-499.72186279296875,-375.0654602050781,-379.4947814941406,-374.6092529296875
1.7758758501480643e+18,-375.31146240234375,-1250.5228271484375,-374.8170166015625,-74.94612121582031,-499.68084716796875,-374.7885437011719,-363.3344421386719,-375.13201904296875
1.7758758501490644e+18,-375.0653076171875,-1249.4969482421875,-374.9709167480469,-75.06914520263672,-500.0909729003906,-374.8193054199219,-376.7859802246094,-375.3780212402344
1.7758758501500644e+18,-375.28070068359375,-1249.1893310546875,-374.9401550292969,-75.02608489990234,-499.9679260253906,-374.4808349609375,-371.2760925292969,-375.2242736816406
1.7758758501510643e+18,-375.1268615722656,-1249.2918701171875,-374.69390869140625,-75.04454040527344,-500.2140197753906,-374.8500671386719,-362.6880187988281,-375.4395446777344
1.7758758501520643e+18,-374.9114685058594,-1251.2408447265625,-375.15557861328125,-74.9645767211914,-500.0909729003906,-375.61932373046875,-371.24530029296875,-374.8860168457031
1.7758758501530644e+18,-374.9422302246094,-1250.7279052734375,-375.2171325683594,-75.03839111328125,-499.76287841796875,-374.66546630859375,-370.9067077636719,-375.2857971191406
1.7758758501540644e+18,-375.0345458984375,-1250.7279052734375,-374.90936279296875,-74.98918151855469,-500.5421142578125,-374.91162109375,-370.0755920410156,-375.47027587890625
1.7758758501550643e+18,-375.0960998535156,-1250.6253662109375,-375.4325866699219,-75.03839111328125,-499.68084716796875,-374.4500732421875,-367.3976135253906,-375.13201904296875
1.7758758501560643e+18,-375.0960998535156,-1250.93310546875,-374.7247009277344,-74.97687530517578,-500.1319885253906,-375.2500915527344,-368.7212219238281,-374.76300048828125
1.7758758501570642e+18,-375.31146240234375,-1249.4969482421875,-374.8478088378906,-75.02608489990234,-499.76287841796875,-374.4808349609375,-380.048828125,-375.1012878417969
1.7758758501580644e+18,-375.1576232910156,-1249.1893310546875,-375.032470703125,-75.08760070800781,-499.68084716796875,-374.7885437011719,-376.6628723144531,-375.3165283203125
1.7758758501590643e+18,-374.8807067871094,-1248.6763916015625,-375.0940246582031,-75.04454040527344,-499.76287841796875,-374.5116271972656,-378.0172424316406,-375.16278076171875
1.7758758501600643e+18,-374.8807067871094,-1249.1893310546875,-374.8785705566406,-74.9338150024414,-499.8448791503906,-375.18853759765625,-378.7560119628906,-375.4395446777344
1.7758758501610642e+18,-375.0345458984375,-1251.4459228515625,-374.8785705566406,-74.9645767211914,-500.1730041503906,-374.7885437011719,-361.21051025390625,-375.2550354003906
1.7758758501620644e+18,-375.0960998535156,-1250.6253662109375,-375.40179443359375,-75.06299591064453,-500.2960205078125,-375.4346923828125,-380.8491516113281,-374.8552551269531
1.7758758501630643e+18,-374.84991455078125,-1250.215087890625,-374.9709167480469,-74.92766571044922,-500.1319885253906,-375.2500915527344,-370.4142150878906,-375.0705261230469
1.7758758501640643e+18,-374.84991455078125,-1250.215087890625,-375.15557861328125,-74.94612121582031,-499.9269104003906,-375.3116149902344,-372.107177734375,-374.6092529296875
1.7758758501650642e+18,-374.9114685058594,-1250.0098876953125,-375.4325866699219,-75.04454040527344,-499.68084716796875,-375.0654602050781,-383.52716064453125,-375.009033203125
1.775875850166064e+18,-374.9422302246094,-1250.1124267578125,-374.9401550292969,-74.9399642944336,-499.76287841796875,-374.7885437011719,-363.796142578125,-374.6400146484375
1.7758758501670643e+18,-375.1883850097656,-1251.4459228515625,-375.37103271484375,-75.03839111328125,-500.5010986328125,-375.3731689453125,-376.6012878417969,-374.6707458496094
1.7758758501680643e+18,-374.78839111328125,-1249.4969482421875,-375.2171325683594,-74.9645767211914,-499.63983154296875,-375.5270080566406,-376.5705261230469,-374.8860168457031
1.7758758501690642e+18,-374.84991455078125,-1250.1124267578125,-375.46337890625,-74.97687530517578,-499.72186279296875,-375.0654602050781,-383.52716064453125,-375.0705261230469
1.7758758501700641e+18,-375.0037841796875,-1250.6253662109375,-374.90936279296875,-74.98918151855469,-500.5831298828125,-374.8500671386719,-371.98406982421875,-375.50103759765625
1.7758758501710643e+18,-374.8807067871094,-1249.1893310546875,-375.1863708496094,-74.97687530517578,-499.55780029296875,-375.3116149902344,-379.77178955078125,-374.8552551269531
1.7758758501720643e+18,-374.78839111328125,-1250.1124267578125,-375.37103271484375,-74.97687530517578,-499.80389404296875,-375.0654602050781,-383.52716064453125,-374.6400146484375
1.7758758501730642e+18,-375.24993896484375,-1248.984130859375,-374.9709167480469,-75.05068969726562,-499.76287841796875,-374.5116271972656,-378.6944580078125,-375.19354248046875
1.775875850174064e+18,-375.1268615722656,-1251.2408447265625,-375.2786865234375,-75.01993560791016,-500.1319885253906,-375.15777587890625,-374.5697021484375,-374.9167785644531
1.775875850175064e+18,-374.84991455078125,-1248.7789306640625,-375.2479248046875,-75.04454040527344,-499.9269104003906,-374.63470458984375,-380.9722900390625,-375.1012878417969
1.7758758501760643e+18,-375.3422546386719,-1251.3433837890625,-374.9401550292969,-74.97687530517578,-499.80389404296875,-375.3424072265625,-381.28009033203125,-375.1012878417969
1.7758758501770642e+18,-375.1576232910156,-1249.7021484375,-374.8785705566406,-75.07530212402344,-499.8858947753906,-375.0039367675781,-383.52716064453125,-374.947509765625
1.7758758501780641e+18,-374.7575988769531,-1249.599609375,-375.1863708496094,-74.9645767211914,-499.55780029296875,-375.3116149902344,-379.648681640625,-374.82452392578125
1.775875850179064e+18,-375.0037841796875,-1251.2408447265625,-374.8478088378906,-74.98918151855469,-500.5010986328125,-375.3424072265625,-368.7519836425781,-375.13201904296875
1.7758758501800643e+18,-374.7268371582031,-1250.83056640625,-375.12481689453125,-74.98302459716797,-500.0089416503906,-375.55780029296875,-374.1695556640625,-374.947509765625
1.7758758501810642e+18,-375.0960998535156,-1251.548583984375,-375.40179443359375,-75.01378631591797,-499.51678466796875,-374.5731506347656,-366.3510437011719,-374.947509765625
1.775875850182064e+18,-375.1268615722656,-1251.548583984375,-375.3094787597656,-75.01993560791016,-499.9679260253906,-374.8500671386719,-370.568115234375,-374.7322692871094
1.775875850183064e+18,-374.84991455078125,-1250.420166015625,-375.3094787597656,-75.06914520263672,-500.2960205078125,-375.3116149902344,-374.9390869140625,-374.7015075683594
1.775875850184064e+18,-375.0653076171875,-1251.3433837890625,-374.9709167480469,-74.9645767211914,-500.0909729003906,-375.61932373046875,-380.8491516113281,-374.79376220703125
1.7758758501850642e+18,-375.0653076171875,-1251.548583984375,-374.90936279296875,-74.9522705078125,-500.1730041503906,-375.5270080566406,-371.2145080566406,-374.8552551269531
1.7758758501860641e+18,-375.1268615722656,-1251.4459228515625,-375.3402404785156,-75.02608489990234,-499.8858947753906,-374.91162109375,-369.9524841308594,-374.8552551269531
1.775875850187064e+18,-375.3422546386719,-1249.9073486328125,-374.7554626464844,-75.01378631591797,-500.1319885253906,-374.4808349609375,-373.15374755859375,-375.19354248046875
1.775875850188064e+18,-375.24993896484375,-1250.1124267578125,-374.69390869140625,-74.9338150024414,-499.76287841796875,-374.880859375,-365.9816589355469,-375.1012878417969
1.7758758501890642e+18,-375.24993896484375,-1251.2408447265625,-374.8170166015625,-74.98918151855469,-500.5010986328125,-375.18853759765625,-367.2436828613281,-375.0705261230469
1.775875850190064e+18,-375.1883850097656,-1250.215087890625,-374.7247009277344,-74.9522705078125,-499.80389404296875,-375.09625244140625,-382.4805908203125,-375.2857971191406
1.775875850191064e+18,-375.0653076171875,-1251.4459228515625,-374.8785705566406,-74.9645767211914,-500.0909729003906,-375.55780029296875,-371.6762390136719,-374.8552551269531
1.775875850192064e+18,-374.78839111328125,-1249.3944091796875,-375.12481689453125,-75.04454040527344,-499.59881591796875,-374.8193054199219,-377.0630187988281,-374.947509765625
1.775875850193064e+18,-374.8807067871094,-1251.03564453125,-375.2479248046875,-74.9707260131836,-499.8858947753906,-375.4346923828125,-383.52716064453125,-374.76300048828125
1.7758758501940641e+18,-375.1576232910156,-1249.2918701171875,-374.6323547363281,-75.02608489990234,-500.3370361328125,-374.72698974609375,-360.4101867675781,-375.19354248046875
1.775875850195064e+18,-374.8807067871094,-1250.420166015625,-375.1863708496094,-75.03839111328125,-499.9269104003906,-374.63470458984375,-367.85931396484375,-374.82452392578125
1.775875850196064e+18,-375.28070068359375,-1251.03564453125,-374.8170166015625,-75.00148010253906,-500.5831298828125,-375.12701416015625,-367.2436828613281,-375.0705261230469
1.775875850197064e+18,-375.1268615722656,-1250.5228271484375,-375.494140625,-75.06299591064453,-500.0089416503906,-374.6039123535156,-360.9334716796875,-374.8552551269531
1.775875850198064e+18,-375.28070068359375,-1251.4459228515625,-375.1863708496094,-75.00763702392578,-499.9269104003906,-374.66546630859375,-367.85931396484375,-374.947509765625
1.775875850199064e+18,-375.0653076171875,-1249.4969482421875,-375.12481689453125,-75.08145141601562,-499.9269104003906,-374.8193054199219,-381.7726135253906,-375.16278076171875
1.775875850200064e+18,-375.3730163574219,-1251.548583984375,-375.12481689453125,-75.08760070800781,-500.5421142578125,-375.3116149902344,-378.04803466796875,-375.19354248046875
1.775875850201064e+18,-374.78839111328125,-1249.3944091796875,-374.5400390625,-74.9522705078125,-499.8448791503906,-374.4193115234375,-366.1047668457031,-374.82452392578125
1.775875850202064e+18,-374.6653137207031,-1249.4969482421875,-375.1863708496094,-75.05684661865234,-500.5010986328125,-375.2808532714844,-383.52716064453125,-375.19354248046875
1.775875850203064e+18,-374.9422302246094,-1249.599609375,-375.37103271484375,-75.00148010253906,-499.8858947753906,-375.5270080566406,-380.2027587890625,-374.8552551269531
1.775875850204064e+18,-374.7268371582031,-1249.1893310546875,-375.12481689453125,-75.04454040527344,-500.5010986328125,-375.2500915527344,-377.3400573730469,-374.5784912109375
1.775875850205064e+18,-374.8807067871094,-1250.215087890625,-375.40179443359375,-74.99533081054688,-499.72186279296875,-374.97314453125,-376.4166259765625,-375.53179931640625
1.7758758502060639e+18,-375.0037841796875,-1250.93310546875,-375.2479248046875,-75.02608489990234,-500.5831298828125,-375.4039306640625,-380.5721130371094,-374.947509765625
1.775875850207064e+18,-375.1576232910156,-1250.215087890625,-374.8478088378906,-74.97687530517578,-499.43475341796875,-374.880859375,-375.80096435546875,-375.3165283203125
1.775875850208064e+18,-375.0653076171875,-1250.0098876953125,-374.9709167480469,-74.98918151855469,-499.51678466796875,-374.6039123535156,-366.90509033203125,-374.8552551269531
1.775875850209064e+18,-375.3422546386719,-1251.2408447265625,-375.15557861328125,-75.07530212402344,-500.1730041503906,-375.2808532714844,-365.8277282714844,-374.947509765625
1.775875850210064e+18,-375.3422546386719,-1251.3433837890625,-375.0632629394531,-74.9522705078125,-499.47576904296875,-374.69622802734375,-374.26190185546875,-375.3472900390625
1.7758758502110638e+18,-375.3730163574219,-1251.3433837890625,-374.9709167480469,-74.98918151855469,-499.68084716796875,-375.2193298339844,-381.3724365234375,-374.7322692871094
1.775875850212064e+18,-375.1268615722656,-1249.3944091796875,-375.032470703125,-75.07530212402344,-499.72186279296875,-374.8500671386719,-377.7094421386719,-374.82452392578125
1.775875850213064e+18,-374.9114685058594,-1248.7789306640625,-375.001708984375,-75.04454040527344,-499.8448791503906,-374.72698974609375,-383.52716064453125,-375.009033203125
1.7758758502140639e+18,-375.1883850097656,-1249.3944091796875,-374.5400390625,-75.02608489990234,-500.3370361328125,-374.69622802734375,-362.6880187988281,-375.3472900390625
1.7758758502150638e+18,-374.78839111328125,-1249.4969482421875,-374.9709167480469,-75.03839111328125,-500.2550354003906,-375.4346923828125,-380.387451171875,-374.82452392578125
1.775875850216064e+18,-375.24993896484375,-1250.5228271484375,-375.4325866699219,-75.08145141601562,-500.2550354003906,-375.58856201171875,-383.52716064453125,-375.2550354003906
1.775875850217064e+18,-374.6653137207031,-1249.1893310546875,-374.90936279296875,-74.98918151855469,-500.1730041503906,-375.18853759765625,-383.52716064453125,-375.3165283203125
1.775875850218064e+18,-375.28070068359375,-1249.9073486328125,-374.8170166015625,-74.9399642944336,-500.0909729003906,-375.2808532714844,-383.52716064453125,-374.7322692871094
1.7758758502190638e+18,-374.84991455078125,-1250.6253662109375,-374.8170166015625,-74.9645767211914,-500.4600830078125,-375.0654602050781,-368.9059143066406,-375.3165283203125
1.7758758502200637e+18,-375.1576232910156,-1248.7789306640625,-374.9709167480469,-75.04454040527344,-499.76287841796875,-374.63470458984375,-382.75762939453125,-375.1012878417969
1.775875850221064e+18,-374.84991455078125,-1251.2408447265625,-375.0632629394531,-74.97687530517578,-500.1319885253906,-375.4654846191406,-370.3526306152344,-375.009033203125
1.7758758502220639e+18,-375.1268615722656,-1250.5228271484375,-375.46337890625,-75.06914520263672,-500.0499572753906,-374.5116271972656,-369.8908996582031,-374.7322692871094
1.7758758502230638e+18,-374.7268371582031,-1249.9073486328125,-375.0940246582031,-75.00148010253906,-499.47576904296875,-374.8193054199219,-377.49395751953125,-374.947509765625
1.7758758502240637e+18,-374.8807067871094,-1249.2918701171875,-374.8170166015625,-74.9338150024414,-499.8858947753906,-375.2500915527344,-381.9573059082031,-375.4395446777344
1.7758758502250637e+18,-374.81915283203125,-1249.7021484375,-375.0940246582031,-75.08145141601562,-500.1730041503906,-374.6039123535156,-361.9492492675781,-375.0705261230469
1.7758758502260636e+18,-374.8807067871094,-1249.4969482421875,-375.1863708496094,-74.9645767211914,-499.51678466796875,-375.2500915527344,-380.69525146484375,-374.947509765625
1.7758758502270636e+18,-375.28070068359375,-1249.599609375,-375.032470703125,-75.08760070800781,-499.8858947753906,-374.69622802734375,-374.81597900390625,-375.3165283203125
1.7758758502280635e+18,-375.31146240234375,-1250.1124267578125,-374.8478088378906,-75.02608489990234,-499.9269104003906,-374.4500732421875,-377.64788818359375,-375.13201904296875
1.7758758502290634e+18,-374.9114685058594,-1249.1893310546875,-375.40179443359375,-75.00763702392578,-499.80389404296875,-375.55780029296875,-383.3732604980469,-374.82452392578125
1.7758758502300636e+18,-375.31146240234375,-1250.6253662109375,-375.001708984375,-74.97687530517578,-499.68084716796875,-374.7577819824219,-361.518310546875,-375.13201904296875
1.7758758502310636e+18,-374.9729919433594,-1248.984130859375,-374.8785705566406,-74.99533081054688,-499.72186279296875,-375.0346984863281,-377.5247497558594,-375.16278076171875
1.7758758502320635e+18,-375.0037841796875,-1250.317626953125,-375.4325866699219,-75.01993560791016,-499.76287841796875,-374.8193054199219,-370.69122314453125,-375.50103759765625
1.7758758502330634e+18,-374.8807067871094,-1248.984130859375,-375.37103271484375,-75.01378631591797,-499.80389404296875,-375.3116149902344,-383.52716064453125,-374.82452392578125
1.7758758502340634e+18,-374.9729919433594,-1249.1893310546875,-375.001708984375,-75.05684661865234,-500.5831298828125,-374.91162109375,-368.41339111328125,-375.13201904296875
1.7758758502350633e+18,-374.8807067871094,-1249.4969482421875,-375.4325866699219,-75.00148010253906,-499.8448791503906,-375.4346923828125,-382.78839111328125,-374.79376220703125
1.7758758502360632e+18,-374.84991455078125,-1250.215087890625,-375.3402404785156,-74.95841979980469,-499.9269104003906,-375.2500915527344,-371.5531311035156,-374.6400146484375
1.7758758502370632e+18,-374.81915283203125,-1250.1124267578125,-375.4325866699219,-74.9645767211914,-499.8448791503906,-375.2808532714844,-371.4607849121094,-374.7322692871094
1.775875850238063e+18,-375.3422546386719,-1250.420166015625,-375.0940246582031,-75.02608489990234,-500.0089416503906,-374.5731506347656,-367.82855224609375,-374.7322692871094
1.775875850239063e+18,-374.81915283203125,-1250.0098876953125,-375.3094787597656,-75.08145141601562,-500.0089416503906,-374.7885437011719,-365.304443359375,-375.3165283203125
1.775875850240063e+18,-375.0037841796875,-1251.4459228515625,-374.9401550292969,-74.99533081054688,-500.6241455078125,-374.91162109375,-367.6130676269531,-375.13201904296875
1.775875850241063e+18,-374.81915283203125,-1248.7789306640625,-375.15557861328125,-75.03839111328125,-499.8858947753906,-374.69622802734375,-381.4955749511719,-375.1012878417969
1.7758758502420628e+18,-375.1883850097656,-1250.5228271484375,-374.9401550292969,-74.98302459716797,-500.5010986328125,-375.12701416015625,-368.4441833496094,-374.76300048828125
1.7758758502430628e+18,-375.0037841796875,-1248.7789306640625,-375.032470703125,-75.03839111328125,-499.76287841796875,-374.4193115234375,-373.5539245605469,-375.2550354003906
1.775875850244063e+18,-374.6960754394531,-1250.420166015625,-375.12481689453125,-74.97687530517578,-499.8448791503906,-375.55780029296875,-374.26190185546875,-374.978271484375
1.775875850245063e+18,-374.81915283203125,-1249.9073486328125,-375.2171325683594,-75.05068969726562,-500.4600830078125,-375.2500915527344,-383.52716064453125,-375.47027587890625
1.7758758502460628e+18,-375.28070068359375,-1249.4969482421875,-374.8170166015625,-75.01378631591797,-500.5831298828125,-375.0039367675781,-366.8435363769531,-375.009033203125
1.7758758502470628e+18,-374.9422302246094,-1250.420166015625,-375.3402404785156,-74.98918151855469,-499.9679260253906,-375.58856201171875,-370.84515380859375,-374.947509765625
1.7758758502480627e+18,-375.0345458984375,-1249.3944091796875,-375.2479248046875,-75.06914520263672,-499.80389404296875,-375.0346984863281,-383.52716064453125,-374.8860168457031
1.7758758502490627e+18,-374.9422302246094,-1249.7021484375,-375.40179443359375,-75.00148010253906,-499.8448791503906,-375.2500915527344,-383.52716064453125,-374.8860168457031
1.7758758502500626e+18,-375.28070068359375,-1250.420166015625,-374.8478088378906,-75.02608489990234,-500.5831298828125,-374.9423828125,-368.59808349609375,-375.3780212402344
1.7758758502510625e+18,-375.21917724609375,-1248.881591796875,-374.9401550292969,-75.03839111328125,-499.76287841796875,-374.5116271972656,-376.6012878417969,-375.19354248046875
1.7758758502520625e+18,-375.1576232910156,-1251.651123046875,-375.3402404785156,-75.00763702392578,-499.68084716796875,-374.3885192871094,-367.27447509765625,-375.19354248046875
1.7758758502530624e+18,-374.6960754394531,-1249.3944091796875,-375.0940246582031,-75.08760070800781,-500.1730041503906,-374.72698974609375,-371.61468505859375,-375.4395446777344
1.7758758502540623e+18,-374.81915283203125,-1250.317626953125,-375.2171325683594,-74.9399642944336,-500.0499572753906,-375.3116149902344,-370.8143615722656,-374.9167785644531
1.7758758502550623e+18,-375.24993896484375,-1250.83056640625,-374.7554626464844,-75.00763702392578,-500.5831298828125,-374.7885437011719,-367.27447509765625,-375.13201904296875
1.7758758502560622e+18,-374.9114685058594,-1249.3944091796875,-375.0632629394531,-75.07530212402344,-499.8448791503906,-374.69622802734375,-374.9698791503906,-375.53179931640625
1.7758758502570624e+18,-375.1883850097656,-1249.2918701171875,-374.6323547363281,-75.03839111328125,-500.2140197753906,-374.91162109375,-370.568115234375,-375.47027587890625
1.7758758502580623e+18,-374.84991455078125,-1248.984130859375,-375.2171325683594,-75.03224182128906,-499.72186279296875,-374.63470458984375,-381.7418212890625,-375.13201904296875
1.7758758502590623e+18,-375.28070068359375,-1250.83056640625,-375.3402404785156,-75.04454040527344,-499.9679260253906,-374.6039123535156,-363.2420959472656,-374.7322692871094
1.7758758502600622e+18,-375.24993896484375,-1249.9073486328125,-374.8785705566406,-74.9522705078125,-500.2550354003906,-375.2808532714844,-383.3732604980469,-374.6400146484375
1.7758758502610621e+18,-374.81915283203125,-1250.215087890625,-374.8785705566406,-74.92766571044922,-500.2550354003906,-375.15777587890625,-370.29107666015625,-375.13201904296875
1.775875850262062e+18,-374.7268371582031,-1250.5228271484375,-375.2171325683594,-74.98918151855469,-500.0089416503906,-375.55780029296875,-373.7693786621094,-374.947509765625
1.775875850263062e+18,-375.0653076171875,-1248.7789306640625,-375.12481689453125,-75.03839111328125,-499.8858947753906,-374.7577819824219,-383.52716064453125,-375.009033203125
1.775875850264062e+18,-375.0960998535156,-1251.3433837890625,-374.8170166015625,-75.00148010253906,-500.5831298828125,-375.0654602050781,-366.72039794921875,-375.0705261230469
1.775875850265062e+18,-374.9422302246094,-1249.1893310546875,-375.0632629394531,-75.06914520263672,-500.5831298828125,-375.0346984863281,-365.2428894042969,-374.5169982910156
1.7758758502660618e+18,-375.1576232910156,-1250.317626953125,-375.40179443359375,-75.08145141601562,-500.1730041503906,-375.4962463378906,-377.49395751953125,-375.3472900390625
1.7758758502670618e+18,-374.6653137207031,-1249.2918701171875,-374.8785705566406,-74.9338150024414,-499.8448791503906,-374.880859375,-362.0415954589844,-374.978271484375
1.7758758502680617e+18,-374.84991455078125,-1249.2918701171875,-375.0940246582031,-75.06299591064453,-499.51678466796875,-375.0346984863281,-380.3566589355469,-374.9167785644531
1.7758758502690616e+18,-375.0037841796875,-1251.4459228515625,-374.69390869140625,-74.99533081054688,-500.3370361328125,-374.8193054199219,-364.8735046386719,-375.47027587890625
1.7758758502700616e+18,-375.28070068359375,-1249.3944091796875,-375.032470703125,-75.06299591064453,-499.63983154296875,-374.8500671386719,-380.048828125,-374.8860168457031
1.7758758502710618e+18,-375.1883850097656,-1251.1383056640625,-374.7554626464844,-75.00763702392578,-500.5831298828125,-374.7885437011719,-367.4899597167969,-375.13201904296875
1.7758758502720617e+18,-374.6960754394531,-1250.215087890625,-375.15557861328125,-74.99533081054688,-499.9679260253906,-375.55780029296875,-375.9241027832031,-374.9167785644531
1.7758758502730616e+18,-375.21917724609375,-1250.7279052734375,-374.8478088378906,-74.9399642944336,-500.1319885253906,-375.2193298339844,-383.52716064453125,-375.009033203125
1.7758758502740616e+18,-374.6653137207031,-1249.4969482421875,-375.0632629394531,-75.09375,-500.4190673828125,-374.8500671386719,-368.01324462890625,-374.82452392578125
1.7758758502750615e+18,-375.0037841796875,-1251.548583984375,-374.8478088378906,-74.9707260131836,-500.0499572753906,-375.2808532714844,-366.2279052734375,-374.9167785644531
1.7758758502760614e+18,-374.8807067871094,-1248.6763916015625,-375.2171325683594,-75.05068969726562,-499.8448791503906,-374.66546630859375,-382.75762939453125,-375.13201904296875
1.7758758502770614e+18,-374.6960754394531,-1251.03564453125,-375.0940246582031,-74.98302459716797,-500.1730041503906,-375.4346923828125,-368.22869873046875,-375.0397644042969
1.7758758502780613e+18,-374.84991455078125,-1251.03564453125,-375.15557861328125,-74.9645767211914,-500.0909729003906,-375.61932373046875,-370.7220153808594,-374.9167785644531
1.7758758502790612e+18,-375.1576232910156,-1249.599609375,-374.8785705566406,-75.07530212402344,-500.0089416503906,-374.8500671386719,-381.4955749511719,-375.2550354003906
1.7758758502800612e+18,-375.0037841796875,-1250.6253662109375,-374.8478088378906,-74.9338150024414,-499.8858947753906,-375.18853759765625,-383.52716064453125,-374.76300048828125
1.775875850281061e+18,-375.28070068359375,-1250.420166015625,-375.0632629394531,-75.02608489990234,-500.1319885253906,-375.0346984863281,-376.4473876953125,-375.0705261230469
1.775875850282061e+18,-375.21917724609375,-1250.83056640625,-375.001708984375,-74.95841979980469,-499.9269104003906,-374.880859375,-365.0581970214844,-374.5477600097656
1.775875850283061e+18,-375.0345458984375,-1251.3433837890625,-374.9709167480469,-74.9645767211914,-500.0909729003906,-375.12701416015625,-364.41180419921875,-375.0397644042969
1.7758758502840612e+18,-374.7268371582031,-1249.4969482421875,-375.0632629394531,-75.04454040527344,-499.55780029296875,-374.8500671386719,-377.30926513671875,-374.978271484375
1.775875850285061e+18,-375.1576232910156,-1250.7279052734375,-375.4325866699219,-75.03839111328125,-499.9269104003906,-374.7577819824219,-360.1639404296875,-375.0705261230469
1.775875850286061e+18,-375.1268615722656,-1250.420166015625,-374.9709167480469,-74.98918151855469,-499.68084716796875,-374.4500732421875,-366.2279052734375,-374.8860168457031
1.775875850287061e+18,-375.3730163574219,-1249.9073486328125,-374.7554626464844,-75.01993560791016,-500.5010986328125,-375.58856201171875,-375.95489501953125,-374.8552551269531
1.775875850288061e+18,-374.81915283203125,-1249.4969482421875,-375.001708984375,-75.03224182128906,-500.2550354003906,-375.61932373046875,-383.52716064453125,-374.978271484375
1.7758758502890609e+18,-375.31146240234375,-1249.599609375,-374.8170166015625,-75.00763702392578,-500.0089416503906,-374.4808349609375,-374.9390869140625,-375.2242736816406
1.7758758502900608e+18,-374.7268371582031,-1250.0098876953125,-375.2171325683594,-74.97687530517578,-499.76287841796875,-375.55780029296875,-378.1711730957031,-374.8860168457031
1.7758758502910607e+18,-374.8807067871094,-1250.1124267578125,-375.40179443359375,-74.97687530517578,-499.72186279296875,-375.12701416015625,-383.52716064453125,-374.9167785644531
1.7758758502920607e+18,-374.9729919433594,-1251.3433837890625,-375.0632629394531,-74.97687530517578,-500.1319885253906,-375.55780029296875,-372.6612548828125,-375.009033203125
1.7758758502930606e+18,-374.8807067871094,-1251.1383056640625,-375.2171325683594,-74.95841979980469,-500.0499572753906,-375.61932373046875,-383.0962219238281,-374.76300048828125
1.7758758502940605e+18,-374.7268371582031,-1249.9073486328125,-375.1863708496094,-74.9522705078125,-499.47576904296875,-375.0346984863281,-379.8949279785156,-374.8860168457031
1.7758758502950605e+18,-375.3422546386719,-1251.3433837890625,-375.0940246582031,-74.99533081054688,-499.8448791503906,-374.72698974609375,-366.781982421875,-374.5784912109375
1.7758758502960604e+18,-374.6960754394531,-1249.8046875,-375.12481689453125,-75.07530212402344,-500.5831298828125,-375.0654602050781,-365.9200744628906,-374.5477600097656
1.7758758502970604e+18,-375.1268615722656,-1249.1893310546875,-374.7247009277344,-75.06299591064453,-500.0909729003906,-374.7577819824219,-380.4490051269531,-375.13201904296875
1.7758758502980605e+18,-375.21917724609375,-1250.5228271484375,-374.90936279296875,-74.98302459716797,-500.5421142578125,-374.9423828125,-370.568115234375,-375.50103759765625
1.7758758502990605e+18,-374.78839111328125,-1248.5738525390625,-375.15557861328125,-75.03839111328125,-499.9269104003906,-374.69622802734375,-383.2501220703125,-375.13201904296875
1.7758758503000604e+18,-375.21917724609375,-1249.1893310546875,-374.66314697265625,-75.04454040527344,-500.2960205078125,-374.8193054199219,-362.3802185058594,-375.3472900390625
1.7758758503010604e+18,-375.0960998535156,-1250.83056640625,-374.69390869140625,-74.95841979980469,-500.0089416503906,-375.3424072265625,-383.52716064453125,-375.13201904296875
1.7758758503020603e+18,-374.6960754394531,-1249.086669921875,-375.12481689453125,-75.03839111328125,-500.3780517578125,-375.2808532714844,-383.52716064453125,-375.16278076171875
1.7758758503030602e+18,-375.31146240234375,-1248.984130859375,-374.9709167480469,-75.04454040527344,-499.9269104003906,-374.91162109375,-383.52716064453125,-374.947509765625
1.7758758503040602e+18,-374.9729919433594,-1249.8046875,-375.37103271484375,-74.98302459716797,-500.0089416503906,-375.55780029296875,-380.9414978027344,-374.76300048828125
1.77587585030506e+18,-374.81915283203125,-1248.984130859375,-375.40179443359375,-75.00763702392578,-499.80389404296875,-375.3424072265625,-383.52716064453125,-374.82452392578125
1.77587585030606e+18,-375.28070068359375,-1249.9073486328125,-374.7247009277344,-74.9399642944336,-499.72186279296875,-374.880859375,-362.257080078125,-374.978271484375
1.77587585030706e+18,-374.78839111328125,-1249.4969482421875,-374.7554626464844,-74.97687530517578,-500.0909729003906,-374.69622802734375,-367.9824523925781,-374.947509765625
1.77587585030806e+18,-375.28070068359375,-1251.2408447265625,-375.2171325683594,-75.09375,-500.5421142578125,-375.2808532714844,-383.52716064453125,-375.3780212402344
1.7758758503090598e+18,-375.3422546386719,-1250.7279052734375,-375.4325866699219,-75.08760070800781,-500.2550354003906,-375.58856201171875,-383.52716064453125,-375.0705261230469
1.7758758503100598e+18,-375.21917724609375,-1250.317626953125,-375.12481689453125,-75.04454040527344,-500.1319885253906,-375.2500915527344,-383.52716064453125,-374.978271484375
1.77587585031106e+18,-375.31146240234375,-1250.420166015625,-375.37103271484375,-75.03839111328125,-499.9679260253906,-374.5423889160156,-363.5498962402344,-374.76300048828125
1.77587585031206e+18,-374.81915283203125,-1251.3433837890625,-374.9401550292969,-74.99533081054688,-500.5010986328125,-375.2808532714844,-367.3976135253906,-375.13201904296875
1.7758758503130598e+18,-374.9729919433594,-1250.93310546875,-375.1863708496094,-74.98302459716797,-499.76287841796875,-374.63470458984375,-368.1055908203125,-374.9167785644531
1.7758758503140598e+18,-374.7268371582031,-1249.1893310546875,-374.8478088378906,-74.92766571044922,-499.8448791503906,-374.8500671386719,-361.0566101074219,-374.79376220703125
1.7758758503150597e+18,-375.0653076171875,-1250.317626953125,-375.2171325683594,-75.05684661865234,-500.4190673828125,-375.2500915527344,-382.7268371582031,-375.4087829589844
1.7758758503160596e+18,-375.1576232910156,-1251.1383056640625,-375.12481689453125,-75.06299591064453,-500.1319885253906,-375.15777587890625,-361.7030029296875,-374.7322692871094
1.7758758503170596e+18,-375.24993896484375,-1250.420166015625,-375.4325866699219,-75.04454040527344,-500.1730041503906,-374.5116271972656,-367.3976135253906,-374.6092529296875
1.7758758503180595e+18,-374.7268371582031,-1248.984130859375,-374.8170166015625,-74.9399642944336,-499.9679260253906,-375.3116149902344,-375.6163024902344,-375.4087829589844
1.7758758503190595e+18,-374.8807067871094,-1249.1893310546875,-375.37103271484375,-74.99533081054688,-500.0499572753906,-375.61932373046875,-368.8751220703125,-374.8860168457031
1.7758758503200594e+18,-375.1268615722656,-1249.1893310546875,-375.0632629394531,-75.08760070800781,-499.8858947753906,-374.63470458984375,-375.1853332519531,-375.4395446777344
1.7758758503210593e+18,-375.0037841796875,-1250.317626953125,-375.37103271484375,-75.01378631591797,-499.72186279296875,-374.7885437011719,-370.4142150878906,-375.50103759765625
1.7758758503220593e+18,-374.9114685058594,-1249.599609375,-374.7554626464844,-74.9645767211914,-499.43475341796875,-374.66546630859375,-368.2594909667969,-374.7322692871094
1.7758758503230595e+18,-375.1576232910156,-1251.03564453125,-375.2171325683594,-75.02608489990234,-499.9269104003906,-374.69622802734375,-367.3360290527344,-374.6092529296875
1.7758758503240594e+18,-375.24993896484375,-1249.599609375,-374.8478088378906,-74.98302459716797,-499.59881591796875,-374.7577819824219,-379.55633544921875,-375.3780212402344
1.7758758503250593e+18,-375.1268615722656,-1251.4459228515625,-375.2786865234375,-75.03839111328125,-500.0909729003906,-375.09625244140625,-376.72442626953125,-374.8860168457031
1.7758758503260593e+18,-375.24993896484375,-1249.2918701171875,-375.0632629394531,-75.08760070800781,-499.8448791503906,-374.69622802734375,-376.17034912109375,-375.2550354003906
1.7758758503270592e+18,-375.24993896484375,-1249.2918701171875,-375.032470703125,-75.08145141601562,-499.9679260253906,-374.72698974609375,-375.4316101074219,-375.3165283203125
1.7758758503280594e+18,-374.81915283203125,-1249.4969482421875,-375.15557861328125,-74.97687530517578,-499.51678466796875,-375.09625244140625,-380.9107360839844,-374.82452392578125
1.7758758503290593e+18,-375.0960998535156,-1250.7279052734375,-374.8478088378906,-74.95841979980469,-500.5010986328125,-375.0346984863281,-368.7212219238281,-375.2550354003906
1.7758758503300593e+18,-374.81915283203125,-1249.2918701171875,-374.8170166015625,-75.00763702392578,-500.2140197753906,-375.58856201171875,-383.52716064453125,-375.2550354003906
1.7758758503310592e+18,-375.3422546386719,-1251.2408447265625,-375.15557861328125,-75.00148010253906,-499.9269104003906,-374.69622802734375,-367.7669677734375,-374.7015075683594
1.7758758503320591e+18,-374.9422302246094,-1248.984130859375,-375.001708984375,-75.04454040527344,-500.5831298828125,-375.0654602050781,-369.2445068359375,-374.79376220703125
1.775875850333059e+18,-375.31146240234375,-1249.8046875,-374.7862548828125,-75.01378631591797,-500.1730041503906,-374.4808349609375,-369.3060607910156,-375.2550354003906
1.7758758503340593e+18,-375.0960998535156,-1251.3433837890625,-375.3094787597656,-74.98918151855469,-499.80389404296875,-375.15777587890625,-383.52716064453125,-375.1012878417969
1.7758758503350592e+18,-374.9422302246094,-1249.8046875,-375.4325866699219,-75.05068969726562,-499.72186279296875,-375.09625244140625,-383.52716064453125,-374.82452392578125
1.7758758503360591e+18,-374.84991455078125,-1250.420166015625,-374.7554626464844,-74.92766571044922,-500.4190673828125,-375.18853759765625,-369.2137145996094,-374.947509765625
1.775875850337059e+18,-375.0037841796875,-1249.4969482421875,-375.2786865234375,-75.06914520263672,-499.80389404296875,-375.09625244140625,-383.52716064453125,-374.7322692871094
1.775875850338059e+18,-375.0037841796875,-1249.7021484375,-374.8785705566406,-74.98302459716797,-499.63983154296875,-374.4500732421875,-366.1663513183594,-375.0705261230469
1.775875850339059e+18,-374.7268371582031,-1249.3944091796875,-375.12481689453125,-75.07530212402344,-500.4600830078125,-374.8193054199219,-367.7977600097656,-375.1012878417969
1.7758758503400591e+18,-375.3422546386719,-1250.6253662109375,-374.7554626464844,-75.01993560791016,-500.2960205078125,-374.5116271972656,-371.70703125,-375.19354248046875
1.775875850341059e+18,-374.6960754394531,-1250.317626953125,-375.1863708496094,-74.97687530517578,-499.63983154296875,-375.3731689453125,-380.32586669921875,-374.8860168457031
1.775875850342059e+18,-375.31146240234375,-1249.599609375,-374.7554626464844,-75.01378631591797,-500.6651611328125,-375.12701416015625,-366.87432861328125,-375.0705261230469
1.775875850343059e+18,-375.0345458984375,-1251.4459228515625,-375.2171325683594,-74.9707260131836,-499.9679260253906,-375.4654846191406,-383.52716064453125,-374.82452392578125
1.775875850344059e+18,-374.84991455078125,-1250.215087890625,-375.3094787597656,-74.9399642944336,-499.9269104003906,-375.3116149902344,-369.6446533203125,-374.7015075683594
1.775875850345059e+18,-375.1576232910156,-1251.2408447265625,-375.2171325683594,-75.07530212402344,-500.3780517578125,-375.0654602050781,-375.2776794433594,-374.82452392578125
1.775875850346059e+18,-374.8807067871094,-1249.1893310546875,-375.2479248046875,-75.04454040527344,-499.68084716796875,-374.4193115234375,-371.337646484375,-375.19354248046875
1.775875850347059e+18,-374.7268371582031,-1250.83056640625,-375.0940246582031,-74.98302459716797,-499.9269104003906,-375.55780029296875,-374.1387634277344,-374.947509765625
1.775875850348059e+18,-374.6960754394531,-1249.599609375,-375.12481689453125,-74.99533081054688,-499.51678466796875,-374.97314453125,-380.048828125,-374.82452392578125
1.7758758503490588e+18,-374.9114685058594,-1250.83056640625,-375.3094787597656,-74.97687530517578,-499.8448791503906,-375.3731689453125,-383.52716064453125,-374.79376220703125
1.7758758503500588e+18,-375.0653076171875,-1251.4459228515625,-374.9401550292969,-74.9645767211914,-500.0909729003906,-375.55780029296875,-383.52716064453125,-374.82452392578125
1.775875850351059e+18,-375.1883850097656,-1249.086669921875,-374.66314697265625,-75.01378631591797,-500.2140197753906,-374.69622802734375,-360.9642639160156,-375.19354248046875
1.775875850352059e+18,-375.1883850097656,-1250.6253662109375,-374.90936279296875,-74.9645767211914,-499.80389404296875,-374.5116271972656,-371.42999267578125,-375.19354248046875
1.7758758503530588e+18,-375.0037841796875,-1249.3944091796875,-375.0632629394531,-75.07530212402344,-500.1319885253906,-374.8193054199219,-361.0873718261719,-375.2550354003906
1.7758758503540588e+18,-375.1883850097656,-1249.3944091796875,-374.66314697265625,-75.04454040527344,-500.2140197753906,-374.880859375,-364.2886657714844,-375.4395446777344
1.7758758503550587e+18,-374.9729919433594,-1251.3433837890625,-375.001708984375,-74.97687530517578,-500.2140197753906,-374.8500671386719,-361.1797180175781,-375.2857971191406
1.7758758503560586e+18,-375.3422546386719,-1250.7279052734375,-374.8170166015625,-74.97687530517578,-500.0499572753906,-375.5270080566406,-381.1261901855469,-374.79376220703125
1.7758758503570588e+18,-375.0345458984375,-1251.548583984375,-375.032470703125,-74.9707260131836,-500.1319885253906,-375.65008544921875,-380.5413513183594,-374.76300048828125
1.7758758503580588e+18,-374.84991455078125,-1250.215087890625,-375.3094787597656,-74.9645767211914,-499.80389404296875,-375.12701416015625,-383.52716064453125,-374.6092529296875
1.7758758503590587e+18,-375.0653076171875,-1249.3944091796875,-374.9709167480469,-75.03224182128906,-500.0089416503906,-375.12701416015625,-378.2019348144531,-375.2550354003906
1.7758758503600586e+18,-374.6960754394531,-1249.3944091796875,-375.0632629394531,-75.08145141601562,-499.9269104003906,-374.66546630859375,-373.70782470703125,-375.53179931640625
1.7758758503610586e+18,-374.7575988769531,-1249.7021484375,-375.2479248046875,-74.9645767211914,-499.55780029296875,-375.3424072265625,-379.1253967285156,-374.8552551269531
1.7758758503620588e+18,-374.8807067871094,-1249.3944091796875,-375.0632629394531,-75.01378631591797,-499.51678466796875,-374.91162109375,-379.648681640625,-374.79376220703125
1.7758758503630587e+18,-375.31146240234375,-1250.1124267578125,-374.8785705566406,-75.06299591064453,-500.3370361328125,-374.66546630859375,-374.0464172363281,-375.50103759765625
1.7758758503640586e+18,-374.8807067871094,-1250.5228271484375,-375.37103271484375,-74.98918151855469,-499.9679260253906,-375.4654846191406,-383.52716064453125,-374.79376220703125
1.7758758503650586e+18,-375.1268615722656,-1249.7021484375,-374.8785705566406,-74.9338150024414,-499.9269104003906,-375.15777587890625,-383.52716064453125,-375.4395446777344
1.7758758503660585e+18,-375.24993896484375,-1250.6253662109375,-375.3402404785156,-75.01993560791016,-500.0499572753906,-374.5423889160156,-366.53570556640625,-374.6400146484375
1.7758758503670584e+18,-375.0653076171875,-1251.651123046875,-374.9709167480469,-74.95841979980469,-500.0089416503906,-375.4654846191406,-383.52716064453125,-374.947509765625
1.7758758503680586e+18,-375.24993896484375,-1251.1383056640625,-374.8170166015625,-75.00148010253906,-500.5010986328125,-375.3731689453125,-370.598876953125,-374.947509765625
1.7758758503690586e+18,-375.24993896484375,-1250.83056640625,-374.7862548828125,-75.01378631591797,-500.3370361328125,-374.4808349609375,-374.1387634277344,-375.2242736816406
1.7758758503700585e+18,-375.3730163574219,-1249.4969482421875,-374.7862548828125,-75.01378631591797,-500.3780517578125,-374.5116271972656,-371.06060791015625,-375.3165283203125
1.7758758503710584e+18,-375.0653076171875,-1251.2408447265625,-374.8170166015625,-74.99533081054688,-500.5010986328125,-375.0654602050781,-367.2436828613281,-375.0705261230469
1.7758758503720584e+18,-374.8807067871094,-1250.1124267578125,-375.12481689453125,-74.94612121582031,-499.9269104003906,-375.2500915527344,-375.21612548828125,-374.5784912109375
1.7758758503730583e+18,-374.8807067871094,-1249.1893310546875,-374.6015930175781,-74.9645767211914,-500.0499572753906,-375.0654602050781,-375.00067138671875,-375.19354248046875
1.7758758503740585e+18,-375.3730163574219,-1250.420166015625,-374.7554626464844,-75.00763702392578,-500.4190673828125,-375.4962463378906,-375.4623718261719,-374.8860168457031
1.7758758503750584e+18,-375.3730163574219,-1251.4459228515625,-374.9401550292969,-74.97687530517578,-499.51678466796875,-375.09625244140625,-379.4024353027344,-375.5625305175781
1.7758758503760584e+18,-374.84991455078125,-1249.2918701171875,-375.0940246582031,-75.08145141601562,-499.8448791503906,-374.7577819824219,-374.9390869140625,-375.4087829589844
1.7758758503770583e+18,-375.1576232910156,-1249.4969482421875,-374.7862548828125,-75.06299591064453,-500.1319885253906,-374.8500671386719,-366.5664978027344,-375.47027587890625
1.7758758503780582e+18,-375.0653076171875,-1249.599609375,-375.001708984375,-75.07530212402344,-500.0089416503906,-374.8193054199219,-379.92572021484375,-375.2550354003906
1.7758758503790584e+18,-375.1268615722656,-1249.3944091796875,-374.66314697265625,-75.03224182128906,-500.2960205078125,-374.8193054199219,-363.1805114746094,-375.4395446777344
1.7758758503800584e+18,-375.0037841796875,-1250.420166015625,-375.4325866699219,-75.08145141601562,-500.3370361328125,-375.3731689453125,-382.94232177734375,-374.9167785644531
1.7758758503810583e+18,-374.9114685058594,-1249.8046875,-374.8170166015625,-74.98302459716797,-500.1730041503906,-374.91162109375,-371.1221618652344,-375.13201904296875
1.7758758503820582e+18,-374.81915283203125,-1249.1893310546875,-374.57080078125,-74.95841979980469,-499.8858947753906,-374.7577819824219,-371.0914001464844,-375.19354248046875
1.7758758503830582e+18,-374.6960754394531,-1249.599609375,-375.15557861328125,-75.05684661865234,-500.4600830078125,-375.2500915527344,-383.52716064453125,-375.16278076171875
1.775875850384058e+18,-375.28070068359375,-1250.215087890625,-374.90936279296875,-75.00148010253906,-500.6241455078125,-375.0346984863281,-368.78277587890625,-375.1012878417969
1.7758758503850583e+18,-375.1268615722656,-1249.3944091796875,-374.6323547363281,-75.01993560791016,-500.2140197753906,-375.3731689453125,-374.5697021484375,-374.7015075683594
1.7758758503860582e+18,-375.24993896484375,-1250.0098876953125,-374.69390869140625,-74.9338150024414,-499.76287841796875,-375.2193298339844,-375.21612548828125,-375.3780212402344
1.7758758503870582e+18,-374.7575988769531,-1249.086669921875,-374.8478088378906,-74.95841979980469,-499.9269104003906,-375.2500915527344,-375.58551025390625,-375.3780212402344
1.775875850388058e+18,-374.8807067871094,-1248.7789306640625,-375.0632629394531,-75.03224182128906,-500.3780517578125,-374.7577819824219,-366.6280517578125,-375.13201904296875
1.775875850389058e+18,-374.9114685058594,-1250.6253662109375,-374.7554626464844,-74.9399642944336,-500.4190673828125,-375.15777587890625,-369.5830993652344,-375.3472900390625
1.775875850390058e+18,-374.9422302246094,-1249.2918701171875,-375.4325866699219,-75.01993560791016,-499.8448791503906,-375.18853759765625,-383.52716064453125,-374.8552551269531
1.7758758503910582e+18,-375.1268615722656,-1250.83056640625,-374.7247009277344,-74.9399642944336,-500.2140197753906,-375.2500915527344,-371.42999267578125,-374.5784912109375
1.775875850392058e+18,-375.1576232910156,-1250.83056640625,-374.8785705566406,-74.94612121582031,-500.3370361328125,-375.15777587890625,-369.52154541015625,-374.978271484375
1.775875850393058e+18,-375.1883850097656,-1251.1383056640625,-374.8478088378906,-74.98302459716797,-500.4190673828125,-375.55780029296875,-371.79937744140625,-374.978271484375
1.775875850394058e+18,-374.81915283203125,-1249.3944091796875,-374.69390869140625,-75.00763702392578,-500.2550354003906,-375.5270080566406,-383.52716064453125,-375.2550354003906
1.775875850395058e+18,-375.3422546386719,-1251.2408447265625,-374.9401550292969,-74.95841979980469,-499.47576904296875,-374.9423828125,-377.370849609375,-375.50103759765625
1.7758758503960579e+18,-374.8807067871094,-1250.215087890625,-374.8478088378906,-74.92766571044922,-500.3780517578125,-375.15777587890625,-370.3834228515625,-375.13201904296875
1.775875850397058e+18,-375.3422546386719,-1250.420166015625,-374.8785705566406,-75.01378631591797,-500.5831298828125,-374.880859375,-368.41339111328125,-375.4395446777344
1.775875850398058e+18,-375.0653076171875,-1251.3433837890625,-374.7247009277344,-74.9707260131836,-500.1319885253906,-375.55780029296875,-374.0464172363281,-374.82452392578125
1.775875850399058e+18,-375.1576232910156,-1250.83056640625,-374.69390869140625,-74.92766571044922,-500.0089416503906,-375.3116149902344,-373.21533203125,-374.5784912109375
1.7758758504000579e+18,-374.6960754394531,-1250.317626953125,-375.2171325683594,-74.9645767211914,-499.51678466796875,-375.2500915527344,-381.156982421875,-374.7322692871094
1.7758758504010578e+18,-375.1576232910156,-1251.548583984375,-375.40179443359375,-75.03839111328125,-500.2960205078125,-375.18853759765625,-374.5389404296875,-374.6707458496094
1.775875850402058e+18,-374.84991455078125,-1250.6253662109375,-375.4325866699219,-75.03224182128906,-499.80389404296875,-374.8193054199219,-373.0921936035156,-375.47027587890625
1.775875850403058e+18,-375.0653076171875,-1249.4969482421875,-374.7247009277344,-75.06299591064453,-500.0909729003906,-374.8193054199219,-379.8025817871094,-375.2242736816406
1.7758758504040579e+18,-374.81915283203125,-1248.984130859375,-375.40179443359375,-75.01378631591797,-499.80389404296875,-375.3116149902344,-383.52716064453125,-374.79376220703125
1.7758758504050578e+18,-375.31146240234375,-1249.8046875,-374.8478088378906,-75.03224182128906,-500.0089416503906,-374.4193115234375,-370.69122314453125,-375.2550354003906
1.7758758504060577e+18,-375.31146240234375,-1250.93310546875,-375.001708984375,-74.98918151855469,-500.1730041503906,-374.9423828125,-371.9224853515625,-374.7322692871094
1.7758758504070577e+18,-374.9114685058594,-1251.4459228515625,-375.2479248046875,-75.03839111328125,-499.63983154296875,-374.7577819824219,-379.0638427734375,-375.3472900390625
1.7758758504080579e+18,-374.7575988769531,-1249.3944091796875,-374.57080078125,-74.9522705078125,-499.76287841796875,-374.4500732421875,-372.7843933105469,-374.8860168457031
1.7758758504090578e+18,-375.1576232910156,-1250.93310546875,-375.3094787597656,-75.04454040527344,-500.6651611328125,-375.55780029296875,-381.43402099609375,-375.2857971191406
1.7758758504100577e+18,-375.0960998535156,-1251.651123046875,-375.37103271484375,-75.03839111328125,-500.5831298828125,-375.2808532714844,-379.2485046386719,-374.8552551269531
1.7758758504110577e+18,-375.3422546386719,-1249.1893310546875,-374.8785705566406,-75.03839111328125,-499.72186279296875,-374.5116271972656,-379.8641357421875,-375.1012878417969
1.7758758504120576e+18,-375.0345458984375,-1249.7021484375,-375.37103271484375,-75.01378631591797,-499.76287841796875,-375.0654602050781,-380.01806640625,-374.5784912109375
1.7758758504130575e+18,-374.8807067871094,-1249.7021484375,-375.37103271484375,-75.06299591064453,-499.76287841796875,-375.0654602050781,-383.52716064453125,-374.76300048828125
1.7758758504140577e+18,-374.9114685058594,-1250.317626953125,-375.37103271484375,-74.98302459716797,-499.72186279296875,-375.0654602050781,-383.52716064453125,-375.3165283203125
1.7758758504150577e+18,-374.9729919433594,-1249.4969482421875,-374.69390869140625,-75.03839111328125,-500.2960205078125,-375.0346984863281,-366.6588439941406,-374.82452392578125
1.7758758504160576e+18,-374.9729919433594,-1249.8046875,-374.57080078125,-74.9522705078125,-499.63983154296875,-374.8193054199219,-360.5025329589844,-374.82452392578125
1.7758758504170575e+18,-374.7268371582031,-1248.881591796875,-374.8170166015625,-74.9399642944336,-499.59881591796875,-374.8193054199219,-370.84515380859375,-374.978271484375
1.7758758504180575e+18,-374.84991455078125,-1248.5738525390625,-374.9401550292969,-75.02608489990234,-500.2140197753906,-374.5116271972656,-367.45916748046875,-375.13201904296875
1.7758758504190577e+18,-375.1576232910156,-1248.6763916015625,-375.0632629394531,-75.03839111328125,-499.8448791503906,-375.15777587890625,-383.52716064453125,-374.8552551269531
1.7758758504200576e+18,-375.0037841796875,-1251.4459228515625,-374.66314697265625,-74.97687530517578,-500.1730041503906,-374.7885437011719,-361.6414489746094,-375.16278076171875
1.7758758504210575e+18,-375.3422546386719,-1250.1124267578125,-374.7247009277344,-74.98918151855469,-500.3780517578125,-375.5270080566406,-375.123779296875,-374.79376220703125
1.7758758504220575e+18,-375.0653076171875,-1250.420166015625,-374.90936279296875,-74.9522705078125,-499.68084716796875,-374.7577819824219,-364.7196044921875,-374.5784912109375
1.7758758504230574e+18,-375.0653076171875,-1249.599609375,-374.8785705566406,-75.07530212402344,-500.1730041503906,-374.7577819824219,-361.14892578125,-375.3165283203125
1.7758758504240573e+18,-374.7268371582031,-1249.1893310546875,-374.90936279296875,-74.94612121582031,-499.80389404296875,-374.91162109375,-361.76458740234375,-374.82452392578125
1.7758758504250573e+18,-374.81915283203125,-1250.215087890625,-375.494140625,-75.05068969726562,-499.80389404296875,-374.9423828125,-378.04803466796875,-375.47027587890625
1.7758758504260572e+18,-374.7268371582031,-1250.6253662109375,-375.0632629394531,-74.98302459716797,-499.8858947753906,-375.55780029296875,-376.6628723144531,-374.8860168457031
1.7758758504270572e+18,-374.84991455078125,-1250.0098876953125,-375.37103271484375,-75.07530212402344,-499.8858947753906,-374.7577819824219,-372.38421630859375,-375.50103759765625
1.775875850428057e+18,-374.9422302246094,-1249.9073486328125,-375.032470703125,-75.00148010253906,-499.8448791503906,-375.09625244140625,-374.5081481933594,-374.7015075683594
1.775875850429057e+18,-375.0037841796875,-1249.599609375,-374.6323547363281,-74.9338150024414,-499.63983154296875,-374.8193054199219,-360.28704833984375,-374.82452392578125
1.775875850430057e+18,-375.1883850097656,-1251.2408447265625,-375.2479248046875,-74.98918151855469,-499.63983154296875,-374.66546630859375,-369.52154541015625,-375.13201904296875
1.775875850431057e+18,-374.81915283203125,-1248.5738525390625,-374.7554626464844,-74.9707260131836,-499.47576904296875,-374.66546630859375,-364.904296875,-374.6092529296875
1.7758758504320568e+18,-374.8807067871094,-1248.984130859375,-375.1863708496094,-75.04454040527344,-499.9269104003906,-374.4500732421875,-368.8135681152344,-375.13201904296875
1.7758758504330568e+18,-374.6960754394531,-1249.599609375,-375.0632629394531,-75.05068969726562,-500.4190673828125,-375.2808532714844,-383.52716064453125,-375.3472900390625
1.7758758504340567e+18,-375.0345458984375,-1249.4969482421875,-374.8785705566406,-75.06299591064453,-500.1319885253906,-374.8193054199219,-367.7054138183594,-375.50103759765625
1.7758758504350566e+18,-375.1268615722656,-1251.1383056640625,-374.7862548828125,-75.01378631591797,-500.5831298828125,-374.9423828125,-367.3976135253906,-375.13201904296875
1.7758758504360566e+18,-374.8807067871094,-1251.2408447265625,-374.8478088378906,-75.00148010253906,-500.5831298828125,-374.9423828125,-366.6588439941406,-375.009033203125
1.7758758504370565e+18,-374.6960754394531,-1249.8046875,-375.2479248046875,-74.9645767211914,-499.51678466796875,-375.18853759765625,-380.7568054199219,-374.8552551269531
1.7758758504380564e+18,-374.6960754394531,-1249.3944091796875,-375.1863708496094,-75.05684661865234,-500.5010986328125,-375.2500915527344,-376.53973388671875,-374.6092529296875
1.7758758504390564e+18,-375.0345458984375,-1250.6253662109375,-375.4325866699219,-75.06914520263672,-500.0909729003906,-374.5116271972656,-365.2428894042969,-374.76300048828125
1.7758758504400563e+18,-374.8807067871094,-1250.83056640625,-375.2479248046875,-74.9645767211914,-500.0909729003906,-375.3116149902344,-363.67303466796875,-375.009033203125
1.7758758504410563e+18,-374.81915283203125,-1248.7789306640625,-375.12481689453125,-75.04454040527344,-499.8858947753906,-374.66546630859375,-382.9115295410156,-375.0397644042969
1.7758758504420564e+18,-375.0037841796875,-1251.1383056640625,-375.2479248046875,-74.9707260131836,-499.9679260253906,-375.4962463378906,-383.52716064453125,-374.76300048828125
1.7758758504430564e+18,-375.0345458984375,-1249.4969482421875,-375.1863708496094,-75.07530212402344,-500.0089416503906,-374.7885437011719,-374.7236328125,-375.47027587890625
1.7758758504440563e+18,-375.0960998535156,-1249.599609375,-375.032470703125,-75.08145141601562,-499.9269104003906,-374.7885437011719,-377.5863037109375,-375.4087829589844
1.7758758504450563e+18,-375.3422546386719,-1250.5228271484375,-374.8170166015625,-74.9707260131836,-499.72186279296875,-374.7885437011719,-361.8261413574219,-375.0705261230469
1.7758758504460562e+18,-374.9729919433594,-1250.317626953125,-375.494140625,-75.07530212402344,-500.0089416503906,-374.7577819824219,-360.5025329589844,-375.0705261230469
1.7758758504470561e+18,-374.9114685058594,-1249.4969482421875,-375.0940246582031,-75.01378631591797,-499.51678466796875,-374.97314453125,-379.92572021484375,-374.79376220703125
1.775875850448056e+18,-375.24993896484375,-1250.215087890625,-374.8478088378906,-75.00148010253906,-500.5831298828125,-375.0039367675781,-368.3518371582031,-375.3165283203125
1.775875850449056e+18,-374.84991455078125,-1248.7789306640625,-375.2786865234375,-75.02608489990234,-499.72186279296875,-374.5423889160156,-379.4639892578125,-375.19354248046875
1.775875850450056e+18,-375.1576232910156,-1250.420166015625,-374.7862548828125,-74.98302459716797,-499.55780029296875,-374.97314453125,-377.8325500488281,-375.5625305175781
1.7758758504510559e+18,-374.84991455078125,-1250.215087890625,-375.46337890625,-75.02608489990234,-499.68084716796875,-375.0654602050781,-383.52716064453125,-374.76300048828125
1.7758758504520558e+18,-375.0345458984375,-1250.420166015625,-375.4325866699219,-75.05684661865234,-499.9679260253906,-374.6039123535156,-362.5033264160156,-374.76300048828125
1.7758758504530557e+18,-375.0960998535156,-1248.984130859375,-374.57080078125,-74.97687530517578,-500.2140197753906,-375.4654846191406,-383.52716064453125,-375.13201904296875
1.7758758504540557e+18,-375.1576232910156,-1250.6253662109375,-374.90936279296875,-75.02608489990234,-500.5010986328125,-374.7577819824219,-374.26190185546875,-375.47027587890625
1.7758758504550556e+18,-375.28070068359375,-1249.3944091796875,-375.032470703125,-75.09990692138672,-499.80389404296875,-374.8193054199219,-375.2469177246094,-375.13201904296875
1.7758758504560556e+18,-375.1883850097656,-1249.7021484375,-374.57080078125,-74.9707260131836,-500.1730041503906,-375.3116149902344,-368.22869873046875,-374.8860168457031
1.7758758504570555e+18,-374.9729919433594,-1250.6253662109375,-374.7862548828125,-74.9399642944336,-500.3370361328125,-375.12701416015625,-369.6138916015625,-375.0705261230469
1.7758758504580554e+18,-374.9114685058594,-1249.2918701171875,-375.0632629394531,-75.08760070800781,-499.9679260253906,-374.69622802734375,-374.75439453125,-375.3165283203125
1.7758758504590554e+18,-375.3730163574219,-1251.2408447265625,-374.9401550292969,-74.9338150024414,-499.47576904296875,-374.69622802734375,-368.1363525390625,-374.7322692871094
1.7758758504600553e+18,-374.81915283203125,-1250.420166015625,-375.4325866699219,-75.06914520263672,-500.0089416503906,-374.7885437011719,-364.16552734375,-375.4395446777344
1.7758758504610552e+18,-374.9422302246094,-1251.1383056640625,-375.15557861328125,-74.9707260131836,-500.0499572753906,-375.58856201171875,-367.18212890625,-374.978271484375
1.7758758504620552e+18,-374.9422302246094,-1250.0098876953125,-375.40179443359375,-75.00148010253906,-499.80389404296875,-375.4039306640625,-383.52716064453125,-374.79376220703125
1.775875850463055e+18,-374.9114685058594,-1249.1893310546875,-375.0632629394531,-75.02608489990234,-499.59881591796875,-374.880859375,-378.81756591796875,-374.76300048828125
1.775875850464055e+18,-374.81915283203125,-1249.8046875,-375.3402404785156,-75.06914520263672,-500.0499572753906,-374.7577819824219,-372.107177734375,-375.50103759765625
1.775875850465055e+18,-375.21917724609375,-1251.03564453125,-374.9709167480469,-74.9645767211914,-499.68084716796875,-374.8193054199219,-369.3984069824219,-375.2550354003906
1.775875850466055e+18,-375.28070068359375,-1251.2408447265625,-375.1863708496094,-75.08145141601562,-500.5010986328125,-375.2500915527344,-383.52716064453125,-375.4395446777344
1.7758758504670548e+18,-374.9114685058594,-1248.47119140625,-374.8170166015625,-75.03224182128906,-500.2960205078125,-375.55780029296875,-381.9573059082031,-375.0397644042969
1.7758758504680548e+18,-374.84991455078125,-1248.7789306640625,-375.2786865234375,-75.03839111328125,-499.8448791503906,-375.18853759765625,-383.52716064453125,-374.8860168457031
1.7758758504690547e+18,-374.8807067871094,-1249.1893310546875,-375.37103271484375,-75.00148010253906,-499.8448791503906,-375.3116149902344,-383.52716064453125,-374.76300048828125
1.7758758504700547e+18,-374.84991455078125,-1248.5738525390625,-375.2479248046875,-75.03224182128906,-499.8448791503906,-374.9423828125,-383.52716064453125,-374.9167785644531
1.7758758504710546e+18,-374.6960754394531,-1250.0098876953125,-375.2479248046875,-74.9645767211914,-499.51678466796875,-375.0654602050781,-380.8491516113281,-374.8552551269531
1.7758758504720545e+18,-375.0960998535156,-1250.215087890625,-374.6015930175781,-74.99533081054688,-500.2960205078125,-374.7577819824219,-361.42596435546875,-375.3165283203125
1.7758758504730545e+18,-375.31146240234375,-1250.420166015625,-374.8170166015625,-74.98918151855469,-499.8448791503906,-374.63470458984375,-362.90350341796875,-374.76300048828125
1.7758758504740544e+18,-375.1883850097656,-1251.4459228515625,-375.2171325683594,-74.99533081054688,-499.68084716796875,-374.3885192871094,-366.6588439941406,-375.19354248046875
1.7758758504750543e+18,-374.7575988769531,-1249.599609375,-375.1863708496094,-74.97687530517578,-499.47576904296875,-375.12701416015625,-380.78759765625,-374.82452392578125
1.7758758504760543e+18,-375.0960998535156,-1250.215087890625,-374.57080078125,-75.00148010253906,-500.2550354003906,-374.7885437011719,-361.2720642089844,-375.16278076171875
1.7758758504770542e+18,-374.7575988769531,-1250.7279052734375,-375.12481689453125,-74.98302459716797,-499.72186279296875,-375.5270080566406,-377.1861572265625,-374.8860168457031
1.7758758504780541e+18,-375.24993896484375,-1249.3944091796875,-375.001708984375,-75.08145141601562,-500.1319885253906,-374.7577819824219,-375.893310546875,-375.2550354003906
1.775875850479054e+18,-375.1883850097656,-1249.3944091796875,-374.8170166015625,-75.06299591064453,-500.1730041503906,-374.8193054199219,-372.4457702636719,-375.4395446777344
1.775875850480054e+18,-374.7268371582031,-1248.7789306640625,-374.7554626464844,-74.98302459716797,-499.63983154296875,-374.91162109375,-377.0322570800781,-375.3165283203125
1.775875850481054e+18,-374.9422302246094,-1250.6253662109375,-375.3402404785156,-75.07530212402344,-500.2550354003906,-375.61932373046875,-383.52716064453125,-375.2242736816406
1.775875850482054e+18,-375.1576232910156,-1250.6253662109375,-375.12481689453125,-75.08145141601562,-500.5010986328125,-375.2500915527344,-383.52716064453125,-375.50103759765625
1.7758758504830538e+18,-374.9422302246094,-1248.5738525390625,-374.9401550292969,-75.01993560791016,-500.2550354003906,-374.5731506347656,-368.19793701171875,-375.19354248046875
1.775875850484054e+18,-374.9729919433594,-1251.4459228515625,-375.0632629394531,-74.98302459716797,-499.8448791503906,-375.4962463378906,-380.11041259765625,-374.8860168457031
1.775875850485054e+18,-374.8807067871094,-1249.086669921875,-374.9709167480469,-75.01993560791016,-500.5010986328125,-375.2500915527344,-379.0638427734375,-374.76300048828125
1.775875850486054e+18,-375.1576232910156,-1250.7279052734375,-375.4325866699219,-75.03839111328125,-499.9269104003906,-374.7577819824219,-360.10235595703125,-374.947509765625
1.7758758504870538e+18,-375.28070068359375,-1250.420166015625,-374.7862548828125,-74.98918151855469,-499.76287841796875,-374.72698974609375,-361.0873718261719,-374.82452392578125
1.7758758504880538e+18,-374.81915283203125,-1249.4969482421875,-375.15557861328125,-75.06914520263672,-500.2140197753906,-374.63470458984375,-361.2720642089844,-374.9167785644531
1.7758758504890537e+18,-375.31146240234375,-1249.599609375,-374.8785705566406,-75.06914520263672,-500.3370361328125,-374.7577819824219,-371.7685852050781,-375.50103759765625
1.7758758504900536e+18,-374.9114685058594,-1250.83056640625,-375.1863708496094,-74.97687530517578,-500.0089416503906,-375.4039306640625,-364.5041198730469,-375.009033203125
1.7758758504910536e+18,-374.84991455078125,-1250.83056640625,-375.1863708496094,-74.97687530517578,-499.55780029296875,-375.18853759765625,-381.156982421875,-374.76300048828125
1.7758758504920535e+18,-374.78839111328125,-1248.5738525390625,-375.0632629394531,-75.04454040527344,-499.76287841796875,-374.4500732421875,-374.2926940917969,-375.2550354003906
1.7758758504930534e+18,-375.1576232910156,-1249.4969482421875,-374.7862548828125,-75.06299591064453,-500.1319885253906,-374.8193054199219,-367.64385986328125,-375.4395446777344
1.7758758504940534e+18,-375.31146240234375,-1250.6253662109375,-375.1863708496094,-75.00763702392578,-499.8448791503906,-374.7577819824219,-360.4409484863281,-374.82452392578125
1.7758758504950533e+18,-375.0345458984375,-1250.93310546875,-375.4325866699219,-75.04454040527344,-499.9679260253906,-374.5731506347656,-366.5664978027344,-375.0705261230469
1.7758758504960532e+18,-375.0037841796875,-1249.8046875,-375.4325866699219,-75.01993560791016,-499.80389404296875,-375.0654602050781,-383.52716064453125,-374.6400146484375
1.7758758504970532e+18,-375.1268615722656,-1250.5228271484375,-374.9401550292969,-74.98918151855469,-500.5010986328125,-374.880859375,-369.4907531738281,-375.47027587890625
1.775875850498053e+18,-375.28070068359375,-1250.317626953125,-374.8785705566406,-75.02608489990234,-500.4600830078125,-374.7885437011719,-371.2145080566406,-375.50103759765625
1.775875850499053e+18,-374.8807067871094,-1248.881591796875,-375.3094787597656,-75.02608489990234,-499.8858947753906,-374.8500671386719,-383.52716064453125,-375.0705261230469
1.775875850500053e+18,-374.81915283203125,-1250.215087890625,-375.4325866699219,-75.00148010253906,-499.76287841796875,-375.09625244140625,-383.52716064453125,-374.76300048828125
1.775875850501053e+18,-374.78839111328125,-1248.5738525390625,-374.7554626464844,-74.99533081054688,-500.1730041503906,-375.3731689453125,-380.6029052734375,-375.53179931640625
1.7758758505020529e+18,-375.0345458984375,-1249.4969482421875,-374.7554626464844,-75.05684661865234,-500.2960205078125,-374.69622802734375,-363.39599609375,-374.8552551269531
1.7758758505030528e+18,-374.7268371582031,-1250.6253662109375,-375.12481689453125,-74.98302459716797,-500.2140197753906,-375.4962463378906,-374.9083251953125,-374.978271484375
1.7758758505040527e+18,-374.7575988769531,-1249.599609375,-375.15557861328125,-74.9707260131836,-499.51678466796875,-375.2193298339844,-380.9414978027344,-374.947509765625
1.7758758505050527e+18,-375.1576232910156,-1249.2918701171875,-374.90936279296875,-75.04454040527344,-500.5010986328125,-374.91162109375,-368.2594909667969,-374.947509765625
1.7758758505060526e+18,-374.9422302246094,-1248.881591796875,-374.57080078125,-74.9645767211914,-500.0089416503906,-374.880859375,-374.63128662109375,-375.19354248046875
1.7758758505070525e+18,-375.1576232910156,-1251.651123046875,-375.40179443359375,-75.03839111328125,-500.6241455078125,-375.55780029296875,-381.43402099609375,-375.4087829589844
1.7758758505080525e+18,-374.9114685058594,-1249.7021484375,-374.7862548828125,-75.00148010253906,-500.2550354003906,-375.09625244140625,-373.8001708984375,-375.2242736816406
1.7758758505090524e+18,-374.7268371582031,-1248.881591796875,-374.7247009277344,-74.9645767211914,-499.51678466796875,-374.63470458984375,-362.8419189453125,-374.5784912109375
1.7758758505100524e+18,-375.1268615722656,-1250.7279052734375,-375.37103271484375,-75.06299591064453,-500.2550354003906,-375.65008544921875,-383.52716064453125,-375.0397644042969
1.7758758505110523e+18,-374.84991455078125,-1250.215087890625,-374.8785705566406,-74.92766571044922,-500.0909729003906,-375.2500915527344,-370.8143615722656,-374.9167785644531
1.7758758505120522e+18,-374.84991455078125,-1249.2918701171875,-375.0940246582031,-75.06299591064453,-499.72186279296875,-374.69622802734375,-375.1853332519531,-375.50103759765625
1.7758758505130522e+18,-374.81915283203125,-1250.215087890625,-375.46337890625,-74.9707260131836,-499.80389404296875,-375.12701416015625,-383.52716064453125,-374.6707458496094
1.775875850514052e+18,-375.1576232910156,-1251.2408447265625,-374.9401550292969,-74.97687530517578,-500.1730041503906,-375.55780029296875,-376.632080078125,-374.82452392578125
1.775875850515052e+18,-374.9729919433594,-1250.6253662109375,-375.4325866699219,-75.07530212402344,-500.1730041503906,-374.8500671386719,-372.0456237792969,-374.7015075683594
1.775875850516052e+18,-375.0960998535156,-1251.03564453125,-375.3094787597656,-75.01993560791016,-500.5010986328125,-375.5270080566406,-381.5879211425781,-375.5625305175781
1.775875850517052e+18,-375.3422546386719,-1251.1383056640625,-375.0632629394531,-74.98302459716797,-499.72186279296875,-374.63470458984375,-368.290283203125,-375.13201904296875
1.7758758505180518e+18,-374.7575988769531,-1249.4969482421875,-375.2479248046875,-74.9707260131836,-499.55780029296875,-375.5270080566406,-376.5089416503906,-374.8552551269531
1.7758758505190518e+18,-374.81915283203125,-1249.3944091796875,-375.2479248046875,-74.9707260131836,-499.72186279296875,-375.58856201171875,-377.1861572265625,-374.8860168457031
1.7758758505200517e+18,-374.9729919433594,-1249.1893310546875,-375.0632629394531,-75.04454040527344,-499.59881591796875,-374.880859375,-378.3866271972656,-374.82452392578125
1.7758758505210516e+18,-374.9422302246094,-1250.420166015625,-375.46337890625,-75.04454040527344,-499.68084716796875,-374.8193054199219,-372.5381164550781,-375.53179931640625
1.7758758505220518e+18,-374.7575988769531,-1248.7789306640625,-374.69390869140625,-74.9707260131836,-499.51678466796875,-374.8500671386719,-376.2934875488281,-375.3780212402344
1.7758758505230518e+18,-375.1883850097656,-1251.1383056640625,-375.0632629394531,-74.98918151855469,-499.68084716796875,-374.4808349609375,-365.4891357421875,-374.978271484375
1.7758758505240517e+18,-374.7575988769531,-1249.9073486328125,-375.12481689453125,-75.08760070800781,-499.9269104003906,-374.63470458984375,-369.059814453125,-375.16278076171875
1.7758758505250516e+18,-375.1883850097656,-1251.1383056640625,-374.8785705566406,-74.98918151855469,-500.5421142578125,-375.3731689453125,-369.0906066894531,-375.1012878417969
1.7758758505260516e+18,-375.1268615722656,-1251.03564453125,-374.6015930175781,-74.98918151855469,-500.2140197753906,-375.2500915527344,-368.22869873046875,-374.82452392578125
1.7758758505270515e+18,-374.8807067871094,-1250.215087890625,-374.8785705566406,-74.92766571044922,-499.9269104003906,-375.2808532714844,-374.9390869140625,-374.5784912109375
1.7758758505280515e+18,-375.1268615722656,-1249.599609375,-374.8785705566406,-75.07530212402344,-500.0499572753906,-374.8193054199219,-380.87994384765625,-375.13201904296875
1.7758758505290514e+18,-374.9114685058594,-1248.881591796875,-375.3402404785156,-75.02608489990234,-499.8448791503906,-374.7885437011719,-383.52716064453125,-375.0705261230469
1.7758758505300516e+18,-375.1883850097656,-1249.9073486328125,-374.9401550292969,-75.03224182128906,-500.0089416503906,-374.880859375,-379.5871276855469,-374.947509765625
1.7758758505310515e+18,-375.28070068359375,-1250.93310546875,-375.1863708496094,-75.07530212402344,-500.4600830078125,-375.2193298339844,-383.0038757324219,-375.47027587890625
1.7758758505320515e+18,-375.0037841796875,-1249.4969482421875,-374.69390869140625,-75.00148010253906,-500.1730041503906,-375.4346923828125,-367.8901062011719,-374.82452392578125
1.7758758505330514e+18,-375.0960998535156,-1249.599609375,-375.032470703125,-75.08145141601562,-500.0089416503906,-374.7885437011719,-374.84674072265625,-375.4395446777344
1.7758758505340513e+18,-375.0653076171875,-1251.548583984375,-374.8478088378906,-74.9645767211914,-500.0499572753906,-375.65008544921875,-377.12457275390625,-374.76300048828125
1.7758758505350513e+18,-375.1268615722656,-1250.6253662109375,-374.90936279296875,-74.9645767211914,-500.4600830078125,-375.0654602050781,-369.33685302734375,-375.2857971191406
1.7758758505360512e+18,-374.9114685058594,-1250.420166015625,-375.2786865234375,-74.9522705078125,-499.80389404296875,-375.12701416015625,-383.52716064453125,-374.6707458496094
1.7758758505370514e+18,-375.0345458984375,-1248.881591796875,-374.57080078125,-74.95841979980469,-500.0499572753906,-375.0346984863281,-378.04803466796875,-375.2242736816406
1.7758758505380513e+18,-375.1576232910156,-1249.599609375,-374.7554626464844,-74.98918151855469,-500.0909729003906,-375.4039306640625,-381.3108825683594,-374.79376220703125
1.7758758505390513e+18,-375.1268615722656,-1250.215087890625,-374.6323547363281,-75.00763702392578,-500.2960205078125,-374.9423828125,-366.53570556640625,-375.50103759765625
1.7758758505400512e+18,-375.31146240234375,-1249.8046875,-374.8785705566406,-75.06299591064453,-500.4190673828125,-374.72698974609375,-373.15374755859375,-375.50103759765625
1.7758758505410511e+18,-374.78839111328125,-1249.7021484375,-375.0940246582031,-75.05068969726562,-500.2550354003906,-375.55780029296875,-383.52716064453125,-374.947509765625
1.775875850542051e+18,-374.9114685058594,-1248.7789306640625,-374.90936279296875,-75.00148010253906,-499.68084716796875,-374.880859375,-372.6304626464844,-374.79376220703125
1.775875850543051e+18,-374.9114685058594,-1248.6763916015625,-374.8170166015625,-74.97687530517578,-499.51678466796875,-374.72698974609375,-367.7669677734375,-374.6092529296875
1.775875850544051e+18,-374.84991455078125,-1248.5738525390625,-374.8170166015625,-74.98302459716797,-499.68084716796875,-374.880859375,-375.893310546875,-375.2857971191406
1.7758758505450511e+18,-374.8807067871094,-1250.420166015625,-375.40179443359375,-75.08145141601562,-500.0909729003906,-374.8500671386719,-361.1797180175781,-375.13201904296875
1.775875850546051e+18,-375.24993896484375,-1251.03564453125,-374.7554626464844,-75.01993560791016,-500.5831298828125,-374.8193054199219,-368.04400634765625,-375.19354248046875
1.775875850547051e+18,-375.31146240234375,-1250.215087890625,-374.8170166015625,-75.01993560791016,-500.5831298828125,-374.880859375,-368.5672912597656,-375.3780212402344
1.775875850548051e+18,-374.9729919433594,-1249.599609375,-375.37103271484375,-75.01378631591797,-499.8448791503906,-375.12701416015625,-383.52716064453125,-375.009033203125
1.775875850549051e+18,-375.0653076171875,-1251.4459228515625,-375.001708984375,-74.95841979980469,-500.1319885253906,-375.58856201171875,-377.9248962402344,-374.76300048828125
1.7758758505500508e+18,-375.0345458984375,-1251.4459228515625,-375.2171325683594,-74.9645767211914,-499.9269104003906,-375.3731689453125,-383.52716064453125,-374.978271484375
1.7758758505510508e+18,-374.9422302246094,-1248.6763916015625,-374.66314697265625,-74.95841979980469,-499.80389404296875,-374.4808349609375,-369.6138916015625,-375.19354248046875
1.7758758505520507e+18,-375.0653076171875,-1251.2408447265625,-375.4325866699219,-75.03224182128906,-499.72186279296875,-374.5423889160156,-366.2586975097656,-375.0705261230469
1.775875850553051e+18,-375.0037841796875,-1250.0098876953125,-374.57080078125,-75.03224182128906,-500.1730041503906,-374.8500671386719,-369.2752685546875,-375.47027587890625
