time_chanNI9203_2,PT_N2_12_2,PT_N2_08,PT_LO2_07,PT_N2_15,PT_N2_16,PT_N2_17,PT_FU_01_2,PT_GO2_05
1.7758758497099228e+18,-375.1253662109375,-1251.1202392578125,-375.3045959472656,-75.00577545166016,-74.9808349609375,-74.97998046875,-499.8271179199219,-374.59515380859375
1.775875849710923e+18,-375.06390380859375,-1250.7103271484375,-375.24310302734375,-75.01807403564453,-75.06078338623047,-75.05381774902344,-500.1142272949219,-375.4562683105469
1.7758758497119235e+18,-375.06390380859375,-1249.3780517578125,-374.9971008300781,-75.04267120361328,-74.9931411743164,-74.97382354736328,-500.3603210449219,-375.2409973144531
1.7758758497129236e+18,-374.7566223144531,-1250.095458984375,-375.3660888671875,-74.96888732910156,-74.95623779296875,-74.9984359741211,-500.1142272949219,-374.56439208984375
1.7758758497139238e+18,-374.9717102050781,-1250.6077880859375,-374.7511291503906,-74.94429016113281,-74.9992904663086,-75.0230484008789,-500.1552429199219,-374.56439208984375
1.7758758497149243e+18,-374.9102783203125,-1249.3780517578125,-374.6281433105469,-75.01192474365234,-75.01773834228516,-75.03535461425781,-499.7861022949219,-374.7181701660156
1.7758758497159245e+18,-374.572265625,-1249.173095703125,-374.8126220703125,-74.93814086914062,-74.95008850097656,-74.96151733398438,-499.4580078125,-374.6874084472656
1.7758758497169247e+18,-375.4326171875,-1250.1978759765625,-374.68963623046875,-74.99347686767578,-75.06693267822266,-75.01689910888672,-499.6630554199219,-374.9949645996094
1.775875849717925e+18,-375.1253662109375,-1249.992919921875,-374.8741149902344,-74.97503662109375,-74.95623779296875,-74.93075561523438,-499.8681335449219,-375.05645751953125
1.7758758497189253e+18,-375.15606689453125,-1250.50537109375,-374.8126220703125,-74.96888732910156,-74.9808349609375,-75.0230484008789,-500.44232177734375,-374.9949645996094
1.7758758497199258e+18,-374.9102783203125,-1249.3780517578125,-375.0278625488281,-74.97503662109375,-74.931640625,-75.0107421875,-500.1552429199219,-374.8104248046875
1.775875849720926e+18,-374.6951904296875,-1250.095458984375,-375.3353271484375,-75.04267120361328,-75.01158905029297,-74.96151733398438,-499.4169921875,-374.8104248046875
1.7758758497219261e+18,-374.5415344238281,-1249.0706787109375,-374.93560791015625,-74.97503662109375,-74.9931411743164,-75.0107421875,-500.3603210449219,-375.333251953125
1.7758758497229266e+18,-375.1867980957031,-1249.4805908203125,-374.597412109375,-74.97503662109375,-75.00543975830078,-75.05381774902344,-499.9091491699219,-374.6566467285156
1.7758758497239268e+18,-374.94097900390625,-1250.1978759765625,-374.7818908691406,-74.950439453125,-74.9992904663086,-75.0230484008789,-499.8271179199219,-374.7796936035156
1.775875849724927e+18,-374.6029968261719,-1249.275634765625,-374.8433837890625,-74.950439453125,-74.97468566894531,-75.0107421875,-500.0732116699219,-375.2717590332031
1.7758758497259274e+18,-374.8180847167969,-1249.275634765625,-374.6281433105469,-74.96273803710938,-74.97468566894531,-74.9676742553711,-499.9911804199219,-375.11798095703125
1.7758758497269276e+18,-375.217529296875,-1249.3780517578125,-374.9971008300781,-75.04882049560547,-74.97468566894531,-74.9676742553711,-499.9911804199219,-375.2102355957031
1.7758758497279278e+18,-375.3097229003906,-1249.5830078125,-374.8741149902344,-75.04267120361328,-75.01773834228516,-74.94921112060547,-499.9911804199219,-375.425537109375
1.7758758497289283e+18,-374.9717102050781,-1251.017822265625,-374.8126220703125,-74.97503662109375,-74.9992904663086,-75.0230484008789,-499.4580078125,-374.9027099609375
1.7758758497299284e+18,-375.2482604980469,-1251.017822265625,-375.08935546875,-74.96273803710938,-74.94393920898438,-74.95536804199219,-499.7450866699219,-374.7796936035156
1.775875849730929e+18,-374.787353515625,-1248.5582275390625,-374.7818908691406,-74.99962615966797,-75.02388763427734,-75.04766082763672,-500.1962585449219,-375.11798095703125
1.775875849731929e+18,-375.4633483886719,-1250.812744140625,-375.0278625488281,-74.96273803710938,-74.95008850097656,-74.96151733398438,-499.7861022949219,-374.6874084472656
1.7758758497329293e+18,-374.9102783203125,-1249.275634765625,-374.93560791015625,-75.00577545166016,-75.00543975830078,-75.0107421875,-500.1962585449219,-375.2717590332031
1.7758758497339297e+18,-375.0946350097656,-1251.017822265625,-374.8433837890625,-74.96273803710938,-75.01158905029297,-75.06611633300781,-499.9911804199219,-374.6566467285156
1.77587584973493e+18,-375.1867980957031,-1249.3780517578125,-374.6281433105469,-75.01807403564453,-75.02388763427734,-74.9676742553711,-499.5810546875,-375.364013671875
1.77587584973593e+18,-375.00244140625,-1251.1202392578125,-374.8741149902344,-74.97503662109375,-75.01158905029297,-75.00459289550781,-499.5400390625,-374.8104248046875
1.7758758497369306e+18,-375.00244140625,-1251.017822265625,-374.9048767089844,-74.9873275756836,-75.0484848022461,-75.03535461425781,-499.6220397949219,-374.9949645996094
1.7758758497379308e+18,-374.8180847167969,-1250.1978759765625,-374.8433837890625,-74.950439453125,-75.00543975830078,-75.01689910888672,-499.6630554199219,-374.53363037109375
1.775875849738931e+18,-375.15606689453125,-1249.992919921875,-375.3353271484375,-75.04267120361328,-75.03618621826172,-74.97998046875,-499.8271179199219,-374.8411865234375
1.7758758497399314e+18,-374.9102783203125,-1248.9681396484375,-374.8433837890625,-74.9873275756836,-74.931640625,-74.96151733398438,-499.7450866699219,-374.53363037109375
1.7758758497409316e+18,-374.7259216308594,-1248.76318359375,-374.8741149902344,-74.99962615966797,-75.0423355102539,-75.04766082763672,-500.2372741699219,-375.3025207519531
1.775875849741932e+18,-375.1867980957031,-1249.0706787109375,-374.8126220703125,-74.99962615966797,-75.06078338623047,-74.9676742553711,-499.7040710449219,-375.05645751953125
1.7758758497429322e+18,-375.3404541015625,-1249.8905029296875,-374.7818908691406,-75.02422332763672,-75.03618621826172,-74.96151733398438,-499.9911804199219,-375.4562683105469
1.7758758497439324e+18,-375.00244140625,-1250.915283203125,-374.96636962890625,-74.97503662109375,-75.0484848022461,-75.04151153564453,-499.7450866699219,-374.9642028808594
1.7758758497449329e+18,-375.37115478515625,-1250.1978759765625,-374.8126220703125,-75.01192474365234,-75.06078338623047,-74.98612976074219,-499.7450866699219,-375.2409973144531
1.775875849745933e+18,-374.6029968261719,-1249.685546875,-374.9048767089844,-74.96273803710938,-74.97468566894531,-74.9922866821289,-499.6220397949219,-374.7489318847656
1.7758758497469332e+18,-375.0946350097656,-1250.40283203125,-374.8126220703125,-74.95658874511719,-75.0423355102539,-75.0107421875,-499.7861022949219,-375.05645751953125
1.7758758497479337e+18,-374.6644592285156,-1249.7879638671875,-375.1200866699219,-75.04267120361328,-75.06078338623047,-75.0107421875,-499.8681335449219,-374.9027099609375
1.775875849748934e+18,-374.84881591796875,-1249.0706787109375,-374.9048767089844,-75.01192474365234,-75.00543975830078,-74.93690490722656,-499.8271179199219,-375.05645751953125
1.775875849749934e+18,-374.84881591796875,-1250.095458984375,-375.3353271484375,-74.99962615966797,-74.96853637695312,-74.96151733398438,-500.3193054199219,-375.11798095703125
1.7758758497509345e+18,-374.572265625,-1249.3780517578125,-375.05859375,-74.99347686767578,-74.92549133300781,-74.9984359741211,-500.2372741699219,-374.7489318847656
1.7758758497519347e+18,-375.1867980957031,-1249.0706787109375,-374.8741149902344,-75.00577545166016,-74.96238708496094,-74.93690490722656,-500.1552429199219,-375.17950439453125
1.7758758497529352e+18,-375.4326171875,-1250.812744140625,-374.9971008300781,-74.96273803710938,-74.95623779296875,-74.95536804199219,-499.7450866699219,-374.53363037109375
1.7758758497539354e+18,-374.787353515625,-1248.86572265625,-375.0278625488281,-75.01807403564453,-74.96238708496094,-74.93075561523438,-500.1142272949219,-375.17950439453125
1.7758758497549356e+18,-374.63372802734375,-1248.86572265625,-374.7818908691406,-74.9873275756836,-74.96853637695312,-75.0107421875,-500.1142272949219,-375.425537109375
1.775875849755936e+18,-374.787353515625,-1248.76318359375,-375.05859375,-75.01807403564453,-74.96238708496094,-74.93690490722656,-500.0321960449219,-375.17950439453125
1.7758758497569362e+18,-375.06390380859375,-1249.685546875,-374.68963623046875,-74.96888732910156,-74.95623779296875,-74.96151733398438,-499.4169921875,-374.6566467285156
1.7758758497579364e+18,-375.4018859863281,-1250.812744140625,-374.9971008300781,-74.96273803710938,-74.931640625,-74.94921112060547,-499.8271179199219,-374.9334411621094
1.7758758497589368e+18,-374.7259216308594,-1249.4805908203125,-374.6281433105469,-74.98118591308594,-75.02388763427734,-75.0230484008789,-500.3193054199219,-375.2409973144531
1.775875849759937e+18,-375.217529296875,-1250.915283203125,-375.24310302734375,-75.00577545166016,-74.96853637695312,-74.9676742553711,-499.7861022949219,-374.59515380859375
1.7758758497609372e+18,-374.572265625,-1249.173095703125,-374.8433837890625,-74.95658874511719,-74.97468566894531,-75.0107421875,-500.1962585449219,-375.2102355957031
1.7758758497619377e+18,-375.1867980957031,-1250.50537109375,-375.1200866699219,-75.04882049560547,-75.05463409423828,-75.00459289550781,-500.3193054199219,-375.17950439453125
1.7758758497629379e+18,-374.5415344238281,-1249.275634765625,-374.8741149902344,-74.96273803710938,-74.97468566894531,-75.00459289550781,-499.9911804199219,-375.08721923828125
1.7758758497639383e+18,-375.3404541015625,-1250.3004150390625,-374.8126220703125,-74.96273803710938,-74.94393920898438,-74.97382354736328,-499.9091491699219,-375.17950439453125
1.7758758497649385e+18,-374.5415344238281,-1249.3780517578125,-374.7818908691406,-74.950439453125,-74.96853637695312,-74.9922866821289,-499.6220397949219,-374.8719482421875
1.7758758497659387e+18,-375.1253662109375,-1251.1202392578125,-375.3045959472656,-75.01192474365234,-75.02388763427734,-74.9984359741211,-499.7450866699219,-374.6566467285156
1.7758758497669391e+18,-375.0331726074219,-1249.4805908203125,-374.7511291503906,-74.94429016113281,-74.96238708496094,-74.98612976074219,-500.0732116699219,-375.17950439453125
1.7758758497679393e+18,-374.94097900390625,-1248.86572265625,-374.72039794921875,-74.93814086914062,-74.97468566894531,-74.9984359741211,-500.2782897949219,-375.333251953125
1.7758758497689395e+18,-374.8180847167969,-1249.992919921875,-375.3353271484375,-75.04267120361328,-74.9992904663086,-74.9676742553711,-499.5400390625,-375.0257263183594
1.77587584976994e+18,-374.84881591796875,-1250.1978759765625,-375.1200866699219,-75.0303726196289,-75.02388763427734,-75.05381774902344,-500.2782897949219,-375.0257263183594
1.7758758497709402e+18,-374.8795471191406,-1249.275634765625,-374.566650390625,-74.96888732910156,-75.01158905029297,-75.01689910888672,-500.2782897949219,-375.17950439453125
1.7758758497719404e+18,-374.9102783203125,-1249.3780517578125,-374.8126220703125,-74.96273803710938,-74.9931411743164,-75.01689910888672,-500.44232177734375,-375.2717590332031
1.7758758497729408e+18,-374.572265625,-1249.685546875,-375.1200866699219,-75.0365219116211,-75.06078338623047,-75.01689910888672,-499.9501647949219,-374.9334411621094
1.775875849773941e+18,-375.4633483886719,-1250.812744140625,-374.93560791015625,-74.950439453125,-74.94393920898438,-74.95536804199219,-499.8271179199219,-374.9642028808594
1.7758758497749412e+18,-375.00244140625,-1250.40283203125,-375.1200866699219,-74.99347686767578,-74.9808349609375,-75.0107421875,-499.8681335449219,-374.9027099609375
1.7758758497759416e+18,-375.1867980957031,-1251.017822265625,-375.21234130859375,-74.9873275756836,-74.94393920898438,-74.92459869384766,-499.7040710449219,-375.08721923828125
1.7758758497769418e+18,-374.572265625,-1249.275634765625,-374.7818908691406,-74.96888732910156,-74.9992904663086,-75.0230484008789,-500.3603210449219,-375.394775390625
1.7758758497779423e+18,-375.15606689453125,-1251.017822265625,-375.3353271484375,-74.99962615966797,-74.96853637695312,-74.9676742553711,-499.6630554199219,-374.7489318847656
1.7758758497789425e+18,-374.6029968261719,-1249.992919921875,-375.1200866699219,-74.99962615966797,-74.93778991699219,-74.9676742553711,-500.0321960449219,-375.425537109375
1.7758758497799427e+18,-374.6644592285156,-1249.275634765625,-374.6589050292969,-74.950439453125,-74.96238708496094,-74.93690490722656,-499.6630554199219,-374.8719482421875
1.775875849780943e+18,-375.2482604980469,-1250.40283203125,-375.3968200683594,-75.0303726196289,-75.01773834228516,-75.03535461425781,-500.2782897949219,-375.17950439453125
1.775875849781943e+18,-375.1867980957031,-1250.3004150390625,-375.1508483886719,-74.99962615966797,-74.97468566894531,-74.94921112060547,-499.8271179199219,-375.333251953125
1.7758758497829432e+18,-374.94097900390625,-1249.7879638671875,-374.566650390625,-74.96888732910156,-74.93778991699219,-74.9984359741211,-499.9911804199219,-375.333251953125
1.7758758497839432e+18,-375.2482604980469,-1249.685546875,-374.8741149902344,-74.9873275756836,-74.931640625,-74.9676742553711,-499.5810546875,-375.2102355957031
1.775875849784943e+18,-375.0946350097656,-1250.095458984375,-374.6589050292969,-74.96273803710938,-74.92549133300781,-74.9984359741211,-500.0732116699219,-375.394775390625
1.775875849785943e+18,-375.3097229003906,-1250.812744140625,-375.1508483886719,-75.04267120361328,-75.0484848022461,-75.01689910888672,-500.3193054199219,-375.2409973144531
1.7758758497869432e+18,-374.8795471191406,-1249.7879638671875,-374.96636962890625,-74.99347686767578,-75.02388763427734,-74.9984359741211,-500.1142272949219,-375.2102355957031
1.7758758497879432e+18,-375.3097229003906,-1250.40283203125,-375.3045959472656,-75.02422332763672,-75.02388763427734,-75.0230484008789,-500.1552429199219,-375.17950439453125
1.775875849788943e+18,-375.06390380859375,-1251.1202392578125,-375.2738342285156,-75.01807403564453,-75.0484848022461,-75.0230484008789,-500.2372741699219,-374.9334411621094
1.775875849789943e+18,-374.8795471191406,-1249.992919921875,-375.21234130859375,-75.01192474365234,-75.0423355102539,-75.0107421875,-500.0321960449219,-374.62591552734375
1.7758758497909432e+18,-374.7566223144531,-1248.9681396484375,-375.1200866699219,-75.01192474365234,-75.05463409423828,-74.9984359741211,-500.0321960449219,-374.56439208984375
1.7758758497919432e+18,-375.27899169921875,-1249.8905029296875,-375.24310302734375,-75.0365219116211,-75.00543975830078,-75.05996704101562,-500.3193054199219,-375.17950439453125
1.775875849792943e+18,-374.7566223144531,-1248.86572265625,-374.7818908691406,-74.96888732910156,-74.93778991699219,-74.96151733398438,-499.8271179199219,-374.59515380859375
1.7758758497939433e+18,-374.94097900390625,-1249.3780517578125,-374.93560791015625,-74.99962615966797,-74.95623779296875,-74.97382354736328,-499.9501647949219,-374.7181701660156
1.7758758497949432e+18,-374.6029968261719,-1249.685546875,-375.05859375,-74.99962615966797,-75.01158905029297,-75.02920532226562,-500.3193054199219,-375.3025207519531
1.7758758497959432e+18,-374.6951904296875,-1249.3780517578125,-374.8126220703125,-74.95658874511719,-74.92549133300781,-74.96151733398438,-499.7450866699219,-374.56439208984375
1.775875849796943e+18,-375.00244140625,-1250.3004150390625,-375.3660888671875,-75.0303726196289,-75.00543975830078,-74.94921112060547,-499.4990234375,-374.6874084472656
1.7758758497979433e+18,-374.5108337402344,-1249.0706787109375,-374.7818908691406,-74.93814086914062,-74.96238708496094,-74.97382354736328,-499.4990234375,-374.7489318847656
1.7758758497989432e+18,-374.8180847167969,-1250.40283203125,-375.2738342285156,-75.04882049560547,-75.03003692626953,-75.0230484008789,-499.8271179199219,-374.7796936035156
1.7758758497999432e+18,-375.1253662109375,-1250.915283203125,-375.3353271484375,-74.99962615966797,-74.96853637695312,-74.95536804199219,-499.6630554199219,-374.7796936035156
1.775875849800943e+18,-374.8180847167969,-1249.3780517578125,-375.0278625488281,-75.01192474365234,-75.06078338623047,-75.0107421875,-499.7450866699219,-374.7489318847656
1.7758758498019433e+18,-375.4018859863281,-1250.812744140625,-374.9971008300781,-74.950439453125,-74.92549133300781,-74.97382354736328,-499.9911804199219,-375.425537109375
1.7758758498029432e+18,-375.3097229003906,-1250.915283203125,-374.9048767089844,-74.97503662109375,-74.95008850097656,-75.0107421875,-500.1552429199219,-374.9642028808594
1.7758758498039432e+18,-374.8795471191406,-1250.095458984375,-375.1816101074219,-75.01807403564453,-75.06078338623047,-75.03535461425781,-499.8681335449219,-374.6566467285156
1.775875849804943e+18,-374.787353515625,-1249.173095703125,-374.597412109375,-74.98118591308594,-74.9931411743164,-74.9984359741211,-500.2372741699219,-375.2102355957031
1.7758758498059433e+18,-374.94097900390625,-1249.3780517578125,-374.566650390625,-74.97503662109375,-74.98699188232422,-74.9984359741211,-500.2372741699219,-375.14874267578125
1.7758758498069432e+18,-374.5108337402344,-1249.5830078125,-375.1200866699219,-75.0365219116211,-75.05463409423828,-75.0107421875,-499.8271179199219,-374.6874084472656
1.7758758498079432e+18,-375.3097229003906,-1250.50537109375,-374.9971008300781,-74.97503662109375,-74.96853637695312,-74.95536804199219,-499.7861022949219,-375.3025207519531
1.775875849808943e+18,-375.1867980957031,-1250.095458984375,-374.9971008300781,-74.99962615966797,-74.95008850097656,-74.96151733398438,-499.7450866699219,-374.5028991699219
1.7758758498099433e+18,-375.37115478515625,-1250.7103271484375,-375.0278625488281,-74.9873275756836,-75.01158905029297,-74.97382354736328,-499.6630554199219,-374.53363037109375
1.7758758498109432e+18,-375.37115478515625,-1250.812744140625,-375.1508483886719,-75.01192474365234,-74.9931411743164,-74.9922866821289,-499.4580078125,-374.7489318847656
1.7758758498119432e+18,-375.3097229003906,-1250.40283203125,-375.3353271484375,-75.02422332763672,-75.03618621826172,-74.9984359741211,-499.9501647949219,-375.05645751953125
1.7758758498129434e+18,-375.00244140625,-1250.7103271484375,-375.3045959472656,-74.99347686767578,-74.96238708496094,-74.94921112060547,-500.0732116699219,-375.2102355957031
1.7758758498139433e+18,-374.63372802734375,-1249.8905029296875,-375.1200866699219,-75.0303726196289,-75.06078338623047,-75.0107421875,-499.9911804199219,-374.8104248046875
1.7758758498149432e+18,-375.1867980957031,-1250.915283203125,-375.21234130859375,-75.02422332763672,-74.9992904663086,-74.9676742553711,-499.7450866699219,-374.5028991699219
1.7758758498159432e+18,-375.1867980957031,-1250.915283203125,-375.05859375,-74.97503662109375,-74.97468566894531,-74.95536804199219,-500.1142272949219,-375.14874267578125
1.7758758498169434e+18,-374.572265625,-1249.5830078125,-375.05859375,-75.00577545166016,-75.01773834228516,-75.01689910888672,-500.48333740234375,-375.333251953125
1.7758758498179433e+18,-375.2482604980469,-1250.915283203125,-375.21234130859375,-75.02422332763672,-75.01158905029297,-74.97382354736328,-499.7450866699219,-374.53363037109375
1.7758758498189432e+18,-375.217529296875,-1250.095458984375,-375.1200866699219,-75.02422332763672,-75.00543975830078,-75.0230484008789,-500.3193054199219,-375.08721923828125
1.7758758498199432e+18,-374.6951904296875,-1249.3780517578125,-374.8126220703125,-74.950439453125,-74.95008850097656,-74.95536804199219,-499.6220397949219,-374.8411865234375
1.7758758498209434e+18,-374.5108337402344,-1249.173095703125,-374.72039794921875,-74.950439453125,-74.96238708496094,-74.93690490722656,-499.7450866699219,-374.8719482421875
1.7758758498219433e+18,-374.94097900390625,-1249.8905029296875,-375.1508483886719,-75.00577545166016,-75.01773834228516,-75.0107421875,-500.44232177734375,-375.3025207519531
1.7758758498229432e+18,-374.63372802734375,-1249.275634765625,-374.7511291503906,-74.96273803710938,-74.931640625,-74.97382354736328,-500.1142272949219,-375.425537109375
1.7758758498239432e+18,-374.572265625,-1249.4805908203125,-375.08935546875,-75.04882049560547,-75.03618621826172,-74.96151733398438,-499.8271179199219,-375.0257263183594
1.7758758498249434e+18,-375.0946350097656,-1251.017822265625,-375.1816101074219,-74.99347686767578,-74.96853637695312,-74.94306182861328,-500.0732116699219,-375.11798095703125
1.7758758498259433e+18,-375.15606689453125,-1251.1202392578125,-375.3353271484375,-75.01807403564453,-75.05463409423828,-75.0230484008789,-500.2372741699219,-375.08721923828125
1.7758758498269432e+18,-375.4633483886719,-1250.812744140625,-374.96636962890625,-74.96273803710938,-74.92549133300781,-74.97998046875,-500.0732116699219,-375.425537109375
1.7758758498279434e+18,-375.37115478515625,-1250.40283203125,-375.3045959472656,-75.0303726196289,-75.01773834228516,-75.03535461425781,-500.3193054199219,-375.0257263183594
1.7758758498289434e+18,-374.572265625,-1249.5830078125,-375.05859375,-75.04267120361328,-74.98699188232422,-74.95536804199219,-500.0732116699219,-375.4562683105469
1.7758758498299433e+18,-374.63372802734375,-1250.3004150390625,-375.1200866699219,-75.0365219116211,-75.00543975830078,-74.97382354736328,-499.7861022949219,-374.7181701660156
1.7758758498309432e+18,-375.4326171875,-1251.017822265625,-375.05859375,-74.96888732910156,-74.95008850097656,-74.94921112060547,-499.7450866699219,-374.59515380859375
1.7758758498319434e+18,-375.06390380859375,-1249.4805908203125,-374.8126220703125,-74.95658874511719,-74.96238708496094,-74.92459869384766,-499.7040710449219,-374.9027099609375
1.7758758498329434e+18,-374.8795471191406,-1249.5830078125,-374.93560791015625,-74.950439453125,-74.96238708496094,-74.94306182861328,-499.6630554199219,-374.8719482421875
1.7758758498339433e+18,-374.63372802734375,-1248.9681396484375,-374.7818908691406,-74.99962615966797,-75.01158905029297,-75.04151153564453,-500.1962585449219,-375.425537109375
1.7758758498349432e+18,-375.15606689453125,-1251.017822265625,-375.1508483886719,-75.02422332763672,-75.01158905029297,-74.9984359741211,-499.9911804199219,-374.7489318847656
1.7758758498359434e+18,-374.8795471191406,-1250.095458984375,-375.3045959472656,-74.96888732910156,-74.95623779296875,-74.9984359741211,-500.4013366699219,-375.394775390625
1.7758758498369434e+18,-374.787353515625,-1250.095458984375,-375.3660888671875,-75.01192474365234,-74.96853637695312,-74.97382354736328,-500.0732116699219,-375.364013671875
1.7758758498379433e+18,-374.8180847167969,-1249.685546875,-375.21234130859375,-75.0303726196289,-74.9808349609375,-74.9676742553711,-500.0732116699219,-375.394775390625
1.7758758498389432e+18,-375.1867980957031,-1249.3780517578125,-374.6281433105469,-74.98118591308594,-74.9992904663086,-75.06611633300781,-499.9911804199219,-374.7181701660156
1.7758758498399434e+18,-375.15606689453125,-1251.017822265625,-375.1816101074219,-74.99962615966797,-74.95008850097656,-74.94921112060547,-499.6630554199219,-374.8104248046875
1.7758758498409434e+18,-374.9102783203125,-1249.3780517578125,-374.566650390625,-74.98118591308594,-75.01158905029297,-75.05996704101562,-500.2782897949219,-374.8719482421875
1.7758758498419433e+18,-375.4326171875,-1250.915283203125,-375.08935546875,-75.05496215820312,-75.0484848022461,-75.0107421875,-500.4013366699219,-375.3025207519531
1.7758758498429435e+18,-374.6951904296875,-1249.173095703125,-375.0278625488281,-75.04267120361328,-75.0484848022461,-74.97998046875,-499.7450866699219,-374.6874084472656
1.7758758498439434e+18,-374.6951904296875,-1250.095458984375,-375.3353271484375,-75.0303726196289,-74.9808349609375,-74.9676742553711,-499.7450866699219,-375.333251953125
1.7758758498449434e+18,-375.37115478515625,-1249.992919921875,-374.8126220703125,-74.95658874511719,-75.01773834228516,-75.01689910888672,-499.6220397949219,-374.5028991699219
1.7758758498459433e+18,-374.5108337402344,-1249.7879638671875,-375.1200866699219,-75.01192474365234,-74.94393920898438,-74.96151733398438,-500.0732116699219,-375.4562683105469
1.7758758498469435e+18,-374.7259216308594,-1249.4805908203125,-374.8741149902344,-74.950439453125,-74.95008850097656,-74.94921112060547,-499.7040710449219,-374.5028991699219
1.7758758498479434e+18,-374.7566223144531,-1250.40283203125,-375.21234130859375,-75.00577545166016,-74.97468566894531,-74.94306182861328,-499.9911804199219,-375.3025207519531
1.7758758498489434e+18,-374.7566223144531,-1249.3780517578125,-374.597412109375,-74.96273803710938,-74.96238708496094,-74.93690490722656,-499.6220397949219,-374.7181701660156
1.7758758498499433e+18,-375.2482604980469,-1249.8905029296875,-374.7818908691406,-74.99347686767578,-74.97468566894531,-74.93690490722656,-499.6630554199219,-374.8104248046875
1.7758758498509435e+18,-375.0946350097656,-1250.3004150390625,-375.24310302734375,-75.01807403564453,-75.06078338623047,-75.04766082763672,-500.1142272949219,-375.2102355957031
1.7758758498519434e+18,-375.0331726074219,-1250.095458984375,-375.1816101074219,-75.02422332763672,-75.03003692626953,-75.0230484008789,-500.3603210449219,-375.2409973144531
1.7758758498529434e+18,-375.2482604980469,-1250.3004150390625,-375.3353271484375,-75.0303726196289,-75.01158905029297,-75.04766082763672,-500.2372741699219,-374.9642028808594
1.7758758498539433e+18,-374.9102783203125,-1249.0706787109375,-374.8126220703125,-74.98118591308594,-74.931640625,-74.97382354736328,-499.8271179199219,-374.53363037109375
1.7758758498549435e+18,-375.0331726074219,-1249.992919921875,-375.0278625488281,-75.0303726196289,-75.00543975830078,-75.04151153564453,-500.3193054199219,-375.05645751953125
1.7758758498559434e+18,-374.5108337402344,-1249.173095703125,-374.6589050292969,-74.950439453125,-74.96238708496094,-74.93075561523438,-499.7450866699219,-374.8719482421875
1.7758758498569434e+18,-374.7259216308594,-1249.3780517578125,-374.6589050292969,-74.96273803710938,-74.93778991699219,-74.96151733398438,-499.7861022949219,-374.62591552734375
1.7758758498579436e+18,-375.0946350097656,-1249.5830078125,-374.7511291503906,-74.950439453125,-74.96853637695312,-75.0107421875,-500.48333740234375,-375.364013671875
1.7758758498589435e+18,-374.7259216308594,-1250.1978759765625,-375.1508483886719,-75.0365219116211,-75.00543975830078,-74.96151733398438,-499.7450866699219,-374.7796936035156
1.7758758498599434e+18,-374.787353515625,-1248.86572265625,-374.9971008300781,-75.01192474365234,-75.06078338623047,-75.0230484008789,-499.7450866699219,-374.8104248046875
1.7758758498609434e+18,-375.0331726074219,-1250.3004150390625,-374.9971008300781,-74.95658874511719,-74.96238708496094,-74.9984359741211,-500.48333740234375,-374.9949645996094
1.7758758498619436e+18,-374.7259216308594,-1250.1978759765625,-375.3353271484375,-75.04267120361328,-75.00543975830078,-74.96151733398438,-499.4580078125,-375.0257263183594
1.7758758498629435e+18,-375.0331726074219,-1250.1978759765625,-375.3968200683594,-75.0303726196289,-74.97468566894531,-74.9676742553711,-499.6630554199219,-375.08721923828125
1.7758758498639434e+18,-374.6029968261719,-1249.3780517578125,-374.8741149902344,-74.950439453125,-74.95623779296875,-74.96151733398438,-499.4580078125,-374.6874084472656
1.7758758498649434e+18,-374.6644592285156,-1249.275634765625,-374.7818908691406,-74.93814086914062,-74.95623779296875,-74.97998046875,-499.4990234375,-374.8411865234375
1.7758758498659436e+18,-374.84881591796875,-1249.173095703125,-374.9048767089844,-75.01192474365234,-74.9808349609375,-74.9922866821289,-500.1552429199219,-375.2102355957031
1.7758758498669435e+18,-375.1253662109375,-1250.3004150390625,-375.3660888671875,-75.01192474365234,-74.97468566894531,-74.9676742553711,-499.7861022949219,-375.11798095703125
1.7758758498679434e+18,-374.94097900390625,-1249.4805908203125,-374.7818908691406,-74.9873275756836,-75.01158905029297,-75.0230484008789,-500.44232177734375,-374.9949645996094
1.7758758498689434e+18,-375.4326171875,-1250.40283203125,-374.8126220703125,-74.97503662109375,-74.9992904663086,-75.04766082763672,-500.1962585449219,-374.7489318847656
1.7758758498699436e+18,-374.8180847167969,-1249.4805908203125,-374.7511291503906,-75.01192474365234,-75.02388763427734,-75.05381774902344,-500.1552429199219,-374.9027099609375
1.7758758498709435e+18,-374.8795471191406,-1248.86572265625,-374.7511291503906,-74.96273803710938,-74.931640625,-74.94921112060547,-499.7040710449219,-374.6874084472656
1.7758758498719434e+18,-375.2482604980469,-1249.5830078125,-374.8126220703125,-74.96273803710938,-75.02388763427734,-75.01689910888672,-499.8681335449219,-374.6566467285156
1.7758758498729434e+18,-374.7259216308594,-1250.3004150390625,-375.1816101074219,-75.0303726196289,-74.97468566894531,-74.95536804199219,-499.8271179199219,-375.05645751953125
1.7758758498739436e+18,-374.84881591796875,-1250.1978759765625,-375.2738342285156,-75.04882049560547,-75.01773834228516,-74.94306182861328,-499.5400390625,-374.6566467285156
1.7758758498749435e+18,-374.84881591796875,-1249.992919921875,-375.1816101074219,-75.02422332763672,-75.02388763427734,-74.95536804199219,-499.6220397949219,-374.9334411621094
1.7758758498759434e+18,-375.4018859863281,-1250.812744140625,-374.9971008300781,-74.96888732910156,-74.92549133300781,-74.97382354736328,-500.1142272949219,-375.425537109375
1.7758758498769436e+18,-374.9102783203125,-1249.3780517578125,-374.6281433105469,-74.9873275756836,-75.00543975830078,-75.05996704101562,-500.4013366699219,-374.9949645996094
1.7758758498779436e+18,-375.06390380859375,-1250.3004150390625,-375.1816101074219,-75.01192474365234,-75.03003692626953,-75.03535461425781,-500.1962585449219,-375.14874267578125
1.7758758498789435e+18,-374.5415344238281,-1249.5830078125,-375.05859375,-75.04882049560547,-75.06078338623047,-75.00459289550781,-499.6220397949219,-374.53363037109375
1.7758758498799434e+18,-374.63372802734375,-1249.4805908203125,-375.0278625488281,-75.0365219116211,-74.98699188232422,-74.94921112060547,-499.9911804199219,-375.425537109375
1.7758758498809436e+18,-374.6644592285156,-1248.86572265625,-374.68963623046875,-74.99962615966797,-75.01158905029297,-75.04151153564453,-500.1962585449219,-375.364013671875
1.7758758498819436e+18,-375.37115478515625,-1250.915283203125,-375.1200866699219,-75.01807403564453,-75.01158905029297,-74.98612976074219,-499.5400390625,-374.6566467285156
1.7758758498829435e+18,-375.15606689453125,-1250.40283203125,-375.1200866699219,-75.01192474365234,-75.03618621826172,-75.01689910888672,-500.1552429199219,-375.333251953125
1.7758758498839437e+18,-375.217529296875,-1249.992919921875,-374.68963623046875,-74.97503662109375,-74.97468566894531,-74.95536804199219,-499.4169921875,-374.6566467285156
1.7758758498849436e+18,-375.4326171875,-1250.915283203125,-374.9971008300781,-74.950439453125,-74.92549133300781,-74.95536804199219,-499.9091491699219,-374.9949645996094
1.7758758498859436e+18,-375.217529296875,-1249.7879638671875,-374.72039794921875,-74.93814086914062,-74.96238708496094,-75.00459289550781,-500.2782897949219,-375.394775390625
1.7758758498869435e+18,-374.6951904296875,-1249.4805908203125,-374.6281433105469,-74.9873275756836,-75.00543975830078,-75.0107421875,-500.3193054199219,-375.17950439453125
1.7758758498879434e+18,-375.37115478515625,-1251.017822265625,-375.0278625488281,-74.96273803710938,-74.91934204101562,-74.97382354736328,-500.0732116699219,-375.364013671875
1.7758758498889436e+18,-375.06390380859375,-1251.017822265625,-375.21234130859375,-74.9873275756836,-74.96853637695312,-74.95536804199219,-500.0732116699219,-375.11798095703125
1.7758758498899436e+18,-375.0946350097656,-1251.017822265625,-374.96636962890625,-74.96888732910156,-74.97468566894531,-74.98612976074219,-500.3193054199219,-375.17950439453125
1.7758758498909435e+18,-375.1867980957031,-1250.1978759765625,-374.7511291503906,-74.96888732910156,-74.98699188232422,-75.02920532226562,-500.44232177734375,-375.08721923828125
1.7758758498919434e+18,-375.0946350097656,-1250.7103271484375,-375.3045959472656,-74.99962615966797,-74.96238708496094,-74.92459869384766,-499.7450866699219,-375.08721923828125
1.7758758498929436e+18,-375.3404541015625,-1250.095458984375,-374.68963623046875,-74.93814086914062,-74.95623779296875,-74.9922866821289,-499.9501647949219,-375.14874267578125
1.7758758498939436e+18,-374.7259216308594,-1248.9681396484375,-374.8126220703125,-74.9873275756836,-74.95623779296875,-74.97998046875,-499.8681335449219,-374.62591552734375
1.7758758498949435e+18,-375.1867980957031,-1249.7879638671875,-374.566650390625,-74.97503662109375,-75.01158905029297,-75.05996704101562,-500.1962585449219,-374.7796936035156
1.7758758498959434e+18,-374.7566223144531,-1248.86572265625,-375.05859375,-75.01192474365234,-75.00543975830078,-74.95536804199219,-499.6630554199219,-374.9949645996094
1.7758758498969436e+18,-375.3097229003906,-1250.095458984375,-374.72039794921875,-74.950439453125,-74.96238708496094,-74.9984359741211,-500.52435302734375,-375.3025207519531
1.7758758498979436e+18,-374.572265625,-1250.1978759765625,-375.1200866699219,-75.0303726196289,-74.97468566894531,-74.95536804199219,-499.9091491699219,-375.08721923828125
1.7758758498989435e+18,-375.1253662109375,-1250.915283203125,-375.08935546875,-74.96888732910156,-74.91934204101562,-74.98612976074219,-500.0732116699219,-375.4562683105469
1.7758758498999434e+18,-375.27899169921875,-1249.8905029296875,-374.68963623046875,-74.950439453125,-74.94393920898438,-74.9676742553711,-499.6630554199219,-374.8719482421875
1.7758758499009436e+18,-374.8795471191406,-1249.3780517578125,-374.96636962890625,-75.01192474365234,-75.03618621826172,-75.03535461425781,-500.2782897949219,-375.14874267578125
1.7758758499019436e+18,-375.37115478515625,-1250.1978759765625,-374.8741149902344,-74.96273803710938,-74.95623779296875,-74.96151733398438,-499.6220397949219,-375.0257263183594
1.7758758499029435e+18,-375.1253662109375,-1249.275634765625,-374.8433837890625,-75.00577545166016,-75.06078338623047,-74.9984359741211,-499.7450866699219,-374.5028991699219
1.7758758499039434e+18,-375.4018859863281,-1250.40283203125,-374.7818908691406,-74.96888732910156,-74.9992904663086,-75.04151153564453,-500.1552429199219,-374.8104248046875
1.7758758499049436e+18,-375.0946350097656,-1250.915283203125,-375.05859375,-74.96273803710938,-74.97468566894531,-74.9984359741211,-500.3193054199219,-375.11798095703125
1.7758758499059436e+18,-374.84881591796875,-1249.8905029296875,-375.1200866699219,-75.01192474365234,-75.0423355102539,-75.0230484008789,-500.44232177734375,-375.3025207519531
1.7758758499069435e+18,-374.5415344238281,-1249.275634765625,-374.9971008300781,-75.0303726196289,-75.06078338623047,-75.01689910888672,-499.7040710449219,-374.59515380859375
1.7758758499079434e+18,-375.3097229003906,-1250.3004150390625,-375.2738342285156,-75.01807403564453,-75.03003692626953,-75.00459289550781,-499.9911804199219,-375.2102355957031
1.7758758499089436e+18,-374.7566223144531,-1249.0706787109375,-374.7511291503906,-74.9873275756836,-74.94393920898438,-74.9984359741211,-499.8681335449219,-375.2717590332031
1.7758758499099436e+18,-375.3097229003906,-1250.3004150390625,-375.2738342285156,-75.01192474365234,-75.01773834228516,-74.96151733398438,-499.8271179199219,-374.8104248046875
1.7758758499109435e+18,-375.4018859863281,-1250.915283203125,-375.1508483886719,-75.04882049560547,-75.0484848022461,-75.0230484008789,-500.4013366699219,-375.2102355957031
1.7758758499119434e+18,-374.84881591796875,-1249.275634765625,-374.9048767089844,-75.01192474365234,-75.02388763427734,-75.0230484008789,-500.1552429199219,-375.394775390625
1.7758758499129436e+18,-374.5108337402344,-1249.3780517578125,-375.05859375,-75.04267120361328,-75.05463409423828,-75.0107421875,-499.6220397949219,-374.5028991699219
1.7758758499139436e+18,-374.8180847167969,-1250.095458984375,-375.3660888671875,-75.0303726196289,-74.9931411743164,-74.96151733398438,-499.5400390625,-375.05645751953125
1.7758758499149435e+18,-374.8795471191406,-1249.0706787109375,-374.72039794921875,-74.96888732910156,-74.95008850097656,-74.93690490722656,-499.6630554199219,-374.7489318847656
1.7758758499159434e+18,-375.06390380859375,-1250.7103271484375,-375.3353271484375,-75.01807403564453,-75.06078338623047,-75.05381774902344,-500.2372741699219,-375.425537109375
1.7758758499169436e+18,-375.15606689453125,-1250.40283203125,-375.05859375,-74.9873275756836,-74.95623779296875,-74.92459869384766,-499.7861022949219,-375.11798095703125
1.7758758499179436e+18,-374.8795471191406,-1249.4805908203125,-374.7818908691406,-74.95658874511719,-74.92549133300781,-74.96151733398438,-499.8271179199219,-374.7181701660156
1.7758758499189435e+18,-374.6644592285156,-1248.86572265625,-374.68963623046875,-74.99962615966797,-75.0423355102539,-75.05381774902344,-499.9501647949219,-374.8104248046875
1.7758758499199434e+18,-374.572265625,-1250.1978759765625,-375.1200866699219,-75.0303726196289,-74.9931411743164,-74.95536804199219,-499.8271179199219,-375.0257263183594
1.7758758499209436e+18,-374.787353515625,-1249.3780517578125,-374.68963623046875,-75.00577545166016,-75.01158905029297,-75.05381774902344,-500.3193054199219,-374.9949645996094
1.7758758499219436e+18,-374.6951904296875,-1249.275634765625,-374.6281433105469,-74.96888732910156,-74.931640625,-74.9922866821289,-499.9091491699219,-374.9949645996094
1.7758758499229435e+18,-374.84881591796875,-1248.86572265625,-375.0278625488281,-74.9873275756836,-75.01773834228516,-75.02920532226562,-500.1142272949219,-375.4562683105469
1.7758758499239434e+18,-375.1867980957031,-1250.812744140625,-375.05859375,-74.96888732910156,-74.94393920898438,-74.96151733398438,-500.0321960449219,-375.333251953125
1.7758758499249436e+18,-375.1867980957031,-1250.40283203125,-375.3353271484375,-75.02422332763672,-75.01773834228516,-75.03535461425781,-500.1552429199219,-375.2102355957031
1.7758758499259436e+18,-374.8180847167969,-1249.275634765625,-374.9971008300781,-75.01192474365234,-75.06078338623047,-75.02920532226562,-499.9091491699219,-374.6874084472656
1.7758758499269435e+18,-375.37115478515625,-1250.812744140625,-374.8741149902344,-74.97503662109375,-74.9992904663086,-75.04766082763672,-500.1552429199219,-374.6874084472656
1.7758758499279434e+18,-374.63372802734375,-1249.173095703125,-375.0278625488281,-75.04882049560547,-75.03003692626953,-74.96151733398438,-499.7450866699219,-375.05645751953125
1.7758758499289436e+18,-375.06390380859375,-1251.017822265625,-375.24310302734375,-74.99347686767578,-74.97468566894531,-74.97998046875,-500.3603210449219,-375.17950439453125
1.7758758499299436e+18,-374.9102783203125,-1249.7879638671875,-374.7818908691406,-74.99962615966797,-74.98699188232422,-74.9922866821289,-500.1552429199219,-374.9949645996094
1.7758758499309435e+18,-375.06390380859375,-1249.685546875,-374.7818908691406,-75.00577545166016,-74.9992904663086,-75.03535461425781,-500.3603210449219,-375.05645751953125
1.7758758499319434e+18,-374.84881591796875,-1248.86572265625,-374.7511291503906,-74.96888732910156,-74.93778991699219,-74.95536804199219,-499.7861022949219,-374.62591552734375
1.7758758499329436e+18,-374.9717102050781,-1250.40283203125,-375.24310302734375,-75.0365219116211,-75.02388763427734,-75.04151153564453,-500.1962585449219,-374.8719482421875
1.7758758499339436e+18,-375.1867980957031,-1250.50537109375,-375.24310302734375,-74.98118591308594,-74.94393920898438,-74.97382354736328,-500.0321960449219,-375.364013671875
1.7758758499349435e+18,-374.8180847167969,-1250.1978759765625,-375.4275817871094,-75.0303726196289,-74.97468566894531,-74.9676742553711,-499.7861022949219,-375.2717590332031
1.7758758499359434e+18,-374.8180847167969,-1250.1978759765625,-375.3353271484375,-75.00577545166016,-74.96238708496094,-74.96151733398438,-500.2782897949219,-375.11798095703125
1.7758758499369436e+18,-374.8795471191406,-1249.3780517578125,-374.8126220703125,-74.99962615966797,-75.0484848022461,-75.0230484008789,-499.9501647949219,-374.7489318847656
1.7758758499379436e+18,-374.787353515625,-1249.4805908203125,-374.6281433105469,-74.96888732910156,-74.98699188232422,-74.96151733398438,-499.9501647949219,-375.11798095703125
1.7758758499389435e+18,-375.3097229003906,-1250.095458984375,-375.08935546875,-75.01192474365234,-74.9992904663086,-74.97998046875,-500.1552429199219,-374.9642028808594
1.7758758499399434e+18,-374.6951904296875,-1249.275634765625,-374.566650390625,-74.96273803710938,-74.97468566894531,-74.93690490722656,-499.7861022949219,-374.9949645996094
1.7758758499409436e+18,-375.27899169921875,-1249.992919921875,-374.68963623046875,-74.94429016113281,-74.96238708496094,-74.98612976074219,-500.0732116699219,-375.2409973144531
1.7758758499419436e+18,-375.00244140625,-1250.50537109375,-375.3660888671875,-75.02422332763672,-75.03003692626953,-74.98612976074219,-499.6630554199219,-374.7796936035156
1.7758758499429435e+18,-374.787353515625,-1249.4805908203125,-374.6281433105469,-74.98118591308594,-74.9992904663086,-74.97998046875,-499.9911804199219,-375.17950439453125
1.7758758499439434e+18,-375.37115478515625,-1250.3004150390625,-374.93560791015625,-74.96888732910156,-74.95008850097656,-74.98612976074219,-499.9501647949219,-375.3025207519531
1.7758758499449436e+18,-375.15606689453125,-1250.812744140625,-375.05859375,-74.97503662109375,-74.95008850097656,-74.94306182861328,-499.6220397949219,-374.7796936035156
1.7758758499459436e+18,-374.84881591796875,-1249.5830078125,-374.566650390625,-74.96273803710938,-74.96238708496094,-74.93690490722656,-499.7040710449219,-374.53363037109375
1.7758758499469435e+18,-375.00244140625,-1250.1978759765625,-374.72039794921875,-74.9873275756836,-74.98699188232422,-74.93690490722656,-499.6630554199219,-374.8104248046875
1.7758758499479434e+18,-375.0331726074219,-1250.6077880859375,-375.3353271484375,-74.99962615966797,-74.95008850097656,-74.93690490722656,-499.7040710449219,-375.05645751953125
1.7758758499489436e+18,-374.572265625,-1249.173095703125,-374.8741149902344,-74.96273803710938,-74.9808349609375,-74.9984359741211,-500.0321960449219,-375.11798095703125
1.7758758499499436e+18,-374.9102783203125,-1250.095458984375,-374.93560791015625,-75.00577545166016,-75.02388763427734,-75.0230484008789,-500.1552429199219,-375.17950439453125
1.7758758499509435e+18,-375.1867980957031,-1251.017822265625,-375.24310302734375,-74.99347686767578,-74.95623779296875,-74.93075561523438,-499.8681335449219,-375.11798095703125
1.7758758499519434e+18,-374.6029968261719,-1249.992919921875,-375.08935546875,-75.04267120361328,-75.01158905029297,-74.9676742553711,-499.7861022949219,-374.8104248046875
1.7758758499529434e+18,-374.7259216308594,-1248.76318359375,-374.8433837890625,-75.01192474365234,-75.03618621826172,-75.05996704101562,-500.1962585449219,-374.8719482421875
1.7758758499539436e+18,-374.9717102050781,-1250.095458984375,-375.1816101074219,-75.01807403564453,-75.06693267822266,-75.04766082763672,-499.9911804199219,-374.62591552734375
1.7758758499549435e+18,-374.8795471191406,-1250.095458984375,-375.3660888671875,-75.0303726196289,-74.96238708496094,-74.96151733398438,-499.8271179199219,-375.14874267578125
1.7758758499559434e+18,-374.7566223144531,-1249.5830078125,-374.8433837890625,-74.95658874511719,-74.96238708496094,-74.94306182861328,-499.9911804199219,-375.05645751953125
1.7758758499569434e+18,-375.1867980957031,-1250.3004150390625,-375.3660888671875,-75.0365219116211,-75.02388763427734,-75.04151153564453,-500.1962585449219,-374.9642028808594
1.7758758499579436e+18,-374.94097900390625,-1250.1978759765625,-375.3660888671875,-75.02422332763672,-74.98699188232422,-74.96151733398438,-499.4990234375,-374.8719482421875
1.7758758499589435e+18,-375.37115478515625,-1251.017822265625,-375.1200866699219,-75.02422332763672,-75.01773834228516,-74.98612976074219,-499.5400390625,-374.6874084472656
1.7758758499599434e+18,-375.15606689453125,-1250.915283203125,-375.24310302734375,-74.99347686767578,-74.95008850097656,-74.95536804199219,-499.6220397949219,-374.7489318847656
1.7758758499609434e+18,-375.217529296875,-1251.017822265625,-374.96636962890625,-74.97503662109375,-74.94393920898438,-75.00459289550781,-500.2372741699219,-374.9949645996094
1.7758758499619436e+18,-374.6951904296875,-1249.173095703125,-374.93560791015625,-75.00577545166016,-75.06078338623047,-75.0230484008789,-499.9091491699219,-374.62591552734375
1.7758758499629435e+18,-374.94097900390625,-1249.992919921875,-375.08935546875,-75.0365219116211,-75.05463409423828,-75.02920532226562,-500.44232177734375,-375.2717590332031
1.7758758499639434e+18,-375.15606689453125,-1250.1978759765625,-375.05859375,-74.98118591308594,-74.97468566894531,-74.97998046875,-499.5400390625,-374.7489318847656
1.7758758499649434e+18,-375.1867980957031,-1251.017822265625,-375.3045959472656,-75.01192474365234,-75.07308959960938,-75.05381774902344,-500.1552429199219,-375.364013671875
1.7758758499659436e+18,-374.5108337402344,-1249.7879638671875,-374.96636962890625,-75.0303726196289,-75.0423355102539,-75.0230484008789,-500.3193054199219,-375.0257263183594
1.7758758499669435e+18,-375.27899169921875,-1250.3004150390625,-375.3660888671875,-75.0303726196289,-75.01773834228516,-75.05996704101562,-500.44232177734375,-375.11798095703125
1.7758758499679434e+18,-374.9717102050781,-1250.1978759765625,-375.3660888671875,-75.0303726196289,-74.97468566894531,-74.96151733398438,-499.4990234375,-374.8719482421875
1.7758758499689434e+18,-374.94097900390625,-1249.7879638671875,-375.1508483886719,-74.99962615966797,-74.9992904663086,-75.0107421875,-500.1552429199219,-375.14874267578125
1.7758758499699436e+18,-374.84881591796875,-1248.9681396484375,-374.8741149902344,-75.00577545166016,-74.9992904663086,-75.0107421875,-500.1552429199219,-375.333251953125
1.7758758499709435e+18,-374.7566223144531,-1249.4805908203125,-374.597412109375,-74.96273803710938,-74.95008850097656,-74.94921112060547,-499.7450866699219,-374.62591552734375
1.7758758499719434e+18,-374.94097900390625,-1249.5830078125,-374.8741149902344,-74.94429016113281,-74.95623779296875,-74.93690490722656,-499.9501647949219,-374.9334411621094
1.7758758499729434e+18,-374.787353515625,-1250.095458984375,-375.3660888671875,-75.01192474365234,-74.96238708496094,-74.9676742553711,-500.0732116699219,-375.364013671875
1.7758758499739436e+18,-375.1253662109375,-1251.017822265625,-375.2738342285156,-75.01192474365234,-75.0484848022461,-75.03535461425781,-499.9911804199219,-375.2409973144531
1.7758758499749435e+18,-374.8795471191406,-1249.5830078125,-374.6281433105469,-74.98118591308594,-75.00543975830078,-75.04766082763672,-500.4013366699219,-374.9334411621094
1.7758758499759434e+18,-374.7566223144531,-1249.5830078125,-374.7818908691406,-74.99347686767578,-75.01158905029297,-75.0230484008789,-500.3193054199219,-375.11798095703125
1.7758758499769434e+18,-375.00244140625,-1249.3780517578125,-374.6281433105469,-74.99962615966797,-75.01773834228516,-75.04766082763672,-499.8271179199219,-374.6874084472656
1.7758758499779436e+18,-375.06390380859375,-1249.173095703125,-374.566650390625,-74.96273803710938,-74.9992904663086,-75.01689910888672,-500.4013366699219,-375.17950439453125
1.7758758499789435e+18,-375.2482604980469,-1250.40283203125,-374.7818908691406,-74.97503662109375,-74.95008850097656,-74.95536804199219,-499.8271179199219,-375.08721923828125
1.7758758499799434e+18,-374.6951904296875,-1249.275634765625,-374.9048767089844,-74.99347686767578,-75.03003692626953,-75.0230484008789,-500.3603210449219,-375.0257263183594
1.7758758499809434e+18,-374.6951904296875,-1249.5830078125,-374.72039794921875,-74.99347686767578,-75.00543975830078,-74.9922866821289,-499.9501647949219,-374.9642028808594
1.7758758499819433e+18,-375.4326171875,-1250.915283203125,-375.1508483886719,-75.0365219116211,-75.03618621826172,-75.02920532226562,-500.1962585449219,-375.08721923828125
1.7758758499829435e+18,-374.7566223144531,-1249.3780517578125,-374.6281433105469,-74.9873275756836,-74.97468566894531,-74.94306182861328,-499.8271179199219,-374.9027099609375
1.7758758499839434e+18,-374.94097900390625,-1249.275634765625,-374.8126220703125,-74.98118591308594,-75.02388763427734,-75.01689910888672,-500.2372741699219,-374.8719482421875
1.7758758499849434e+18,-375.37115478515625,-1250.812744140625,-374.9971008300781,-74.950439453125,-74.93778991699219,-74.95536804199219,-499.8681335449219,-374.9334411621094
1.7758758499859433e+18,-375.1253662109375,-1251.1202392578125,-375.3045959472656,-75.01807403564453,-75.06693267822266,-75.05381774902344,-500.1552429199219,-375.425537109375
1.7758758499869432e+18,-374.6644592285156,-1248.76318359375,-374.72039794921875,-75.00577545166016,-75.0484848022461,-75.04766082763672,-500.1552429199219,-375.2102355957031
1.7758758499879432e+18,-374.94097900390625,-1250.50537109375,-375.3353271484375,-75.01192474365234,-74.95008850097656,-74.92459869384766,-499.7450866699219,-375.05645751953125
1.775875849988943e+18,-375.0331726074219,-1250.915283203125,-375.3045959472656,-75.01807403564453,-75.02388763427734,-74.9922866821289,-499.9501647949219,-374.56439208984375
1.775875849989943e+18,-374.9102783203125,-1250.40283203125,-375.2738342285156,-75.0365219116211,-75.02388763427734,-75.00459289550781,-499.8271179199219,-374.6874084472656
1.775875849990943e+18,-375.1867980957031,-1250.095458984375,-374.8126220703125,-74.96273803710938,-74.97468566894531,-74.97382354736328,-500.0732116699219,-375.17950439453125
1.775875849991943e+18,-375.1867980957031,-1251.017822265625,-375.24310302734375,-75.00577545166016,-75.03003692626953,-75.0230484008789,-499.9501647949219,-374.9334411621094
1.7758758499929428e+18,-375.15606689453125,-1251.017822265625,-375.3045959472656,-74.99347686767578,-74.94393920898438,-74.92459869384766,-499.7450866699219,-375.11798095703125
1.7758758499939428e+18,-375.00244140625,-1249.992919921875,-374.96636962890625,-74.96273803710938,-74.95623779296875,-74.93075561523438,-499.6630554199219,-375.05645751953125
1.7758758499949427e+18,-374.5415344238281,-1249.173095703125,-374.7511291503906,-74.950439453125,-74.96238708496094,-74.93075561523438,-499.7861022949219,-374.8719482421875
1.7758758499959427e+18,-375.27899169921875,-1250.40283203125,-375.1508483886719,-75.00577545166016,-75.01773834228516,-74.94921112060547,-499.7040710449219,-374.7489318847656
1.7758758499969426e+18,-374.9717102050781,-1249.3780517578125,-374.7511291503906,-75.01192474365234,-75.03003692626953,-74.98612976074219,-499.7040710449219,-374.6874084472656
1.7758758499979425e+18,-375.06390380859375,-1250.40283203125,-375.3660888671875,-75.0303726196289,-74.98699188232422,-74.96151733398438,-499.4990234375,-374.8719482421875
1.7758758499989425e+18,-374.5108337402344,-1249.4805908203125,-374.8433837890625,-74.94429016113281,-74.96238708496094,-74.97998046875,-499.6630554199219,-374.8411865234375
1.7758758499999427e+18,-375.27899169921875,-1250.40283203125,-375.21234130859375,-74.9873275756836,-74.96238708496094,-74.9676742553711,-499.4990234375,-374.9027099609375
1.7758758500009426e+18,-375.06390380859375,-1249.3780517578125,-374.8433837890625,-74.96888732910156,-74.9992904663086,-75.0107421875,-500.52435302734375,-375.2409973144531
1.7758758500019425e+18,-374.94097900390625,-1249.685546875,-374.6281433105469,-74.96273803710938,-74.93778991699219,-74.96151733398438,-499.8271179199219,-374.9334411621094
1.7758758500029425e+18,-374.63372802734375,-1249.5830078125,-375.05859375,-75.0365219116211,-75.05463409423828,-75.0107421875,-499.6630554199219,-374.62591552734375
1.7758758500039424e+18,-374.84881591796875,-1249.7879638671875,-374.6589050292969,-74.96888732910156,-74.96853637695312,-74.93075561523438,-499.7040710449219,-374.8104248046875
1.7758758500049423e+18,-374.572265625,-1249.5830078125,-375.08935546875,-75.0365219116211,-75.05463409423828,-74.9984359741211,-499.5400390625,-374.53363037109375
1.7758758500059423e+18,-375.0946350097656,-1251.017822265625,-375.3353271484375,-74.99962615966797,-74.95008850097656,-74.93075561523438,-499.7450866699219,-374.9334411621094
1.7758758500069422e+18,-374.6951904296875,-1249.5830078125,-374.68963623046875,-74.9873275756836,-75.01773834228516,-75.01689910888672,-500.2782897949219,-375.11798095703125
1.7758758500079421e+18,-375.0331726074219,-1249.992919921875,-375.3045959472656,-75.0303726196289,-75.03618621826172,-74.9676742553711,-499.7040710449219,-374.5028991699219
1.775875850008942e+18,-374.94097900390625,-1250.40283203125,-375.0278625488281,-75.0365219116211,-75.0423355102539,-75.0230484008789,-500.44232177734375,-375.11798095703125
1.775875850009942e+18,-375.2482604980469,-1250.1978759765625,-375.0278625488281,-75.00577545166016,-74.94393920898438,-74.9676742553711,-499.7450866699219,-374.6566467285156
1.775875850010942e+18,-375.15606689453125,-1250.40283203125,-375.0278625488281,-74.99347686767578,-74.931640625,-74.93690490722656,-499.6630554199219,-374.7489318847656
1.775875850011942e+18,-374.6644592285156,-1249.5830078125,-374.8741149902344,-74.950439453125,-74.96238708496094,-74.97382354736328,-499.4990234375,-374.62591552734375
1.7758758500129418e+18,-375.06390380859375,-1250.915283203125,-375.3045959472656,-75.0303726196289,-75.0484848022461,-75.02920532226562,-499.9911804199219,-374.62591552734375
1.7758758500139418e+18,-375.3097229003906,-1250.40283203125,-375.3353271484375,-75.0365219116211,-75.03003692626953,-75.05996704101562,-500.44232177734375,-375.14874267578125
1.7758758500149417e+18,-374.8180847167969,-1249.3780517578125,-374.68963623046875,-74.94429016113281,-74.96238708496094,-74.98612976074219,-499.5810546875,-374.8104248046875
1.7758758500159416e+18,-374.7566223144531,-1248.9681396484375,-374.8126220703125,-75.01807403564453,-75.03618621826172,-75.01689910888672,-500.4013366699219,-375.08721923828125
1.7758758500169418e+18,-374.7566223144531,-1249.685546875,-374.597412109375,-74.97503662109375,-74.9931411743164,-74.98612976074219,-500.1142272949219,-375.17950439453125
1.7758758500179418e+18,-375.1867980957031,-1250.915283203125,-375.08935546875,-74.96273803710938,-74.931640625,-74.96151733398438,-499.9501647949219,-375.2409973144531
1.7758758500189417e+18,-374.84881591796875,-1249.173095703125,-374.6589050292969,-74.95658874511719,-74.96238708496094,-74.93075561523438,-499.7861022949219,-375.05645751953125
1.7758758500199416e+18,-375.1867980957031,-1249.5830078125,-374.68963623046875,-74.97503662109375,-74.9808349609375,-75.01689910888672,-500.1962585449219,-375.425537109375
1.7758758500209416e+18,-375.1867980957031,-1250.40283203125,-374.96636962890625,-75.01192474365234,-74.95623779296875,-74.96151733398438,-499.7450866699219,-374.56439208984375
1.7758758500219415e+18,-375.37115478515625,-1250.40283203125,-375.3660888671875,-75.0303726196289,-75.01773834228516,-75.04766082763672,-500.2782897949219,-375.17950439453125
1.7758758500229414e+18,-374.5415344238281,-1249.3780517578125,-374.9971008300781,-74.99962615966797,-75.01773834228516,-75.0230484008789,-500.52435302734375,-375.364013671875
1.7758758500239414e+18,-374.787353515625,-1249.4805908203125,-374.597412109375,-74.96888732910156,-74.96238708496094,-74.93690490722656,-499.5810546875,-374.7489318847656
1.7758758500249413e+18,-374.7566223144531,-1248.76318359375,-374.8433837890625,-75.01192474365234,-75.05463409423828,-75.05381774902344,-500.0732116699219,-374.7489318847656
1.7758758500259412e+18,-374.6951904296875,-1249.685546875,-374.8741149902344,-75.01192474365234,-75.01158905029297,-75.05996704101562,-500.3193054199219,-374.9334411621094
1.7758758500269412e+18,-374.572265625,-1249.3780517578125,-374.9971008300781,-74.99962615966797,-75.02388763427734,-75.0230484008789,-500.44232177734375,-375.425537109375
1.775875850027941e+18,-375.0946350097656,-1250.6077880859375,-374.9971008300781,-74.99962615966797,-75.01158905029297,-74.97998046875,-499.9091491699219,-375.0257263183594
1.775875850028941e+18,-375.0946350097656,-1250.812744140625,-375.3045959472656,-75.01192474365234,-75.05463409423828,-75.0107421875,-499.8271179199219,-374.62591552734375
1.775875850029941e+18,-375.0946350097656,-1250.915283203125,-375.0278625488281,-74.97503662109375,-74.96853637695312,-74.94306182861328,-499.9911804199219,-375.11798095703125
1.775875850030941e+18,-375.15606689453125,-1250.812744140625,-375.24310302734375,-74.99962615966797,-74.9992904663086,-74.98612976074219,-499.7861022949219,-374.62591552734375
1.7758758500319409e+18,-374.9102783203125,-1249.992919921875,-375.1816101074219,-75.00577545166016,-75.0423355102539,-75.04151153564453,-500.2372741699219,-375.425537109375
1.7758758500329408e+18,-374.6951904296875,-1248.76318359375,-374.72039794921875,-74.98118591308594,-74.95008850097656,-74.9984359741211,-500.1142272949219,-375.3025207519531
1.775875850033941e+18,-374.6644592285156,-1248.86572265625,-374.7818908691406,-74.99962615966797,-75.02388763427734,-75.04151153564453,-500.1962585449219,-375.2102355957031
1.775875850034941e+18,-374.6951904296875,-1249.3780517578125,-374.597412109375,-74.9873275756836,-74.98699188232422,-74.97382354736328,-500.0732116699219,-375.0257263183594
1.7758758500359409e+18,-374.7566223144531,-1248.86572265625,-374.8741149902344,-75.01192474365234,-75.05463409423828,-75.05381774902344,-500.1552429199219,-375.05645751953125
1.7758758500369408e+18,-375.0331726074219,-1249.173095703125,-374.597412109375,-74.98118591308594,-75.01158905029297,-75.05381774902344,-500.3193054199219,-374.9334411621094
1.7758758500379407e+18,-375.1253662109375,-1251.017822265625,-375.1200866699219,-74.97503662109375,-74.96853637695312,-74.97998046875,-500.3193054199219,-375.2102355957031
1.7758758500389407e+18,-374.572265625,-1249.3780517578125,-374.8433837890625,-74.99962615966797,-75.03618621826172,-75.0107421875,-500.48333740234375,-375.2717590332031
1.7758758500399406e+18,-374.787353515625,-1249.0706787109375,-374.93560791015625,-74.99962615966797,-75.05463409423828,-75.05996704101562,-500.0732116699219,-374.7181701660156
1.7758758500409405e+18,-374.6951904296875,-1250.095458984375,-375.1200866699219,-75.04882049560547,-75.02388763427734,-74.97382354736328,-499.7040710449219,-374.5028991699219
1.7758758500419405e+18,-374.6029968261719,-1249.173095703125,-374.8433837890625,-74.950439453125,-74.97468566894531,-75.00459289550781,-500.1142272949219,-375.17950439453125
1.7758758500429404e+18,-375.3404541015625,-1250.40283203125,-375.3045959472656,-75.01807403564453,-75.03003692626953,-74.9984359741211,-499.9091491699219,-375.05645751953125
1.7758758500439404e+18,-375.4326171875,-1250.40283203125,-374.93560791015625,-74.97503662109375,-74.92549133300781,-74.97382354736328,-500.1142272949219,-375.394775390625
1.7758758500449403e+18,-375.3097229003906,-1250.7103271484375,-374.93560791015625,-74.96888732910156,-74.92549133300781,-74.98612976074219,-500.0732116699219,-375.4562683105469
1.7758758500459402e+18,-374.8180847167969,-1249.0706787109375,-374.6281433105469,-74.96888732910156,-74.96853637695312,-74.94306182861328,-499.7450866699219,-374.9027099609375
1.7758758500469402e+18,-374.7566223144531,-1249.4805908203125,-374.6589050292969,-74.97503662109375,-74.9931411743164,-75.01689910888672,-500.1142272949219,-375.11798095703125
1.77587585004794e+18,-374.9102783203125,-1249.275634765625,-374.8126220703125,-74.9873275756836,-75.02388763427734,-75.0230484008789,-500.0732116699219,-374.7181701660156
1.77587585004894e+18,-375.1867980957031,-1250.915283203125,-375.1200866699219,-74.97503662109375,-74.95623779296875,-74.93690490722656,-499.7040710449219,-375.0257263183594
1.77587585004994e+18,-374.8795471191406,-1249.7879638671875,-374.6281433105469,-74.96273803710938,-74.92549133300781,-74.97998046875,-499.8681335449219,-375.333251953125
1.7758758500509402e+18,-375.00244140625,-1249.992919921875,-374.9048767089844,-74.96888732910156,-74.92549133300781,-74.95536804199219,-499.8681335449219,-374.9949645996094
1.77587585005194e+18,-375.3097229003906,-1250.40283203125,-374.96636962890625,-74.95658874511719,-74.96238708496094,-74.9984359741211,-500.44232177734375,-375.333251953125
1.77587585005294e+18,-374.63372802734375,-1249.7879638671875,-375.1816101074219,-75.04882049560547,-75.01773834228516,-74.96151733398438,-499.5400390625,-374.7181701660156
1.77587585005394e+18,-375.2482604980469,-1250.40283203125,-375.21234130859375,-75.01192474365234,-75.02388763427734,-74.95536804199219,-499.8271179199219,-374.9334411621094
1.77587585005494e+18,-374.7566223144531,-1248.6607666015625,-374.8741149902344,-75.01192474365234,-75.0484848022461,-75.05381774902344,-500.1962585449219,-375.364013671875
1.7758758500559398e+18,-374.94097900390625,-1250.3004150390625,-374.8126220703125,-74.950439453125,-75.03003692626953,-75.00459289550781,-499.7861022949219,-374.9027099609375
1.7758758500569398e+18,-375.1867980957031,-1250.1978759765625,-375.1508483886719,-75.0365219116211,-75.03618621826172,-75.0107421875,-500.44232177734375,-375.364013671875
1.7758758500579397e+18,-375.0946350097656,-1249.7879638671875,-374.8741149902344,-75.04267120361328,-74.97468566894531,-74.97998046875,-500.3193054199219,-375.17950439453125
1.7758758500589396e+18,-375.4018859863281,-1249.992919921875,-374.7511291503906,-74.99962615966797,-75.0484848022461,-74.9676742553711,-499.6630554199219,-375.0257263183594
1.7758758500599396e+18,-375.0946350097656,-1250.3004150390625,-374.6281433105469,-74.9873275756836,-75.02388763427734,-74.97382354736328,-499.4580078125,-375.08721923828125
1.7758758500609395e+18,-375.3097229003906,-1249.8905029296875,-374.8741149902344,-74.950439453125,-74.9931411743164,-75.01689910888672,-500.48333740234375,-375.333251953125
1.7758758500619395e+18,-374.94097900390625,-1249.173095703125,-374.9971008300781,-75.05496215820312,-74.98699188232422,-74.9676742553711,-500.0321960449219,-375.2102355957031
1.7758758500629394e+18,-375.06390380859375,-1250.6077880859375,-374.7818908691406,-74.9873275756836,-75.06078338623047,-74.94921112060547,-499.7450866699219,-375.14874267578125
1.7758758500639393e+18,-374.8795471191406,-1249.4805908203125,-374.8433837890625,-74.950439453125,-74.931640625,-74.96151733398438,-499.8271179199219,-374.7181701660156
1.7758758500649393e+18,-374.787353515625,-1248.76318359375,-374.93560791015625,-75.01192474365234,-75.02388763427734,-74.95536804199219,-499.6630554199219,-374.9334411621094
1.7758758500659392e+18,-374.84881591796875,-1249.0706787109375,-374.93560791015625,-75.00577545166016,-75.06078338623047,-75.04766082763672,-500.1142272949219,-375.2102355957031
1.7758758500669391e+18,-374.7566223144531,-1249.992919921875,-375.3660888671875,-74.99962615966797,-74.96238708496094,-74.9984359741211,-500.48333740234375,-374.9334411621094
1.7758758500679393e+18,-375.37115478515625,-1250.3004150390625,-374.8433837890625,-74.96888732910156,-74.94393920898438,-74.97998046875,-499.9091491699219,-374.9642028808594
1.7758758500689393e+18,-375.3404541015625,-1249.3780517578125,-374.96636962890625,-75.04882049560547,-74.96853637695312,-74.97382354736328,-500.0732116699219,-374.7796936035156
1.7758758500699392e+18,-374.8180847167969,-1249.0706787109375,-375.1816101074219,-75.01192474365234,-74.96853637695312,-75.0107421875,-500.3193054199219,-374.7489318847656
1.7758758500709391e+18,-374.8180847167969,-1248.76318359375,-374.8741149902344,-74.99347686767578,-74.9992904663086,-74.9922866821289,-500.2372741699219,-374.9642028808594
1.775875850071939e+18,-374.7566223144531,-1249.275634765625,-374.8433837890625,-75.01192474365234,-75.02388763427734,-75.02920532226562,-499.8271179199219,-374.7181701660156
1.775875850072939e+18,-375.06390380859375,-1250.812744140625,-374.9048767089844,-74.97503662109375,-75.03003692626953,-75.04151153564453,-499.7040710449219,-374.9949645996094
1.775875850073939e+18,-375.3097229003906,-1250.915283203125,-375.1200866699219,-74.99962615966797,-74.96853637695312,-74.95536804199219,-499.7450866699219,-374.6874084472656
1.775875850074939e+18,-374.7259216308594,-1249.992919921875,-375.3353271484375,-74.96273803710938,-74.96238708496094,-75.00459289550781,-500.3603210449219,-374.6874084472656
1.7758758500759388e+18,-375.06390380859375,-1250.812744140625,-375.3353271484375,-74.99962615966797,-74.96238708496094,-74.93690490722656,-499.9501647949219,-375.11798095703125
1.7758758500769388e+18,-375.15606689453125,-1249.3780517578125,-374.68963623046875,-75.0365219116211,-74.9992904663086,-74.9676742553711,-500.2782897949219,-375.17950439453125
1.7758758500779387e+18,-375.27899169921875,-1250.915283203125,-375.08935546875,-74.96273803710938,-74.92549133300781,-74.9676742553711,-500.1142272949219,-375.364013671875
1.7758758500789386e+18,-375.4018859863281,-1250.40283203125,-374.8433837890625,-74.97503662109375,-74.92549133300781,-74.98612976074219,-500.0321960449219,-375.394775390625
1.7758758500799386e+18,-375.06390380859375,-1250.1978759765625,-374.8433837890625,-75.01192474365234,-75.03003692626953,-74.96151733398438,-499.9911804199219,-375.2409973144531
1.7758758500809385e+18,-375.37115478515625,-1250.7103271484375,-374.8433837890625,-74.9873275756836,-75.03618621826172,-75.04151153564453,-499.7450866699219,-374.9949645996094
1.7758758500819387e+18,-374.572265625,-1249.0706787109375,-374.7511291503906,-74.97503662109375,-74.91934204101562,-74.96151733398438,-499.8271179199219,-374.62591552734375
1.7758758500829386e+18,-374.7566223144531,-1248.9681396484375,-374.96636962890625,-75.01807403564453,-74.9808349609375,-74.93075561523438,-499.8681335449219,-375.11798095703125
1.7758758500839386e+18,-375.00244140625,-1250.40283203125,-374.6589050292969,-74.97503662109375,-75.01158905029297,-74.9922866821289,-499.4580078125,-374.8411865234375
1.7758758500849388e+18,-375.1867980957031,-1250.095458984375,-375.21234130859375,-75.01807403564453,-75.00543975830078,-75.04151153564453,-500.3193054199219,-375.08721923828125
1.7758758500859387e+18,-375.2482604980469,-1250.3004150390625,-375.1816101074219,-75.01192474365234,-75.03003692626953,-74.97382354736328,-499.8271179199219,-374.9949645996094
1.7758758500869386e+18,-374.7259216308594,-1248.86572265625,-374.7511291503906,-74.97503662109375,-74.92549133300781,-74.97382354736328,-499.8271179199219,-374.8104248046875
1.7758758500879386e+18,-374.572265625,-1249.275634765625,-374.96636962890625,-75.00577545166016,-75.02388763427734,-75.0230484008789,-500.44232177734375,-375.394775390625
1.7758758500889388e+18,-375.2482604980469,-1250.6077880859375,-374.7511291503906,-74.99347686767578,-75.06693267822266,-74.98612976074219,-499.6630554199219,-374.9949645996094
1.7758758500899387e+18,-374.6951904296875,-1249.685546875,-375.05859375,-75.0365219116211,-75.02388763427734,-74.9984359741211,-499.6220397949219,-374.6874084472656
1.7758758500909386e+18,-375.37115478515625,-1249.5830078125,-374.8433837890625,-75.02422332763672,-75.0423355102539,-74.9676742553711,-499.9091491699219,-375.425537109375
1.7758758500919388e+18,-375.15606689453125,-1250.50537109375,-375.1816101074219,-75.04882049560547,-75.06078338623047,-75.01689910888672,-499.9911804199219,-374.9949645996094
1.7758758500929388e+18,-374.9102783203125,-1250.812744140625,-374.9048767089844,-74.97503662109375,-75.03618621826172,-75.0230484008789,-499.6220397949219,-375.0257263183594
1.7758758500939387e+18,-375.4018859863281,-1249.5830078125,-374.72039794921875,-75.00577545166016,-75.06078338623047,-74.97998046875,-499.6630554199219,-375.05645751953125
1.775875850094939e+18,-375.00244140625,-1250.7103271484375,-374.8741149902344,-74.99347686767578,-75.05463409423828,-74.9984359741211,-499.7450866699219,-374.9642028808594
1.7758758500959388e+18,-375.06390380859375,-1248.9681396484375,-374.93560791015625,-75.01192474365234,-74.96853637695312,-74.94921112060547,-500.2782897949219,-375.08721923828125
1.7758758500969388e+18,-374.572265625,-1249.992919921875,-375.1508483886719,-75.0303726196289,-74.95623779296875,-74.95536804199219,-499.9911804199219,-375.333251953125
1.775875850097939e+18,-374.7566223144531,-1249.992919921875,-375.1816101074219,-74.93814086914062,-74.9931411743164,-75.0230484008789,-499.7040710449219,-374.56439208984375
1.775875850098939e+18,-374.6951904296875,-1249.5830078125,-374.68963623046875,-74.9873275756836,-75.01773834228516,-75.04766082763672,-500.4013366699219,-375.05645751953125
1.7758758500999388e+18,-375.3097229003906,-1250.1978759765625,-374.8741149902344,-74.99962615966797,-75.06078338623047,-74.9984359741211,-499.7450866699219,-375.08721923828125
1.7758758501009388e+18,-374.8180847167969,-1249.4805908203125,-375.3045959472656,-74.99962615966797,-74.96853637695312,-74.98612976074219,-500.4013366699219,-374.9334411621094
1.775875850101939e+18,-374.63372802734375,-1250.915283203125,-374.9971008300781,-74.99347686767578,-75.0423355102539,-75.03535461425781,-499.7450866699219,-374.9949645996094
1.775875850102939e+18,-375.37115478515625,-1249.5830078125,-374.7511291503906,-75.01192474365234,-74.97468566894531,-74.93690490722656,-500.2372741699219,-374.9949645996094
1.7758758501039388e+18,-374.84881591796875,-1249.275634765625,-374.8433837890625,-75.02422332763672,-75.03003692626953,-74.9922866821289,-499.6220397949219,-374.6874084472656
1.775875850104939e+18,-375.00244140625,-1250.812744140625,-374.8741149902344,-74.97503662109375,-75.01773834228516,-75.04766082763672,-499.8681335449219,-374.7796936035156
1.775875850105939e+18,-375.15606689453125,-1250.095458984375,-375.3353271484375,-75.0365219116211,-75.02388763427734,-75.04151153564453,-500.0321960449219,-375.17950439453125
1.775875850106939e+18,-375.3404541015625,-1250.3004150390625,-375.1200866699219,-74.96273803710938,-74.96238708496094,-74.93075561523438,-499.8681335449219,-374.9642028808594
1.775875850107939e+18,-375.15606689453125,-1250.7103271484375,-375.3045959472656,-75.01807403564453,-75.07308959960938,-75.05381774902344,-500.1142272949219,-375.364013671875
1.775875850108939e+18,-374.7259216308594,-1249.275634765625,-374.6281433105469,-74.96888732910156,-74.96238708496094,-74.93690490722656,-499.5810546875,-374.7489318847656
1.775875850109939e+18,-374.8180847167969,-1249.0706787109375,-374.9048767089844,-74.98118591308594,-74.95623779296875,-74.9984359741211,-499.9091491699219,-374.9027099609375
1.7758758501109391e+18,-375.4018859863281,-1250.1978759765625,-374.8126220703125,-74.93814086914062,-75.01158905029297,-75.0230484008789,-499.6630554199219,-374.5028991699219
1.775875850111939e+18,-374.7259216308594,-1249.0706787109375,-374.7511291503906,-74.99347686767578,-74.9931411743164,-75.02920532226562,-500.1962585449219,-375.3025207519531
1.775875850112939e+18,-375.00244140625,-1249.3780517578125,-374.597412109375,-74.98118591308594,-75.00543975830078,-75.05996704101562,-500.1552429199219,-374.7489318847656
1.7758758501139392e+18,-374.94097900390625,-1250.40283203125,-374.7818908691406,-74.94429016113281,-75.03003692626953,-75.0107421875,-499.7450866699219,-374.6566467285156
1.7758758501149391e+18,-375.0946350097656,-1251.017822265625,-375.0278625488281,-74.96273803710938,-74.92549133300781,-74.98612976074219,-500.0732116699219,-375.425537109375
1.775875850115939e+18,-375.37115478515625,-1249.992919921875,-374.68963623046875,-74.94429016113281,-74.98699188232422,-75.0107421875,-500.48333740234375,-375.08721923828125
1.775875850116939e+18,-374.8795471191406,-1250.40283203125,-374.7818908691406,-74.950439453125,-75.01158905029297,-75.01689910888672,-499.7450866699219,-374.62591552734375
1.7758758501179392e+18,-374.6029968261719,-1249.0706787109375,-374.9048767089844,-75.01192474365234,-75.05463409423828,-75.0107421875,-499.6220397949219,-374.5028991699219
1.7758758501189391e+18,-374.8180847167969,-1248.9681396484375,-375.3045959472656,-74.9873275756836,-74.9808349609375,-75.04766082763672,-499.8681335449219,-374.7796936035156
1.775875850119939e+18,-374.63372802734375,-1248.86572265625,-374.68963623046875,-74.9873275756836,-75.01773834228516,-75.05996704101562,-500.1552429199219,-374.7181701660156
1.7758758501209393e+18,-375.1253662109375,-1249.992919921875,-374.7818908691406,-74.98118591308594,-74.931640625,-74.98612976074219,-500.0732116699219,-375.364013671875
1.7758758501219392e+18,-374.8180847167969,-1249.685546875,-374.7511291503906,-74.96888732910156,-74.92549133300781,-74.96151733398438,-499.8271179199219,-374.9642028808594
1.7758758501229391e+18,-374.84881591796875,-1250.3004150390625,-375.3045959472656,-74.98118591308594,-74.98699188232422,-75.04766082763672,-500.1142272949219,-374.7181701660156
1.7758758501239393e+18,-374.572265625,-1250.095458984375,-375.1200866699219,-74.98118591308594,-74.96238708496094,-75.03535461425781,-500.0321960449219,-374.8104248046875
1.7758758501249393e+18,-374.9102783203125,-1249.275634765625,-375.05859375,-75.01807403564453,-75.0484848022461,-75.05381774902344,-500.1552429199219,-375.2717590332031
1.7758758501259392e+18,-375.1253662109375,-1249.5830078125,-374.68963623046875,-75.0365219116211,-74.9931411743164,-74.96151733398438,-499.8681335449219,-375.364013671875
1.7758758501269394e+18,-375.15606689453125,-1250.915283203125,-375.05859375,-74.96273803710938,-74.93778991699219,-74.96151733398438,-500.0321960449219,-375.364013671875
1.7758758501279393e+18,-375.00244140625,-1249.3780517578125,-375.3045959472656,-75.01192474365234,-74.96238708496094,-74.9922866821289,-500.44232177734375,-374.6874084472656
1.7758758501289393e+18,-375.37115478515625,-1249.3780517578125,-374.96636962890625,-75.04882049560547,-74.95008850097656,-74.97382354736328,-500.1142272949219,-374.8719482421875
1.7758758501299392e+18,-375.0331726074219,-1250.812744140625,-375.05859375,-74.97503662109375,-74.931640625,-75.00459289550781,-500.2372741699219,-375.0257263183594
1.7758758501309394e+18,-375.1253662109375,-1250.812744140625,-375.3353271484375,-75.01807403564453,-75.03003692626953,-74.9676742553711,-499.6630554199219,-374.9949645996094
1.7758758501319393e+18,-374.63372802734375,-1249.173095703125,-374.8126220703125,-74.95658874511719,-74.98699188232422,-75.0107421875,-500.3603210449219,-375.333251953125
1.7758758501329393e+18,-374.8180847167969,-1250.915283203125,-375.08935546875,-74.9873275756836,-74.98699188232422,-75.04766082763672,-499.9501647949219,-374.8411865234375
1.7758758501339395e+18,-374.9102783203125,-1249.173095703125,-374.68963623046875,-74.96273803710938,-74.96238708496094,-74.94921112060547,-499.9091491699219,-375.08721923828125
1.7758758501349394e+18,-375.3404541015625,-1250.3004150390625,-374.7511291503906,-74.99962615966797,-75.01158905029297,-74.93690490722656,-500.0732116699219,-375.14874267578125
1.7758758501359393e+18,-375.00244140625,-1250.6077880859375,-374.6589050292969,-74.9873275756836,-75.01773834228516,-74.9676742553711,-499.6220397949219,-375.3025207519531
1.7758758501369395e+18,-374.787353515625,-1249.8905029296875,-375.3353271484375,-74.97503662109375,-74.96238708496094,-75.0107421875,-499.7450866699219,-374.56439208984375
1.7758758501379395e+18,-374.94097900390625,-1249.5830078125,-375.1200866699219,-75.02422332763672,-74.96238708496094,-74.9984359741211,-500.4013366699219,-374.8104248046875
1.7758758501389394e+18,-375.00244140625,-1249.685546875,-374.8126220703125,-74.97503662109375,-74.92549133300781,-74.96151733398438,-500.0732116699219,-375.3025207519531
1.7758758501399396e+18,-374.7566223144531,-1249.4805908203125,-375.08935546875,-74.96888732910156,-74.92549133300781,-75.01689910888672,-500.0321960449219,-374.8104248046875
1.7758758501409395e+18,-374.7259216308594,-1249.5830078125,-374.8433837890625,-75.00577545166016,-75.01773834228516,-75.05996704101562,-500.3603210449219,-375.05645751953125
1.7758758501419395e+18,-374.7566223144531,-1249.3780517578125,-375.05859375,-75.01807403564453,-74.93778991699219,-74.97998046875,-500.1962585449219,-374.8104248046875
1.7758758501429394e+18,-375.00244140625,-1249.4805908203125,-375.1816101074219,-75.04882049560547,-74.9808349609375,-74.98612976074219,-500.4013366699219,-375.2409973144531
1.7758758501439396e+18,-374.7566223144531,-1249.0706787109375,-375.08935546875,-75.00577545166016,-74.97468566894531,-74.98612976074219,-500.4013366699219,-374.9642028808594
1.7758758501449395e+18,-375.00244140625,-1251.017822265625,-375.08935546875,-74.96273803710938,-74.9931411743164,-75.03535461425781,-499.6220397949219,-374.8411865234375
1.7758758501459395e+18,-374.6951904296875,-1249.173095703125,-374.8126220703125,-74.97503662109375,-75.01158905029297,-75.0107421875,-500.44232177734375,-375.425537109375
1.7758758501469396e+18,-374.7259216308594,-1250.915283203125,-374.93560791015625,-74.9873275756836,-75.06078338623047,-74.9922866821289,-499.6630554199219,-374.9949645996094
1.7758758501479396e+18,-375.4326171875,-1250.812744140625,-374.93560791015625,-74.95658874511719,-74.93778991699219,-74.95536804199219,-499.9911804199219,-375.3025207519531
1.7758758501489395e+18,-374.6029968261719,-1249.7879638671875,-375.1200866699219,-74.97503662109375,-74.94393920898438,-75.0230484008789,-499.9911804199219,-374.7796936035156
1.7758758501499397e+18,-374.8180847167969,-1249.7879638671875,-375.3353271484375,-75.00577545166016,-74.95008850097656,-74.9984359741211,-500.48333740234375,-374.8719482421875
1.7758758501509396e+18,-374.8180847167969,-1249.3780517578125,-375.05859375,-75.02422332763672,-74.94393920898438,-74.97382354736328,-500.1142272949219,-374.9949645996094
1.7758758501519396e+18,-375.3097229003906,-1250.095458984375,-374.8741149902344,-75.00577545166016,-75.0484848022461,-74.9676742553711,-500.0321960449219,-375.425537109375
1.7758758501529398e+18,-375.06390380859375,-1250.812744140625,-375.3353271484375,-74.99962615966797,-74.96853637695312,-74.93690490722656,-499.9501647949219,-375.11798095703125
1.7758758501539397e+18,-375.27899169921875,-1249.173095703125,-374.9971008300781,-75.01192474365234,-74.96853637695312,-74.96151733398438,-500.4013366699219,-374.9949645996094
1.7758758501549396e+18,-374.9102783203125,-1250.1978759765625,-375.3660888671875,-75.01192474365234,-74.96853637695312,-74.9676742553711,-500.0732116699219,-375.394775390625
1.7758758501559396e+18,-375.27899169921875,-1249.5830078125,-374.93560791015625,-75.0365219116211,-75.0423355102539,-74.98612976074219,-499.7450866699219,-375.08721923828125
1.7758758501569398e+18,-374.8795471191406,-1249.7879638671875,-375.3045959472656,-74.97503662109375,-74.97468566894531,-75.01689910888672,-499.7861022949219,-374.56439208984375
1.7758758501579397e+18,-374.8180847167969,-1250.1978759765625,-375.3045959472656,-74.97503662109375,-74.9808349609375,-75.04151153564453,-500.2782897949219,-374.7181701660156
1.7758758501589396e+18,-374.7259216308594,-1249.992919921875,-375.3660888671875,-74.96273803710938,-74.95623779296875,-75.00459289550781,-499.9091491699219,-374.53363037109375
1.7758758501599398e+18,-374.8180847167969,-1249.5830078125,-374.8126220703125,-74.97503662109375,-74.931640625,-74.97998046875,-500.1142272949219,-375.394775390625
1.7758758501609398e+18,-375.37115478515625,-1249.7879638671875,-374.8741149902344,-75.04882049560547,-74.97468566894531,-74.97382354736328,-500.0732116699219,-374.9949645996094
1.7758758501619397e+18,-374.6951904296875,-1249.7879638671875,-375.1200866699219,-75.0365219116211,-75.05463409423828,-75.01689910888672,-500.1552429199219,-374.9642028808594
1.77587585016294e+18,-375.3404541015625,-1250.1978759765625,-374.8126220703125,-75.00577545166016,-74.9931411743164,-74.93075561523438,-500.1962585449219,-375.08721923828125
1.7758758501639398e+18,-375.27899169921875,-1250.6077880859375,-374.7511291503906,-74.99962615966797,-75.06693267822266,-74.97382354736328,-499.6630554199219,-374.9949645996094
1.7758758501649398e+18,-374.7259216308594,-1250.812744140625,-374.9971008300781,-74.97503662109375,-75.00543975830078,-75.04766082763672,-499.9091491699219,-374.8104248046875
1.77587585016594e+18,-375.1867980957031,-1250.915283203125,-375.2738342285156,-75.00577545166016,-75.03618621826172,-75.04151153564453,-499.9911804199219,-375.17950439453125
1.77587585016694e+18,-375.00244140625,-1250.40283203125,-375.24310302734375,-75.0303726196289,-75.02388763427734,-75.05996704101562,-500.3603210449219,-375.0257263183594
1.7758758501679398e+18,-374.9717102050781,-1251.1202392578125,-374.72039794921875,-74.9873275756836,-75.02388763427734,-74.95536804199219,-499.5400390625,-375.3025207519531
1.7758758501689398e+18,-375.0946350097656,-1250.915283203125,-374.9048767089844,-74.97503662109375,-75.00543975830078,-75.04766082763672,-499.9091491699219,-374.8104248046875
1.77587585016994e+18,-375.27899169921875,-1248.86572265625,-374.93560791015625,-75.01192474365234,-74.97468566894531,-74.9922866821289,-500.4013366699219,-374.8104248046875
1.77587585017094e+18,-374.94097900390625,-1251.017822265625,-374.8433837890625,-74.96888732910156,-75.00543975830078,-74.98612976074219,-499.5400390625,-375.08721923828125
1.7758758501719398e+18,-375.15606689453125,-1250.812744140625,-374.8741149902344,-74.99962615966797,-75.0423355102539,-75.02920532226562,-499.6630554199219,-374.9334411621094
1.77587585017294e+18,-374.7566223144531,-1250.095458984375,-375.3968200683594,-74.96888732910156,-74.96238708496094,-74.9984359741211,-499.9501647949219,-374.56439208984375
1.77587585017394e+18,-375.2482604980469,-1250.3004150390625,-375.3660888671875,-75.0365219116211,-75.01773834228516,-75.06611633300781,-500.44232177734375,-375.14874267578125
1.77587585017494e+18,-374.7566223144531,-1249.992919921875,-375.05859375,-74.96273803710938,-74.96853637695312,-75.00459289550781,-499.7450866699219,-374.53363037109375
1.77587585017594e+18,-375.15606689453125,-1249.3780517578125,-374.6589050292969,-74.96273803710938,-75.01158905029297,-75.05381774902344,-500.3193054199219,-374.7796936035156
1.77587585017694e+18,-374.63372802734375,-1249.8905029296875,-375.1508483886719,-74.98118591308594,-74.97468566894531,-75.04766082763672,-499.8681335449219,-374.8411865234375
1.77587585017794e+18,-375.00244140625,-1251.017822265625,-374.7818908691406,-74.97503662109375,-75.00543975830078,-74.97382354736328,-499.4580078125,-374.9949645996094
1.7758758501789402e+18,-375.1867980957031,-1249.4805908203125,-374.68963623046875,-75.0303726196289,-75.01158905029297,-74.97382354736328,-500.0321960449219,-375.364013671875
1.77587585017994e+18,-375.06390380859375,-1250.095458984375,-374.597412109375,-75.00577545166016,-75.02388763427734,-74.97382354736328,-499.5810546875,-375.333251953125
1.77587585018094e+18,-375.06390380859375,-1250.1978759765625,-375.3660888671875,-75.02422332763672,-74.98699188232422,-74.94306182861328,-499.4580078125,-374.7489318847656
1.77587585018194e+18,-375.1867980957031,-1250.3004150390625,-375.3968200683594,-75.0365219116211,-75.01158905029297,-75.0107421875,-500.0732116699219,-374.9027099609375
1.77587585018294e+18,-374.572265625,-1249.5830078125,-375.08935546875,-75.04267120361328,-75.06078338623047,-74.9984359741211,-499.7450866699219,-374.56439208984375
1.77587585018394e+18,-375.3404541015625,-1249.992919921875,-374.8126220703125,-74.99962615966797,-75.06078338623047,-74.98612976074219,-499.7861022949219,-375.2409973144531
1.77587585018494e+18,-375.4018859863281,-1249.992919921875,-374.8126220703125,-75.01192474365234,-75.0484848022461,-74.9676742553711,-499.7861022949219,-375.2409973144531
1.77587585018594e+18,-375.217529296875,-1250.40283203125,-375.4275817871094,-75.04882049560547,-75.01158905029297,-74.98612976074219,-499.7040710449219,-374.7489318847656
1.77587585018694e+18,-374.9717102050781,-1249.5830078125,-375.3045959472656,-75.00577545166016,-74.96238708496094,-74.9984359741211,-499.9091491699219,-374.53363037109375
1.7758758501879398e+18,-375.37115478515625,-1250.3004150390625,-374.9048767089844,-74.95658874511719,-74.93778991699219,-74.95536804199219,-499.7861022949219,-374.7489318847656
1.7758758501889398e+18,-375.1253662109375,-1249.4805908203125,-374.7818908691406,-75.0365219116211,-75.01158905029297,-74.9676742553711,-499.9501647949219,-375.364013671875
1.7758758501899397e+18,-375.37115478515625,-1249.992919921875,-374.68963623046875,-74.94429016113281,-74.97468566894531,-75.00459289550781,-500.48333740234375,-375.11798095703125
1.7758758501909396e+18,-375.37115478515625,-1249.685546875,-374.8433837890625,-75.01192474365234,-75.0484848022461,-74.9676742553711,-499.9501647949219,-375.333251953125
1.7758758501919396e+18,-374.9102783203125,-1250.812744140625,-375.24310302734375,-74.97503662109375,-74.98699188232422,-75.04766082763672,-500.1142272949219,-374.6874084472656
1.7758758501929395e+18,-375.2482604980469,-1250.3004150390625,-374.8126220703125,-74.950439453125,-75.03618621826172,-75.00459289550781,-499.7450866699219,-374.7796936035156
1.7758758501939395e+18,-374.8795471191406,-1249.3780517578125,-374.9971008300781,-75.0365219116211,-74.97468566894531,-74.96151733398438,-500.0321960449219,-375.2102355957031
1.7758758501949396e+18,-375.06390380859375,-1250.812744140625,-375.3353271484375,-74.99962615966797,-74.94393920898438,-74.93690490722656,-499.6630554199219,-375.0257263183594
1.7758758501959396e+18,-375.1253662109375,-1249.5830078125,-374.8126220703125,-75.0365219116211,-74.9992904663086,-74.9676742553711,-500.1552429199219,-375.333251953125
1.7758758501969395e+18,-375.00244140625,-1250.812744140625,-375.1200866699219,-75.0365219116211,-74.9992904663086,-74.9676742553711,-499.7450866699219,-374.6874084472656
1.7758758501979395e+18,-375.1253662109375,-1251.017822265625,-375.3353271484375,-74.99962615966797,-74.95008850097656,-74.93075561523438,-499.7861022949219,-375.11798095703125
1.7758758501989394e+18,-374.5108337402344,-1250.3004150390625,-375.1816101074219,-74.96273803710938,-74.95623779296875,-75.04766082763672,-499.9911804199219,-374.8411865234375
1.7758758501999393e+18,-375.06390380859375,-1249.5830078125,-374.93560791015625,-74.99347686767578,-74.93778991699219,-74.96151733398438,-499.7861022949219,-374.5028991699219
1.7758758502009393e+18,-375.00244140625,-1249.7879638671875,-374.72039794921875,-74.9873275756836,-74.9808349609375,-74.96151733398438,-499.9911804199219,-374.9334411621094
1.7758758502019392e+18,-374.7566223144531,-1248.9681396484375,-374.8741149902344,-75.01192474365234,-75.0423355102539,-75.05381774902344,-500.1962585449219,-375.11798095703125
1.7758758502029391e+18,-374.9102783203125,-1250.3004150390625,-374.9048767089844,-74.98118591308594,-75.05463409423828,-74.97998046875,-499.8681335449219,-375.394775390625
1.775875850203939e+18,-374.787353515625,-1248.76318359375,-374.8741149902344,-75.00577545166016,-75.06693267822266,-75.02920532226562,-499.8681335449219,-374.7796936035156
1.775875850204939e+18,-375.0946350097656,-1250.915283203125,-374.9971008300781,-74.96888732910156,-74.94393920898438,-74.9984359741211,-500.1552429199219,-375.2409973144531
1.775875850205939e+18,-375.217529296875,-1250.6077880859375,-374.93560791015625,-74.98118591308594,-74.97468566894531,-74.93690490722656,-499.7861022949219,-375.17950439453125
1.7758758502069391e+18,-375.1867980957031,-1249.992919921875,-374.8433837890625,-74.96273803710938,-74.96853637695312,-74.93075561523438,-499.7450866699219,-375.05645751953125
1.775875850207939e+18,-375.37115478515625,-1250.50537109375,-375.3353271484375,-75.0303726196289,-75.00543975830078,-74.97382354736328,-499.6220397949219,-374.7181701660156
1.775875850208939e+18,-374.94097900390625,-1249.173095703125,-374.7511291503906,-74.97503662109375,-74.931640625,-74.96151733398438,-499.4169921875,-374.8719482421875
1.775875850209939e+18,-375.1867980957031,-1251.017822265625,-375.1508483886719,-74.9873275756836,-74.96853637695312,-74.93690490722656,-499.9911804199219,-375.08721923828125
1.775875850210939e+18,-375.1867980957031,-1249.7879638671875,-374.6281433105469,-74.97503662109375,-75.00543975830078,-75.05996704101562,-499.8271179199219,-374.7181701660156
1.7758758502119388e+18,-374.8180847167969,-1250.1978759765625,-375.3045959472656,-74.97503662109375,-74.9992904663086,-75.04766082763672,-499.5810546875,-374.9027099609375
1.7758758502129388e+18,-374.7259216308594,-1250.095458984375,-375.24310302734375,-74.95658874511719,-74.97468566894531,-75.0230484008789,-499.7040710449219,-374.62591552734375
1.7758758502139387e+18,-375.0331726074219,-1249.3780517578125,-374.9971008300781,-75.04267120361328,-74.95008850097656,-74.9676742553711,-500.0321960449219,-375.05645751953125
1.7758758502149386e+18,-374.5415344238281,-1249.275634765625,-375.0278625488281,-75.0365219116211,-75.05463409423828,-74.9984359741211,-499.6630554199219,-374.6566467285156
1.7758758502159386e+18,-374.8795471191406,-1250.095458984375,-375.1200866699219,-74.9873275756836,-75.00543975830078,-75.01689910888672,-500.1552429199219,-375.11798095703125
1.7758758502169385e+18,-374.63372802734375,-1248.76318359375,-374.7511291503906,-74.99347686767578,-75.01773834228516,-75.03535461425781,-500.1962585449219,-375.364013671875
1.7758758502179384e+18,-375.2482604980469,-1249.3780517578125,-374.7511291503906,-75.01192474365234,-75.05463409423828,-75.04766082763672,-499.7861022949219,-374.8104248046875
1.7758758502189386e+18,-375.37115478515625,-1249.0706787109375,-374.9048767089844,-75.01807403564453,-74.96238708496094,-74.94921112060547,-500.3603210449219,-374.9334411621094
1.7758758502199386e+18,-374.7566223144531,-1249.8905029296875,-375.3353271484375,-74.96273803710938,-74.9808349609375,-75.01689910888672,-499.6630554199219,-374.5028991699219
1.7758758502209385e+18,-375.15606689453125,-1249.275634765625,-374.597412109375,-75.01192474365234,-75.01773834228516,-74.97998046875,-499.8271179199219,-375.364013671875
1.7758758502219384e+18,-375.00244140625,-1250.50537109375,-375.08935546875,-75.04267120361328,-75.0484848022461,-74.9984359741211,-499.7450866699219,-374.8104248046875
1.7758758502229384e+18,-375.00244140625,-1251.017822265625,-375.1508483886719,-74.96888732910156,-74.98699188232422,-75.05996704101562,-500.1142272949219,-374.7181701660156
1.7758758502239383e+18,-374.787353515625,-1249.4805908203125,-374.7511291503906,-74.96888732910156,-74.95008850097656,-74.9984359741211,-500.0732116699219,-375.425537109375
1.7758758502249382e+18,-374.5415344238281,-1249.7879638671875,-375.05859375,-75.0365219116211,-75.00543975830078,-74.96151733398438,-499.9911804199219,-375.364013671875
1.7758758502259382e+18,-374.9717102050781,-1251.017822265625,-374.8741149902344,-74.96273803710938,-75.01158905029297,-75.02920532226562,-499.4990234375,-374.9027099609375
1.775875850226938e+18,-374.8795471191406,-1249.7879638671875,-375.3045959472656,-74.99347686767578,-74.98699188232422,-75.04766082763672,-500.1962585449219,-374.7181701660156
1.775875850227938e+18,-374.84881591796875,-1249.685546875,-375.3353271484375,-74.99347686767578,-74.96853637695312,-75.0107421875,-499.7861022949219,-374.56439208984375
1.775875850228938e+18,-374.8795471191406,-1250.40283203125,-374.8126220703125,-74.96888732910156,-75.0484848022461,-74.9984359741211,-499.7040710449219,-375.3025207519531
1.7758758502299382e+18,-375.37115478515625,-1250.915283203125,-375.08935546875,-74.95658874511719,-74.94393920898438,-74.95536804199219,-499.9501647949219,-375.05645751953125
1.775875850230938e+18,-374.7566223144531,-1248.9681396484375,-374.6281433105469,-74.95658874511719,-74.97468566894531,-74.93075561523438,-499.7450866699219,-374.8719482421875
1.775875850231938e+18,-375.0331726074219,-1251.017822265625,-375.05859375,-74.96888732910156,-74.92549133300781,-74.98612976074219,-500.1142272949219,-375.11798095703125
1.775875850232938e+18,-374.84881591796875,-1250.3004150390625,-374.7511291503906,-74.95658874511719,-75.03618621826172,-75.0107421875,-499.8271179199219,-374.7796936035156
1.775875850233938e+18,-374.7259216308594,-1249.0706787109375,-375.1200866699219,-75.01807403564453,-74.95623779296875,-74.93075561523438,-499.9911804199219,-375.11798095703125
1.7758758502349379e+18,-374.94097900390625,-1250.40283203125,-374.8126220703125,-74.95658874511719,-75.0484848022461,-74.9984359741211,-499.7861022949219,-375.3025207519531
1.7758758502359378e+18,-375.15606689453125,-1250.812744140625,-374.7511291503906,-74.99962615966797,-75.05463409423828,-74.94921112060547,-499.8271179199219,-375.11798095703125
1.7758758502369377e+18,-375.0946350097656,-1251.017822265625,-374.7818908691406,-74.99962615966797,-75.06078338623047,-74.94921112060547,-499.8271179199219,-375.11798095703125
1.7758758502379377e+18,-375.3404541015625,-1250.812744140625,-375.1816101074219,-75.04882049560547,-75.0484848022461,-74.9984359741211,-499.5810546875,-374.7181701660156
1.7758758502389376e+18,-374.63372802734375,-1250.1978759765625,-375.1200866699219,-75.00577545166016,-74.92549133300781,-74.96151733398438,-500.0732116699219,-375.425537109375
1.7758758502399375e+18,-375.1867980957031,-1249.5830078125,-374.8126220703125,-75.0303726196289,-74.98699188232422,-74.98612976074219,-500.4013366699219,-374.9027099609375
1.7758758502409375e+18,-374.7566223144531,-1249.992919921875,-375.24310302734375,-74.95658874511719,-74.97468566894531,-75.0107421875,-499.8271179199219,-374.53363037109375
1.7758758502419377e+18,-375.06390380859375,-1248.9681396484375,-374.8741149902344,-75.00577545166016,-75.02388763427734,-74.94306182861328,-499.8271179199219,-375.11798095703125
1.7758758502429376e+18,-374.7566223144531,-1249.992919921875,-375.3660888671875,-74.99347686767578,-74.96238708496094,-75.00459289550781,-500.4013366699219,-374.62591552734375
1.7758758502439375e+18,-375.0331726074219,-1250.6077880859375,-374.597412109375,-74.9873275756836,-75.02388763427734,-74.97382354736328,-499.7861022949219,-375.394775390625
1.7758758502449375e+18,-374.8180847167969,-1248.86572265625,-374.8126220703125,-74.99962615966797,-74.9808349609375,-74.9984359741211,-500.2372741699219,-375.2717590332031
1.7758758502459374e+18,-374.94097900390625,-1249.4805908203125,-374.9971008300781,-75.04267120361328,-75.00543975830078,-74.9676742553711,-500.0732116699219,-375.364013671875
1.7758758502469373e+18,-375.1253662109375,-1250.3004150390625,-374.8741149902344,-75.01192474365234,-75.0484848022461,-74.9676742553711,-499.9501647949219,-375.425537109375
1.7758758502479373e+18,-374.572265625,-1250.40283203125,-375.08935546875,-74.9873275756836,-74.9808349609375,-75.04766082763672,-499.7861022949219,-374.9027099609375
1.7758758502489372e+18,-374.94097900390625,-1250.50537109375,-374.7511291503906,-74.95658874511719,-75.01773834228516,-75.0230484008789,-499.6630554199219,-374.56439208984375
1.7758758502499372e+18,-374.8180847167969,-1248.9681396484375,-374.9971008300781,-75.01192474365234,-74.96238708496094,-74.93690490722656,-500.2782897949219,-375.11798095703125
1.775875850250937e+18,-374.7259216308594,-1249.7879638671875,-375.3353271484375,-74.98118591308594,-74.95623779296875,-74.9984359741211,-499.9911804199219,-374.53363037109375
1.775875850251937e+18,-375.1253662109375,-1250.1978759765625,-375.24310302734375,-74.99962615966797,-74.97468566894531,-74.96151733398438,-499.5810546875,-374.9642028808594
1.775875850252937e+18,-374.787353515625,-1249.8905029296875,-375.3045959472656,-75.00577545166016,-74.96238708496094,-74.94921112060547,-500.2782897949219,-375.2102355957031
1.7758758502539372e+18,-375.3097229003906,-1250.40283203125,-374.7511291503906,-74.99962615966797,-75.03618621826172,-74.93690490722656,-499.9911804199219,-375.17950439453125
1.775875850254937e+18,-375.0331726074219,-1249.4805908203125,-375.05859375,-75.0303726196289,-74.97468566894531,-74.98612976074219,-500.4013366699219,-375.14874267578125
1.775875850255937e+18,-374.8180847167969,-1250.40283203125,-375.3045959472656,-74.99347686767578,-74.96853637695312,-74.98612976074219,-500.44232177734375,-375.08721923828125
1.775875850256937e+18,-374.9102783203125,-1249.3780517578125,-375.05859375,-74.97503662109375,-74.93778991699219,-75.00459289550781,-500.1552429199219,-374.8411865234375
1.775875850257937e+18,-374.7566223144531,-1249.992919921875,-375.24310302734375,-74.950439453125,-74.97468566894531,-75.0107421875,-499.7861022949219,-374.53363037109375
1.7758758502589368e+18,-375.2482604980469,-1250.812744140625,-375.1816101074219,-75.0303726196289,-75.01773834228516,-74.98612976074219,-499.5400390625,-374.62591552734375
1.7758758502599368e+18,-375.06390380859375,-1249.0706787109375,-374.7511291503906,-75.00577545166016,-75.06078338623047,-75.04151153564453,-499.8271179199219,-374.8104248046875
1.7758758502609367e+18,-375.3097229003906,-1249.7879638671875,-374.7511291503906,-74.99347686767578,-74.9992904663086,-74.93690490722656,-500.0732116699219,-375.11798095703125
1.7758758502619366e+18,-375.00244140625,-1250.095458984375,-374.597412109375,-75.01192474365234,-75.02388763427734,-74.9676742553711,-499.7450866699219,-375.394775390625
1.7758758502629366e+18,-374.7566223144531,-1249.8905029296875,-375.1508483886719,-74.950439453125,-74.97468566894531,-75.01689910888672,-499.6630554199219,-374.56439208984375
1.7758758502639365e+18,-375.0946350097656,-1249.685546875,-374.7818908691406,-75.0303726196289,-74.9992904663086,-74.97382354736328,-500.1962585449219,-375.394775390625
1.7758758502649367e+18,-374.8180847167969,-1249.0706787109375,-375.05859375,-75.01192474365234,-75.03618621826172,-74.98612976074219,-499.5810546875,-374.7796936035156
1.7758758502659366e+18,-375.1867980957031,-1250.1978759765625,-375.1816101074219,-74.96888732910156,-74.96853637695312,-74.97382354736328,-499.4990234375,-374.7489318847656
1.7758758502669366e+18,-374.6644592285156,-1249.5830078125,-374.8433837890625,-74.94429016113281,-74.95008850097656,-74.96151733398438,-499.7450866699219,-374.53363037109375
1.7758758502679365e+18,-374.8180847167969,-1250.6077880859375,-375.1816101074219,-74.96888732910156,-74.9992904663086,-75.02920532226562,-499.4990234375,-374.9949645996094
1.7758758502689364e+18,-375.3404541015625,-1249.173095703125,-374.96636962890625,-75.02422332763672,-74.94393920898438,-74.98612976074219,-500.2372741699219,-374.8719482421875
1.7758758502699364e+18,-374.8180847167969,-1250.40283203125,-375.21234130859375,-74.96888732910156,-74.9931411743164,-75.04766082763672,-499.6220397949219,-374.8104248046875
1.7758758502709363e+18,-375.00244140625,-1249.5830078125,-375.08935546875,-75.0365219116211,-74.97468566894531,-74.9922866821289,-500.44232177734375,-375.0257263183594
1.7758758502719363e+18,-375.0331726074219,-1250.3004150390625,-374.6281433105469,-74.99962615966797,-75.02388763427734,-74.97382354736328,-499.6220397949219,-375.3025207519531
1.7758758502729362e+18,-375.3097229003906,-1249.4805908203125,-374.72039794921875,-74.99962615966797,-75.02388763427734,-75.05996704101562,-499.9911804199219,-374.7181701660156
1.7758758502739361e+18,-374.787353515625,-1249.7879638671875,-375.1816101074219,-75.01192474365234,-74.95008850097656,-74.93075561523438,-499.8271179199219,-375.11798095703125
1.775875850274936e+18,-375.37115478515625,-1249.685546875,-374.8741149902344,-75.04267120361328,-75.03618621826172,-74.96151733398438,-499.9911804199219,-375.425537109375
1.775875850275936e+18,-374.7566223144531,-1250.095458984375,-375.2738342285156,-74.96273803710938,-74.9808349609375,-75.01689910888672,-499.7861022949219,-374.56439208984375
1.7758758502769362e+18,-375.1867980957031,-1249.7879638671875,-374.597412109375,-75.02422332763672,-75.00543975830078,-74.9676742553711,-500.1142272949219,-375.364013671875
1.775875850277936e+18,-375.27899169921875,-1250.095458984375,-374.8126220703125,-74.99962615966797,-75.0484848022461,-74.9676742553711,-499.9911804199219,-375.394775390625
1.775875850278936e+18,-374.63372802734375,-1249.7879638671875,-375.1200866699219,-74.97503662109375,-74.95623779296875,-75.04766082763672,-500.0321960449219,-374.8411865234375
1.775875850279936e+18,-375.4018859863281,-1250.40283203125,-374.7511291503906,-74.99347686767578,-75.0484848022461,-75.04766082763672,-499.8271179199219,-374.7796936035156
1.775875850280936e+18,-374.6951904296875,-1249.5830078125,-374.597412109375,-74.96273803710938,-74.96238708496094,-74.93690490722656,-499.6220397949219,-374.8104248046875
1.775875850281936e+18,-375.1867980957031,-1251.1202392578125,-375.3045959472656,-75.01807403564453,-75.03618621826172,-75.01689910888672,-499.9501647949219,-374.56439208984375
1.7758758502829358e+18,-375.37115478515625,-1249.8905029296875,-374.8433837890625,-75.0303726196289,-75.03003692626953,-74.94921112060547,-499.9501647949219,-375.364013671875
1.7758758502839357e+18,-374.8795471191406,-1250.6077880859375,-375.24310302734375,-74.96273803710938,-74.98699188232422,-75.05381774902344,-500.1962585449219,-374.7181701660156
1.7758758502849357e+18,-375.1253662109375,-1250.7103271484375,-375.1508483886719,-75.00577545166016,-74.95623779296875,-74.94921112060547,-499.9501647949219,-375.2102355957031
1.7758758502859356e+18,-375.4326171875,-1250.40283203125,-375.21234130859375,-75.02422332763672,-74.9992904663086,-74.9676742553711,-499.7861022949219,-374.8719482421875
1.7758758502869356e+18,-375.00244140625,-1249.4805908203125,-374.7511291503906,-75.01192474365234,-75.03618621826172,-74.97382354736328,-499.4990234375,-374.7181701660156
1.7758758502879355e+18,-374.5108337402344,-1249.275634765625,-374.96636962890625,-75.01192474365234,-75.0484848022461,-75.01689910888672,-500.4013366699219,-375.08721923828125
1.7758758502889354e+18,-374.8795471191406,-1249.7879638671875,-375.3045959472656,-74.99962615966797,-74.96853637695312,-74.9984359741211,-500.3603210449219,-374.62591552734375
1.7758758502899354e+18,-374.9717102050781,-1250.812744140625,-374.72039794921875,-74.9873275756836,-75.01773834228516,-74.9676742553711,-499.5400390625,-375.2409973144531
1.7758758502909353e+18,-375.1253662109375,-1251.1202392578125,-374.96636962890625,-74.97503662109375,-75.00543975830078,-75.04766082763672,-499.9911804199219,-374.8104248046875
1.7758758502919352e+18,-375.1253662109375,-1249.4805908203125,-374.6281433105469,-74.99962615966797,-75.02388763427734,-74.97382354736328,-499.7450866699219,-375.364013671875
1.7758758502929352e+18,-375.27899169921875,-1250.1978759765625,-374.8433837890625,-74.99962615966797,-75.05463409423828,-74.9984359741211,-499.7861022949219,-375.05645751953125
1.775875850293935e+18,-374.9717102050781,-1251.017822265625,-374.9971008300781,-74.96888732910156,-74.9992904663086,-75.05996704101562,-500.1552429199219,-374.7796936035156
1.775875850294935e+18,-375.1867980957031,-1251.017822265625,-375.3045959472656,-75.01192474365234,-74.97468566894531,-74.97382354736328,-499.7040710449219,-374.6566467285156
1.775875850295935e+18,-374.8180847167969,-1249.275634765625,-375.05859375,-75.02422332763672,-75.02388763427734,-74.9984359741211,-499.6630554199219,-374.7796936035156
1.775875850296935e+18,-374.7566223144531,-1249.4805908203125,-375.1816101074219,-74.97503662109375,-74.95008850097656,-75.04151153564453,-499.9501647949219,-374.8719482421875
1.7758758502979348e+18,-375.1253662109375,-1248.86572265625,-374.9048767089844,-75.01192474365234,-74.97468566894531,-74.97998046875,-500.4013366699219,-374.8719482421875
1.7758758502989348e+18,-374.7566223144531,-1250.095458984375,-375.2738342285156,-74.95658874511719,-74.9808349609375,-75.0107421875,-499.8681335449219,-374.5028991699219
1.7758758502999347e+18,-374.787353515625,-1249.3780517578125,-374.9971008300781,-75.02422332763672,-74.95008850097656,-74.9676742553711,-500.0732116699219,-375.08721923828125
1.7758758503009347e+18,-375.3097229003906,-1249.7879638671875,-374.7818908691406,-74.93814086914062,-74.9931411743164,-75.01689910888672,-500.48333740234375,-375.08721923828125
1.7758758503019346e+18,-374.787353515625,-1248.76318359375,-374.8433837890625,-75.00577545166016,-75.0423355102539,-75.04766082763672,-500.1962585449219,-375.17950439453125
1.7758758503029345e+18,-374.7566223144531,-1249.992919921875,-375.1508483886719,-74.950439453125,-74.9931411743164,-75.0230484008789,-499.8271179199219,-374.9949645996094
1.7758758503039345e+18,-375.0331726074219,-1250.6077880859375,-374.9048767089844,-74.9873275756836,-75.06078338623047,-74.9922866821289,-499.7450866699219,-375.11798095703125
1.7758758503049344e+18,-374.8795471191406,-1250.50537109375,-374.7818908691406,-74.950439453125,-75.03003692626953,-75.0107421875,-499.8271179199219,-374.9949645996094
1.7758758503059343e+18,-375.37115478515625,-1250.40283203125,-374.9971008300781,-74.950439453125,-74.95008850097656,-74.96151733398438,-499.7450866699219,-374.53363037109375
1.7758758503069343e+18,-374.6644592285156,-1249.173095703125,-374.7511291503906,-74.950439453125,-74.96238708496094,-74.93690490722656,-499.7450866699219,-374.8719482421875
1.7758758503079342e+18,-375.06390380859375,-1250.095458984375,-375.05859375,-75.01192474365234,-75.03003692626953,-75.03535461425781,-500.1552429199219,-375.3025207519531
1.7758758503089341e+18,-375.0331726074219,-1250.1978759765625,-375.1508483886719,-75.0303726196289,-75.03618621826172,-75.0230484008789,-500.52435302734375,-375.394775390625
1.775875850309934e+18,-375.4018859863281,-1250.915283203125,-375.1200866699219,-75.0365219116211,-75.0484848022461,-75.0230484008789,-500.4013366699219,-375.333251953125
1.775875850310934e+18,-375.2482604980469,-1250.812744140625,-375.1200866699219,-75.04882049560547,-75.03618621826172,-74.97998046875,-499.7040710449219,-374.7489318847656
1.775875850311934e+18,-375.1867980957031,-1249.685546875,-374.7511291503906,-75.0365219116211,-75.00543975830078,-74.97382354736328,-500.1962585449219,-375.2717590332031
1.775875850312934e+18,-375.06390380859375,-1251.017822265625,-375.3660888671875,-74.99347686767578,-74.94393920898438,-74.94306182861328,-499.7450866699219,-375.05645751953125
1.7758758503139338e+18,-374.6644592285156,-1249.5830078125,-374.8741149902344,-74.950439453125,-74.98699188232422,-74.97998046875,-499.5810546875,-375.0257263183594
1.7758758503149338e+18,-374.84881591796875,-1248.76318359375,-374.8741149902344,-74.99962615966797,-74.96238708496094,-74.97998046875,-499.9911804199219,-374.8104248046875
1.7758758503159337e+18,-375.1253662109375,-1249.173095703125,-374.7818908691406,-74.96273803710938,-74.96238708496094,-74.98612976074219,-500.2782897949219,-375.333251953125
1.7758758503169336e+18,-374.7259216308594,-1249.3780517578125,-374.72039794921875,-74.97503662109375,-74.98699188232422,-75.04151153564453,-500.4013366699219,-375.11798095703125
1.7758758503179336e+18,-374.6644592285156,-1249.173095703125,-374.72039794921875,-74.97503662109375,-74.92549133300781,-74.96151733398438,-500.0732116699219,-375.11798095703125
1.7758758503189335e+18,-374.94097900390625,-1250.40283203125,-374.9048767089844,-74.99962615966797,-75.0484848022461,-74.95536804199219,-499.9501647949219,-375.2717590332031
1.7758758503199334e+18,-374.84881591796875,-1249.7879638671875,-375.3045959472656,-74.99962615966797,-74.96238708496094,-75.03535461425781,-500.2782897949219,-374.7181701660156
1.7758758503209334e+18,-375.1867980957031,-1250.915283203125,-375.08935546875,-74.96273803710938,-74.93778991699219,-74.98612976074219,-500.1142272949219,-375.333251953125
1.7758758503219333e+18,-375.1253662109375,-1250.40283203125,-375.08935546875,-74.99347686767578,-74.94393920898438,-74.94921112060547,-499.6630554199219,-374.6874084472656
1.7758758503229332e+18,-375.1253662109375,-1250.915283203125,-375.3045959472656,-75.00577545166016,-74.96853637695312,-74.97382354736328,-499.6630554199219,-374.7796936035156
1.7758758503239332e+18,-374.8180847167969,-1249.3780517578125,-375.05859375,-74.99962615966797,-75.06078338623047,-75.0230484008789,-500.2782897949219,-374.8719482421875
1.775875850324933e+18,-374.8180847167969,-1249.5830078125,-374.6281433105469,-74.97503662109375,-74.96853637695312,-74.93690490722656,-499.6630554199219,-374.53363037109375
1.775875850325933e+18,-374.84881591796875,-1250.1978759765625,-375.3045959472656,-74.9873275756836,-74.9808349609375,-75.03535461425781,-500.2372741699219,-374.7489318847656
1.775875850326933e+18,-374.8795471191406,-1249.7879638671875,-375.3353271484375,-74.99347686767578,-74.97468566894531,-75.03535461425781,-500.1552429199219,-374.6874084472656
1.775875850327933e+18,-374.9717102050781,-1251.017822265625,-374.9971008300781,-74.96273803710938,-74.9931411743164,-75.05381774902344,-499.6220397949219,-374.7796936035156
1.7758758503289329e+18,-375.3404541015625,-1249.173095703125,-374.8741149902344,-75.01192474365234,-74.96853637695312,-74.93690490722656,-500.2372741699219,-375.08721923828125
1.7758758503299328e+18,-374.6029968261719,-1249.275634765625,-374.8433837890625,-74.97503662109375,-74.9992904663086,-75.0107421875,-500.4013366699219,-375.394775390625
1.7758758503309327e+18,-375.1253662109375,-1250.915283203125,-375.3045959472656,-75.01192474365234,-74.95623779296875,-74.94306182861328,-499.6630554199219,-374.7796936035156
1.7758758503319327e+18,-374.787353515625,-1249.0706787109375,-374.96636962890625,-75.01807403564453,-75.00543975830078,-74.94306182861328,-499.7450866699219,-375.05645751953125
1.7758758503329326e+18,-374.94097900390625,-1249.5830078125,-375.2738342285156,-75.01192474365234,-74.95623779296875,-74.9984359741211,-500.4013366699219,-374.8411865234375
1.7758758503339325e+18,-375.1867980957031,-1250.40283203125,-374.7511291503906,-74.93814086914062,-74.98699188232422,-75.0107421875,-500.3603210449219,-374.6874084472656
1.7758758503349325e+18,-374.7566223144531,-1250.7103271484375,-374.9971008300781,-74.97503662109375,-75.00543975830078,-75.04766082763672,-499.8681335449219,-374.9334411621094
1.7758758503359324e+18,-375.3404541015625,-1249.7879638671875,-374.8126220703125,-75.00577545166016,-75.00543975830078,-74.93690490722656,-499.9911804199219,-375.17950439453125
1.7758758503369324e+18,-374.63372802734375,-1250.3004150390625,-375.05859375,-74.98118591308594,-75.00543975830078,-75.04766082763672,-499.6630554199219,-374.9334411621094
1.7758758503379323e+18,-375.37115478515625,-1250.40283203125,-375.21234130859375,-75.01192474365234,-74.97468566894531,-74.95536804199219,-499.4169921875,-374.7181701660156
1.7758758503389322e+18,-374.787353515625,-1249.5830078125,-375.1508483886719,-75.01192474365234,-74.95623779296875,-74.93075561523438,-499.8681335449219,-375.08721923828125
1.7758758503399322e+18,-375.00244140625,-1249.5830078125,-375.24310302734375,-75.01192474365234,-74.95623779296875,-75.00459289550781,-500.48333740234375,-374.6566467285156
1.775875850340932e+18,-375.0331726074219,-1250.7103271484375,-374.7511291503906,-74.97503662109375,-75.00543975830078,-75.0230484008789,-499.4990234375,-374.7796936035156
1.775875850341932e+18,-374.9717102050781,-1249.3780517578125,-374.9971008300781,-75.0365219116211,-75.01158905029297,-74.97382354736328,-499.7861022949219,-375.364013671875
1.775875850342932e+18,-375.27899169921875,-1250.3004150390625,-374.7818908691406,-74.950439453125,-75.03618621826172,-75.0107421875,-499.7861022949219,-374.6566467285156
1.775875850343932e+18,-375.1867980957031,-1250.6077880859375,-374.7511291503906,-74.99962615966797,-75.0484848022461,-74.95536804199219,-499.8271179199219,-375.17950439453125
1.7758758503449318e+18,-375.1253662109375,-1250.40283203125,-375.3045959472656,-75.01192474365234,-75.06078338623047,-75.05381774902344,-500.0732116699219,-375.0257263183594
1.7758758503459318e+18,-374.787353515625,-1250.1978759765625,-375.3968200683594,-74.99347686767578,-74.95623779296875,-74.9984359741211,-500.4013366699219,-375.3025207519531
1.7758758503469317e+18,-375.06390380859375,-1249.992919921875,-374.6281433105469,-74.99962615966797,-75.02388763427734,-74.97382354736328,-499.6220397949219,-375.2717590332031
1.7758758503479316e+18,-374.94097900390625,-1250.915283203125,-374.9971008300781,-74.96273803710938,-74.9992904663086,-75.05996704101562,-499.6220397949219,-374.6874084472656
1.7758758503489316e+18,-375.15606689453125,-1250.3004150390625,-374.7511291503906,-74.950439453125,-75.03618621826172,-75.0107421875,-499.7861022949219,-374.8719482421875
1.7758758503499315e+18,-375.37115478515625,-1250.095458984375,-374.8433837890625,-74.96888732910156,-75.0423355102539,-75.0107421875,-499.7450866699219,-374.62591552734375
1.7758758503509315e+18,-374.8795471191406,-1249.3780517578125,-374.9971008300781,-75.04882049560547,-74.97468566894531,-74.96151733398438,-499.9911804199219,-375.425537109375
1.7758758503519314e+18,-375.4018859863281,-1250.1978759765625,-374.8741149902344,-74.95658874511719,-74.95008850097656,-74.96151733398438,-499.7861022949219,-375.11798095703125
1.7758758503529313e+18,-374.5415344238281,-1249.685546875,-375.1200866699219,-75.01192474365234,-74.94393920898438,-74.9676742553711,-500.0321960449219,-375.364013671875
1.7758758503539313e+18,-374.8180847167969,-1249.275634765625,-375.0278625488281,-75.01192474365234,-74.93778991699219,-74.98612976074219,-500.1142272949219,-374.8411865234375
1.7758758503549312e+18,-375.3404541015625,-1249.685546875,-374.96636962890625,-75.04882049560547,-74.97468566894531,-74.97382354736328,-499.9911804199219,-374.8104248046875
1.7758758503559311e+18,-375.1253662109375,-1249.173095703125,-374.597412109375,-74.98118591308594,-74.9992904663086,-75.05381774902344,-499.6220397949219,-374.7489318847656
1.775875850356931e+18,-375.37115478515625,-1249.8905029296875,-374.8433837890625,-74.99962615966797,-75.05463409423828,-74.9922866821289,-499.7450866699219,-375.2102355957031
1.775875850357931e+18,-375.217529296875,-1250.812744140625,-374.9048767089844,-74.9873275756836,-75.0484848022461,-75.01689910888672,-499.7040710449219,-374.9949645996094
1.775875850358931e+18,-374.6951904296875,-1249.275634765625,-374.566650390625,-74.96273803710938,-74.96853637695312,-74.94306182861328,-499.7040710449219,-374.9334411621094
1.775875850359931e+18,-374.8180847167969,-1250.1978759765625,-375.3660888671875,-75.00577545166016,-74.97468566894531,-74.98612976074219,-500.44232177734375,-375.05645751953125
1.7758758503609308e+18,-374.9717102050781,-1251.1202392578125,-374.8433837890625,-74.98118591308594,-75.01158905029297,-74.9676742553711,-499.4990234375,-375.2717590332031
1.7758758503619308e+18,-374.94097900390625,-1250.812744140625,-375.1508483886719,-74.96888732910156,-74.9992904663086,-75.05381774902344,-499.7861022949219,-374.7489318847656
1.7758758503629307e+18,-374.7566223144531,-1248.9681396484375,-375.24310302734375,-74.99962615966797,-74.97468566894531,-74.9984359741211,-500.3603210449219,-374.8104248046875
1.7758758503639306e+18,-375.0331726074219,-1250.40283203125,-374.8126220703125,-74.96273803710938,-75.03618621826172,-74.9984359741211,-499.8271179199219,-375.11798095703125
1.7758758503649306e+18,-375.00244140625,-1249.4805908203125,-374.7511291503906,-74.98118591308594,-74.98699188232422,-75.03535461425781,-500.1552429199219,-375.11798095703125
1.7758758503659305e+18,-374.63372802734375,-1249.275634765625,-374.6589050292969,-74.96273803710938,-74.9808349609375,-75.00459289550781,-500.3603210449219,-375.17950439453125
1.7758758503669304e+18,-375.37115478515625,-1250.095458984375,-374.8126220703125,-74.950439453125,-75.02388763427734,-75.0230484008789,-499.6220397949219,-374.5028991699219
1.7758758503679304e+18,-375.0946350097656,-1249.5830078125,-374.7511291503906,-75.0365219116211,-75.02388763427734,-74.97382354736328,-499.6630554199219,-375.3025207519531
1.7758758503689303e+18,-375.0331726074219,-1249.4805908203125,-375.1816101074219,-74.99962615966797,-74.96853637695312,-75.00459289550781,-500.0321960449219,-374.5028991699219
1.7758758503699302e+18,-374.9102783203125,-1249.5830078125,-375.2738342285156,-75.0303726196289,-74.96238708496094,-74.9984359741211,-500.44232177734375,-374.59515380859375
1.7758758503709302e+18,-375.15606689453125,-1249.4805908203125,-374.7818908691406,-75.04882049560547,-74.9931411743164,-74.9676742553711,-500.3193054199219,-375.333251953125
1.77587585037193e+18,-375.27899169921875,-1250.50537109375,-374.72039794921875,-74.99962615966797,-75.06078338623047,-74.98612976074219,-499.7450866699219,-375.0257263183594
1.77587585037293e+18,-375.00244140625,-1249.5830078125,-374.72039794921875,-74.93814086914062,-74.95623779296875,-74.97998046875,-499.7450866699219,-374.9642028808594
1.77587585037393e+18,-375.0946350097656,-1249.4805908203125,-374.6589050292969,-75.02422332763672,-75.02388763427734,-74.96151733398438,-499.4580078125,-375.0257263183594
1.77587585037493e+18,-375.1253662109375,-1250.40283203125,-374.8126220703125,-74.96273803710938,-74.97468566894531,-74.98612976074219,-500.2372741699219,-375.17950439453125
1.7758758503759299e+18,-374.787353515625,-1250.1978759765625,-375.3045959472656,-74.98118591308594,-74.95623779296875,-75.02920532226562,-500.44232177734375,-374.8411865234375
1.7758758503769298e+18,-374.6644592285156,-1249.4805908203125,-375.08935546875,-74.99962615966797,-74.931640625,-74.98612976074219,-500.1962585449219,-374.7796936035156
1.7758758503779297e+18,-374.5415344238281,-1249.992919921875,-375.1508483886719,-74.97503662109375,-74.94393920898438,-75.03535461425781,-500.0321960449219,-374.8104248046875
1.7758758503789297e+18,-374.8795471191406,-1249.3780517578125,-374.9971008300781,-75.0365219116211,-74.94393920898438,-74.97382354736328,-500.1552429199219,-374.8104248046875
1.7758758503799296e+18,-374.6644592285156,-1249.992919921875,-375.08935546875,-75.0365219116211,-75.05463409423828,-75.0230484008789,-500.3603210449219,-375.2409973144531
1.7758758503809295e+18,-374.63372802734375,-1249.275634765625,-374.7511291503906,-74.950439453125,-74.95008850097656,-74.95536804199219,-499.4990234375,-374.6874084472656
1.7758758503819295e+18,-375.15606689453125,-1249.5830078125,-374.68963623046875,-74.94429016113281,-74.96238708496094,-74.96151733398438,-499.4580078125,-374.8411865234375
1.7758758503829297e+18,-374.8180847167969,-1248.86572265625,-374.93560791015625,-75.01192474365234,-75.03618621826172,-75.05381774902344,-500.1142272949219,-374.9949645996094
1.7758758503839296e+18,-374.9717102050781,-1248.86572265625,-374.93560791015625,-75.01807403564453,-74.96238708496094,-74.93075561523438,-500.0321960449219,-375.17950439453125
1.7758758503849295e+18,-374.7566223144531,-1249.173095703125,-374.9971008300781,-75.0365219116211,-75.05463409423828,-74.98612976074219,-499.6630554199219,-374.56439208984375
1.7758758503859295e+18,-375.3404541015625,-1250.1978759765625,-374.8126220703125,-74.97503662109375,-74.92549133300781,-74.97998046875,-500.1142272949219,-375.2409973144531
1.7758758503869297e+18,-374.63372802734375,-1248.9681396484375,-374.68963623046875,-74.96888732910156,-74.92549133300781,-74.97382354736328,-500.0321960449219,-375.11798095703125
1.7758758503879296e+18,-374.7259216308594,-1249.8905029296875,-375.24310302734375,-75.04267120361328,-74.9992904663086,-74.96151733398438,-499.6630554199219,-375.2409973144531
1.7758758503889295e+18,-375.4018859863281,-1249.4805908203125,-374.7818908691406,-75.00577545166016,-74.96853637695312,-74.94306182861328,-500.2782897949219,-375.08721923828125
1.7758758503899295e+18,-374.9102783203125,-1250.3004150390625,-374.8126220703125,-74.950439453125,-75.02388763427734,-75.01689910888672,-499.7450866699219,-374.7181701660156
1.7758758503909297e+18,-375.4326171875,-1249.4805908203125,-374.7511291503906,-75.01192474365234,-75.06078338623047,-74.9676742553711,-499.6220397949219,-375.05645751953125
1.7758758503919296e+18,-375.3404541015625,-1249.275634765625,-374.8433837890625,-74.99962615966797,-74.9931411743164,-74.93690490722656,-499.8681335449219,-375.14874267578125
1.7758758503929295e+18,-375.1867980957031,-1249.3780517578125,-374.68963623046875,-75.01807403564453,-75.01773834228516,-74.96151733398438,-499.6630554199219,-375.3025207519531
1.7758758503939295e+18,-374.6644592285156,-1249.275634765625,-374.8126220703125,-74.96273803710938,-74.9992904663086,-75.0107421875,-500.48333740234375,-375.425537109375
1.7758758503949297e+18,-375.1867980957031,-1250.6077880859375,-374.9048767089844,-74.96273803710938,-74.97468566894531,-75.01689910888672,-500.4013366699219,-375.05645751953125
1.7758758503959296e+18,-375.37115478515625,-1249.7879638671875,-374.7818908691406,-75.01192474365234,-74.9808349609375,-74.93690490722656,-500.0732116699219,-375.14874267578125
1.7758758503969295e+18,-374.8180847167969,-1248.76318359375,-374.9971008300781,-75.01192474365234,-74.96853637695312,-74.94306182861328,-500.2372741699219,-375.11798095703125
1.7758758503979295e+18,-375.3097229003906,-1249.685546875,-374.8433837890625,-75.02422332763672,-75.06078338623047,-74.97998046875,-499.7861022949219,-375.2102355957031
1.7758758503989297e+18,-375.4018859863281,-1249.8905029296875,-374.68963623046875,-74.99962615966797,-75.06078338623047,-74.98612976074219,-499.6630554199219,-374.9949645996094
1.7758758503999296e+18,-375.0331726074219,-1251.1202392578125,-374.7511291503906,-74.97503662109375,-75.01158905029297,-75.05996704101562,-499.8271179199219,-374.6874084472656
1.7758758504009295e+18,-375.0331726074219,-1250.40283203125,-375.3045959472656,-75.04267120361328,-75.0423355102539,-75.05996704101562,-500.3603210449219,-375.0257263183594
1.7758758504019295e+18,-374.8180847167969,-1250.812744140625,-375.05859375,-74.96273803710938,-74.91934204101562,-74.98612976074219,-500.0732116699219,-375.3025207519531
1.7758758504029297e+18,-374.787353515625,-1249.5830078125,-375.1200866699219,-74.97503662109375,-74.94393920898438,-75.03535461425781,-499.9911804199219,-374.8719482421875
1.7758758504039296e+18,-374.8795471191406,-1250.40283203125,-374.7511291503906,-74.94429016113281,-75.03003692626953,-75.0107421875,-499.8271179199219,-374.8104248046875
1.7758758504049295e+18,-374.84881591796875,-1249.7879638671875,-375.3353271484375,-75.01192474365234,-74.95623779296875,-74.98612976074219,-500.48333740234375,-374.7489318847656
1.7758758504059295e+18,-375.1867980957031,-1251.017822265625,-375.2738342285156,-75.01192474365234,-75.06078338623047,-75.04766082763672,-499.9911804199219,-374.62591552734375
1.7758758504069297e+18,-374.9102783203125,-1249.4805908203125,-374.8126220703125,-74.99347686767578,-75.06078338623047,-75.01689910888672,-500.0321960449219,-374.53363037109375
1.7758758504079296e+18,-375.3404541015625,-1250.812744140625,-375.05859375,-75.0365219116211,-75.0484848022461,-75.0230484008789,-500.48333740234375,-375.364013671875
1.7758758504089295e+18,-374.8180847167969,-1250.1978759765625,-374.9971008300781,-75.01192474365234,-75.01773834228516,-75.04766082763672,-500.4013366699219,-375.2102355957031
1.7758758504099295e+18,-375.0331726074219,-1250.1978759765625,-374.7511291503906,-74.96888732910156,-74.97468566894531,-74.94306182861328,-499.7450866699219,-374.7796936035156
1.7758758504109297e+18,-374.8180847167969,-1249.7879638671875,-375.3353271484375,-74.96888732910156,-74.97468566894531,-75.01689910888672,-499.7450866699219,-374.8104248046875
1.7758758504119296e+18,-374.6644592285156,-1250.915283203125,-374.9048767089844,-74.98118591308594,-75.05463409423828,-74.98612976074219,-499.6630554199219,-374.9949645996094
1.7758758504129295e+18,-374.6644592285156,-1250.40283203125,-375.05859375,-74.97503662109375,-75.00543975830078,-75.04766082763672,-499.7861022949219,-374.9642028808594
1.7758758504139295e+18,-375.15606689453125,-1251.017822265625,-374.93560791015625,-74.97503662109375,-74.97468566894531,-75.04766082763672,-500.1552429199219,-374.7181701660156
1.7758758504149297e+18,-374.7259216308594,-1249.3780517578125,-375.05859375,-75.04882049560547,-75.03618621826172,-74.97382354736328,-499.7450866699219,-374.9334411621094
1.7758758504159296e+18,-375.4018859863281,-1250.812744140625,-374.9971008300781,-74.96888732910156,-74.96853637695312,-74.97382354736328,-499.7040710449219,-374.5028991699219
1.7758758504169295e+18,-375.0946350097656,-1250.40283203125,-375.24310302734375,-75.00577545166016,-75.06078338623047,-75.04766082763672,-500.1552429199219,-375.425537109375
1.7758758504179295e+18,-374.7259216308594,-1249.7879638671875,-375.24310302734375,-75.02422332763672,-74.96853637695312,-74.98612976074219,-500.44232177734375,-375.2717590332031
1.7758758504189297e+18,-374.7259216308594,-1249.992919921875,-374.8741149902344,-74.94429016113281,-75.01773834228516,-75.0107421875,-499.8271179199219,-375.05645751953125
1.7758758504199296e+18,-375.3097229003906,-1249.5830078125,-374.93560791015625,-75.05496215820312,-74.9931411743164,-74.96151733398438,-499.9501647949219,-375.14874267578125
1.7758758504209295e+18,-375.00244140625,-1249.3780517578125,-374.6281433105469,-75.00577545166016,-75.01773834228516,-75.01689910888672,-499.7040710449219,-374.6874084472656
1.7758758504219295e+18,-375.1867980957031,-1250.812744140625,-375.24310302734375,-75.01192474365234,-74.9992904663086,-75.0107421875,-499.9501647949219,-374.7796936035156
1.7758758504229297e+18,-374.63372802734375,-1249.3780517578125,-375.0278625488281,-75.02422332763672,-74.95623779296875,-74.9676742553711,-500.0321960449219,-375.364013671875
1.7758758504239296e+18,-374.6029968261719,-1249.173095703125,-374.8126220703125,-74.950439453125,-74.95008850097656,-74.9676742553711,-499.4580078125,-374.7489318847656
1.7758758504249295e+18,-374.84881591796875,-1250.6077880859375,-375.05859375,-74.97503662109375,-74.93778991699219,-75.00459289550781,-500.2372741699219,-374.7796936035156
1.7758758504259295e+18,-375.06390380859375,-1249.7879638671875,-374.6281433105469,-74.9873275756836,-75.03003692626953,-74.9676742553711,-499.4580078125,-375.17950439453125
1.7758758504269297e+18,-374.6951904296875,-1250.40283203125,-375.1508483886719,-74.96888732910156,-74.92549133300781,-74.98612976074219,-500.1552429199219,-375.333251953125
1.7758758504279296e+18,-375.37115478515625,-1250.40283203125,-375.4275817871094,-75.04267120361328,-75.02388763427734,-75.04766082763672,-500.4013366699219,-375.14874267578125
1.7758758504289295e+18,-375.3404541015625,-1250.50537109375,-374.96636962890625,-74.97503662109375,-74.96853637695312,-74.97382354736328,-499.5810546875,-374.5028991699219
1.7758758504299295e+18,-375.06390380859375,-1251.017822265625,-375.24310302734375,-74.9873275756836,-74.96238708496094,-74.92459869384766,-499.7861022949219,-375.11798095703125
1.7758758504309297e+18,-374.94097900390625,-1249.4805908203125,-374.9971008300781,-74.97503662109375,-74.96853637695312,-75.0107421875,-500.0321960449219,-375.364013671875
1.7758758504319296e+18,-374.7566223144531,-1249.992919921875,-375.3660888671875,-75.01192474365234,-74.95623779296875,-74.97998046875,-500.3193054199219,-375.394775390625
1.7758758504329295e+18,-374.7566223144531,-1248.86572265625,-374.9048767089844,-75.00577545166016,-75.03003692626953,-75.04151153564453,-500.1552429199219,-375.364013671875
1.7758758504339295e+18,-374.63372802734375,-1249.5830078125,-375.05859375,-74.99962615966797,-74.92549133300781,-74.98612976074219,-500.1962585449219,-374.8104248046875
1.7758758504349297e+18,-375.06390380859375,-1249.5830078125,-374.9048767089844,-75.04267120361328,-74.9808349609375,-74.9676742553711,-500.3193054199219,-375.2717590332031
1.7758758504359296e+18,-375.0946350097656,-1249.5830078125,-374.96636962890625,-75.04267120361328,-74.9992904663086,-74.9676742553711,-500.1962585449219,-375.364013671875
1.7758758504369295e+18,-374.9717102050781,-1251.017822265625,-374.96636962890625,-74.96888732910156,-75.00543975830078,-75.04766082763672,-499.6220397949219,-374.7489318847656
1.7758758504379295e+18,-374.787353515625,-1248.86572265625,-374.93560791015625,-75.00577545166016,-75.06693267822266,-75.03535461425781,-499.8271179199219,-374.62591552734375
1.7758758504389297e+18,-374.9717102050781,-1250.40283203125,-375.1816101074219,-75.0365219116211,-75.0423355102539,-74.98612976074219,-499.7450866699219,-374.6566467285156
1.7758758504399296e+18,-375.2482604980469,-1249.992919921875,-374.8126220703125,-75.0303726196289,-75.01158905029297,-74.96151733398438,-499.9911804199219,-375.2717590332031
1.7758758504409295e+18,-374.7566223144531,-1249.8905029296875,-375.21234130859375,-74.950439453125,-74.97468566894531,-75.0107421875,-499.8271179199219,-374.5028991699219
1.7758758504419295e+18,-375.3097229003906,-1250.1978759765625,-374.8126220703125,-74.96273803710938,-75.05463409423828,-75.0107421875,-499.7861022949219,-374.7489318847656
1.7758758504429297e+18,-374.6029968261719,-1249.7879638671875,-375.1508483886719,-74.96888732910156,-74.92549133300781,-75.01689910888672,-500.1552429199219,-374.6874084472656
1.7758758504439296e+18,-374.6029968261719,-1249.8905029296875,-375.1508483886719,-74.97503662109375,-74.93778991699219,-75.0230484008789,-500.0321960449219,-374.8104248046875
1.7758758504449295e+18,-375.4018859863281,-1251.017822265625,-375.05859375,-74.96273803710938,-74.94393920898438,-74.95536804199219,-499.8681335449219,-375.0257263183594
1.7758758504459295e+18,-374.84881591796875,-1250.3004150390625,-375.1508483886719,-75.01192474365234,-74.95623779296875,-74.95536804199219,-499.9091491699219,-375.2409973144531
1.7758758504469297e+18,-374.94097900390625,-1250.915283203125,-375.1816101074219,-74.97503662109375,-75.00543975830078,-75.05381774902344,-499.7861022949219,-374.7489318847656
1.7758758504479296e+18,-374.84881591796875,-1248.86572265625,-374.9971008300781,-75.01807403564453,-74.96238708496094,-74.93690490722656,-500.2372741699219,-375.05645751953125
1.7758758504489295e+18,-374.787353515625,-1250.095458984375,-375.3045959472656,-74.96273803710938,-74.96238708496094,-74.9984359741211,-500.2372741699219,-374.7181701660156
1.7758758504499295e+18,-375.1253662109375,-1249.992919921875,-374.7511291503906,-74.96888732910156,-74.96853637695312,-74.98612976074219,-500.3193054199219,-375.2102355957031
1.7758758504509297e+18,-375.00244140625,-1250.812744140625,-375.05859375,-74.97503662109375,-75.03618621826172,-75.04151153564453,-499.8681335449219,-374.7796936035156
1.7758758504519296e+18,-375.0946350097656,-1250.7103271484375,-375.1816101074219,-75.04267120361328,-75.01158905029297,-74.97998046875,-499.6630554199219,-374.53363037109375
1.7758758504529295e+18,-375.15606689453125,-1249.4805908203125,-374.7818908691406,-74.95658874511719,-74.9992904663086,-75.0230484008789,-500.1552429199219,-374.8719482421875
1.7758758504539295e+18,-375.0331726074219,-1248.86572265625,-375.1508483886719,-75.01192474365234,-74.96238708496094,-75.0107421875,-500.3193054199219,-374.7489318847656
1.7758758504549297e+18,-374.8180847167969,-1250.095458984375,-375.3045959472656,-74.9873275756836,-74.96853637695312,-75.04151153564453,-500.0732116699219,-374.6874084472656
1.7758758504559296e+18,-375.217529296875,-1249.4805908203125,-374.93560791015625,-75.0365219116211,-75.0423355102539,-74.95536804199219,-499.8271179199219,-375.2409973144531
1.7758758504569295e+18,-375.4326171875,-1249.3780517578125,-374.8126220703125,-75.01807403564453,-74.9992904663086,-74.94306182861328,-499.9911804199219,-375.17950439453125
1.7758758504579295e+18,-374.787353515625,-1249.992919921875,-375.2738342285156,-74.9873275756836,-74.97468566894531,-75.0230484008789,-500.44232177734375,-374.8104248046875
1.7758758504589297e+18,-375.217529296875,-1250.7103271484375,-375.08935546875,-74.9873275756836,-74.95008850097656,-74.93690490722656,-499.5810546875,-374.7489318847656
1.7758758504599296e+18,-374.6951904296875,-1250.3004150390625,-375.1816101074219,-74.96888732910156,-74.931640625,-74.9676742553711,-500.1142272949219,-375.05645751953125
1.7758758504609295e+18,-375.3404541015625,-1249.8905029296875,-374.8433837890625,-75.02422332763672,-75.03618621826172,-74.95536804199219,-499.9501647949219,-375.425537109375
1.7758758504619295e+18,-374.94097900390625,-1250.50537109375,-374.8126220703125,-74.95658874511719,-75.03618621826172,-75.00459289550781,-499.8271179199219,-375.05645751953125
1.7758758504629297e+18,-374.8180847167969,-1250.6077880859375,-375.21234130859375,-74.96273803710938,-74.9992904663086,-75.05381774902344,-499.7450866699219,-374.7489318847656
1.7758758504639296e+18,-374.6029968261719,-1250.3004150390625,-375.1816101074219,-74.96273803710938,-74.92549133300781,-74.9922866821289,-500.2372741699219,-374.7489318847656
1.7758758504649295e+18,-375.3404541015625,-1250.915283203125,-374.93560791015625,-74.96888732910156,-74.931640625,-74.96151733398438,-499.9911804199219,-375.2409973144531
1.7758758504659295e+18,-375.217529296875,-1249.992919921875,-375.08935546875,-75.02422332763672,-74.9992904663086,-74.9984359741211,-500.1552429199219,-375.14874267578125
1.7758758504669297e+18,-374.787353515625,-1249.3780517578125,-374.597412109375,-74.9873275756836,-75.01158905029297,-75.05381774902344,-500.4013366699219,-374.9642028808594
1.7758758504679296e+18,-374.787353515625,-1250.1978759765625,-374.8741149902344,-74.95658874511719,-75.01158905029297,-75.01689910888672,-499.7861022949219,-374.7796936035156
1.7758758504689295e+18,-374.9102783203125,-1250.40283203125,-374.7818908691406,-74.950439453125,-75.0423355102539,-74.9984359741211,-499.7861022949219,-375.05645751953125
1.7758758504699295e+18,-374.7566223144531,-1249.992919921875,-375.08935546875,-74.94429016113281,-75.00543975830078,-75.0230484008789,-499.7450866699219,-374.7489318847656
1.7758758504709297e+18,-375.00244140625,-1251.017822265625,-374.9048767089844,-74.96273803710938,-75.00543975830078,-75.04151153564453,-499.5810546875,-374.8104248046875
1.7758758504719296e+18,-375.15606689453125,-1249.275634765625,-374.9971008300781,-75.04882049560547,-74.97468566894531,-74.9676742553711,-500.0321960449219,-375.05645751953125
1.7758758504729295e+18,-375.4018859863281,-1251.017822265625,-375.08935546875,-75.02422332763672,-75.01158905029297,-74.97998046875,-499.5810546875,-374.6566467285156
1.7758758504739295e+18,-375.2482604980469,-1250.40283203125,-375.2738342285156,-74.99962615966797,-74.97468566894531,-74.9676742553711,-499.4990234375,-374.9334411621094
1.7758758504749297e+18,-374.94097900390625,-1251.017822265625,-374.93560791015625,-74.97503662109375,-74.9992904663086,-75.04151153564453,-499.6220397949219,-374.8411865234375
1.7758758504759296e+18,-375.1867980957031,-1249.3780517578125,-375.0278625488281,-75.04267120361328,-74.98699188232422,-74.9676742553711,-499.9911804199219,-375.2102355957031
1.7758758504769295e+18,-375.00244140625,-1250.812744140625,-374.6281433105469,-74.98118591308594,-75.02388763427734,-74.9676742553711,-499.5810546875,-375.2717590332031
1.7758758504779295e+18,-374.9102783203125,-1249.4805908203125,-375.3045959472656,-74.9873275756836,-74.97468566894531,-75.03535461425781,-500.1552429199219,-374.6874084472656
1.7758758504789297e+18,-374.63372802734375,-1249.5830078125,-375.08935546875,-74.9873275756836,-74.93778991699219,-74.9984359741211,-500.0732116699219,-374.8719482421875
1.7758758504799296e+18,-374.9717102050781,-1249.173095703125,-374.72039794921875,-74.95658874511719,-74.97468566894531,-74.93690490722656,-499.9091491699219,-375.14874267578125
1.7758758504809295e+18,-374.572265625,-1249.5830078125,-375.1200866699219,-75.01807403564453,-75.01158905029297,-75.0230484008789,-500.2372741699219,-375.11798095703125
1.7758758504819295e+18,-374.8795471191406,-1249.3780517578125,-374.93560791015625,-75.00577545166016,-75.01158905029297,-74.9984359741211,-500.2372741699219,-375.05645751953125
1.7758758504829294e+18,-374.787353515625,-1249.685546875,-375.3045959472656,-75.02422332763672,-74.96238708496094,-74.98612976074219,-500.4013366699219,-374.9642028808594
1.7758758504839293e+18,-375.1253662109375,-1250.095458984375,-374.6281433105469,-74.98118591308594,-75.01158905029297,-74.98612976074219,-499.4169921875,-374.8411865234375
1.7758758504849293e+18,-374.7259216308594,-1248.76318359375,-374.8126220703125,-74.99962615966797,-75.06078338623047,-75.04766082763672,-499.9911804199219,-374.6566467285156
1.7758758504859292e+18,-375.1253662109375,-1250.7103271484375,-375.1508483886719,-75.01192474365234,-74.96853637695312,-74.95536804199219,-499.7450866699219,-374.9949645996094
1.7758758504869294e+18,-375.4326171875,-1251.017822265625,-375.1200866699219,-75.00577545166016,-75.00543975830078,-74.9676742553711,-499.7450866699219,-374.5028991699219
1.7758758504879293e+18,-374.5415344238281,-1249.685546875,-375.1200866699219,-75.04267120361328,-75.00543975830078,-74.96151733398438,-499.7040710449219,-374.8411865234375
1.7758758504889293e+18,-374.787353515625,-1249.173095703125,-375.21234130859375,-75.01807403564453,-74.97468566894531,-74.9676742553711,-500.4013366699219,-375.0257263183594
1.7758758504899292e+18,-375.27899169921875,-1249.992919921875,-374.8126220703125,-75.02422332763672,-75.03003692626953,-74.95536804199219,-499.9911804199219,-375.425537109375
1.7758758504909292e+18,-375.06390380859375,-1251.017822265625,-374.8433837890625,-74.96273803710938,-74.9992904663086,-75.04766082763672,-499.7861022949219,-374.6874084472656
1.775875850491929e+18,-374.7566223144531,-1250.095458984375,-375.3660888671875,-74.98118591308594,-74.95008850097656,-75.00459289550781,-500.48333740234375,-375.05645751953125
1.775875850492929e+18,-374.63372802734375,-1249.5830078125,-375.1200866699219,-74.99962615966797,-74.931640625,-74.98612976074219,-500.1962585449219,-374.7796936035156
1.775875850493929e+18,-375.3404541015625,-1250.915283203125,-375.1816101074219,-75.00577545166016,-74.98699188232422,-74.97998046875,-499.7450866699219,-374.56439208984375
1.775875850494929e+18,-374.94097900390625,-1250.3004150390625,-375.3968200683594,-75.0365219116211,-74.9931411743164,-74.95536804199219,-499.4580078125,-374.8719482421875
1.7758758504959288e+18,-374.7259216308594,-1250.812744140625,-374.93560791015625,-74.99347686767578,-75.0484848022461,-75.03535461425781,-499.7040710449219,-374.9642028808594
1.7758758504969288e+18,-375.1253662109375,-1248.9681396484375,-374.9971008300781,-75.01192474365234,-74.9808349609375,-74.98612976074219,-500.4013366699219,-374.8719482421875
1.7758758504979287e+18,-374.8795471191406,-1248.86572265625,-375.1200866699219,-75.01192474365234,-74.9808349609375,-74.97382354736328,-500.44232177734375,-374.9642028808594
1.7758758504989286e+18,-374.7566223144531,-1250.1978759765625,-375.0278625488281,-74.950439453125,-74.98699188232422,-75.0230484008789,-499.7450866699219,-374.56439208984375
1.7758758504999286e+18,-374.94097900390625,-1250.812744140625,-374.93560791015625,-74.97503662109375,-75.02388763427734,-75.04766082763672,-499.7040710449219,-374.9334411621094
1.7758758505009288e+18,-374.9102783203125,-1249.173095703125,-374.566650390625,-74.96888732910156,-75.01158905029297,-75.03535461425781,-500.4013366699219,-375.17950439453125
1.7758758505019287e+18,-374.63372802734375,-1249.3780517578125,-375.0278625488281,-75.04882049560547,-75.02388763427734,-74.97382354736328,-499.7450866699219,-374.7489318847656
1.7758758505029286e+18,-375.06390380859375,-1250.1978759765625,-374.6589050292969,-74.99962615966797,-75.03003692626953,-74.97382354736328,-499.8681335449219,-375.364013671875
1.7758758505039286e+18,-374.9717102050781,-1251.1202392578125,-374.8741149902344,-74.96888732910156,-74.9992904663086,-75.00459289550781,-499.4990234375,-374.9642028808594
1.7758758505049285e+18,-374.787353515625,-1248.9681396484375,-375.08935546875,-75.01192474365234,-74.95008850097656,-74.92459869384766,-499.7861022949219,-375.05645751953125
1.7758758505059284e+18,-375.1867980957031,-1249.7879638671875,-374.72039794921875,-74.94429016113281,-74.95008850097656,-74.97382354736328,-499.6630554199219,-374.8719482421875
1.7758758505069284e+18,-374.9102783203125,-1250.3004150390625,-375.0278625488281,-74.99962615966797,-75.01773834228516,-75.04151153564453,-500.2782897949219,-375.14874267578125
1.7758758505079283e+18,-374.63372802734375,-1249.173095703125,-374.8126220703125,-74.94429016113281,-74.95623779296875,-74.9676742553711,-499.4990234375,-374.8104248046875
1.7758758505089283e+18,-375.0331726074219,-1250.095458984375,-375.08935546875,-74.99347686767578,-75.01158905029297,-75.03535461425781,-499.9911804199219,-375.11798095703125
1.7758758505099282e+18,-374.63372802734375,-1249.4805908203125,-375.05859375,-75.01192474365234,-75.03003692626953,-75.01689910888672,-500.52435302734375,-375.333251953125
1.7758758505109281e+18,-375.37115478515625,-1249.992919921875,-374.7818908691406,-74.99347686767578,-75.01773834228516,-74.93690490722656,-499.9091491699219,-375.2102355957031
1.775875850511928e+18,-374.84881591796875,-1250.6077880859375,-375.3045959472656,-74.9873275756836,-74.97468566894531,-75.0230484008789,-500.3193054199219,-374.8104248046875
1.775875850512928e+18,-375.0331726074219,-1250.915283203125,-374.93560791015625,-74.97503662109375,-75.03618621826172,-75.03535461425781,-499.7450866699219,-374.9334411621094
1.7758758505139282e+18,-375.1867980957031,-1249.173095703125,-374.566650390625,-75.00577545166016,-75.02388763427734,-74.96151733398438,-499.4169921875,-375.11798095703125
1.775875850514928e+18,-374.6951904296875,-1250.095458984375,-375.1200866699219,-75.05496215820312,-75.06078338623047,-74.9922866821289,-499.4990234375,-374.56439208984375
1.775875850515928e+18,-375.217529296875,-1250.40283203125,-375.1816101074219,-74.99962615966797,-75.02388763427734,-74.98612976074219,-499.9091491699219,-375.0257263183594
1.775875850516928e+18,-375.1253662109375,-1251.1202392578125,-375.2738342285156,-74.99962615966797,-74.95008850097656,-74.93075561523438,-499.7450866699219,-375.08721923828125
1.775875850517928e+18,-375.00244140625,-1251.017822265625,-374.7511291503906,-74.97503662109375,-75.02388763427734,-74.96151733398438,-499.5810546875,-375.2717590332031
1.775875850518928e+18,-375.00244140625,-1250.812744140625,-374.68963623046875,-74.9873275756836,-75.02388763427734,-74.9676742553711,-499.5810546875,-375.2717590332031
1.7758758505199278e+18,-374.8180847167969,-1250.7103271484375,-375.24310302734375,-74.96888732910156,-74.9992904663086,-75.05381774902344,-499.7450866699219,-374.7489318847656
1.7758758505209277e+18,-374.9102783203125,-1250.812744140625,-375.08935546875,-74.96273803710938,-74.92549133300781,-74.97998046875,-500.1962585449219,-374.9642028808594
1.7758758505219277e+18,-374.9717102050781,-1249.173095703125,-374.72039794921875,-74.96888732910156,-74.96853637695312,-74.93690490722656,-499.8271179199219,-375.11798095703125
1.7758758505229276e+18,-375.3404541015625,-1250.50537109375,-375.3045959472656,-75.00577545166016,-74.98699188232422,-74.94921112060547,-499.4580078125,-374.7489318847656
1.7758758505239276e+18,-374.9102783203125,-1250.40283203125,-375.3353271484375,-75.00577545166016,-74.96238708496094,-74.93075561523438,-499.9091491699219,-375.11798095703125
1.7758758505249275e+18,-375.15606689453125,-1249.5830078125,-374.7818908691406,-75.0303726196289,-75.01158905029297,-74.97382354736328,-499.8681335449219,-375.364013671875
1.7758758505259274e+18,-375.2482604980469,-1249.275634765625,-374.96636962890625,-75.0365219116211,-75.0484848022461,-74.96151733398438,-499.9091491699219,-375.3025207519531
1.7758758505269274e+18,-375.3404541015625,-1250.40283203125,-374.7818908691406,-74.99347686767578,-75.06078338623047,-74.97998046875,-499.7040710449219,-375.05645751953125
1.7758758505279276e+18,-374.572265625,-1249.7879638671875,-375.1200866699219,-74.97503662109375,-74.96238708496094,-75.04151153564453,-499.9911804199219,-374.8104248046875
1.7758758505289275e+18,-374.7566223144531,-1250.1978759765625,-375.08935546875,-74.95658874511719,-74.97468566894531,-75.0230484008789,-499.7040710449219,-374.56439208984375
1.7758758505299274e+18,-375.4326171875,-1250.812744140625,-375.1200866699219,-75.0365219116211,-75.05463409423828,-75.0107421875,-500.48333740234375,-375.394775390625
1.7758758505309274e+18,-374.9102783203125,-1249.275634765625,-374.8741149902344,-74.9873275756836,-74.96238708496094,-74.97998046875,-500.0321960449219,-374.9642028808594
1.7758758505319273e+18,-374.7259216308594,-1249.275634765625,-374.96636962890625,-75.0303726196289,-75.0484848022461,-74.9676742553711,-499.7861022949219,-374.9642028808594
1.7758758505329272e+18,-374.572265625,-1249.8905029296875,-375.21234130859375,-74.96888732910156,-74.93778991699219,-74.9984359741211,-500.2372741699219,-374.7181701660156
1.7758758505339272e+18,-375.3404541015625,-1249.7879638671875,-374.8126220703125,-74.99962615966797,-75.05463409423828,-74.9984359741211,-499.7450866699219,-374.9949645996094
1.775875850534927e+18,-375.2482604980469,-1248.9681396484375,-374.8433837890625,-75.01192474365234,-74.97468566894531,-74.93690490722656,-500.1962585449219,-375.17950439453125
1.775875850535927e+18,-375.2482604980469,-1250.6077880859375,-374.8126220703125,-74.9873275756836,-75.0484848022461,-75.04766082763672,-499.7040710449219,-374.9642028808594
1.775875850536927e+18,-375.27899169921875,-1249.7879638671875,-374.7511291503906,-74.93814086914062,-74.96853637695312,-74.9984359741211,-500.1142272949219,-375.2717590332031
1.775875850537927e+18,-375.00244140625,-1249.173095703125,-374.597412109375,-74.96888732910156,-75.01158905029297,-75.05996704101562,-500.1552429199219,-374.7489318847656
1.7758758505389268e+18,-375.217529296875,-1249.275634765625,-374.93560791015625,-75.00577545166016,-74.931640625,-74.97998046875,-500.1552429199219,-374.6874084472656
1.7758758505399268e+18,-374.787353515625,-1249.275634765625,-375.1816101074219,-75.00577545166016,-74.97468566894531,-74.9922866821289,-500.44232177734375,-374.9949645996094
1.775875850540927e+18,-374.5415344238281,-1249.4805908203125,-375.05859375,-75.0365219116211,-75.0423355102539,-75.02920532226562,-500.3193054199219,-375.17950439453125
1.775875850541927e+18,-374.787353515625,-1249.0706787109375,-374.68963623046875,-74.96273803710938,-74.95008850097656,-74.93690490722656,-499.7040710449219,-374.53363037109375
1.7758758505429268e+18,-374.84881591796875,-1248.9681396484375,-374.8741149902344,-74.98118591308594,-74.93778991699219,-74.94306182861328,-499.7450866699219,-374.5028991699219
1.7758758505439268e+18,-374.84881591796875,-1248.76318359375,-374.6589050292969,-74.97503662109375,-74.96238708496094,-74.93075561523438,-499.7040710449219,-375.05645751953125
1.7758758505449267e+18,-374.6951904296875,-1250.1978759765625,-375.1200866699219,-75.02422332763672,-74.95623779296875,-74.9676742553711,-500.0321960449219,-375.425537109375
1.7758758505459267e+18,-375.0331726074219,-1249.5830078125,-374.9971008300781,-75.04882049560547,-74.96853637695312,-74.9922866821289,-500.44232177734375,-374.8104248046875
1.7758758505469266e+18,-374.7566223144531,-1248.76318359375,-374.9971008300781,-75.01807403564453,-74.96238708496094,-74.93690490722656,-500.2372741699219,-375.08721923828125
1.7758758505479265e+18,-374.94097900390625,-1250.40283203125,-374.8433837890625,-74.950439453125,-74.9931411743164,-75.0230484008789,-499.7040710449219,-374.53363037109375
1.7758758505489265e+18,-375.3404541015625,-1249.992919921875,-374.8126220703125,-74.99962615966797,-75.06078338623047,-74.9984359741211,-499.7450866699219,-375.11798095703125
1.7758758505499264e+18,-375.2482604980469,-1250.1978759765625,-374.8126220703125,-74.950439453125,-75.00543975830078,-75.0230484008789,-499.8271179199219,-374.53363037109375
1.7758758505509263e+18,-375.3097229003906,-1249.992919921875,-374.68963623046875,-74.96888732910156,-74.95008850097656,-74.9676742553711,-499.5400390625,-374.7796936035156
1.7758758505519263e+18,-375.00244140625,-1250.1978759765625,-375.4275817871094,-75.02422332763672,-74.98699188232422,-74.9676742553711,-499.8681335449219,-375.3025207519531
1.7758758505529262e+18,-375.06390380859375,-1249.275634765625,-375.0278625488281,-74.9873275756836,-74.92549133300781,-74.9984359741211,-500.1962585449219,-374.8719482421875
